13:26:41.471 - INFO - UTILS - version=1.9.3
13:26:41.471 - INFO - UTILS - developer: Oliver Schwengers, github.com/oschwengers
13:26:41.471 - INFO - UTILS - command: /mount/britton/Jose/conda-envs/bakta_env/bin/bakta --db /mount/britton/leap/dbs/bakta/db --output /mount/britton/Jose/Jobs/Jason/2026-05-19-BAKTA-Annotation-Pseudo-Strain/workflow-output/bakta/GCA_943193085.1_Oscillospiraceae_gen_nov_DSM112226_genomic --force GCA_943193085.1_Oscillospiraceae_gen_nov_DSM112226_genomic.fasta
13:26:41.471 - INFO - UTILS - local time: 2026-05-24 13:26:41
13:26:41.523 - INFO - UTILS - machine: type=, cores=64
13:26:41.523 - INFO - UTILS - system: type=Linux, release=3.10.0-1160.119.1.el7.x86_64
13:26:41.523 - INFO - UTILS - python: version=3.10.6, implementation=CPython
13:26:41.523 - INFO - CONFIG - threads=2
13:26:41.523 - INFO - CONFIG - verbose=False
13:26:41.523 - INFO - CONFIG - debug=False
13:26:41.596 - INFO - CONFIG - database: type=parameter, path=/mount/britton/leap/dbs/bakta/db
13:26:41.596 - INFO - CONFIG - tmp-path=/tmp/slurm-687210/tmptyhms82b
13:26:41.597 - INFO - CONFIG - genome-path=/mount/britton/Jose/Jobs/Jason/2026-05-19-BAKTA-Annotation-Pseudo-Strain/data/GCA_943193085.1_Oscillospiraceae_gen_nov_DSM112226_genomic.fasta
13:26:41.597 - INFO - CONFIG - min_contig_length=1
13:26:41.597 - INFO - CONFIG - prefix=GCA_943193085.1_Oscillospiraceae_gen_nov_DSM112226_genomic
13:26:41.597 - INFO - CONFIG - output-path=/mount/britton/Jose/Jobs/Jason/2026-05-19-BAKTA-Annotation-Pseudo-Strain/workflow-output/bakta/GCA_943193085.1_Oscillospiraceae_gen_nov_DSM112226_genomic
13:26:41.597 - INFO - CONFIG - force=True
13:26:41.597 - INFO - CONFIG - genus=None
13:26:41.597 - INFO - CONFIG - species=None
13:26:41.597 - INFO - CONFIG - strain=None
13:26:41.597 - INFO - CONFIG - plasmid=None
13:26:41.597 - INFO - CONFIG - complete=False
13:26:41.597 - INFO - CONFIG - prodigal_tf=None
13:26:41.597 - INFO - CONFIG - translation_table=11
13:26:41.598 - INFO - CONFIG - gram=?
13:26:41.598 - INFO - CONFIG - compliant=False
13:26:41.598 - INFO - CONFIG - meta=False
13:26:41.598 - INFO - CONFIG - locus=None
13:26:41.598 - INFO - CONFIG - locus-tag=None
13:26:41.598 - INFO - CONFIG - keep_contig_headers=False
13:26:41.598 - INFO - CONFIG - replicon-table=None
13:26:41.598 - INFO - CONFIG - regions=None
13:26:41.598 - INFO - CONFIG - skip-tRNA=False
13:26:41.598 - INFO - CONFIG - skip-tmRNA=False
13:26:41.598 - INFO - CONFIG - skip-rRNA=False
13:26:41.598 - INFO - CONFIG - skip-ncRNA=False
13:26:41.598 - INFO - CONFIG - skip-ncRNA-region=False
13:26:41.598 - INFO - CONFIG - skip-CRISPR=False
13:26:41.598 - INFO - CONFIG - skip-CDS=False
13:26:41.598 - INFO - CONFIG - skip-pseudo=False
13:26:41.598 - INFO - CONFIG - skip-sORF=False
13:26:41.598 - INFO - CONFIG - skip-gap=False
13:26:41.598 - INFO - CONFIG - skip-ori=False
13:26:41.598 - INFO - CONFIG - skip-plot=False
13:26:41.653 - INFO - DB - detected: major=5, minor=1, type=full, date=2024-01-19
13:26:43.332 - INFO - UTILS - dependency: tool=tRNAscan-SE, version=v2.0.12, path=/mount/britton/Jose/conda-envs/bakta_env/bin/tRNAscan-SE
13:26:43.365 - INFO - UTILS - dependency: tool=Aragorn, version=v1.2.41, path=/mount/britton/Jose/conda-envs/bakta_env/bin/aragorn
13:26:43.425 - INFO - UTILS - dependency: tool=CMscan, version=v1.1.5, path=/mount/britton/Jose/conda-envs/bakta_env/bin/cmscan
13:26:43.462 - INFO - UTILS - dependency: tool=PilerCR, version=v1.6.0, path=/mount/britton/Jose/conda-envs/bakta_env/bin/pilercr
13:26:44.096 - INFO - UTILS - dependency: tool=Pyrodigal, version=v3.4.1, path=/mount/britton/Jose/conda-envs/bakta_env/bin/pyrodigal
13:26:44.147 - INFO - UTILS - dependency: tool=AMRFinderPlus, version=v3.12.8, path=/mount/britton/Jose/conda-envs/bakta_env/bin/amrfinder
13:26:44.393 - INFO - UTILS - dependency: tool=Pyhmmer, version=v0.10.12, path=/share/apps/anaconda3/2023.03-1/bin/python
13:26:44.503 - INFO - UTILS - dependency: tool=Diamond, version=v2.1.8, path=/mount/britton/Jose/conda-envs/bakta_env/bin/diamond
13:26:46.992 - INFO - UTILS - dependency: tool=Blastn, version=v2.15.0, path=/mount/britton/Jose/conda-envs/bakta_env/bin/blastn
13:26:50.187 - INFO - UTILS - dependency: tool=Circos, version=v0.69.8, path=/mount/britton/Jose/conda-envs/bakta_env/bin/circos
13:26:50.359 - INFO - FASTA - imported: id=CALPCU010000001.1, length=235856, description=Vermiculatibacterium sp. DSM 112226 isolate Oscillospiraceae_gen_nov_DSM112226 genome assembly, contig: NODE_1_length_235856_cov_43.834205, whole genome shotgun sequence, genomic=True, dna=True
13:26:50.362 - INFO - FASTA - imported: id=CALPCU010000002.1, length=150694, description=Vermiculatibacterium sp. DSM 112226 isolate Oscillospiraceae_gen_nov_DSM112226 genome assembly, contig: NODE_2_length_150694_cov_42.760140, whole genome shotgun sequence, genomic=True, dna=True
13:26:50.366 - INFO - FASTA - imported: id=CALPCU010000003.1, length=131431, description=Vermiculatibacterium sp. DSM 112226 isolate Oscillospiraceae_gen_nov_DSM112226 genome assembly, contig: NODE_3_length_131431_cov_43.181921, whole genome shotgun sequence, genomic=True, dna=True
13:26:50.368 - INFO - FASTA - imported: id=CALPCU010000004.1, length=123748, description=Vermiculatibacterium sp. DSM 112226 isolate Oscillospiraceae_gen_nov_DSM112226 genome assembly, contig: NODE_4_length_123748_cov_42.961786, whole genome shotgun sequence, genomic=True, dna=True
13:26:50.371 - INFO - FASTA - imported: id=CALPCU010000005.1, length=97514, description=Vermiculatibacterium sp. DSM 112226 isolate Oscillospiraceae_gen_nov_DSM112226 genome assembly, contig: NODE_5_length_97514_cov_41.258926, whole genome shotgun sequence, genomic=True, dna=True
13:26:50.373 - INFO - FASTA - imported: id=CALPCU010000006.1, length=90250, description=Vermiculatibacterium sp. DSM 112226 isolate Oscillospiraceae_gen_nov_DSM112226 genome assembly, contig: NODE_6_length_90250_cov_43.233385, whole genome shotgun sequence, genomic=True, dna=True
13:26:50.375 - INFO - FASTA - imported: id=CALPCU010000007.1, length=89069, description=Vermiculatibacterium sp. DSM 112226 isolate Oscillospiraceae_gen_nov_DSM112226 genome assembly, contig: NODE_7_length_89069_cov_40.073568, whole genome shotgun sequence, genomic=True, dna=True
13:26:50.377 - INFO - FASTA - imported: id=CALPCU010000008.1, length=87655, description=Vermiculatibacterium sp. DSM 112226 isolate Oscillospiraceae_gen_nov_DSM112226 genome assembly, contig: NODE_8_length_87655_cov_41.883133, whole genome shotgun sequence, genomic=True, dna=True
13:26:50.378 - INFO - FASTA - imported: id=CALPCU010000009.1, length=77294, description=Vermiculatibacterium sp. DSM 112226 isolate Oscillospiraceae_gen_nov_DSM112226 genome assembly, contig: NODE_9_length_77294_cov_51.584237, whole genome shotgun sequence, genomic=True, dna=True
13:26:50.380 - INFO - FASTA - imported: id=CALPCU010000010.1, length=74117, description=Vermiculatibacterium sp. DSM 112226 isolate Oscillospiraceae_gen_nov_DSM112226 genome assembly, contig: NODE_10_length_74117_cov_40.335116, whole genome shotgun sequence, genomic=True, dna=True
13:26:50.382 - INFO - FASTA - imported: id=CALPCU010000011.1, length=72961, description=Vermiculatibacterium sp. DSM 112226 isolate Oscillospiraceae_gen_nov_DSM112226 genome assembly, contig: NODE_11_length_72961_cov_40.115128, whole genome shotgun sequence, genomic=True, dna=True
13:26:50.383 - INFO - FASTA - imported: id=CALPCU010000012.1, length=71196, description=Vermiculatibacterium sp. DSM 112226 isolate Oscillospiraceae_gen_nov_DSM112226 genome assembly, contig: NODE_12_length_71196_cov_44.229573, whole genome shotgun sequence, genomic=True, dna=True
13:26:50.385 - INFO - FASTA - imported: id=CALPCU010000013.1, length=69839, description=Vermiculatibacterium sp. DSM 112226 isolate Oscillospiraceae_gen_nov_DSM112226 genome assembly, contig: NODE_13_length_69839_cov_43.730527, whole genome shotgun sequence, genomic=True, dna=True
13:26:50.386 - INFO - FASTA - imported: id=CALPCU010000014.1, length=65376, description=Vermiculatibacterium sp. DSM 112226 isolate Oscillospiraceae_gen_nov_DSM112226 genome assembly, contig: NODE_14_length_65376_cov_43.579810, whole genome shotgun sequence, genomic=True, dna=True
13:26:50.388 - INFO - FASTA - imported: id=CALPCU010000015.1, length=58627, description=Vermiculatibacterium sp. DSM 112226 isolate Oscillospiraceae_gen_nov_DSM112226 genome assembly, contig: NODE_15_length_58627_cov_40.295201, whole genome shotgun sequence, genomic=True, dna=True
13:26:50.389 - INFO - FASTA - imported: id=CALPCU010000016.1, length=50153, description=Vermiculatibacterium sp. DSM 112226 isolate Oscillospiraceae_gen_nov_DSM112226 genome assembly, contig: NODE_16_length_50153_cov_39.308771, whole genome shotgun sequence, genomic=True, dna=True
13:26:50.390 - INFO - FASTA - imported: id=CALPCU010000017.1, length=46678, description=Vermiculatibacterium sp. DSM 112226 isolate Oscillospiraceae_gen_nov_DSM112226 genome assembly, contig: NODE_17_length_46678_cov_45.158516, whole genome shotgun sequence, genomic=True, dna=True
13:26:50.391 - INFO - FASTA - imported: id=CALPCU010000018.1, length=43125, description=Vermiculatibacterium sp. DSM 112226 isolate Oscillospiraceae_gen_nov_DSM112226 genome assembly, contig: NODE_18_length_43125_cov_41.616568, whole genome shotgun sequence, genomic=True, dna=True
13:26:50.392 - INFO - FASTA - imported: id=CALPCU010000019.1, length=40786, description=Vermiculatibacterium sp. DSM 112226 isolate Oscillospiraceae_gen_nov_DSM112226 genome assembly, contig: NODE_19_length_40786_cov_42.729372, whole genome shotgun sequence, genomic=True, dna=True
13:26:50.393 - INFO - FASTA - imported: id=CALPCU010000020.1, length=39756, description=Vermiculatibacterium sp. DSM 112226 isolate Oscillospiraceae_gen_nov_DSM112226 genome assembly, contig: NODE_20_length_39756_cov_42.126515, whole genome shotgun sequence, genomic=True, dna=True
13:26:50.393 - INFO - FASTA - imported: id=CALPCU010000021.1, length=35647, description=Vermiculatibacterium sp. DSM 112226 isolate Oscillospiraceae_gen_nov_DSM112226 genome assembly, contig: NODE_21_length_35647_cov_41.794265, whole genome shotgun sequence, genomic=True, dna=True
13:26:50.394 - INFO - FASTA - imported: id=CALPCU010000022.1, length=35212, description=Vermiculatibacterium sp. DSM 112226 isolate Oscillospiraceae_gen_nov_DSM112226 genome assembly, contig: NODE_22_length_35212_cov_39.352213, whole genome shotgun sequence, genomic=True, dna=True
13:26:50.395 - INFO - FASTA - imported: id=CALPCU010000023.1, length=34552, description=Vermiculatibacterium sp. DSM 112226 isolate Oscillospiraceae_gen_nov_DSM112226 genome assembly, contig: NODE_23_length_34552_cov_48.248644, whole genome shotgun sequence, genomic=True, dna=True
13:26:50.396 - INFO - FASTA - imported: id=CALPCU010000024.1, length=32131, description=Vermiculatibacterium sp. DSM 112226 isolate Oscillospiraceae_gen_nov_DSM112226 genome assembly, contig: NODE_24_length_32131_cov_40.733450, whole genome shotgun sequence, genomic=True, dna=True
13:26:50.396 - INFO - FASTA - imported: id=CALPCU010000025.1, length=26478, description=Vermiculatibacterium sp. DSM 112226 isolate Oscillospiraceae_gen_nov_DSM112226 genome assembly, contig: NODE_25_length_26478_cov_43.365289, whole genome shotgun sequence, genomic=True, dna=True
13:26:50.397 - INFO - FASTA - imported: id=CALPCU010000026.1, length=25963, description=Vermiculatibacterium sp. DSM 112226 isolate Oscillospiraceae_gen_nov_DSM112226 genome assembly, contig: NODE_26_length_25963_cov_41.284478, whole genome shotgun sequence, genomic=True, dna=True
13:26:50.397 - INFO - FASTA - imported: id=CALPCU010000027.1, length=23785, description=Vermiculatibacterium sp. DSM 112226 isolate Oscillospiraceae_gen_nov_DSM112226 genome assembly, contig: NODE_27_length_23785_cov_41.361060, whole genome shotgun sequence, genomic=True, dna=True
13:26:50.398 - INFO - FASTA - imported: id=CALPCU010000028.1, length=23698, description=Vermiculatibacterium sp. DSM 112226 isolate Oscillospiraceae_gen_nov_DSM112226 genome assembly, contig: NODE_28_length_23698_cov_40.498666, whole genome shotgun sequence, genomic=True, dna=True
13:26:50.399 - INFO - FASTA - imported: id=CALPCU010000029.1, length=23543, description=Vermiculatibacterium sp. DSM 112226 isolate Oscillospiraceae_gen_nov_DSM112226 genome assembly, contig: NODE_29_length_23543_cov_40.532217, whole genome shotgun sequence, genomic=True, dna=True
13:26:50.399 - INFO - FASTA - imported: id=CALPCU010000030.1, length=22108, description=Vermiculatibacterium sp. DSM 112226 isolate Oscillospiraceae_gen_nov_DSM112226 genome assembly, contig: NODE_30_length_22108_cov_52.907993, whole genome shotgun sequence, genomic=True, dna=True
13:26:50.400 - INFO - FASTA - imported: id=CALPCU010000031.1, length=20597, description=Vermiculatibacterium sp. DSM 112226 isolate Oscillospiraceae_gen_nov_DSM112226 genome assembly, contig: NODE_31_length_20597_cov_41.349805, whole genome shotgun sequence, genomic=True, dna=True
13:26:50.400 - INFO - FASTA - imported: id=CALPCU010000032.1, length=17646, description=Vermiculatibacterium sp. DSM 112226 isolate Oscillospiraceae_gen_nov_DSM112226 genome assembly, contig: NODE_32_length_17646_cov_43.935625, whole genome shotgun sequence, genomic=True, dna=True
13:26:50.400 - INFO - FASTA - imported: id=CALPCU010000033.1, length=17285, description=Vermiculatibacterium sp. DSM 112226 isolate Oscillospiraceae_gen_nov_DSM112226 genome assembly, contig: NODE_33_length_17285_cov_43.032252, whole genome shotgun sequence, genomic=True, dna=True
13:26:50.401 - INFO - FASTA - imported: id=CALPCU010000034.1, length=16553, description=Vermiculatibacterium sp. DSM 112226 isolate Oscillospiraceae_gen_nov_DSM112226 genome assembly, contig: NODE_34_length_16553_cov_38.785385, whole genome shotgun sequence, genomic=True, dna=True
13:26:50.401 - INFO - FASTA - imported: id=CALPCU010000035.1, length=15759, description=Vermiculatibacterium sp. DSM 112226 isolate Oscillospiraceae_gen_nov_DSM112226 genome assembly, contig: NODE_35_length_15759_cov_43.973919, whole genome shotgun sequence, genomic=True, dna=True
13:26:50.402 - INFO - FASTA - imported: id=CALPCU010000036.1, length=15201, description=Vermiculatibacterium sp. DSM 112226 isolate Oscillospiraceae_gen_nov_DSM112226 genome assembly, contig: NODE_36_length_15201_cov_38.362470, whole genome shotgun sequence, genomic=True, dna=True
13:26:50.402 - INFO - FASTA - imported: id=CALPCU010000037.1, length=13391, description=Vermiculatibacterium sp. DSM 112226 isolate Oscillospiraceae_gen_nov_DSM112226 genome assembly, contig: NODE_37_length_13391_cov_42.596515, whole genome shotgun sequence, genomic=True, dna=True
13:26:50.402 - INFO - FASTA - imported: id=CALPCU010000038.1, length=13308, description=Vermiculatibacterium sp. DSM 112226 isolate Oscillospiraceae_gen_nov_DSM112226 genome assembly, contig: NODE_38_length_13308_cov_42.801602, whole genome shotgun sequence, genomic=True, dna=True
13:26:50.403 - INFO - FASTA - imported: id=CALPCU010000039.1, length=13136, description=Vermiculatibacterium sp. DSM 112226 isolate Oscillospiraceae_gen_nov_DSM112226 genome assembly, contig: NODE_39_length_13136_cov_38.343901, whole genome shotgun sequence, genomic=True, dna=True
13:26:50.403 - INFO - FASTA - imported: id=CALPCU010000040.1, length=11058, description=Vermiculatibacterium sp. DSM 112226 isolate Oscillospiraceae_gen_nov_DSM112226 genome assembly, contig: NODE_40_length_11058_cov_42.239140, whole genome shotgun sequence, genomic=True, dna=True
13:26:50.403 - INFO - FASTA - imported: id=CALPCU010000041.1, length=8918, description=Vermiculatibacterium sp. DSM 112226 isolate Oscillospiraceae_gen_nov_DSM112226 genome assembly, contig: NODE_41_length_8918_cov_44.950571, whole genome shotgun sequence, genomic=True, dna=True
13:26:50.403 - INFO - FASTA - imported: id=CALPCU010000042.1, length=8316, description=Vermiculatibacterium sp. DSM 112226 isolate Oscillospiraceae_gen_nov_DSM112226 genome assembly, contig: NODE_42_length_8316_cov_44.013837, whole genome shotgun sequence, genomic=True, dna=True
13:26:50.403 - INFO - FASTA - imported: id=CALPCU010000043.1, length=8126, description=Vermiculatibacterium sp. DSM 112226 isolate Oscillospiraceae_gen_nov_DSM112226 genome assembly, contig: NODE_43_length_8126_cov_46.752143, whole genome shotgun sequence, genomic=True, dna=True
13:26:50.404 - INFO - FASTA - imported: id=CALPCU010000044.1, length=7953, description=Vermiculatibacterium sp. DSM 112226 isolate Oscillospiraceae_gen_nov_DSM112226 genome assembly, contig: NODE_44_length_7953_cov_47.348908, whole genome shotgun sequence, genomic=True, dna=True
13:26:50.404 - INFO - FASTA - imported: id=CALPCU010000045.1, length=7775, description=Vermiculatibacterium sp. DSM 112226 isolate Oscillospiraceae_gen_nov_DSM112226 genome assembly, contig: NODE_45_length_7775_cov_42.542479, whole genome shotgun sequence, genomic=True, dna=True
13:26:50.404 - INFO - FASTA - imported: id=CALPCU010000046.1, length=7532, description=Vermiculatibacterium sp. DSM 112226 isolate Oscillospiraceae_gen_nov_DSM112226 genome assembly, contig: NODE_46_length_7532_cov_47.837559, whole genome shotgun sequence, genomic=True, dna=True
13:26:50.404 - INFO - FASTA - imported: id=CALPCU010000047.1, length=6563, description=Vermiculatibacterium sp. DSM 112226 isolate Oscillospiraceae_gen_nov_DSM112226 genome assembly, contig: NODE_47_length_6563_cov_45.743910, whole genome shotgun sequence, genomic=True, dna=True
13:26:50.404 - INFO - FASTA - imported: id=CALPCU010000048.1, length=5774, description=Vermiculatibacterium sp. DSM 112226 isolate Oscillospiraceae_gen_nov_DSM112226 genome assembly, contig: NODE_48_length_5774_cov_103.935931, whole genome shotgun sequence, genomic=True, dna=True
13:26:50.405 - INFO - FASTA - imported: id=CALPCU010000049.1, length=5216, description=Vermiculatibacterium sp. DSM 112226 isolate Oscillospiraceae_gen_nov_DSM112226 genome assembly, contig: NODE_49_length_5216_cov_41.018681, whole genome shotgun sequence, genomic=True, dna=True
13:26:50.405 - INFO - FASTA - imported: id=CALPCU010000050.1, length=5140, description=Vermiculatibacterium sp. DSM 112226 isolate Oscillospiraceae_gen_nov_DSM112226 genome assembly, contig: NODE_50_length_5140_cov_37.472052, whole genome shotgun sequence, genomic=True, dna=True
13:26:50.405 - INFO - FASTA - imported: id=CALPCU010000051.1, length=4667, description=Vermiculatibacterium sp. DSM 112226 isolate Oscillospiraceae_gen_nov_DSM112226 genome assembly, contig: NODE_51_length_4667_cov_40.185185, whole genome shotgun sequence, genomic=True, dna=True
13:26:50.405 - INFO - FASTA - imported: id=CALPCU010000052.1, length=2530, description=Vermiculatibacterium sp. DSM 112226 isolate Oscillospiraceae_gen_nov_DSM112226 genome assembly, contig: NODE_52_length_2530_cov_33.655524, whole genome shotgun sequence, genomic=True, dna=True
13:26:50.405 - INFO - FASTA - imported: id=CALPCU010000053.1, length=2069, description=Vermiculatibacterium sp. DSM 112226 isolate Oscillospiraceae_gen_nov_DSM112226 genome assembly, contig: NODE_53_length_2069_cov_38.824799, whole genome shotgun sequence, genomic=True, dna=True
13:26:50.405 - INFO - FASTA - imported: id=CALPCU010000054.1, length=1642, description=Vermiculatibacterium sp. DSM 112226 isolate Oscillospiraceae_gen_nov_DSM112226 genome assembly, contig: NODE_54_length_1642_cov_58.888179, whole genome shotgun sequence, genomic=True, dna=True
13:26:50.405 - INFO - FASTA - imported: id=CALPCU010000055.1, length=1486, description=Vermiculatibacterium sp. DSM 112226 isolate Oscillospiraceae_gen_nov_DSM112226 genome assembly, contig: NODE_55_length_1486_cov_37.909865, whole genome shotgun sequence, genomic=True, dna=True
13:26:50.405 - INFO - FASTA - imported: id=CALPCU010000056.1, length=1415, description=Vermiculatibacterium sp. DSM 112226 isolate Oscillospiraceae_gen_nov_DSM112226 genome assembly, contig: NODE_56_length_1415_cov_0.826477, whole genome shotgun sequence, genomic=True, dna=True
13:26:50.405 - INFO - FASTA - imported: id=CALPCU010000057.1, length=1342, description=Vermiculatibacterium sp. DSM 112226 isolate Oscillospiraceae_gen_nov_DSM112226 genome assembly, contig: NODE_57_length_1342_cov_38.441897, whole genome shotgun sequence, genomic=True, dna=True
13:26:50.405 - INFO - FASTA - imported: id=CALPCU010000058.1, length=1324, description=Vermiculatibacterium sp. DSM 112226 isolate Oscillospiraceae_gen_nov_DSM112226 genome assembly, contig: NODE_58_length_1324_cov_59.380112, whole genome shotgun sequence, genomic=True, dna=True
13:26:50.405 - INFO - FASTA - imported: id=CALPCU010000059.1, length=1148, description=Vermiculatibacterium sp. DSM 112226 isolate Oscillospiraceae_gen_nov_DSM112226 genome assembly, contig: NODE_59_length_1148_cov_82.451914, whole genome shotgun sequence, genomic=True, dna=True
13:26:50.406 - INFO - MAIN - imported sequences=59
13:26:50.406 - INFO - UTILS - qc: revised sequence: id=contig_1, orig-id=CALPCU010000001.1, type=contig, complete=False, topology=linear, name=, description='[gcode=11] [topology=linear]', orig-description='Vermiculatibacterium sp. DSM 112226 isolate Oscillospiraceae_gen_nov_DSM112226 genome assembly, contig: NODE_1_length_235856_cov_43.834205, whole genome shotgun sequence'
13:26:50.406 - INFO - UTILS - qc: revised sequence: id=contig_2, orig-id=CALPCU010000002.1, type=contig, complete=False, topology=linear, name=, description='[gcode=11] [topology=linear]', orig-description='Vermiculatibacterium sp. DSM 112226 isolate Oscillospiraceae_gen_nov_DSM112226 genome assembly, contig: NODE_2_length_150694_cov_42.760140, whole genome shotgun sequence'
13:26:50.406 - INFO - UTILS - qc: revised sequence: id=contig_3, orig-id=CALPCU010000003.1, type=contig, complete=False, topology=linear, name=, description='[gcode=11] [topology=linear]', orig-description='Vermiculatibacterium sp. DSM 112226 isolate Oscillospiraceae_gen_nov_DSM112226 genome assembly, contig: NODE_3_length_131431_cov_43.181921, whole genome shotgun sequence'
13:26:50.406 - INFO - UTILS - qc: revised sequence: id=contig_4, orig-id=CALPCU010000004.1, type=contig, complete=False, topology=linear, name=, description='[gcode=11] [topology=linear]', orig-description='Vermiculatibacterium sp. DSM 112226 isolate Oscillospiraceae_gen_nov_DSM112226 genome assembly, contig: NODE_4_length_123748_cov_42.961786, whole genome shotgun sequence'
13:26:50.406 - INFO - UTILS - qc: revised sequence: id=contig_5, orig-id=CALPCU010000005.1, type=contig, complete=False, topology=linear, name=, description='[gcode=11] [topology=linear]', orig-description='Vermiculatibacterium sp. DSM 112226 isolate Oscillospiraceae_gen_nov_DSM112226 genome assembly, contig: NODE_5_length_97514_cov_41.258926, whole genome shotgun sequence'
13:26:50.406 - INFO - UTILS - qc: revised sequence: id=contig_6, orig-id=CALPCU010000006.1, type=contig, complete=False, topology=linear, name=, description='[gcode=11] [topology=linear]', orig-description='Vermiculatibacterium sp. DSM 112226 isolate Oscillospiraceae_gen_nov_DSM112226 genome assembly, contig: NODE_6_length_90250_cov_43.233385, whole genome shotgun sequence'
13:26:50.406 - INFO - UTILS - qc: revised sequence: id=contig_7, orig-id=CALPCU010000007.1, type=contig, complete=False, topology=linear, name=, description='[gcode=11] [topology=linear]', orig-description='Vermiculatibacterium sp. DSM 112226 isolate Oscillospiraceae_gen_nov_DSM112226 genome assembly, contig: NODE_7_length_89069_cov_40.073568, whole genome shotgun sequence'
13:26:50.406 - INFO - UTILS - qc: revised sequence: id=contig_8, orig-id=CALPCU010000008.1, type=contig, complete=False, topology=linear, name=, description='[gcode=11] [topology=linear]', orig-description='Vermiculatibacterium sp. DSM 112226 isolate Oscillospiraceae_gen_nov_DSM112226 genome assembly, contig: NODE_8_length_87655_cov_41.883133, whole genome shotgun sequence'
13:26:50.406 - INFO - UTILS - qc: revised sequence: id=contig_9, orig-id=CALPCU010000009.1, type=contig, complete=False, topology=linear, name=, description='[gcode=11] [topology=linear]', orig-description='Vermiculatibacterium sp. DSM 112226 isolate Oscillospiraceae_gen_nov_DSM112226 genome assembly, contig: NODE_9_length_77294_cov_51.584237, whole genome shotgun sequence'
13:26:50.406 - INFO - UTILS - qc: revised sequence: id=contig_10, orig-id=CALPCU010000010.1, type=contig, complete=False, topology=linear, name=, description='[gcode=11] [topology=linear]', orig-description='Vermiculatibacterium sp. DSM 112226 isolate Oscillospiraceae_gen_nov_DSM112226 genome assembly, contig: NODE_10_length_74117_cov_40.335116, whole genome shotgun sequence'
13:26:50.406 - INFO - UTILS - qc: revised sequence: id=contig_11, orig-id=CALPCU010000011.1, type=contig, complete=False, topology=linear, name=, description='[gcode=11] [topology=linear]', orig-description='Vermiculatibacterium sp. DSM 112226 isolate Oscillospiraceae_gen_nov_DSM112226 genome assembly, contig: NODE_11_length_72961_cov_40.115128, whole genome shotgun sequence'
13:26:50.406 - INFO - UTILS - qc: revised sequence: id=contig_12, orig-id=CALPCU010000012.1, type=contig, complete=False, topology=linear, name=, description='[gcode=11] [topology=linear]', orig-description='Vermiculatibacterium sp. DSM 112226 isolate Oscillospiraceae_gen_nov_DSM112226 genome assembly, contig: NODE_12_length_71196_cov_44.229573, whole genome shotgun sequence'
13:26:50.406 - INFO - UTILS - qc: revised sequence: id=contig_13, orig-id=CALPCU010000013.1, type=contig, complete=False, topology=linear, name=, description='[gcode=11] [topology=linear]', orig-description='Vermiculatibacterium sp. DSM 112226 isolate Oscillospiraceae_gen_nov_DSM112226 genome assembly, contig: NODE_13_length_69839_cov_43.730527, whole genome shotgun sequence'
13:26:50.406 - INFO - UTILS - qc: revised sequence: id=contig_14, orig-id=CALPCU010000014.1, type=contig, complete=False, topology=linear, name=, description='[gcode=11] [topology=linear]', orig-description='Vermiculatibacterium sp. DSM 112226 isolate Oscillospiraceae_gen_nov_DSM112226 genome assembly, contig: NODE_14_length_65376_cov_43.579810, whole genome shotgun sequence'
13:26:50.406 - INFO - UTILS - qc: revised sequence: id=contig_15, orig-id=CALPCU010000015.1, type=contig, complete=False, topology=linear, name=, description='[gcode=11] [topology=linear]', orig-description='Vermiculatibacterium sp. DSM 112226 isolate Oscillospiraceae_gen_nov_DSM112226 genome assembly, contig: NODE_15_length_58627_cov_40.295201, whole genome shotgun sequence'
13:26:50.406 - INFO - UTILS - qc: revised sequence: id=contig_16, orig-id=CALPCU010000016.1, type=contig, complete=False, topology=linear, name=, description='[gcode=11] [topology=linear]', orig-description='Vermiculatibacterium sp. DSM 112226 isolate Oscillospiraceae_gen_nov_DSM112226 genome assembly, contig: NODE_16_length_50153_cov_39.308771, whole genome shotgun sequence'
13:26:50.406 - INFO - UTILS - qc: revised sequence: id=contig_17, orig-id=CALPCU010000017.1, type=contig, complete=False, topology=linear, name=, description='[gcode=11] [topology=linear]', orig-description='Vermiculatibacterium sp. DSM 112226 isolate Oscillospiraceae_gen_nov_DSM112226 genome assembly, contig: NODE_17_length_46678_cov_45.158516, whole genome shotgun sequence'
13:26:50.406 - INFO - UTILS - qc: revised sequence: id=contig_18, orig-id=CALPCU010000018.1, type=contig, complete=False, topology=linear, name=, description='[gcode=11] [topology=linear]', orig-description='Vermiculatibacterium sp. DSM 112226 isolate Oscillospiraceae_gen_nov_DSM112226 genome assembly, contig: NODE_18_length_43125_cov_41.616568, whole genome shotgun sequence'
13:26:50.406 - INFO - UTILS - qc: revised sequence: id=contig_19, orig-id=CALPCU010000019.1, type=contig, complete=False, topology=linear, name=, description='[gcode=11] [topology=linear]', orig-description='Vermiculatibacterium sp. DSM 112226 isolate Oscillospiraceae_gen_nov_DSM112226 genome assembly, contig: NODE_19_length_40786_cov_42.729372, whole genome shotgun sequence'
13:26:50.406 - INFO - UTILS - qc: revised sequence: id=contig_20, orig-id=CALPCU010000020.1, type=contig, complete=False, topology=linear, name=, description='[gcode=11] [topology=linear]', orig-description='Vermiculatibacterium sp. DSM 112226 isolate Oscillospiraceae_gen_nov_DSM112226 genome assembly, contig: NODE_20_length_39756_cov_42.126515, whole genome shotgun sequence'
13:26:50.406 - INFO - UTILS - qc: revised sequence: id=contig_21, orig-id=CALPCU010000021.1, type=contig, complete=False, topology=linear, name=, description='[gcode=11] [topology=linear]', orig-description='Vermiculatibacterium sp. DSM 112226 isolate Oscillospiraceae_gen_nov_DSM112226 genome assembly, contig: NODE_21_length_35647_cov_41.794265, whole genome shotgun sequence'
13:26:50.406 - INFO - UTILS - qc: revised sequence: id=contig_22, orig-id=CALPCU010000022.1, type=contig, complete=False, topology=linear, name=, description='[gcode=11] [topology=linear]', orig-description='Vermiculatibacterium sp. DSM 112226 isolate Oscillospiraceae_gen_nov_DSM112226 genome assembly, contig: NODE_22_length_35212_cov_39.352213, whole genome shotgun sequence'
13:26:50.406 - INFO - UTILS - qc: revised sequence: id=contig_23, orig-id=CALPCU010000023.1, type=contig, complete=False, topology=linear, name=, description='[gcode=11] [topology=linear]', orig-description='Vermiculatibacterium sp. DSM 112226 isolate Oscillospiraceae_gen_nov_DSM112226 genome assembly, contig: NODE_23_length_34552_cov_48.248644, whole genome shotgun sequence'
13:26:50.406 - INFO - UTILS - qc: revised sequence: id=contig_24, orig-id=CALPCU010000024.1, type=contig, complete=False, topology=linear, name=, description='[gcode=11] [topology=linear]', orig-description='Vermiculatibacterium sp. DSM 112226 isolate Oscillospiraceae_gen_nov_DSM112226 genome assembly, contig: NODE_24_length_32131_cov_40.733450, whole genome shotgun sequence'
13:26:50.406 - INFO - UTILS - qc: revised sequence: id=contig_25, orig-id=CALPCU010000025.1, type=contig, complete=False, topology=linear, name=, description='[gcode=11] [topology=linear]', orig-description='Vermiculatibacterium sp. DSM 112226 isolate Oscillospiraceae_gen_nov_DSM112226 genome assembly, contig: NODE_25_length_26478_cov_43.365289, whole genome shotgun sequence'
13:26:50.406 - INFO - UTILS - qc: revised sequence: id=contig_26, orig-id=CALPCU010000026.1, type=contig, complete=False, topology=linear, name=, description='[gcode=11] [topology=linear]', orig-description='Vermiculatibacterium sp. DSM 112226 isolate Oscillospiraceae_gen_nov_DSM112226 genome assembly, contig: NODE_26_length_25963_cov_41.284478, whole genome shotgun sequence'
13:26:50.406 - INFO - UTILS - qc: revised sequence: id=contig_27, orig-id=CALPCU010000027.1, type=contig, complete=False, topology=linear, name=, description='[gcode=11] [topology=linear]', orig-description='Vermiculatibacterium sp. DSM 112226 isolate Oscillospiraceae_gen_nov_DSM112226 genome assembly, contig: NODE_27_length_23785_cov_41.361060, whole genome shotgun sequence'
13:26:50.406 - INFO - UTILS - qc: revised sequence: id=contig_28, orig-id=CALPCU010000028.1, type=contig, complete=False, topology=linear, name=, description='[gcode=11] [topology=linear]', orig-description='Vermiculatibacterium sp. DSM 112226 isolate Oscillospiraceae_gen_nov_DSM112226 genome assembly, contig: NODE_28_length_23698_cov_40.498666, whole genome shotgun sequence'
13:26:50.406 - INFO - UTILS - qc: revised sequence: id=contig_29, orig-id=CALPCU010000029.1, type=contig, complete=False, topology=linear, name=, description='[gcode=11] [topology=linear]', orig-description='Vermiculatibacterium sp. DSM 112226 isolate Oscillospiraceae_gen_nov_DSM112226 genome assembly, contig: NODE_29_length_23543_cov_40.532217, whole genome shotgun sequence'
13:26:50.406 - INFO - UTILS - qc: revised sequence: id=contig_30, orig-id=CALPCU010000030.1, type=contig, complete=False, topology=linear, name=, description='[gcode=11] [topology=linear]', orig-description='Vermiculatibacterium sp. DSM 112226 isolate Oscillospiraceae_gen_nov_DSM112226 genome assembly, contig: NODE_30_length_22108_cov_52.907993, whole genome shotgun sequence'
13:26:50.406 - INFO - UTILS - qc: revised sequence: id=contig_31, orig-id=CALPCU010000031.1, type=contig, complete=False, topology=linear, name=, description='[gcode=11] [topology=linear]', orig-description='Vermiculatibacterium sp. DSM 112226 isolate Oscillospiraceae_gen_nov_DSM112226 genome assembly, contig: NODE_31_length_20597_cov_41.349805, whole genome shotgun sequence'
13:26:50.406 - INFO - UTILS - qc: revised sequence: id=contig_32, orig-id=CALPCU010000032.1, type=contig, complete=False, topology=linear, name=, description='[gcode=11] [topology=linear]', orig-description='Vermiculatibacterium sp. DSM 112226 isolate Oscillospiraceae_gen_nov_DSM112226 genome assembly, contig: NODE_32_length_17646_cov_43.935625, whole genome shotgun sequence'
13:26:50.406 - INFO - UTILS - qc: revised sequence: id=contig_33, orig-id=CALPCU010000033.1, type=contig, complete=False, topology=linear, name=, description='[gcode=11] [topology=linear]', orig-description='Vermiculatibacterium sp. DSM 112226 isolate Oscillospiraceae_gen_nov_DSM112226 genome assembly, contig: NODE_33_length_17285_cov_43.032252, whole genome shotgun sequence'
13:26:50.406 - INFO - UTILS - qc: revised sequence: id=contig_34, orig-id=CALPCU010000034.1, type=contig, complete=False, topology=linear, name=, description='[gcode=11] [topology=linear]', orig-description='Vermiculatibacterium sp. DSM 112226 isolate Oscillospiraceae_gen_nov_DSM112226 genome assembly, contig: NODE_34_length_16553_cov_38.785385, whole genome shotgun sequence'
13:26:50.406 - INFO - UTILS - qc: revised sequence: id=contig_35, orig-id=CALPCU010000035.1, type=contig, complete=False, topology=linear, name=, description='[gcode=11] [topology=linear]', orig-description='Vermiculatibacterium sp. DSM 112226 isolate Oscillospiraceae_gen_nov_DSM112226 genome assembly, contig: NODE_35_length_15759_cov_43.973919, whole genome shotgun sequence'
13:26:50.406 - INFO - UTILS - qc: revised sequence: id=contig_36, orig-id=CALPCU010000036.1, type=contig, complete=False, topology=linear, name=, description='[gcode=11] [topology=linear]', orig-description='Vermiculatibacterium sp. DSM 112226 isolate Oscillospiraceae_gen_nov_DSM112226 genome assembly, contig: NODE_36_length_15201_cov_38.362470, whole genome shotgun sequence'
13:26:50.407 - INFO - UTILS - qc: revised sequence: id=contig_37, orig-id=CALPCU010000037.1, type=contig, complete=False, topology=linear, name=, description='[gcode=11] [topology=linear]', orig-description='Vermiculatibacterium sp. DSM 112226 isolate Oscillospiraceae_gen_nov_DSM112226 genome assembly, contig: NODE_37_length_13391_cov_42.596515, whole genome shotgun sequence'
13:26:50.407 - INFO - UTILS - qc: revised sequence: id=contig_38, orig-id=CALPCU010000038.1, type=contig, complete=False, topology=linear, name=, description='[gcode=11] [topology=linear]', orig-description='Vermiculatibacterium sp. DSM 112226 isolate Oscillospiraceae_gen_nov_DSM112226 genome assembly, contig: NODE_38_length_13308_cov_42.801602, whole genome shotgun sequence'
13:26:50.407 - INFO - UTILS - qc: revised sequence: id=contig_39, orig-id=CALPCU010000039.1, type=contig, complete=False, topology=linear, name=, description='[gcode=11] [topology=linear]', orig-description='Vermiculatibacterium sp. DSM 112226 isolate Oscillospiraceae_gen_nov_DSM112226 genome assembly, contig: NODE_39_length_13136_cov_38.343901, whole genome shotgun sequence'
13:26:50.407 - INFO - UTILS - qc: revised sequence: id=contig_40, orig-id=CALPCU010000040.1, type=contig, complete=False, topology=linear, name=, description='[gcode=11] [topology=linear]', orig-description='Vermiculatibacterium sp. DSM 112226 isolate Oscillospiraceae_gen_nov_DSM112226 genome assembly, contig: NODE_40_length_11058_cov_42.239140, whole genome shotgun sequence'
13:26:50.407 - INFO - UTILS - qc: revised sequence: id=contig_41, orig-id=CALPCU010000041.1, type=contig, complete=False, topology=linear, name=, description='[gcode=11] [topology=linear]', orig-description='Vermiculatibacterium sp. DSM 112226 isolate Oscillospiraceae_gen_nov_DSM112226 genome assembly, contig: NODE_41_length_8918_cov_44.950571, whole genome shotgun sequence'
13:26:50.407 - INFO - UTILS - qc: revised sequence: id=contig_42, orig-id=CALPCU010000042.1, type=contig, complete=False, topology=linear, name=, description='[gcode=11] [topology=linear]', orig-description='Vermiculatibacterium sp. DSM 112226 isolate Oscillospiraceae_gen_nov_DSM112226 genome assembly, contig: NODE_42_length_8316_cov_44.013837, whole genome shotgun sequence'
13:26:50.407 - INFO - UTILS - qc: revised sequence: id=contig_43, orig-id=CALPCU010000043.1, type=contig, complete=False, topology=linear, name=, description='[gcode=11] [topology=linear]', orig-description='Vermiculatibacterium sp. DSM 112226 isolate Oscillospiraceae_gen_nov_DSM112226 genome assembly, contig: NODE_43_length_8126_cov_46.752143, whole genome shotgun sequence'
13:26:50.407 - INFO - UTILS - qc: revised sequence: id=contig_44, orig-id=CALPCU010000044.1, type=contig, complete=False, topology=linear, name=, description='[gcode=11] [topology=linear]', orig-description='Vermiculatibacterium sp. DSM 112226 isolate Oscillospiraceae_gen_nov_DSM112226 genome assembly, contig: NODE_44_length_7953_cov_47.348908, whole genome shotgun sequence'
13:26:50.407 - INFO - UTILS - qc: revised sequence: id=contig_45, orig-id=CALPCU010000045.1, type=contig, complete=False, topology=linear, name=, description='[gcode=11] [topology=linear]', orig-description='Vermiculatibacterium sp. DSM 112226 isolate Oscillospiraceae_gen_nov_DSM112226 genome assembly, contig: NODE_45_length_7775_cov_42.542479, whole genome shotgun sequence'
13:26:50.407 - INFO - UTILS - qc: revised sequence: id=contig_46, orig-id=CALPCU010000046.1, type=contig, complete=False, topology=linear, name=, description='[gcode=11] [topology=linear]', orig-description='Vermiculatibacterium sp. DSM 112226 isolate Oscillospiraceae_gen_nov_DSM112226 genome assembly, contig: NODE_46_length_7532_cov_47.837559, whole genome shotgun sequence'
13:26:50.407 - INFO - UTILS - qc: revised sequence: id=contig_47, orig-id=CALPCU010000047.1, type=contig, complete=False, topology=linear, name=, description='[gcode=11] [topology=linear]', orig-description='Vermiculatibacterium sp. DSM 112226 isolate Oscillospiraceae_gen_nov_DSM112226 genome assembly, contig: NODE_47_length_6563_cov_45.743910, whole genome shotgun sequence'
13:26:50.407 - INFO - UTILS - qc: revised sequence: id=contig_48, orig-id=CALPCU010000048.1, type=contig, complete=False, topology=linear, name=, description='[gcode=11] [topology=linear]', orig-description='Vermiculatibacterium sp. DSM 112226 isolate Oscillospiraceae_gen_nov_DSM112226 genome assembly, contig: NODE_48_length_5774_cov_103.935931, whole genome shotgun sequence'
13:26:50.407 - INFO - UTILS - qc: revised sequence: id=contig_49, orig-id=CALPCU010000049.1, type=contig, complete=False, topology=linear, name=, description='[gcode=11] [topology=linear]', orig-description='Vermiculatibacterium sp. DSM 112226 isolate Oscillospiraceae_gen_nov_DSM112226 genome assembly, contig: NODE_49_length_5216_cov_41.018681, whole genome shotgun sequence'
13:26:50.407 - INFO - UTILS - qc: revised sequence: id=contig_50, orig-id=CALPCU010000050.1, type=contig, complete=False, topology=linear, name=, description='[gcode=11] [topology=linear]', orig-description='Vermiculatibacterium sp. DSM 112226 isolate Oscillospiraceae_gen_nov_DSM112226 genome assembly, contig: NODE_50_length_5140_cov_37.472052, whole genome shotgun sequence'
13:26:50.407 - INFO - UTILS - qc: revised sequence: id=contig_51, orig-id=CALPCU010000051.1, type=contig, complete=False, topology=linear, name=, description='[gcode=11] [topology=linear]', orig-description='Vermiculatibacterium sp. DSM 112226 isolate Oscillospiraceae_gen_nov_DSM112226 genome assembly, contig: NODE_51_length_4667_cov_40.185185, whole genome shotgun sequence'
13:26:50.407 - INFO - UTILS - qc: revised sequence: id=contig_52, orig-id=CALPCU010000052.1, type=contig, complete=False, topology=linear, name=, description='[gcode=11] [topology=linear]', orig-description='Vermiculatibacterium sp. DSM 112226 isolate Oscillospiraceae_gen_nov_DSM112226 genome assembly, contig: NODE_52_length_2530_cov_33.655524, whole genome shotgun sequence'
13:26:50.407 - INFO - UTILS - qc: revised sequence: id=contig_53, orig-id=CALPCU010000053.1, type=contig, complete=False, topology=linear, name=, description='[gcode=11] [topology=linear]', orig-description='Vermiculatibacterium sp. DSM 112226 isolate Oscillospiraceae_gen_nov_DSM112226 genome assembly, contig: NODE_53_length_2069_cov_38.824799, whole genome shotgun sequence'
13:26:50.407 - INFO - UTILS - qc: revised sequence: id=contig_54, orig-id=CALPCU010000054.1, type=contig, complete=False, topology=linear, name=, description='[gcode=11] [topology=linear]', orig-description='Vermiculatibacterium sp. DSM 112226 isolate Oscillospiraceae_gen_nov_DSM112226 genome assembly, contig: NODE_54_length_1642_cov_58.888179, whole genome shotgun sequence'
13:26:50.407 - INFO - UTILS - qc: revised sequence: id=contig_55, orig-id=CALPCU010000055.1, type=contig, complete=False, topology=linear, name=, description='[gcode=11] [topology=linear]', orig-description='Vermiculatibacterium sp. DSM 112226 isolate Oscillospiraceae_gen_nov_DSM112226 genome assembly, contig: NODE_55_length_1486_cov_37.909865, whole genome shotgun sequence'
13:26:50.407 - INFO - UTILS - qc: revised sequence: id=contig_56, orig-id=CALPCU010000056.1, type=contig, complete=False, topology=linear, name=, description='[gcode=11] [topology=linear]', orig-description='Vermiculatibacterium sp. DSM 112226 isolate Oscillospiraceae_gen_nov_DSM112226 genome assembly, contig: NODE_56_length_1415_cov_0.826477, whole genome shotgun sequence'
13:26:50.407 - INFO - UTILS - qc: revised sequence: id=contig_57, orig-id=CALPCU010000057.1, type=contig, complete=False, topology=linear, name=, description='[gcode=11] [topology=linear]', orig-description='Vermiculatibacterium sp. DSM 112226 isolate Oscillospiraceae_gen_nov_DSM112226 genome assembly, contig: NODE_57_length_1342_cov_38.441897, whole genome shotgun sequence'
13:26:50.407 - INFO - UTILS - qc: revised sequence: id=contig_58, orig-id=CALPCU010000058.1, type=contig, complete=False, topology=linear, name=, description='[gcode=11] [topology=linear]', orig-description='Vermiculatibacterium sp. DSM 112226 isolate Oscillospiraceae_gen_nov_DSM112226 genome assembly, contig: NODE_58_length_1324_cov_59.380112, whole genome shotgun sequence'
13:26:50.407 - INFO - UTILS - qc: revised sequence: id=contig_59, orig-id=CALPCU010000059.1, type=contig, complete=False, topology=linear, name=, description='[gcode=11] [topology=linear]', orig-description='Vermiculatibacterium sp. DSM 112226 isolate Oscillospiraceae_gen_nov_DSM112226 genome assembly, contig: NODE_59_length_1148_cov_82.451914, whole genome shotgun sequence'
13:26:50.407 - INFO - FASTA - write genome sequences: path=/tmp/slurm-687210/tmptyhms82b/contigs.fna, description=False, wrap=False
13:27:17.143 - INFO - T_RNA - contig=contig_2, start=36942, stop=37017, strand=+, gene=trnT, product=tRNA-Thr(tgt), score=75.7, nt=[GCTGGTTTAG..ACCAGCTCCA]
13:27:17.143 - INFO - T_RNA - contig=contig_2, start=37020, stop=37104, strand=+, gene=trnY, product=tRNA-Tyr(gta), score=72.8, nt=[GGAGGAGTTC..TCCTCCACCA]
13:27:17.143 - INFO - T_RNA - contig=contig_2, start=96254, stop=96341, strand=+, gene=trnL, product=tRNA-Leu(taa), score=75.0, nt=[GCCGGAGTGG..TCCGGCACCA]
13:27:17.143 - INFO - T_RNA - contig=contig_2, start=96348, stop=96423, strand=+, gene=trnfM, product=tRNA-fMet(cat), score=81.8, nt=[CGCGGGGTAG..CCCGCAACCA]
13:27:17.143 - INFO - T_RNA - contig=contig_3, start=9186, stop=9262, strand=+, gene=trnM, product=tRNA-Met(cat), score=64.6, nt=[GGCGGCATAG..GCCGCTACCA]
13:27:17.143 - INFO - T_RNA - contig=contig_3, start=9328, stop=9402, strand=+, gene=trnE, product=tRNA-Glu(ttc), score=75.2, nt=[GGCGCGTTGG..CGCGTCACCA]
13:27:17.143 - INFO - T_RNA - contig=contig_3, start=9406, stop=9482, strand=+, gene=trnV, product=tRNA-Val(cac), score=86.3, nt=[GGAGGCTTAG..GTCTCCACCA]
13:27:17.143 - INFO - T_RNA - contig=contig_4, start=13215, stop=13301, strand=+, gene=trnL, product=tRNA-Leu(cag), score=75.2, nt=[GCACGAGTGG..TCGTGCACCA]
13:27:17.143 - INFO - T_RNA - contig=contig_4, start=119012, stop=119111, strand=+, gene=None, product=tRNA-Xxx, score=21.1, nt=[GCCCACGCTT..GCCTCCACCA]
13:27:17.143 - INFO - T_RNA - contig=contig_5, start=12571, stop=12646, strand=+, gene=trnV, product=tRNA-Val(tac), score=77.5, nt=[GGGAGCATAG..GTTCCCACCA]
13:27:17.143 - INFO - T_RNA - contig=contig_5, start=12650, stop=12726, strand=+, gene=trnD, product=tRNA-Asp(gtc), score=85.8, nt=[GGCGTGGTAG..CGCGTCGCCA]
13:27:17.143 - INFO - T_RNA - contig=contig_5, start=12730, stop=12805, strand=+, gene=trnF, product=tRNA-Phe(gaa), score=80.0, nt=[GCCTCTGTAG..GGAGGCACCA]
13:27:17.143 - INFO - T_RNA - contig=contig_5, start=12997, stop=13072, strand=+, gene=trnG, product=tRNA-Gly(gcc), score=76.6, nt=[GCGGGCATAG..GCCCGCTCCA]
13:27:17.143 - INFO - T_RNA - contig=contig_5, start=13190, stop=13263, strand=+, gene=trnC, product=tRNA-Cys(gca), score=71.7, nt=[GGCGACGTAG..GTCGCCTCCA]
13:27:17.143 - INFO - T_RNA - contig=contig_7, start=4284, stop=4359, strand=+, gene=trnP, product=tRNA-Pro(cgg), score=79.1, nt=[CCGGGTGTAG..ACTCGGACCA]
13:27:17.143 - INFO - T_RNA - contig=contig_8, start=8411, stop=8487, strand=+, gene=trnR, product=tRNA-Arg(ccg), score=67.8, nt=[GCGCCCGTAG..GGGCGTACCA]
13:27:17.143 - INFO - T_RNA - contig=contig_8, start=72861, stop=72935, strand=+, gene=trnP, product=tRNA-Pro(tgg), score=52.5, nt=[CCGGGTGTAG..ACTCGGACCA]
13:27:17.143 - INFO - T_RNA - contig=contig_9, start=30834, stop=30924, strand=+, gene=trnS, product=tRNA-Ser(gga), score=78.6, nt=[GCAGTGGTAT..CACTGCGCCA]
13:27:17.143 - INFO - T_RNA - contig=contig_12, start=10800, stop=10875, strand=+, gene=trnA, product=tRNA-Ala(cgc), score=81.5, nt=[GGGCGGTTAG..CCGTCCACCA]
13:27:17.143 - INFO - T_RNA - contig=contig_12, start=19403, stop=19479, strand=+, gene=trnP, product=tRNA-Pro(ggg), score=66.1, nt=[CCGGGTGTGG..ACTCGGACCA]
13:27:17.144 - INFO - T_RNA - contig=contig_12, start=70995, stop=71068, strand=+, gene=trnQ, product=tRNA-Gln(ctg), score=66.2, nt=[AGCGGGTTTG..CCCGCTGCCA]
13:27:17.144 - INFO - T_RNA - contig=contig_15, start=53608, stop=53694, strand=+, gene=trnL, product=tRNA-Leu(gag), score=71.5, nt=[GCGGATGTGC..ATCCGCACCA]
13:27:17.144 - INFO - T_RNA - contig=contig_16, start=22212, stop=22287, strand=-, gene=trnA, product=tRNA-Ala(ggc), score=70.1, nt=[GGGGGTATAG..ATCTCCACCA]
13:27:17.144 - INFO - T_RNA - contig=contig_19, start=12356, stop=12432, strand=+, gene=trnV, product=tRNA-Val(gac), score=75.6, nt=[GGACGATTAG..TCGTCCACCA]
13:27:17.144 - INFO - T_RNA - contig=contig_19, start=12570, stop=12645, strand=+, gene=trnG, product=tRNA-Gly(gcc), score=76.6, nt=[GCGGGCATAG..GCCCGCTCCA]
13:27:17.144 - INFO - T_RNA - contig=contig_23, start=26154, stop=26208, strand=-, gene=trnT, product=tRNA-Thr(cgt), score=28.3, nt=[GCTGCTGTGG..GTCAGTGGCT]
13:27:17.144 - INFO - T_RNA - contig=contig_23, start=26030, stop=26105, strand=-, gene=trnT, product=tRNA-Thr(cgt), score=86.0, nt=[GCTACTGTGG..AGTAGCTCCA]
13:27:17.144 - INFO - T_RNA - contig=contig_24, start=15467, stop=15540, strand=-, gene=trnG, product=tRNA-Gly(ccc), score=78.2, nt=[GCAGGTGTAG..ACCTGCTCCA]
13:27:17.144 - INFO - T_RNA - contig=contig_28, start=1360, stop=1448, strand=+, gene=trnS, product=tRNA-Ser(cga), score=83.1, nt=[GGAGCGGTAT..CGCTCCGCCA]
13:27:17.144 - INFO - T_RNA - contig=contig_28, start=6525, stop=6612, strand=-, gene=trnL, product=tRNA-Leu(caa), score=70.8, nt=[GCCGGTGTGA..ACCGGCACCA]
13:27:17.144 - INFO - T_RNA - contig=contig_29, start=998, stop=1082, strand=+, gene=trnL, product=tRNA-Leu(tag), score=69.1, nt=[GCGGGATTGT..TCCCGCACCA]
13:27:17.144 - INFO - T_RNA - contig=contig_33, start=14132, stop=14220, strand=-, gene=trnS, product=tRNA-Ser(tga), score=80.9, nt=[GGAGAGATGT..CTCTCCGCCA]
13:27:17.144 - INFO - T_RNA - contig=contig_33, start=14003, stop=14093, strand=-, gene=trnS, product=tRNA-Ser(gct), score=87.5, nt=[GGAGAAGTAC..TTCTCCGCCA]
13:27:17.144 - INFO - T_RNA - contig=contig_33, start=5817, stop=5893, strand=-, gene=trnR, product=tRNA-Arg(acg), score=83.0, nt=[GCGGCTGTAG..AGCCGTACCA]
13:27:17.144 - INFO - T_RNA - contig=contig_38, start=13121, stop=13196, strand=-, gene=trnN, product=tRNA-Asn(gtt), score=76.6, nt=[TCCTCAATAG..TGGGGAGCCA]
13:27:17.144 - INFO - T_RNA - contig=contig_38, start=12973, stop=13049, strand=-, gene=trnI, product=tRNA-Ile2(cat), score=79.2, nt=[GGGCCTTTAG..AGGCCCACCA]
13:27:17.144 - INFO - T_RNA - contig=contig_38, start=12894, stop=12969, strand=-, gene=trnW, product=tRNA-Trp(cca), score=83.3, nt=[AGGGGTATAG..GCCCCTGCCA]
13:27:17.144 - INFO - T_RNA - contig=contig_38, start=12777, stop=12853, strand=-, gene=trnD, product=tRNA-Asp(gtc), score=90.0, nt=[GGCGCGGTAG..CGCGTCGCCA]
13:27:17.144 - INFO - T_RNA - contig=contig_38, start=12674, stop=12749, strand=-, gene=trnT, product=tRNA-Thr(ggt), score=81.5, nt=[GCTGCTATAG..AGCAGCTCCA]
13:27:17.144 - INFO - T_RNA - contig=contig_43, start=24, stop=100, strand=-, gene=trnR, product=tRNA-Arg(cct), score=73.4, nt=[GCCCACGTAG..GTGGGTGCCA]
13:27:17.144 - INFO - T_RNA - contig=contig_48, start=3880, stop=3955, strand=-, gene=trnA, product=tRNA-Ala(tgc), score=91.0, nt=[GGGGGTTTAG..ACCTCCACCA]
13:27:17.144 - INFO - T_RNA - contig=contig_48, start=3800, stop=3876, strand=-, gene=trnI, product=tRNA-Ile(gat), score=89.7, nt=[GGGCCAGTAG..TGGCCCACCA]
13:27:17.144 - INFO - T_RNA - contig=contig_48, start=380, stop=455, strand=-, gene=trnK, product=tRNA-Lys(ctt), score=79.7, nt=[GCGCCTTTAG..AGGCGCACCA]
13:27:17.144 - INFO - T_RNA - contig=contig_48, start=304, stop=378, strand=-, gene=trnE, product=tRNA-Glu(ctc), score=73.8, nt=[GGCCCGTTGG..CGGGTCACCA]
13:27:17.144 - INFO - T_RNA - contig=contig_49, start=4369, stop=4442, strand=+, gene=trnG, product=tRNA-Gly(tcc), score=79.4, nt=[GCGGGTGTAG..ACCCGCTCCA]
13:27:17.144 - INFO - T_RNA - contig=contig_49, start=4568, stop=4644, strand=+, gene=trnR, product=tRNA-Arg(tct), score=81.5, nt=[GCGCCTGTAG..AGGCGTACCA]
13:27:17.144 - INFO - T_RNA - contig=contig_49, start=4675, stop=4750, strand=+, gene=trnH, product=tRNA-His(gtg), score=72.5, nt=[GTGGGCGTAG..GCCCACCCCA]
13:27:17.144 - INFO - T_RNA - contig=contig_49, start=4822, stop=4896, strand=+, gene=trnQ, product=tRNA-Gln(ttg), score=73.0, nt=[TGGGGTGTAG..ATCCCAGCCA]
13:27:17.144 - INFO - T_RNA - contig=contig_49, start=4900, stop=4975, strand=+, gene=trnK, product=tRNA-Lys(ttt), score=75.0, nt=[GACCCGGTAG..CGGGTCACCA]
13:27:17.145 - INFO - T_RNA - predicted=49
13:27:18.036 - INFO - TM_RNA - contig=contig_4, start=118764, stop=119111, strand=+, gene=ssrA, product=transfer-messenger RNA, SsrA, nt=[GGGGGCGTAC..GCCTCCACCA]
13:27:18.037 - INFO - TM_RNA - predicted=1
13:27:28.496 - INFO - R_RNA - contig=contig_48, start=4071, stop=5601, strand=-, gene=rrs, product=16S ribosomal RNA, length=1531, coverage=0.999, truncated=None, score=1589.9, evalue=1.5e-48, nt=[ATTATTGAGA..CACCTCCTTT]
13:27:28.496 - INFO - R_RNA - contig=contig_48, start=11, stop=126, strand=-, gene=rrf, product=5S ribosomal RNA, length=116, coverage=0.975, truncated=None, score=78.7, evalue=1.5e-12, nt=[GTTGGTGTCG..GACGCCAACA]
13:27:28.496 - INFO - R_RNA - contig=contig_48, start=670, stop=3513, strand=-, gene=rrl, product=23S ribosomal RNA, length=2844, coverage=0.972, truncated=None, score=2788.9, evalue=2.0e-05, nt=[GGTCAAGCTG..GCTTGACCTT]
13:27:28.496 - INFO - R_RNA - predicted=3
13:30:13.213 - INFO - NC_RNA - contig=contig_1, start=203512, stop=203862, strand=+, gene=RNaseP_bact_a, product=Bacterial RNase P class A, length=351, truncated=None, score=255.3, evalue=3.1e-36, nt=[CAAGCAAGCT..TACTTGCGCA]
13:30:13.213 - INFO - NC_RNA - contig=contig_7, start=66805, stop=66995, strand=-, gene=6S, product=6S / SsrS RNA, length=191, truncated=None, score=82.5, evalue=9.5e-15, nt=[TCTCCCCTGC..CGGGGGTTTT]
13:30:13.213 - INFO - NC_RNA - contig=contig_12, start=10372, stop=10636, strand=-, gene=Bacteria_large_SRP, product=Bacterial large signal recognition particle RNA, length=265, truncated=None, score=201.1, evalue=4.3e-32, nt=[CCGCGCTAAC..CGGTGCGCGG]
13:30:13.213 - INFO - NC_RNA - contig=contig_12, start=10424, stop=10523, strand=-, gene=Bacteria_small_SRP, product=Bacterial small signal recognition particle RNA, length=100, truncated=None, score=73.5, evalue=1.1e-12, nt=[GGATCGGTCC..CCGCTCCTGA]
13:30:13.213 - INFO - NC_RNA - contig=contig_12, start=13221, stop=13270, strand=-, gene=ssNA-helicase, product=ssNA-helicase RNA, length=50, truncated=None, score=56.5, evalue=1.6e-08, nt=[TAGCGGAAAG..GCCTGTAGCA]
13:30:13.213 - INFO - NC_RNA - predicted=5
13:30:52.259 - INFO - NC_RNA_REGION - contig=contig_1, start=52279, stop=52381, strand=+, label=THF, product=THF riboswitch, length=103, truncated=None, score=87.8, evalue=1.8e-15
13:30:52.259 - INFO - NC_RNA_REGION - contig=contig_1, start=218904, stop=219147, strand=-, label=T-box, product=T-box leader, length=244, truncated=None, score=102.8, evalue=3.1e-13
13:30:52.259 - INFO - NC_RNA_REGION - contig=contig_1, start=162941, stop=163039, strand=+, label=yjdF, product=yjdF RNA, length=99, truncated=None, score=72.4, evalue=3.7e-12
13:30:52.259 - INFO - NC_RNA_REGION - contig=contig_1, start=153629, stop=153725, strand=+, label=pemK, product=pemK RNA, length=97, truncated=None, score=65.6, evalue=6.5e-10
13:30:52.259 - INFO - NC_RNA_REGION - contig=contig_4, start=41295, stop=41466, strand=+, label=Lysine, product=Lysine riboswitch, length=172, truncated=None, score=89.7, evalue=1.2e-12
13:30:52.259 - INFO - NC_RNA_REGION - contig=contig_6, start=5175, stop=5395, strand=+, label=T-box, product=T-box leader, length=221, truncated=None, score=107.0, evalue=8.4e-14
13:30:52.259 - INFO - NC_RNA_REGION - contig=contig_6, start=84748, stop=84918, strand=-, label=Lysine, product=Lysine riboswitch, length=171, truncated=None, score=88.6, evalue=1.8e-12
13:30:52.259 - INFO - NC_RNA_REGION - contig=contig_6, start=57362, stop=57479, strand=+, label=TPP, product=TPP riboswitch (THI element), length=118, truncated=None, score=58.0, evalue=3.0e-09
13:30:52.259 - INFO - NC_RNA_REGION - contig=contig_8, start=879, stop=974, strand=-, label=SAM, product=SAM riboswitch (S box leader), length=96, truncated=None, score=80.3, evalue=1.7e-14
13:30:52.259 - INFO - NC_RNA_REGION - contig=contig_8, start=33988, stop=34187, strand=-, label=T-box, product=T-box leader, length=200, truncated=None, score=98.6, evalue=1.2e-12
13:30:52.259 - INFO - NC_RNA_REGION - contig=contig_9, start=29234, stop=29367, strand=-, label=MOCO_RNA_motif, product=Moco (molybdenum cofactor) riboswitch, length=134, truncated=None, score=71.1, evalue=4.4e-12
13:30:52.259 - INFO - NC_RNA_REGION - contig=contig_15, start=4528, stop=4701, strand=-, label=malK-I, product=malK-I RNA, length=174, truncated=None, score=125.5, evalue=1.0e-21
13:30:52.259 - INFO - NC_RNA_REGION - contig=contig_26, start=11102, stop=11339, strand=-, label=T-box, product=T-box leader, length=238, truncated=None, score=93.8, evalue=5.1e-12
13:30:52.259 - INFO - NC_RNA_REGION - contig=contig_33, start=5480, stop=5576, strand=-, label=Glycine, product=Glycine riboswitch, length=97, truncated=None, score=60.7, evalue=2.0e-10
13:30:52.259 - INFO - NC_RNA_REGION - contig=contig_36, start=869, stop=1007, strand=-, label=FMN, product=FMN riboswitch (RFN element), length=139, truncated=None, score=82.4, evalue=1.1e-13
13:30:52.260 - INFO - NC_RNA_REGION - predicted=15
13:30:52.808 - INFO - CRISPR - predicted=0
13:30:52.808 - INFO - CDS - create prodigal training info object: meta=False, closed=True
13:30:54.008 - INFO - CDS - contig=contig_1, start=37, stop=288, strand=-, frame=3, truncated=no, start-type=ATG, RBS-motif=GGAGG
13:30:54.009 - INFO - CDS - contig=contig_1, start=389, stop=3097, strand=-, frame=2, truncated=no, start-type=ATG, RBS-motif=AGGAG
13:30:54.009 - INFO - CDS - contig=contig_1, start=3145, stop=3504, strand=-, frame=3, truncated=no, start-type=ATG, RBS-motif=AGGAGG
13:30:54.009 - INFO - CDS - contig=contig_1, start=3519, stop=4544, strand=-, frame=1, truncated=no, start-type=ATG, RBS-motif=AGGAG/GGAGG
13:30:54.009 - INFO - CDS - contig=contig_1, start=4953, stop=5822, strand=+, frame=3, truncated=no, start-type=ATG, RBS-motif=GGAG/GAGG
13:30:54.009 - INFO - CDS - contig=contig_1, start=5826, stop=6443, strand=+, frame=3, truncated=no, start-type=GTG, RBS-motif=AGGAGG
13:30:54.009 - INFO - CDS - contig=contig_1, start=6498, stop=7649, strand=+, frame=3, truncated=no, start-type=ATG, RBS-motif=GGAG/GAGG
13:30:54.009 - INFO - CDS - contig=contig_1, start=7845, stop=8210, strand=+, frame=3, truncated=no, start-type=GTG, RBS-motif=GGAG/GAGG
13:30:54.009 - INFO - CDS - contig=contig_1, start=8291, stop=8755, strand=+, frame=2, truncated=no, start-type=ATG, RBS-motif=AGGAGG
13:30:54.009 - INFO - CDS - contig=contig_1, start=8764, stop=9258, strand=+, frame=1, truncated=no, start-type=ATG, RBS-motif=GGAG/GAGG
13:30:54.009 - INFO - CDS - contig=contig_1, start=9315, stop=10037, strand=-, frame=1, truncated=no, start-type=ATG, RBS-motif=4Base/6BMM
13:30:54.009 - INFO - CDS - contig=contig_1, start=10195, stop=10719, strand=+, frame=1, truncated=no, start-type=ATG, RBS-motif=AGGAGG
13:30:54.009 - INFO - CDS - contig=contig_1, start=10716, stop=11084, strand=-, frame=1, truncated=no, start-type=ATG, RBS-motif=AGGAG
13:30:54.009 - INFO - CDS - contig=contig_1, start=11098, stop=12108, strand=-, frame=3, truncated=no, start-type=ATG, RBS-motif=GGA/GAG/AGG
13:30:54.009 - INFO - CDS - contig=contig_1, start=12262, stop=12744, strand=+, frame=1, truncated=no, start-type=ATG, RBS-motif=GGA/GAG/AGG
13:30:54.010 - INFO - CDS - contig=contig_1, start=12776, stop=13387, strand=+, frame=2, truncated=no, start-type=ATG, RBS-motif=GGAG/GAGG
13:30:54.010 - INFO - CDS - contig=contig_1, start=13387, stop=14136, strand=+, frame=1, truncated=no, start-type=ATG, RBS-motif=AGxAGG/AGGxGG
13:30:54.010 - INFO - CDS - contig=contig_1, start=14175, stop=15650, strand=+, frame=3, truncated=no, start-type=ATG, RBS-motif=AGGAG
13:30:54.010 - INFO - CDS - contig=contig_1, start=15849, stop=16646, strand=+, frame=3, truncated=no, start-type=ATG, RBS-motif=AGGAG
13:30:54.010 - INFO - CDS - contig=contig_1, start=16722, stop=17399, strand=-, frame=1, truncated=no, start-type=ATG, RBS-motif=AGGA
13:30:54.010 - INFO - CDS - contig=contig_1, start=17559, stop=18779, strand=+, frame=3, truncated=no, start-type=ATG, RBS-motif=AGGA
13:30:54.010 - INFO - CDS - contig=contig_1, start=18892, stop=20298, strand=+, frame=1, truncated=no, start-type=ATG, RBS-motif=AGGAG
13:30:54.010 - INFO - CDS - contig=contig_1, start=20387, stop=21541, strand=+, frame=2, truncated=no, start-type=ATG, RBS-motif=AGGAGG
13:30:54.010 - INFO - CDS - contig=contig_1, start=21556, stop=22788, strand=+, frame=1, truncated=no, start-type=ATG, RBS-motif=AGGAGG
13:30:54.010 - INFO - CDS - contig=contig_1, start=23182, stop=23505, strand=+, frame=1, truncated=no, start-type=ATG, RBS-motif=AGGAG
13:30:54.010 - INFO - CDS - contig=contig_1, start=23489, stop=24319, strand=+, frame=2, truncated=no, start-type=ATG, RBS-motif=AGGA/GGAG/GAGG
13:30:54.010 - INFO - CDS - contig=contig_1, start=24298, stop=24621, strand=+, frame=1, truncated=no, start-type=ATG, RBS-motif=AGGAG
13:30:54.010 - INFO - CDS - contig=contig_1, start=24668, stop=26107, strand=-, frame=2, truncated=no, start-type=ATG, RBS-motif=AGGAG
13:30:54.010 - INFO - CDS - contig=contig_1, start=26176, stop=27144, strand=-, frame=3, truncated=no, start-type=ATG, RBS-motif=AGGAGG
13:30:54.011 - INFO - CDS - contig=contig_1, start=27141, stop=28280, strand=-, frame=1, truncated=no, start-type=ATG, RBS-motif=GGxGG
13:30:54.011 - INFO - CDS - contig=contig_1, start=28277, stop=29812, strand=-, frame=2, truncated=no, start-type=ATG, RBS-motif=AGGAGG
13:30:54.011 - INFO - CDS - contig=contig_1, start=30053, stop=31240, strand=-, frame=2, truncated=no, start-type=ATG, RBS-motif=AGGAGG
13:30:54.011 - INFO - CDS - contig=contig_1, start=31424, stop=32173, strand=-, frame=2, truncated=no, start-type=ATG, RBS-motif=AGGAG
13:30:54.011 - INFO - CDS - contig=contig_1, start=32188, stop=32625, strand=-, frame=3, truncated=no, start-type=ATG, RBS-motif=GGAGG
13:30:54.011 - INFO - CDS - contig=contig_1, start=32627, stop=33283, strand=-, frame=2, truncated=no, start-type=ATG, RBS-motif=AGxAGG/AGGxGG
13:30:54.011 - INFO - CDS - contig=contig_1, start=33376, stop=34812, strand=-, frame=3, truncated=no, start-type=ATG, RBS-motif=AGGAGG
13:30:54.011 - INFO - CDS - contig=contig_1, start=34809, stop=36257, strand=-, frame=1, truncated=no, start-type=ATG, RBS-motif=AGxAGG/AGGxGG
13:30:54.011 - INFO - CDS - contig=contig_1, start=36254, stop=36544, strand=-, frame=2, truncated=no, start-type=ATG, RBS-motif=AGGAGG
13:30:54.011 - INFO - CDS - contig=contig_1, start=36563, stop=37885, strand=-, frame=2, truncated=no, start-type=ATG, RBS-motif=GGA/GAG/AGG
13:30:54.011 - INFO - CDS - contig=contig_1, start=38329, stop=38898, strand=+, frame=1, truncated=no, start-type=ATG, RBS-motif=GGAG/GAGG
13:30:54.011 - INFO - CDS - contig=contig_1, start=38973, stop=39455, strand=+, frame=3, truncated=no, start-type=ATG, RBS-motif=AGGAGG
13:30:54.011 - INFO - CDS - contig=contig_1, start=39455, stop=40627, strand=+, frame=2, truncated=no, start-type=ATG, RBS-motif=3Base/5BMM
13:30:54.011 - INFO - CDS - contig=contig_1, start=40659, stop=41261, strand=+, frame=3, truncated=no, start-type=ATG, RBS-motif=AGGAG
13:30:54.011 - INFO - CDS - contig=contig_1, start=41298, stop=42581, strand=+, frame=3, truncated=no, start-type=ATG, RBS-motif=AGGAGG
13:30:54.012 - INFO - CDS - contig=contig_1, start=42631, stop=43497, strand=+, frame=1, truncated=no, start-type=GTG, RBS-motif=GGAGG
13:30:54.012 - INFO - CDS - contig=contig_1, start=43553, stop=44206, strand=+, frame=2, truncated=no, start-type=TTG, RBS-motif=AGxAGG/AGGxGG
13:30:54.012 - INFO - CDS - contig=contig_1, start=44211, stop=44369, strand=+, frame=3, truncated=no, start-type=ATG, RBS-motif=AGGAG
13:30:54.012 - INFO - CDS - contig=contig_1, start=44678, stop=45997, strand=+, frame=2, truncated=no, start-type=GTG, RBS-motif=None
13:30:54.012 - INFO - CDS - contig=contig_1, start=46046, stop=47089, strand=-, frame=2, truncated=no, start-type=ATG, RBS-motif=AGGAGG
13:30:54.012 - INFO - CDS - contig=contig_1, start=47271, stop=48599, strand=+, frame=3, truncated=no, start-type=ATG, RBS-motif=AGGAGG
13:30:54.012 - INFO - CDS - contig=contig_1, start=48684, stop=49721, strand=+, frame=3, truncated=no, start-type=GTG, RBS-motif=AGxAGG/AGGxGG
13:30:54.012 - INFO - CDS - contig=contig_1, start=49755, stop=51629, strand=+, frame=3, truncated=no, start-type=TTG, RBS-motif=GGAG/GAGG
13:30:54.012 - INFO - CDS - contig=contig_1, start=51657, stop=52226, strand=+, frame=3, truncated=no, start-type=GTG, RBS-motif=GGAGG
13:30:54.012 - INFO - CDS - contig=contig_1, start=52461, stop=53087, strand=+, frame=3, truncated=no, start-type=ATG, RBS-motif=AGGAGG
13:30:54.012 - INFO - CDS - contig=contig_1, start=53183, stop=55240, strand=-, frame=2, truncated=no, start-type=TTG, RBS-motif=GGAGG
13:30:54.012 - INFO - CDS - contig=contig_1, start=55225, stop=55563, strand=-, frame=3, truncated=no, start-type=ATG, RBS-motif=AGGAGG
13:30:54.012 - INFO - CDS - contig=contig_1, start=55764, stop=58436, strand=-, frame=1, truncated=no, start-type=ATG, RBS-motif=GGAGG
13:30:54.012 - INFO - CDS - contig=contig_1, start=58731, stop=59846, strand=-, frame=1, truncated=no, start-type=ATG, RBS-motif=AGxAGG/AGGxGG
13:30:54.013 - INFO - CDS - contig=contig_1, start=59843, stop=61054, strand=-, frame=2, truncated=no, start-type=ATG, RBS-motif=GGA/GAG/AGG
13:30:54.013 - INFO - CDS - contig=contig_1, start=61047, stop=62234, strand=-, frame=1, truncated=no, start-type=ATG, RBS-motif=AGGAG
13:30:54.013 - INFO - CDS - contig=contig_1, start=62364, stop=62513, strand=+, frame=3, truncated=no, start-type=ATG, RBS-motif=GGAG/GAGG
13:30:54.013 - INFO - CDS - contig=contig_1, start=62561, stop=63130, strand=-, frame=2, truncated=no, start-type=ATG, RBS-motif=GGA/GAG/AGG
13:30:54.013 - INFO - CDS - contig=contig_1, start=63108, stop=63656, strand=-, frame=1, truncated=no, start-type=ATG, RBS-motif=AGGAGG
13:30:54.013 - INFO - CDS - contig=contig_1, start=63673, stop=64353, strand=-, frame=3, truncated=no, start-type=ATG, RBS-motif=GGAGG
13:30:54.013 - INFO - CDS - contig=contig_1, start=64355, stop=65077, strand=-, frame=2, truncated=no, start-type=TTG, RBS-motif=GGAGG
13:30:54.013 - INFO - CDS - contig=contig_1, start=65344, stop=66219, strand=+, frame=1, truncated=no, start-type=GTG, RBS-motif=GGAGG
13:30:54.013 - INFO - CDS - contig=contig_1, start=66254, stop=68392, strand=-, frame=2, truncated=no, start-type=ATG, RBS-motif=AGGAGG
13:30:54.013 - INFO - CDS - contig=contig_1, start=68376, stop=69284, strand=-, frame=1, truncated=no, start-type=ATG, RBS-motif=AGGAGG
13:30:54.013 - INFO - CDS - contig=contig_1, start=69470, stop=71386, strand=-, frame=2, truncated=no, start-type=ATG, RBS-motif=GGAGG
13:30:54.013 - INFO - CDS - contig=contig_1, start=71506, stop=72261, strand=-, frame=3, truncated=no, start-type=ATG, RBS-motif=AGGAGG
13:30:54.013 - INFO - CDS - contig=contig_1, start=72258, stop=74540, strand=-, frame=1, truncated=no, start-type=ATG, RBS-motif=None
13:30:54.013 - INFO - CDS - contig=contig_1, start=74669, stop=74953, strand=-, frame=2, truncated=no, start-type=ATG, RBS-motif=GGAGG
13:30:54.013 - INFO - CDS - contig=contig_1, start=75029, stop=76516, strand=-, frame=2, truncated=no, start-type=ATG, RBS-motif=GGAGG
13:30:54.014 - INFO - CDS - contig=contig_1, start=76649, stop=80005, strand=+, frame=2, truncated=no, start-type=ATG, RBS-motif=AGxAGG/AGGxGG
13:30:54.014 - INFO - CDS - contig=contig_1, start=79989, stop=83795, strand=+, frame=3, truncated=no, start-type=ATG, RBS-motif=None
13:30:54.014 - INFO - CDS - contig=contig_1, start=83954, stop=85234, strand=+, frame=2, truncated=no, start-type=ATG, RBS-motif=AGxAGG/AGGxGG
13:30:54.014 - INFO - CDS - contig=contig_1, start=85237, stop=86517, strand=+, frame=1, truncated=no, start-type=ATG, RBS-motif=GGAGG
13:30:54.014 - INFO - CDS - contig=contig_1, start=86514, stop=87491, strand=+, frame=3, truncated=no, start-type=ATG, RBS-motif=AGxAGG/AGGxGG
13:30:54.014 - INFO - CDS - contig=contig_1, start=87478, stop=88320, strand=+, frame=1, truncated=no, start-type=ATG, RBS-motif=AGGAGG
13:30:54.014 - INFO - CDS - contig=contig_1, start=88393, stop=88848, strand=+, frame=1, truncated=no, start-type=ATG, RBS-motif=AGGAG
13:30:54.014 - INFO - CDS - contig=contig_1, start=89073, stop=89690, strand=+, frame=3, truncated=no, start-type=ATG, RBS-motif=GGAGG
13:30:54.014 - INFO - CDS - contig=contig_1, start=89703, stop=90077, strand=+, frame=3, truncated=no, start-type=ATG, RBS-motif=AGGAGG
13:30:54.014 - INFO - CDS - contig=contig_1, start=90232, stop=91044, strand=+, frame=1, truncated=no, start-type=ATG, RBS-motif=AGGAG
13:30:54.014 - INFO - CDS - contig=contig_1, start=91052, stop=91927, strand=+, frame=2, truncated=no, start-type=ATG, RBS-motif=None
13:30:54.014 - INFO - CDS - contig=contig_1, start=91924, stop=92766, strand=+, frame=1, truncated=no, start-type=ATG, RBS-motif=AGGAGG
13:30:54.014 - INFO - CDS - contig=contig_1, start=92763, stop=93518, strand=+, frame=3, truncated=no, start-type=TTG, RBS-motif=AGGAGG
13:30:54.014 - INFO - CDS - contig=contig_1, start=93518, stop=94156, strand=+, frame=2, truncated=no, start-type=ATG, RBS-motif=GGAGG
13:30:54.015 - INFO - CDS - contig=contig_1, start=94162, stop=94836, strand=+, frame=1, truncated=no, start-type=ATG, RBS-motif=GGA/GAG/AGG
13:30:54.015 - INFO - CDS - contig=contig_1, start=94833, stop=96488, strand=+, frame=3, truncated=no, start-type=ATG, RBS-motif=GGAGG
13:30:54.015 - INFO - CDS - contig=contig_1, start=97230, stop=97571, strand=+, frame=3, truncated=no, start-type=ATG, RBS-motif=GGA/GAG/AGG
13:30:54.015 - INFO - CDS - contig=contig_1, start=97568, stop=98437, strand=+, frame=2, truncated=no, start-type=ATG, RBS-motif=AGGAG
13:30:54.015 - INFO - CDS - contig=contig_1, start=98437, stop=98622, strand=+, frame=1, truncated=no, start-type=ATG, RBS-motif=GGAG/GAGG
13:30:54.015 - INFO - CDS - contig=contig_1, start=98972, stop=99745, strand=+, frame=2, truncated=no, start-type=GTG, RBS-motif=AGGAGG
13:30:54.015 - INFO - CDS - contig=contig_1, start=99738, stop=100766, strand=+, frame=3, truncated=no, start-type=ATG, RBS-motif=AGGAGG
13:30:54.015 - INFO - CDS - contig=contig_1, start=101547, stop=101915, strand=+, frame=3, truncated=no, start-type=ATG, RBS-motif=AGGA
13:30:54.015 - INFO - CDS - contig=contig_1, start=102113, stop=109210, strand=+, frame=2, truncated=no, start-type=TTG, RBS-motif=None
13:30:54.015 - INFO - CDS - contig=contig_1, start=109435, stop=110532, strand=+, frame=1, truncated=no, start-type=ATG, RBS-motif=GGAGG
13:30:54.015 - INFO - CDS - contig=contig_1, start=110557, stop=110655, strand=+, frame=1, truncated=no, start-type=ATG, RBS-motif=AGGAG
13:30:54.015 - INFO - CDS - contig=contig_1, start=110688, stop=111581, strand=+, frame=3, truncated=no, start-type=ATG, RBS-motif=AGGAGG
13:30:54.015 - INFO - CDS - contig=contig_1, start=111637, stop=112158, strand=+, frame=1, truncated=no, start-type=ATG, RBS-motif=AGGAG
13:30:54.015 - INFO - CDS - contig=contig_1, start=112142, stop=112726, strand=+, frame=2, truncated=no, start-type=ATG, RBS-motif=GGAGG
13:30:54.015 - INFO - CDS - contig=contig_1, start=112738, stop=113808, strand=+, frame=1, truncated=no, start-type=ATG, RBS-motif=GGAG/GAGG
13:30:54.016 - INFO - CDS - contig=contig_1, start=113945, stop=114922, strand=+, frame=2, truncated=no, start-type=ATG, RBS-motif=3Base/5BMM
13:30:54.016 - INFO - CDS - contig=contig_1, start=115154, stop=115636, strand=+, frame=2, truncated=no, start-type=TTG, RBS-motif=GGAGG
13:30:54.016 - INFO - CDS - contig=contig_1, start=115617, stop=116852, strand=+, frame=3, truncated=no, start-type=GTG, RBS-motif=AGxAGG/AGGxGG
13:30:54.016 - INFO - CDS - contig=contig_1, start=116974, stop=118185, strand=+, frame=1, truncated=no, start-type=ATG, RBS-motif=GGAGG
13:30:54.016 - INFO - CDS - contig=contig_1, start=118426, stop=118752, strand=+, frame=1, truncated=no, start-type=ATG, RBS-motif=AGGAG
13:30:54.016 - INFO - CDS - contig=contig_1, start=118769, stop=119452, strand=+, frame=2, truncated=no, start-type=TTG, RBS-motif=AGGAGG
13:30:54.016 - INFO - CDS - contig=contig_1, start=119456, stop=119743, strand=+, frame=2, truncated=no, start-type=ATG, RBS-motif=GGAGG
13:30:54.016 - INFO - CDS - contig=contig_1, start=119736, stop=120104, strand=+, frame=3, truncated=no, start-type=ATG, RBS-motif=GGAGG
13:30:54.016 - INFO - CDS - contig=contig_1, start=120113, stop=120826, strand=+, frame=2, truncated=no, start-type=TTG, RBS-motif=GGA/GAG/AGG
13:30:54.016 - INFO - CDS - contig=contig_1, start=120823, stop=121269, strand=+, frame=1, truncated=no, start-type=ATG, RBS-motif=GGAGG
13:30:54.016 - INFO - CDS - contig=contig_1, start=121279, stop=122835, strand=+, frame=1, truncated=no, start-type=TTG, RBS-motif=GGAG/GAGG
13:30:54.016 - INFO - CDS - contig=contig_1, start=122852, stop=123214, strand=+, frame=2, truncated=no, start-type=ATG, RBS-motif=AGGAGG
13:30:54.016 - INFO - CDS - contig=contig_1, start=123292, stop=123555, strand=+, frame=1, truncated=no, start-type=ATG, RBS-motif=AGGAGG
13:30:54.016 - INFO - CDS - contig=contig_1, start=123616, stop=123897, strand=+, frame=1, truncated=no, start-type=ATG, RBS-motif=AGGAGG
13:30:54.016 - INFO - CDS - contig=contig_1, start=123968, stop=124804, strand=+, frame=2, truncated=no, start-type=TTG, RBS-motif=AGGAGG
13:30:54.016 - INFO - CDS - contig=contig_1, start=124816, stop=125025, strand=+, frame=1, truncated=no, start-type=ATG, RBS-motif=GGAG/GAGG
13:30:54.016 - INFO - CDS - contig=contig_1, start=125035, stop=125358, strand=+, frame=1, truncated=no, start-type=ATG, RBS-motif=AGGAGG
13:30:54.017 - INFO - CDS - contig=contig_1, start=125358, stop=125840, strand=+, frame=3, truncated=no, start-type=ATG, RBS-motif=GGxGG
13:30:54.017 - INFO - CDS - contig=contig_1, start=126446, stop=127165, strand=+, frame=2, truncated=no, start-type=ATG, RBS-motif=GGA/GAG/AGG
13:30:54.017 - INFO - CDS - contig=contig_1, start=127162, stop=127257, strand=+, frame=1, truncated=no, start-type=ATG, RBS-motif=AGxAGG/AGGxGG
13:30:54.017 - INFO - CDS - contig=contig_1, start=127384, stop=127986, strand=+, frame=1, truncated=no, start-type=ATG, RBS-motif=GGA/GAG/AGG
13:30:54.017 - INFO - CDS - contig=contig_1, start=127983, stop=128429, strand=+, frame=3, truncated=no, start-type=GTG, RBS-motif=GGAGG
13:30:54.017 - INFO - CDS - contig=contig_1, start=128448, stop=129290, strand=+, frame=3, truncated=no, start-type=TTG, RBS-motif=GGAGG
13:30:54.017 - INFO - CDS - contig=contig_1, start=129280, stop=130035, strand=+, frame=1, truncated=no, start-type=ATG, RBS-motif=AGGAGG
13:30:54.017 - INFO - CDS - contig=contig_1, start=130025, stop=131401, strand=+, frame=2, truncated=no, start-type=ATG, RBS-motif=GGAGG
13:30:54.017 - INFO - CDS - contig=contig_1, start=131398, stop=132327, strand=+, frame=1, truncated=no, start-type=TTG, RBS-motif=AGGAGG
13:30:54.017 - INFO - CDS - contig=contig_1, start=132832, stop=133704, strand=+, frame=1, truncated=no, start-type=TTG, RBS-motif=GGAG/GAGG
13:30:54.017 - INFO - CDS - contig=contig_1, start=133722, stop=134117, strand=+, frame=3, truncated=no, start-type=TTG, RBS-motif=GGAGG
13:30:54.017 - INFO - CDS - contig=contig_1, start=134114, stop=134659, strand=+, frame=2, truncated=no, start-type=ATG, RBS-motif=GGAGG
13:30:54.017 - INFO - CDS - contig=contig_1, start=134813, stop=135358, strand=+, frame=2, truncated=no, start-type=ATG, RBS-motif=AGGAGG
13:30:54.017 - INFO - CDS - contig=contig_1, start=135439, stop=137139, strand=+, frame=1, truncated=no, start-type=TTG, RBS-motif=GGAGG
13:30:54.017 - INFO - CDS - contig=contig_1, start=137136, stop=137567, strand=+, frame=3, truncated=no, start-type=ATG, RBS-motif=GGA/GAG/AGG
13:30:54.017 - INFO - CDS - contig=contig_1, start=137564, stop=137938, strand=+, frame=2, truncated=no, start-type=ATG, RBS-motif=AGxAGG/AGGxGG
13:30:54.017 - INFO - CDS - contig=contig_1, start=137968, stop=138666, strand=+, frame=1, truncated=no, start-type=TTG, RBS-motif=GGAG/GAGG
13:30:54.018 - INFO - CDS - contig=contig_1, start=138669, stop=139613, strand=+, frame=3, truncated=no, start-type=ATG, RBS-motif=GGA/GAG/AGG
13:30:54.018 - INFO - CDS - contig=contig_1, start=139629, stop=141455, strand=+, frame=3, truncated=no, start-type=TTG, RBS-motif=GGAGG
13:30:54.018 - INFO - CDS - contig=contig_1, start=141519, stop=141998, strand=+, frame=3, truncated=no, start-type=ATG, RBS-motif=GGAGG
13:30:54.018 - INFO - CDS - contig=contig_1, start=142013, stop=142840, strand=+, frame=2, truncated=no, start-type=TTG, RBS-motif=GGAGG
13:30:54.018 - INFO - CDS - contig=contig_1, start=142852, stop=143001, strand=+, frame=1, truncated=no, start-type=ATG, RBS-motif=AGGAG
13:30:54.018 - INFO - CDS - contig=contig_1, start=142979, stop=144013, strand=+, frame=2, truncated=no, start-type=ATG, RBS-motif=GGAGG
13:30:54.018 - INFO - CDS - contig=contig_1, start=144046, stop=144573, strand=+, frame=1, truncated=no, start-type=ATG, RBS-motif=GGAGG
13:30:54.018 - INFO - CDS - contig=contig_1, start=145435, stop=146232, strand=-, frame=3, truncated=no, start-type=ATG, RBS-motif=AGGAG
13:30:54.018 - INFO - CDS - contig=contig_1, start=147020, stop=148093, strand=-, frame=2, truncated=no, start-type=ATG, RBS-motif=AGGA
13:30:54.018 - INFO - CDS - contig=contig_1, start=149555, stop=150085, strand=+, frame=2, truncated=no, start-type=GTG, RBS-motif=AGxAGG/AGGxGG
13:30:54.018 - INFO - CDS - contig=contig_1, start=150146, stop=151009, strand=+, frame=2, truncated=no, start-type=TTG, RBS-motif=AGGAGG
13:30:54.018 - INFO - CDS - contig=contig_1, start=152606, stop=152761, strand=-, frame=2, truncated=no, start-type=ATG, RBS-motif=GGAG/GAGG
13:30:54.018 - INFO - CDS - contig=contig_1, start=152840, stop=153349, strand=+, frame=2, truncated=no, start-type=TTG, RBS-motif=GGAGG
13:30:54.018 - INFO - CDS - contig=contig_1, start=153885, stop=154244, strand=+, frame=3, truncated=no, start-type=ATG, RBS-motif=AGGAGG
13:30:54.018 - INFO - CDS - contig=contig_1, start=154295, stop=154558, strand=+, frame=2, truncated=no, start-type=TTG, RBS-motif=AGGAGG
13:30:54.018 - INFO - CDS - contig=contig_1, start=154690, stop=156357, strand=+, frame=1, truncated=no, start-type=ATG, RBS-motif=GGAGG
13:30:54.018 - INFO - CDS - contig=contig_1, start=156358, stop=158061, strand=+, frame=1, truncated=no, start-type=ATG, RBS-motif=AGGAGG
13:30:54.019 - INFO - CDS - contig=contig_1, start=158066, stop=159703, strand=+, frame=2, truncated=no, start-type=ATG, RBS-motif=AGGAGG
13:30:54.019 - INFO - CDS - contig=contig_1, start=159690, stop=160031, strand=+, frame=3, truncated=no, start-type=GTG, RBS-motif=AGGAGG
13:30:54.019 - INFO - CDS - contig=contig_1, start=160155, stop=161627, strand=+, frame=3, truncated=no, start-type=ATG, RBS-motif=GGA/GAG/AGG
13:30:54.019 - INFO - CDS - contig=contig_1, start=161716, stop=162840, strand=-, frame=3, truncated=no, start-type=ATG, RBS-motif=GGAGG
13:30:54.019 - INFO - CDS - contig=contig_1, start=163057, stop=163476, strand=+, frame=1, truncated=no, start-type=ATG, RBS-motif=AGGAGG
13:30:54.019 - INFO - CDS - contig=contig_1, start=163515, stop=163895, strand=-, frame=1, truncated=no, start-type=ATG, RBS-motif=AGGAGG
13:30:54.019 - INFO - CDS - contig=contig_1, start=163892, stop=164572, strand=-, frame=2, truncated=no, start-type=ATG, RBS-motif=AGGAGG
13:30:54.019 - INFO - CDS - contig=contig_1, start=164777, stop=165445, strand=+, frame=2, truncated=no, start-type=ATG, RBS-motif=AGGAGG
13:30:54.019 - INFO - CDS - contig=contig_1, start=165468, stop=166052, strand=+, frame=3, truncated=no, start-type=ATG, RBS-motif=AGxAGG/AGGxGG
13:30:54.019 - INFO - CDS - contig=contig_1, start=166054, stop=166488, strand=+, frame=1, truncated=no, start-type=ATG, RBS-motif=AGxAGG/AGGxGG
13:30:54.019 - INFO - CDS - contig=contig_1, start=166516, stop=168057, strand=+, frame=1, truncated=no, start-type=ATG, RBS-motif=GGAGG
13:30:54.019 - INFO - CDS - contig=contig_1, start=168268, stop=168801, strand=-, frame=3, truncated=no, start-type=ATG, RBS-motif=GGAG/GAGG
13:30:54.019 - INFO - CDS - contig=contig_1, start=168991, stop=169179, strand=+, frame=1, truncated=no, start-type=ATG, RBS-motif=AGGAGG
13:30:54.019 - INFO - CDS - contig=contig_1, start=169180, stop=170256, strand=+, frame=1, truncated=no, start-type=ATG, RBS-motif=AGGA
13:30:54.020 - INFO - CDS - contig=contig_1, start=170256, stop=170576, strand=+, frame=3, truncated=no, start-type=ATG, RBS-motif=AGGA
13:30:54.020 - INFO - CDS - contig=contig_1, start=170584, stop=171738, strand=+, frame=1, truncated=no, start-type=ATG, RBS-motif=AGGAGG
13:30:54.020 - INFO - CDS - contig=contig_1, start=172059, stop=173402, strand=+, frame=3, truncated=no, start-type=ATG, RBS-motif=AGGAGG
13:30:54.020 - INFO - CDS - contig=contig_1, start=173363, stop=173485, strand=+, frame=2, truncated=no, start-type=ATG, RBS-motif=AGGAG
13:30:54.020 - INFO - CDS - contig=contig_1, start=173911, stop=175830, strand=+, frame=1, truncated=no, start-type=ATG, RBS-motif=GGAGG
13:30:54.020 - INFO - CDS - contig=contig_1, start=176898, stop=178229, strand=+, frame=3, truncated=no, start-type=ATG, RBS-motif=GGAG/GAGG
13:30:54.020 - INFO - CDS - contig=contig_1, start=178275, stop=178817, strand=+, frame=3, truncated=no, start-type=ATG, RBS-motif=AGGAG
13:30:54.020 - INFO - CDS - contig=contig_1, start=178926, stop=179741, strand=+, frame=3, truncated=no, start-type=ATG, RBS-motif=GGAG/GAGG
13:30:54.020 - INFO - CDS - contig=contig_1, start=179743, stop=180960, strand=+, frame=1, truncated=no, start-type=ATG, RBS-motif=AGGAGG
13:30:54.020 - INFO - CDS - contig=contig_1, start=181074, stop=185615, strand=+, frame=3, truncated=no, start-type=ATG, RBS-motif=GGA/GAG/AGG
13:30:54.020 - INFO - CDS - contig=contig_1, start=185615, stop=187072, strand=+, frame=2, truncated=no, start-type=ATG, RBS-motif=GGAGG
13:30:54.020 - INFO - CDS - contig=contig_1, start=187139, stop=187747, strand=-, frame=2, truncated=no, start-type=ATG, RBS-motif=AGGAG(G)/GGAGG
13:30:54.020 - INFO - CDS - contig=contig_1, start=187751, stop=188212, strand=-, frame=2, truncated=no, start-type=TTG, RBS-motif=AGGAGG
13:30:54.020 - INFO - CDS - contig=contig_1, start=188358, stop=189104, strand=+, frame=3, truncated=no, start-type=ATG, RBS-motif=GGAGG
13:30:54.020 - INFO - CDS - contig=contig_1, start=189242, stop=190615, strand=+, frame=2, truncated=no, start-type=ATG, RBS-motif=GGAG/GAGG
13:30:54.021 - INFO - CDS - contig=contig_1, start=190741, stop=191808, strand=+, frame=1, truncated=no, start-type=ATG, RBS-motif=GGA/GAG/AGG
13:30:54.021 - INFO - CDS - contig=contig_1, start=191762, stop=192319, strand=-, frame=2, truncated=no, start-type=ATG, RBS-motif=AGGAGG
13:30:54.021 - INFO - CDS - contig=contig_1, start=192429, stop=193502, strand=-, frame=1, truncated=no, start-type=ATG, RBS-motif=GGAGG
13:30:54.021 - INFO - CDS - contig=contig_1, start=193499, stop=194128, strand=-, frame=2, truncated=no, start-type=ATG, RBS-motif=AGGAG/GGAGG
13:30:54.021 - INFO - CDS - contig=contig_1, start=194297, stop=196273, strand=-, frame=2, truncated=no, start-type=ATG, RBS-motif=AGGAG/GGAGG
13:30:54.021 - INFO - CDS - contig=contig_1, start=196290, stop=196895, strand=-, frame=1, truncated=no, start-type=ATG, RBS-motif=AGxAGG/AGGxGG
13:30:54.021 - INFO - CDS - contig=contig_1, start=196910, stop=197581, strand=-, frame=2, truncated=no, start-type=ATG, RBS-motif=AGGAGG
13:30:54.021 - INFO - CDS - contig=contig_1, start=197624, stop=198874, strand=-, frame=2, truncated=no, start-type=ATG, RBS-motif=4Base/6BMM
13:30:54.021 - INFO - CDS - contig=contig_1, start=198901, stop=199899, strand=-, frame=3, truncated=no, start-type=ATG, RBS-motif=GGAGG
13:30:54.021 - INFO - CDS - contig=contig_1, start=199899, stop=200933, strand=-, frame=1, truncated=no, start-type=GTG, RBS-motif=AGGAGG
13:30:54.021 - INFO - CDS - contig=contig_1, start=200934, stop=201971, strand=-, frame=1, truncated=no, start-type=ATG, RBS-motif=AGGAG
13:30:54.021 - INFO - CDS - contig=contig_1, start=201986, stop=203377, strand=-, frame=2, truncated=no, start-type=ATG, RBS-motif=AGGAGG
13:30:54.021 - INFO - CDS - contig=contig_1, start=204075, stop=204803, strand=-, frame=1, truncated=no, start-type=ATG, RBS-motif=AGxAGG/AGGxGG
13:30:54.021 - INFO - CDS - contig=contig_1, start=204870, stop=205673, strand=-, frame=1, truncated=no, start-type=ATG, RBS-motif=AGGAG
13:30:54.021 - INFO - CDS - contig=contig_1, start=205661, stop=206377, strand=-, frame=2, truncated=no, start-type=GTG, RBS-motif=GGAGG
13:30:54.022 - INFO - CDS - contig=contig_1, start=206443, stop=206649, strand=-, frame=3, truncated=no, start-type=ATG, RBS-motif=GGAGG
13:30:54.022 - INFO - CDS - contig=contig_1, start=206810, stop=207343, strand=-, frame=2, truncated=no, start-type=ATG, RBS-motif=GGAG/GAGG
13:30:54.022 - INFO - CDS - contig=contig_1, start=207376, stop=208005, strand=-, frame=3, truncated=no, start-type=ATG, RBS-motif=GGAGG
13:30:54.022 - INFO - CDS - contig=contig_1, start=208335, stop=208772, strand=-, frame=1, truncated=no, start-type=ATG, RBS-motif=GGAGG
13:30:54.022 - INFO - CDS - contig=contig_1, start=208846, stop=209127, strand=-, frame=3, truncated=no, start-type=TTG, RBS-motif=GGAGG
13:30:54.022 - INFO - CDS - contig=contig_1, start=209223, stop=210353, strand=-, frame=1, truncated=no, start-type=GTG, RBS-motif=AGGAG
13:30:54.022 - INFO - CDS - contig=contig_1, start=210366, stop=210620, strand=-, frame=1, truncated=no, start-type=ATG, RBS-motif=AGGAGG
13:30:54.022 - INFO - CDS - contig=contig_1, start=210634, stop=211662, strand=-, frame=3, truncated=no, start-type=ATG, RBS-motif=GGA/GAG/AGG
13:30:54.022 - INFO - CDS - contig=contig_1, start=211679, stop=213364, strand=-, frame=2, truncated=no, start-type=ATG, RBS-motif=AGGAG
13:30:54.022 - INFO - CDS - contig=contig_1, start=213561, stop=214649, strand=+, frame=3, truncated=no, start-type=ATG, RBS-motif=GGAGG
13:30:54.022 - INFO - CDS - contig=contig_1, start=214678, stop=215568, strand=+, frame=1, truncated=no, start-type=ATG, RBS-motif=AGGA
13:30:54.022 - INFO - CDS - contig=contig_1, start=215591, stop=216355, strand=+, frame=2, truncated=no, start-type=ATG, RBS-motif=AGGA
13:30:54.022 - INFO - CDS - contig=contig_1, start=216399, stop=217580, strand=-, frame=1, truncated=no, start-type=ATG, RBS-motif=AGGAGG
13:30:54.022 - INFO - CDS - contig=contig_1, start=217620, stop=218846, strand=-, frame=1, truncated=no, start-type=ATG, RBS-motif=AGGA
13:30:54.022 - INFO - CDS - contig=contig_1, start=219176, stop=219943, strand=-, frame=2, truncated=no, start-type=ATG, RBS-motif=3Base/5BMM
13:30:54.022 - INFO - CDS - contig=contig_1, start=220082, stop=220438, strand=+, frame=2, truncated=no, start-type=GTG, RBS-motif=GGAGG
13:30:54.023 - INFO - CDS - contig=contig_1, start=220502, stop=222184, strand=+, frame=2, truncated=no, start-type=ATG, RBS-motif=AGGAG
13:30:54.023 - INFO - CDS - contig=contig_1, start=222206, stop=223234, strand=+, frame=2, truncated=no, start-type=ATG, RBS-motif=AGGAGG
13:30:54.023 - INFO - CDS - contig=contig_1, start=223301, stop=224236, strand=-, frame=2, truncated=no, start-type=ATG, RBS-motif=AGGAG
13:30:54.023 - INFO - CDS - contig=contig_1, start=224275, stop=225261, strand=-, frame=3, truncated=no, start-type=ATG, RBS-motif=GGA/GAG/AGG
13:30:54.023 - INFO - CDS - contig=contig_1, start=225276, stop=226712, strand=-, frame=1, truncated=no, start-type=ATG, RBS-motif=GGAG/GAGG
13:30:54.023 - INFO - CDS - contig=contig_1, start=226816, stop=228006, strand=-, frame=3, truncated=no, start-type=ATG, RBS-motif=AGGAGG
13:30:54.023 - INFO - CDS - contig=contig_1, start=228084, stop=228875, strand=-, frame=1, truncated=no, start-type=ATG, RBS-motif=AGGAG
13:30:54.023 - INFO - CDS - contig=contig_1, start=229715, stop=230557, strand=+, frame=2, truncated=no, start-type=ATG, RBS-motif=AGxAGG/AGGxGG
13:30:54.023 - INFO - CDS - contig=contig_1, start=230554, stop=232005, strand=+, frame=1, truncated=no, start-type=ATG, RBS-motif=AGGAGG
13:30:54.023 - INFO - CDS - contig=contig_1, start=231995, stop=232534, strand=+, frame=2, truncated=no, start-type=ATG, RBS-motif=GGAGG
13:30:54.023 - INFO - CDS - contig=contig_1, start=232593, stop=233276, strand=+, frame=3, truncated=no, start-type=ATG, RBS-motif=GGA/GAG/AGG
13:30:54.023 - INFO - CDS - contig=contig_1, start=233532, stop=233897, strand=+, frame=3, truncated=no, start-type=ATG, RBS-motif=AGGAG
13:30:54.023 - INFO - CDS - contig=contig_1, start=233971, stop=234219, strand=+, frame=1, truncated=no, start-type=ATG, RBS-motif=AGGAGG
13:30:54.023 - INFO - CDS - contig=contig_1, start=234236, stop=235033, strand=+, frame=2, truncated=no, start-type=ATG, RBS-motif=AGGAGG
13:30:54.023 - INFO - CDS - contig=contig_1, start=235020, stop=235784, strand=+, frame=3, truncated=no, start-type=ATG, RBS-motif=GGA/GAG/AGG
13:30:54.024 - INFO - CDS - contig=contig_1, start=37, stop=288, strand=-, nt=[ATGGAAGATA..GTCCGACTGA]
13:30:54.024 - INFO - CDS - contig=contig_1, start=389, stop=3097, strand=-, nt=[ATGAATCTTT..GCTGCGCTGA]
13:30:54.024 - INFO - CDS - contig=contig_1, start=3145, stop=3504, strand=-, nt=[ATGGCAGACT..GTGGGACTGA]
13:30:54.024 - INFO - CDS - contig=contig_1, start=3519, stop=4544, strand=-, nt=[ATGAAAGAAC..GCAGTTCTAA]
13:30:54.024 - INFO - CDS - contig=contig_1, start=4953, stop=5822, strand=+, nt=[ATGAAAGAGA..GGAGGAGTAA]
13:30:54.024 - INFO - CDS - contig=contig_1, start=5826, stop=6443, strand=+, nt=[GTGCGCAAAC..GGAGACTTGA]
13:30:54.024 - INFO - CDS - contig=contig_1, start=6498, stop=7649, strand=+, nt=[ATGGACGTTC..GCGGAGCTGA]
13:30:54.024 - INFO - CDS - contig=contig_1, start=7845, stop=8210, strand=+, nt=[GTGGACGTCA..GATGGTATGA]
13:30:54.024 - INFO - CDS - contig=contig_1, start=8291, stop=8755, strand=+, nt=[ATGAAGAGCG..CTGGAAGTGA]
13:30:54.024 - INFO - CDS - contig=contig_1, start=8764, stop=9258, strand=+, nt=[ATGGGATTTC..CCGGCAATAG]
13:30:54.024 - INFO - CDS - contig=contig_1, start=9315, stop=10037, strand=-, nt=[ATGGCATTTG..TTTCCTTTAA]
13:30:54.024 - INFO - CDS - contig=contig_1, start=10195, stop=10719, strand=+, nt=[ATGGAGGAAA..CGTGGGTTAG]
13:30:54.024 - INFO - CDS - contig=contig_1, start=10716, stop=11084, strand=-, nt=[ATGGATGTTT..CAAAAGCTAA]
13:30:54.024 - INFO - CDS - contig=contig_1, start=11098, stop=12108, strand=-, nt=[ATGCCAACCA..TATGTCCTGA]
13:30:54.024 - INFO - CDS - contig=contig_1, start=12262, stop=12744, strand=+, nt=[ATGATACGCA..TCAGCGGTAG]
13:30:54.024 - INFO - CDS - contig=contig_1, start=12776, stop=13387, strand=+, nt=[ATGGAAGAAC..GGAGGCATGA]
13:30:54.024 - INFO - CDS - contig=contig_1, start=13387, stop=14136, strand=+, nt=[ATGGGCGTCT..AAAGGGTTAA]
13:30:54.024 - INFO - CDS - contig=contig_1, start=14175, stop=15650, strand=+, nt=[ATGGTCAATC..CCCCCAGTAA]
13:30:54.024 - INFO - CDS - contig=contig_1, start=15849, stop=16646, strand=+, nt=[ATGAAAAAAC..CTACGGCTGA]
13:30:54.024 - INFO - CDS - contig=contig_1, start=16722, stop=17399, strand=-, nt=[ATGCCTATTC..GGATCCATAG]
13:30:54.024 - INFO - CDS - contig=contig_1, start=17559, stop=18779, strand=+, nt=[ATGACGGCGC..CACCCCCTGA]
13:30:54.024 - INFO - CDS - contig=contig_1, start=18892, stop=20298, strand=+, nt=[ATGGATATCT..GCGGAAGTAA]
13:30:54.024 - INFO - CDS - contig=contig_1, start=20387, stop=21541, strand=+, nt=[ATGTCTGCAT..TCCCAAATAA]
13:30:54.024 - INFO - CDS - contig=contig_1, start=21556, stop=22788, strand=+, nt=[ATGTTTAAGA..AGCGAAGTGA]
13:30:54.024 - INFO - CDS - contig=contig_1, start=23182, stop=23505, strand=+, nt=[ATGATATCAG..GAAGTTCTGA]
13:30:54.024 - INFO - CDS - contig=contig_1, start=23489, stop=24319, strand=+, nt=[ATGAGTGGAA..GACCACATAG]
13:30:54.024 - INFO - CDS - contig=contig_1, start=24298, stop=24621, strand=+, nt=[ATGGAAGGTT..CGAGAAATAG]
13:30:54.025 - INFO - CDS - contig=contig_1, start=24668, stop=26107, strand=-, nt=[ATGAACAAGA..GGGCGAATAA]
13:30:54.025 - INFO - CDS - contig=contig_1, start=26176, stop=27144, strand=-, nt=[ATGAACCTCA..CAAGCGGTGA]
13:30:54.025 - INFO - CDS - contig=contig_1, start=27141, stop=28280, strand=-, nt=[ATGAAGCAAA..GCGGGTATGA]
13:30:54.025 - INFO - CDS - contig=contig_1, start=28277, stop=29812, strand=-, nt=[ATGGCAACGG..GCAGGAATGA]
13:30:54.025 - INFO - CDS - contig=contig_1, start=30053, stop=31240, strand=-, nt=[ATGAAAGTGA..CGGCCTGTAA]
13:30:54.025 - INFO - CDS - contig=contig_1, start=31424, stop=32173, strand=-, nt=[ATGAATTTTT..CAACTGCTGA]
13:30:54.025 - INFO - CDS - contig=contig_1, start=32188, stop=32625, strand=-, nt=[ATGGAACATC..AATGCTGTAA]
13:30:54.025 - INFO - CDS - contig=contig_1, start=32627, stop=33283, strand=-, nt=[ATGGACGATC..GGAGGATTGA]
13:30:54.025 - INFO - CDS - contig=contig_1, start=33376, stop=34812, strand=-, nt=[ATGACCTGGG..GTCTTTCTAA]
13:30:54.025 - INFO - CDS - contig=contig_1, start=34809, stop=36257, strand=-, nt=[ATGACGGAAC..AGAAGTATGA]
13:30:54.025 - INFO - CDS - contig=contig_1, start=36254, stop=36544, strand=-, nt=[ATGAAGATCA..GGAATCATGA]
13:30:54.025 - INFO - CDS - contig=contig_1, start=36563, stop=37885, strand=-, nt=[ATGAAAACGA..GGAACCCTGA]
13:30:54.025 - INFO - CDS - contig=contig_1, start=38329, stop=38898, strand=+, nt=[ATGAACGAAT..CACCTACTGA]
13:30:54.025 - INFO - CDS - contig=contig_1, start=38973, stop=39455, strand=+, nt=[ATGGATACCA..GCTTGAGTGA]
13:30:54.025 - INFO - CDS - contig=contig_1, start=39455, stop=40627, strand=+, nt=[ATGATGGACT..GAAAAAATAA]
13:30:54.025 - INFO - CDS - contig=contig_1, start=40659, stop=41261, strand=+, nt=[ATGAATATCG..CATTGCCTGA]
13:30:54.025 - INFO - CDS - contig=contig_1, start=41298, stop=42581, strand=+, nt=[ATGGATGAAC..GATCCGGTAA]
13:30:54.025 - INFO - CDS - contig=contig_1, start=42631, stop=43497, strand=+, nt=[GTGGAGACGT..GGTGGATTAA]
13:30:54.025 - INFO - CDS - contig=contig_1, start=43553, stop=44206, strand=+, nt=[TTGTTATTGA..AAAGGAGTGA]
13:30:54.025 - INFO - CDS - contig=contig_1, start=44211, stop=44369, strand=+, nt=[ATGGAGAAGT..GAAGGCATAA]
13:30:54.025 - INFO - CDS - contig=contig_1, start=44678, stop=45997, strand=+, nt=[GTGGCGGCCC..GAAGGCGTAA]
13:30:54.025 - INFO - CDS - contig=contig_1, start=46046, stop=47089, strand=-, nt=[ATGAAACAGT..GGAGGCATAA]
13:30:54.025 - INFO - CDS - contig=contig_1, start=47271, stop=48599, strand=+, nt=[ATGAAACAGC..TTTGTTGTAA]
13:30:54.025 - INFO - CDS - contig=contig_1, start=48684, stop=49721, strand=+, nt=[GTGGCATTCA..ATCGGCTTGA]
13:30:54.025 - INFO - CDS - contig=contig_1, start=49755, stop=51629, strand=+, nt=[TTGAATATTT..GCTGGAATAA]
13:30:54.025 - INFO - CDS - contig=contig_1, start=51657, stop=52226, strand=+, nt=[GTGGTAGAGG..GCTGATCTGA]
13:30:54.025 - INFO - CDS - contig=contig_1, start=52461, stop=53087, strand=+, nt=[ATGCTTAAAA..AGGGATATAG]
13:30:54.026 - INFO - CDS - contig=contig_1, start=53183, stop=55240, strand=-, nt=[TTGGCCTCCC..GACCGGCTGA]
13:30:54.026 - INFO - CDS - contig=contig_1, start=55225, stop=55563, strand=-, nt=[ATGTCCGAGT..TCCCGGCTGA]
13:30:54.026 - INFO - CDS - contig=contig_1, start=55764, stop=58436, strand=-, nt=[ATGAGTAAGC..GGGGCTTTGA]
13:30:54.026 - INFO - CDS - contig=contig_1, start=58731, stop=59846, strand=-, nt=[ATGAAGGAAC..GGAGTCTTGA]
13:30:54.026 - INFO - CDS - contig=contig_1, start=59843, stop=61054, strand=-, nt=[ATGGATAAGC..CGCAGAATGA]
13:30:54.026 - INFO - CDS - contig=contig_1, start=61047, stop=62234, strand=-, nt=[ATGGCACAGG..CAATGGATAA]
13:30:54.026 - INFO - CDS - contig=contig_1, start=62364, stop=62513, strand=+, nt=[ATGTGCTGTG..CTGCTGCTGA]
13:30:54.026 - INFO - CDS - contig=contig_1, start=62561, stop=63130, strand=-, nt=[ATGGAACCCA..CTTCTCTTGA]
13:30:54.026 - INFO - CDS - contig=contig_1, start=63108, stop=63656, strand=-, nt=[ATGGTCTATA..TCGCCACTGA]
13:30:54.026 - INFO - CDS - contig=contig_1, start=63673, stop=64353, strand=-, nt=[ATGAAGGGAA..TCTTTCTTAA]
13:30:54.026 - INFO - CDS - contig=contig_1, start=64355, stop=65077, strand=-, nt=[TTGAAAACAG..AGGCAAGTGA]
13:30:54.026 - INFO - CDS - contig=contig_1, start=65344, stop=66219, strand=+, nt=[GTGAGCTTGG..AACGGAGTAA]
13:30:54.026 - INFO - CDS - contig=contig_1, start=66254, stop=68392, strand=-, nt=[ATGTCCAAGG..ATGGGAGTGA]
13:30:54.026 - INFO - CDS - contig=contig_1, start=68376, stop=69284, strand=-, nt=[ATGCCCAACT..AGGGGAATGA]
13:30:54.026 - INFO - CDS - contig=contig_1, start=69470, stop=71386, strand=-, nt=[ATGAATCGAC..TCCCACATAA]
13:30:54.026 - INFO - CDS - contig=contig_1, start=71506, stop=72261, strand=-, nt=[ATGAAATTTG..GGATGTTTGA]
13:30:54.026 - INFO - CDS - contig=contig_1, start=72258, stop=74540, strand=-, nt=[ATGCGTAAGC..GATGCAATGA]
13:30:54.026 - INFO - CDS - contig=contig_1, start=74669, stop=74953, strand=-, nt=[ATGTTTTGTT..CCGGGTCTGA]
13:30:54.026 - INFO - CDS - contig=contig_1, start=75029, stop=76516, strand=-, nt=[ATGGGAAAAT..GGAGCGGTAA]
13:30:54.026 - INFO - CDS - contig=contig_1, start=76649, stop=80005, strand=+, nt=[ATGGGGCTTT..ATCAATATAA]
13:30:54.026 - INFO - CDS - contig=contig_1, start=79989, stop=83795, strand=+, nt=[ATGGCCTATC..AAATCGTTAA]
13:30:54.026 - INFO - CDS - contig=contig_1, start=83954, stop=85234, strand=+, nt=[ATGGCTACCG..GGAGGGATGA]
13:30:54.026 - INFO - CDS - contig=contig_1, start=85237, stop=86517, strand=+, nt=[ATGGAAGAGA..AGCGGTATGA]
13:30:54.026 - INFO - CDS - contig=contig_1, start=86514, stop=87491, strand=+, nt=[ATGAGCTCGG..CCCTACTTGA]
13:30:54.026 - INFO - CDS - contig=contig_1, start=87478, stop=88320, strand=+, nt=[ATGACCCTAC..TTTGCTATAA]
13:30:54.027 - INFO - CDS - contig=contig_1, start=88393, stop=88848, strand=+, nt=[ATGAAGTGTC..GGAGAAATAA]
13:30:54.027 - INFO - CDS - contig=contig_1, start=89073, stop=89690, strand=+, nt=[ATGAAACGAG..GATTAAGTGA]
13:30:54.027 - INFO - CDS - contig=contig_1, start=89703, stop=90077, strand=+, nt=[ATGGAGAAAA..CTATGCGTAA]
13:30:54.027 - INFO - CDS - contig=contig_1, start=90232, stop=91044, strand=+, nt=[ATGAAGTTTG..TGTGAAGTGA]
13:30:54.027 - INFO - CDS - contig=contig_1, start=91052, stop=91927, strand=+, nt=[ATGAAGAACA..AGCCAAATGA]
13:30:54.027 - INFO - CDS - contig=contig_1, start=91924, stop=92766, strand=+, nt=[ATGAGCGGAA..AACAGCTTGA]
13:30:54.027 - INFO - CDS - contig=contig_1, start=92763, stop=93518, strand=+, nt=[TTGAGTGCAG..GTTCGGATAA]
13:30:54.027 - INFO - CDS - contig=contig_1, start=93518, stop=94156, strand=+, nt=[ATGCGTTCAA..CAAGGGGTGA]
13:30:54.027 - INFO - CDS - contig=contig_1, start=94162, stop=94836, strand=+, nt=[ATGATTTTTT..TAAGCTATGA]
13:30:54.027 - INFO - CDS - contig=contig_1, start=94833, stop=96488, strand=+, nt=[ATGACAAAAC..GCCGATATAG]
13:30:54.027 - INFO - CDS - contig=contig_1, start=97230, stop=97571, strand=+, nt=[ATGATTATAA..CAAAAAATGA]
13:30:54.027 - INFO - CDS - contig=contig_1, start=97568, stop=98437, strand=+, nt=[ATGATCAACG..GGAACGCTGA]
13:30:54.027 - INFO - CDS - contig=contig_1, start=98437, stop=98622, strand=+, nt=[ATGAATCAGA..AGACATCTGA]
13:30:54.027 - INFO - CDS - contig=contig_1, start=98972, stop=99745, strand=+, nt=[GTGTGTAAGA..GTATGCCTAA]
13:30:54.027 - INFO - CDS - contig=contig_1, start=99738, stop=100766, strand=+, nt=[ATGCCTAACA..AGCCGTCTAA]
13:30:54.027 - INFO - CDS - contig=contig_1, start=101547, stop=101915, strand=+, nt=[ATGAACAAAC..CCCCCGCTGA]
13:30:54.027 - INFO - CDS - contig=contig_1, start=102113, stop=109210, strand=+, nt=[TTGGCGGATG..CGAGTTATAA]
13:30:54.027 - INFO - CDS - contig=contig_1, start=109435, stop=110532, strand=+, nt=[ATGATGAATG..GGAACTGTAA]
13:30:54.027 - INFO - CDS - contig=contig_1, start=110557, stop=110655, strand=+, nt=[ATGAAAAAAG..GATCCGGTGA]
13:30:54.027 - INFO - CDS - contig=contig_1, start=110688, stop=111581, strand=+, nt=[ATGCCGCTTG..AGTGGGATAA]
13:30:54.027 - INFO - CDS - contig=contig_1, start=111637, stop=112158, strand=+, nt=[ATGCGGCTGG..AGAATTATGA]
13:30:54.027 - INFO - CDS - contig=contig_1, start=112142, stop=112726, strand=+, nt=[ATGAGGAAGA..GGAACTGTGA]
13:30:54.027 - INFO - CDS - contig=contig_1, start=112738, stop=113808, strand=+, nt=[ATGCGAAGAA..GGAGGCTTGA]
13:30:54.027 - INFO - CDS - contig=contig_1, start=113945, stop=114922, strand=+, nt=[ATGTGCCAGA..GGAACGCTGA]
13:30:54.027 - INFO - CDS - contig=contig_1, start=115154, stop=115636, strand=+, nt=[TTGAAAGAAT..TGATTTATAA]
13:30:54.027 - INFO - CDS - contig=contig_1, start=115617, stop=116852, strand=+, nt=[GTGTCGATCC..GGAACCGTAG]
13:30:54.027 - INFO - CDS - contig=contig_1, start=116974, stop=118185, strand=+, nt=[ATGATTGACA..TGAATATTAA]
13:30:54.027 - INFO - CDS - contig=contig_1, start=118426, stop=118752, strand=+, nt=[ATGAACACAG..TTACTCGTAA]
13:30:54.027 - INFO - CDS - contig=contig_1, start=118769, stop=119452, strand=+, nt=[TTGCGGAGCA..GGGAGGATAG]
13:30:54.027 - INFO - CDS - contig=contig_1, start=119456, stop=119743, strand=+, nt=[ATGATGAACA..GTATGCGTGA]
13:30:54.027 - INFO - CDS - contig=contig_1, start=119736, stop=120104, strand=+, nt=[ATGCGTGACG..GGAAAGGTAG]
13:30:54.028 - INFO - CDS - contig=contig_1, start=120113, stop=120826, strand=+, nt=[TTGCGGCTGG..GGAGCCATGA]
13:30:54.028 - INFO - CDS - contig=contig_1, start=120823, stop=121269, strand=+, nt=[ATGAGGACCA..GAAAAAGTGA]
13:30:54.028 - INFO - CDS - contig=contig_1, start=121279, stop=122835, strand=+, nt=[TTGAAACTGA..TGATGAATAA]
13:30:54.028 - INFO - CDS - contig=contig_1, start=122852, stop=123214, strand=+, nt=[ATGAAAGAAA..CTATCAGTAA]
13:30:54.028 - INFO - CDS - contig=contig_1, start=123292, stop=123555, strand=+, nt=[ATGGCTAACT..CGCGGGCTGA]
13:30:54.028 - INFO - CDS - contig=contig_1, start=123616, stop=123897, strand=+, nt=[ATGGAGTTCA..TGCCGCCTGA]
13:30:54.028 - INFO - CDS - contig=contig_1, start=123968, stop=124804, strand=+, nt=[TTGGAATATA..GGGAAAGTGA]
13:30:54.028 - INFO - CDS - contig=contig_1, start=124816, stop=125025, strand=+, nt=[ATGGTGACAA..CTATTCGTAG]
13:30:54.028 - INFO - CDS - contig=contig_1, start=125035, stop=125358, strand=+, nt=[ATGGACGAGG..GCTTGAATAA]
13:30:54.028 - INFO - CDS - contig=contig_1, start=125358, stop=125840, strand=+, nt=[ATGTACGCAG..AGAAATGTGA]
13:30:54.028 - INFO - CDS - contig=contig_1, start=126446, stop=127165, strand=+, nt=[ATGCAGGGCC..ATCAAAATGA]
13:30:54.028 - INFO - CDS - contig=contig_1, start=127162, stop=127257, strand=+, nt=[ATGATGTTTC..GTATGCCTGA]
13:30:54.028 - INFO - CDS - contig=contig_1, start=127384, stop=127986, strand=+, nt=[ATGCTTGCCA..TGAGCGGTGA]
13:30:54.028 - INFO - CDS - contig=contig_1, start=127983, stop=128429, strand=+, nt=[GTGACGCCGC..TCAAATCTAA]
13:30:54.028 - INFO - CDS - contig=contig_1, start=128448, stop=129290, strand=+, nt=[TTGAACAAGA..TGGCGAATAA]
13:30:54.028 - INFO - CDS - contig=contig_1, start=129280, stop=130035, strand=+, nt=[ATGGCGAATA..TGGCAAATAA]
13:30:54.028 - INFO - CDS - contig=contig_1, start=130025, stop=131401, strand=+, nt=[ATGGCAAATA..AACCGCTTGA]
13:30:54.028 - INFO - CDS - contig=contig_1, start=131398, stop=132327, strand=+, nt=[TTGATTGTAC..TAAAAGATAA]
13:30:54.028 - INFO - CDS - contig=contig_1, start=132832, stop=133704, strand=+, nt=[TTGTATTTGA..TTTGTTCTGA]
13:30:54.028 - INFO - CDS - contig=contig_1, start=133722, stop=134117, strand=+, nt=[TTGAGGCGGC..TTGGAAATGA]
13:30:54.028 - INFO - CDS - contig=contig_1, start=134114, stop=134659, strand=+, nt=[ATGAACAGGC..CCGGTTTTAG]
13:30:54.028 - INFO - CDS - contig=contig_1, start=134813, stop=135358, strand=+, nt=[ATGAACGAAA..CATGGGATGA]
13:30:54.028 - INFO - CDS - contig=contig_1, start=135439, stop=137139, strand=+, nt=[TTGAAACGGA..GAACCCATGA]
13:30:54.028 - INFO - CDS - contig=contig_1, start=137136, stop=137567, strand=+, nt=[ATGATGAGAA..TTCAAAATGA]
13:30:54.028 - INFO - CDS - contig=contig_1, start=137564, stop=137938, strand=+, nt=[ATGAGCAAGA..GGAACTGTAA]
13:30:54.028 - INFO - CDS - contig=contig_1, start=137968, stop=138666, strand=+, nt=[TTGCTGCTGC..TGTTGTGTAA]
13:30:54.028 - INFO - CDS - contig=contig_1, start=138669, stop=139613, strand=+, nt=[ATGAAGCACA..GTGCCGCTGA]
13:30:54.028 - INFO - CDS - contig=contig_1, start=139629, stop=141455, strand=+, nt=[TTGTTAGGAA..CGGCCGGTAA]
13:30:54.028 - INFO - CDS - contig=contig_1, start=141519, stop=141998, strand=+, nt=[ATGAACCATG..AATGGGCTGA]
13:30:54.028 - INFO - CDS - contig=contig_1, start=142013, stop=142840, strand=+, nt=[TTGGCGATTG..GATCTATTAA]
13:30:54.028 - INFO - CDS - contig=contig_1, start=142852, stop=143001, strand=+, nt=[ATGAACAACC..TGACAAGTAA]
13:30:54.028 - INFO - CDS - contig=contig_1, start=142979, stop=144013, strand=+, nt=[ATGCTGCTGT..GCGGCTGTAA]
13:30:54.028 - INFO - CDS - contig=contig_1, start=144046, stop=144573, strand=+, nt=[ATGGCAAAGT..GTACAGGTGA]
13:30:54.029 - INFO - CDS - contig=contig_1, start=145435, stop=146232, strand=-, nt=[ATGGCAAAGA..CGATATCTAA]
13:30:54.029 - INFO - CDS - contig=contig_1, start=147020, stop=148093, strand=-, nt=[ATGAAACAAA..TTACGATTGA]
13:30:54.029 - INFO - CDS - contig=contig_1, start=149555, stop=150085, strand=+, nt=[GTGCATATAA..AAAGGATTAG]
13:30:54.029 - INFO - CDS - contig=contig_1, start=150146, stop=151009, strand=+, nt=[TTGCACGGTA..TAATCAGTAG]
13:30:54.029 - INFO - CDS - contig=contig_1, start=152606, stop=152761, strand=-, nt=[ATGAAAGCGG..CGCCTATTGA]
13:30:54.029 - INFO - CDS - contig=contig_1, start=152840, stop=153349, strand=+, nt=[TTGTATAATT..GCAGGGTTGA]
13:30:54.029 - INFO - CDS - contig=contig_1, start=153885, stop=154244, strand=+, nt=[ATGCGGCGAA..TCTGGCATAG]
13:30:54.029 - INFO - CDS - contig=contig_1, start=154295, stop=154558, strand=+, nt=[TTGAAATCAC..TACCCTGTAA]
13:30:54.029 - INFO - CDS - contig=contig_1, start=154690, stop=156357, strand=+, nt=[ATGAAAAATT..GGCGGTGTAA]
13:30:54.029 - INFO - CDS - contig=contig_1, start=156358, stop=158061, strand=+, nt=[ATGGCGCGTG..GGAGGTGTAG]
13:30:54.029 - INFO - CDS - contig=contig_1, start=158066, stop=159703, strand=+, nt=[ATGCCGGAGG..ACAGGGATAA]
13:30:54.029 - INFO - CDS - contig=contig_1, start=159690, stop=160031, strand=+, nt=[GTGAACAGGG..TGGATTATGA]
13:30:54.029 - INFO - CDS - contig=contig_1, start=160155, stop=161627, strand=+, nt=[ATGCAGCGCA..CCCGGCATAA]
13:30:54.029 - INFO - CDS - contig=contig_1, start=161716, stop=162840, strand=-, nt=[ATGGAAGACT..CGGGAAATAA]
13:30:54.029 - INFO - CDS - contig=contig_1, start=163057, stop=163476, strand=+, nt=[ATGGAATGCG..AGGGCATTGA]
13:30:54.029 - INFO - CDS - contig=contig_1, start=163515, stop=163895, strand=-, nt=[ATGAAGCGGA..TGTGCTCTGA]
13:30:54.029 - INFO - CDS - contig=contig_1, start=163892, stop=164572, strand=-, nt=[ATGGTCATTG..AAAAGGATGA]
13:30:54.029 - INFO - CDS - contig=contig_1, start=164777, stop=165445, strand=+, nt=[ATGAGGAGAA..TTGGGACTAA]
13:30:54.029 - INFO - CDS - contig=contig_1, start=165468, stop=166052, strand=+, nt=[ATGGAAACCG..GGCGAAGTAA]
13:30:54.029 - INFO - CDS - contig=contig_1, start=166054, stop=166488, strand=+, nt=[ATGGCACTGT..CTACGATTGA]
13:30:54.029 - INFO - CDS - contig=contig_1, start=166516, stop=168057, strand=+, nt=[ATGGCGCGTC..GTGGGAGTGA]
13:30:54.029 - INFO - CDS - contig=contig_1, start=168268, stop=168801, strand=-, nt=[ATGGCGATTG..TGATGAATAG]
13:30:54.029 - INFO - CDS - contig=contig_1, start=168991, stop=169179, strand=+, nt=[ATGGAGAACA..AGGGAACTAA]
13:30:54.029 - INFO - CDS - contig=contig_1, start=169180, stop=170256, strand=+, nt=[ATGCCAGTCT..GGGAGCGTAA]
13:30:54.029 - INFO - CDS - contig=contig_1, start=170256, stop=170576, strand=+, nt=[ATGTCAGCTA..GGAGGATTGA]
13:30:54.029 - INFO - CDS - contig=contig_1, start=170584, stop=171738, strand=+, nt=[ATGGATTCCA..CCAGGCGTGA]
13:30:54.029 - INFO - CDS - contig=contig_1, start=172059, stop=173402, strand=+, nt=[ATGGCGAGAG..CGCACGATAA]
13:30:54.029 - INFO - CDS - contig=contig_1, start=173363, stop=173485, strand=+, nt=[ATGGGGTGCA..GAGGGACTAA]
13:30:54.029 - INFO - CDS - contig=contig_1, start=173911, stop=175830, strand=+, nt=[ATGAACATTA..GATTCCTTGA]
13:30:54.030 - INFO - CDS - contig=contig_1, start=176898, stop=178229, strand=+, nt=[ATGGCTTATA..TATCTATTGA]
13:30:54.030 - INFO - CDS - contig=contig_1, start=178275, stop=178817, strand=+, nt=[ATGGAAAAGG..GAACGATTGA]
13:30:54.030 - INFO - CDS - contig=contig_1, start=178926, stop=179741, strand=+, nt=[ATGCATTTTA..AGGGAATTGA]
13:30:54.030 - INFO - CDS - contig=contig_1, start=179743, stop=180960, strand=+, nt=[ATGGCGCATA..GATCCTGTAA]
13:30:54.030 - INFO - CDS - contig=contig_1, start=181074, stop=185615, strand=+, nt=[ATGGAACCGA..TGTACGGTAA]
13:30:54.030 - INFO - CDS - contig=contig_1, start=185615, stop=187072, strand=+, nt=[ATGGGTAAGC..CAATCTGTAA]
13:30:54.030 - INFO - CDS - contig=contig_1, start=187139, stop=187747, strand=-, nt=[ATGTTCATGT..AAAGAGCTGA]
13:30:54.030 - INFO - CDS - contig=contig_1, start=187751, stop=188212, strand=-, nt=[TTGTATCCCG..CAAAAAGTAA]
13:30:54.030 - INFO - CDS - contig=contig_1, start=188358, stop=189104, strand=+, nt=[ATGATGAAAA..AAATATTTGA]
13:30:54.030 - INFO - CDS - contig=contig_1, start=189242, stop=190615, strand=+, nt=[ATGGCCAAAG..GGTGTTATGA]
13:30:54.030 - INFO - CDS - contig=contig_1, start=190741, stop=191808, strand=+, nt=[ATGGGTCGTT..GCCGAAGTAA]
13:30:54.030 - INFO - CDS - contig=contig_1, start=191762, stop=192319, strand=-, nt=[ATGACCACTC..TTTGGGCTGA]
13:30:54.030 - INFO - CDS - contig=contig_1, start=192429, stop=193502, strand=-, nt=[ATGAAACACC..GCGTTTGTAA]
13:30:54.030 - INFO - CDS - contig=contig_1, start=193499, stop=194128, strand=-, nt=[ATGAAGAAGG..GGCGTCATGA]
13:30:54.030 - INFO - CDS - contig=contig_1, start=194297, stop=196273, strand=-, nt=[ATGGATATCA..GGAGCAATAA]
13:30:54.030 - INFO - CDS - contig=contig_1, start=196290, stop=196895, strand=-, nt=[ATGTCCACTA..AAAGGTATAA]
13:30:54.030 - INFO - CDS - contig=contig_1, start=196910, stop=197581, strand=-, nt=[ATGCAGATAA..GAACCAATGA]
13:30:54.030 - INFO - CDS - contig=contig_1, start=197624, stop=198874, strand=-, nt=[ATGGCTTTAC..GAAGTCCTGA]
13:30:54.030 - INFO - CDS - contig=contig_1, start=198901, stop=199899, strand=-, nt=[ATGAAAATGG..CACTTTATAA]
13:30:54.030 - INFO - CDS - contig=contig_1, start=199899, stop=200933, strand=-, nt=[GTGCTGCTGG..GATCTCATAA]
13:30:54.043 - INFO - CDS - contig=contig_1, start=200934, stop=201971, strand=-, nt=[ATGGAGCTTT..GGCGGTCTGA]
13:30:54.043 - INFO - CDS - contig=contig_1, start=201986, stop=203377, strand=-, nt=[ATGAGCCTCA..GGATGACTGA]
13:30:54.044 - INFO - CDS - contig=contig_1, start=204075, stop=204803, strand=-, nt=[ATGTCTGGAC..TCAGAACTGA]
13:30:54.044 - INFO - CDS - contig=contig_1, start=204870, stop=205673, strand=-, nt=[ATGGCAGCAG..CTCCCTTTGA]
13:30:54.044 - INFO - CDS - contig=contig_1, start=205661, stop=206377, strand=-, nt=[GTGAAACGTC..GCAGCAGTAA]
13:30:54.044 - INFO - CDS - contig=contig_1, start=206443, stop=206649, strand=-, nt=[ATGGCACAGA..CGCCCAGTAA]
13:30:54.044 - INFO - CDS - contig=contig_1, start=206810, stop=207343, strand=-, nt=[ATGGATCTGT..CAGAACGTAA]
13:30:54.044 - INFO - CDS - contig=contig_1, start=207376, stop=208005, strand=-, nt=[ATGGGAAGAG..GCTCCAATAG]
13:30:54.044 - INFO - CDS - contig=contig_1, start=208335, stop=208772, strand=-, nt=[ATGCGGAAAA..GCGGCGTTGA]
13:30:54.044 - INFO - CDS - contig=contig_1, start=208846, stop=209127, strand=-, nt=[TTGGATTACA..CGCCAAATAA]
13:30:54.044 - INFO - CDS - contig=contig_1, start=209223, stop=210353, strand=-, nt=[GTGTTTGAAG..AAAAATCTGA]
13:30:54.044 - INFO - CDS - contig=contig_1, start=210366, stop=210620, strand=-, nt=[ATGAAACTGA..CCATAAGTAA]
13:30:54.044 - INFO - CDS - contig=contig_1, start=210634, stop=211662, strand=-, nt=[ATGAAAACCT..CATCTCGTAA]
13:30:54.044 - INFO - CDS - contig=contig_1, start=211679, stop=213364, strand=-, nt=[ATGAAACGTA..AATCTATTAA]
13:30:54.044 - INFO - CDS - contig=contig_1, start=213561, stop=214649, strand=+, nt=[ATGGAAAAAT..TCGGAAATAA]
13:30:54.044 - INFO - CDS - contig=contig_1, start=214678, stop=215568, strand=+, nt=[ATGCGGGAAC..GCTGGCCTGA]
13:30:54.044 - INFO - CDS - contig=contig_1, start=215591, stop=216355, strand=+, nt=[ATGCTGAAGA..GATCATTTGA]
13:30:54.044 - INFO - CDS - contig=contig_1, start=216399, stop=217580, strand=-, nt=[ATGGATGAGA..CAATACATAA]
13:30:54.044 - INFO - CDS - contig=contig_1, start=217620, stop=218846, strand=-, nt=[ATGACGATTT..GACACAGTAA]
13:30:54.044 - INFO - CDS - contig=contig_1, start=219176, stop=219943, strand=-, nt=[ATGGATGTAC..AGATGGTTGA]
13:30:54.044 - INFO - CDS - contig=contig_1, start=220082, stop=220438, strand=+, nt=[GTGTTGTTTG..AAAGAAATGA]
13:30:54.044 - INFO - CDS - contig=contig_1, start=220502, stop=222184, strand=+, nt=[ATGCCGGAAG..CAAATTCTAA]
13:30:54.044 - INFO - CDS - contig=contig_1, start=222206, stop=223234, strand=+, nt=[ATGTATCATT..TCTGACGTAA]
13:30:54.044 - INFO - CDS - contig=contig_1, start=223301, stop=224236, strand=-, nt=[ATGCCTCTTG..CAAGGCCTGA]
13:30:54.044 - INFO - CDS - contig=contig_1, start=224275, stop=225261, strand=-, nt=[ATGGAGAACG..AACTGTCTGA]
13:30:54.044 - INFO - CDS - contig=contig_1, start=225276, stop=226712, strand=-, nt=[ATGAACAAAA..GACTGTATGA]
13:30:54.044 - INFO - CDS - contig=contig_1, start=226816, stop=228006, strand=-, nt=[ATGAAGGAGC..GAATCGATAA]
13:30:54.044 - INFO - CDS - contig=contig_1, start=228084, stop=228875, strand=-, nt=[ATGATCCTCG..CAGAAGCTGA]
13:30:54.044 - INFO - CDS - contig=contig_1, start=229715, stop=230557, strand=+, nt=[ATGAAAGAAT..GGACGCATGA]
13:30:54.044 - INFO - CDS - contig=contig_1, start=230554, stop=232005, strand=+, nt=[ATGAGAGAAC..TGGTGAGTAA]
13:30:54.045 - INFO - CDS - contig=contig_1, start=231995, stop=232534, strand=+, nt=[ATGGTGAGTA..AGGCGCATAA]
13:30:54.045 - INFO - CDS - contig=contig_1, start=232593, stop=233276, strand=+, nt=[ATGAGCGATG..CGAAAAGTGA]
13:30:54.045 - INFO - CDS - contig=contig_1, start=233532, stop=233897, strand=+, nt=[ATGCCCAAGC..CAAGTCCTGA]
13:30:54.045 - INFO - CDS - contig=contig_1, start=233971, stop=234219, strand=+, nt=[ATGATTGCTA..GTTGGTATAA]
13:30:54.045 - INFO - CDS - contig=contig_1, start=234236, stop=235033, strand=+, nt=[ATGTTCATTT..AGGGCTTTAA]
13:30:54.045 - INFO - CDS - contig=contig_1, start=235020, stop=235784, strand=+, nt=[ATGGAGGGCT..CAGAGAATGA]
13:30:54.045 - INFO - CDS - contig=contig_2, start=50, stop=1117, strand=-, frame=1, truncated=no, start-type=ATG, RBS-motif=AGGAGG
13:30:54.045 - INFO - CDS - contig=contig_2, start=1315, stop=2568, strand=+, frame=1, truncated=no, start-type=ATG, RBS-motif=4Base/6BMM
13:30:54.045 - INFO - CDS - contig=contig_2, start=2609, stop=3229, strand=-, frame=1, truncated=no, start-type=ATG, RBS-motif=GGA/GAG/AGG
13:30:54.045 - INFO - CDS - contig=contig_2, start=3328, stop=5088, strand=-, frame=2, truncated=no, start-type=ATG, RBS-motif=AGGAGG
13:30:54.045 - INFO - CDS - contig=contig_2, start=5517, stop=7682, strand=-, frame=3, truncated=no, start-type=GTG, RBS-motif=AGxAGG/AGGxGG
13:30:54.045 - INFO - CDS - contig=contig_2, start=7765, stop=8541, strand=-, frame=2, truncated=no, start-type=ATG, RBS-motif=GGAG/GAGG
13:30:54.045 - INFO - CDS - contig=contig_2, start=8693, stop=10570, strand=+, frame=2, truncated=no, start-type=ATG, RBS-motif=AGxAGG/AGGxGG
13:30:54.045 - INFO - CDS - contig=contig_2, start=10587, stop=11030, strand=+, frame=3, truncated=no, start-type=ATG, RBS-motif=AGGAG
13:30:54.045 - INFO - CDS - contig=contig_2, start=11176, stop=13299, strand=+, frame=1, truncated=no, start-type=ATG, RBS-motif=GGA/GAG/AGG
13:30:54.045 - INFO - CDS - contig=contig_2, start=13348, stop=13602, strand=-, frame=2, truncated=no, start-type=ATG, RBS-motif=AGGAGG
13:30:54.045 - INFO - CDS - contig=contig_2, start=13716, stop=13994, strand=+, frame=3, truncated=no, start-type=ATG, RBS-motif=GGxGG
13:30:54.046 - INFO - CDS - contig=contig_2, start=14010, stop=14564, strand=-, frame=3, truncated=no, start-type=ATG, RBS-motif=AGxAGG/AGGxGG
13:30:54.046 - INFO - CDS - contig=contig_2, start=14677, stop=16299, strand=-, frame=2, truncated=no, start-type=ATG, RBS-motif=AGGAGG
13:30:54.046 - INFO - CDS - contig=contig_2, start=16319, stop=16603, strand=-, frame=1, truncated=no, start-type=ATG, RBS-motif=AGGAGG
13:30:54.046 - INFO - CDS - contig=contig_2, start=16815, stop=17720, strand=-, frame=3, truncated=no, start-type=ATG, RBS-motif=GGA/GAG/AGG
13:30:54.046 - INFO - CDS - contig=contig_2, start=17720, stop=18850, strand=-, frame=1, truncated=no, start-type=ATG, RBS-motif=AGGAGG
13:30:54.046 - INFO - CDS - contig=contig_2, start=18847, stop=19983, strand=-, frame=2, truncated=no, start-type=ATG, RBS-motif=GGAGG
13:30:54.046 - INFO - CDS - contig=contig_2, start=20229, stop=20678, strand=+, frame=3, truncated=no, start-type=ATG, RBS-motif=AGGAG
13:30:54.046 - INFO - CDS - contig=contig_2, start=20684, stop=21631, strand=+, frame=2, truncated=no, start-type=ATG, RBS-motif=AGGAG
13:30:54.046 - INFO - CDS - contig=contig_2, start=21811, stop=23634, strand=+, frame=1, truncated=no, start-type=ATG, RBS-motif=AGGA
13:30:54.046 - INFO - CDS - contig=contig_2, start=23814, stop=25820, strand=+, frame=3, truncated=no, start-type=TTG, RBS-motif=AGGAGG
13:30:54.046 - INFO - CDS - contig=contig_2, start=25852, stop=26298, strand=+, frame=1, truncated=no, start-type=ATG, RBS-motif=AGGA
13:30:54.046 - INFO - CDS - contig=contig_2, start=26457, stop=27800, strand=+, frame=3, truncated=no, start-type=ATG, RBS-motif=AGGAGG
13:30:54.046 - INFO - CDS - contig=contig_2, start=27844, stop=29097, strand=+, frame=1, truncated=no, start-type=ATG, RBS-motif=GGAG/GAGG
13:30:54.046 - INFO - CDS - contig=contig_2, start=29094, stop=29645, strand=+, frame=3, truncated=no, start-type=ATG, RBS-motif=GGAG/GAGG
13:30:54.046 - INFO - CDS - contig=contig_2, start=29688, stop=31535, strand=+, frame=3, truncated=no, start-type=TTG, RBS-motif=AGGA/GGAG/GAGG
13:30:54.046 - INFO - CDS - contig=contig_2, start=31592, stop=32707, strand=+, frame=2, truncated=no, start-type=ATG, RBS-motif=AGGAGG
13:30:54.047 - INFO - CDS - contig=contig_2, start=32776, stop=34632, strand=-, frame=2, truncated=no, start-type=ATG, RBS-motif=AGGAG/GGAGG
13:30:54.047 - INFO - CDS - contig=contig_2, start=34622, stop=35392, strand=-, frame=1, truncated=no, start-type=ATG, RBS-motif=AGGAGG
13:30:54.047 - INFO - CDS - contig=contig_2, start=35536, stop=36186, strand=-, frame=2, truncated=no, start-type=ATG, RBS-motif=AGxAGG/AGGxGG
13:30:54.047 - INFO - CDS - contig=contig_2, start=36251, stop=36580, strand=-, frame=1, truncated=no, start-type=ATG, RBS-motif=AGGAGG
13:30:54.047 - INFO - CDS - contig=contig_2, start=36619, stop=36846, strand=-, frame=2, truncated=no, start-type=ATG, RBS-motif=AGGAG
13:30:54.047 - INFO - CDS - contig=contig_2, start=37228, stop=37602, strand=+, frame=1, truncated=no, start-type=ATG, RBS-motif=AGGAGG
13:30:54.047 - INFO - CDS - contig=contig_2, start=37792, stop=39186, strand=-, frame=2, truncated=no, start-type=ATG, RBS-motif=AGGA
13:30:54.047 - INFO - CDS - contig=contig_2, start=39257, stop=40117, strand=-, frame=1, truncated=no, start-type=ATG, RBS-motif=AGGAGG
13:30:54.047 - INFO - CDS - contig=contig_2, start=40302, stop=41381, strand=+, frame=3, truncated=no, start-type=ATG, RBS-motif=AGGAGG
13:30:54.047 - INFO - CDS - contig=contig_2, start=41431, stop=42351, strand=+, frame=1, truncated=no, start-type=ATG, RBS-motif=GGAGG
13:30:54.047 - INFO - CDS - contig=contig_2, start=42396, stop=43019, strand=-, frame=3, truncated=no, start-type=ATG, RBS-motif=GGxGG
13:30:54.047 - INFO - CDS - contig=contig_2, start=43213, stop=43449, strand=+, frame=1, truncated=no, start-type=ATG, RBS-motif=AGGA/GGAG/GAGG
13:30:54.047 - INFO - CDS - contig=contig_2, start=43599, stop=45683, strand=+, frame=3, truncated=no, start-type=ATG, RBS-motif=GGAG/GAGG
13:30:54.047 - INFO - CDS - contig=contig_2, start=45680, stop=46993, strand=+, frame=2, truncated=no, start-type=ATG, RBS-motif=GGA/GAG/AGG
13:30:54.047 - INFO - CDS - contig=contig_2, start=47061, stop=47753, strand=+, frame=3, truncated=no, start-type=ATG, RBS-motif=AGGAG
13:30:54.047 - INFO - CDS - contig=contig_2, start=47864, stop=49267, strand=+, frame=2, truncated=no, start-type=ATG, RBS-motif=GGxGG
13:30:54.047 - INFO - CDS - contig=contig_2, start=49279, stop=50409, strand=+, frame=1, truncated=no, start-type=ATG, RBS-motif=AGGAGG
13:30:54.048 - INFO - CDS - contig=contig_2, start=50531, stop=51826, strand=-, frame=1, truncated=no, start-type=ATG, RBS-motif=AGGAG
13:30:54.048 - INFO - CDS - contig=contig_2, start=51968, stop=52738, strand=-, frame=1, truncated=no, start-type=ATG, RBS-motif=GGAGG
13:30:54.048 - INFO - CDS - contig=contig_2, start=52833, stop=54317, strand=+, frame=3, truncated=no, start-type=ATG, RBS-motif=GGAGG
13:30:54.048 - INFO - CDS - contig=contig_2, start=54392, stop=55732, strand=-, frame=1, truncated=no, start-type=GTG, RBS-motif=AGGAGG
13:30:54.048 - INFO - CDS - contig=contig_2, start=55886, stop=57502, strand=+, frame=2, truncated=no, start-type=ATG, RBS-motif=GGAGG
13:30:54.048 - INFO - CDS - contig=contig_2, start=57681, stop=58883, strand=+, frame=3, truncated=no, start-type=ATG, RBS-motif=AGGAG/GGAGG
13:30:54.048 - INFO - CDS - contig=contig_2, start=58930, stop=59787, strand=-, frame=2, truncated=no, start-type=ATG, RBS-motif=GGAG/GAGG
13:30:54.048 - INFO - CDS - contig=contig_2, start=59793, stop=60650, strand=-, frame=3, truncated=no, start-type=ATG, RBS-motif=GGAGG
13:30:54.048 - INFO - CDS - contig=contig_2, start=60654, stop=61319, strand=-, frame=3, truncated=no, start-type=ATG, RBS-motif=GGAG/GAGG
13:30:54.048 - INFO - CDS - contig=contig_2, start=61316, stop=62596, strand=-, frame=1, truncated=no, start-type=ATG, RBS-motif=GGA/GAG/AGG
13:30:54.048 - INFO - CDS - contig=contig_2, start=62724, stop=63626, strand=+, frame=3, truncated=no, start-type=GTG, RBS-motif=AGGAGG
13:30:54.048 - INFO - CDS - contig=contig_2, start=63766, stop=64032, strand=+, frame=1, truncated=no, start-type=ATG, RBS-motif=GGAG/GAGG
13:30:54.048 - INFO - CDS - contig=contig_2, start=64034, stop=64681, strand=+, frame=2, truncated=no, start-type=ATG, RBS-motif=AGGAG
13:30:54.048 - INFO - CDS - contig=contig_2, start=64780, stop=66381, strand=+, frame=1, truncated=no, start-type=ATG, RBS-motif=GGAGG
13:30:54.048 - INFO - CDS - contig=contig_2, start=66491, stop=67090, strand=+, frame=2, truncated=no, start-type=ATG, RBS-motif=AGGAG
13:30:54.048 - INFO - CDS - contig=contig_2, start=67136, stop=67828, strand=-, frame=1, truncated=no, start-type=ATG, RBS-motif=AGGAG
13:30:54.049 - INFO - CDS - contig=contig_2, start=67860, stop=69272, strand=-, frame=3, truncated=no, start-type=ATG, RBS-motif=GGA/GAG/AGG
13:30:54.049 - INFO - CDS - contig=contig_2, start=69277, stop=69921, strand=-, frame=2, truncated=no, start-type=ATG, RBS-motif=AGxAGG/AGGxGG
13:30:54.049 - INFO - CDS - contig=contig_2, start=70080, stop=70595, strand=+, frame=3, truncated=no, start-type=ATG, RBS-motif=AGGAG
13:30:54.049 - INFO - CDS - contig=contig_2, start=70912, stop=71307, strand=-, frame=2, truncated=no, start-type=TTG, RBS-motif=AGxAGG/AGGxGG
13:30:54.049 - INFO - CDS - contig=contig_2, start=71334, stop=71747, strand=-, frame=3, truncated=no, start-type=TTG, RBS-motif=AGGAGG
13:30:54.049 - INFO - CDS - contig=contig_2, start=72232, stop=72357, strand=-, frame=2, truncated=no, start-type=ATG, RBS-motif=AGGAG
13:30:54.049 - INFO - CDS - contig=contig_2, start=72602, stop=74521, strand=+, frame=2, truncated=no, start-type=ATG, RBS-motif=AGGAGG
13:30:54.049 - INFO - CDS - contig=contig_2, start=74794, stop=75855, strand=+, frame=1, truncated=no, start-type=ATG, RBS-motif=GGA/GAG/AGG
13:30:54.049 - INFO - CDS - contig=contig_2, start=75894, stop=76451, strand=+, frame=3, truncated=no, start-type=ATG, RBS-motif=GGA/GAG/AGG
13:30:54.049 - INFO - CDS - contig=contig_2, start=76448, stop=77758, strand=+, frame=2, truncated=no, start-type=ATG, RBS-motif=AGGAGG
13:30:54.049 - INFO - CDS - contig=contig_2, start=77778, stop=78659, strand=+, frame=3, truncated=no, start-type=ATG, RBS-motif=GGAG/GAGG
13:30:54.049 - INFO - CDS - contig=contig_2, start=78656, stop=80503, strand=+, frame=2, truncated=no, start-type=TTG, RBS-motif=None
13:30:54.049 - INFO - CDS - contig=contig_2, start=80579, stop=83638, strand=-, frame=1, truncated=no, start-type=ATG, RBS-motif=GGA/GAG/AGG
13:30:54.049 - INFO - CDS - contig=contig_2, start=83732, stop=85903, strand=-, frame=1, truncated=no, start-type=ATG, RBS-motif=AGxAGG/AGGxGG
13:30:54.049 - INFO - CDS - contig=contig_2, start=86040, stop=87287, strand=-, frame=3, truncated=no, start-type=ATG, RBS-motif=GGA/GAG/AGG
13:30:54.050 - INFO - CDS - contig=contig_2, start=87323, stop=88114, strand=-, frame=1, truncated=no, start-type=ATG, RBS-motif=GGAG/GAGG
13:30:54.050 - INFO - CDS - contig=contig_2, start=88343, stop=88873, strand=+, frame=2, truncated=no, start-type=ATG, RBS-motif=AGGAGG
13:30:54.050 - INFO - CDS - contig=contig_2, start=88870, stop=90150, strand=+, frame=1, truncated=no, start-type=ATG, RBS-motif=AGGAGG
13:30:54.050 - INFO - CDS - contig=contig_2, start=90186, stop=90959, strand=+, frame=3, truncated=no, start-type=GTG, RBS-motif=AGGAG
13:30:54.050 - INFO - CDS - contig=contig_2, start=90977, stop=92500, strand=+, frame=2, truncated=no, start-type=ATG, RBS-motif=GGAG/GAGG
13:30:54.050 - INFO - CDS - contig=contig_2, start=92555, stop=93856, strand=+, frame=2, truncated=no, start-type=ATG, RBS-motif=AGGAG
13:30:54.050 - INFO - CDS - contig=contig_2, start=94050, stop=95171, strand=-, frame=3, truncated=no, start-type=ATG, RBS-motif=GGA/GAG/AGG
13:30:54.050 - INFO - CDS - contig=contig_2, start=95561, stop=96175, strand=+, frame=2, truncated=no, start-type=ATG, RBS-motif=AGGAGG
13:30:54.050 - INFO - CDS - contig=contig_2, start=97496, stop=98791, strand=-, frame=1, truncated=no, start-type=ATG, RBS-motif=AGGAG
13:30:54.050 - INFO - CDS - contig=contig_2, start=99246, stop=100175, strand=+, frame=3, truncated=no, start-type=ATG, RBS-motif=GGAG/GAGG
13:30:54.050 - INFO - CDS - contig=contig_2, start=100175, stop=101248, strand=+, frame=2, truncated=no, start-type=ATG, RBS-motif=AGGAGG
13:30:54.050 - INFO - CDS - contig=contig_2, start=101250, stop=102200, strand=+, frame=3, truncated=no, start-type=ATG, RBS-motif=AGxAGG/AGGxGG
13:30:54.050 - INFO - CDS - contig=contig_2, start=102294, stop=104828, strand=-, frame=3, truncated=no, start-type=ATG, RBS-motif=AGGAG/GGAGG
13:30:54.050 - INFO - CDS - contig=contig_2, start=104825, stop=106957, strand=-, frame=1, truncated=no, start-type=TTG, RBS-motif=GGA/GAG/AGG
13:30:54.050 - INFO - CDS - contig=contig_2, start=107176, stop=107880, strand=+, frame=1, truncated=no, start-type=ATG, RBS-motif=GGAG/GAGG
13:30:54.050 - INFO - CDS - contig=contig_2, start=107888, stop=108967, strand=+, frame=2, truncated=no, start-type=ATG, RBS-motif=GGAG/GAGG
13:30:54.051 - INFO - CDS - contig=contig_2, start=109025, stop=110653, strand=-, frame=1, truncated=no, start-type=ATG, RBS-motif=GGAGG
13:30:54.051 - INFO - CDS - contig=contig_2, start=110843, stop=111463, strand=-, frame=1, truncated=no, start-type=GTG, RBS-motif=AGGAGG
13:30:54.051 - INFO - CDS - contig=contig_2, start=111460, stop=113418, strand=-, frame=2, truncated=no, start-type=ATG, RBS-motif=AGGAG
13:30:54.051 - INFO - CDS - contig=contig_2, start=113552, stop=114568, strand=-, frame=1, truncated=no, start-type=ATG, RBS-motif=AGGAGG
13:30:54.051 - INFO - CDS - contig=contig_2, start=114569, stop=115513, strand=-, frame=1, truncated=no, start-type=ATG, RBS-motif=GGA/GAG/AGG
13:30:54.051 - INFO - CDS - contig=contig_2, start=115647, stop=116684, strand=-, frame=3, truncated=no, start-type=ATG, RBS-motif=AGGAG
13:30:54.051 - INFO - CDS - contig=contig_2, start=116718, stop=118691, strand=-, frame=3, truncated=no, start-type=ATG, RBS-motif=AGxAGG/AGGxGG
13:30:54.051 - INFO - CDS - contig=contig_2, start=118831, stop=120762, strand=-, frame=2, truncated=no, start-type=ATG, RBS-motif=AGxAGG/AGGxGG
13:30:54.051 - INFO - CDS - contig=contig_2, start=120793, stop=120936, strand=-, frame=2, truncated=no, start-type=ATG, RBS-motif=GGAGG
13:30:54.051 - INFO - CDS - contig=contig_2, start=120921, stop=121817, strand=-, frame=3, truncated=no, start-type=ATG, RBS-motif=AGGAGG
13:30:54.051 - INFO - CDS - contig=contig_2, start=121831, stop=122967, strand=-, frame=2, truncated=no, start-type=ATG, RBS-motif=AGGA
13:30:54.051 - INFO - CDS - contig=contig_2, start=122948, stop=123451, strand=-, frame=1, truncated=no, start-type=ATG, RBS-motif=GGA/GAG/AGG
13:30:54.051 - INFO - CDS - contig=contig_2, start=123453, stop=123695, strand=-, frame=3, truncated=no, start-type=ATG, RBS-motif=AGGA
13:30:54.051 - INFO - CDS - contig=contig_2, start=123710, stop=125227, strand=-, frame=1, truncated=no, start-type=ATG, RBS-motif=AGxAGG/AGGxGG
13:30:54.051 - INFO - CDS - contig=contig_2, start=125245, stop=128214, strand=-, frame=2, truncated=no, start-type=ATG, RBS-motif=AGGAGG
13:30:54.052 - INFO - CDS - contig=contig_2, start=128382, stop=128723, strand=-, frame=3, truncated=no, start-type=ATG, RBS-motif=AGGAG
13:30:54.052 - INFO - CDS - contig=contig_2, start=128748, stop=129698, strand=-, frame=3, truncated=no, start-type=ATG, RBS-motif=AGGAGG
13:30:54.052 - INFO - CDS - contig=contig_2, start=129771, stop=130373, strand=-, frame=3, truncated=no, start-type=ATG, RBS-motif=AGGAGG
13:30:54.052 - INFO - CDS - contig=contig_2, start=130392, stop=130784, strand=-, frame=3, truncated=no, start-type=ATG, RBS-motif=AGGAGG
13:30:54.052 - INFO - CDS - contig=contig_2, start=130798, stop=131166, strand=-, frame=2, truncated=no, start-type=ATG, RBS-motif=AGGAGG
13:30:54.052 - INFO - CDS - contig=contig_2, start=131187, stop=131300, strand=-, frame=3, truncated=no, start-type=ATG, RBS-motif=AGGAGG
13:30:54.052 - INFO - CDS - contig=contig_2, start=131537, stop=131755, strand=-, frame=1, truncated=no, start-type=TTG, RBS-motif=AGGAGG
13:30:54.052 - INFO - CDS - contig=contig_2, start=131760, stop=132047, strand=-, frame=3, truncated=no, start-type=ATG, RBS-motif=GGAG/GAGG
13:30:54.052 - INFO - CDS - contig=contig_2, start=132047, stop=132817, strand=-, frame=1, truncated=no, start-type=ATG, RBS-motif=AGGA/GGAG/GAGG
13:30:54.052 - INFO - CDS - contig=contig_2, start=132819, stop=133448, strand=-, frame=3, truncated=no, start-type=ATG, RBS-motif=GGA/GAG/AGG
13:30:54.052 - INFO - CDS - contig=contig_2, start=133465, stop=134841, strand=-, frame=2, truncated=no, start-type=TTG, RBS-motif=GGAG/GAGG
13:30:54.052 - INFO - CDS - contig=contig_2, start=134843, stop=135283, strand=-, frame=1, truncated=no, start-type=ATG, RBS-motif=AGGAGG
13:30:54.052 - INFO - CDS - contig=contig_2, start=135297, stop=135479, strand=-, frame=3, truncated=no, start-type=ATG, RBS-motif=AGGAGG
13:30:54.052 - INFO - CDS - contig=contig_2, start=135494, stop=135997, strand=-, frame=1, truncated=no, start-type=ATG, RBS-motif=AGGAGG
13:30:54.052 - INFO - CDS - contig=contig_2, start=136015, stop=136374, strand=-, frame=2, truncated=no, start-type=ATG, RBS-motif=AGGAGG
13:30:54.052 - INFO - CDS - contig=contig_2, start=136389, stop=136937, strand=-, frame=3, truncated=no, start-type=ATG, RBS-motif=AGGAGG
13:30:54.052 - INFO - CDS - contig=contig_2, start=136953, stop=137354, strand=-, frame=3, truncated=no, start-type=ATG, RBS-motif=AGGAGG
13:30:54.052 - INFO - CDS - contig=contig_2, start=137484, stop=137669, strand=-, frame=3, truncated=no, start-type=ATG, RBS-motif=AGGAGG
13:30:54.052 - INFO - CDS - contig=contig_2, start=137682, stop=138242, strand=-, frame=3, truncated=no, start-type=ATG, RBS-motif=AGGAGG
13:30:54.053 - INFO - CDS - contig=contig_2, start=138260, stop=138577, strand=-, frame=1, truncated=no, start-type=ATG, RBS-motif=AGGAG
13:30:54.053 - INFO - CDS - contig=contig_2, start=138596, stop=138964, strand=-, frame=1, truncated=no, start-type=ATG, RBS-motif=AGGAGG
13:30:54.053 - INFO - CDS - contig=contig_2, start=138977, stop=139243, strand=-, frame=1, truncated=no, start-type=ATG, RBS-motif=AGGAGG
13:30:54.053 - INFO - CDS - contig=contig_2, start=139257, stop=139454, strand=-, frame=3, truncated=no, start-type=ATG, RBS-motif=GGxGG
13:30:54.053 - INFO - CDS - contig=contig_2, start=139454, stop=139894, strand=-, frame=1, truncated=no, start-type=ATG, RBS-motif=AGGAGG
13:30:54.053 - INFO - CDS - contig=contig_2, start=139897, stop=140763, strand=-, frame=2, truncated=no, start-type=ATG, RBS-motif=AGGAGG
13:30:54.053 - INFO - CDS - contig=contig_2, start=140765, stop=141106, strand=-, frame=1, truncated=no, start-type=ATG, RBS-motif=AGGAGG
13:30:54.053 - INFO - CDS - contig=contig_2, start=141119, stop=141391, strand=-, frame=1, truncated=no, start-type=ATG, RBS-motif=GGAGG
13:30:54.053 - INFO - CDS - contig=contig_2, start=141408, stop=142241, strand=-, frame=3, truncated=no, start-type=ATG, RBS-motif=AGGAGG
13:30:54.053 - INFO - CDS - contig=contig_2, start=142255, stop=142557, strand=-, frame=2, truncated=no, start-type=ATG, RBS-motif=AGGAGG
13:30:54.053 - INFO - CDS - contig=contig_2, start=142557, stop=143171, strand=-, frame=3, truncated=no, start-type=ATG, RBS-motif=AGGAG
13:30:54.053 - INFO - CDS - contig=contig_2, start=143191, stop=143916, strand=-, frame=2, truncated=no, start-type=ATG, RBS-motif=AGGAGG
13:30:54.053 - INFO - CDS - contig=contig_2, start=144020, stop=144331, strand=-, frame=1, truncated=no, start-type=ATG, RBS-motif=AGGAGG
13:30:54.053 - INFO - CDS - contig=contig_2, start=144724, stop=145941, strand=-, frame=2, truncated=no, start-type=GTG, RBS-motif=AGGAGG
13:30:54.053 - INFO - CDS - contig=contig_2, start=146104, stop=148071, strand=-, frame=2, truncated=no, start-type=ATG, RBS-motif=AGGAG
13:30:54.053 - INFO - CDS - contig=contig_2, start=148064, stop=148927, strand=-, frame=1, truncated=no, start-type=ATG, RBS-motif=AGGAGG
13:30:54.053 - INFO - CDS - contig=contig_2, start=149002, stop=150600, strand=-, frame=2, truncated=no, start-type=ATG, RBS-motif=AGGAG
13:30:54.053 - INFO - CDS - contig=contig_2, start=50, stop=1117, strand=-, nt=[ATGCAGGAAT..GGTCTGCTGA]
13:30:54.054 - INFO - CDS - contig=contig_2, start=1315, stop=2568, strand=+, nt=[ATGGAACCTG..CGACGACTGA]
13:30:54.054 - INFO - CDS - contig=contig_2, start=2609, stop=3229, strand=-, nt=[ATGAAAAATG..CATGGAGTAA]
13:30:54.054 - INFO - CDS - contig=contig_2, start=3328, stop=5088, strand=-, nt=[ATGAGCGAAG..GATCAAATAA]
13:30:54.054 - INFO - CDS - contig=contig_2, start=5517, stop=7682, strand=-, nt=[GTGGCAAAAG..CCGGTATTGA]
13:30:54.054 - INFO - CDS - contig=contig_2, start=7765, stop=8541, strand=-, nt=[ATGGCTGACG..GAGAATGTAA]
13:30:54.054 - INFO - CDS - contig=contig_2, start=8693, stop=10570, strand=+, nt=[ATGAAAAAAA..GGAATTCTGA]
13:30:54.054 - INFO - CDS - contig=contig_2, start=10587, stop=11030, strand=+, nt=[ATGACAAAAT..CGGGCTTTGA]
13:30:54.054 - INFO - CDS - contig=contig_2, start=11176, stop=13299, strand=+, nt=[ATGCCCGATC..AGACGAATAA]
13:30:54.054 - INFO - CDS - contig=contig_2, start=13348, stop=13602, strand=-, nt=[ATGAAAGATT..CCGGGCATAA]
13:30:54.054 - INFO - CDS - contig=contig_2, start=13716, stop=13994, strand=+, nt=[ATGTTTAAAA..TGCCGGCTGA]
13:30:54.054 - INFO - CDS - contig=contig_2, start=14010, stop=14564, strand=-, nt=[ATGGGAAGAG..CTCAAGATGA]
13:30:54.054 - INFO - CDS - contig=contig_2, start=14677, stop=16299, strand=-, nt=[ATGTCTAAGA..GATGTACTAA]
13:30:54.054 - INFO - CDS - contig=contig_2, start=16319, stop=16603, strand=-, nt=[ATGAAGCTGA..AGTCGAGTAA]
13:30:54.054 - INFO - CDS - contig=contig_2, start=16815, stop=17720, strand=-, nt=[ATGCGGCACC..CTGGCGGTGA]
13:30:54.054 - INFO - CDS - contig=contig_2, start=17720, stop=18850, strand=-, nt=[ATGAAGCGGA..TCTGTTCTGA]
13:30:54.054 - INFO - CDS - contig=contig_2, start=18847, stop=19983, strand=-, nt=[ATGGAAAAGC..GGGGAAATGA]
13:30:54.054 - INFO - CDS - contig=contig_2, start=20229, stop=20678, strand=+, nt=[ATGCCCTGGC..AAAGGAGTAA]
13:30:54.054 - INFO - CDS - contig=contig_2, start=20684, stop=21631, strand=+, nt=[ATGCCGCTTT..AAAGCCATGA]
13:30:54.054 - INFO - CDS - contig=contig_2, start=21811, stop=23634, strand=+, nt=[ATGAGAAGTA..AACCAAGTAA]
13:30:54.054 - INFO - CDS - contig=contig_2, start=23814, stop=25820, strand=+, nt=[TTGCATAAAA..CGAGACATAA]
13:30:54.054 - INFO - CDS - contig=contig_2, start=25852, stop=26298, strand=+, nt=[ATGAAAGTCA..CGAAGCGTAA]
13:30:54.054 - INFO - CDS - contig=contig_2, start=26457, stop=27800, strand=+, nt=[ATGGACGAGC..AGAATACTGA]
13:30:54.054 - INFO - CDS - contig=contig_2, start=27844, stop=29097, strand=+, nt=[ATGTTCCCCC..AATGGAATGA]
13:30:54.054 - INFO - CDS - contig=contig_2, start=29094, stop=29645, strand=+, nt=[ATGAACACCA..GAAAAACTGA]
13:30:54.054 - INFO - CDS - contig=contig_2, start=29688, stop=31535, strand=+, nt=[TTGAATAAGA..GGAAGAATAA]
13:30:54.054 - INFO - CDS - contig=contig_2, start=31592, stop=32707, strand=+, nt=[ATGAAGCGGC..GGAGCTGTGA]
13:30:54.054 - INFO - CDS - contig=contig_2, start=32776, stop=34632, strand=-, nt=[ATGAGCGGTA..GAGCGCCTAG]
13:30:54.054 - INFO - CDS - contig=contig_2, start=34622, stop=35392, strand=-, nt=[ATGGAACCCA..TGAGCGGTAA]
13:30:54.054 - INFO - CDS - contig=contig_2, start=35536, stop=36186, strand=-, nt=[ATGGATTATC..GGGCGTGTGA]
13:30:54.055 - INFO - CDS - contig=contig_2, start=36251, stop=36580, strand=-, nt=[ATGGCGGGAA..CTCGGCGTGA]
13:30:54.055 - INFO - CDS - contig=contig_2, start=36619, stop=36846, strand=-, nt=[ATGACGTTAA..CACCCTCTGA]
13:30:54.055 - INFO - CDS - contig=contig_2, start=37228, stop=37602, strand=+, nt=[ATGCCAGTTT..GGTTAAATAG]
13:30:54.055 - INFO - CDS - contig=contig_2, start=37792, stop=39186, strand=-, nt=[ATGGAACGTA..GGACTTCTGA]
13:30:54.055 - INFO - CDS - contig=contig_2, start=39257, stop=40117, strand=-, nt=[ATGAAGCAGG..GGACTTGTAA]
13:30:54.055 - INFO - CDS - contig=contig_2, start=40302, stop=41381, strand=+, nt=[ATGACCCAGC..TGGGCTTTGA]
13:30:54.055 - INFO - CDS - contig=contig_2, start=41431, stop=42351, strand=+, nt=[ATGAATCTCA..CAAGCTGTAA]
13:30:54.055 - INFO - CDS - contig=contig_2, start=42396, stop=43019, strand=-, nt=[ATGAAGACAA..AGAGCTATGA]
13:30:54.055 - INFO - CDS - contig=contig_2, start=43213, stop=43449, strand=+, nt=[ATGAATATTC..GCTGGTGTAA]
13:30:54.055 - INFO - CDS - contig=contig_2, start=43599, stop=45683, strand=+, nt=[ATGGATAACA..GAAAAGATGA]
13:30:54.055 - INFO - CDS - contig=contig_2, start=45680, stop=46993, strand=+, nt=[ATGATGACAA..CCCGACCTGA]
13:30:54.055 - INFO - CDS - contig=contig_2, start=47061, stop=47753, strand=+, nt=[ATGAAGTACA..CTGCTTCTGA]
13:30:54.055 - INFO - CDS - contig=contig_2, start=47864, stop=49267, strand=+, nt=[ATGGTCTTTT..CCAGTTTTAG]
13:30:54.055 - INFO - CDS - contig=contig_2, start=49279, stop=50409, strand=+, nt=[ATGAGTAAAA..GGGCCGGTGA]
13:30:54.055 - INFO - CDS - contig=contig_2, start=50531, stop=51826, strand=-, nt=[ATGTCTCAAA..GGAAAAATAA]
13:30:54.055 - INFO - CDS - contig=contig_2, start=51968, stop=52738, strand=-, nt=[ATGGAAGTTA..GGTGGGGTGA]
13:30:54.055 - INFO - CDS - contig=contig_2, start=52833, stop=54317, strand=+, nt=[ATGAGCAGGC..CCACCGGTAA]
13:30:54.055 - INFO - CDS - contig=contig_2, start=54392, stop=55732, strand=-, nt=[GTGAAAGCAT..GGAAGAGTGA]
13:30:54.055 - INFO - CDS - contig=contig_2, start=55886, stop=57502, strand=+, nt=[ATGGCTACAA..GTCCAAATGA]
13:30:54.055 - INFO - CDS - contig=contig_2, start=57681, stop=58883, strand=+, nt=[ATGAAATGGA..GGAGAGCTGA]
13:30:54.055 - INFO - CDS - contig=contig_2, start=58930, stop=59787, strand=-, nt=[ATGCGGTTTT..CTGGGCATAA]
13:30:54.055 - INFO - CDS - contig=contig_2, start=59793, stop=60650, strand=-, nt=[ATGGCCTTTC..TGCGGAGTGA]
13:30:54.055 - INFO - CDS - contig=contig_2, start=60654, stop=61319, strand=-, nt=[ATGACCATTT..GGAGGTGTAA]
13:30:54.055 - INFO - CDS - contig=contig_2, start=61316, stop=62596, strand=-, nt=[ATGAAAGAAG..TGAAGCATGA]
13:30:54.055 - INFO - CDS - contig=contig_2, start=62724, stop=63626, strand=+, nt=[GTGGGAGAGC..CGAAGAATAA]
13:30:54.055 - INFO - CDS - contig=contig_2, start=63766, stop=64032, strand=+, nt=[ATGTCCTTTC..AGACAACTGA]
13:30:54.055 - INFO - CDS - contig=contig_2, start=64034, stop=64681, strand=+, nt=[ATGAAAAGCA..GAACGTATAG]
13:30:54.055 - INFO - CDS - contig=contig_2, start=64780, stop=66381, strand=+, nt=[ATGAAGCTGA..GGATCGGTAA]
13:30:54.055 - INFO - CDS - contig=contig_2, start=66491, stop=67090, strand=+, nt=[ATGGACAGCA..GGAAGGGTAA]
13:30:54.055 - INFO - CDS - contig=contig_2, start=67136, stop=67828, strand=-, nt=[ATGAAAAACA..CGAGGGCTGA]
13:30:54.056 - INFO - CDS - contig=contig_2, start=67860, stop=69272, strand=-, nt=[ATGGATATTC..GTGCAGATAA]
13:30:54.056 - INFO - CDS - contig=contig_2, start=69277, stop=69921, strand=-, nt=[ATGACCAGAG..GAAAGAGTGA]
13:30:54.056 - INFO - CDS - contig=contig_2, start=70080, stop=70595, strand=+, nt=[ATGGACGCCC..GGAAGTATAG]
13:30:54.056 - INFO - CDS - contig=contig_2, start=70912, stop=71307, strand=-, nt=[TTGCCCGGCG..CAACGAATGA]
13:30:54.056 - INFO - CDS - contig=contig_2, start=71334, stop=71747, strand=-, nt=[TTGAGGAAAA..AAGAACCTGA]
13:30:54.056 - INFO - CDS - contig=contig_2, start=72232, stop=72357, strand=-, nt=[ATGAAGAAGC..GACAACTTAA]
13:30:54.056 - INFO - CDS - contig=contig_2, start=72602, stop=74521, strand=+, nt=[ATGAAGGACG..CTTGGAATAA]
13:30:54.056 - INFO - CDS - contig=contig_2, start=74794, stop=75855, strand=+, nt=[ATGAAAAAGC..CAAGGGGTAA]
13:30:54.056 - INFO - CDS - contig=contig_2, start=75894, stop=76451, strand=+, nt=[ATGTTCTTCC..GCAATCATGA]
13:30:54.056 - INFO - CDS - contig=contig_2, start=76448, stop=77758, strand=+, nt=[ATGAATGCCG..CCTATCCTGA]
13:30:54.056 - INFO - CDS - contig=contig_2, start=77778, stop=78659, strand=+, nt=[ATGACGATTG..TATGTTTTGA]
13:30:54.056 - INFO - CDS - contig=contig_2, start=78656, stop=80503, strand=+, nt=[TTGACCCTTC..CGGCCAGTAG]
13:30:54.056 - INFO - CDS - contig=contig_2, start=80579, stop=83638, strand=-, nt=[ATGAACTGGA..CGGGAAGTAA]
13:30:54.056 - INFO - CDS - contig=contig_2, start=83732, stop=85903, strand=-, nt=[ATGAAGTTCA..CACGAAATAA]
13:30:54.056 - INFO - CDS - contig=contig_2, start=86040, stop=87287, strand=-, nt=[ATGACAGTTT..CAGAGAGTAA]
13:30:54.056 - INFO - CDS - contig=contig_2, start=87323, stop=88114, strand=-, nt=[ATGGAGAAAA..GGCAAAATAG]
13:30:54.056 - INFO - CDS - contig=contig_2, start=88343, stop=88873, strand=+, nt=[ATGCTGAATA..AACACCATGA]
13:30:54.056 - INFO - CDS - contig=contig_2, start=88870, stop=90150, strand=+, nt=[ATGAACTACA..GGATGCGTAA]
13:30:54.056 - INFO - CDS - contig=contig_2, start=90186, stop=90959, strand=+, nt=[GTGAATAGAA..TCAAGATTAA]
13:30:54.056 - INFO - CDS - contig=contig_2, start=90977, stop=92500, strand=+, nt=[ATGAGTAAAA..CCAGTCCTAA]
13:30:54.056 - INFO - CDS - contig=contig_2, start=92555, stop=93856, strand=+, nt=[ATGAAGCAGA..CCTGAAGTAA]
13:30:54.056 - INFO - CDS - contig=contig_2, start=94050, stop=95171, strand=-, nt=[ATGCTTCAAT..GACAAAGTAA]
13:30:54.056 - INFO - CDS - contig=contig_2, start=95561, stop=96175, strand=+, nt=[ATGAGGGAGA..TCTGAAATAA]
13:30:54.069 - INFO - CDS - contig=contig_2, start=97496, stop=98791, strand=-, nt=[ATGAAAAAGA..CAGGGGATAA]
13:30:54.069 - INFO - CDS - contig=contig_2, start=99246, stop=100175, strand=+, nt=[ATGGAAACAA..GAAGCTGTAA]
13:30:54.069 - INFO - CDS - contig=contig_2, start=100175, stop=101248, strand=+, nt=[ATGGCAGAGG..GGTATTTTAA]
13:30:54.069 - INFO - CDS - contig=contig_2, start=101250, stop=102200, strand=+, nt=[ATGGAACACG..GACGCGCTGA]
13:30:54.070 - INFO - CDS - contig=contig_2, start=102294, stop=104828, strand=-, nt=[ATGAGAAAAA..CGTCGGATAA]
13:30:54.070 - INFO - CDS - contig=contig_2, start=104825, stop=106957, strand=-, nt=[TTGCTGGAAA..TCCCCAATGA]
13:30:54.070 - INFO - CDS - contig=contig_2, start=107176, stop=107880, strand=+, nt=[ATGAGCGCTA..GGGGGAGTGA]
13:30:54.070 - INFO - CDS - contig=contig_2, start=107888, stop=108967, strand=+, nt=[ATGGATACAC..GGAGCTCTGA]
13:30:54.070 - INFO - CDS - contig=contig_2, start=109025, stop=110653, strand=-, nt=[ATGACATTGG..AGTGGAATAA]
13:30:54.070 - INFO - CDS - contig=contig_2, start=110843, stop=111463, strand=-, nt=[GTGAGGATAT..GAAAAAATAA]
13:30:54.070 - INFO - CDS - contig=contig_2, start=111460, stop=113418, strand=-, nt=[ATGCCAATGC..ACTGCTGTGA]
13:30:54.070 - INFO - CDS - contig=contig_2, start=113552, stop=114568, strand=-, nt=[ATGAAGGTTT..TAACGGGTAA]
13:30:54.070 - INFO - CDS - contig=contig_2, start=114569, stop=115513, strand=-, nt=[ATGAAGGAGC..GGAAGCATAA]
13:30:54.070 - INFO - CDS - contig=contig_2, start=115647, stop=116684, strand=-, nt=[ATGAAAAAGA..CGTGCTGTAA]
13:30:54.070 - INFO - CDS - contig=contig_2, start=116718, stop=118691, strand=-, nt=[ATGGAGGAGA..CGTCGCCTGA]
13:30:54.070 - INFO - CDS - contig=contig_2, start=118831, stop=120762, strand=-, nt=[ATGGAGAACA..GAATCAATAA]
13:30:54.070 - INFO - CDS - contig=contig_2, start=120793, stop=120936, strand=-, nt=[ATGGCTGAAC..GGGCTTTTAA]
13:30:54.070 - INFO - CDS - contig=contig_2, start=120921, stop=121817, strand=-, nt=[ATGAAGAAGA..GAACTCATAA]
13:30:54.070 - INFO - CDS - contig=contig_2, start=121831, stop=122967, strand=-, nt=[ATGTGGTTTC..GACGCTGTAA]
13:30:54.070 - INFO - CDS - contig=contig_2, start=122948, stop=123451, strand=-, nt=[ATGGCACGGA..TGCAAACTGA]
13:30:54.070 - INFO - CDS - contig=contig_2, start=123453, stop=123695, strand=-, nt=[ATGAACGACA..CAAGGTGTAA]
13:30:54.070 - INFO - CDS - contig=contig_2, start=123710, stop=125227, strand=-, nt=[ATGAATTCCG..CACCCTTTGA]
13:30:54.070 - INFO - CDS - contig=contig_2, start=125245, stop=128214, strand=-, nt=[ATGCGCCGAC..TGTGTACTAA]
13:30:54.070 - INFO - CDS - contig=contig_2, start=128382, stop=128723, strand=-, nt=[ATGCCCGCGA..GCTGGTGTAA]
13:30:54.070 - INFO - CDS - contig=contig_2, start=128748, stop=129698, strand=-, nt=[ATGGTTGAAA..TAATAACTAA]
13:30:54.070 - INFO - CDS - contig=contig_2, start=129771, stop=130373, strand=-, nt=[ATGGCTAAGA..CTCCAAGTAA]
13:30:54.070 - INFO - CDS - contig=contig_2, start=130392, stop=130784, strand=-, nt=[ATGGCTGCGA..CAGAGTGTAA]
13:30:54.071 - INFO - CDS - contig=contig_2, start=130798, stop=131166, strand=-, nt=[ATGGCTCGTA..GAAGAAGTAA]
13:30:54.071 - INFO - CDS - contig=contig_2, start=131187, stop=131300, strand=-, nt=[ATGAAAGTAA..ACAAGGTTAA]
13:30:54.071 - INFO - CDS - contig=contig_2, start=131537, stop=131755, strand=-, nt=[TTGGCAAAAG..AACGAAGTAA]
13:30:54.071 - INFO - CDS - contig=contig_2, start=131760, stop=132047, strand=-, nt=[ATGCACGATT..GGAGGTTTGA]
13:30:54.071 - INFO - CDS - contig=contig_2, start=132047, stop=132817, strand=-, nt=[ATGGACATGA..GCCGGCCTGA]
13:30:54.071 - INFO - CDS - contig=contig_2, start=132819, stop=133448, strand=-, nt=[ATGAAGCTGA..GTTGGCGTGA]
13:30:54.071 - INFO - CDS - contig=contig_2, start=133465, stop=134841, strand=-, nt=[TTGATCCAGA..CCTTGAGTAA]
13:30:54.071 - INFO - CDS - contig=contig_2, start=134843, stop=135283, strand=-, nt=[ATGAATCTTC..GGTGATCTGA]
13:30:54.071 - INFO - CDS - contig=contig_2, start=135297, stop=135479, strand=-, nt=[ATGGCTAATT..GGACAAGTAA]
13:30:54.071 - INFO - CDS - contig=contig_2, start=135494, stop=135997, strand=-, nt=[ATGGCTAACA..CGTGGGTTAA]
13:30:54.071 - INFO - CDS - contig=contig_2, start=136015, stop=136374, strand=-, nt=[ATGATCAAAA..GGAATTTTAA]
13:30:54.071 - INFO - CDS - contig=contig_2, start=136389, stop=136937, strand=-, nt=[ATGTCTAGAA..GAAGAAGTAA]
13:30:54.071 - INFO - CDS - contig=contig_2, start=136953, stop=137354, strand=-, nt=[ATGCACATCA..CGTGTGGTAA]
13:30:54.071 - INFO - CDS - contig=contig_2, start=137484, stop=137669, strand=-, nt=[ATGGCGAAAA..CTCTTGGTAA]
13:30:54.071 - INFO - CDS - contig=contig_2, start=137682, stop=138242, strand=-, nt=[ATGTCTGAGA..CCAGGCGTAA]
13:30:54.071 - INFO - CDS - contig=contig_2, start=138260, stop=138577, strand=-, nt=[ATGAACACTA..TGAGATTTAA]
13:30:54.071 - INFO - CDS - contig=contig_2, start=138596, stop=138964, strand=-, nt=[ATGATTCAGC..AGTGTTGTAA]
13:30:54.071 - INFO - CDS - contig=contig_2, start=138977, stop=139243, strand=-, nt=[ATGAGCGAAG..AGCGAAATAA]
13:30:54.071 - INFO - CDS - contig=contig_2, start=139257, stop=139454, strand=-, nt=[ATGAAGGCCA..CGGCCGATAA]
13:30:54.071 - INFO - CDS - contig=contig_2, start=139454, stop=139894, strand=-, nt=[ATGCTGCTGC..TGAAGCGTAA]
13:30:54.071 - INFO - CDS - contig=contig_2, start=139897, stop=140763, strand=-, nt=[ATGGGACAGA..CCAAGACTAA]
13:30:54.071 - INFO - CDS - contig=contig_2, start=140765, stop=141106, strand=-, nt=[ATGGAAGCGA..GGCCAAGTAA]
13:30:54.071 - INFO - CDS - contig=contig_2, start=141119, stop=141391, strand=-, nt=[ATGTCTAGAA..CGGCAAGTAA]
13:30:54.071 - INFO - CDS - contig=contig_2, start=141408, stop=142241, strand=-, nt=[ATGGCTATTA..CAGTAAGTAA]
13:30:54.071 - INFO - CDS - contig=contig_2, start=142255, stop=142557, strand=-, nt=[ATGTCTGCTA..CATGGTGTAA]
13:30:54.071 - INFO - CDS - contig=contig_2, start=142557, stop=143171, strand=-, nt=[ATGCCTAAGG..GTTCGCGTAA]
13:30:54.072 - INFO - CDS - contig=contig_2, start=143191, stop=143916, strand=-, nt=[ATGGAAAAGG..CAACGCTTAA]
13:30:54.072 - INFO - CDS - contig=contig_2, start=144020, stop=144331, strand=-, nt=[ATGGCTCAGA..CAAGCTCTGA]
13:30:54.072 - INFO - CDS - contig=contig_2, start=144724, stop=145941, strand=-, nt=[GTGACGTTGG..ATCTGTATAA]
13:30:54.072 - INFO - CDS - contig=contig_2, start=146104, stop=148071, strand=-, nt=[ATGCCTGAAA..GCTGTGCTGA]
13:30:54.072 - INFO - CDS - contig=contig_2, start=148064, stop=148927, strand=-, nt=[ATGCGCAAGG..CAATGCCTGA]
13:30:54.072 - INFO - CDS - contig=contig_2, start=149002, stop=150600, strand=-, nt=[ATGATCACCG..GGAGGGATAA]
13:30:54.072 - INFO - CDS - contig=contig_3, start=259, stop=1641, strand=+, frame=1, truncated=no, start-type=ATG, RBS-motif=AGGAGG
13:30:54.072 - INFO - CDS - contig=contig_3, start=1647, stop=2855, strand=+, frame=3, truncated=no, start-type=ATG, RBS-motif=GGAGG
13:30:54.072 - INFO - CDS - contig=contig_3, start=3005, stop=5767, strand=+, frame=2, truncated=no, start-type=ATG, RBS-motif=GGA/GAG/AGG
13:30:54.072 - INFO - CDS - contig=contig_3, start=5876, stop=6694, strand=+, frame=2, truncated=no, start-type=ATG, RBS-motif=GGAGG
13:30:54.072 - INFO - CDS - contig=contig_3, start=6691, stop=8232, strand=+, frame=1, truncated=no, start-type=ATG, RBS-motif=GGAG/GAGG
13:30:54.072 - INFO - CDS - contig=contig_3, start=8398, stop=9087, strand=+, frame=1, truncated=no, start-type=ATG, RBS-motif=GGAGG
13:30:54.072 - INFO - CDS - contig=contig_3, start=9613, stop=9825, strand=-, frame=2, truncated=no, start-type=ATG, RBS-motif=AGGAGG
13:30:54.072 - INFO - CDS - contig=contig_3, start=10199, stop=10696, strand=+, frame=2, truncated=no, start-type=GTG, RBS-motif=GGAG/GAGG
13:30:54.073 - INFO - CDS - contig=contig_3, start=11339, stop=36454, strand=+, frame=2, truncated=no, start-type=ATG, RBS-motif=AGxAGG/AGGxGG
13:30:54.074 - INFO - CDS - contig=contig_3, start=36421, stop=106746, strand=+, frame=1, truncated=no, start-type=GTG, RBS-motif=None
13:30:54.074 - INFO - CDS - contig=contig_3, start=107059, stop=111735, strand=+, frame=1, truncated=no, start-type=ATG, RBS-motif=AGxAGG/AGGxGG
13:30:54.074 - INFO - CDS - contig=contig_3, start=111802, stop=121308, strand=+, frame=1, truncated=no, start-type=ATG, RBS-motif=AGGAGG
13:30:54.074 - INFO - CDS - contig=contig_3, start=121863, stop=125480, strand=-, frame=3, truncated=no, start-type=ATG, RBS-motif=None
13:30:54.075 - INFO - CDS - contig=contig_3, start=125535, stop=131030, strand=-, frame=3, truncated=no, start-type=ATG, RBS-motif=GGA/GAG/AGG
13:30:54.075 - INFO - CDS - contig=contig_3, start=259, stop=1641, strand=+, nt=[ATGAAACAGG..GGAGGACTAA]
13:30:54.075 - INFO - CDS - contig=contig_3, start=1647, stop=2855, strand=+, nt=[ATGAAATATG..CAACGCATAA]
13:30:54.075 - INFO - CDS - contig=contig_3, start=3005, stop=5767, strand=+, nt=[ATGGGAATTT..GGACGTATGA]
13:30:54.075 - INFO - CDS - contig=contig_3, start=5876, stop=6694, strand=+, nt=[ATGGCCTTTT..AAAGATATGA]
13:30:54.075 - INFO - CDS - contig=contig_3, start=6691, stop=8232, strand=+, nt=[ATGAAAAGGG..ACGTTCCTGA]
13:30:54.075 - INFO - CDS - contig=contig_3, start=8398, stop=9087, strand=+, nt=[ATGGAGGCCA..GGTGGAGTGA]
13:30:54.075 - INFO - CDS - contig=contig_3, start=9613, stop=9825, strand=-, nt=[ATGAATCACG..CGCCGACTAA]
13:30:54.075 - INFO - CDS - contig=contig_3, start=10199, stop=10696, strand=+, nt=[GTGCATGATT..GGATTCATGA]
13:30:54.075 - INFO - CDS - contig=contig_3, start=11339, stop=36454, strand=+, nt=[ATGGCGGCTG..CTGGCGCTGA]
13:30:54.075 - INFO - CDS - contig=contig_3, start=36421, stop=106746, strand=+, nt=[GTGGCGGGCG..TTATCCCTGA]
13:30:54.075 - INFO - CDS - contig=contig_3, start=107059, stop=111735, strand=+, nt=[ATGTCATGGA..CATCGGCTAA]
13:30:54.075 - INFO - CDS - contig=contig_3, start=111802, stop=121308, strand=+, nt=[ATGAAGAACA..GTACATGTAA]
13:30:54.075 - INFO - CDS - contig=contig_3, start=121863, stop=125480, strand=-, nt=[ATGGACGTTG..CCGGCAGTAA]
13:30:54.075 - INFO - CDS - contig=contig_3, start=125535, stop=131030, strand=-, nt=[ATGGAAGCCC..CGACCTTTAG]
13:30:54.138 - INFO - CDS - contig=contig_4, start=80, stop=3133, strand=-, frame=1, truncated=no, start-type=ATG, RBS-motif=AGGAG
13:30:54.138 - INFO - CDS - contig=contig_4, start=3286, stop=4491, strand=-, frame=2, truncated=no, start-type=ATG, RBS-motif=GGAG/GAGG
13:30:54.138 - INFO - CDS - contig=contig_4, start=4755, stop=6050, strand=+, frame=3, truncated=no, start-type=ATG, RBS-motif=AGGAGG
13:30:54.138 - INFO - CDS - contig=contig_4, start=6224, stop=7420, strand=+, frame=2, truncated=no, start-type=ATG, RBS-motif=GGAGG
13:30:54.138 - INFO - CDS - contig=contig_4, start=7550, stop=8434, strand=+, frame=2, truncated=no, start-type=ATG, RBS-motif=GGA/GAG/AGG
13:30:54.138 - INFO - CDS - contig=contig_4, start=8586, stop=10931, strand=+, frame=3, truncated=no, start-type=GTG, RBS-motif=GGA/GAG/AGG
13:30:54.138 - INFO - CDS - contig=contig_4, start=10998, stop=12581, strand=-, frame=3, truncated=no, start-type=ATG, RBS-motif=AGGAG
13:30:54.138 - INFO - CDS - contig=contig_4, start=12759, stop=13124, strand=+, frame=3, truncated=no, start-type=ATG, RBS-motif=GGAGG
13:30:54.138 - INFO - CDS - contig=contig_4, start=13462, stop=14502, strand=+, frame=1, truncated=no, start-type=ATG, RBS-motif=GGAG/GAGG
13:30:54.138 - INFO - CDS - contig=contig_4, start=14754, stop=14951, strand=-, frame=3, truncated=no, start-type=ATG, RBS-motif=GGAGG
13:30:54.139 - INFO - CDS - contig=contig_4, start=14967, stop=15185, strand=-, frame=3, truncated=no, start-type=ATG, RBS-motif=AGxAGG/AGGxGG
13:30:54.139 - INFO - CDS - contig=contig_4, start=15199, stop=15921, strand=-, frame=2, truncated=no, start-type=ATG, RBS-motif=AGGAGG
13:30:54.139 - INFO - CDS - contig=contig_4, start=16088, stop=17449, strand=+, frame=2, truncated=no, start-type=ATG, RBS-motif=AGGAGG
13:30:54.139 - INFO - CDS - contig=contig_4, start=17454, stop=17957, strand=+, frame=3, truncated=no, start-type=ATG, RBS-motif=GGAG/GAGG
13:30:54.139 - INFO - CDS - contig=contig_4, start=17978, stop=18322, strand=+, frame=2, truncated=no, start-type=ATG, RBS-motif=AGGAGG
13:30:54.139 - INFO - CDS - contig=contig_4, start=18525, stop=20534, strand=+, frame=3, truncated=no, start-type=ATG, RBS-motif=GGAGG
13:30:54.139 - INFO - CDS - contig=contig_4, start=20621, stop=21808, strand=+, frame=2, truncated=no, start-type=ATG, RBS-motif=AGGA
13:30:54.139 - INFO - CDS - contig=contig_4, start=21805, stop=22920, strand=+, frame=1, truncated=no, start-type=ATG, RBS-motif=AGxAGG/AGGxGG
13:30:54.139 - INFO - CDS - contig=contig_4, start=22933, stop=24369, strand=+, frame=1, truncated=no, start-type=ATG, RBS-motif=AGGAG
13:30:54.139 - INFO - CDS - contig=contig_4, start=24426, stop=25325, strand=-, frame=3, truncated=no, start-type=ATG, RBS-motif=AGGAG
13:30:54.139 - INFO - CDS - contig=contig_4, start=25497, stop=26675, strand=+, frame=3, truncated=no, start-type=ATG, RBS-motif=AGGAGG
13:30:54.139 - INFO - CDS - contig=contig_4, start=26689, stop=28305, strand=+, frame=1, truncated=no, start-type=ATG, RBS-motif=AGGAGG
13:30:54.139 - INFO - CDS - contig=contig_4, start=28378, stop=29415, strand=-, frame=2, truncated=no, start-type=ATG, RBS-motif=AGxAGG/AGGxGG
13:30:54.139 - INFO - CDS - contig=contig_4, start=29595, stop=32024, strand=+, frame=3, truncated=no, start-type=TTG, RBS-motif=AGGAG
13:30:54.140 - INFO - CDS - contig=contig_4, start=32634, stop=34292, strand=-, frame=3, truncated=no, start-type=ATG, RBS-motif=AGGAG(G)/GGAGG
13:30:54.140 - INFO - CDS - contig=contig_4, start=34586, stop=36886, strand=-, frame=1, truncated=no, start-type=ATG, RBS-motif=AGxAGG/AGGxGG
13:30:54.140 - INFO - CDS - contig=contig_4, start=36990, stop=37322, strand=+, frame=3, truncated=no, start-type=ATG, RBS-motif=GGAG/GAGG
13:30:54.140 - INFO - CDS - contig=contig_4, start=37387, stop=39993, strand=-, frame=2, truncated=no, start-type=ATG, RBS-motif=AGGA
13:30:54.140 - INFO - CDS - contig=contig_4, start=40174, stop=41151, strand=-, frame=2, truncated=no, start-type=ATG, RBS-motif=AGGAGG
13:30:54.140 - INFO - CDS - contig=contig_4, start=41564, stop=42652, strand=+, frame=2, truncated=no, start-type=GTG, RBS-motif=GGAGG
13:30:54.140 - INFO - CDS - contig=contig_4, start=42724, stop=44727, strand=+, frame=1, truncated=no, start-type=ATG, RBS-motif=AGGA
13:30:54.140 - INFO - CDS - contig=contig_4, start=44917, stop=45867, strand=+, frame=1, truncated=no, start-type=ATG, RBS-motif=AGGAGG
13:30:54.140 - INFO - CDS - contig=contig_4, start=45867, stop=46940, strand=+, frame=3, truncated=no, start-type=ATG, RBS-motif=AGxAGG/AGGxGG
13:30:54.140 - INFO - CDS - contig=contig_4, start=46956, stop=48002, strand=+, frame=3, truncated=no, start-type=ATG, RBS-motif=AGGAGG
13:30:54.140 - INFO - CDS - contig=contig_4, start=47995, stop=48936, strand=+, frame=1, truncated=no, start-type=ATG, RBS-motif=AGxAGG/AGGxGG
13:30:54.140 - INFO - CDS - contig=contig_4, start=48944, stop=49858, strand=+, frame=2, truncated=no, start-type=ATG, RBS-motif=None
13:30:54.140 - INFO - CDS - contig=contig_4, start=49855, stop=50661, strand=+, frame=1, truncated=no, start-type=ATG, RBS-motif=GGAGG
13:30:54.140 - INFO - CDS - contig=contig_4, start=50658, stop=51500, strand=+, frame=3, truncated=no, start-type=ATG, RBS-motif=AGGAGG
13:30:54.141 - INFO - CDS - contig=contig_4, start=51588, stop=53636, strand=-, frame=3, truncated=no, start-type=ATG, RBS-motif=GGAGG
13:30:54.141 - INFO - CDS - contig=contig_4, start=53740, stop=54663, strand=-, frame=2, truncated=no, start-type=ATG, RBS-motif=AGGAG
13:30:54.141 - INFO - CDS - contig=contig_4, start=54691, stop=55455, strand=-, frame=2, truncated=no, start-type=ATG, RBS-motif=GGAG/GAGG
13:30:54.141 - INFO - CDS - contig=contig_4, start=55458, stop=56810, strand=-, frame=3, truncated=no, start-type=ATG, RBS-motif=GGAGG
13:30:54.141 - INFO - CDS - contig=contig_4, start=56825, stop=58135, strand=-, frame=1, truncated=no, start-type=ATG, RBS-motif=AGxAGG/AGGxGG
13:30:54.141 - INFO - CDS - contig=contig_4, start=58132, stop=58650, strand=-, frame=2, truncated=no, start-type=ATG, RBS-motif=GGA/GAG/AGG
13:30:54.141 - INFO - CDS - contig=contig_4, start=58753, stop=59802, strand=-, frame=2, truncated=no, start-type=ATG, RBS-motif=AGGAG
13:30:54.141 - INFO - CDS - contig=contig_4, start=60095, stop=61705, strand=+, frame=2, truncated=no, start-type=GTG, RBS-motif=GGAG/GAGG
13:30:54.141 - INFO - CDS - contig=contig_4, start=61874, stop=65302, strand=+, frame=2, truncated=no, start-type=TTG, RBS-motif=GGA/GAG/AGG
13:30:54.141 - INFO - CDS - contig=contig_4, start=65350, stop=66306, strand=+, frame=1, truncated=no, start-type=ATG, RBS-motif=AGGAG
13:30:54.141 - INFO - CDS - contig=contig_4, start=66371, stop=66862, strand=+, frame=2, truncated=no, start-type=ATG, RBS-motif=AGGAGG
13:30:54.141 - INFO - CDS - contig=contig_4, start=66922, stop=67488, strand=-, frame=2, truncated=no, start-type=ATG, RBS-motif=GGAGG
13:30:54.141 - INFO - CDS - contig=contig_4, start=67485, stop=68540, strand=-, frame=3, truncated=no, start-type=ATG, RBS-motif=GGA/GAG/AGG
13:30:54.141 - INFO - CDS - contig=contig_4, start=68537, stop=68890, strand=-, frame=1, truncated=no, start-type=ATG, RBS-motif=GGAGG
13:30:54.141 - INFO - CDS - contig=contig_4, start=68896, stop=69270, strand=-, frame=2, truncated=no, start-type=ATG, RBS-motif=GGA/GAG/AGG
13:30:54.141 - INFO - CDS - contig=contig_4, start=69276, stop=70211, strand=-, frame=3, truncated=no, start-type=ATG, RBS-motif=AGGA/GGAG/GAGG
13:30:54.142 - INFO - CDS - contig=contig_4, start=70208, stop=70789, strand=-, frame=1, truncated=no, start-type=ATG, RBS-motif=AGGAGG
13:30:54.142 - INFO - CDS - contig=contig_4, start=70801, stop=71394, strand=-, frame=2, truncated=no, start-type=TTG, RBS-motif=GGAGG
13:30:54.142 - INFO - CDS - contig=contig_4, start=71391, stop=71591, strand=-, frame=3, truncated=no, start-type=ATG, RBS-motif=AGGAG/GGAGG
13:30:54.142 - INFO - CDS - contig=contig_4, start=71588, stop=72007, strand=-, frame=1, truncated=no, start-type=ATG, RBS-motif=AGGA/GGAG/GAGG
13:30:54.142 - INFO - CDS - contig=contig_4, start=72004, stop=72396, strand=-, frame=2, truncated=no, start-type=ATG, RBS-motif=AGxAGG/AGGxGG
13:30:54.142 - INFO - CDS - contig=contig_4, start=72408, stop=73430, strand=-, frame=3, truncated=no, start-type=ATG, RBS-motif=GGAG/GAGG
13:30:54.142 - INFO - CDS - contig=contig_4, start=73427, stop=73921, strand=-, frame=1, truncated=no, start-type=ATG, RBS-motif=GGAG/GAGG
13:30:54.142 - INFO - CDS - contig=contig_4, start=73918, stop=74244, strand=-, frame=2, truncated=no, start-type=ATG, RBS-motif=GGxGG
13:30:54.142 - INFO - CDS - contig=contig_4, start=74244, stop=74591, strand=-, frame=3, truncated=no, start-type=GTG, RBS-motif=AGGAGG
13:30:54.142 - INFO - CDS - contig=contig_4, start=74658, stop=75689, strand=-, frame=3, truncated=no, start-type=ATG, RBS-motif=AGGAGG
13:30:54.142 - INFO - CDS - contig=contig_4, start=75704, stop=76054, strand=-, frame=1, truncated=no, start-type=ATG, RBS-motif=AGGAGG
13:30:54.142 - INFO - CDS - contig=contig_4, start=76081, stop=76998, strand=-, frame=2, truncated=no, start-type=ATG, RBS-motif=GGAGG
13:30:54.142 - INFO - CDS - contig=contig_4, start=76995, stop=78134, strand=-, frame=3, truncated=no, start-type=ATG, RBS-motif=AGGAG
13:30:54.142 - INFO - CDS - contig=contig_4, start=78154, stop=79365, strand=-, frame=2, truncated=no, start-type=ATG, RBS-motif=GGA/GAG/AGG
13:30:54.142 - INFO - CDS - contig=contig_4, start=79405, stop=79695, strand=-, frame=2, truncated=no, start-type=ATG, RBS-motif=AGxAGG/AGGxGG
13:30:54.142 - INFO - CDS - contig=contig_4, start=79861, stop=81279, strand=+, frame=1, truncated=no, start-type=ATG, RBS-motif=None
13:30:54.142 - INFO - CDS - contig=contig_4, start=81384, stop=82169, strand=+, frame=3, truncated=no, start-type=ATG, RBS-motif=AGGAG
13:30:54.143 - INFO - CDS - contig=contig_4, start=82173, stop=82661, strand=+, frame=3, truncated=no, start-type=GTG, RBS-motif=GGAG/GAGG
13:30:54.143 - INFO - CDS - contig=contig_4, start=82800, stop=84527, strand=+, frame=3, truncated=no, start-type=ATG, RBS-motif=GGAGG
13:30:54.143 - INFO - CDS - contig=contig_4, start=84905, stop=88144, strand=+, frame=2, truncated=no, start-type=ATG, RBS-motif=AGGAGG
13:30:54.143 - INFO - CDS - contig=contig_4, start=88244, stop=88840, strand=-, frame=1, truncated=no, start-type=ATG, RBS-motif=GGAGG
13:30:54.143 - INFO - CDS - contig=contig_4, start=88846, stop=89676, strand=-, frame=2, truncated=no, start-type=ATG, RBS-motif=AGGA
13:30:54.143 - INFO - CDS - contig=contig_4, start=89689, stop=91173, strand=-, frame=2, truncated=no, start-type=ATG, RBS-motif=GGAG/GAGG
13:30:54.143 - INFO - CDS - contig=contig_4, start=91249, stop=91527, strand=+, frame=1, truncated=no, start-type=ATG, RBS-motif=None
13:30:54.143 - INFO - CDS - contig=contig_4, start=91606, stop=91992, strand=-, frame=2, truncated=no, start-type=ATG, RBS-motif=GGAGG
13:30:54.143 - INFO - CDS - contig=contig_4, start=92399, stop=95443, strand=+, frame=2, truncated=no, start-type=ATG, RBS-motif=AGGAGG
13:30:54.143 - INFO - CDS - contig=contig_4, start=95532, stop=95906, strand=-, frame=3, truncated=no, start-type=ATG, RBS-motif=AGGAGG
13:30:54.143 - INFO - CDS - contig=contig_4, start=96049, stop=96450, strand=+, frame=1, truncated=no, start-type=ATG, RBS-motif=GGAGG
13:30:54.143 - INFO - CDS - contig=contig_4, start=96541, stop=99567, strand=-, frame=2, truncated=no, start-type=ATG, RBS-motif=AGGAGG
13:30:54.143 - INFO - CDS - contig=contig_4, start=99929, stop=102352, strand=-, frame=1, truncated=no, start-type=ATG, RBS-motif=AGGAG
13:30:54.143 - INFO - CDS - contig=contig_4, start=102371, stop=103684, strand=-, frame=1, truncated=no, start-type=GTG, RBS-motif=AGGAGG
13:30:54.144 - INFO - CDS - contig=contig_4, start=103681, stop=104376, strand=-, frame=2, truncated=no, start-type=ATG, RBS-motif=AGGAGG
13:30:54.144 - INFO - CDS - contig=contig_4, start=104387, stop=106135, strand=-, frame=1, truncated=no, start-type=ATG, RBS-motif=AGGAGG
13:30:54.144 - INFO - CDS - contig=contig_4, start=106502, stop=109624, strand=+, frame=2, truncated=no, start-type=ATG, RBS-motif=AGGAGG
13:30:54.144 - INFO - CDS - contig=contig_4, start=109709, stop=110080, strand=-, frame=1, truncated=no, start-type=ATG, RBS-motif=GGAGG
13:30:54.144 - INFO - CDS - contig=contig_4, start=110188, stop=111006, strand=-, frame=2, truncated=no, start-type=ATG, RBS-motif=AGGAG
13:30:54.144 - INFO - CDS - contig=contig_4, start=111028, stop=112344, strand=-, frame=2, truncated=no, start-type=ATG, RBS-motif=AGxAGG/AGGxGG
13:30:54.144 - INFO - CDS - contig=contig_4, start=112331, stop=114127, strand=-, frame=1, truncated=no, start-type=GTG, RBS-motif=AGxAGG/AGGxGG
13:30:54.144 - INFO - CDS - contig=contig_4, start=114175, stop=115854, strand=-, frame=2, truncated=no, start-type=TTG, RBS-motif=AGGAGG
13:30:54.144 - INFO - CDS - contig=contig_4, start=115859, stop=116575, strand=-, frame=1, truncated=no, start-type=ATG, RBS-motif=GGAGG
13:30:54.144 - INFO - CDS - contig=contig_4, start=116572, stop=117129, strand=-, frame=2, truncated=no, start-type=ATG, RBS-motif=GGAG/GAGG
13:30:54.144 - INFO - CDS - contig=contig_4, start=117312, stop=117599, strand=+, frame=3, truncated=no, start-type=ATG, RBS-motif=AGGAGG
13:30:54.144 - INFO - CDS - contig=contig_4, start=117669, stop=118133, strand=+, frame=3, truncated=no, start-type=ATG, RBS-motif=AGGAGG
13:30:54.144 - INFO - CDS - contig=contig_4, start=118194, stop=118715, strand=+, frame=3, truncated=no, start-type=ATG, RBS-motif=AGGA
13:30:54.144 - INFO - CDS - contig=contig_4, start=119347, stop=120918, strand=+, frame=1, truncated=no, start-type=ATG, RBS-motif=GGAG/GAGG
13:30:54.144 - INFO - CDS - contig=contig_4, start=121348, stop=122589, strand=+, frame=1, truncated=no, start-type=ATG, RBS-motif=AGGAGG
13:30:54.145 - INFO - CDS - contig=contig_4, start=122609, stop=123694, strand=+, frame=2, truncated=no, start-type=ATG, RBS-motif=GGAGG
13:30:54.145 - INFO - CDS - contig=contig_4, start=80, stop=3133, strand=-, nt=[ATGAGACACT..CCTGTGGTAA]
13:30:54.145 - INFO - CDS - contig=contig_4, start=3286, stop=4491, strand=-, nt=[ATGGGTGAAA..GGAGAAATAA]
13:30:54.145 - INFO - CDS - contig=contig_4, start=4755, stop=6050, strand=+, nt=[ATGGAAAGAA..TCCCCAGTGA]
13:30:54.145 - INFO - CDS - contig=contig_4, start=6224, stop=7420, strand=+, nt=[ATGGCTACTG..GGAGCTCTGA]
13:30:54.145 - INFO - CDS - contig=contig_4, start=7550, stop=8434, strand=+, nt=[ATGCGGTATC..GACTTTGTGA]
13:30:54.145 - INFO - CDS - contig=contig_4, start=8586, stop=10931, strand=+, nt=[GTGAGAAAAC..GGACGCGTAA]
13:30:54.145 - INFO - CDS - contig=contig_4, start=10998, stop=12581, strand=-, nt=[ATGAAAAGAT..TGAAGAGTGA]
13:30:54.145 - INFO - CDS - contig=contig_4, start=12759, stop=13124, strand=+, nt=[ATGAAGATCC..CGCCTTGTGA]
13:30:54.145 - INFO - CDS - contig=contig_4, start=13462, stop=14502, strand=+, nt=[ATGAAGGGCT..GGTGCAGTAG]
13:30:54.145 - INFO - CDS - contig=contig_4, start=14754, stop=14951, strand=-, nt=[ATGGATCAAT..GGTAGAGTGA]
13:30:54.145 - INFO - CDS - contig=contig_4, start=14967, stop=15185, strand=-, nt=[ATGGAAGCTG..CCATAAATAG]
13:30:54.145 - INFO - CDS - contig=contig_4, start=15199, stop=15921, strand=-, nt=[ATGACGGAAA..AAGAGCGTGA]
13:30:54.145 - INFO - CDS - contig=contig_4, start=16088, stop=17449, strand=+, nt=[ATGTCCCATT..ATGGAGTTGA]
13:30:54.145 - INFO - CDS - contig=contig_4, start=17454, stop=17957, strand=+, nt=[ATGCATAACG..TACATACTAA]
13:30:54.145 - INFO - CDS - contig=contig_4, start=17978, stop=18322, strand=+, nt=[ATGGCCGAAT..AAAAACCTGA]
13:30:54.145 - INFO - CDS - contig=contig_4, start=18525, stop=20534, strand=+, nt=[ATGCCAATGA..GGCCAAATGA]
13:30:54.145 - INFO - CDS - contig=contig_4, start=20621, stop=21808, strand=+, nt=[ATGCTCTTAG..GAAGGCATGA]
13:30:54.145 - INFO - CDS - contig=contig_4, start=21805, stop=22920, strand=+, nt=[ATGAACGACC..AATTGTGTAA]
13:30:54.145 - INFO - CDS - contig=contig_4, start=22933, stop=24369, strand=+, nt=[ATGAACATCC..CGGAAAATAA]
13:30:54.145 - INFO - CDS - contig=contig_4, start=24426, stop=25325, strand=-, nt=[ATGGAACTAT..CATCCCGTAA]
13:30:54.145 - INFO - CDS - contig=contig_4, start=25497, stop=26675, strand=+, nt=[ATGCTTGGAT..CATCCTGTAA]
13:30:54.145 - INFO - CDS - contig=contig_4, start=26689, stop=28305, strand=+, nt=[ATGGAATTTC..CGTGTGGTAA]
13:30:54.145 - INFO - CDS - contig=contig_4, start=28378, stop=29415, strand=-, nt=[ATGAAAAGCG..GCCCGAATAA]
13:30:54.145 - INFO - CDS - contig=contig_4, start=29595, stop=32024, strand=+, nt=[TTGCGTAAAT..CCACAAGTAA]
13:30:54.145 - INFO - CDS - contig=contig_4, start=32634, stop=34292, strand=-, nt=[ATGGCAGAAA..GGAAGTATAA]
13:30:54.145 - INFO - CDS - contig=contig_4, start=34586, stop=36886, strand=-, nt=[ATGAAAGCGG..GAGAGAATAA]
13:30:54.146 - INFO - CDS - contig=contig_4, start=36990, stop=37322, strand=+, nt=[ATGAATATTC..CTGGGAGTAA]
13:30:54.146 - INFO - CDS - contig=contig_4, start=37387, stop=39993, strand=-, nt=[ATGAAAAAGC..CGAAGACTGA]
13:30:54.146 - INFO - CDS - contig=contig_4, start=40174, stop=41151, strand=-, nt=[ATGTCCAAAA..GGAGAAATAG]
13:30:54.146 - INFO - CDS - contig=contig_4, start=41564, stop=42652, strand=+, nt=[GTGCGCATTG..CTGGCGCTAA]
13:30:54.146 - INFO - CDS - contig=contig_4, start=42724, stop=44727, strand=+, nt=[ATGAAGAAAA..TGGGCAGTAA]
13:30:54.146 - INFO - CDS - contig=contig_4, start=44917, stop=45867, strand=+, nt=[ATGGTGAAAT..TGGTCGGTAA]
13:30:54.146 - INFO - CDS - contig=contig_4, start=45867, stop=46940, strand=+, nt=[ATGGCGCTTT..CGTGAACTGA]
13:30:54.146 - INFO - CDS - contig=contig_4, start=46956, stop=48002, strand=+, nt=[ATGCCAAATG..CCATGGCTGA]
13:30:54.146 - INFO - CDS - contig=contig_4, start=47995, stop=48936, strand=+, nt=[ATGGCTGAGA..AGACGGGTGA]
13:30:54.146 - INFO - CDS - contig=contig_4, start=48944, stop=49858, strand=+, nt=[ATGTTAACTC..CTGCGTATGA]
13:30:54.146 - INFO - CDS - contig=contig_4, start=49855, stop=50661, strand=+, nt=[ATGATGGCGC..TCGGGTATGA]
13:30:54.146 - INFO - CDS - contig=contig_4, start=50658, stop=51500, strand=+, nt=[ATGAAGGCCA..CATTTTCTGA]
13:30:54.146 - INFO - CDS - contig=contig_4, start=51588, stop=53636, strand=-, nt=[ATGGTGCTGG..TTTCAATTGA]
13:30:54.146 - INFO - CDS - contig=contig_4, start=53740, stop=54663, strand=-, nt=[ATGTGGGATG..CATATCCTGA]
13:30:54.146 - INFO - CDS - contig=contig_4, start=54691, stop=55455, strand=-, nt=[ATGAGTTTTA..GACGAAGTAA]
13:30:54.146 - INFO - CDS - contig=contig_4, start=55458, stop=56810, strand=-, nt=[ATGGACAATA..GAGAGAGTGA]
13:30:54.146 - INFO - CDS - contig=contig_4, start=56825, stop=58135, strand=-, nt=[ATGAGCCCAC..AGCGGGCTGA]
13:30:54.146 - INFO - CDS - contig=contig_4, start=58132, stop=58650, strand=-, nt=[ATGGAACAGA..GAGCAAATGA]
13:30:54.146 - INFO - CDS - contig=contig_4, start=58753, stop=59802, strand=-, nt=[ATGAAAAAGA..CATGGCCTGA]
13:30:54.146 - INFO - CDS - contig=contig_4, start=60095, stop=61705, strand=+, nt=[GTGGAACCTA..CCCCCGCTGA]
13:30:54.146 - INFO - CDS - contig=contig_4, start=61874, stop=65302, strand=+, nt=[TTGAGCGAGA..CATCAAATAA]
13:30:54.146 - INFO - CDS - contig=contig_4, start=65350, stop=66306, strand=+, nt=[ATGGAAACTA..GGTGCTTTGA]
13:30:54.146 - INFO - CDS - contig=contig_4, start=66371, stop=66862, strand=+, nt=[ATGCGGCGCA..GCTTCCGTAA]
13:30:54.146 - INFO - CDS - contig=contig_4, start=66922, stop=67488, strand=-, nt=[ATGAGCCATG..GGTGAAATAA]
13:30:54.146 - INFO - CDS - contig=contig_4, start=67485, stop=68540, strand=-, nt=[ATGAAGACCA..GACGGCATGA]
13:30:54.146 - INFO - CDS - contig=contig_4, start=68537, stop=68890, strand=-, nt=[ATGGCGCTGA..GTTAGGATGA]
13:30:54.146 - INFO - CDS - contig=contig_4, start=68896, stop=69270, strand=-, nt=[ATGTGGCTTT..GGAGGGGTAG]
13:30:54.146 - INFO - CDS - contig=contig_4, start=69276, stop=70211, strand=-, nt=[ATGATGACAG..TTTGGGGTGA]
13:30:54.147 - INFO - CDS - contig=contig_4, start=70208, stop=70789, strand=-, nt=[ATGGAGCTTG..GCTGCAATGA]
13:30:54.147 - INFO - CDS - contig=contig_4, start=70801, stop=71394, strand=-, nt=[TTGACGGATT..CCTGCGTTAG]
13:30:54.147 - INFO - CDS - contig=contig_4, start=71391, stop=71591, strand=-, nt=[ATGACCCACC..GAGGGCTTGA]
13:30:54.147 - INFO - CDS - contig=contig_4, start=71588, stop=72007, strand=-, nt=[ATGAGGAGCG..GGGGCGATGA]
13:30:54.147 - INFO - CDS - contig=contig_4, start=72004, stop=72396, strand=-, nt=[ATGATCGCAA..GCTGCGATGA]
13:30:54.147 - INFO - CDS - contig=contig_4, start=72408, stop=73430, strand=-, nt=[ATGAATGTGA..CACGGTATAA]
13:30:54.147 - INFO - CDS - contig=contig_4, start=73427, stop=73921, strand=-, nt=[ATGAGAGACA..CAAGGTATGA]
13:30:54.147 - INFO - CDS - contig=contig_4, start=73918, stop=74244, strand=-, nt=[ATGGAGAGCG..TGAAGTATGA]
13:30:54.147 - INFO - CDS - contig=contig_4, start=74244, stop=74591, strand=-, nt=[GTGGTAGAGA..CAGAGGCTGA]
13:30:54.147 - INFO - CDS - contig=contig_4, start=74658, stop=75689, strand=-, nt=[ATGAGTTATC..GACGGTCTGA]
13:30:54.147 - INFO - CDS - contig=contig_4, start=75704, stop=76054, strand=-, nt=[ATGACTGGTA..CAAAATGTGA]
13:30:54.147 - INFO - CDS - contig=contig_4, start=76081, stop=76998, strand=-, nt=[ATGAGGATCA..TTTGGTATAA]
13:30:54.147 - INFO - CDS - contig=contig_4, start=76995, stop=78134, strand=-, nt=[ATGAAGTGGT..GACGGAATGA]
13:30:54.147 - INFO - CDS - contig=contig_4, start=78154, stop=79365, strand=-, nt=[ATGGATTGGT..GGGCTGGTAG]
13:30:54.147 - INFO - CDS - contig=contig_4, start=79405, stop=79695, strand=-, nt=[ATGGAGAACC..GGAGAGCTGA]
13:30:54.147 - INFO - CDS - contig=contig_4, start=79861, stop=81279, strand=+, nt=[ATGTATTTTT..GGTGGGCTGA]
13:30:54.147 - INFO - CDS - contig=contig_4, start=81384, stop=82169, strand=+, nt=[ATGGAGCTTC..TGAGGTGTGA]
13:30:54.147 - INFO - CDS - contig=contig_4, start=82173, stop=82661, strand=+, nt=[GTGGTAAATG..TCACAAATAA]
13:30:54.147 - INFO - CDS - contig=contig_4, start=82800, stop=84527, strand=+, nt=[ATGTCCTATC..GAAAAAGTAA]
13:30:54.147 - INFO - CDS - contig=contig_4, start=84905, stop=88144, strand=+, nt=[ATGAACAACC..CACCATCTGA]
13:30:54.147 - INFO - CDS - contig=contig_4, start=88244, stop=88840, strand=-, nt=[ATGCTGAGCA..ATTGAGATAA]
13:30:54.147 - INFO - CDS - contig=contig_4, start=88846, stop=89676, strand=-, nt=[ATGAAAAATC..GGAGGGATAA]
13:30:54.147 - INFO - CDS - contig=contig_4, start=89689, stop=91173, strand=-, nt=[ATGCCAGAAG..AACACTGTAA]
13:30:54.147 - INFO - CDS - contig=contig_4, start=91249, stop=91527, strand=+, nt=[ATGCAAGAAA..CACCATCTGA]
13:30:54.147 - INFO - CDS - contig=contig_4, start=91606, stop=91992, strand=-, nt=[ATGTCAAGCA..CCTGCGGTAA]
13:30:54.147 - INFO - CDS - contig=contig_4, start=92399, stop=95443, strand=+, nt=[ATGAACAACC..GGCTGCGTAA]
13:30:54.148 - INFO - CDS - contig=contig_4, start=95532, stop=95906, strand=-, nt=[ATGTCAAGCA..CTTTGGCTGA]
13:30:54.148 - INFO - CDS - contig=contig_4, start=96049, stop=96450, strand=+, nt=[ATGTCAAGTC..CTTCTATTGA]
13:30:54.148 - INFO - CDS - contig=contig_4, start=96541, stop=99567, strand=-, nt=[ATGAACAACC..CATCGCCTAA]
13:30:54.148 - INFO - CDS - contig=contig_4, start=99929, stop=102352, strand=-, nt=[ATGAAACTGA..CATTCCCTAA]
13:30:54.148 - INFO - CDS - contig=contig_4, start=102371, stop=103684, strand=-, nt=[GTGAATATCT..CGCAGATTGA]
13:30:54.148 - INFO - CDS - contig=contig_4, start=103681, stop=104376, strand=-, nt=[ATGCTGATTG..GGGCCTGTGA]
13:30:54.148 - INFO - CDS - contig=contig_4, start=104387, stop=106135, strand=-, nt=[ATGTCCGAAC..CTGGGGCTAA]
13:30:54.148 - INFO - CDS - contig=contig_4, start=106502, stop=109624, strand=+, nt=[ATGAACAACC..CGCGAAGTAA]
13:30:54.148 - INFO - CDS - contig=contig_4, start=109709, stop=110080, strand=-, nt=[ATGTCAAGTC..CCTTTGGTGA]
13:30:54.148 - INFO - CDS - contig=contig_4, start=110188, stop=111006, strand=-, nt=[ATGGGTTGGT..GGTGGAATAA]
13:30:54.148 - INFO - CDS - contig=contig_4, start=111028, stop=112344, strand=-, nt=[ATGGCAAGGC..AGAGGAATGA]
13:30:54.148 - INFO - CDS - contig=contig_4, start=112331, stop=114127, strand=-, nt=[GTGTTCCGCA..CAAGGCGTAA]
13:30:54.148 - INFO - CDS - contig=contig_4, start=114175, stop=115854, strand=-, nt=[TTGGGAACAA..GATCTCCTGA]
13:30:54.148 - INFO - CDS - contig=contig_4, start=115859, stop=116575, strand=-, nt=[ATGAGCAAGA..GGAGGGATAG]
13:30:54.148 - INFO - CDS - contig=contig_4, start=116572, stop=117129, strand=-, nt=[ATGGAGCTTC..AACAAAATGA]
13:30:54.148 - INFO - CDS - contig=contig_4, start=117312, stop=117599, strand=+, nt=[ATGACCATCC..ACCTACATAA]
13:30:54.148 - INFO - CDS - contig=contig_4, start=117669, stop=118133, strand=+, nt=[ATGGACAAAA..TAACCGGTAA]
13:30:54.148 - INFO - CDS - contig=contig_4, start=118194, stop=118715, strand=+, nt=[ATGAGCAACC..AAAATCATAA]
13:30:54.148 - INFO - CDS - contig=contig_4, start=119347, stop=120918, strand=+, nt=[ATGGAAAATC..GATTAATTAG]
13:30:54.148 - INFO - CDS - contig=contig_4, start=121348, stop=122589, strand=+, nt=[ATGAACCAAC..CCACCGCTGA]
13:30:54.148 - INFO - CDS - contig=contig_4, start=122609, stop=123694, strand=+, nt=[ATGAGCAAGA..CTCGAAGTAG]
13:30:54.148 - INFO - CDS - contig=contig_5, start=49, stop=588, strand=-, frame=3, truncated=no, start-type=ATG, RBS-motif=AGGAG
13:30:54.148 - INFO - CDS - contig=contig_5, start=732, stop=2972, strand=+, frame=3, truncated=no, start-type=ATG, RBS-motif=GGAGG
13:30:54.148 - INFO - CDS - contig=contig_5, start=2969, stop=4054, strand=+, frame=2, truncated=no, start-type=ATG, RBS-motif=AGGAGG
13:30:54.149 - INFO - CDS - contig=contig_5, start=4213, stop=5001, strand=+, frame=1, truncated=no, start-type=ATG, RBS-motif=AGGAGG
13:30:54.149 - INFO - CDS - contig=contig_5, start=5053, stop=5988, strand=+, frame=1, truncated=no, start-type=ATG, RBS-motif=AGxAGG/AGGxGG
13:30:54.149 - INFO - CDS - contig=contig_5, start=6016, stop=6672, strand=+, frame=1, truncated=no, start-type=ATG, RBS-motif=AGGAGG
13:30:54.149 - INFO - CDS - contig=contig_5, start=6744, stop=8114, strand=-, frame=1, truncated=no, start-type=ATG, RBS-motif=AGxAGG/AGGxGG
13:30:54.149 - INFO - CDS - contig=contig_5, start=8189, stop=9184, strand=-, frame=2, truncated=no, start-type=ATG, RBS-motif=None
13:30:54.149 - INFO - CDS - contig=contig_5, start=9959, stop=10750, strand=-, frame=2, truncated=no, start-type=ATG, RBS-motif=AGGAG
13:30:54.149 - INFO - CDS - contig=contig_5, start=10900, stop=12084, strand=-, frame=3, truncated=no, start-type=ATG, RBS-motif=AGGAGG
13:30:54.149 - INFO - CDS - contig=contig_5, start=12081, stop=12392, strand=-, frame=1, truncated=no, start-type=ATG, RBS-motif=AGGAGG
13:30:54.149 - INFO - CDS - contig=contig_5, start=13339, stop=14220, strand=-, frame=3, truncated=no, start-type=ATG, RBS-motif=AGGAG
13:30:54.149 - INFO - CDS - contig=contig_5, start=14223, stop=14966, strand=-, frame=1, truncated=no, start-type=ATG, RBS-motif=AGGA
13:30:54.149 - INFO - CDS - contig=contig_5, start=14953, stop=15255, strand=-, frame=3, truncated=no, start-type=ATG, RBS-motif=AGGAGG
13:30:54.149 - INFO - CDS - contig=contig_5, start=15376, stop=16062, strand=+, frame=1, truncated=no, start-type=ATG, RBS-motif=AGxAGG/AGGxGG
13:30:54.149 - INFO - CDS - contig=contig_5, start=16164, stop=16352, strand=+, frame=3, truncated=no, start-type=ATG, RBS-motif=AGGAGG
13:30:54.149 - INFO - CDS - contig=contig_5, start=16877, stop=17665, strand=+, frame=2, truncated=no, start-type=ATG, RBS-motif=AGGAGG
13:30:54.149 - INFO - CDS - contig=contig_5, start=17940, stop=18758, strand=+, frame=3, truncated=no, start-type=ATG, RBS-motif=AGGAGG
13:30:54.149 - INFO - CDS - contig=contig_5, start=18891, stop=20372, strand=+, frame=3, truncated=no, start-type=ATG, RBS-motif=GGAGG
13:30:54.150 - INFO - CDS - contig=contig_5, start=20431, stop=23058, strand=-, frame=3, truncated=no, start-type=ATG, RBS-motif=GGA/GAG/AGG
13:30:54.150 - INFO - CDS - contig=contig_5, start=23135, stop=23560, strand=-, frame=2, truncated=no, start-type=ATG, RBS-motif=AGGAG
13:30:54.150 - INFO - CDS - contig=contig_5, start=23883, stop=25229, strand=-, frame=1, truncated=no, start-type=ATG, RBS-motif=AGGAG/GGAGG
13:30:54.150 - INFO - CDS - contig=contig_5, start=25563, stop=26822, strand=+, frame=3, truncated=no, start-type=ATG, RBS-motif=GGAG/GAGG
13:30:54.150 - INFO - CDS - contig=contig_5, start=26888, stop=27766, strand=+, frame=2, truncated=no, start-type=ATG, RBS-motif=AGGAG
13:30:54.150 - INFO - CDS - contig=contig_5, start=27830, stop=28762, strand=+, frame=2, truncated=no, start-type=ATG, RBS-motif=GGAGG
13:30:54.150 - INFO - CDS - contig=contig_5, start=28814, stop=29284, strand=-, frame=2, truncated=no, start-type=ATG, RBS-motif=AGxAGG/AGGxGG
13:30:54.150 - INFO - CDS - contig=contig_5, start=29357, stop=29635, strand=+, frame=2, truncated=no, start-type=ATG, RBS-motif=GGAG/GAGG
13:30:54.150 - INFO - CDS - contig=contig_5, start=29663, stop=30148, strand=+, frame=2, truncated=no, start-type=ATG, RBS-motif=GGA/GAG/AGG
13:30:54.150 - INFO - CDS - contig=contig_5, start=30141, stop=30380, strand=+, frame=3, truncated=no, start-type=ATG, RBS-motif=AGGAGG
13:30:54.150 - INFO - CDS - contig=contig_5, start=30352, stop=31134, strand=-, frame=3, truncated=no, start-type=ATG, RBS-motif=AGxAGG/AGGxGG
13:30:54.150 - INFO - CDS - contig=contig_5, start=31193, stop=32338, strand=-, frame=2, truncated=no, start-type=ATG, RBS-motif=AGGAGG
13:30:54.150 - INFO - CDS - contig=contig_5, start=32338, stop=33426, strand=-, frame=3, truncated=no, start-type=ATG, RBS-motif=AGGAG
13:30:54.150 - INFO - CDS - contig=contig_5, start=33480, stop=34481, strand=-, frame=1, truncated=no, start-type=ATG, RBS-motif=AGGAG
13:30:54.150 - INFO - CDS - contig=contig_5, start=34619, stop=36103, strand=+, frame=2, truncated=no, start-type=ATG, RBS-motif=GGAGG
13:30:54.150 - INFO - CDS - contig=contig_5, start=36144, stop=38828, strand=+, frame=3, truncated=no, start-type=ATG, RBS-motif=AGxAGG/AGGxGG
13:30:54.151 - INFO - CDS - contig=contig_5, start=38892, stop=39431, strand=-, frame=1, truncated=no, start-type=ATG, RBS-motif=AGGAGG
13:30:54.151 - INFO - CDS - contig=contig_5, start=39542, stop=40378, strand=-, frame=2, truncated=no, start-type=GTG, RBS-motif=GGAGG
13:30:54.151 - INFO - CDS - contig=contig_5, start=40371, stop=41090, strand=-, frame=1, truncated=no, start-type=ATG, RBS-motif=AGGAGG
13:30:54.151 - INFO - CDS - contig=contig_5, start=41116, stop=41874, strand=-, frame=3, truncated=no, start-type=ATG, RBS-motif=GGAG/GAGG
13:30:54.151 - INFO - CDS - contig=contig_5, start=42091, stop=44523, strand=+, frame=1, truncated=no, start-type=ATG, RBS-motif=AGGA/GGAG/GAGG
13:30:54.151 - INFO - CDS - contig=contig_5, start=44637, stop=44819, strand=+, frame=3, truncated=no, start-type=ATG, RBS-motif=GGAGG
13:30:54.151 - INFO - CDS - contig=contig_5, start=44860, stop=45648, strand=-, frame=3, truncated=no, start-type=ATG, RBS-motif=AGxAGG/AGGxGG
13:30:54.151 - INFO - CDS - contig=contig_5, start=45745, stop=46260, strand=+, frame=1, truncated=no, start-type=ATG, RBS-motif=GGAGG
13:30:54.151 - INFO - CDS - contig=contig_5, start=46277, stop=47125, strand=+, frame=2, truncated=no, start-type=ATG, RBS-motif=AGGA
13:30:54.151 - INFO - CDS - contig=contig_5, start=47182, stop=48246, strand=+, frame=1, truncated=no, start-type=ATG, RBS-motif=GGA/GAG/AGG
13:30:54.151 - INFO - CDS - contig=contig_5, start=48267, stop=48938, strand=+, frame=3, truncated=no, start-type=ATG, RBS-motif=AGGA
13:30:54.151 - INFO - CDS - contig=contig_5, start=48940, stop=49650, strand=+, frame=1, truncated=no, start-type=TTG, RBS-motif=AGxAGG/AGGxGG
13:30:54.151 - INFO - CDS - contig=contig_5, start=49698, stop=50060, strand=-, frame=1, truncated=no, start-type=ATG, RBS-motif=AGGAG
13:30:54.151 - INFO - CDS - contig=contig_5, start=50079, stop=51656, strand=-, frame=1, truncated=no, start-type=ATG, RBS-motif=AGGA/GGAG/GAGG
13:30:54.151 - INFO - CDS - contig=contig_5, start=51666, stop=52865, strand=-, frame=1, truncated=no, start-type=GTG, RBS-motif=AGxAGG/AGGxGG
13:30:54.151 - INFO - CDS - contig=contig_5, start=52879, stop=53187, strand=-, frame=3, truncated=no, start-type=ATG, RBS-motif=GGAGG
13:30:54.152 - INFO - CDS - contig=contig_5, start=53204, stop=53803, strand=-, frame=2, truncated=no, start-type=ATG, RBS-motif=GGxGG
13:30:54.152 - INFO - CDS - contig=contig_5, start=53808, stop=54524, strand=-, frame=1, truncated=no, start-type=ATG, RBS-motif=AGGAGG
13:30:54.152 - INFO - CDS - contig=contig_5, start=54538, stop=55437, strand=-, frame=3, truncated=no, start-type=ATG, RBS-motif=GGAGG
13:30:54.152 - INFO - CDS - contig=contig_5, start=55439, stop=55696, strand=-, frame=2, truncated=no, start-type=ATG, RBS-motif=AGGA/GGAG/GAGG
13:30:54.152 - INFO - CDS - contig=contig_5, start=55693, stop=59304, strand=-, frame=3, truncated=no, start-type=ATG, RBS-motif=None
13:30:54.152 - INFO - CDS - contig=contig_5, start=59446, stop=60060, strand=+, frame=1, truncated=no, start-type=ATG, RBS-motif=AGxAGG/AGGxGG
13:30:54.152 - INFO - CDS - contig=contig_5, start=60057, stop=60758, strand=+, frame=3, truncated=no, start-type=ATG, RBS-motif=GGA/GAG/AGG
13:30:54.152 - INFO - CDS - contig=contig_5, start=60830, stop=61504, strand=-, frame=2, truncated=no, start-type=ATG, RBS-motif=None
13:30:54.152 - INFO - CDS - contig=contig_5, start=61504, stop=61737, strand=-, frame=3, truncated=no, start-type=ATG, RBS-motif=AGGA/GGAG/GAGG
13:30:54.152 - INFO - CDS - contig=contig_5, start=61814, stop=62857, strand=-, frame=2, truncated=no, start-type=ATG, RBS-motif=AGGAGG
13:30:54.152 - INFO - CDS - contig=contig_5, start=62854, stop=63081, strand=-, frame=3, truncated=no, start-type=ATG, RBS-motif=AGxAGG/AGGxGG
13:30:54.152 - INFO - CDS - contig=contig_5, start=63149, stop=63391, strand=+, frame=2, truncated=no, start-type=GTG, RBS-motif=GGAG/GAGG
13:30:54.152 - INFO - CDS - contig=contig_5, start=63377, stop=64684, strand=-, frame=2, truncated=no, start-type=ATG, RBS-motif=AGxAGG/AGGxGG
13:30:54.153 - INFO - CDS - contig=contig_5, start=64720, stop=66996, strand=-, frame=3, truncated=no, start-type=GTG, RBS-motif=GGAG/GAGG
13:30:54.153 - INFO - CDS - contig=contig_5, start=67020, stop=68261, strand=-, frame=1, truncated=no, start-type=ATG, RBS-motif=AGxAGG/AGGxGG
13:30:54.153 - INFO - CDS - contig=contig_5, start=68326, stop=69078, strand=-, frame=3, truncated=no, start-type=ATG, RBS-motif=AGxAGG/AGGxGG
13:30:54.153 - INFO - CDS - contig=contig_5, start=69078, stop=69737, strand=-, frame=1, truncated=no, start-type=ATG, RBS-motif=AGGAG
13:30:54.153 - INFO - CDS - contig=contig_5, start=69754, stop=71136, strand=-, frame=3, truncated=no, start-type=GTG, RBS-motif=AGxAGG/AGGxGG
13:30:54.153 - INFO - CDS - contig=contig_5, start=71544, stop=71750, strand=-, frame=1, truncated=no, start-type=ATG, RBS-motif=GGAGG
13:30:54.153 - INFO - CDS - contig=contig_5, start=71740, stop=72003, strand=-, frame=3, truncated=no, start-type=ATG, RBS-motif=AGGA
13:30:54.153 - INFO - CDS - contig=contig_5, start=72041, stop=72850, strand=-, frame=2, truncated=no, start-type=ATG, RBS-motif=GGAG/GAGG
13:30:54.153 - INFO - CDS - contig=contig_5, start=73633, stop=75129, strand=-, frame=3, truncated=no, start-type=ATG, RBS-motif=AGGAG
13:30:54.153 - INFO - CDS - contig=contig_5, start=75161, stop=75703, strand=-, frame=2, truncated=no, start-type=ATG, RBS-motif=GGA/GAG/AGG
13:30:54.153 - INFO - CDS - contig=contig_5, start=75757, stop=76449, strand=-, frame=3, truncated=no, start-type=ATG, RBS-motif=AGxAGG/AGGxGG
13:30:54.153 - INFO - CDS - contig=contig_5, start=76521, stop=77687, strand=-, frame=1, truncated=no, start-type=ATG, RBS-motif=AGGAG
13:30:54.153 - INFO - CDS - contig=contig_5, start=77751, stop=79022, strand=-, frame=1, truncated=no, start-type=TTG, RBS-motif=AGGAGG
13:30:54.153 - INFO - CDS - contig=contig_5, start=79040, stop=79939, strand=-, frame=2, truncated=no, start-type=ATG, RBS-motif=AGxAGG/AGGxGG
13:30:54.153 - INFO - CDS - contig=contig_5, start=79923, stop=80615, strand=-, frame=1, truncated=no, start-type=ATG, RBS-motif=AGGAG
13:30:54.153 - INFO - CDS - contig=contig_5, start=80723, stop=81814, strand=-, frame=2, truncated=no, start-type=ATG, RBS-motif=AGGAGG
13:30:54.154 - INFO - CDS - contig=contig_5, start=81944, stop=82657, strand=-, frame=2, truncated=no, start-type=ATG, RBS-motif=AGGAGG
13:30:54.154 - INFO - CDS - contig=contig_5, start=82822, stop=83310, strand=+, frame=1, truncated=no, start-type=ATG, RBS-motif=GGA/GAG/AGG
13:30:54.154 - INFO - CDS - contig=contig_5, start=83616, stop=85613, strand=-, frame=1, truncated=no, start-type=ATG, RBS-motif=AGGAG
13:30:54.154 - INFO - CDS - contig=contig_5, start=85610, stop=86470, strand=-, frame=2, truncated=no, start-type=ATG, RBS-motif=GGAGG
13:30:54.154 - INFO - CDS - contig=contig_5, start=86728, stop=87561, strand=-, frame=3, truncated=no, start-type=ATG, RBS-motif=GGAG/GAGG
13:30:54.154 - INFO - CDS - contig=contig_5, start=87703, stop=88911, strand=-, frame=3, truncated=no, start-type=ATG, RBS-motif=AGGAGG
13:30:54.154 - INFO - CDS - contig=contig_5, start=89050, stop=90252, strand=-, frame=3, truncated=no, start-type=ATG, RBS-motif=AGGAGG
13:30:54.154 - INFO - CDS - contig=contig_5, start=90356, stop=92464, strand=-, frame=2, truncated=no, start-type=ATG, RBS-motif=AGGAG
13:30:54.154 - INFO - CDS - contig=contig_5, start=92481, stop=92951, strand=-, frame=1, truncated=no, start-type=GTG, RBS-motif=AGGAGG
13:30:54.154 - INFO - CDS - contig=contig_5, start=93146, stop=93568, strand=-, frame=2, truncated=no, start-type=ATG, RBS-motif=AGGAGG
13:30:54.154 - INFO - CDS - contig=contig_5, start=93653, stop=93898, strand=-, frame=2, truncated=no, start-type=ATG, RBS-motif=AGGAGG
13:30:54.154 - INFO - CDS - contig=contig_5, start=94102, stop=94782, strand=-, frame=3, truncated=no, start-type=ATG, RBS-motif=AGGAG
13:30:54.154 - INFO - CDS - contig=contig_5, start=94811, stop=95716, strand=-, frame=2, truncated=no, start-type=ATG, RBS-motif=GGAG/GAGG
13:30:54.154 - INFO - CDS - contig=contig_5, start=95941, stop=97335, strand=+, frame=1, truncated=no, start-type=ATG, RBS-motif=GGAGG
13:30:54.154 - INFO - CDS - contig=contig_5, start=49, stop=588, strand=-, nt=[ATGAAAAACG..GGATCATTAA]
13:30:54.154 - INFO - CDS - contig=contig_5, start=732, stop=2972, strand=+, nt=[ATGAAAGTTA..CGAGAGATGA]
13:30:54.154 - INFO - CDS - contig=contig_5, start=2969, stop=4054, strand=+, nt=[ATGAGGCAGA..ATTCAGCTGA]
13:30:54.155 - INFO - CDS - contig=contig_5, start=4213, stop=5001, strand=+, nt=[ATGCTCACCA..AAAAATTTAA]
13:30:54.155 - INFO - CDS - contig=contig_5, start=5053, stop=5988, strand=+, nt=[ATGTCTGCAT..TTTGTGGTAG]
13:30:54.155 - INFO - CDS - contig=contig_5, start=6016, stop=6672, strand=+, nt=[ATGCGCTATG..GGAGGGCTGA]
13:30:54.155 - INFO - CDS - contig=contig_5, start=6744, stop=8114, strand=-, nt=[ATGCTGGAAC..GCTGAAATAG]
13:30:54.155 - INFO - CDS - contig=contig_5, start=8189, stop=9184, strand=-, nt=[ATGGTTATGC..GGGAGTCTGA]
13:30:54.155 - INFO - CDS - contig=contig_5, start=9959, stop=10750, strand=-, nt=[ATGGGAAAGG..TTCCGATTAA]
13:30:54.155 - INFO - CDS - contig=contig_5, start=10900, stop=12084, strand=-, nt=[ATGAGTAAAC..GCTGGAGTAG]
13:30:54.155 - INFO - CDS - contig=contig_5, start=12081, stop=12392, strand=-, nt=[ATGGGAAACC..AGCCCAATGA]
13:30:54.155 - INFO - CDS - contig=contig_5, start=13339, stop=14220, strand=-, nt=[ATGGACGAGA..CGGCCGCTGA]
13:30:54.155 - INFO - CDS - contig=contig_5, start=14223, stop=14966, strand=-, nt=[ATGGCAAGCT..AGGAGAGTAA]
13:30:54.155 - INFO - CDS - contig=contig_5, start=14953, stop=15255, strand=-, nt=[ATGATCAAAG..CAAGCTATGA]
13:30:54.155 - INFO - CDS - contig=contig_5, start=15376, stop=16062, strand=+, nt=[ATGAAAACAA..TACACTTTAA]
13:30:54.155 - INFO - CDS - contig=contig_5, start=16164, stop=16352, strand=+, nt=[ATGGCCAAAT..CGCCGTGTAA]
13:30:54.155 - INFO - CDS - contig=contig_5, start=16877, stop=17665, strand=+, nt=[ATGAAACGCC..CTACCTTTAA]
13:30:54.155 - INFO - CDS - contig=contig_5, start=17940, stop=18758, strand=+, nt=[ATGTTGAAAC..CTACGCCTGA]
13:30:54.155 - INFO - CDS - contig=contig_5, start=18891, stop=20372, strand=+, nt=[ATGAAACATC..GGGCGGCTGA]
13:30:54.155 - INFO - CDS - contig=contig_5, start=20431, stop=23058, strand=-, nt=[ATGAACGCGC..GATAGAGTGA]
13:30:54.155 - INFO - CDS - contig=contig_5, start=23135, stop=23560, strand=-, nt=[ATGTTTGGAA..CATTCAGTAA]
13:30:54.155 - INFO - CDS - contig=contig_5, start=23883, stop=25229, strand=-, nt=[ATGGATCAAA..GAAGTACTGA]
13:30:54.155 - INFO - CDS - contig=contig_5, start=25563, stop=26822, strand=+, nt=[ATGAAAAAGC..GTTTGAGTGA]
13:30:54.155 - INFO - CDS - contig=contig_5, start=26888, stop=27766, strand=+, nt=[ATGGGCCTGT..CGGCGCCTGA]
13:30:54.155 - INFO - CDS - contig=contig_5, start=27830, stop=28762, strand=+, nt=[ATGGCGGTGA..CACTTATTGA]
13:30:54.155 - INFO - CDS - contig=contig_5, start=28814, stop=29284, strand=-, nt=[ATGAAATGGC..GATGGAATAA]
13:30:54.155 - INFO - CDS - contig=contig_5, start=29357, stop=29635, strand=+, nt=[ATGACCAGAC..CGGGAACTGA]
13:30:54.155 - INFO - CDS - contig=contig_5, start=29663, stop=30148, strand=+, nt=[ATGGCGGAGC..CCATGTATAA]
13:30:54.155 - INFO - CDS - contig=contig_5, start=30141, stop=30380, strand=+, nt=[ATGTATAACC..CCTTCTGTAG]
13:30:54.155 - INFO - CDS - contig=contig_5, start=30352, stop=31134, strand=-, nt=[ATGGAACGGA..CCCAGCGTGA]
13:30:54.156 - INFO - CDS - contig=contig_5, start=31193, stop=32338, strand=-, nt=[ATGAGCGTGC..CAAGGCATAA]
13:30:54.156 - INFO - CDS - contig=contig_5, start=32338, stop=33426, strand=-, nt=[ATGCCTATTT..GGAGAAGTGA]
13:30:54.156 - INFO - CDS - contig=contig_5, start=33480, stop=34481, strand=-, nt=[ATGATAAAAG..GCCCCGCTGA]
13:30:54.156 - INFO - CDS - contig=contig_5, start=34619, stop=36103, strand=+, nt=[ATGGACATGT..GAGCAAATGA]
13:30:54.156 - INFO - CDS - contig=contig_5, start=36144, stop=38828, strand=+, nt=[ATGAAAAAAC..GGCCGACTGA]
13:30:54.156 - INFO - CDS - contig=contig_5, start=38892, stop=39431, strand=-, nt=[ATGGATCAGC..GGCGGCGTGA]
13:30:54.156 - INFO - CDS - contig=contig_5, start=39542, stop=40378, strand=-, nt=[GTGGGTGAGC..CTTGAAGTAA]
13:30:54.156 - INFO - CDS - contig=contig_5, start=40371, stop=41090, strand=-, nt=[ATGGAACATG..ATGTGGGTGA]
13:30:54.156 - INFO - CDS - contig=contig_5, start=41116, stop=41874, strand=-, nt=[ATGAAAGAAA..GGTGGGCTGA]
13:30:54.156 - INFO - CDS - contig=contig_5, start=42091, stop=44523, strand=+, nt=[ATGAAATACG..CCAGGCGTAA]
13:30:54.156 - INFO - CDS - contig=contig_5, start=44637, stop=44819, strand=+, nt=[ATGTCGGAGA..GTTCTATTGA]
13:30:54.156 - INFO - CDS - contig=contig_5, start=44860, stop=45648, strand=-, nt=[ATGGAGCAAA..GGCGGAATAA]
13:30:54.156 - INFO - CDS - contig=contig_5, start=45745, stop=46260, strand=+, nt=[ATGGCGTGTC..AAACCTCTGA]
13:30:54.156 - INFO - CDS - contig=contig_5, start=46277, stop=47125, strand=+, nt=[ATGGCCGCCA..AGCTCTATGA]
13:30:54.156 - INFO - CDS - contig=contig_5, start=47182, stop=48246, strand=+, nt=[ATGGATCATC..CATCCTGTAA]
13:30:54.156 - INFO - CDS - contig=contig_5, start=48267, stop=48938, strand=+, nt=[ATGGTTATCG..GGTGGTCTGA]
13:30:54.156 - INFO - CDS - contig=contig_5, start=48940, stop=49650, strand=+, nt=[TTGTTCCCCC..TGACAACTAA]
13:30:54.156 - INFO - CDS - contig=contig_5, start=49698, stop=50060, strand=-, nt=[ATGACACCGA..AGAGAACTGA]
13:30:54.156 - INFO - CDS - contig=contig_5, start=50079, stop=51656, strand=-, nt=[ATGAGCCAGG..CGGCGTTTGA]
13:30:54.156 - INFO - CDS - contig=contig_5, start=51666, stop=52865, strand=-, nt=[GTGAAGATCG..GAAAGGATAA]
13:30:54.156 - INFO - CDS - contig=contig_5, start=52879, stop=53187, strand=-, nt=[ATGGCTGATC..TGTGAAGTGA]
13:30:54.156 - INFO - CDS - contig=contig_5, start=53204, stop=53803, strand=-, nt=[ATGAAAATCG..CGCGCAATGA]
13:30:54.156 - INFO - CDS - contig=contig_5, start=53808, stop=54524, strand=-, nt=[ATGTCCCGGA..TGGGGGCTGA]
13:30:54.156 - INFO - CDS - contig=contig_5, start=54538, stop=55437, strand=-, nt=[ATGGGATTTA..ACTGCTGTAA]
13:30:54.156 - INFO - CDS - contig=contig_5, start=55439, stop=55696, strand=-, nt=[ATGAAAATGA..GGAGGACTGA]
13:30:54.156 - INFO - CDS - contig=contig_5, start=55693, stop=59304, strand=-, nt=[ATGTATTCCT..CATCAAATGA]
13:30:54.156 - INFO - CDS - contig=contig_5, start=59446, stop=60060, strand=+, nt=[ATGGACTTTT..TGCTCCATGA]
13:30:54.156 - INFO - CDS - contig=contig_5, start=60057, stop=60758, strand=+, nt=[ATGAGAAAGC..CCGCCGCTGA]
13:30:54.156 - INFO - CDS - contig=contig_5, start=60830, stop=61504, strand=-, nt=[ATGGAATCAC..GGAGGCTTGA]
13:30:54.157 - INFO - CDS - contig=contig_5, start=61504, stop=61737, strand=-, nt=[ATGATTTTTG..GGGCGAGTGA]
13:30:54.157 - INFO - CDS - contig=contig_5, start=61814, stop=62857, strand=-, nt=[ATGAAGATCA..AAAAATTTGA]
13:30:54.157 - INFO - CDS - contig=contig_5, start=62854, stop=63081, strand=-, nt=[ATGACCACCA..AGCGCCATGA]
13:30:54.157 - INFO - CDS - contig=contig_5, start=63149, stop=63391, strand=+, nt=[GTGGATTTCC..CGACCTGTAA]
13:30:54.157 - INFO - CDS - contig=contig_5, start=63377, stop=64684, strand=-, nt=[ATGGAGCCTG..GGTCGAGTAG]
13:30:54.157 - INFO - CDS - contig=contig_5, start=64720, stop=66996, strand=-, nt=[GTGGCAGTTA..GAAGAAATAA]
13:30:54.157 - INFO - CDS - contig=contig_5, start=67020, stop=68261, strand=-, nt=[ATGGCCAATC..GACCGAATAA]
13:30:54.157 - INFO - CDS - contig=contig_5, start=68326, stop=69078, strand=-, nt=[ATGGAGACCA..CCGGCGGTAA]
13:30:54.157 - INFO - CDS - contig=contig_5, start=69078, stop=69737, strand=-, nt=[ATGAAAACAT..GGTGGATTGA]
13:30:54.157 - INFO - CDS - contig=contig_5, start=69754, stop=71136, strand=-, nt=[GTGTCAGAAC..GGTTGGATGA]
13:30:54.157 - INFO - CDS - contig=contig_5, start=71544, stop=71750, strand=-, nt=[ATGAAGTATG..GTACGCATAA]
13:30:54.157 - INFO - CDS - contig=contig_5, start=71740, stop=72003, strand=-, nt=[ATGAGCCAGC..TGAAGTATGA]
13:30:54.157 - INFO - CDS - contig=contig_5, start=72041, stop=72850, strand=-, nt=[ATGGCAACAA..GCGAGCATAG]
13:30:54.157 - INFO - CDS - contig=contig_5, start=73633, stop=75129, strand=-, nt=[ATGGCAGAGC..GCCCCTCTGA]
13:30:54.157 - INFO - CDS - contig=contig_5, start=75161, stop=75703, strand=-, nt=[ATGGCGCTGG..AAAGAAATAA]
13:30:54.157 - INFO - CDS - contig=contig_5, start=75757, stop=76449, strand=-, nt=[ATGGTAGGCT..TCGGCCTTGA]
13:30:54.157 - INFO - CDS - contig=contig_5, start=76521, stop=77687, strand=-, nt=[ATGAAAGAGC..GGGATTCTAG]
13:30:54.157 - INFO - CDS - contig=contig_5, start=77751, stop=79022, strand=-, nt=[TTGAAAGATA..CTACGGTTGA]
13:30:54.157 - INFO - CDS - contig=contig_5, start=79040, stop=79939, strand=-, nt=[ATGAAGAGAT..GCAGGTGTGA]
13:30:54.157 - INFO - CDS - contig=contig_5, start=79923, stop=80615, strand=-, nt=[ATGATTCAGC..GATCATATAA]
13:30:54.157 - INFO - CDS - contig=contig_5, start=80723, stop=81814, strand=-, nt=[ATGTCGAACA..CGAGGACTGA]
13:30:54.157 - INFO - CDS - contig=contig_5, start=81944, stop=82657, strand=-, nt=[ATGGAACGGT..GAAACAATGA]
13:30:54.157 - INFO - CDS - contig=contig_5, start=82822, stop=83310, strand=+, nt=[ATGTTGATTT..TCCGTGTTAG]
13:30:54.157 - INFO - CDS - contig=contig_5, start=83616, stop=85613, strand=-, nt=[ATGAAAAAGA..CGTCAAATGA]
13:30:54.157 - INFO - CDS - contig=contig_5, start=85610, stop=86470, strand=-, nt=[ATGGATGGCC..ATCGGAATGA]
13:30:54.158 - INFO - CDS - contig=contig_5, start=86728, stop=87561, strand=-, nt=[ATGCCCAATG..AAAGGATTAA]
13:30:54.158 - INFO - CDS - contig=contig_5, start=87703, stop=88911, strand=-, nt=[ATGAAAAAAT..AGGGTATTAA]
13:30:54.158 - INFO - CDS - contig=contig_5, start=89050, stop=90252, strand=-, nt=[ATGGCTAAGC..CAACGAGTAA]
13:30:54.158 - INFO - CDS - contig=contig_5, start=90356, stop=92464, strand=-, nt=[ATGCCGAGAA..CGAGGGCTAA]
13:30:54.158 - INFO - CDS - contig=contig_5, start=92481, stop=92951, strand=-, nt=[GTGCCCAGAA..CCGCTGGTAA]
13:30:54.158 - INFO - CDS - contig=contig_5, start=93146, stop=93568, strand=-, nt=[ATGCCTACGT..CAAGAAGTAA]
13:30:54.158 - INFO - CDS - contig=contig_5, start=93653, stop=93898, strand=-, nt=[ATGTTGACAG..GCGGGAATAA]
13:30:54.158 - INFO - CDS - contig=contig_5, start=94102, stop=94782, strand=-, nt=[ATGCGCTATC..TCGGCTTTGA]
13:30:54.158 - INFO - CDS - contig=contig_5, start=94811, stop=95716, strand=-, nt=[ATGCAGTTAC..AAAGAAATAA]
13:30:54.158 - INFO - CDS - contig=contig_5, start=95941, stop=97335, strand=+, nt=[ATGTCTACCG..AACAGAGTGA]
13:30:54.170 - INFO - CDS - contig=contig_6, start=36, stop=1205, strand=-, frame=3, truncated=no, start-type=ATG, RBS-motif=AGGAGG
13:30:54.170 - INFO - CDS - contig=contig_6, start=1202, stop=1759, strand=-, frame=1, truncated=no, start-type=ATG, RBS-motif=AGGAGG
13:30:54.171 - INFO - CDS - contig=contig_6, start=1848, stop=3401, strand=-, frame=3, truncated=no, start-type=ATG, RBS-motif=AGxAGG/AGGxGG
13:30:54.171 - INFO - CDS - contig=contig_6, start=3434, stop=3841, strand=-, frame=1, truncated=no, start-type=ATG, RBS-motif=AGGAGG
13:30:54.171 - INFO - CDS - contig=contig_6, start=3939, stop=4277, strand=-, frame=3, truncated=no, start-type=ATG, RBS-motif=GGA/GAG/AGG
13:30:54.171 - INFO - CDS - contig=contig_6, start=4274, stop=4954, strand=-, frame=1, truncated=no, start-type=ATG, RBS-motif=GGA/GAG/AGG
13:30:54.171 - INFO - CDS - contig=contig_6, start=5463, stop=8273, strand=+, frame=3, truncated=no, start-type=ATG, RBS-motif=AGGAG
13:30:54.171 - INFO - CDS - contig=contig_6, start=8323, stop=9066, strand=-, frame=2, truncated=no, start-type=ATG, RBS-motif=GGA/GAG/AGG
13:30:54.171 - INFO - CDS - contig=contig_6, start=9232, stop=9729, strand=-, frame=2, truncated=no, start-type=ATG, RBS-motif=AGGAGG
13:30:54.171 - INFO - CDS - contig=contig_6, start=9760, stop=10470, strand=-, frame=2, truncated=no, start-type=ATG, RBS-motif=AGGAG
13:30:54.171 - INFO - CDS - contig=contig_6, start=10509, stop=11741, strand=-, frame=3, truncated=no, start-type=ATG, RBS-motif=GGA/GAG/AGG
13:30:54.171 - INFO - CDS - contig=contig_6, start=11778, stop=12005, strand=-, frame=3, truncated=no, start-type=ATG, RBS-motif=AGGA
13:30:54.171 - INFO - CDS - contig=contig_6, start=12078, stop=13994, strand=-, frame=3, truncated=no, start-type=ATG, RBS-motif=AGGAGG
13:30:54.171 - INFO - CDS - contig=contig_6, start=14012, stop=14698, strand=-, frame=1, truncated=no, start-type=ATG, RBS-motif=AGGAGG
13:30:54.171 - INFO - CDS - contig=contig_6, start=14726, stop=17311, strand=-, frame=1, truncated=no, start-type=ATG, RBS-motif=AGxAGG/AGGxGG
13:30:54.171 - INFO - CDS - contig=contig_6, start=17376, stop=18800, strand=-, frame=3, truncated=no, start-type=ATG, RBS-motif=GGAGG
13:30:54.171 - INFO - CDS - contig=contig_6, start=18986, stop=20908, strand=-, frame=1, truncated=no, start-type=ATG, RBS-motif=GGAGG
13:30:54.171 - INFO - CDS - contig=contig_6, start=20931, stop=21422, strand=-, frame=3, truncated=no, start-type=ATG, RBS-motif=AGGAG
13:30:54.172 - INFO - CDS - contig=contig_6, start=21497, stop=22261, strand=-, frame=1, truncated=no, start-type=ATG, RBS-motif=AGGAG
13:30:54.172 - INFO - CDS - contig=contig_6, start=22310, stop=22879, strand=-, frame=1, truncated=no, start-type=ATG, RBS-motif=GGA/GAG/AGG
13:30:54.172 - INFO - CDS - contig=contig_6, start=22883, stop=23788, strand=-, frame=1, truncated=no, start-type=ATG, RBS-motif=GGA/GAG/AGG
13:30:54.172 - INFO - CDS - contig=contig_6, start=23803, stop=25464, strand=-, frame=2, truncated=no, start-type=ATG, RBS-motif=GGAG/GAGG
13:30:54.172 - INFO - CDS - contig=contig_6, start=25665, stop=26957, strand=-, frame=3, truncated=no, start-type=ATG, RBS-motif=AGGAGG
13:30:54.172 - INFO - CDS - contig=contig_6, start=27030, stop=28235, strand=-, frame=3, truncated=no, start-type=ATG, RBS-motif=AGGA
13:30:54.172 - INFO - CDS - contig=contig_6, start=28252, stop=29562, strand=-, frame=2, truncated=no, start-type=ATG, RBS-motif=AGGAGG
13:30:54.172 - INFO - CDS - contig=contig_6, start=29609, stop=30367, strand=-, frame=1, truncated=no, start-type=ATG, RBS-motif=GGAGG
13:30:54.172 - INFO - CDS - contig=contig_6, start=30445, stop=30897, strand=-, frame=2, truncated=no, start-type=ATG, RBS-motif=AGGAGG
13:30:54.172 - INFO - CDS - contig=contig_6, start=30928, stop=32091, strand=-, frame=2, truncated=no, start-type=ATG, RBS-motif=AGGAGG
13:30:54.172 - INFO - CDS - contig=contig_6, start=32549, stop=33952, strand=+, frame=2, truncated=no, start-type=ATG, RBS-motif=GGAG/GAGG
13:30:54.172 - INFO - CDS - contig=contig_6, start=33942, stop=34922, strand=+, frame=3, truncated=no, start-type=ATG, RBS-motif=GGAG/GAGG
13:30:54.172 - INFO - CDS - contig=contig_6, start=34972, stop=35739, strand=-, frame=2, truncated=no, start-type=ATG, RBS-motif=AGGAGG
13:30:54.172 - INFO - CDS - contig=contig_6, start=35802, stop=35966, strand=-, frame=3, truncated=no, start-type=ATG, RBS-motif=GGAG/GAGG
13:30:54.172 - INFO - CDS - contig=contig_6, start=36080, stop=36388, strand=+, frame=2, truncated=no, start-type=ATG, RBS-motif=GGAG/GAGG
13:30:54.172 - INFO - CDS - contig=contig_6, start=36485, stop=37627, strand=+, frame=2, truncated=no, start-type=ATG, RBS-motif=AGGAG
13:30:54.172 - INFO - CDS - contig=contig_6, start=37726, stop=39039, strand=+, frame=1, truncated=no, start-type=ATG, RBS-motif=AGGAG
13:30:54.173 - INFO - CDS - contig=contig_6, start=39157, stop=39705, strand=+, frame=1, truncated=no, start-type=ATG, RBS-motif=AGxAG
13:30:54.173 - INFO - CDS - contig=contig_6, start=39792, stop=40547, strand=-, frame=3, truncated=no, start-type=ATG, RBS-motif=AGGAG
13:30:54.173 - INFO - CDS - contig=contig_6, start=40578, stop=41987, strand=-, frame=3, truncated=no, start-type=ATG, RBS-motif=GGAGG
13:30:54.173 - INFO - CDS - contig=contig_6, start=42009, stop=42227, strand=-, frame=3, truncated=no, start-type=ATG, RBS-motif=GGAG/GAGG
13:30:54.173 - INFO - CDS - contig=contig_6, start=42224, stop=42562, strand=-, frame=1, truncated=no, start-type=ATG, RBS-motif=AGGAGG
13:30:54.173 - INFO - CDS - contig=contig_6, start=42661, stop=42795, strand=-, frame=2, truncated=no, start-type=ATG, RBS-motif=AGGAGG
13:30:54.173 - INFO - CDS - contig=contig_6, start=43164, stop=44483, strand=+, frame=3, truncated=no, start-type=ATG, RBS-motif=GGAG/GAGG
13:30:54.173 - INFO - CDS - contig=contig_6, start=44731, stop=45855, strand=+, frame=1, truncated=no, start-type=ATG, RBS-motif=GGAGG
13:30:54.173 - INFO - CDS - contig=contig_6, start=45866, stop=46078, strand=+, frame=2, truncated=no, start-type=ATG, RBS-motif=AGxAGG/AGGxGG
13:30:54.173 - INFO - CDS - contig=contig_6, start=46075, stop=47181, strand=+, frame=1, truncated=no, start-type=ATG, RBS-motif=AGGA/GGAG/GAGG
13:30:54.173 - INFO - CDS - contig=contig_6, start=47193, stop=47453, strand=+, frame=3, truncated=no, start-type=GTG, RBS-motif=AGGAGG
13:30:54.173 - INFO - CDS - contig=contig_6, start=47559, stop=49532, strand=+, frame=3, truncated=no, start-type=ATG, RBS-motif=AGGAGG
13:30:54.173 - INFO - CDS - contig=contig_6, start=49548, stop=52094, strand=+, frame=3, truncated=no, start-type=ATG, RBS-motif=AGGAGG
13:30:54.173 - INFO - CDS - contig=contig_6, start=52118, stop=52558, strand=+, frame=2, truncated=no, start-type=ATG, RBS-motif=3Base/5BMM
13:30:54.173 - INFO - CDS - contig=contig_6, start=52839, stop=53654, strand=-, frame=3, truncated=no, start-type=ATG, RBS-motif=AGGAG
13:30:54.173 - INFO - CDS - contig=contig_6, start=53684, stop=54622, strand=-, frame=1, truncated=no, start-type=ATG, RBS-motif=AGGAG
13:30:54.173 - INFO - CDS - contig=contig_6, start=54625, stop=56148, strand=-, frame=2, truncated=no, start-type=ATG, RBS-motif=GGxGG
13:30:54.174 - INFO - CDS - contig=contig_6, start=56145, stop=56762, strand=-, frame=3, truncated=no, start-type=ATG, RBS-motif=GGAG/GAGG
13:30:54.174 - INFO - CDS - contig=contig_6, start=56775, stop=57218, strand=-, frame=3, truncated=no, start-type=ATG, RBS-motif=AGGAGG
13:30:54.174 - INFO - CDS - contig=contig_6, start=57556, stop=58131, strand=+, frame=1, truncated=no, start-type=ATG, RBS-motif=GGAG/GAGG
13:30:54.174 - INFO - CDS - contig=contig_6, start=58138, stop=58959, strand=+, frame=1, truncated=no, start-type=ATG, RBS-motif=GGA/GAG/AGG
13:30:54.174 - INFO - CDS - contig=contig_6, start=59109, stop=59606, strand=+, frame=3, truncated=no, start-type=ATG, RBS-motif=AGxAGG/AGGxGG
13:30:54.174 - INFO - CDS - contig=contig_6, start=59796, stop=61838, strand=+, frame=3, truncated=no, start-type=ATG, RBS-motif=AGGA
13:30:54.174 - INFO - CDS - contig=contig_6, start=61877, stop=62716, strand=-, frame=1, truncated=no, start-type=ATG, RBS-motif=AGGAG
13:30:54.174 - INFO - CDS - contig=contig_6, start=62713, stop=63189, strand=-, frame=2, truncated=no, start-type=ATG, RBS-motif=GGAG/GAGG
13:30:54.174 - INFO - CDS - contig=contig_6, start=63354, stop=65144, strand=-, frame=3, truncated=no, start-type=ATG, RBS-motif=GGAG/GAGG
13:30:54.174 - INFO - CDS - contig=contig_6, start=65209, stop=66630, strand=-, frame=2, truncated=no, start-type=TTG, RBS-motif=GGAG/GAGG
13:30:54.174 - INFO - CDS - contig=contig_6, start=66657, stop=67664, strand=-, frame=3, truncated=no, start-type=ATG, RBS-motif=GGAGG
13:30:54.174 - INFO - CDS - contig=contig_6, start=67722, stop=69065, strand=-, frame=3, truncated=no, start-type=ATG, RBS-motif=AGGA
13:30:54.174 - INFO - CDS - contig=contig_6, start=69205, stop=69621, strand=-, frame=2, truncated=no, start-type=ATG, RBS-motif=AGxAGG/AGGxGG
13:30:54.174 - INFO - CDS - contig=contig_6, start=69676, stop=70413, strand=-, frame=2, truncated=no, start-type=ATG, RBS-motif=GGAGG
13:30:54.174 - INFO - CDS - contig=contig_6, start=70518, stop=71243, strand=-, frame=3, truncated=no, start-type=ATG, RBS-motif=None
13:30:54.174 - INFO - CDS - contig=contig_6, start=71240, stop=71578, strand=-, frame=1, truncated=no, start-type=TTG, RBS-motif=AGGAGG
13:30:54.174 - INFO - CDS - contig=contig_6, start=71618, stop=72709, strand=-, frame=1, truncated=no, start-type=ATG, RBS-motif=None
13:30:54.174 - INFO - CDS - contig=contig_6, start=72712, stop=73161, strand=-, frame=2, truncated=no, start-type=ATG, RBS-motif=AGGAG
13:30:54.175 - INFO - CDS - contig=contig_6, start=73185, stop=74660, strand=-, frame=3, truncated=no, start-type=ATG, RBS-motif=GGAGG
13:30:54.175 - INFO - CDS - contig=contig_6, start=74775, stop=76085, strand=-, frame=3, truncated=no, start-type=ATG, RBS-motif=GGAG/GAGG
13:30:54.175 - INFO - CDS - contig=contig_6, start=76112, stop=76651, strand=-, frame=1, truncated=no, start-type=TTG, RBS-motif=GGAGG
13:30:54.175 - INFO - CDS - contig=contig_6, start=76648, stop=77565, strand=-, frame=2, truncated=no, start-type=ATG, RBS-motif=AGGA
13:30:54.175 - INFO - CDS - contig=contig_6, start=77597, stop=78355, strand=-, frame=1, truncated=no, start-type=ATG, RBS-motif=GGAG/GAGG
13:30:54.175 - INFO - CDS - contig=contig_6, start=78506, stop=79312, strand=-, frame=1, truncated=no, start-type=ATG, RBS-motif=AGxAGG/AGGxGG
13:30:54.175 - INFO - CDS - contig=contig_6, start=79644, stop=80504, strand=-, frame=3, truncated=no, start-type=ATG, RBS-motif=GGAG/GAGG
13:30:54.175 - INFO - CDS - contig=contig_6, start=80534, stop=82147, strand=-, frame=1, truncated=no, start-type=ATG, RBS-motif=AGGAGG
13:30:54.175 - INFO - CDS - contig=contig_6, start=82353, stop=82925, strand=+, frame=3, truncated=no, start-type=ATG, RBS-motif=AGGAGG
13:30:54.175 - INFO - CDS - contig=contig_6, start=83033, stop=84643, strand=-, frame=1, truncated=no, start-type=ATG, RBS-motif=AGGA
13:30:54.175 - INFO - CDS - contig=contig_6, start=85071, stop=85628, strand=-, frame=3, truncated=no, start-type=ATG, RBS-motif=AGGAG
13:30:54.175 - INFO - CDS - contig=contig_6, start=86116, stop=86568, strand=-, frame=2, truncated=no, start-type=ATG, RBS-motif=AGGAGG
13:30:54.175 - INFO - CDS - contig=contig_6, start=86568, stop=90071, strand=-, frame=3, truncated=no, start-type=ATG, RBS-motif=GGAGG
13:30:54.175 - INFO - CDS - contig=contig_6, start=36, stop=1205, strand=-, nt=[ATGACCCGTG..CAATGGATAA]
13:30:54.175 - INFO - CDS - contig=contig_6, start=1202, stop=1759, strand=-, nt=[ATGGACGACC..ATATCTATGA]
13:30:54.175 - INFO - CDS - contig=contig_6, start=1848, stop=3401, strand=-, nt=[ATGAAAGGAA..CCGGTTCTAA]
13:30:54.175 - INFO - CDS - contig=contig_6, start=3434, stop=3841, strand=-, nt=[ATGATGAAAA..GAAAGAGTGA]
13:30:54.176 - INFO - CDS - contig=contig_6, start=3939, stop=4277, strand=-, nt=[ATGATCACAC..AAAGAAATAA]
13:30:54.176 - INFO - CDS - contig=contig_6, start=4274, stop=4954, strand=-, nt=[ATGATGAAAA..GTGGGCATGA]
13:30:54.176 - INFO - CDS - contig=contig_6, start=5463, stop=8273, strand=+, nt=[ATGGACTACA..CAAGGACTAA]
13:30:54.176 - INFO - CDS - contig=contig_6, start=8323, stop=9066, strand=-, nt=[ATGCTGACTC..GATCACCTGA]
13:30:54.176 - INFO - CDS - contig=contig_6, start=9232, stop=9729, strand=-, nt=[ATGGGACTTT..CTACTTTTAA]
13:30:54.176 - INFO - CDS - contig=contig_6, start=9760, stop=10470, strand=-, nt=[ATGTCTTTGG..GGCAGAGTGA]
13:30:54.176 - INFO - CDS - contig=contig_6, start=10509, stop=11741, strand=-, nt=[ATGAAGCAAG..CGTAGCGTAA]
13:30:54.176 - INFO - CDS - contig=contig_6, start=11778, stop=12005, strand=-, nt=[ATGTCCCGAG..GGATACATAA]
13:30:54.176 - INFO - CDS - contig=contig_6, start=12078, stop=13994, strand=-, nt=[ATGCCCCATA..ACGCTCCTGA]
13:30:54.176 - INFO - CDS - contig=contig_6, start=14012, stop=14698, strand=-, nt=[ATGTTCCGCC..TACCACATAG]
13:30:54.176 - INFO - CDS - contig=contig_6, start=14726, stop=17311, strand=-, nt=[ATGCCCGAAG..AGAACTGTAA]
13:30:54.176 - INFO - CDS - contig=contig_6, start=17376, stop=18800, strand=-, nt=[ATGGAGCGGC..TAGCGGCTAG]
13:30:54.176 - INFO - CDS - contig=contig_6, start=18986, stop=20908, strand=-, nt=[ATGTATACTC..CCACGTTTGA]
13:30:54.176 - INFO - CDS - contig=contig_6, start=20931, stop=21422, strand=-, nt=[ATGGCAACAC..CATGATGTGA]
13:30:54.176 - INFO - CDS - contig=contig_6, start=21497, stop=22261, strand=-, nt=[ATGAAGAAGG..CTCCGACTGA]
13:30:54.176 - INFO - CDS - contig=contig_6, start=22310, stop=22879, strand=-, nt=[ATGAAGTTGT..GCTGCGGTAA]
13:30:54.176 - INFO - CDS - contig=contig_6, start=22883, stop=23788, strand=-, nt=[ATGGCAAGCA..GGATGCGTGA]
13:30:54.176 - INFO - CDS - contig=contig_6, start=23803, stop=25464, strand=-, nt=[ATGAAAGGCT..ACCGCAGTAA]
13:30:54.176 - INFO - CDS - contig=contig_6, start=25665, stop=26957, strand=-, nt=[ATGCTTAGTA..CGGAGTCTAA]
13:30:54.176 - INFO - CDS - contig=contig_6, start=27030, stop=28235, strand=-, nt=[ATGAAAAAAG..AGCAATATAA]
13:30:54.176 - INFO - CDS - contig=contig_6, start=28252, stop=29562, strand=-, nt=[ATGGATTGGC..GATCCACTGA]
13:30:54.176 - INFO - CDS - contig=contig_6, start=29609, stop=30367, strand=-, nt=[ATGTATTATA..TCTGTTCTAA]
13:30:54.176 - INFO - CDS - contig=contig_6, start=30445, stop=30897, strand=-, nt=[ATGGGACGTA..GGAGGAGTAA]
13:30:54.176 - INFO - CDS - contig=contig_6, start=30928, stop=32091, strand=-, nt=[ATGGACAACA..GTACGACTAA]
13:30:54.176 - INFO - CDS - contig=contig_6, start=32549, stop=33952, strand=+, nt=[ATGCCGGTCA..TGGAATATAG]
13:30:54.176 - INFO - CDS - contig=contig_6, start=33942, stop=34922, strand=+, nt=[ATGGAATATA..GCACCGCTGA]
13:30:54.176 - INFO - CDS - contig=contig_6, start=34972, stop=35739, strand=-, nt=[ATGAAGTTCT..GGCACAGTAA]
13:30:54.177 - INFO - CDS - contig=contig_6, start=35802, stop=35966, strand=-, nt=[ATGGAAGAAT..CGCATTATAA]
13:30:54.177 - INFO - CDS - contig=contig_6, start=36080, stop=36388, strand=+, nt=[ATGGAGATAG..AGGGGAGTAG]
13:30:54.177 - INFO - CDS - contig=contig_6, start=36485, stop=37627, strand=+, nt=[ATGAATGAGC..CGGATCATAA]
13:30:54.177 - INFO - CDS - contig=contig_6, start=37726, stop=39039, strand=+, nt=[ATGTACTATA..CGGGTGGTAA]
13:30:54.177 - INFO - CDS - contig=contig_6, start=39157, stop=39705, strand=+, nt=[ATGGAGATCG..CCGGCAGTAA]
13:30:54.177 - INFO - CDS - contig=contig_6, start=39792, stop=40547, strand=-, nt=[ATGATGAAGT..CCAGGAGTAA]
13:30:54.177 - INFO - CDS - contig=contig_6, start=40578, stop=41987, strand=-, nt=[ATGGATATTT..GGAAGACTGA]
13:30:54.177 - INFO - CDS - contig=contig_6, start=42009, stop=42227, strand=-, nt=[ATGAAGGCCG..CGTACCCTGA]
13:30:54.177 - INFO - CDS - contig=contig_6, start=42224, stop=42562, strand=-, nt=[ATGCGTCAGA..GCGGTCATGA]
13:30:54.177 - INFO - CDS - contig=contig_6, start=42661, stop=42795, strand=-, nt=[ATGAAGCGTA..GTCCTACTAA]
13:30:54.177 - INFO - CDS - contig=contig_6, start=43164, stop=44483, strand=+, nt=[ATGAATTCCG..ATACGAATAA]
13:30:54.177 - INFO - CDS - contig=contig_6, start=44731, stop=45855, strand=+, nt=[ATGAAATTTT..GGACAAGTAA]
13:30:54.177 - INFO - CDS - contig=contig_6, start=45866, stop=46078, strand=+, nt=[ATGGAAAAGA..GGTCATATGA]
13:30:54.177 - INFO - CDS - contig=contig_6, start=46075, stop=47181, strand=+, nt=[ATGATCTTAA..TCATGGATAG]
13:30:54.177 - INFO - CDS - contig=contig_6, start=47193, stop=47453, strand=+, nt=[GTGTATCTCC..CGGATTTTGA]
13:30:54.177 - INFO - CDS - contig=contig_6, start=47559, stop=49532, strand=+, nt=[ATGAGCGAGG..GGACTACTAA]
13:30:54.177 - INFO - CDS - contig=contig_6, start=49548, stop=52094, strand=+, nt=[ATGGCAAGCA..CGAAGAATAA]
13:30:54.177 - INFO - CDS - contig=contig_6, start=52118, stop=52558, strand=+, nt=[ATGAAAACAG..CAAGAAATAG]
13:30:54.177 - INFO - CDS - contig=contig_6, start=52839, stop=53654, strand=-, nt=[ATGGCAGAAT..AGAGCTGTAA]
13:30:54.177 - INFO - CDS - contig=contig_6, start=53684, stop=54622, strand=-, nt=[ATGGCATATC..ATATAAGTAA]
13:30:54.177 - INFO - CDS - contig=contig_6, start=54625, stop=56148, strand=-, nt=[ATGAGGCTTT..AGGAGACTGA]
13:30:54.177 - INFO - CDS - contig=contig_6, start=56145, stop=56762, strand=-, nt=[ATGGATATCA..GGGGCTATGA]
13:30:54.177 - INFO - CDS - contig=contig_6, start=56775, stop=57218, strand=-, nt=[ATGCGAGCGG..TACCCTGTGA]
13:30:54.177 - INFO - CDS - contig=contig_6, start=57556, stop=58131, strand=+, nt=[ATGGAAAAGA..ACAGAATTGA]
13:30:54.177 - INFO - CDS - contig=contig_6, start=58138, stop=58959, strand=+, nt=[ATGCTATTGG..ATATTCCTAA]
13:30:54.177 - INFO - CDS - contig=contig_6, start=59109, stop=59606, strand=+, nt=[ATGAACGTCA..GCAGTTGTAA]
13:30:54.177 - INFO - CDS - contig=contig_6, start=59796, stop=61838, strand=+, nt=[ATGACCTTTC..AGAGGATTAA]
13:30:54.177 - INFO - CDS - contig=contig_6, start=61877, stop=62716, strand=-, nt=[ATGATCCGTA..AAAGGAATAA]
13:30:54.177 - INFO - CDS - contig=contig_6, start=62713, stop=63189, strand=-, nt=[ATGGCTGTGG..GTTCTCATGA]
13:30:54.177 - INFO - CDS - contig=contig_6, start=63354, stop=65144, strand=-, nt=[ATGGATCAGT..AGAGGAATAA]
13:30:54.177 - INFO - CDS - contig=contig_6, start=65209, stop=66630, strand=-, nt=[TTGCGCACAC..CCTGCAGTAA]
13:30:54.178 - INFO - CDS - contig=contig_6, start=66657, stop=67664, strand=-, nt=[ATGAAACGCC..AGAGGCATAA]
13:30:54.178 - INFO - CDS - contig=contig_6, start=67722, stop=69065, strand=-, nt=[ATGGAACGGA..CAAAGAATAA]
13:30:54.178 - INFO - CDS - contig=contig_6, start=69205, stop=69621, strand=-, nt=[ATGAATATCG..CTACGCTTGA]
13:30:54.178 - INFO - CDS - contig=contig_6, start=69676, stop=70413, strand=-, nt=[ATGTCTGCTG..GATACGGTAA]
13:30:54.178 - INFO - CDS - contig=contig_6, start=70518, stop=71243, strand=-, nt=[ATGATGGAGG..GCCGCTGTAA]
13:30:54.178 - INFO - CDS - contig=contig_6, start=71240, stop=71578, strand=-, nt=[TTGGAGGACA..ACAGCTATGA]
13:30:54.178 - INFO - CDS - contig=contig_6, start=71618, stop=72709, strand=-, nt=[ATGAGGCGAA..CGGAGCATAA]
13:30:54.178 - INFO - CDS - contig=contig_6, start=72712, stop=73161, strand=-, nt=[ATGGCAGAAA..AGCCCAGTGA]
13:30:54.178 - INFO - CDS - contig=contig_6, start=73185, stop=74660, strand=-, nt=[ATGAAGCGAG..ACAAGAATAA]
13:30:54.178 - INFO - CDS - contig=contig_6, start=74775, stop=76085, strand=-, nt=[ATGCTGGACA..CAAACAGTAA]
13:30:54.178 - INFO - CDS - contig=contig_6, start=76112, stop=76651, strand=-, nt=[TTGAGCCGAC..CCTGTATTGA]
13:30:54.178 - INFO - CDS - contig=contig_6, start=76648, stop=77565, strand=-, nt=[ATGGCCGCAA..CGTGGGTTGA]
13:30:54.178 - INFO - CDS - contig=contig_6, start=77597, stop=78355, strand=-, nt=[ATGGCGAAAC..AAATAAGTAA]
13:30:54.178 - INFO - CDS - contig=contig_6, start=78506, stop=79312, strand=-, nt=[ATGCAATTCT..CGCCGGATAA]
13:30:54.178 - INFO - CDS - contig=contig_6, start=79644, stop=80504, strand=-, nt=[ATGAAGCTCA..CCGGGCCTGA]
13:30:54.178 - INFO - CDS - contig=contig_6, start=80534, stop=82147, strand=-, nt=[ATGTCTCTCA..CCAGCGCTGA]
13:30:54.178 - INFO - CDS - contig=contig_6, start=82353, stop=82925, strand=+, nt=[ATGAAGCTGC..GTTCTGCTAA]
13:30:54.178 - INFO - CDS - contig=contig_6, start=83033, stop=84643, strand=-, nt=[ATGAGAACGA..GGCCGCCTGA]
13:30:54.178 - INFO - CDS - contig=contig_6, start=85071, stop=85628, strand=-, nt=[ATGCTTCAAA..CGCCGCCTGA]
13:30:54.178 - INFO - CDS - contig=contig_6, start=86116, stop=86568, strand=-, nt=[ATGGAGCACG..GGAAAAATAG]
13:30:54.178 - INFO - CDS - contig=contig_6, start=86568, stop=90071, strand=-, nt=[ATGCAAAAGC..AGAAGCCTGA]
13:30:54.229 - INFO - CDS - contig=contig_7, start=98, stop=2050, strand=-, frame=2, truncated=no, start-type=ATG, RBS-motif=GGAGG
13:30:54.229 - INFO - CDS - contig=contig_7, start=2131, stop=2658, strand=-, frame=3, truncated=no, start-type=ATG, RBS-motif=GGA/GAG/AGG
13:30:54.229 - INFO - CDS - contig=contig_7, start=2843, stop=4138, strand=-, frame=2, truncated=no, start-type=ATG, RBS-motif=GGAGG
13:30:54.229 - INFO - CDS - contig=contig_7, start=4534, stop=5502, strand=+, frame=1, truncated=no, start-type=ATG, RBS-motif=AGxAGG/AGGxGG
13:30:54.229 - INFO - CDS - contig=contig_7, start=5499, stop=6113, strand=+, frame=3, truncated=no, start-type=GTG, RBS-motif=GGA/GAG/AGG
13:30:54.229 - INFO - CDS - contig=contig_7, start=6258, stop=6599, strand=+, frame=3, truncated=no, start-type=ATG, RBS-motif=AGGAGG
13:30:54.229 - INFO - CDS - contig=contig_7, start=6762, stop=7496, strand=-, frame=1, truncated=no, start-type=ATG, RBS-motif=AGGAG
13:30:54.229 - INFO - CDS - contig=contig_7, start=7598, stop=8476, strand=+, frame=2, truncated=no, start-type=ATG, RBS-motif=AGxAGG/AGGxGG
13:30:54.229 - INFO - CDS - contig=contig_7, start=8473, stop=9090, strand=+, frame=1, truncated=no, start-type=ATG, RBS-motif=GGAGG
13:30:54.229 - INFO - CDS - contig=contig_7, start=9087, stop=9458, strand=+, frame=3, truncated=no, start-type=ATG, RBS-motif=GGAGG
13:30:54.229 - INFO - CDS - contig=contig_7, start=9471, stop=10409, strand=+, frame=3, truncated=no, start-type=ATG, RBS-motif=AGGAGG
13:30:54.230 - INFO - CDS - contig=contig_7, start=10397, stop=11884, strand=+, frame=2, truncated=no, start-type=ATG, RBS-motif=GGA/GAG/AGG
13:30:54.230 - INFO - CDS - contig=contig_7, start=11884, stop=12585, strand=+, frame=1, truncated=no, start-type=ATG, RBS-motif=AGGA/GGAG/GAGG
13:30:54.230 - INFO - CDS - contig=contig_7, start=12718, stop=14193, strand=+, frame=1, truncated=no, start-type=ATG, RBS-motif=AGGAGG
13:30:54.230 - INFO - CDS - contig=contig_7, start=14263, stop=14844, strand=+, frame=1, truncated=no, start-type=ATG, RBS-motif=AGGAG/GGAGG
13:30:54.230 - INFO - CDS - contig=contig_7, start=14919, stop=16232, strand=+, frame=3, truncated=no, start-type=ATG, RBS-motif=GGAG/GAGG
13:30:54.230 - INFO - CDS - contig=contig_7, start=16311, stop=16910, strand=+, frame=3, truncated=no, start-type=ATG, RBS-motif=GGAGG
13:30:54.230 - INFO - CDS - contig=contig_7, start=17085, stop=17810, strand=+, frame=3, truncated=no, start-type=TTG, RBS-motif=GGxGG
13:30:54.230 - INFO - CDS - contig=contig_7, start=17829, stop=18626, strand=+, frame=3, truncated=no, start-type=GTG, RBS-motif=GGA/GAG/AGG
13:30:54.230 - INFO - CDS - contig=contig_7, start=18641, stop=19348, strand=+, frame=2, truncated=no, start-type=ATG, RBS-motif=AGGAGG
13:30:54.230 - INFO - CDS - contig=contig_7, start=19345, stop=19965, strand=+, frame=1, truncated=no, start-type=ATG, RBS-motif=GGAG/GAGG
13:30:54.230 - INFO - CDS - contig=contig_7, start=19967, stop=20377, strand=+, frame=2, truncated=no, start-type=ATG, RBS-motif=GGAG/GAGG
13:30:54.230 - INFO - CDS - contig=contig_7, start=20419, stop=21579, strand=+, frame=1, truncated=no, start-type=ATG, RBS-motif=GGAGG
13:30:54.230 - INFO - CDS - contig=contig_7, start=21585, stop=22289, strand=+, frame=3, truncated=no, start-type=ATG, RBS-motif=GGAGG
13:30:54.230 - INFO - CDS - contig=contig_7, start=22401, stop=23264, strand=+, frame=3, truncated=no, start-type=ATG, RBS-motif=AGGAG
13:30:54.230 - INFO - CDS - contig=contig_7, start=23230, stop=24501, strand=+, frame=1, truncated=no, start-type=ATG, RBS-motif=GGAG/GAGG
13:30:54.230 - INFO - CDS - contig=contig_7, start=24491, stop=25165, strand=+, frame=2, truncated=no, start-type=ATG, RBS-motif=GGAGG
13:30:54.230 - INFO - CDS - contig=contig_7, start=25162, stop=25755, strand=+, frame=1, truncated=no, start-type=ATG, RBS-motif=AGGAG
13:30:54.231 - INFO - CDS - contig=contig_7, start=25752, stop=27755, strand=+, frame=3, truncated=no, start-type=ATG, RBS-motif=AGGAG
13:30:54.231 - INFO - CDS - contig=contig_7, start=27913, stop=28392, strand=+, frame=1, truncated=no, start-type=ATG, RBS-motif=GGAGG
13:30:54.231 - INFO - CDS - contig=contig_7, start=28511, stop=29197, strand=+, frame=2, truncated=no, start-type=ATG, RBS-motif=None
13:30:54.231 - INFO - CDS - contig=contig_7, start=29194, stop=29673, strand=+, frame=1, truncated=no, start-type=ATG, RBS-motif=AGxAGG/AGGxGG
13:30:54.231 - INFO - CDS - contig=contig_7, start=29836, stop=30090, strand=+, frame=1, truncated=no, start-type=ATG, RBS-motif=AGGA/GGAG/GAGG
13:30:54.231 - INFO - CDS - contig=contig_7, start=30090, stop=31214, strand=+, frame=3, truncated=no, start-type=ATG, RBS-motif=AGGAGG
13:30:54.231 - INFO - CDS - contig=contig_7, start=31418, stop=32308, strand=+, frame=2, truncated=no, start-type=ATG, RBS-motif=AGGAGG
13:30:54.231 - INFO - CDS - contig=contig_7, start=32286, stop=33533, strand=+, frame=3, truncated=no, start-type=ATG, RBS-motif=AGGAGG
13:30:54.231 - INFO - CDS - contig=contig_7, start=33550, stop=33975, strand=+, frame=1, truncated=no, start-type=ATG, RBS-motif=AGGAG/GGAGG
13:30:54.231 - INFO - CDS - contig=contig_7, start=33978, stop=34853, strand=+, frame=3, truncated=no, start-type=GTG, RBS-motif=GGAG/GAGG
13:30:54.231 - INFO - CDS - contig=contig_7, start=34850, stop=35455, strand=+, frame=2, truncated=no, start-type=ATG, RBS-motif=AGGAG
13:30:54.231 - INFO - CDS - contig=contig_7, start=35486, stop=36418, strand=+, frame=2, truncated=no, start-type=ATG, RBS-motif=GGAG/GAGG
13:30:54.231 - INFO - CDS - contig=contig_7, start=36435, stop=36701, strand=+, frame=3, truncated=no, start-type=TTG, RBS-motif=GGAGG
13:30:54.231 - INFO - CDS - contig=contig_7, start=36698, stop=37306, strand=+, frame=2, truncated=no, start-type=ATG, RBS-motif=AGGAGG
13:30:54.231 - INFO - CDS - contig=contig_7, start=37313, stop=37501, strand=+, frame=2, truncated=no, start-type=ATG, RBS-motif=AGGAG/GGAGG
13:30:54.231 - INFO - CDS - contig=contig_7, start=37598, stop=40066, strand=+, frame=2, truncated=no, start-type=ATG, RBS-motif=AGGAGG
13:30:54.231 - INFO - CDS - contig=contig_7, start=40083, stop=40580, strand=+, frame=3, truncated=no, start-type=ATG, RBS-motif=GGAG/GAGG
13:30:54.232 - INFO - CDS - contig=contig_7, start=40584, stop=41507, strand=+, frame=3, truncated=no, start-type=ATG, RBS-motif=GGAG/GAGG
13:30:54.232 - INFO - CDS - contig=contig_7, start=41507, stop=42820, strand=+, frame=2, truncated=no, start-type=ATG, RBS-motif=GGA/GAG/AGG
13:30:54.232 - INFO - CDS - contig=contig_7, start=42832, stop=43857, strand=+, frame=1, truncated=no, start-type=TTG, RBS-motif=AGxAGG/AGGxGG
13:30:54.232 - INFO - CDS - contig=contig_7, start=43854, stop=44594, strand=+, frame=3, truncated=no, start-type=ATG, RBS-motif=GGAGG
13:30:54.232 - INFO - CDS - contig=contig_7, start=44610, stop=46637, strand=+, frame=3, truncated=no, start-type=ATG, RBS-motif=GGAGG
13:30:54.232 - INFO - CDS - contig=contig_7, start=46637, stop=47509, strand=+, frame=2, truncated=no, start-type=ATG, RBS-motif=None
13:30:54.232 - INFO - CDS - contig=contig_7, start=47581, stop=47751, strand=+, frame=1, truncated=no, start-type=ATG, RBS-motif=AGGAGG
13:30:54.232 - INFO - CDS - contig=contig_7, start=47899, stop=49425, strand=+, frame=1, truncated=no, start-type=ATG, RBS-motif=AGGAG/GGAGG
13:30:54.232 - INFO - CDS - contig=contig_7, start=49440, stop=50918, strand=+, frame=3, truncated=no, start-type=ATG, RBS-motif=AGxAGG/AGGxGG
13:30:54.232 - INFO - CDS - contig=contig_7, start=50973, stop=51884, strand=-, frame=1, truncated=no, start-type=ATG, RBS-motif=AGGA/GGAG/GAGG
13:30:54.232 - INFO - CDS - contig=contig_7, start=52139, stop=54436, strand=-, frame=2, truncated=no, start-type=TTG, RBS-motif=AGxAGG/AGGxGG
13:30:54.232 - INFO - CDS - contig=contig_7, start=54411, stop=55109, strand=-, frame=1, truncated=no, start-type=ATG, RBS-motif=AGGAGG
13:30:54.232 - INFO - CDS - contig=contig_7, start=55185, stop=55811, strand=-, frame=1, truncated=no, start-type=ATG, RBS-motif=AGGAGG
13:30:54.232 - INFO - CDS - contig=contig_7, start=55914, stop=57173, strand=+, frame=3, truncated=no, start-type=ATG, RBS-motif=AGGAGG
13:30:54.232 - INFO - CDS - contig=contig_7, start=57189, stop=57674, strand=+, frame=3, truncated=no, start-type=ATG, RBS-motif=GGAGG
13:30:54.232 - INFO - CDS - contig=contig_7, start=57674, stop=58180, strand=+, frame=2, truncated=no, start-type=ATG, RBS-motif=3Base/5BMM
13:30:54.233 - INFO - CDS - contig=contig_7, start=58170, stop=59255, strand=+, frame=3, truncated=no, start-type=ATG, RBS-motif=GGAG/GAGG
13:30:54.233 - INFO - CDS - contig=contig_7, start=59297, stop=60139, strand=-, frame=2, truncated=no, start-type=ATG, RBS-motif=GGAG/GAGG
13:30:54.233 - INFO - CDS - contig=contig_7, start=60433, stop=62274, strand=+, frame=1, truncated=no, start-type=ATG, RBS-motif=AGGAG
13:30:54.233 - INFO - CDS - contig=contig_7, start=62615, stop=62938, strand=+, frame=2, truncated=no, start-type=ATG, RBS-motif=GGA/GAG/AGG
13:30:54.233 - INFO - CDS - contig=contig_7, start=62940, stop=63359, strand=+, frame=3, truncated=no, start-type=ATG, RBS-motif=GGA/GAG/AGG
13:30:54.233 - INFO - CDS - contig=contig_7, start=63366, stop=63731, strand=-, frame=1, truncated=no, start-type=ATG, RBS-motif=None
13:30:54.233 - INFO - CDS - contig=contig_7, start=63731, stop=64090, strand=-, frame=2, truncated=no, start-type=GTG, RBS-motif=GGAGG
13:30:54.233 - INFO - CDS - contig=contig_7, start=64134, stop=64844, strand=-, frame=1, truncated=no, start-type=ATG, RBS-motif=AGGAG
13:30:54.233 - INFO - CDS - contig=contig_7, start=64910, stop=66625, strand=-, frame=2, truncated=no, start-type=ATG, RBS-motif=AGGA/GGAG/GAGG
13:30:54.233 - INFO - CDS - contig=contig_7, start=66999, stop=67301, strand=-, frame=1, truncated=no, start-type=ATG, RBS-motif=GGAG/GAGG
13:30:54.233 - INFO - CDS - contig=contig_7, start=67543, stop=70242, strand=+, frame=1, truncated=no, start-type=ATG, RBS-motif=GGAGG
13:30:54.233 - INFO - CDS - contig=contig_7, start=70443, stop=70883, strand=+, frame=3, truncated=no, start-type=ATG, RBS-motif=AGxAGG/AGGxGG
13:30:54.233 - INFO - CDS - contig=contig_7, start=70910, stop=72124, strand=+, frame=2, truncated=no, start-type=ATG, RBS-motif=AGGAG
13:30:54.233 - INFO - CDS - contig=contig_7, start=72187, stop=73419, strand=+, frame=1, truncated=no, start-type=ATG, RBS-motif=AGxAGG/AGGxGG
13:30:54.233 - INFO - CDS - contig=contig_7, start=73536, stop=75149, strand=+, frame=3, truncated=no, start-type=ATG, RBS-motif=GGAG/GAGG
13:30:54.234 - INFO - CDS - contig=contig_7, start=75143, stop=76429, strand=+, frame=2, truncated=no, start-type=ATG, RBS-motif=GGAGG
13:30:54.234 - INFO - CDS - contig=contig_7, start=76426, stop=77034, strand=+, frame=1, truncated=no, start-type=ATG, RBS-motif=AGGAGG
13:30:54.234 - INFO - CDS - contig=contig_7, start=77034, stop=77642, strand=+, frame=3, truncated=no, start-type=ATG, RBS-motif=GGAG/GAGG
13:30:54.234 - INFO - CDS - contig=contig_7, start=77639, stop=78358, strand=+, frame=2, truncated=no, start-type=ATG, RBS-motif=GGAG/GAGG
13:30:54.234 - INFO - CDS - contig=contig_7, start=78352, stop=79107, strand=+, frame=1, truncated=no, start-type=ATG, RBS-motif=AGGAG
13:30:54.234 - INFO - CDS - contig=contig_7, start=79125, stop=79460, strand=+, frame=3, truncated=no, start-type=ATG, RBS-motif=GGAGG
13:30:54.234 - INFO - CDS - contig=contig_7, start=79463, stop=79789, strand=+, frame=2, truncated=no, start-type=ATG, RBS-motif=GGAGG
13:30:54.234 - INFO - CDS - contig=contig_7, start=79845, stop=80630, strand=-, frame=1, truncated=no, start-type=ATG, RBS-motif=AGGAGG
13:30:54.234 - INFO - CDS - contig=contig_7, start=80781, stop=81320, strand=+, frame=3, truncated=no, start-type=ATG, RBS-motif=AGGAG/GGAGG
13:30:54.234 - INFO - CDS - contig=contig_7, start=81332, stop=81937, strand=+, frame=2, truncated=no, start-type=ATG, RBS-motif=AGGAG
13:30:54.234 - INFO - CDS - contig=contig_7, start=81938, stop=82270, strand=+, frame=2, truncated=no, start-type=ATG, RBS-motif=4Base/6BMM
13:30:54.234 - INFO - CDS - contig=contig_7, start=82300, stop=83346, strand=+, frame=1, truncated=no, start-type=TTG, RBS-motif=AGGA
13:30:54.234 - INFO - CDS - contig=contig_7, start=83362, stop=84714, strand=+, frame=1, truncated=no, start-type=ATG, RBS-motif=AGGAG
13:30:54.234 - INFO - CDS - contig=contig_7, start=84801, stop=85406, strand=+, frame=3, truncated=no, start-type=ATG, RBS-motif=AGGA
13:30:54.234 - INFO - CDS - contig=contig_7, start=85557, stop=85841, strand=+, frame=3, truncated=no, start-type=ATG, RBS-motif=GGAG/GAGG
13:30:54.234 - INFO - CDS - contig=contig_7, start=85930, stop=87591, strand=-, frame=3, truncated=no, start-type=ATG, RBS-motif=AGGAGG
13:30:54.234 - INFO - CDS - contig=contig_7, start=87677, stop=87853, strand=-, frame=2, truncated=no, start-type=ATG, RBS-motif=AGGA
13:30:54.235 - INFO - CDS - contig=contig_7, start=87978, stop=88961, strand=-, frame=1, truncated=no, start-type=ATG, RBS-motif=AGGAG
13:30:54.235 - INFO - CDS - contig=contig_7, start=98, stop=2050, strand=-, nt=[ATGACTGACC..AAGCGAATAA]
13:30:54.235 - INFO - CDS - contig=contig_7, start=2131, stop=2658, strand=-, nt=[ATGCCTGTAC..AAAAAACTGA]
13:30:54.235 - INFO - CDS - contig=contig_7, start=2843, stop=4138, strand=-, nt=[ATGGGCTCCG..TATAAAATAA]
13:30:54.235 - INFO - CDS - contig=contig_7, start=4534, stop=5502, strand=+, nt=[ATGATGGAAA..CCAATCGTGA]
13:30:54.235 - INFO - CDS - contig=contig_7, start=5499, stop=6113, strand=+, nt=[GTGAGCTGGG..TTTGGGATAA]
13:30:54.235 - INFO - CDS - contig=contig_7, start=6258, stop=6599, strand=+, nt=[ATGGATCTGA..GAAGCTGTAA]
13:30:54.235 - INFO - CDS - contig=contig_7, start=6762, stop=7496, strand=-, nt=[ATGTCATCGT..GGCCTCCTAA]
13:30:54.235 - INFO - CDS - contig=contig_7, start=7598, stop=8476, strand=+, nt=[ATGAACATCC..GGCGCTATGA]
13:30:54.235 - INFO - CDS - contig=contig_7, start=8473, stop=9090, strand=+, nt=[ATGAGCTTTT..GCGGAAATGA]
13:30:54.235 - INFO - CDS - contig=contig_7, start=9087, stop=9458, strand=+, nt=[ATGAGCGTTG..CGCCTTTTGA]
13:30:54.235 - INFO - CDS - contig=contig_7, start=9471, stop=10409, strand=+, nt=[ATGCAGGTCT..TACTATGTAA]
13:30:54.235 - INFO - CDS - contig=contig_7, start=10397, stop=11884, strand=+, nt=[ATGTACTATG..GCTTCGGTAA]
13:30:54.235 - INFO - CDS - contig=contig_7, start=11884, stop=12585, strand=+, nt=[ATGGCTCTGT..GGGCGAATAA]
13:30:54.235 - INFO - CDS - contig=contig_7, start=12718, stop=14193, strand=+, nt=[ATGAACGTGA..CGAGGAATGA]
13:30:54.235 - INFO - CDS - contig=contig_7, start=14263, stop=14844, strand=+, nt=[ATGAGTTTGG..TCACCGCTGA]
13:30:54.235 - INFO - CDS - contig=contig_7, start=14919, stop=16232, strand=+, nt=[ATGCCGAAAA..CGCCTCCTGA]
13:30:54.235 - INFO - CDS - contig=contig_7, start=16311, stop=16910, strand=+, nt=[ATGACGTTGA..CAGCAAATAA]
13:30:54.235 - INFO - CDS - contig=contig_7, start=17085, stop=17810, strand=+, nt=[TTGGTCAGCT..TCACTTCTGA]
13:30:54.235 - INFO - CDS - contig=contig_7, start=17829, stop=18626, strand=+, nt=[GTGGACGCTC..TACCTATTGA]
13:30:54.235 - INFO - CDS - contig=contig_7, start=18641, stop=19348, strand=+, nt=[ATGGAATTGA..ACCGCTATGA]
13:30:54.235 - INFO - CDS - contig=contig_7, start=19345, stop=19965, strand=+, nt=[ATGACGGCCC..GGCGATTTGA]
13:30:54.235 - INFO - CDS - contig=contig_7, start=19967, stop=20377, strand=+, nt=[ATGGACGAAA..TGATATTTAA]
13:30:54.235 - INFO - CDS - contig=contig_7, start=20419, stop=21579, strand=+, nt=[ATGAAACGAG..GCGGAGGTGA]
13:30:54.235 - INFO - CDS - contig=contig_7, start=21585, stop=22289, strand=+, nt=[ATGGAAGAGA..CCTCTCCTGA]
13:30:54.235 - INFO - CDS - contig=contig_7, start=22401, stop=23264, strand=+, nt=[ATGGTAAAAG..AGAGCAGTGA]
13:30:54.235 - INFO - CDS - contig=contig_7, start=23230, stop=24501, strand=+, nt=[ATGAGTACGA..TGAAGCATAA]
13:30:54.235 - INFO - CDS - contig=contig_7, start=24491, stop=25165, strand=+, nt=[ATGAAGCATA..GCTGGCATGA]
13:30:54.235 - INFO - CDS - contig=contig_7, start=25162, stop=25755, strand=+, nt=[ATGAAAGTAT..GGCGAAATGA]
13:30:54.235 - INFO - CDS - contig=contig_7, start=25752, stop=27755, strand=+, nt=[ATGAGAGTGA..GGCGGAGTAA]
13:30:54.236 - INFO - CDS - contig=contig_7, start=27913, stop=28392, strand=+, nt=[ATGTTTCAAG..GGCGCAATAA]
13:30:54.236 - INFO - CDS - contig=contig_7, start=28511, stop=29197, strand=+, nt=[ATGGTGAGCT..TGAGGCATGA]
13:30:54.236 - INFO - CDS - contig=contig_7, start=29194, stop=29673, strand=+, nt=[ATGAGGATCG..GGCTGATTGA]
13:30:54.236 - INFO - CDS - contig=contig_7, start=29836, stop=30090, strand=+, nt=[ATGGTCTACT..TCTGCTGTAA]
13:30:54.236 - INFO - CDS - contig=contig_7, start=30090, stop=31214, strand=+, nt=[ATGGCCTATT..GGCAAGGTAA]
13:30:54.236 - INFO - CDS - contig=contig_7, start=31418, stop=32308, strand=+, nt=[ATGGAACAGA..GGAAAAATAA]
13:30:54.236 - INFO - CDS - contig=contig_7, start=32286, stop=33533, strand=+, nt=[ATGGAGAGAG..CAGAGGATAA]
13:30:54.236 - INFO - CDS - contig=contig_7, start=33550, stop=33975, strand=+, nt=[ATGAGACAGA..TGAGGGCTGA]
13:30:54.236 - INFO - CDS - contig=contig_7, start=33978, stop=34853, strand=+, nt=[GTGTTTGGAT..CAACGGATGA]
13:30:54.236 - INFO - CDS - contig=contig_7, start=34850, stop=35455, strand=+, nt=[ATGAATGATC..CTGCTGCTGA]
13:30:54.236 - INFO - CDS - contig=contig_7, start=35486, stop=36418, strand=+, nt=[ATGATTGGAA..CTTAGAGTGA]
13:30:54.236 - INFO - CDS - contig=contig_7, start=36435, stop=36701, strand=+, nt=[TTGAGGCTTG..AGAGACATGA]
13:30:54.236 - INFO - CDS - contig=contig_7, start=36698, stop=37306, strand=+, nt=[ATGACGCCAA..AGGAGTTTGA]
13:30:54.236 - INFO - CDS - contig=contig_7, start=37313, stop=37501, strand=+, nt=[ATGAATCTCT..GACGGAGTAA]
13:30:54.236 - INFO - CDS - contig=contig_7, start=37598, stop=40066, strand=+, nt=[ATGACAATCG..GAACGGATAA]
13:30:54.236 - INFO - CDS - contig=contig_7, start=40083, stop=40580, strand=+, nt=[ATGGCCATTC..GAAGAGGTAA]
13:30:54.236 - INFO - CDS - contig=contig_7, start=40584, stop=41507, strand=+, nt=[ATGCGGATCC..GCCTCTCTGA]
13:30:54.236 - INFO - CDS - contig=contig_7, start=41507, stop=42820, strand=+, nt=[ATGGGCGCTT..CCGAAGATAG]
13:30:54.236 - INFO - CDS - contig=contig_7, start=42832, stop=43857, strand=+, nt=[TTGCGGGATA..AACAAAATGA]
13:30:54.236 - INFO - CDS - contig=contig_7, start=43854, stop=44594, strand=+, nt=[ATGACAATAC..AATGGTATAA]
13:30:54.236 - INFO - CDS - contig=contig_7, start=44610, stop=46637, strand=+, nt=[ATGGATCAGT..CACCAGCTGA]
13:30:54.236 - INFO - CDS - contig=contig_7, start=46637, stop=47509, strand=+, nt=[ATGGAGGGTA..GCGAAAATAA]
13:30:54.236 - INFO - CDS - contig=contig_7, start=47581, stop=47751, strand=+, nt=[ATGCTGTCTG..AAAGGCATGA]
13:30:54.236 - INFO - CDS - contig=contig_7, start=47899, stop=49425, strand=+, nt=[ATGGAATTGG..GAGAAGGTAA]
13:30:54.236 - INFO - CDS - contig=contig_7, start=49440, stop=50918, strand=+, nt=[ATGGAAGACA..CATTTTGTAA]
13:30:54.236 - INFO - CDS - contig=contig_7, start=50973, stop=51884, strand=-, nt=[ATGAATTGGT..TCAGGAGTGA]
13:30:54.236 - INFO - CDS - contig=contig_7, start=52139, stop=54436, strand=-, nt=[TTGGATACAA..CACAGAATAA]
13:30:54.236 - INFO - CDS - contig=contig_7, start=54411, stop=55109, strand=-, nt=[ATGAGCGAAA..AAAAATCTAA]
13:30:54.236 - INFO - CDS - contig=contig_7, start=55185, stop=55811, strand=-, nt=[ATGGAATCGA..AGAACTGTAA]
13:30:54.236 - INFO - CDS - contig=contig_7, start=55914, stop=57173, strand=+, nt=[ATGGGAATGA..CAAGATTTGA]
13:30:54.236 - INFO - CDS - contig=contig_7, start=57189, stop=57674, strand=+, nt=[ATGAAGATTT..GGCGAAATAA]
13:30:54.237 - INFO - CDS - contig=contig_7, start=57674, stop=58180, strand=+, nt=[ATGGAAATTA..TGCAGTATAA]
13:30:54.237 - INFO - CDS - contig=contig_7, start=58170, stop=59255, strand=+, nt=[ATGCAGTATA..CGCACTTTAA]
13:30:54.237 - INFO - CDS - contig=contig_7, start=59297, stop=60139, strand=-, nt=[ATGGATGGCG..TGACGAATAA]
13:30:54.237 - INFO - CDS - contig=contig_7, start=60433, stop=62274, strand=+, nt=[ATGAAAAAGA..GACGATGTAA]
13:30:54.237 - INFO - CDS - contig=contig_7, start=62615, stop=62938, strand=+, nt=[ATGGCACTGA..CCTGAGCTGA]
13:30:54.237 - INFO - CDS - contig=contig_7, start=62940, stop=63359, strand=+, nt=[ATGCGCGTTA..ACAGGGGTGA]
13:30:54.237 - INFO - CDS - contig=contig_7, start=63366, stop=63731, strand=-, nt=[ATGGGAGCCT..ACAGGGGTGA]
13:30:54.237 - INFO - CDS - contig=contig_7, start=63731, stop=64090, strand=-, nt=[GTGGAAAAAA..TTTTTTCTGA]
13:30:54.237 - INFO - CDS - contig=contig_7, start=64134, stop=64844, strand=-, nt=[ATGGATGAAG..CACCGAATAA]
13:30:54.237 - INFO - CDS - contig=contig_7, start=64910, stop=66625, strand=-, nt=[ATGAGCGCAT..CGCAGCTTAA]
13:30:54.237 - INFO - CDS - contig=contig_7, start=66999, stop=67301, strand=-, nt=[ATGAGTGAGG..CGAGAGCTGA]
13:30:54.237 - INFO - CDS - contig=contig_7, start=67543, stop=70242, strand=+, nt=[ATGCCTCAAG..GGGCGCCTGA]
13:30:54.237 - INFO - CDS - contig=contig_7, start=70443, stop=70883, strand=+, nt=[ATGGGAACAC..GGCGGGCTAA]
13:30:54.237 - INFO - CDS - contig=contig_7, start=70910, stop=72124, strand=+, nt=[ATGGCAAAGG..GGAGGACTGA]
13:30:54.237 - INFO - CDS - contig=contig_7, start=72187, stop=73419, strand=+, nt=[ATGGGACTCA..CGCCATGTAA]
13:30:54.237 - INFO - CDS - contig=contig_7, start=73536, stop=75149, strand=+, nt=[ATGAACGTGA..AGGATGCTGA]
13:30:54.237 - INFO - CDS - contig=contig_7, start=75143, stop=76429, strand=+, nt=[ATGCTGAACA..AAAGCCATGA]
13:30:54.237 - INFO - CDS - contig=contig_7, start=76426, stop=77034, strand=+, nt=[ATGAATGTTC..AGTGCTCTGA]
13:30:54.237 - INFO - CDS - contig=contig_7, start=77034, stop=77642, strand=+, nt=[ATGGGACGCA..GAACCAATGA]
13:30:54.237 - INFO - CDS - contig=contig_7, start=77639, stop=78358, strand=+, nt=[ATGATCCTGT..CATATGTTAG]
13:30:54.237 - INFO - CDS - contig=contig_7, start=78352, stop=79107, strand=+, nt=[ATGTTAGCCA..TGTGCGATAG]
13:30:54.237 - INFO - CDS - contig=contig_7, start=79125, stop=79460, strand=+, nt=[ATGGTCACCG..GGAAGAATAA]
13:30:54.237 - INFO - CDS - contig=contig_7, start=79463, stop=79789, strand=+, nt=[ATGAATGATA..CGAGACCTGA]
13:30:54.237 - INFO - CDS - contig=contig_7, start=79845, stop=80630, strand=-, nt=[ATGATGGGTC..CGAAGACTGA]
13:30:54.237 - INFO - CDS - contig=contig_7, start=80781, stop=81320, strand=+, nt=[ATGGTCATTC..CAGTAAATAG]
13:30:54.237 - INFO - CDS - contig=contig_7, start=81332, stop=81937, strand=+, nt=[ATGTTTTATT..GGTGAAGTAA]
13:30:54.237 - INFO - CDS - contig=contig_7, start=81938, stop=82270, strand=+, nt=[ATGGCGAAAT..GTCCCTGTAA]
13:30:54.237 - INFO - CDS - contig=contig_7, start=82300, stop=83346, strand=+, nt=[TTGAGCATCG..CACATTGTAA]
13:30:54.237 - INFO - CDS - contig=contig_7, start=83362, stop=84714, strand=+, nt=[ATGGGTAAAC..AAATCTCTAA]
13:30:54.237 - INFO - CDS - contig=contig_7, start=84801, stop=85406, strand=+, nt=[ATGAAACCTC..TGCCCTGTAA]
13:30:54.237 - INFO - CDS - contig=contig_7, start=85557, stop=85841, strand=+, nt=[ATGTACGAAG..GCAGCAGTAA]
13:30:54.238 - INFO - CDS - contig=contig_7, start=85930, stop=87591, strand=-, nt=[ATGTGGCAGT..AACGGCGTAG]
13:30:54.238 - INFO - CDS - contig=contig_7, start=87677, stop=87853, strand=-, nt=[ATGACCGACA..AAAGCCTTGA]
13:30:54.238 - INFO - CDS - contig=contig_7, start=87978, stop=88961, strand=-, nt=[ATGCAGATAC..AGGCCCTTAA]
13:30:54.238 - INFO - CDS - contig=contig_8, start=1150, stop=1986, strand=+, frame=1, truncated=no, start-type=TTG, RBS-motif=AGGAGG
13:30:54.238 - INFO - CDS - contig=contig_8, start=2024, stop=2929, strand=-, frame=1, truncated=no, start-type=ATG, RBS-motif=AGxAGG/AGGxGG
13:30:54.238 - INFO - CDS - contig=contig_8, start=3085, stop=3624, strand=-, frame=2, truncated=no, start-type=ATG, RBS-motif=AGGAGG
13:30:54.238 - INFO - CDS - contig=contig_8, start=3768, stop=5600, strand=-, frame=3, truncated=no, start-type=ATG, RBS-motif=AGGAGG
13:30:54.238 - INFO - CDS - contig=contig_8, start=5687, stop=5956, strand=-, frame=1, truncated=no, start-type=ATG, RBS-motif=AGGAGG
13:30:54.238 - INFO - CDS - contig=contig_8, start=6060, stop=6800, strand=+, frame=3, truncated=no, start-type=ATG, RBS-motif=AGGAGG
13:30:54.238 - INFO - CDS - contig=contig_8, start=6805, stop=8091, strand=+, frame=1, truncated=no, start-type=ATG, RBS-motif=None
13:30:54.238 - INFO - CDS - contig=contig_8, start=8673, stop=9200, strand=+, frame=3, truncated=no, start-type=ATG, RBS-motif=AGGAGG
13:30:54.238 - INFO - CDS - contig=contig_8, start=9246, stop=13031, strand=-, frame=3, truncated=no, start-type=ATG, RBS-motif=GGAGG
13:30:54.238 - INFO - CDS - contig=contig_8, start=13050, stop=16757, strand=-, frame=3, truncated=no, start-type=ATG, RBS-motif=AGGA/GGAG/GAGG
13:30:54.238 - INFO - CDS - contig=contig_8, start=17108, stop=18439, strand=+, frame=2, truncated=no, start-type=ATG, RBS-motif=GGAG/GAGG
13:30:54.239 - INFO - CDS - contig=contig_8, start=18494, stop=19774, strand=-, frame=1, truncated=no, start-type=GTG, RBS-motif=GGAGG
13:30:54.239 - INFO - CDS - contig=contig_8, start=19944, stop=20240, strand=+, frame=3, truncated=no, start-type=ATG, RBS-motif=AGGAGG
13:30:54.239 - INFO - CDS - contig=contig_8, start=20286, stop=21200, strand=+, frame=3, truncated=no, start-type=ATG, RBS-motif=AGGA/GGAG/GAGG
13:30:54.239 - INFO - CDS - contig=contig_8, start=21305, stop=21706, strand=-, frame=1, truncated=no, start-type=ATG, RBS-motif=AGGAGG
13:30:54.239 - INFO - CDS - contig=contig_8, start=21899, stop=22699, strand=+, frame=2, truncated=no, start-type=ATG, RBS-motif=GGAG/GAGG
13:30:54.239 - INFO - CDS - contig=contig_8, start=22732, stop=23616, strand=-, frame=2, truncated=no, start-type=ATG, RBS-motif=AGGAGG
13:30:54.239 - INFO - CDS - contig=contig_8, start=23758, stop=24975, strand=+, frame=1, truncated=no, start-type=ATG, RBS-motif=AGGAGG
13:30:54.239 - INFO - CDS - contig=contig_8, start=25230, stop=26696, strand=-, frame=3, truncated=no, start-type=ATG, RBS-motif=GGAGG
13:30:54.239 - INFO - CDS - contig=contig_8, start=26717, stop=27184, strand=-, frame=1, truncated=no, start-type=ATG, RBS-motif=GGAGG
13:30:54.239 - INFO - CDS - contig=contig_8, start=27174, stop=28127, strand=-, frame=3, truncated=no, start-type=GTG, RBS-motif=GGAG/GAGG
13:30:54.239 - INFO - CDS - contig=contig_8, start=28225, stop=28929, strand=-, frame=2, truncated=no, start-type=TTG, RBS-motif=GGxGG
13:30:54.239 - INFO - CDS - contig=contig_8, start=28926, stop=29363, strand=-, frame=3, truncated=no, start-type=ATG, RBS-motif=AGGAGG
13:30:54.239 - INFO - CDS - contig=contig_8, start=29377, stop=29685, strand=-, frame=2, truncated=no, start-type=ATG, RBS-motif=GGAG/GAGG
13:30:54.239 - INFO - CDS - contig=contig_8, start=29777, stop=30622, strand=-, frame=1, truncated=no, start-type=ATG, RBS-motif=AGGAGG
13:30:54.239 - INFO - CDS - contig=contig_8, start=30757, stop=33405, strand=-, frame=2, truncated=no, start-type=ATG, RBS-motif=AGGAGG
13:30:54.240 - INFO - CDS - contig=contig_8, start=33419, stop=33940, strand=-, frame=1, truncated=no, start-type=ATG, RBS-motif=AGGAGG
13:30:54.240 - INFO - CDS - contig=contig_8, start=34218, stop=35123, strand=-, frame=3, truncated=no, start-type=ATG, RBS-motif=AGGAG
13:30:54.240 - INFO - CDS - contig=contig_8, start=35175, stop=35765, strand=+, frame=3, truncated=no, start-type=GTG, RBS-motif=None
13:30:54.240 - INFO - CDS - contig=contig_8, start=35762, stop=36400, strand=+, frame=2, truncated=no, start-type=ATG, RBS-motif=GGAGG
13:30:54.240 - INFO - CDS - contig=contig_8, start=36446, stop=38968, strand=-, frame=1, truncated=no, start-type=ATG, RBS-motif=GGAG/GAGG
13:30:54.240 - INFO - CDS - contig=contig_8, start=39014, stop=43192, strand=-, frame=1, truncated=no, start-type=ATG, RBS-motif=AGGAG
13:30:54.240 - INFO - CDS - contig=contig_8, start=43272, stop=44309, strand=-, frame=3, truncated=no, start-type=ATG, RBS-motif=AGGAG
13:30:54.240 - INFO - CDS - contig=contig_8, start=44348, stop=45412, strand=-, frame=1, truncated=no, start-type=ATG, RBS-motif=GGAGG
13:30:54.240 - INFO - CDS - contig=contig_8, start=45497, stop=46639, strand=-, frame=1, truncated=no, start-type=ATG, RBS-motif=GGA/GAG/AGG
13:30:54.240 - INFO - CDS - contig=contig_8, start=46654, stop=47472, strand=-, frame=2, truncated=no, start-type=TTG, RBS-motif=GGAGG
13:30:54.240 - INFO - CDS - contig=contig_8, start=47474, stop=48214, strand=-, frame=1, truncated=no, start-type=GTG, RBS-motif=AGxAGG/AGGxGG
13:30:54.240 - INFO - CDS - contig=contig_8, start=48277, stop=48831, strand=-, frame=2, truncated=no, start-type=ATG, RBS-motif=AGGA
13:30:54.240 - INFO - CDS - contig=contig_8, start=48880, stop=49596, strand=-, frame=2, truncated=no, start-type=ATG, RBS-motif=AGxAGG/AGGxGG
13:30:54.240 - INFO - CDS - contig=contig_8, start=49764, stop=50840, strand=-, frame=3, truncated=no, start-type=ATG, RBS-motif=GGAGG
13:30:54.240 - INFO - CDS - contig=contig_8, start=50837, stop=51028, strand=-, frame=1, truncated=no, start-type=ATG, RBS-motif=GGAG/GAGG
13:30:54.240 - INFO - CDS - contig=contig_8, start=51164, stop=52096, strand=+, frame=2, truncated=no, start-type=TTG, RBS-motif=AGGA
13:30:54.241 - INFO - CDS - contig=contig_8, start=52140, stop=52511, strand=-, frame=3, truncated=no, start-type=ATG, RBS-motif=None
13:30:54.241 - INFO - CDS - contig=contig_8, start=52498, stop=52845, strand=-, frame=2, truncated=no, start-type=ATG, RBS-motif=AGGAG
13:30:54.241 - INFO - CDS - contig=contig_8, start=52891, stop=54162, strand=-, frame=2, truncated=no, start-type=ATG, RBS-motif=GGAGG
13:30:54.241 - INFO - CDS - contig=contig_8, start=54254, stop=55498, strand=-, frame=1, truncated=no, start-type=ATG, RBS-motif=AGxAGG/AGGxGG
13:30:54.241 - INFO - CDS - contig=contig_8, start=55590, stop=56228, strand=+, frame=3, truncated=no, start-type=ATG, RBS-motif=GGAG/GAGG
13:30:54.241 - INFO - CDS - contig=contig_8, start=56714, stop=57418, strand=-, frame=1, truncated=no, start-type=ATG, RBS-motif=GGAGG
13:30:54.241 - INFO - CDS - contig=contig_8, start=57504, stop=58673, strand=-, frame=3, truncated=no, start-type=ATG, RBS-motif=GGAGG
13:30:54.241 - INFO - CDS - contig=contig_8, start=58695, stop=59882, strand=-, frame=3, truncated=no, start-type=ATG, RBS-motif=AGGAG
13:30:54.241 - INFO - CDS - contig=contig_8, start=60066, stop=60959, strand=-, frame=3, truncated=no, start-type=ATG, RBS-motif=GGA/GAG/AGG
13:30:54.241 - INFO - CDS - contig=contig_8, start=61005, stop=61826, strand=-, frame=3, truncated=no, start-type=TTG, RBS-motif=GGA/GAG/AGG
13:30:54.241 - INFO - CDS - contig=contig_8, start=61832, stop=62782, strand=-, frame=1, truncated=no, start-type=ATG, RBS-motif=GGAGG
13:30:54.241 - INFO - CDS - contig=contig_8, start=62784, stop=65135, strand=-, frame=3, truncated=no, start-type=ATG, RBS-motif=AGGAGG
13:30:54.241 - INFO - CDS - contig=contig_8, start=65166, stop=65807, strand=-, frame=3, truncated=no, start-type=ATG, RBS-motif=GGA/GAG/AGG
13:30:54.241 - INFO - CDS - contig=contig_8, start=65813, stop=66535, strand=-, frame=1, truncated=no, start-type=ATG, RBS-motif=AGGAGG
13:30:54.241 - INFO - CDS - contig=contig_8, start=66538, stop=67026, strand=-, frame=2, truncated=no, start-type=GTG, RBS-motif=GGAG/GAGG
13:30:54.242 - INFO - CDS - contig=contig_8, start=67140, stop=68321, strand=+, frame=3, truncated=no, start-type=TTG, RBS-motif=AGGAGG
13:30:54.242 - INFO - CDS - contig=contig_8, start=68425, stop=69711, strand=+, frame=1, truncated=no, start-type=ATG, RBS-motif=AGGAGG
13:30:54.242 - INFO - CDS - contig=contig_8, start=69866, stop=71551, strand=+, frame=2, truncated=no, start-type=ATG, RBS-motif=AGGAG
13:30:54.242 - INFO - CDS - contig=contig_8, start=71619, stop=71771, strand=-, frame=3, truncated=no, start-type=ATG, RBS-motif=GGAGG
13:30:54.242 - INFO - CDS - contig=contig_8, start=71864, stop=72538, strand=-, frame=1, truncated=no, start-type=ATG, RBS-motif=GGAG/GAGG
13:30:54.242 - INFO - CDS - contig=contig_8, start=73100, stop=73849, strand=+, frame=2, truncated=no, start-type=ATG, RBS-motif=GGAGG
13:30:54.242 - INFO - CDS - contig=contig_8, start=73855, stop=74889, strand=+, frame=1, truncated=no, start-type=ATG, RBS-motif=AGGAGG
13:30:54.242 - INFO - CDS - contig=contig_8, start=74989, stop=76569, strand=-, frame=2, truncated=no, start-type=GTG, RBS-motif=AGGAG
13:30:54.242 - INFO - CDS - contig=contig_8, start=76527, stop=77735, strand=-, frame=3, truncated=no, start-type=ATG, RBS-motif=AGxAGG/AGGxGG
13:30:54.242 - INFO - CDS - contig=contig_8, start=77740, stop=78036, strand=-, frame=2, truncated=no, start-type=ATG, RBS-motif=AGGAGG
13:30:54.242 - INFO - CDS - contig=contig_8, start=78183, stop=79943, strand=-, frame=3, truncated=no, start-type=GTG, RBS-motif=GGAG/GAGG
13:30:54.242 - INFO - CDS - contig=contig_8, start=79931, stop=80362, strand=-, frame=1, truncated=no, start-type=ATG, RBS-motif=GGAGG
13:30:54.242 - INFO - CDS - contig=contig_8, start=80541, stop=80960, strand=-, frame=3, truncated=no, start-type=ATG, RBS-motif=AGxAGG/AGGxGG
13:30:54.242 - INFO - CDS - contig=contig_8, start=80957, stop=81169, strand=-, frame=1, truncated=no, start-type=ATG, RBS-motif=AGxAGG/AGGxGG
13:30:54.242 - INFO - CDS - contig=contig_8, start=81454, stop=82686, strand=+, frame=1, truncated=no, start-type=ATG, RBS-motif=GGAG/GAGG
13:30:54.242 - INFO - CDS - contig=contig_8, start=82757, stop=83545, strand=-, frame=1, truncated=no, start-type=ATG, RBS-motif=GGA/GAG/AGG
13:30:54.243 - INFO - CDS - contig=contig_8, start=83542, stop=84195, strand=-, frame=2, truncated=no, start-type=ATG, RBS-motif=AGGAGG
13:30:54.243 - INFO - CDS - contig=contig_8, start=84277, stop=85299, strand=-, frame=2, truncated=no, start-type=GTG, RBS-motif=GGAG/GAGG
13:30:54.243 - INFO - CDS - contig=contig_8, start=85317, stop=87437, strand=-, frame=3, truncated=no, start-type=ATG, RBS-motif=GGAG/GAGG
13:30:54.243 - INFO - CDS - contig=contig_8, start=1150, stop=1986, strand=+, nt=[TTGCGCGCCA..TATTCAATAA]
13:30:54.243 - INFO - CDS - contig=contig_8, start=2024, stop=2929, strand=-, nt=[ATGAAGGCAT..GAAGGAATAA]
13:30:54.243 - INFO - CDS - contig=contig_8, start=3085, stop=3624, strand=-, nt=[ATGAAATGGG..CTTCGGCTAA]
13:30:54.243 - INFO - CDS - contig=contig_8, start=3768, stop=5600, strand=-, nt=[ATGTGCGGCA..CGTGGAATAA]
13:30:54.243 - INFO - CDS - contig=contig_8, start=5687, stop=5956, strand=-, nt=[ATGGATACCA..AAGACACTAA]
13:30:54.243 - INFO - CDS - contig=contig_8, start=6060, stop=6800, strand=+, nt=[ATGCCCATGA..GCTGGTATAA]
13:30:54.243 - INFO - CDS - contig=contig_8, start=6805, stop=8091, strand=+, nt=[ATGGTCATCC..GCTAACCTGA]
13:30:54.243 - INFO - CDS - contig=contig_8, start=8673, stop=9200, strand=+, nt=[ATGAGCGTCT..CCCAGGCTAA]
13:30:54.243 - INFO - CDS - contig=contig_8, start=9246, stop=13031, strand=-, nt=[ATGAGCTACG..CACAGAATAA]
13:30:54.243 - INFO - CDS - contig=contig_8, start=13050, stop=16757, strand=-, nt=[ATGGTAAAGG..CGAGGAATAA]
13:30:54.243 - INFO - CDS - contig=contig_8, start=17108, stop=18439, strand=+, nt=[ATGTCCACCC..GCCGGCATAG]
13:30:54.243 - INFO - CDS - contig=contig_8, start=18494, stop=19774, strand=-, nt=[GTGGAGCTTG..GGTCATGTGA]
13:30:54.243 - INFO - CDS - contig=contig_8, start=19944, stop=20240, strand=+, nt=[ATGGCAGATC..CGGCAAATAA]
13:30:54.243 - INFO - CDS - contig=contig_8, start=20286, stop=21200, strand=+, nt=[ATGCCTCTCA..TATTTTCTAA]
13:30:54.243 - INFO - CDS - contig=contig_8, start=21305, stop=21706, strand=-, nt=[ATGGCTTTAT..TGAGGAATAA]
13:30:54.243 - INFO - CDS - contig=contig_8, start=21899, stop=22699, strand=+, nt=[ATGACCCCTG..CCTGAGCTGA]
13:30:54.243 - INFO - CDS - contig=contig_8, start=22732, stop=23616, strand=-, nt=[ATGGAGCAGA..CGATATGTAG]
13:30:54.243 - INFO - CDS - contig=contig_8, start=23758, stop=24975, strand=+, nt=[ATGCAAAAAA..CAACCGATAA]
13:30:54.243 - INFO - CDS - contig=contig_8, start=25230, stop=26696, strand=-, nt=[ATGAAAAAGG..TTATGCCTAG]
13:30:54.243 - INFO - CDS - contig=contig_8, start=26717, stop=27184, strand=-, nt=[ATGAGGGATA..TGCGGAATAA]
13:30:54.244 - INFO - CDS - contig=contig_8, start=27174, stop=28127, strand=-, nt=[GTGAAGGAAA..TGAGGGATAA]
13:30:54.244 - INFO - CDS - contig=contig_8, start=28225, stop=28929, strand=-, nt=[TTGAGCGGGT..ATTGGAATAG]
13:30:54.244 - INFO - CDS - contig=contig_8, start=28926, stop=29363, strand=-, nt=[ATGAAGCCGG..CCAGGCTTGA]
13:30:54.244 - INFO - CDS - contig=contig_8, start=29377, stop=29685, strand=-, nt=[ATGCCGGTAC..GGATGAATAA]
13:30:54.244 - INFO - CDS - contig=contig_8, start=29777, stop=30622, strand=-, nt=[ATGAAGAAGA..CATATTCTGA]
13:30:54.244 - INFO - CDS - contig=contig_8, start=30757, stop=33405, strand=-, nt=[ATGGGAAAGG..TCTGGGGTAA]
13:30:54.244 - INFO - CDS - contig=contig_8, start=33419, stop=33940, strand=-, nt=[ATGGATTTTG..AAAACTGTAA]
13:30:54.244 - INFO - CDS - contig=contig_8, start=34218, stop=35123, strand=-, nt=[ATGGTCAGTG..GAAGGCTTGA]
13:30:54.244 - INFO - CDS - contig=contig_8, start=35175, stop=35765, strand=+, nt=[GTGGACAAGC..CTATTTATGA]
13:30:54.244 - INFO - CDS - contig=contig_8, start=35762, stop=36400, strand=+, nt=[ATGACGCCTG..GCTTCTGTGA]
13:30:54.244 - INFO - CDS - contig=contig_8, start=36446, stop=38968, strand=-, nt=[ATGCTGGATA..AAAGCTGTAA]
13:30:54.244 - INFO - CDS - contig=contig_8, start=39014, stop=43192, strand=-, nt=[ATGGCACAGG..GCTGTTTTGA]
13:30:54.244 - INFO - CDS - contig=contig_8, start=43272, stop=44309, strand=-, nt=[ATGACGAGAC..TACGCTCTGA]
13:30:54.244 - INFO - CDS - contig=contig_8, start=44348, stop=45412, strand=-, nt=[ATGCTCTATA..TGGGATGTAG]
13:30:54.244 - INFO - CDS - contig=contig_8, start=45497, stop=46639, strand=-, nt=[ATGAAAAAGA..TGGGGCATAG]
13:30:54.244 - INFO - CDS - contig=contig_8, start=46654, stop=47472, strand=-, nt=[TTGTTCAAAC..CCTGAAATAA]
13:30:54.244 - INFO - CDS - contig=contig_8, start=47474, stop=48214, strand=-, nt=[GTGCCTCTGT..AGGGATTTGA]
13:30:54.244 - INFO - CDS - contig=contig_8, start=48277, stop=48831, strand=-, nt=[ATGCAGGAAT..GGCCGTTTAA]
13:30:54.244 - INFO - CDS - contig=contig_8, start=48880, stop=49596, strand=-, nt=[ATGGCAAAAC..TCGGGAGTAA]
13:30:54.244 - INFO - CDS - contig=contig_8, start=49764, stop=50840, strand=-, nt=[ATGAAAGAAT..CCTGTCATAA]
13:30:54.244 - INFO - CDS - contig=contig_8, start=50837, stop=51028, strand=-, nt=[ATGGACATCC..GGAAGGATGA]
13:30:54.244 - INFO - CDS - contig=contig_8, start=51164, stop=52096, strand=+, nt=[TTGACGAGGC..GTTCCAATGA]
13:30:54.244 - INFO - CDS - contig=contig_8, start=52140, stop=52511, strand=-, nt=[ATGGCGGCCT..CAATTTGTGA]
13:30:54.244 - INFO - CDS - contig=contig_8, start=52498, stop=52845, strand=-, nt=[ATGAAGCAGC..CGGCCTCTGA]
13:30:54.244 - INFO - CDS - contig=contig_8, start=52891, stop=54162, strand=-, nt=[ATGGCATACC..GGAAGGCTGA]
13:30:54.244 - INFO - CDS - contig=contig_8, start=54254, stop=55498, strand=-, nt=[ATGCTGAAAG..CGAGGGCTGA]
13:30:54.245 - INFO - CDS - contig=contig_8, start=55590, stop=56228, strand=+, nt=[ATGAGAAAAA..CAAGAAATAA]
13:30:54.245 - INFO - CDS - contig=contig_8, start=56714, stop=57418, strand=-, nt=[ATGAAACAGA..AGGACAGTGA]
13:30:54.245 - INFO - CDS - contig=contig_8, start=57504, stop=58673, strand=-, nt=[ATGTCAATGT..ATTCCTGTAA]
13:30:54.245 - INFO - CDS - contig=contig_8, start=58695, stop=59882, strand=-, nt=[ATGAGAGAAT..GGCTCAATAG]
13:30:54.245 - INFO - CDS - contig=contig_8, start=60066, stop=60959, strand=-, nt=[ATGGATCTTC..TAAGCTATGA]
13:30:54.245 - INFO - CDS - contig=contig_8, start=61005, stop=61826, strand=-, nt=[TTGTCCATCA..GAACTTATAG]
13:30:54.245 - INFO - CDS - contig=contig_8, start=61832, stop=62782, strand=-, nt=[ATGGGAGAGA..AAAGGGGTAA]
13:30:54.245 - INFO - CDS - contig=contig_8, start=62784, stop=65135, strand=-, nt=[ATGCCTGCCG..GGGGAAGTAA]
13:30:54.245 - INFO - CDS - contig=contig_8, start=65166, stop=65807, strand=-, nt=[ATGTACGAAG..CACGAAATAA]
13:30:54.245 - INFO - CDS - contig=contig_8, start=65813, stop=66535, strand=-, nt=[ATGAAGATCT..AGGGGAATGA]
13:30:54.245 - INFO - CDS - contig=contig_8, start=66538, stop=67026, strand=-, nt=[GTGGAATACC..GGAGGCGTAG]
13:30:54.245 - INFO - CDS - contig=contig_8, start=67140, stop=68321, strand=+, nt=[TTGTCCTGGC..TCAGCTTTGA]
13:30:54.245 - INFO - CDS - contig=contig_8, start=68425, stop=69711, strand=+, nt=[ATGTATAAGC..CCTCTGGTAA]
13:30:54.245 - INFO - CDS - contig=contig_8, start=69866, stop=71551, strand=+, nt=[ATGGAAAACG..AAAGGGCTGA]
13:30:54.245 - INFO - CDS - contig=contig_8, start=71619, stop=71771, strand=-, nt=[ATGGGGTGCT..CTGCTGCTGA]
13:30:54.245 - INFO - CDS - contig=contig_8, start=71864, stop=72538, strand=-, nt=[ATGCGGATGC..AGAGGAATGA]
13:30:54.245 - INFO - CDS - contig=contig_8, start=73100, stop=73849, strand=+, nt=[ATGCCTATTT..GAGGAGGTAA]
13:30:54.245 - INFO - CDS - contig=contig_8, start=73855, stop=74889, strand=+, nt=[ATGTTTAAGA..GTATAATTGA]
13:30:54.245 - INFO - CDS - contig=contig_8, start=74989, stop=76569, strand=-, nt=[GTGGGAAGAA..AATCAGCTGA]
13:30:54.245 - INFO - CDS - contig=contig_8, start=76527, stop=77735, strand=-, nt=[ATGGCAAGAC..GTCCGTCTGA]
13:30:54.245 - INFO - CDS - contig=contig_8, start=77740, stop=78036, strand=-, nt=[ATGTTGGATC..AGGGAAGTGA]
13:30:54.245 - INFO - CDS - contig=contig_8, start=78183, stop=79943, strand=-, nt=[GTGGCAAGAC..AAGTATGTGA]
13:30:54.245 - INFO - CDS - contig=contig_8, start=79931, stop=80362, strand=-, nt=[ATGAGCAAAT..GCAAGACTGA]
13:30:54.245 - INFO - CDS - contig=contig_8, start=80541, stop=80960, strand=-, nt=[ATGATGAATG..AGCAGGATAA]
13:30:54.245 - INFO - CDS - contig=contig_8, start=80957, stop=81169, strand=-, nt=[ATGAAGAGAT..TGAGGCATGA]
13:30:54.245 - INFO - CDS - contig=contig_8, start=81454, stop=82686, strand=+, nt=[ATGGCGTTTG..GAAAGACTGA]
13:30:54.246 - INFO - CDS - contig=contig_8, start=82757, stop=83545, strand=-, nt=[ATGATCGGTG..TGGGGTTTGA]
13:30:54.246 - INFO - CDS - contig=contig_8, start=83542, stop=84195, strand=-, nt=[ATGAAAAAGA..GCGGAAATGA]
13:30:54.246 - INFO - CDS - contig=contig_8, start=84277, stop=85299, strand=-, nt=[GTGCCCCTTA..GGGCGCATAA]
13:30:54.246 - INFO - CDS - contig=contig_8, start=85317, stop=87437, strand=-, nt=[ATGAAAATAG..TACACCCTAA]
13:30:54.278 - INFO - CDS - contig=contig_9, start=270, stop=1700, strand=-, frame=1, truncated=no, start-type=ATG, RBS-motif=GGA/GAG/AGG
13:30:54.278 - INFO - CDS - contig=contig_9, start=1697, stop=4957, strand=-, frame=2, truncated=no, start-type=ATG, RBS-motif=AGGAGG
13:30:54.278 - INFO - CDS - contig=contig_9, start=5159, stop=7408, strand=-, frame=2, truncated=no, start-type=ATG, RBS-motif=AGGAGG
13:30:54.278 - INFO - CDS - contig=contig_9, start=7422, stop=8381, strand=-, frame=1, truncated=no, start-type=ATG, RBS-motif=AGxAGG/AGGxGG
13:30:54.278 - INFO - CDS - contig=contig_9, start=8403, stop=8624, strand=-, frame=1, truncated=no, start-type=ATG, RBS-motif=GGAGG
13:30:54.278 - INFO - CDS - contig=contig_9, start=8889, stop=9299, strand=+, frame=3, truncated=no, start-type=ATG, RBS-motif=AGGAGG
13:30:54.278 - INFO - CDS - contig=contig_9, start=9296, stop=10024, strand=+, frame=2, truncated=no, start-type=ATG, RBS-motif=AGGA
13:30:54.278 - INFO - CDS - contig=contig_9, start=10171, stop=10803, strand=+, frame=1, truncated=no, start-type=ATG, RBS-motif=GGAGG
13:30:54.278 - INFO - CDS - contig=contig_9, start=11252, stop=12985, strand=-, frame=2, truncated=no, start-type=ATG, RBS-motif=GGA/GAG/AGG
13:30:54.278 - INFO - CDS - contig=contig_9, start=12982, stop=14757, strand=-, frame=3, truncated=no, start-type=GTG, RBS-motif=AGGAGG
13:30:54.279 - INFO - CDS - contig=contig_9, start=14870, stop=15487, strand=-, frame=2, truncated=no, start-type=ATG, RBS-motif=None
13:30:54.279 - INFO - CDS - contig=contig_9, start=15570, stop=16301, strand=-, frame=1, truncated=no, start-type=TTG, RBS-motif=None
13:30:54.279 - INFO - CDS - contig=contig_9, start=16869, stop=17171, strand=-, frame=1, truncated=no, start-type=ATG, RBS-motif=AGGA
13:30:54.279 - INFO - CDS - contig=contig_9, start=17132, stop=17800, strand=-, frame=2, truncated=no, start-type=ATG, RBS-motif=AGGAG
13:30:54.279 - INFO - CDS - contig=contig_9, start=17797, stop=18453, strand=-, frame=3, truncated=no, start-type=GTG, RBS-motif=GGA/GAG/AGG
13:30:54.279 - INFO - CDS - contig=contig_9, start=18705, stop=19487, strand=-, frame=1, truncated=no, start-type=ATG, RBS-motif=AGGAG
13:30:54.279 - INFO - CDS - contig=contig_9, start=19609, stop=20094, strand=-, frame=3, truncated=no, start-type=ATG, RBS-motif=AGGAGG
13:30:54.279 - INFO - CDS - contig=contig_9, start=20209, stop=20589, strand=+, frame=1, truncated=no, start-type=GTG, RBS-motif=AGGAGG
13:30:54.279 - INFO - CDS - contig=contig_9, start=20608, stop=21435, strand=+, frame=1, truncated=no, start-type=ATG, RBS-motif=AGGAG
13:30:54.279 - INFO - CDS - contig=contig_9, start=21488, stop=22381, strand=-, frame=2, truncated=no, start-type=ATG, RBS-motif=AGxAGG/AGGxGG
13:30:54.279 - INFO - CDS - contig=contig_9, start=22378, stop=23343, strand=-, frame=3, truncated=no, start-type=ATG, RBS-motif=GGAGG
13:30:54.279 - INFO - CDS - contig=contig_9, start=23346, stop=24293, strand=-, frame=1, truncated=no, start-type=ATG, RBS-motif=GGA/GAG/AGG
13:30:54.279 - INFO - CDS - contig=contig_9, start=24296, stop=25312, strand=-, frame=2, truncated=no, start-type=ATG, RBS-motif=AGGA
13:30:54.279 - INFO - CDS - contig=contig_9, start=25309, stop=26523, strand=-, frame=3, truncated=no, start-type=ATG, RBS-motif=AGGAG
13:30:54.279 - INFO - CDS - contig=contig_9, start=26529, stop=27560, strand=-, frame=1, truncated=no, start-type=ATG, RBS-motif=GGAGG
13:30:54.279 - INFO - CDS - contig=contig_9, start=27560, stop=28222, strand=-, frame=2, truncated=no, start-type=ATG, RBS-motif=AGGAGG
13:30:54.280 - INFO - CDS - contig=contig_9, start=28251, stop=29126, strand=-, frame=1, truncated=no, start-type=ATG, RBS-motif=AGGAGG
13:30:54.280 - INFO - CDS - contig=contig_9, start=29559, stop=30032, strand=-, frame=1, truncated=no, start-type=ATG, RBS-motif=GGAG/GAGG
13:30:54.280 - INFO - CDS - contig=contig_9, start=30164, stop=30754, strand=+, frame=2, truncated=no, start-type=ATG, RBS-motif=AGxAGG/AGGxGG
13:30:54.280 - INFO - CDS - contig=contig_9, start=31140, stop=31337, strand=-, frame=1, truncated=no, start-type=ATG, RBS-motif=GGAGG
13:30:54.280 - INFO - CDS - contig=contig_9, start=31352, stop=31603, strand=-, frame=2, truncated=no, start-type=ATG, RBS-motif=GGAG/GAGG
13:30:54.280 - INFO - CDS - contig=contig_9, start=31615, stop=32310, strand=-, frame=3, truncated=no, start-type=ATG, RBS-motif=GGAGG
13:30:54.280 - INFO - CDS - contig=contig_9, start=32307, stop=33683, strand=-, frame=1, truncated=no, start-type=GTG, RBS-motif=GGAGG
13:30:54.280 - INFO - CDS - contig=contig_9, start=33685, stop=33945, strand=-, frame=3, truncated=no, start-type=ATG, RBS-motif=GGAGG
13:30:54.280 - INFO - CDS - contig=contig_9, start=33938, stop=34213, strand=-, frame=2, truncated=no, start-type=ATG, RBS-motif=AGGAGG
13:30:54.280 - INFO - CDS - contig=contig_9, start=34210, stop=34518, strand=-, frame=3, truncated=no, start-type=ATG, RBS-motif=AGGAG
13:30:54.280 - INFO - CDS - contig=contig_9, start=35174, stop=35596, strand=-, frame=2, truncated=no, start-type=ATG, RBS-motif=GGAGG
13:30:54.280 - INFO - CDS - contig=contig_9, start=35580, stop=36014, strand=-, frame=1, truncated=no, start-type=ATG, RBS-motif=GGAGG
13:30:54.280 - INFO - CDS - contig=contig_9, start=36011, stop=36388, strand=-, frame=2, truncated=no, start-type=ATG, RBS-motif=GGAGG
13:30:54.280 - INFO - CDS - contig=contig_9, start=36809, stop=37189, strand=-, frame=2, truncated=no, start-type=ATG, RBS-motif=GGAG/GAGG
13:30:54.280 - INFO - CDS - contig=contig_9, start=37962, stop=39311, strand=-, frame=1, truncated=no, start-type=ATG, RBS-motif=GGAGG
13:30:54.280 - INFO - CDS - contig=contig_9, start=39308, stop=39640, strand=-, frame=2, truncated=no, start-type=ATG, RBS-motif=GGAGG
13:30:54.280 - INFO - CDS - contig=contig_9, start=39630, stop=39809, strand=-, frame=1, truncated=no, start-type=ATG, RBS-motif=GGxGG
13:30:54.280 - INFO - CDS - contig=contig_9, start=39806, stop=40081, strand=-, frame=2, truncated=no, start-type=ATG, RBS-motif=GGA/GAG/AGG
13:30:54.280 - INFO - CDS - contig=contig_9, start=40078, stop=40860, strand=-, frame=3, truncated=no, start-type=GTG, RBS-motif=AGGAGG
13:30:54.280 - INFO - CDS - contig=contig_9, start=40857, stop=41390, strand=-, frame=1, truncated=no, start-type=ATG, RBS-motif=3Base/5BMM
13:30:54.281 - INFO - CDS - contig=contig_9, start=41387, stop=42433, strand=-, frame=2, truncated=no, start-type=ATG, RBS-motif=GGAG/GAGG
13:30:54.281 - INFO - CDS - contig=contig_9, start=42426, stop=42857, strand=-, frame=1, truncated=no, start-type=ATG, RBS-motif=AGxAGG/AGGxGG
13:30:54.281 - INFO - CDS - contig=contig_9, start=42854, stop=43108, strand=-, frame=2, truncated=no, start-type=ATG, RBS-motif=AGGAG
13:30:54.281 - INFO - CDS - contig=contig_9, start=43105, stop=44097, strand=-, frame=3, truncated=no, start-type=ATG, RBS-motif=GGA/GAG/AGG
13:30:54.281 - INFO - CDS - contig=contig_9, start=44094, stop=44939, strand=-, frame=1, truncated=no, start-type=ATG, RBS-motif=AGGAGG
13:30:54.281 - INFO - CDS - contig=contig_9, start=44955, stop=46937, strand=-, frame=1, truncated=no, start-type=ATG, RBS-motif=AGGAGG
13:30:54.281 - INFO - CDS - contig=contig_9, start=47015, stop=47275, strand=+, frame=2, truncated=no, start-type=ATG, RBS-motif=AGGAGG
13:30:54.281 - INFO - CDS - contig=contig_9, start=47494, stop=47913, strand=-, frame=3, truncated=no, start-type=ATG, RBS-motif=GGAGG
13:30:54.281 - INFO - CDS - contig=contig_9, start=47913, stop=48353, strand=-, frame=1, truncated=no, start-type=ATG, RBS-motif=AGxAGG/AGGxGG
13:30:54.281 - INFO - CDS - contig=contig_9, start=48367, stop=49458, strand=-, frame=3, truncated=no, start-type=ATG, RBS-motif=AGGA
13:30:54.281 - INFO - CDS - contig=contig_9, start=49463, stop=49915, strand=-, frame=2, truncated=no, start-type=ATG, RBS-motif=AGGAGG
13:30:54.281 - INFO - CDS - contig=contig_9, start=49916, stop=50332, strand=-, frame=2, truncated=no, start-type=ATG, RBS-motif=GGAG/GAGG
13:30:54.281 - INFO - CDS - contig=contig_9, start=50332, stop=50943, strand=-, frame=3, truncated=no, start-type=ATG, RBS-motif=GGAGG
13:30:54.281 - INFO - CDS - contig=contig_9, start=50924, stop=51259, strand=-, frame=2, truncated=no, start-type=ATG, RBS-motif=GGAGG
13:30:54.281 - INFO - CDS - contig=contig_9, start=51263, stop=51523, strand=-, frame=2, truncated=no, start-type=ATG, RBS-motif=AGGAGG
13:30:54.281 - INFO - CDS - contig=contig_9, start=51537, stop=51983, strand=-, frame=1, truncated=no, start-type=ATG, RBS-motif=AGGAGG
13:30:54.281 - INFO - CDS - contig=contig_9, start=51997, stop=53283, strand=-, frame=3, truncated=no, start-type=ATG, RBS-motif=AGGAG
13:30:54.281 - INFO - CDS - contig=contig_9, start=53307, stop=54011, strand=-, frame=1, truncated=no, start-type=ATG, RBS-motif=AGGAG
13:30:54.282 - INFO - CDS - contig=contig_9, start=54004, stop=55227, strand=-, frame=3, truncated=no, start-type=ATG, RBS-motif=GGAGG
13:30:54.282 - INFO - CDS - contig=contig_9, start=55227, stop=55454, strand=-, frame=1, truncated=no, start-type=ATG, RBS-motif=GGA/GAG/AGG
13:30:54.282 - INFO - CDS - contig=contig_9, start=55456, stop=57174, strand=-, frame=3, truncated=no, start-type=ATG, RBS-motif=GGAG/GAGG
13:30:54.282 - INFO - CDS - contig=contig_9, start=57200, stop=57706, strand=-, frame=2, truncated=no, start-type=ATG, RBS-motif=GGAGG
13:30:54.282 - INFO - CDS - contig=contig_9, start=58323, stop=58496, strand=-, frame=1, truncated=no, start-type=ATG, RBS-motif=GGAG/GAGG
13:30:54.282 - INFO - CDS - contig=contig_9, start=58592, stop=59374, strand=-, frame=2, truncated=no, start-type=ATG, RBS-motif=AGGAGG
13:30:54.282 - INFO - CDS - contig=contig_9, start=59358, stop=60029, strand=-, frame=1, truncated=no, start-type=ATG, RBS-motif=GGAG/GAGG
13:30:54.282 - INFO - CDS - contig=contig_9, start=60026, stop=60619, strand=-, frame=2, truncated=no, start-type=ATG, RBS-motif=None
13:30:54.282 - INFO - CDS - contig=contig_9, start=60677, stop=61015, strand=-, frame=2, truncated=no, start-type=ATG, RBS-motif=AGGAGG
13:30:54.282 - INFO - CDS - contig=contig_9, start=61012, stop=62961, strand=-, frame=3, truncated=no, start-type=ATG, RBS-motif=GGAGG
13:30:54.282 - INFO - CDS - contig=contig_9, start=62958, stop=63311, strand=-, frame=1, truncated=no, start-type=ATG, RBS-motif=GGAG/GAGG
13:30:54.282 - INFO - CDS - contig=contig_9, start=63308, stop=64588, strand=-, frame=2, truncated=no, start-type=ATG, RBS-motif=AGGAGG
13:30:54.282 - INFO - CDS - contig=contig_9, start=64581, stop=65360, strand=-, frame=1, truncated=no, start-type=ATG, RBS-motif=AGGAGG
13:30:54.282 - INFO - CDS - contig=contig_9, start=65375, stop=66703, strand=-, frame=2, truncated=no, start-type=ATG, RBS-motif=None
13:30:54.282 - INFO - CDS - contig=contig_9, start=66697, stop=67470, strand=-, frame=3, truncated=no, start-type=ATG, RBS-motif=GGxGG
13:30:54.283 - INFO - CDS - contig=contig_9, start=67765, stop=68034, strand=-, frame=3, truncated=no, start-type=ATG, RBS-motif=AGGAGG
13:30:54.283 - INFO - CDS - contig=contig_9, start=68636, stop=68836, strand=-, frame=2, truncated=no, start-type=ATG, RBS-motif=GGAGG
13:30:54.283 - INFO - CDS - contig=contig_9, start=69544, stop=69759, strand=-, frame=3, truncated=no, start-type=ATG, RBS-motif=GGAG/GAGG
13:30:54.283 - INFO - CDS - contig=contig_9, start=69969, stop=70757, strand=+, frame=3, truncated=no, start-type=ATG, RBS-motif=AGGAG
13:30:54.283 - INFO - CDS - contig=contig_9, start=71136, stop=72218, strand=+, frame=3, truncated=no, start-type=GTG, RBS-motif=AGGAGG
13:30:54.283 - INFO - CDS - contig=contig_9, start=72452, stop=73405, strand=+, frame=2, truncated=no, start-type=ATG, RBS-motif=GGAG/GAGG
13:30:54.283 - INFO - CDS - contig=contig_9, start=73421, stop=74413, strand=+, frame=2, truncated=no, start-type=ATG, RBS-motif=GGAGG
13:30:54.283 - INFO - CDS - contig=contig_9, start=74465, stop=74998, strand=-, frame=2, truncated=no, start-type=ATG, RBS-motif=AGGAG
13:30:54.283 - INFO - CDS - contig=contig_9, start=75024, stop=75434, strand=-, frame=1, truncated=no, start-type=ATG, RBS-motif=GGAGG
13:30:54.283 - INFO - CDS - contig=contig_9, start=75615, stop=75908, strand=+, frame=3, truncated=no, start-type=ATG, RBS-motif=AGGAGG
13:30:54.283 - INFO - CDS - contig=contig_9, start=76034, stop=76729, strand=+, frame=2, truncated=no, start-type=ATG, RBS-motif=GGAGG
13:30:54.283 - INFO - CDS - contig=contig_9, start=76788, stop=77264, strand=+, frame=3, truncated=no, start-type=ATG, RBS-motif=AGGAGG
13:30:54.283 - INFO - CDS - contig=contig_9, start=270, stop=1700, strand=-, nt=[ATGAACAATC..AGATGAATAA]
13:30:54.283 - INFO - CDS - contig=contig_9, start=1697, stop=4957, strand=-, nt=[ATGAAGTCTA..TGTGGCATGA]
13:30:54.283 - INFO - CDS - contig=contig_9, start=5159, stop=7408, strand=-, nt=[ATGGATTTCT..GTGTTTATAA]
13:30:54.283 - INFO - CDS - contig=contig_9, start=7422, stop=8381, strand=-, nt=[ATGCAAGCCA..AAGTATCTAA]
13:30:54.283 - INFO - CDS - contig=contig_9, start=8403, stop=8624, strand=-, nt=[ATGGCGGTTA..TATGCAGTAA]
13:30:54.283 - INFO - CDS - contig=contig_9, start=8889, stop=9299, strand=+, nt=[ATGATCTGTG..TATCATATGA]
13:30:54.284 - INFO - CDS - contig=contig_9, start=9296, stop=10024, strand=+, nt=[ATGAAAAAGC..TGTCCCATAA]
13:30:54.284 - INFO - CDS - contig=contig_9, start=10171, stop=10803, strand=+, nt=[ATGTATCATT..TGGCAAATAA]
13:30:54.284 - INFO - CDS - contig=contig_9, start=11252, stop=12985, strand=-, nt=[ATGATCGACA..GCTGCGGTAG]
13:30:54.284 - INFO - CDS - contig=contig_9, start=12982, stop=14757, strand=-, nt=[GTGAAGAAGA..TGCGAAATGA]
13:30:54.284 - INFO - CDS - contig=contig_9, start=14870, stop=15487, strand=-, nt=[ATGGGCGAGG..GGGGCAGTGA]
13:30:54.284 - INFO - CDS - contig=contig_9, start=15570, stop=16301, strand=-, nt=[TTGGTGAAAA..TCAGAAATAA]
13:30:54.284 - INFO - CDS - contig=contig_9, start=16869, stop=17171, strand=-, nt=[ATGGGACAGA..AAGAGGATAA]
13:30:54.284 - INFO - CDS - contig=contig_9, start=17132, stop=17800, strand=-, nt=[ATGAGATACA..ATCATACTGA]
13:30:54.284 - INFO - CDS - contig=contig_9, start=17797, stop=18453, strand=-, nt=[GTGCTGAAAG..TTCGCCATGA]
13:30:54.284 - INFO - CDS - contig=contig_9, start=18705, stop=19487, strand=-, nt=[ATGACAACGG..GCTGGGGTAA]
13:30:54.284 - INFO - CDS - contig=contig_9, start=19609, stop=20094, strand=-, nt=[ATGTTGTATA..GGAGCTGTAA]
13:30:54.284 - INFO - CDS - contig=contig_9, start=20209, stop=20589, strand=+, nt=[GTGACTGCTG..GCGAAAATGA]
13:30:54.284 - INFO - CDS - contig=contig_9, start=20608, stop=21435, strand=+, nt=[ATGTCTGAAA..AAGCCAATAA]
13:30:54.284 - INFO - CDS - contig=contig_9, start=21488, stop=22381, strand=-, nt=[ATGAGCCGGA..TTCAAATTGA]
13:30:54.284 - INFO - CDS - contig=contig_9, start=22378, stop=23343, strand=-, nt=[ATGGAAGGGA..GGCAATATGA]
13:30:54.284 - INFO - CDS - contig=contig_9, start=23346, stop=24293, strand=-, nt=[ATGAGAGACG..CGGAGGCTGA]
13:30:54.284 - INFO - CDS - contig=contig_9, start=24296, stop=25312, strand=-, nt=[ATGAAAAAGG..AAGGTATTGA]
13:30:54.284 - INFO - CDS - contig=contig_9, start=25309, stop=26523, strand=-, nt=[ATGGAAAAAC..TGTGCTATGA]
13:30:54.284 - INFO - CDS - contig=contig_9, start=26529, stop=27560, strand=-, nt=[ATGTCGCTTT..GAAGGAGTGA]
13:30:54.284 - INFO - CDS - contig=contig_9, start=27560, stop=28222, strand=-, nt=[ATGGACTGGT..GGTAGCCTGA]
13:30:54.284 - INFO - CDS - contig=contig_9, start=28251, stop=29126, strand=-, nt=[ATGAAAAAGC..TCTGAGCTGA]
13:30:54.284 - INFO - CDS - contig=contig_9, start=29559, stop=30032, strand=-, nt=[ATGTCCATCG..GAGAGAGTGA]
13:30:54.284 - INFO - CDS - contig=contig_9, start=30164, stop=30754, strand=+, nt=[ATGGTGGTAG..CTTTTTTTGA]
13:30:54.284 - INFO - CDS - contig=contig_9, start=31140, stop=31337, strand=-, nt=[ATGAGCTATT..AGAGAAATAA]
13:30:54.284 - INFO - CDS - contig=contig_9, start=31352, stop=31603, strand=-, nt=[ATGGAGACCA..TCACAAATGA]
13:30:54.284 - INFO - CDS - contig=contig_9, start=31615, stop=32310, strand=-, nt=[ATGAGTGCCA..GAGAGAGTGA]
13:30:54.284 - INFO - CDS - contig=contig_9, start=32307, stop=33683, strand=-, nt=[GTGGGTACTG..GACAGCATGA]
13:30:54.284 - INFO - CDS - contig=contig_9, start=33685, stop=33945, strand=-, nt=[ATGTTTGAGC..GGTGGTCTGA]
13:30:54.285 - INFO - CDS - contig=contig_9, start=33938, stop=34213, strand=-, nt=[ATGAGCGTAC..AGATGTTTGA]
13:30:54.285 - INFO - CDS - contig=contig_9, start=34210, stop=34518, strand=-, nt=[ATGAGTAAAT..ATACGCATGA]
13:30:54.285 - INFO - CDS - contig=contig_9, start=35174, stop=35596, strand=-, nt=[ATGCGGATCA..GCCACCGTGA]
13:30:54.285 - INFO - CDS - contig=contig_9, start=35580, stop=36014, strand=-, nt=[ATGACAAATC..TCACGGGTGA]
13:30:54.285 - INFO - CDS - contig=contig_9, start=36011, stop=36388, strand=-, nt=[ATGATCTTAA..GGGAAAATGA]
13:30:54.285 - INFO - CDS - contig=contig_9, start=36809, stop=37189, strand=-, nt=[ATGACCGAGC..CAACAAATGA]
13:30:54.285 - INFO - CDS - contig=contig_9, start=37962, stop=39311, strand=-, nt=[ATGACGACCG..CGAATCGTAG]
13:30:54.285 - INFO - CDS - contig=contig_9, start=39308, stop=39640, strand=-, nt=[ATGCTGAGTG..GATCCCATGA]
13:30:54.285 - INFO - CDS - contig=contig_9, start=39630, stop=39809, strand=-, nt=[ATGACCGTGT..TGCTGAGTGA]
13:30:54.285 - INFO - CDS - contig=contig_9, start=39806, stop=40081, strand=-, nt=[ATGACGATCA..GAGCCTATGA]
13:30:54.285 - INFO - CDS - contig=contig_9, start=40078, stop=40860, strand=-, nt=[GTGAAATACT..CAGAACATGA]
13:30:54.285 - INFO - CDS - contig=contig_9, start=40857, stop=41390, strand=-, nt=[ATGAGGCTTT..GACAGTGTGA]
13:30:54.285 - INFO - CDS - contig=contig_9, start=41387, stop=42433, strand=-, nt=[ATGTTTGAGG..GCTGACATGA]
13:30:54.285 - INFO - CDS - contig=contig_9, start=42426, stop=42857, strand=-, nt=[ATGAGTGAGA..GGATGTTTGA]
13:30:54.285 - INFO - CDS - contig=contig_9, start=42854, stop=43108, strand=-, nt=[ATGAGCGCGA..GGAGCTATGA]
13:30:54.285 - INFO - CDS - contig=contig_9, start=43105, stop=44097, strand=-, nt=[ATGAGCAATA..GACGACATGA]
13:30:54.285 - INFO - CDS - contig=contig_9, start=44094, stop=44939, strand=-, nt=[ATGGCCGGAA..GGACGGATGA]
13:30:54.285 - INFO - CDS - contig=contig_9, start=44955, stop=46937, strand=-, nt=[ATGGCGGAAG..GCAGCCGTGA]
13:30:54.285 - INFO - CDS - contig=contig_9, start=47015, stop=47275, strand=+, nt=[ATGAAGGACT..CCTGATCTGA]
13:30:54.285 - INFO - CDS - contig=contig_9, start=47494, stop=47913, strand=-, nt=[ATGGCAGAAG..AAACGGCTGA]
13:30:54.285 - INFO - CDS - contig=contig_9, start=47913, stop=48353, strand=-, nt=[ATGGCAAGAA..GGTGCGGTGA]
13:30:54.285 - INFO - CDS - contig=contig_9, start=48367, stop=49458, strand=-, nt=[ATGCCGACAA..TGATAACTGA]
13:30:54.285 - INFO - CDS - contig=contig_9, start=49463, stop=49915, strand=-, nt=[ATGGAGCTGG..AAAGGACTGA]
13:30:54.285 - INFO - CDS - contig=contig_9, start=49916, stop=50332, strand=-, nt=[ATGCAGAGCG..GGAGCTGTAG]
13:30:54.285 - INFO - CDS - contig=contig_9, start=50332, stop=50943, strand=-, nt=[ATGCCGATAC..GGAGCTGTGA]
13:30:54.285 - INFO - CDS - contig=contig_9, start=50924, stop=51259, strand=-, nt=[ATGGCTGGTG..AAATTCCTGA]
13:30:54.285 - INFO - CDS - contig=contig_9, start=51263, stop=51523, strand=-, nt=[ATGGCGACGA..GGAGGGCTGA]
13:30:54.286 - INFO - CDS - contig=contig_9, start=51537, stop=51983, strand=-, nt=[ATGAATCTTA..CGCGGGCTGA]
13:30:54.286 - INFO - CDS - contig=contig_9, start=51997, stop=53283, strand=-, nt=[ATGGATCCCA..CCGGGCCTGA]
13:30:54.286 - INFO - CDS - contig=contig_9, start=53307, stop=54011, strand=-, nt=[ATGCCTGATA..GCAATTTTAA]
13:30:54.286 - INFO - CDS - contig=contig_9, start=54004, stop=55227, strand=-, nt=[ATGCTACTGG..AAATGCCTGA]
13:30:54.286 - INFO - CDS - contig=contig_9, start=55227, stop=55454, strand=-, nt=[ATGAAGACGA..TGGAGGCTGA]
13:30:54.286 - INFO - CDS - contig=contig_9, start=55456, stop=57174, strand=-, nt=[ATGGACGAGG..GGGGATCTGA]
13:30:54.286 - INFO - CDS - contig=contig_9, start=57200, stop=57706, strand=-, nt=[ATGGGAAAGC..GGATGCCTGA]
13:30:54.286 - INFO - CDS - contig=contig_9, start=58323, stop=58496, strand=-, nt=[ATGGATCGGC..GAGCCCTTGA]
13:30:54.286 - INFO - CDS - contig=contig_9, start=58592, stop=59374, strand=-, nt=[ATGGCGATGG..ACTACTTTAA]
13:30:54.286 - INFO - CDS - contig=contig_9, start=59358, stop=60029, strand=-, nt=[ATGAAACCGA..TGGAGCCTGA]
13:30:54.286 - INFO - CDS - contig=contig_9, start=60026, stop=60619, strand=-, nt=[ATGAAAAGTA..AAGCCAATGA]
13:30:54.286 - INFO - CDS - contig=contig_9, start=60677, stop=61015, strand=-, nt=[ATGAGCATTG..GAACACCTGA]
13:30:54.286 - INFO - CDS - contig=contig_9, start=61012, stop=62961, strand=-, nt=[ATGAGATCAC..CGCGGTATGA]
13:30:54.286 - INFO - CDS - contig=contig_9, start=62958, stop=63311, strand=-, nt=[ATGAGATGCA..CCAGATATGA]
13:30:54.286 - INFO - CDS - contig=contig_9, start=63308, stop=64588, strand=-, nt=[ATGGCTGAGA..CGGCAAATGA]
13:30:54.286 - INFO - CDS - contig=contig_9, start=64581, stop=65360, strand=-, nt=[ATGAAAACGA..AAATGGCTGA]
13:30:54.286 - INFO - CDS - contig=contig_9, start=65375, stop=66703, strand=-, nt=[ATGGTAAACA..TCCGTTTTGA]
13:30:54.286 - INFO - CDS - contig=contig_9, start=66697, stop=67470, strand=-, nt=[ATGGCTGATC..GGTATGGTAA]
13:30:54.286 - INFO - CDS - contig=contig_9, start=67765, stop=68034, strand=-, nt=[ATGCCGCGAC..GGAGGAATAA]
13:30:54.286 - INFO - CDS - contig=contig_9, start=68636, stop=68836, strand=-, nt=[ATGGACTGGT..AAGTGCATGA]
13:30:54.295 - INFO - CDS - contig=contig_9, start=69544, stop=69759, strand=-, nt=[ATGGTAATTC..CCCTATATAG]
13:30:54.295 - INFO - CDS - contig=contig_9, start=69969, stop=70757, strand=+, nt=[ATGGTAACTA..GACCGAATGA]
13:30:54.295 - INFO - CDS - contig=contig_9, start=71136, stop=72218, strand=+, nt=[GTGAAGGTGC..ATCATTGTAA]
13:30:54.295 - INFO - CDS - contig=contig_9, start=72452, stop=73405, strand=+, nt=[ATGGGCCAAC..TATCTTCTGA]
13:30:54.296 - INFO - CDS - contig=contig_9, start=73421, stop=74413, strand=+, nt=[ATGAAACGAC..GGGCGCGTAA]
13:30:54.296 - INFO - CDS - contig=contig_9, start=74465, stop=74998, strand=-, nt=[ATGGAATTGA..CAATTACTGA]
13:30:54.296 - INFO - CDS - contig=contig_9, start=75024, stop=75434, strand=-, nt=[ATGGTCGGAA..GATAGAGTAA]
13:30:54.296 - INFO - CDS - contig=contig_9, start=75615, stop=75908, strand=+, nt=[ATGAAAGGGA..TGTCCGGTAA]
13:30:54.296 - INFO - CDS - contig=contig_9, start=76034, stop=76729, strand=+, nt=[ATGCTCTCCG..GCTGGATTGA]
13:30:54.296 - INFO - CDS - contig=contig_9, start=76788, stop=77264, strand=+, nt=[ATGATCTTCT..GGATGATTGA]
13:30:54.305 - INFO - CDS - contig=contig_10, start=803, stop=1246, strand=-, frame=2, truncated=no, start-type=ATG, RBS-motif=GGAGG
13:30:54.305 - INFO - CDS - contig=contig_10, start=1378, stop=1716, strand=-, frame=3, truncated=no, start-type=ATG, RBS-motif=AGGAGG
13:30:54.305 - INFO - CDS - contig=contig_10, start=1881, stop=2117, strand=+, frame=3, truncated=no, start-type=ATG, RBS-motif=AGGAG
13:30:54.305 - INFO - CDS - contig=contig_10, start=2132, stop=4636, strand=+, frame=2, truncated=no, start-type=ATG, RBS-motif=AGGAGG
13:30:54.305 - INFO - CDS - contig=contig_10, start=4694, stop=5473, strand=-, frame=2, truncated=no, start-type=ATG, RBS-motif=AGGAG
13:30:54.305 - INFO - CDS - contig=contig_10, start=5672, stop=6943, strand=+, frame=2, truncated=no, start-type=ATG, RBS-motif=AGGA
13:30:54.305 - INFO - CDS - contig=contig_10, start=6968, stop=7363, strand=+, frame=2, truncated=no, start-type=ATG, RBS-motif=AGGAG
13:30:54.306 - INFO - CDS - contig=contig_10, start=7422, stop=8867, strand=-, frame=1, truncated=no, start-type=ATG, RBS-motif=GGAG/GAGG
13:30:54.306 - INFO - CDS - contig=contig_10, start=9017, stop=10150, strand=+, frame=2, truncated=no, start-type=ATG, RBS-motif=AGGAGG
13:30:54.306 - INFO - CDS - contig=contig_10, start=10197, stop=11573, strand=+, frame=3, truncated=no, start-type=TTG, RBS-motif=GGAG/GAGG
13:30:54.306 - INFO - CDS - contig=contig_10, start=11775, stop=12830, strand=+, frame=3, truncated=no, start-type=TTG, RBS-motif=GGAG/GAGG
13:30:54.306 - INFO - CDS - contig=contig_10, start=12859, stop=13419, strand=+, frame=1, truncated=no, start-type=ATG, RBS-motif=AGGAGG
13:30:54.306 - INFO - CDS - contig=contig_10, start=13463, stop=15316, strand=+, frame=2, truncated=no, start-type=ATG, RBS-motif=GGAGG
13:30:54.306 - INFO - CDS - contig=contig_10, start=15452, stop=16594, strand=+, frame=2, truncated=no, start-type=ATG, RBS-motif=GGA/GAG/AGG
13:30:54.306 - INFO - CDS - contig=contig_10, start=16651, stop=19038, strand=+, frame=1, truncated=no, start-type=ATG, RBS-motif=GGAGG
13:30:54.306 - INFO - CDS - contig=contig_10, start=19066, stop=19863, strand=+, frame=1, truncated=no, start-type=ATG, RBS-motif=AGGA
13:30:54.306 - INFO - CDS - contig=contig_10, start=19877, stop=20308, strand=+, frame=2, truncated=no, start-type=ATG, RBS-motif=AGGAGG
13:30:54.306 - INFO - CDS - contig=contig_10, start=20319, stop=20804, strand=+, frame=3, truncated=no, start-type=ATG, RBS-motif=GGAG/GAGG
13:30:54.306 - INFO - CDS - contig=contig_10, start=20859, stop=21599, strand=-, frame=1, truncated=no, start-type=ATG, RBS-motif=AGxAGG/AGGxGG
13:30:54.306 - INFO - CDS - contig=contig_10, start=21596, stop=23308, strand=-, frame=2, truncated=no, start-type=ATG, RBS-motif=GGAGG
13:30:54.306 - INFO - CDS - contig=contig_10, start=23305, stop=24315, strand=-, frame=3, truncated=no, start-type=ATG, RBS-motif=AGxAGG/AGGxGG
13:30:54.306 - INFO - CDS - contig=contig_10, start=24366, stop=25001, strand=-, frame=1, truncated=no, start-type=ATG, RBS-motif=AGGAG
13:30:54.307 - INFO - CDS - contig=contig_10, start=24998, stop=25792, strand=-, frame=2, truncated=no, start-type=GTG, RBS-motif=AGGAGG
13:30:54.307 - INFO - CDS - contig=contig_10, start=25789, stop=26298, strand=-, frame=3, truncated=no, start-type=ATG, RBS-motif=AGxAGG/AGGxGG
13:30:54.307 - INFO - CDS - contig=contig_10, start=26295, stop=27728, strand=-, frame=1, truncated=no, start-type=ATG, RBS-motif=AGGAGG
13:30:54.307 - INFO - CDS - contig=contig_10, start=27758, stop=28444, strand=-, frame=2, truncated=no, start-type=ATG, RBS-motif=GGAGG
13:30:54.307 - INFO - CDS - contig=contig_10, start=28441, stop=28821, strand=-, frame=3, truncated=no, start-type=ATG, RBS-motif=AGxAGG/AGGxGG
13:30:54.307 - INFO - CDS - contig=contig_10, start=28917, stop=30266, strand=+, frame=3, truncated=no, start-type=ATG, RBS-motif=GGAG/GAGG
13:30:54.307 - INFO - CDS - contig=contig_10, start=30312, stop=30554, strand=-, frame=1, truncated=no, start-type=ATG, RBS-motif=GGAG/GAGG
13:30:54.307 - INFO - CDS - contig=contig_10, start=30725, stop=31669, strand=+, frame=2, truncated=no, start-type=ATG, RBS-motif=GGAGG
13:30:54.307 - INFO - CDS - contig=contig_10, start=31673, stop=31942, strand=-, frame=2, truncated=no, start-type=ATG, RBS-motif=AGGAGG
13:30:54.307 - INFO - CDS - contig=contig_10, start=32008, stop=34449, strand=+, frame=1, truncated=no, start-type=ATG, RBS-motif=AGxAGG/AGGxGG
13:30:54.307 - INFO - CDS - contig=contig_10, start=34545, stop=35276, strand=+, frame=3, truncated=no, start-type=ATG, RBS-motif=GGAG/GAGG
13:30:54.307 - INFO - CDS - contig=contig_10, start=35656, stop=36618, strand=+, frame=1, truncated=no, start-type=ATG, RBS-motif=GGAGG
13:30:54.307 - INFO - CDS - contig=contig_10, start=36770, stop=37525, strand=+, frame=2, truncated=no, start-type=TTG, RBS-motif=AGxAGG/AGGxGG
13:30:54.307 - INFO - CDS - contig=contig_10, start=37688, stop=38176, strand=-, frame=2, truncated=no, start-type=ATG, RBS-motif=AGGAGG
13:30:54.307 - INFO - CDS - contig=contig_10, start=38333, stop=39037, strand=+, frame=2, truncated=no, start-type=ATG, RBS-motif=GGAG/GAGG
13:30:54.307 - INFO - CDS - contig=contig_10, start=39040, stop=41088, strand=+, frame=1, truncated=no, start-type=ATG, RBS-motif=AGxAGG/AGGxGG
13:30:54.308 - INFO - CDS - contig=contig_10, start=41215, stop=42084, strand=-, frame=3, truncated=no, start-type=TTG, RBS-motif=GGAGG
13:30:54.308 - INFO - CDS - contig=contig_10, start=42205, stop=42795, strand=+, frame=1, truncated=no, start-type=ATG, RBS-motif=AGGAGG
13:30:54.308 - INFO - CDS - contig=contig_10, start=42872, stop=44053, strand=+, frame=2, truncated=no, start-type=TTG, RBS-motif=GGA/GAG/AGG
13:30:54.308 - INFO - CDS - contig=contig_10, start=44086, stop=44298, strand=+, frame=1, truncated=no, start-type=ATG, RBS-motif=GGAGG
13:30:54.308 - INFO - CDS - contig=contig_10, start=44370, stop=45851, strand=-, frame=1, truncated=no, start-type=ATG, RBS-motif=AGGAG
13:30:54.308 - INFO - CDS - contig=contig_10, start=46068, stop=47144, strand=+, frame=3, truncated=no, start-type=ATG, RBS-motif=GGAGG
13:30:54.308 - INFO - CDS - contig=contig_10, start=47252, stop=47755, strand=+, frame=2, truncated=no, start-type=ATG, RBS-motif=AGGAG
13:30:54.308 - INFO - CDS - contig=contig_10, start=48482, stop=49189, strand=-, frame=2, truncated=no, start-type=TTG, RBS-motif=GGAG/GAGG
13:30:54.308 - INFO - CDS - contig=contig_10, start=49318, stop=50826, strand=+, frame=1, truncated=no, start-type=GTG, RBS-motif=AGxAGG/AGGxGG
13:30:54.308 - INFO - CDS - contig=contig_10, start=50914, stop=51789, strand=-, frame=3, truncated=no, start-type=ATG, RBS-motif=GGA/GAG/AGG
13:30:54.308 - INFO - CDS - contig=contig_10, start=51814, stop=52956, strand=-, frame=3, truncated=no, start-type=ATG, RBS-motif=AGGAGG
13:30:54.308 - INFO - CDS - contig=contig_10, start=52977, stop=54137, strand=-, frame=1, truncated=no, start-type=ATG, RBS-motif=AGGA
13:30:54.308 - INFO - CDS - contig=contig_10, start=54226, stop=54999, strand=-, frame=3, truncated=no, start-type=ATG, RBS-motif=AGGAGG
13:30:54.308 - INFO - CDS - contig=contig_10, start=55024, stop=56160, strand=-, frame=3, truncated=no, start-type=ATG, RBS-motif=GGAG/GAGG
13:30:54.308 - INFO - CDS - contig=contig_10, start=56163, stop=57368, strand=-, frame=1, truncated=no, start-type=ATG, RBS-motif=GGA/GAG/AGG
13:30:54.308 - INFO - CDS - contig=contig_10, start=57418, stop=59412, strand=-, frame=3, truncated=no, start-type=ATG, RBS-motif=AGxAGG/AGGxGG
13:30:54.308 - INFO - CDS - contig=contig_10, start=59463, stop=60242, strand=-, frame=1, truncated=no, start-type=ATG, RBS-motif=AGGAG
13:30:54.308 - INFO - CDS - contig=contig_10, start=60279, stop=61499, strand=-, frame=1, truncated=no, start-type=ATG, RBS-motif=GGAG/GAGG
13:30:54.309 - INFO - CDS - contig=contig_10, start=61691, stop=63166, strand=-, frame=2, truncated=no, start-type=ATG, RBS-motif=AGGAG
13:30:54.309 - INFO - CDS - contig=contig_10, start=63182, stop=63499, strand=-, frame=2, truncated=no, start-type=ATG, RBS-motif=AGGAG
13:30:54.309 - INFO - CDS - contig=contig_10, start=63586, stop=65013, strand=-, frame=3, truncated=no, start-type=ATG, RBS-motif=GGAGG
13:30:54.309 - INFO - CDS - contig=contig_10, start=65212, stop=65406, strand=-, frame=3, truncated=no, start-type=ATG, RBS-motif=AGGAG
13:30:54.309 - INFO - CDS - contig=contig_10, start=65764, stop=66933, strand=+, frame=1, truncated=no, start-type=ATG, RBS-motif=GGAGG
13:30:54.309 - INFO - CDS - contig=contig_10, start=67233, stop=68204, strand=+, frame=3, truncated=no, start-type=ATG, RBS-motif=GGAG/GAGG
13:30:54.309 - INFO - CDS - contig=contig_10, start=68310, stop=70046, strand=+, frame=3, truncated=no, start-type=ATG, RBS-motif=AGGA
13:30:54.309 - INFO - CDS - contig=contig_10, start=70107, stop=70868, strand=-, frame=1, truncated=no, start-type=GTG, RBS-motif=AGxAGG/AGGxGG
13:30:54.309 - INFO - CDS - contig=contig_10, start=70882, stop=71550, strand=-, frame=3, truncated=no, start-type=GTG, RBS-motif=AGGAGG
13:30:54.309 - INFO - CDS - contig=contig_10, start=71651, stop=72451, strand=-, frame=2, truncated=no, start-type=ATG, RBS-motif=AGGAGG
13:30:54.309 - INFO - CDS - contig=contig_10, start=72889, stop=74031, strand=+, frame=1, truncated=no, start-type=ATG, RBS-motif=AGGAGG
13:30:54.309 - INFO - CDS - contig=contig_10, start=803, stop=1246, strand=-, nt=[ATGGATATGA..CTTGGGATGA]
13:30:54.309 - INFO - CDS - contig=contig_10, start=1378, stop=1716, strand=-, nt=[ATGCGCTTCA..CGTGGAGTGA]
13:30:54.309 - INFO - CDS - contig=contig_10, start=1881, stop=2117, strand=+, nt=[ATGCGGGAGC..AGGCTTTTAA]
13:30:54.309 - INFO - CDS - contig=contig_10, start=2132, stop=4636, strand=+, nt=[ATGGGCGAAA..GGAGATATGA]
13:30:54.309 - INFO - CDS - contig=contig_10, start=4694, stop=5473, strand=-, nt=[ATGGATAAAA..GCTGATGTGA]
13:30:54.309 - INFO - CDS - contig=contig_10, start=5672, stop=6943, strand=+, nt=[ATGCTTCACT..GAGTTGGTAA]
13:30:54.309 - INFO - CDS - contig=contig_10, start=6968, stop=7363, strand=+, nt=[ATGACTGACC..CCTGAACTGA]
13:30:54.309 - INFO - CDS - contig=contig_10, start=7422, stop=8867, strand=-, nt=[ATGAAAACAC..GGAGAGCTGA]
13:30:54.310 - INFO - CDS - contig=contig_10, start=9017, stop=10150, strand=+, nt=[ATGTCCATCT..TTTTGAATGA]
13:30:54.310 - INFO - CDS - contig=contig_10, start=10197, stop=11573, strand=+, nt=[TTGTTTTCCT..CGTCAGTTAA]
13:30:54.310 - INFO - CDS - contig=contig_10, start=11775, stop=12830, strand=+, nt=[TTGGATCTGA..TCCCAAATAA]
13:30:54.310 - INFO - CDS - contig=contig_10, start=12859, stop=13419, strand=+, nt=[ATGAGCAAAA..AGCAAATTAA]
13:30:54.310 - INFO - CDS - contig=contig_10, start=13463, stop=15316, strand=+, nt=[ATGTCTAAGA..CGACGAATAA]
13:30:54.310 - INFO - CDS - contig=contig_10, start=15452, stop=16594, strand=+, nt=[ATGCCCGAGC..GAAAAGGTAA]
13:30:54.310 - INFO - CDS - contig=contig_10, start=16651, stop=19038, strand=+, nt=[ATGAGATACG..GCCCTTTTAA]
13:30:54.310 - INFO - CDS - contig=contig_10, start=19066, stop=19863, strand=+, nt=[ATGTTAACCG..CAAATTGTAA]
13:30:54.310 - INFO - CDS - contig=contig_10, start=19877, stop=20308, strand=+, nt=[ATGCTCGCTC..TCTGGAGTGA]
13:30:54.310 - INFO - CDS - contig=contig_10, start=20319, stop=20804, strand=+, nt=[ATGAATATCA..GGCACTGTGA]
13:30:54.310 - INFO - CDS - contig=contig_10, start=20859, stop=21599, strand=-, nt=[ATGATGAAGG..GAGCCAATGA]
13:30:54.310 - INFO - CDS - contig=contig_10, start=21596, stop=23308, strand=-, nt=[ATGAGGGGGC..GGAAACATGA]
13:30:54.310 - INFO - CDS - contig=contig_10, start=23305, stop=24315, strand=-, nt=[ATGAAAAGGC..GACGCCATGA]
13:30:54.310 - INFO - CDS - contig=contig_10, start=24366, stop=25001, strand=-, nt=[ATGAAAAAAG..GCTGGTATAA]
13:30:54.310 - INFO - CDS - contig=contig_10, start=24998, stop=25792, strand=-, nt=[GTGATCAAAC..GGGAGCATGA]
13:30:54.310 - INFO - CDS - contig=contig_10, start=25789, stop=26298, strand=-, nt=[ATGAAAAAGC..GATCACGTGA]
13:30:54.310 - INFO - CDS - contig=contig_10, start=26295, stop=27728, strand=-, nt=[ATGGAGACCG..GCGGGCATGA]
13:30:54.310 - INFO - CDS - contig=contig_10, start=27758, stop=28444, strand=-, nt=[ATGAAAATAC..CGGACAGTAA]
13:30:54.310 - INFO - CDS - contig=contig_10, start=28441, stop=28821, strand=-, nt=[ATGACGATTT..CGCGAAATGA]
13:30:54.310 - INFO - CDS - contig=contig_10, start=28917, stop=30266, strand=+, nt=[ATGAAAAAAT..AAAGCGGTAA]
13:30:54.310 - INFO - CDS - contig=contig_10, start=30312, stop=30554, strand=-, nt=[ATGACCATAG..GAATCTCTGA]
13:30:54.310 - INFO - CDS - contig=contig_10, start=30725, stop=31669, strand=+, nt=[ATGTATTACA..ATACCGTTAA]
13:30:54.310 - INFO - CDS - contig=contig_10, start=31673, stop=31942, strand=-, nt=[ATGGAGCTTA..CTGTGAATAG]
13:30:54.310 - INFO - CDS - contig=contig_10, start=32008, stop=34449, strand=+, nt=[ATGAAGCACT..GCGCGGATAA]
13:30:54.310 - INFO - CDS - contig=contig_10, start=34545, stop=35276, strand=+, nt=[ATGCCGGAAA..AAGGAATTGA]
13:30:54.310 - INFO - CDS - contig=contig_10, start=35656, stop=36618, strand=+, nt=[ATGACCGGAA..AAACGTCTAA]
13:30:54.310 - INFO - CDS - contig=contig_10, start=36770, stop=37525, strand=+, nt=[TTGGAAAAGA..AGAGCTCTGA]
13:30:54.310 - INFO - CDS - contig=contig_10, start=37688, stop=38176, strand=-, nt=[ATGGTCTGGA..GTTGACATAA]
13:30:54.310 - INFO - CDS - contig=contig_10, start=38333, stop=39037, strand=+, nt=[ATGTATAACA..GAAGGTGTGA]
13:30:54.311 - INFO - CDS - contig=contig_10, start=39040, stop=41088, strand=+, nt=[ATGAAACAGG..GATAAAATGA]
13:30:54.311 - INFO - CDS - contig=contig_10, start=41215, stop=42084, strand=-, nt=[TTGAGCATAA..GTTGGATTAA]
13:30:54.311 - INFO - CDS - contig=contig_10, start=42205, stop=42795, strand=+, nt=[ATGGATTATC..TGGCAGCTGA]
13:30:54.311 - INFO - CDS - contig=contig_10, start=42872, stop=44053, strand=+, nt=[TTGCGAAAAC..TATGTTATGA]
13:30:54.311 - INFO - CDS - contig=contig_10, start=44086, stop=44298, strand=+, nt=[ATGCTGTTCC..GCTGGACTGA]
13:30:54.311 - INFO - CDS - contig=contig_10, start=44370, stop=45851, strand=-, nt=[ATGCGGGAGT..GAAGAAGTAA]
13:30:54.311 - INFO - CDS - contig=contig_10, start=46068, stop=47144, strand=+, nt=[ATGGAACCGA..GCTGGATTGA]
13:30:54.311 - INFO - CDS - contig=contig_10, start=47252, stop=47755, strand=+, nt=[ATGAAACTGT..CTTTGACTGA]
13:30:54.311 - INFO - CDS - contig=contig_10, start=48482, stop=49189, strand=-, nt=[TTGATCGCCG..GATGGCTTGA]
13:30:54.311 - INFO - CDS - contig=contig_10, start=49318, stop=50826, strand=+, nt=[GTGAAAGCCA..CTCCCTGTGA]
13:30:54.311 - INFO - CDS - contig=contig_10, start=50914, stop=51789, strand=-, nt=[ATGGATTTTG..GCATTGCTGA]
13:30:54.311 - INFO - CDS - contig=contig_10, start=51814, stop=52956, strand=-, nt=[ATGGCATTTC..GGGAAAATAA]
13:30:54.311 - INFO - CDS - contig=contig_10, start=52977, stop=54137, strand=-, nt=[ATGTTTGAGC..TGAAGACTGA]
13:30:54.311 - INFO - CDS - contig=contig_10, start=54226, stop=54999, strand=-, nt=[ATGGAGCACT..GCTGGTCTGA]
13:30:54.311 - INFO - CDS - contig=contig_10, start=55024, stop=56160, strand=-, nt=[ATGAAACGGA..GAGGCGGTAA]
13:30:54.311 - INFO - CDS - contig=contig_10, start=56163, stop=57368, strand=-, nt=[ATGAATTCCA..TGAGAGGTAA]
13:30:54.311 - INFO - CDS - contig=contig_10, start=57418, stop=59412, strand=-, nt=[ATGGAGCGAG..AGAGCCGTGA]
13:30:54.311 - INFO - CDS - contig=contig_10, start=59463, stop=60242, strand=-, nt=[ATGAAATTTG..CAACCGCTGA]
13:30:54.311 - INFO - CDS - contig=contig_10, start=60279, stop=61499, strand=-, nt=[ATGAATGAGA..GTCGGAGTGA]
13:30:54.311 - INFO - CDS - contig=contig_10, start=61691, stop=63166, strand=-, nt=[ATGAACATTC..CGAGATCTGA]
13:30:54.311 - INFO - CDS - contig=contig_10, start=63182, stop=63499, strand=-, nt=[ATGAATCTGA..TGAGAAATAA]
13:30:54.311 - INFO - CDS - contig=contig_10, start=63586, stop=65013, strand=-, nt=[ATGTCGTATA..GGAGAGCTGA]
13:30:54.311 - INFO - CDS - contig=contig_10, start=65212, stop=65406, strand=-, nt=[ATGAAAACGT..CGGCGATTGA]
13:30:54.311 - INFO - CDS - contig=contig_10, start=65764, stop=66933, strand=+, nt=[ATGGGCGCAT..CTCCCAATAG]
13:30:54.311 - INFO - CDS - contig=contig_10, start=67233, stop=68204, strand=+, nt=[ATGACCACAC..CTTTTTATAA]
13:30:54.311 - INFO - CDS - contig=contig_10, start=68310, stop=70046, strand=+, nt=[ATGATGAAGC..TATTATGTAA]
13:30:54.311 - INFO - CDS - contig=contig_10, start=70107, stop=70868, strand=-, nt=[GTGGCGATTT..CGAAACGTGA]
13:30:54.312 - INFO - CDS - contig=contig_10, start=70882, stop=71550, strand=-, nt=[GTGTTCCTCA..TTTCCGTTAA]
13:30:54.312 - INFO - CDS - contig=contig_10, start=71651, stop=72451, strand=-, nt=[ATGAAAAAGA..GCAGAAGTAA]
13:30:54.312 - INFO - CDS - contig=contig_10, start=72889, stop=74031, strand=+, nt=[ATGAAAAAAC..TTCGGACTGA]
13:30:54.339 - INFO - CDS - contig=contig_11, start=52, stop=2412, strand=-, frame=2, truncated=no, start-type=ATG, RBS-motif=AGGAG
13:30:54.339 - INFO - CDS - contig=contig_11, start=2622, stop=3305, strand=+, frame=3, truncated=no, start-type=ATG, RBS-motif=AGxAGG/AGGxGG
13:30:54.339 - INFO - CDS - contig=contig_11, start=3393, stop=5360, strand=+, frame=3, truncated=no, start-type=ATG, RBS-motif=AGGAGG
13:30:54.339 - INFO - CDS - contig=contig_11, start=5439, stop=8261, strand=+, frame=3, truncated=no, start-type=ATG, RBS-motif=AGGAG
13:30:54.339 - INFO - CDS - contig=contig_11, start=8275, stop=8622, strand=+, frame=1, truncated=no, start-type=ATG, RBS-motif=AGGAG
13:30:54.339 - INFO - CDS - contig=contig_11, start=8663, stop=8932, strand=+, frame=2, truncated=no, start-type=ATG, RBS-motif=AGGAGG
13:30:54.340 - INFO - CDS - contig=contig_11, start=8970, stop=9779, strand=+, frame=3, truncated=no, start-type=ATG, RBS-motif=4Base/6BMM
13:30:54.340 - INFO - CDS - contig=contig_11, start=9847, stop=10347, strand=+, frame=1, truncated=no, start-type=TTG, RBS-motif=AGGAGG
13:30:54.340 - INFO - CDS - contig=contig_11, start=10398, stop=10739, strand=+, frame=3, truncated=no, start-type=ATG, RBS-motif=GGAG/GAGG
13:30:54.340 - INFO - CDS - contig=contig_11, start=10769, stop=12979, strand=+, frame=2, truncated=no, start-type=ATG, RBS-motif=AGxAGG/AGGxGG
13:30:54.340 - INFO - CDS - contig=contig_11, start=13211, stop=13654, strand=+, frame=2, truncated=no, start-type=ATG, RBS-motif=GGAG/GAGG
13:30:54.340 - INFO - CDS - contig=contig_11, start=13679, stop=14092, strand=+, frame=2, truncated=no, start-type=ATG, RBS-motif=AGxAGG/AGGxGG
13:30:54.340 - INFO - CDS - contig=contig_11, start=14141, stop=14698, strand=+, frame=2, truncated=no, start-type=ATG, RBS-motif=AGGAG
13:30:54.340 - INFO - CDS - contig=contig_11, start=15009, stop=16757, strand=+, frame=3, truncated=no, start-type=ATG, RBS-motif=GGAGG
13:30:54.340 - INFO - CDS - contig=contig_11, start=16997, stop=18157, strand=+, frame=2, truncated=no, start-type=ATG, RBS-motif=GGAG/GAGG
13:30:54.340 - INFO - CDS - contig=contig_11, start=18178, stop=19362, strand=+, frame=1, truncated=no, start-type=ATG, RBS-motif=GGA/GAG/AGG
13:30:54.340 - INFO - CDS - contig=contig_11, start=19325, stop=20650, strand=-, frame=1, truncated=no, start-type=ATG, RBS-motif=GGAGG
13:30:54.340 - INFO - CDS - contig=contig_11, start=20880, stop=22013, strand=+, frame=3, truncated=no, start-type=ATG, RBS-motif=AGGAGG
13:30:54.340 - INFO - CDS - contig=contig_11, start=22048, stop=23178, strand=+, frame=1, truncated=no, start-type=ATG, RBS-motif=AGGAGG
13:30:54.340 - INFO - CDS - contig=contig_11, start=23272, stop=24480, strand=+, frame=1, truncated=no, start-type=ATG, RBS-motif=GGAGG
13:30:54.340 - INFO - CDS - contig=contig_11, start=24580, stop=26208, strand=+, frame=1, truncated=no, start-type=ATG, RBS-motif=AGGA
13:30:54.340 - INFO - CDS - contig=contig_11, start=26334, stop=27014, strand=+, frame=3, truncated=no, start-type=ATG, RBS-motif=GGAGG
13:30:54.341 - INFO - CDS - contig=contig_11, start=27083, stop=27271, strand=+, frame=2, truncated=no, start-type=ATG, RBS-motif=GGAG/GAGG
13:30:54.341 - INFO - CDS - contig=contig_11, start=27258, stop=27902, strand=+, frame=3, truncated=no, start-type=GTG, RBS-motif=AGGAGG
13:30:54.341 - INFO - CDS - contig=contig_11, start=28045, stop=29070, strand=+, frame=1, truncated=no, start-type=ATG, RBS-motif=GGAG/GAGG
13:30:54.341 - INFO - CDS - contig=contig_11, start=29186, stop=30559, strand=-, frame=1, truncated=no, start-type=ATG, RBS-motif=GGA/GAG/AGG
13:30:54.341 - INFO - CDS - contig=contig_11, start=30681, stop=31673, strand=+, frame=3, truncated=no, start-type=ATG, RBS-motif=AGGAGG
13:30:54.341 - INFO - CDS - contig=contig_11, start=31765, stop=32043, strand=+, frame=1, truncated=no, start-type=ATG, RBS-motif=GGAGG
13:30:54.341 - INFO - CDS - contig=contig_11, start=32053, stop=33255, strand=+, frame=1, truncated=no, start-type=ATG, RBS-motif=GGAG/GAGG
13:30:54.341 - INFO - CDS - contig=contig_11, start=33284, stop=34258, strand=+, frame=2, truncated=no, start-type=TTG, RBS-motif=AGGAG
13:30:54.341 - INFO - CDS - contig=contig_11, start=34255, stop=34431, strand=-, frame=2, truncated=no, start-type=ATG, RBS-motif=AGGAG
13:30:54.341 - INFO - CDS - contig=contig_11, start=34516, stop=35223, strand=+, frame=1, truncated=no, start-type=ATG, RBS-motif=GGAGG
13:30:54.341 - INFO - CDS - contig=contig_11, start=35230, stop=36291, strand=+, frame=1, truncated=no, start-type=ATG, RBS-motif=GGAG/GAGG
13:30:54.341 - INFO - CDS - contig=contig_11, start=36309, stop=37208, strand=+, frame=3, truncated=no, start-type=ATG, RBS-motif=GGAG/GAGG
13:30:54.341 - INFO - CDS - contig=contig_11, start=37285, stop=37392, strand=+, frame=1, truncated=no, start-type=ATG, RBS-motif=AGGAGG
13:30:54.341 - INFO - CDS - contig=contig_11, start=37405, stop=38157, strand=+, frame=1, truncated=no, start-type=ATG, RBS-motif=None
13:30:54.341 - INFO - CDS - contig=contig_11, start=38171, stop=38386, strand=+, frame=2, truncated=no, start-type=ATG, RBS-motif=AGGAGG
13:30:54.341 - INFO - CDS - contig=contig_11, start=38388, stop=40448, strand=+, frame=3, truncated=no, start-type=ATG, RBS-motif=AGxAGG/AGGxGG
13:30:54.342 - INFO - CDS - contig=contig_11, start=40499, stop=42868, strand=+, frame=2, truncated=no, start-type=ATG, RBS-motif=GGAG/GAGG
13:30:54.342 - INFO - CDS - contig=contig_11, start=43008, stop=43271, strand=+, frame=3, truncated=no, start-type=ATG, RBS-motif=GGA/GAG/AGG
13:30:54.342 - INFO - CDS - contig=contig_11, start=43377, stop=44252, strand=+, frame=3, truncated=no, start-type=GTG, RBS-motif=GGAGG
13:30:54.342 - INFO - CDS - contig=contig_11, start=44257, stop=45633, strand=+, frame=1, truncated=no, start-type=ATG, RBS-motif=AGGAG
13:30:54.342 - INFO - CDS - contig=contig_11, start=45671, stop=46513, strand=-, frame=1, truncated=no, start-type=ATG, RBS-motif=AGxAGG/AGGxGG
13:30:54.342 - INFO - CDS - contig=contig_11, start=46513, stop=47277, strand=-, frame=2, truncated=no, start-type=ATG, RBS-motif=GGAGG
13:30:54.342 - INFO - CDS - contig=contig_11, start=47274, stop=48149, strand=-, frame=3, truncated=no, start-type=ATG, RBS-motif=AGGAGG
13:30:54.342 - INFO - CDS - contig=contig_11, start=48165, stop=49373, strand=-, frame=3, truncated=no, start-type=GTG, RBS-motif=GGAGG
13:30:54.342 - INFO - CDS - contig=contig_11, start=49462, stop=51318, strand=-, frame=2, truncated=no, start-type=ATG, RBS-motif=AGGAGG
13:30:54.342 - INFO - CDS - contig=contig_11, start=51338, stop=51946, strand=-, frame=1, truncated=no, start-type=ATG, RBS-motif=None
13:30:54.342 - INFO - CDS - contig=contig_11, start=51949, stop=52170, strand=-, frame=2, truncated=no, start-type=ATG, RBS-motif=AGGAGG
13:30:54.342 - INFO - CDS - contig=contig_11, start=52183, stop=52557, strand=-, frame=2, truncated=no, start-type=GTG, RBS-motif=AGGAGG
13:30:54.342 - INFO - CDS - contig=contig_11, start=52726, stop=53670, strand=+, frame=1, truncated=no, start-type=ATG, RBS-motif=AGGAG
13:30:54.342 - INFO - CDS - contig=contig_11, start=53724, stop=55850, strand=-, frame=3, truncated=no, start-type=ATG, RBS-motif=AGGAG
13:30:54.342 - INFO - CDS - contig=contig_11, start=56097, stop=56867, strand=+, frame=3, truncated=no, start-type=ATG, RBS-motif=AGxAGG/AGGxGG
13:30:54.342 - INFO - CDS - contig=contig_11, start=56943, stop=57491, strand=-, frame=3, truncated=no, start-type=ATG, RBS-motif=AGGAG
13:30:54.343 - INFO - CDS - contig=contig_11, start=57655, stop=58263, strand=-, frame=2, truncated=no, start-type=ATG, RBS-motif=AGGAG
13:30:54.343 - INFO - CDS - contig=contig_11, start=58260, stop=59357, strand=-, frame=3, truncated=no, start-type=ATG, RBS-motif=AGGAGG
13:30:54.343 - INFO - CDS - contig=contig_11, start=59354, stop=59767, strand=-, frame=1, truncated=no, start-type=ATG, RBS-motif=AGGAGG
13:30:54.343 - INFO - CDS - contig=contig_11, start=59972, stop=61339, strand=+, frame=2, truncated=no, start-type=ATG, RBS-motif=AGxAGG/AGGxGG
13:30:54.343 - INFO - CDS - contig=contig_11, start=61353, stop=62042, strand=+, frame=3, truncated=no, start-type=ATG, RBS-motif=AGGAGG
13:30:54.343 - INFO - CDS - contig=contig_11, start=62084, stop=63526, strand=+, frame=2, truncated=no, start-type=ATG, RBS-motif=AGGAGG
13:30:54.343 - INFO - CDS - contig=contig_11, start=63625, stop=64617, strand=+, frame=1, truncated=no, start-type=ATG, RBS-motif=AGGAG
13:30:54.343 - INFO - CDS - contig=contig_11, start=64659, stop=65522, strand=+, frame=3, truncated=no, start-type=ATG, RBS-motif=GGAGG
13:30:54.343 - INFO - CDS - contig=contig_11, start=65636, stop=66796, strand=+, frame=2, truncated=no, start-type=ATG, RBS-motif=AGGAGG
13:30:54.343 - INFO - CDS - contig=contig_11, start=66793, stop=67449, strand=+, frame=1, truncated=no, start-type=ATG, RBS-motif=GGA/GAG/AGG
13:30:54.343 - INFO - CDS - contig=contig_11, start=67446, stop=68771, strand=+, frame=3, truncated=no, start-type=ATG, RBS-motif=GGAGG
13:30:54.343 - INFO - CDS - contig=contig_11, start=68775, stop=69311, strand=+, frame=3, truncated=no, start-type=ATG, RBS-motif=AGGAG
13:30:54.343 - INFO - CDS - contig=contig_11, start=69436, stop=69648, strand=+, frame=1, truncated=no, start-type=ATG, RBS-motif=AGGAGG
13:30:54.343 - INFO - CDS - contig=contig_11, start=69697, stop=71079, strand=-, frame=2, truncated=no, start-type=ATG, RBS-motif=GGAG/GAGG
13:30:54.343 - INFO - CDS - contig=contig_11, start=71478, stop=72902, strand=+, frame=3, truncated=no, start-type=ATG, RBS-motif=AGGAG
13:30:54.343 - INFO - CDS - contig=contig_11, start=52, stop=2412, strand=-, nt=[ATGTTCAACG..CATCTGGTGA]
13:30:54.344 - INFO - CDS - contig=contig_11, start=2622, stop=3305, strand=+, nt=[ATGGCGTCCA..GCGGGGATAA]
13:30:54.344 - INFO - CDS - contig=contig_11, start=3393, stop=5360, strand=+, nt=[ATGCCGGAAT..GGGCAAATAA]
13:30:54.344 - INFO - CDS - contig=contig_11, start=5439, stop=8261, strand=+, nt=[ATGCAGGATA..GATGCTGTAA]
13:30:54.344 - INFO - CDS - contig=contig_11, start=8275, stop=8622, strand=+, nt=[ATGAAAAAGT..TTTTGACTGA]
13:30:54.344 - INFO - CDS - contig=contig_11, start=8663, stop=8932, strand=+, nt=[ATGGGCGCGT..GGTGGGCTGA]
13:30:54.344 - INFO - CDS - contig=contig_11, start=8970, stop=9779, strand=+, nt=[ATGGTCAAGC..AGATTCATAA]
13:30:54.344 - INFO - CDS - contig=contig_11, start=9847, stop=10347, strand=+, nt=[TTGGATCTTT..TATGGCCTGA]
13:30:54.344 - INFO - CDS - contig=contig_11, start=10398, stop=10739, strand=+, nt=[ATGCGGGCAA..GGAGGGATAA]
13:30:54.344 - INFO - CDS - contig=contig_11, start=10769, stop=12979, strand=+, nt=[ATGGATGAAT..GGAGGAATAA]
13:30:54.344 - INFO - CDS - contig=contig_11, start=13211, stop=13654, strand=+, nt=[ATGAATTTGG..AGGCTGGTAA]
13:30:54.344 - INFO - CDS - contig=contig_11, start=13679, stop=14092, strand=+, nt=[ATGAAACTGA..GAGCTACTAA]
13:30:54.344 - INFO - CDS - contig=contig_11, start=14141, stop=14698, strand=+, nt=[ATGAAGAAAC..TTGGAACTAA]
13:30:54.344 - INFO - CDS - contig=contig_11, start=15009, stop=16757, strand=+, nt=[ATGAAACGGA..GGGGAAATAA]
13:30:54.344 - INFO - CDS - contig=contig_11, start=16997, stop=18157, strand=+, nt=[ATGGAACAGT..AAGGATCTGA]
13:30:54.344 - INFO - CDS - contig=contig_11, start=18178, stop=19362, strand=+, nt=[ATGGAACATA..GGAAGGGTGA]
13:30:54.344 - INFO - CDS - contig=contig_11, start=19325, stop=20650, strand=-, nt=[ATGAAGCTTG..ACGCGAATGA]
13:30:54.344 - INFO - CDS - contig=contig_11, start=20880, stop=22013, strand=+, nt=[ATGAGAAACG..GAGCAAGTAA]
13:30:54.344 - INFO - CDS - contig=contig_11, start=22048, stop=23178, strand=+, nt=[ATGAGGAACG..GGCGAAATAA]
13:30:54.344 - INFO - CDS - contig=contig_11, start=23272, stop=24480, strand=+, nt=[ATGTCACAGT..TATCGGCTGA]
13:30:54.344 - INFO - CDS - contig=contig_11, start=24580, stop=26208, strand=+, nt=[ATGCCTGAAT..TGCCTGGTAA]
13:30:54.344 - INFO - CDS - contig=contig_11, start=26334, stop=27014, strand=+, nt=[ATGGAAACCA..GACGGCTTGA]
13:30:54.344 - INFO - CDS - contig=contig_11, start=27083, stop=27271, strand=+, nt=[ATGCACACAG..CCTTTTATGA]
13:30:54.344 - INFO - CDS - contig=contig_11, start=27258, stop=27902, strand=+, nt=[GTGCCCTTTT..GGCCAGGTGA]
13:30:54.344 - INFO - CDS - contig=contig_11, start=28045, stop=29070, strand=+, nt=[ATGTTCAGTA..CAACGGGTAA]
13:30:54.344 - INFO - CDS - contig=contig_11, start=29186, stop=30559, strand=-, nt=[ATGACAACTG..CAAGGACTGA]
13:30:54.344 - INFO - CDS - contig=contig_11, start=30681, stop=31673, strand=+, nt=[ATGGACTGGA..AGAAAAATGA]
13:30:54.344 - INFO - CDS - contig=contig_11, start=31765, stop=32043, strand=+, nt=[ATGGACAGGA..ATTGGAGTGA]
13:30:54.344 - INFO - CDS - contig=contig_11, start=32053, stop=33255, strand=+, nt=[ATGGCGGTAC..CGCCTCGTGA]
13:30:54.344 - INFO - CDS - contig=contig_11, start=33284, stop=34258, strand=+, nt=[TTGACGGAAC..CAGGCGTTAA]
13:30:54.344 - INFO - CDS - contig=contig_11, start=34255, stop=34431, strand=-, nt=[ATGAAAGAAC..CCGGGATTAA]
13:30:54.344 - INFO - CDS - contig=contig_11, start=34516, stop=35223, strand=+, nt=[ATGATTTTTA..GAGAGGATAG]
13:30:54.345 - INFO - CDS - contig=contig_11, start=35230, stop=36291, strand=+, nt=[ATGGAAGAAA..ATTGCTCTGA]
13:30:54.345 - INFO - CDS - contig=contig_11, start=36309, stop=37208, strand=+, nt=[ATGAAGGCAC..GGAAGACTGA]
13:30:54.345 - INFO - CDS - contig=contig_11, start=37285, stop=37392, strand=+, nt=[ATGACTGCCG..AAGCGCCTGA]
13:30:54.345 - INFO - CDS - contig=contig_11, start=37405, stop=38157, strand=+, nt=[ATGGCGCATT..GCAGGTCTGA]
13:30:54.345 - INFO - CDS - contig=contig_11, start=38171, stop=38386, strand=+, nt=[ATGACCTTGG..GGTGGCTTGA]
13:30:54.345 - INFO - CDS - contig=contig_11, start=38388, stop=40448, strand=+, nt=[ATGGCAAAGG..TTTGAGATGA]
13:30:54.345 - INFO - CDS - contig=contig_11, start=40499, stop=42868, strand=+, nt=[ATGAAAGACG..GCTGAAGTGA]
13:30:54.345 - INFO - CDS - contig=contig_11, start=43008, stop=43271, strand=+, nt=[ATGTATATGA..TGAGGACTGA]
13:30:54.345 - INFO - CDS - contig=contig_11, start=43377, stop=44252, strand=+, nt=[GTGGTCTGCA..AGGAGTGTGA]
13:30:54.345 - INFO - CDS - contig=contig_11, start=44257, stop=45633, strand=+, nt=[ATGTCTGTGC..GGAAGGATAA]
13:30:54.345 - INFO - CDS - contig=contig_11, start=45671, stop=46513, strand=-, nt=[ATGGCGCTGT..GCGAAAATAA]
13:30:54.345 - INFO - CDS - contig=contig_11, start=46513, stop=47277, strand=-, nt=[ATGAGTATTC..GGCGGTGTGA]
13:30:54.345 - INFO - CDS - contig=contig_11, start=47274, stop=48149, strand=-, nt=[ATGCGCAAAC..TCTCCAATGA]
13:30:54.345 - INFO - CDS - contig=contig_11, start=48165, stop=49373, strand=-, nt=[GTGAAACAGC..CCTGCTGTAA]
13:30:54.345 - INFO - CDS - contig=contig_11, start=49462, stop=51318, strand=-, nt=[ATGAACAAAA..GGACATATGA]
13:30:54.345 - INFO - CDS - contig=contig_11, start=51338, stop=51946, strand=-, nt=[ATGACCTTCT..GCCCGACTGA]
13:30:54.345 - INFO - CDS - contig=contig_11, start=51949, stop=52170, strand=-, nt=[ATGATGAAAA..TCTTCTCTGA]
13:30:54.345 - INFO - CDS - contig=contig_11, start=52183, stop=52557, strand=-, nt=[GTGGACGATA..TGAGGAATAA]
13:30:54.345 - INFO - CDS - contig=contig_11, start=52726, stop=53670, strand=+, nt=[ATGGTCAACA..GGGGCTGTAA]
13:30:54.345 - INFO - CDS - contig=contig_11, start=53724, stop=55850, strand=-, nt=[ATGCACATTG..GCTGGGTTGA]
13:30:54.345 - INFO - CDS - contig=contig_11, start=56097, stop=56867, strand=+, nt=[ATGCAGGAGC..GAAGCTCTGA]
13:30:54.345 - INFO - CDS - contig=contig_11, start=56943, stop=57491, strand=-, nt=[ATGCAGAAAT..CGCCGCCTGA]
13:30:54.345 - INFO - CDS - contig=contig_11, start=57655, stop=58263, strand=-, nt=[ATGACAGAAA..GCAGGGTTGA]
13:30:54.345 - INFO - CDS - contig=contig_11, start=58260, stop=59357, strand=-, nt=[ATGAGCGTTT..GGCCCTATGA]
13:30:54.345 - INFO - CDS - contig=contig_11, start=59354, stop=59767, strand=-, nt=[ATGCGGATCG..GGCGCCATGA]
13:30:54.345 - INFO - CDS - contig=contig_11, start=59972, stop=61339, strand=+, nt=[ATGAAAAAGG..CGGATACTGA]
13:30:54.345 - INFO - CDS - contig=contig_11, start=61353, stop=62042, strand=+, nt=[ATGGGAAGAA..GGGCTTCTGA]
13:30:54.345 - INFO - CDS - contig=contig_11, start=62084, stop=63526, strand=+, nt=[ATGGCGAGGA..TAGAACATAA]
13:30:54.346 - INFO - CDS - contig=contig_11, start=63625, stop=64617, strand=+, nt=[ATGTTGAGAC..CAAGTGGTGA]
13:30:54.346 - INFO - CDS - contig=contig_11, start=64659, stop=65522, strand=+, nt=[ATGGCGACGA..GAACAAGTGA]
13:30:54.346 - INFO - CDS - contig=contig_11, start=65636, stop=66796, strand=+, nt=[ATGGCAGAGA..GGACGAATGA]
13:30:54.346 - INFO - CDS - contig=contig_11, start=66793, stop=67449, strand=+, nt=[ATGATCGTCG..GGAGGAATGA]
13:30:54.346 - INFO - CDS - contig=contig_11, start=67446, stop=68771, strand=+, nt=[ATGAGTTTGA..CGAGGAGTGA]
13:30:54.346 - INFO - CDS - contig=contig_11, start=68775, stop=69311, strand=+, nt=[ATGATGAAGA..AAATATTTAA]
13:30:54.346 - INFO - CDS - contig=contig_11, start=69436, stop=69648, strand=+, nt=[ATGATCATGG..GCGCACCTGA]
13:30:54.346 - INFO - CDS - contig=contig_11, start=69697, stop=71079, strand=-, nt=[ATGGAAAATA..GGTCATCTGA]
13:30:54.346 - INFO - CDS - contig=contig_11, start=71478, stop=72902, strand=+, nt=[ATGGATACCA..GCGGCTGTAA]
13:30:54.354 - INFO - CDS - contig=contig_12, start=122, stop=1153, strand=-, frame=3, truncated=no, start-type=ATG, RBS-motif=AGGAGG
13:30:54.354 - INFO - CDS - contig=contig_12, start=1150, stop=2484, strand=-, frame=1, truncated=no, start-type=ATG, RBS-motif=AGGAGG
13:30:54.355 - INFO - CDS - contig=contig_12, start=2481, stop=4040, strand=-, frame=2, truncated=no, start-type=ATG, RBS-motif=AGGA
13:30:54.355 - INFO - CDS - contig=contig_12, start=4219, stop=5421, strand=-, frame=1, truncated=no, start-type=ATG, RBS-motif=GGA/GAG/AGG
13:30:54.355 - INFO - CDS - contig=contig_12, start=5608, stop=6273, strand=-, frame=1, truncated=no, start-type=ATG, RBS-motif=AGGA
13:30:54.355 - INFO - CDS - contig=contig_12, start=6339, stop=7451, strand=-, frame=2, truncated=no, start-type=ATG, RBS-motif=AGGA
13:30:54.355 - INFO - CDS - contig=contig_12, start=7499, stop=8197, strand=-, frame=3, truncated=no, start-type=TTG, RBS-motif=GGxGG
13:30:54.355 - INFO - CDS - contig=contig_12, start=8187, stop=8534, strand=-, frame=2, truncated=no, start-type=ATG, RBS-motif=AGGAG
13:30:54.355 - INFO - CDS - contig=contig_12, start=8548, stop=10296, strand=-, frame=1, truncated=no, start-type=ATG, RBS-motif=GGAGG
13:30:54.355 - INFO - CDS - contig=contig_12, start=11008, stop=11475, strand=-, frame=1, truncated=no, start-type=ATG, RBS-motif=GGAGG
13:30:54.355 - INFO - CDS - contig=contig_12, start=11472, stop=11657, strand=-, frame=2, truncated=no, start-type=ATG, RBS-motif=AGGAGG
13:30:54.355 - INFO - CDS - contig=contig_12, start=11873, stop=12796, strand=-, frame=3, truncated=no, start-type=GTG, RBS-motif=AGGAG
13:30:54.355 - INFO - CDS - contig=contig_12, start=13340, stop=14068, strand=-, frame=3, truncated=no, start-type=ATG, RBS-motif=GGA/GAG/AGG
13:30:54.355 - INFO - CDS - contig=contig_12, start=14065, stop=14922, strand=-, frame=1, truncated=no, start-type=ATG, RBS-motif=AGGAGG
13:30:54.355 - INFO - CDS - contig=contig_12, start=14991, stop=15254, strand=-, frame=2, truncated=no, start-type=ATG, RBS-motif=AGGAG
13:30:54.355 - INFO - CDS - contig=contig_12, start=15631, stop=16647, strand=-, frame=1, truncated=no, start-type=ATG, RBS-motif=AGGAGG
13:30:54.355 - INFO - CDS - contig=contig_12, start=16797, stop=17129, strand=+, frame=3, truncated=no, start-type=ATG, RBS-motif=GGAG/GAGG
13:30:54.355 - INFO - CDS - contig=contig_12, start=17426, stop=17779, strand=+, frame=2, truncated=no, start-type=ATG, RBS-motif=AGGAGG
13:30:54.355 - INFO - CDS - contig=contig_12, start=17776, stop=19305, strand=+, frame=1, truncated=no, start-type=ATG, RBS-motif=GGAGG
13:30:54.356 - INFO - CDS - contig=contig_12, start=19582, stop=20064, strand=+, frame=1, truncated=no, start-type=ATG, RBS-motif=GGAGG
13:30:54.356 - INFO - CDS - contig=contig_12, start=20148, stop=21089, strand=+, frame=3, truncated=no, start-type=ATG, RBS-motif=GGAGG
13:30:54.356 - INFO - CDS - contig=contig_12, start=21308, stop=22924, strand=+, frame=2, truncated=no, start-type=ATG, RBS-motif=AGGAG
13:30:54.356 - INFO - CDS - contig=contig_12, start=23775, stop=24116, strand=+, frame=3, truncated=no, start-type=ATG, RBS-motif=AGGAG
13:30:54.356 - INFO - CDS - contig=contig_12, start=24194, stop=24805, strand=+, frame=2, truncated=no, start-type=ATG, RBS-motif=AGGAG
13:30:54.356 - INFO - CDS - contig=contig_12, start=24805, stop=25569, strand=+, frame=1, truncated=no, start-type=ATG, RBS-motif=None
13:30:54.356 - INFO - CDS - contig=contig_12, start=25696, stop=26667, strand=+, frame=1, truncated=no, start-type=ATG, RBS-motif=GGAG/GAGG
13:30:54.356 - INFO - CDS - contig=contig_12, start=26802, stop=27065, strand=+, frame=3, truncated=no, start-type=ATG, RBS-motif=AGGAGG
13:30:54.356 - INFO - CDS - contig=contig_12, start=27134, stop=28837, strand=+, frame=2, truncated=no, start-type=ATG, RBS-motif=AGGAG/GGAGG
13:30:54.356 - INFO - CDS - contig=contig_12, start=28870, stop=29253, strand=+, frame=1, truncated=no, start-type=GTG, RBS-motif=GGA/GAG/AGG
13:30:54.356 - INFO - CDS - contig=contig_12, start=29317, stop=32787, strand=-, frame=1, truncated=no, start-type=ATG, RBS-motif=AGGAGG
13:30:54.356 - INFO - CDS - contig=contig_12, start=32821, stop=33714, strand=-, frame=1, truncated=no, start-type=ATG, RBS-motif=AGGAGG
13:30:54.356 - INFO - CDS - contig=contig_12, start=33738, stop=34751, strand=-, frame=2, truncated=no, start-type=ATG, RBS-motif=GGAG/GAGG
13:30:54.356 - INFO - CDS - contig=contig_12, start=34751, stop=35614, strand=-, frame=3, truncated=no, start-type=ATG, RBS-motif=GGAG/GAGG
13:30:54.356 - INFO - CDS - contig=contig_12, start=35619, stop=36566, strand=-, frame=2, truncated=no, start-type=ATG, RBS-motif=AGGAGG
13:30:54.356 - INFO - CDS - contig=contig_12, start=36596, stop=38290, strand=-, frame=3, truncated=no, start-type=ATG, RBS-motif=GGA/GAG/AGG
13:30:54.357 - INFO - CDS - contig=contig_12, start=38310, stop=38759, strand=-, frame=2, truncated=no, start-type=ATG, RBS-motif=GGAGG
13:30:54.357 - INFO - CDS - contig=contig_12, start=38763, stop=39626, strand=-, frame=2, truncated=no, start-type=GTG, RBS-motif=GGAGG
13:30:54.357 - INFO - CDS - contig=contig_12, start=39623, stop=40447, strand=-, frame=3, truncated=no, start-type=GTG, RBS-motif=AGGAGG
13:30:54.357 - INFO - CDS - contig=contig_12, start=40416, stop=42284, strand=-, frame=2, truncated=no, start-type=TTG, RBS-motif=GGAG/GAGG
13:30:54.357 - INFO - CDS - contig=contig_12, start=42319, stop=42789, strand=-, frame=1, truncated=no, start-type=ATG, RBS-motif=GGAG/GAGG
13:30:54.357 - INFO - CDS - contig=contig_12, start=42794, stop=43687, strand=-, frame=3, truncated=no, start-type=ATG, RBS-motif=GGAGG
13:30:54.357 - INFO - CDS - contig=contig_12, start=43684, stop=43917, strand=-, frame=1, truncated=no, start-type=ATG, RBS-motif=AGGAG
13:30:54.357 - INFO - CDS - contig=contig_12, start=43947, stop=45134, strand=-, frame=2, truncated=no, start-type=ATG, RBS-motif=AGGAGG
13:30:54.357 - INFO - CDS - contig=contig_12, start=45159, stop=46082, strand=-, frame=2, truncated=no, start-type=ATG, RBS-motif=GGA/GAG/AGG
13:30:54.357 - INFO - CDS - contig=contig_12, start=46079, stop=46546, strand=-, frame=3, truncated=no, start-type=ATG, RBS-motif=GGAGG
13:30:54.357 - INFO - CDS - contig=contig_12, start=47751, stop=48971, strand=+, frame=3, truncated=no, start-type=ATG, RBS-motif=AGGAGG
13:30:54.357 - INFO - CDS - contig=contig_12, start=49052, stop=49852, strand=-, frame=3, truncated=no, start-type=ATG, RBS-motif=AGGAGG
13:30:54.357 - INFO - CDS - contig=contig_12, start=50423, stop=50836, strand=+, frame=2, truncated=no, start-type=ATG, RBS-motif=GGAGG
13:30:54.357 - INFO - CDS - contig=contig_12, start=50948, stop=51343, strand=+, frame=2, truncated=no, start-type=ATG, RBS-motif=None
13:30:54.357 - INFO - CDS - contig=contig_12, start=51517, stop=52461, strand=+, frame=1, truncated=no, start-type=ATG, RBS-motif=AGGA
13:30:54.357 - INFO - CDS - contig=contig_12, start=52502, stop=52657, strand=+, frame=2, truncated=no, start-type=GTG, RBS-motif=AGGA
13:30:54.357 - INFO - CDS - contig=contig_12, start=52752, stop=54263, strand=+, frame=3, truncated=no, start-type=ATG, RBS-motif=AGGAG
13:30:54.357 - INFO - CDS - contig=contig_12, start=54509, stop=54901, strand=-, frame=3, truncated=no, start-type=ATG, RBS-motif=GGAG/GAGG
13:30:54.358 - INFO - CDS - contig=contig_12, start=54984, stop=55553, strand=-, frame=2, truncated=no, start-type=ATG, RBS-motif=GGAG/GAGG
13:30:54.358 - INFO - CDS - contig=contig_12, start=55565, stop=56071, strand=-, frame=3, truncated=no, start-type=ATG, RBS-motif=AGGAG
13:30:54.358 - INFO - CDS - contig=contig_12, start=56068, stop=56538, strand=-, frame=1, truncated=no, start-type=ATG, RBS-motif=AGxAGG/AGGxGG
13:30:54.358 - INFO - CDS - contig=contig_12, start=56535, stop=57623, strand=-, frame=2, truncated=no, start-type=GTG, RBS-motif=GGAGG
13:30:54.358 - INFO - CDS - contig=contig_12, start=57620, stop=58003, strand=-, frame=3, truncated=no, start-type=ATG, RBS-motif=GGA/GAG/AGG
13:30:54.358 - INFO - CDS - contig=contig_12, start=58010, stop=58204, strand=-, frame=3, truncated=no, start-type=ATG, RBS-motif=GGAG/GAGG
13:30:54.358 - INFO - CDS - contig=contig_12, start=58236, stop=58748, strand=-, frame=2, truncated=no, start-type=ATG, RBS-motif=GGAGG
13:30:54.358 - INFO - CDS - contig=contig_12, start=58742, stop=59641, strand=-, frame=3, truncated=no, start-type=ATG, RBS-motif=AGGAGG
13:30:54.358 - INFO - CDS - contig=contig_12, start=59765, stop=60766, strand=-, frame=3, truncated=no, start-type=ATG, RBS-motif=AGGAG
13:30:54.358 - INFO - CDS - contig=contig_12, start=60772, stop=61488, strand=-, frame=1, truncated=no, start-type=ATG, RBS-motif=AGGAGG
13:30:54.358 - INFO - CDS - contig=contig_12, start=61492, stop=62820, strand=-, frame=1, truncated=no, start-type=ATG, RBS-motif=AGGA
13:30:54.358 - INFO - CDS - contig=contig_12, start=62942, stop=63133, strand=-, frame=3, truncated=no, start-type=ATG, RBS-motif=AGGAGG
13:30:54.358 - INFO - CDS - contig=contig_12, start=63173, stop=63691, strand=-, frame=3, truncated=no, start-type=ATG, RBS-motif=AGGAG
13:30:54.358 - INFO - CDS - contig=contig_12, start=63815, stop=64777, strand=+, frame=2, truncated=no, start-type=GTG, RBS-motif=GGAGG
13:30:54.358 - INFO - CDS - contig=contig_12, start=65557, stop=66093, strand=+, frame=1, truncated=no, start-type=ATG, RBS-motif=AGGAGG
13:30:54.358 - INFO - CDS - contig=contig_12, start=66080, stop=66895, strand=+, frame=2, truncated=no, start-type=ATG, RBS-motif=GGAGG
13:30:54.358 - INFO - CDS - contig=contig_12, start=66892, stop=68889, strand=+, frame=1, truncated=no, start-type=ATG, RBS-motif=AGxAGG/AGGxGG
13:30:54.358 - INFO - CDS - contig=contig_12, start=68902, stop=69300, strand=+, frame=1, truncated=no, start-type=ATG, RBS-motif=AGGAGG
13:30:54.359 - INFO - CDS - contig=contig_12, start=69297, stop=69833, strand=+, frame=3, truncated=no, start-type=ATG, RBS-motif=None
13:30:54.359 - INFO - CDS - contig=contig_12, start=69872, stop=70045, strand=-, frame=3, truncated=no, start-type=ATG, RBS-motif=GGAG/GAGG
13:30:54.359 - INFO - CDS - contig=contig_12, start=70186, stop=70863, strand=+, frame=1, truncated=no, start-type=ATG, RBS-motif=AGGAGG
13:30:54.359 - INFO - CDS - contig=contig_12, start=122, stop=1153, strand=-, nt=[ATGACATTCT..CCAGCGCTGA]
13:30:54.359 - INFO - CDS - contig=contig_12, start=1150, stop=2484, strand=-, nt=[ATGAAAGAAC..GCAGGCATGA]
13:30:54.359 - INFO - CDS - contig=contig_12, start=2481, stop=4040, strand=-, nt=[ATGAGGACTA..GGGAGCATGA]
13:30:54.359 - INFO - CDS - contig=contig_12, start=4219, stop=5421, strand=-, nt=[ATGAACAAGA..CATCCTGTAA]
13:30:54.359 - INFO - CDS - contig=contig_12, start=5608, stop=6273, strand=-, nt=[ATGGAGCTTC..GGGCTATTAA]
13:30:54.359 - INFO - CDS - contig=contig_12, start=6339, stop=7451, strand=-, nt=[ATGGCAGGGT..AGAGCTTTGA]
13:30:54.359 - INFO - CDS - contig=contig_12, start=7499, stop=8197, strand=-, nt=[TTGGCTTCTG..CCCGCGCTGA]
13:30:54.359 - INFO - CDS - contig=contig_12, start=8187, stop=8534, strand=-, nt=[ATGGCAAAGG..TGGCTTCTGA]
13:30:54.359 - INFO - CDS - contig=contig_12, start=8548, stop=10296, strand=-, nt=[ATGTATCAGG..GGAAGAGTAA]
13:30:54.359 - INFO - CDS - contig=contig_12, start=11008, stop=11475, strand=-, nt=[ATGAACATTC..ATCCCGCTAA]
13:30:54.359 - INFO - CDS - contig=contig_12, start=11472, stop=11657, strand=-, nt=[ATGGCGAACC..CAGCAAATGA]
13:30:54.359 - INFO - CDS - contig=contig_12, start=11873, stop=12796, strand=-, nt=[GTGCTCTATT..GCCGGAATAG]
13:30:54.359 - INFO - CDS - contig=contig_12, start=13340, stop=14068, strand=-, nt=[ATGAAGCCCG..GACCTGCTGA]
13:30:54.359 - INFO - CDS - contig=contig_12, start=14065, stop=14922, strand=-, nt=[ATGAATATCT..CGGCGAATGA]
13:30:54.359 - INFO - CDS - contig=contig_12, start=14991, stop=15254, strand=-, nt=[ATGAAAGTCC..CAAGCAGTAA]
13:30:54.359 - INFO - CDS - contig=contig_12, start=15631, stop=16647, strand=-, nt=[ATGAAGAAAA..TTCAAAGTAA]
13:30:54.359 - INFO - CDS - contig=contig_12, start=16797, stop=17129, strand=+, nt=[ATGGGGCAGG..AAATACATAA]
13:30:54.359 - INFO - CDS - contig=contig_12, start=17426, stop=17779, strand=+, nt=[ATGCCGACTA..CCAGGAATGA]
13:30:54.359 - INFO - CDS - contig=contig_12, start=17776, stop=19305, strand=+, nt=[ATGAAAGCTG..AACCGCATAA]
13:30:54.359 - INFO - CDS - contig=contig_12, start=19582, stop=20064, strand=+, nt=[ATGGATCACT..GCTTCTCTGA]
13:30:54.359 - INFO - CDS - contig=contig_12, start=20148, stop=21089, strand=+, nt=[ATGCCTGAAA..TCCCTTTTGA]
13:30:54.360 - INFO - CDS - contig=contig_12, start=21308, stop=22924, strand=+, nt=[ATGAAAAAGC..ACCTGATTAA]
13:30:54.360 - INFO - CDS - contig=contig_12, start=23775, stop=24116, strand=+, nt=[ATGAAAGGGC..CGTTCAGTAA]
13:30:54.360 - INFO - CDS - contig=contig_12, start=24194, stop=24805, strand=+, nt=[ATGAATACCG..CTTTAAGTGA]
13:30:54.360 - INFO - CDS - contig=contig_12, start=24805, stop=25569, strand=+, nt=[ATGGGTGTTC..GGAACAGTAA]
13:30:54.360 - INFO - CDS - contig=contig_12, start=25696, stop=26667, strand=+, nt=[ATGGACTACT..TGCCATATAA]
13:30:54.360 - INFO - CDS - contig=contig_12, start=26802, stop=27065, strand=+, nt=[ATGGTGGATA..TTTTAGTTGA]
13:30:54.360 - INFO - CDS - contig=contig_12, start=27134, stop=28837, strand=+, nt=[ATGGCAAGAA..TGTCTCGTAA]
13:30:54.360 - INFO - CDS - contig=contig_12, start=28870, stop=29253, strand=+, nt=[GTGGATCCCC..CTGCGGCTGA]
13:30:54.360 - INFO - CDS - contig=contig_12, start=29317, stop=32787, strand=-, nt=[ATGTCCTTTG..AGTGAAATGA]
13:30:54.360 - INFO - CDS - contig=contig_12, start=32821, stop=33714, strand=-, nt=[ATGTCCTTTT..GGGGGAGTAG]
13:30:54.360 - INFO - CDS - contig=contig_12, start=33738, stop=34751, strand=-, nt=[ATGGAGCAGA..AATCTTTTAG]
13:30:54.360 - INFO - CDS - contig=contig_12, start=34751, stop=35614, strand=-, nt=[ATGGAATTTA..GGCGCGGTGA]
13:30:54.360 - INFO - CDS - contig=contig_12, start=35619, stop=36566, strand=-, nt=[ATGACTTTGT..GGGAGTGTGA]
13:30:54.360 - INFO - CDS - contig=contig_12, start=36596, stop=38290, strand=-, nt=[ATGCTCTCTA..GCTGAAATAG]
13:30:54.360 - INFO - CDS - contig=contig_12, start=38310, stop=38759, strand=-, nt=[ATGAAAAGCA..GCTCTCTTGA]
13:30:54.360 - INFO - CDS - contig=contig_12, start=38763, stop=39626, strand=-, nt=[GTGAAAGTGG..GAGGACATGA]
13:30:54.360 - INFO - CDS - contig=contig_12, start=39623, stop=40447, strand=-, nt=[GTGAAACAGC..AGCGCGGTGA]
13:30:54.360 - INFO - CDS - contig=contig_12, start=40416, stop=42284, strand=-, nt=[TTGCTGGATA..TTCTGGTTGA]
13:30:54.360 - INFO - CDS - contig=contig_12, start=42319, stop=42789, strand=-, nt=[ATGGACAAAA..CACCCATTGA]
13:30:54.360 - INFO - CDS - contig=contig_12, start=42794, stop=43687, strand=-, nt=[ATGACCTATC..GGAGAAATGA]
13:30:54.360 - INFO - CDS - contig=contig_12, start=43684, stop=43917, strand=-, nt=[ATGAGCGCGA..AATGGAATGA]
13:30:54.360 - INFO - CDS - contig=contig_12, start=43947, stop=45134, strand=-, nt=[ATGGAATATC..AGTGAAATAA]
13:30:54.360 - INFO - CDS - contig=contig_12, start=45159, stop=46082, strand=-, nt=[ATGACCACCC..GCTGCTCTGA]
13:30:54.360 - INFO - CDS - contig=contig_12, start=46079, stop=46546, strand=-, nt=[ATGACAAGAA..GGCGGAATGA]
13:30:54.360 - INFO - CDS - contig=contig_12, start=47751, stop=48971, strand=+, nt=[ATGACCCAAA..TACGCAATAA]
13:30:54.360 - INFO - CDS - contig=contig_12, start=49052, stop=49852, strand=-, nt=[ATGTCTTTAT..ACGAAGATAA]
13:30:54.360 - INFO - CDS - contig=contig_12, start=50423, stop=50836, strand=+, nt=[ATGAGCAAAA..GGACAGTTAA]
13:30:54.361 - INFO - CDS - contig=contig_12, start=50948, stop=51343, strand=+, nt=[ATGACAAACA..GGAGGGCTGA]
13:30:54.361 - INFO - CDS - contig=contig_12, start=51517, stop=52461, strand=+, nt=[ATGGCACAAC..GGAAAGGTGA]
13:30:54.361 - INFO - CDS - contig=contig_12, start=52502, stop=52657, strand=+, nt=[GTGACTTTTC..CGGGACATAA]
13:30:54.361 - INFO - CDS - contig=contig_12, start=52752, stop=54263, strand=+, nt=[ATGAACAATC..GAAAATCTGA]
13:30:54.361 - INFO - CDS - contig=contig_12, start=54509, stop=54901, strand=-, nt=[ATGGCGGATG..GCAGGCGTAA]
13:30:54.361 - INFO - CDS - contig=contig_12, start=54984, stop=55553, strand=-, nt=[ATGAAACTCT..CCAGGGGTAA]
13:30:54.361 - INFO - CDS - contig=contig_12, start=55565, stop=56071, strand=-, nt=[ATGAAGGCAG..GGGAAAGTGA]
13:30:54.361 - INFO - CDS - contig=contig_12, start=56068, stop=56538, strand=-, nt=[ATGAGCGCGG..GGGAACATGA]
13:30:54.361 - INFO - CDS - contig=contig_12, start=56535, stop=57623, strand=-, nt=[GTGAGGCCCC..GGGCGGATGA]
13:30:54.361 - INFO - CDS - contig=contig_12, start=57620, stop=58003, strand=-, nt=[ATGGATATCC..TCTGCTGTGA]
13:30:54.361 - INFO - CDS - contig=contig_12, start=58010, stop=58204, strand=-, nt=[ATGGACGTAG..CGGACTGTGA]
13:30:54.361 - INFO - CDS - contig=contig_12, start=58236, stop=58748, strand=-, nt=[ATGCTGAGGC..GTTACTGTAA]
13:30:54.361 - INFO - CDS - contig=contig_12, start=58742, stop=59641, strand=-, nt=[ATGGAGCCGT..GCCATGCTGA]
13:30:54.361 - INFO - CDS - contig=contig_12, start=59765, stop=60766, strand=-, nt=[ATGACCATCA..CTGGGTTTAA]
13:30:54.361 - INFO - CDS - contig=contig_12, start=60772, stop=61488, strand=-, nt=[ATGGACGATC..GAAGGAGTGA]
13:30:54.361 - INFO - CDS - contig=contig_12, start=61492, stop=62820, strand=-, nt=[ATGGCGAGAC..GGAGGGGTAA]
13:30:54.361 - INFO - CDS - contig=contig_12, start=62942, stop=63133, strand=-, nt=[ATGGCAGTTC..CGCTCAGTAA]
13:30:54.361 - INFO - CDS - contig=contig_12, start=63173, stop=63691, strand=-, nt=[ATGCGTTTGG..AGAAACATGA]
13:30:54.361 - INFO - CDS - contig=contig_12, start=63815, stop=64777, strand=+, nt=[GTGAGAGAGT..TTTTGGGTAA]
13:30:54.361 - INFO - CDS - contig=contig_12, start=65557, stop=66093, strand=+, nt=[ATGTCCGACA..AGAGAACTAA]
13:30:54.361 - INFO - CDS - contig=contig_12, start=66080, stop=66895, strand=+, nt=[ATGAAGAGAA..GGTACTATGA]
13:30:54.361 - INFO - CDS - contig=contig_12, start=66892, stop=68889, strand=+, nt=[ATGAAGAAAA..AATTCAATAA]
13:30:54.361 - INFO - CDS - contig=contig_12, start=68902, stop=69300, strand=+, nt=[ATGTCTGTCG..CGGGGCATGA]
13:30:54.361 - INFO - CDS - contig=contig_12, start=69297, stop=69833, strand=+, nt=[ATGAAAGGCA..GGACGAATAA]
13:30:54.361 - INFO - CDS - contig=contig_12, start=69872, stop=70045, strand=-, nt=[ATGAAGCAGT..AGATGGCTGA]
13:30:54.361 - INFO - CDS - contig=contig_12, start=70186, stop=70863, strand=+, nt=[ATGCAGTATA..CGGCAGCTGA]
13:30:54.401 - INFO - CDS - contig=contig_13, start=1565, stop=1939, strand=-, frame=2, truncated=no, start-type=ATG, RBS-motif=AGGAGG
13:30:54.401 - INFO - CDS - contig=contig_13, start=2109, stop=3989, strand=-, frame=1, truncated=no, start-type=ATG, RBS-motif=AGGAG
13:30:54.401 - INFO - CDS - contig=contig_13, start=4005, stop=5225, strand=-, frame=1, truncated=no, start-type=ATG, RBS-motif=AGGAGG
13:30:54.401 - INFO - CDS - contig=contig_13, start=5222, stop=5998, strand=-, frame=2, truncated=no, start-type=ATG, RBS-motif=GGA/GAG/AGG
13:30:54.401 - INFO - CDS - contig=contig_13, start=6002, stop=7705, strand=-, frame=2, truncated=no, start-type=ATG, RBS-motif=AGGAG
13:30:54.401 - INFO - CDS - contig=contig_13, start=7958, stop=8683, strand=+, frame=2, truncated=no, start-type=ATG, RBS-motif=AGGAG/GGAGG
13:30:54.401 - INFO - CDS - contig=contig_13, start=8903, stop=9145, strand=+, frame=2, truncated=no, start-type=ATG, RBS-motif=GGAG/GAGG
13:30:54.401 - INFO - CDS - contig=contig_13, start=9329, stop=9856, strand=+, frame=2, truncated=no, start-type=ATG, RBS-motif=GGAGG
13:30:54.401 - INFO - CDS - contig=contig_13, start=9884, stop=10753, strand=+, frame=2, truncated=no, start-type=ATG, RBS-motif=AGGAGG
13:30:54.401 - INFO - CDS - contig=contig_13, start=10948, stop=11244, strand=+, frame=1, truncated=no, start-type=ATG, RBS-motif=AGGAGG
13:30:54.401 - INFO - CDS - contig=contig_13, start=11257, stop=11730, strand=+, frame=1, truncated=no, start-type=ATG, RBS-motif=AGGAGG
13:30:54.402 - INFO - CDS - contig=contig_13, start=11769, stop=12014, strand=+, frame=3, truncated=no, start-type=ATG, RBS-motif=AGGAGG
13:30:54.402 - INFO - CDS - contig=contig_13, start=12107, stop=13435, strand=-, frame=2, truncated=no, start-type=GTG, RBS-motif=GGAG/GAGG
13:30:54.402 - INFO - CDS - contig=contig_13, start=13447, stop=13866, strand=-, frame=3, truncated=no, start-type=ATG, RBS-motif=AGGAG
13:30:54.402 - INFO - CDS - contig=contig_13, start=13869, stop=14213, strand=-, frame=1, truncated=no, start-type=ATG, RBS-motif=GGAGG
13:30:54.402 - INFO - CDS - contig=contig_13, start=14433, stop=15518, strand=+, frame=3, truncated=no, start-type=ATG, RBS-motif=AGGAGG
13:30:54.402 - INFO - CDS - contig=contig_13, start=15531, stop=16700, strand=+, frame=3, truncated=no, start-type=ATG, RBS-motif=AGGAGG
13:30:54.402 - INFO - CDS - contig=contig_13, start=16740, stop=18653, strand=+, frame=3, truncated=no, start-type=ATG, RBS-motif=AGGAG
13:30:54.402 - INFO - CDS - contig=contig_13, start=18809, stop=19183, strand=+, frame=2, truncated=no, start-type=ATG, RBS-motif=GGAG/GAGG
13:30:54.402 - INFO - CDS - contig=contig_13, start=19191, stop=20030, strand=+, frame=3, truncated=no, start-type=ATG, RBS-motif=AGGAGG
13:30:54.402 - INFO - CDS - contig=contig_13, start=20027, stop=20638, strand=+, frame=2, truncated=no, start-type=ATG, RBS-motif=AGxAGG/AGGxGG
13:30:54.402 - INFO - CDS - contig=contig_13, start=20800, stop=21168, strand=+, frame=1, truncated=no, start-type=ATG, RBS-motif=GGAGG
13:30:54.402 - INFO - CDS - contig=contig_13, start=21340, stop=21474, strand=-, frame=3, truncated=no, start-type=ATG, RBS-motif=AGGAGG
13:30:54.402 - INFO - CDS - contig=contig_13, start=21781, stop=22455, strand=+, frame=1, truncated=no, start-type=ATG, RBS-motif=GGAGG
13:30:54.402 - INFO - CDS - contig=contig_13, start=22443, stop=23723, strand=+, frame=3, truncated=no, start-type=ATG, RBS-motif=GGA/GAG/AGG
13:30:54.402 - INFO - CDS - contig=contig_13, start=23835, stop=24869, strand=+, frame=3, truncated=no, start-type=ATG, RBS-motif=AGGAGG
13:30:54.402 - INFO - CDS - contig=contig_13, start=24872, stop=26038, strand=+, frame=2, truncated=no, start-type=ATG, RBS-motif=AGGAG
13:30:54.402 - INFO - CDS - contig=contig_13, start=26287, stop=27174, strand=+, frame=1, truncated=no, start-type=ATG, RBS-motif=GGAG/GAGG
13:30:54.403 - INFO - CDS - contig=contig_13, start=27152, stop=28372, strand=+, frame=2, truncated=no, start-type=ATG, RBS-motif=AGxAGG/AGGxGG
13:30:54.403 - INFO - CDS - contig=contig_13, start=28369, stop=30369, strand=+, frame=1, truncated=no, start-type=ATG, RBS-motif=GGAGG
13:30:54.403 - INFO - CDS - contig=contig_13, start=30990, stop=31280, strand=+, frame=3, truncated=no, start-type=TTG, RBS-motif=GGAGG
13:30:54.403 - INFO - CDS - contig=contig_13, start=31282, stop=32622, strand=+, frame=1, truncated=no, start-type=GTG, RBS-motif=AGxAGG/AGGxGG
13:30:54.403 - INFO - CDS - contig=contig_13, start=32619, stop=32888, strand=+, frame=3, truncated=no, start-type=ATG, RBS-motif=AGGAG
13:30:54.403 - INFO - CDS - contig=contig_13, start=32972, stop=34648, strand=+, frame=2, truncated=no, start-type=TTG, RBS-motif=AGGAG
13:30:54.403 - INFO - CDS - contig=contig_13, start=34761, stop=35981, strand=-, frame=1, truncated=no, start-type=ATG, RBS-motif=AGGAG/GGAGG
13:30:54.403 - INFO - CDS - contig=contig_13, start=36175, stop=38028, strand=+, frame=1, truncated=no, start-type=ATG, RBS-motif=GGAG/GAGG
13:30:54.403 - INFO - CDS - contig=contig_13, start=38054, stop=38728, strand=+, frame=2, truncated=no, start-type=ATG, RBS-motif=AGGAG
13:30:54.403 - INFO - CDS - contig=contig_13, start=38863, stop=39201, strand=-, frame=3, truncated=no, start-type=ATG, RBS-motif=AGGAGG
13:30:54.403 - INFO - CDS - contig=contig_13, start=39329, stop=40264, strand=+, frame=2, truncated=no, start-type=ATG, RBS-motif=AGGAGG
13:30:54.403 - INFO - CDS - contig=contig_13, start=40391, stop=41113, strand=+, frame=2, truncated=no, start-type=GTG, RBS-motif=AGxAGG/AGGxGG
13:30:54.403 - INFO - CDS - contig=contig_13, start=41463, stop=42632, strand=-, frame=1, truncated=no, start-type=ATG, RBS-motif=AGGA
13:30:54.403 - INFO - CDS - contig=contig_13, start=43247, stop=43741, strand=-, frame=2, truncated=no, start-type=TTG, RBS-motif=AGGAGG
13:30:54.403 - INFO - CDS - contig=contig_13, start=43912, stop=44058, strand=+, frame=1, truncated=no, start-type=ATG, RBS-motif=AGGAGG
13:30:54.403 - INFO - CDS - contig=contig_13, start=44216, stop=44515, strand=+, frame=2, truncated=no, start-type=ATG, RBS-motif=AGGAGG
13:30:54.403 - INFO - CDS - contig=contig_13, start=44503, stop=44733, strand=+, frame=1, truncated=no, start-type=ATG, RBS-motif=AGGAGG
13:30:54.404 - INFO - CDS - contig=contig_13, start=44730, stop=44948, strand=+, frame=3, truncated=no, start-type=GTG, RBS-motif=AGGAGG
13:30:54.404 - INFO - CDS - contig=contig_13, start=45370, stop=45855, strand=+, frame=1, truncated=no, start-type=GTG, RBS-motif=GGAGG
13:30:54.404 - INFO - CDS - contig=contig_13, start=45868, stop=46497, strand=+, frame=1, truncated=no, start-type=ATG, RBS-motif=AGxAGG/AGGxGG
13:30:54.404 - INFO - CDS - contig=contig_13, start=46670, stop=47296, strand=+, frame=2, truncated=no, start-type=ATG, RBS-motif=GGAG/GAGG
13:30:54.404 - INFO - CDS - contig=contig_13, start=47448, stop=47696, strand=+, frame=3, truncated=no, start-type=ATG, RBS-motif=AGxAGG/AGGxGG
13:30:54.404 - INFO - CDS - contig=contig_13, start=48350, stop=49390, strand=+, frame=2, truncated=no, start-type=ATG, RBS-motif=GGAGG
13:30:54.404 - INFO - CDS - contig=contig_13, start=49662, stop=51080, strand=+, frame=3, truncated=no, start-type=ATG, RBS-motif=AGGAGG
13:30:54.404 - INFO - CDS - contig=contig_13, start=51147, stop=51758, strand=+, frame=3, truncated=no, start-type=ATG, RBS-motif=GGA/GAG/AGG
13:30:54.404 - INFO - CDS - contig=contig_13, start=51801, stop=53225, strand=+, frame=3, truncated=no, start-type=ATG, RBS-motif=AGxAGG/AGGxGG
13:30:54.404 - INFO - CDS - contig=contig_13, start=53372, stop=55204, strand=+, frame=2, truncated=no, start-type=ATG, RBS-motif=AGGAG
13:30:54.404 - INFO - CDS - contig=contig_13, start=55206, stop=56852, strand=+, frame=3, truncated=no, start-type=ATG, RBS-motif=AGGAGG
13:30:54.404 - INFO - CDS - contig=contig_13, start=56944, stop=57816, strand=-, frame=3, truncated=no, start-type=TTG, RBS-motif=GGAG/GAGG
13:30:54.404 - INFO - CDS - contig=contig_13, start=57832, stop=58689, strand=-, frame=3, truncated=no, start-type=ATG, RBS-motif=GGAGG
13:30:54.404 - INFO - CDS - contig=contig_13, start=58686, stop=60344, strand=-, frame=1, truncated=no, start-type=ATG, RBS-motif=AGGAG/GGAGG
13:30:54.404 - INFO - CDS - contig=contig_13, start=60362, stop=60619, strand=-, frame=2, truncated=no, start-type=ATG, RBS-motif=GGAG/GAGG
13:30:54.404 - INFO - CDS - contig=contig_13, start=60630, stop=61037, strand=-, frame=1, truncated=no, start-type=ATG, RBS-motif=AGGAGG
13:30:54.404 - INFO - CDS - contig=contig_13, start=61054, stop=61851, strand=-, frame=3, truncated=no, start-type=ATG, RBS-motif=AGGAGG
13:30:54.404 - INFO - CDS - contig=contig_13, start=61864, stop=62715, strand=-, frame=3, truncated=no, start-type=ATG, RBS-motif=AGGAGG
13:30:54.405 - INFO - CDS - contig=contig_13, start=62819, stop=63904, strand=-, frame=2, truncated=no, start-type=ATG, RBS-motif=AGGAG
13:30:54.405 - INFO - CDS - contig=contig_13, start=63981, stop=64829, strand=-, frame=1, truncated=no, start-type=ATG, RBS-motif=AGGAGG
13:30:54.405 - INFO - CDS - contig=contig_13, start=64822, stop=65592, strand=-, frame=3, truncated=no, start-type=ATG, RBS-motif=AGGAG
13:30:54.405 - INFO - CDS - contig=contig_13, start=65619, stop=66110, strand=-, frame=1, truncated=no, start-type=ATG, RBS-motif=AGGAG
13:30:54.405 - INFO - CDS - contig=contig_13, start=66164, stop=66886, strand=-, frame=2, truncated=no, start-type=ATG, RBS-motif=AGGAGG
13:30:54.405 - INFO - CDS - contig=contig_13, start=66916, stop=68277, strand=-, frame=3, truncated=no, start-type=ATG, RBS-motif=AGGAGG
13:30:54.405 - INFO - CDS - contig=contig_13, start=68556, stop=69779, strand=+, frame=3, truncated=no, start-type=GTG, RBS-motif=AGGAGG
13:30:54.405 - INFO - CDS - contig=contig_13, start=1565, stop=1939, strand=-, nt=[ATGAAGGTCA..GGGAGACTGA]
13:30:54.405 - INFO - CDS - contig=contig_13, start=2109, stop=3989, strand=-, nt=[ATGAAGAAAC..GGCCCAGTGA]
13:30:54.405 - INFO - CDS - contig=contig_13, start=4005, stop=5225, strand=-, nt=[ATGAACTTCG..ATACGATTGA]
13:30:54.405 - INFO - CDS - contig=contig_13, start=5222, stop=5998, strand=-, nt=[ATGGAACACC..GGGGGAATGA]
13:30:54.405 - INFO - CDS - contig=contig_13, start=6002, stop=7705, strand=-, nt=[ATGGCCGACC..GGGGATGTAA]
13:30:54.405 - INFO - CDS - contig=contig_13, start=7958, stop=8683, strand=+, nt=[ATGAAACGAA..CCTGCCCTGA]
13:30:54.405 - INFO - CDS - contig=contig_13, start=8903, stop=9145, strand=+, nt=[ATGAGCACAG..GGAGAGATAA]
13:30:54.405 - INFO - CDS - contig=contig_13, start=9329, stop=9856, strand=+, nt=[ATGCGCAAAT..TGTGCTGTAA]
13:30:54.405 - INFO - CDS - contig=contig_13, start=9884, stop=10753, strand=+, nt=[ATGAAAGTCC..AATATTATAA]
13:30:54.405 - INFO - CDS - contig=contig_13, start=10948, stop=11244, strand=+, nt=[ATGGCAAAAC..GGACGAGTAA]
13:30:54.405 - INFO - CDS - contig=contig_13, start=11257, stop=11730, strand=+, nt=[ATGCTCAATC..GCCGTTCTGA]
13:30:54.405 - INFO - CDS - contig=contig_13, start=11769, stop=12014, strand=+, nt=[ATGCCTATGG..GACCGACTGA]
13:30:54.405 - INFO - CDS - contig=contig_13, start=12107, stop=13435, strand=-, nt=[GTGCAGCATT..CGACCGGTAA]
13:30:54.405 - INFO - CDS - contig=contig_13, start=13447, stop=13866, strand=-, nt=[ATGGAAGCAG..CAAAATTTGA]
13:30:54.405 - INFO - CDS - contig=contig_13, start=13869, stop=14213, strand=-, nt=[ATGAAGCTTT..AGATGTTTGA]
13:30:54.405 - INFO - CDS - contig=contig_13, start=14433, stop=15518, strand=+, nt=[ATGGGAGATC..CAACGGTTAA]
13:30:54.406 - INFO - CDS - contig=contig_13, start=15531, stop=16700, strand=+, nt=[ATGTTTCGCA..GACCCACTGA]
13:30:54.406 - INFO - CDS - contig=contig_13, start=16740, stop=18653, strand=+, nt=[ATGAAAAGAC..GACAAAATAA]
13:30:54.406 - INFO - CDS - contig=contig_13, start=18809, stop=19183, strand=+, nt=[ATGGATATCA..GGAGGAATAA]
13:30:54.406 - INFO - CDS - contig=contig_13, start=19191, stop=20030, strand=+, nt=[ATGAAATACG..CAGGACATGA]
13:30:54.406 - INFO - CDS - contig=contig_13, start=20027, stop=20638, strand=+, nt=[ATGACCGGCT..GGAGCTTTGA]
13:30:54.406 - INFO - CDS - contig=contig_13, start=20800, stop=21168, strand=+, nt=[ATGGAAAAGT..TTACGCCTGA]
13:30:54.406 - INFO - CDS - contig=contig_13, start=21340, stop=21474, strand=-, nt=[ATGACGTTCA..TTCTATATAA]
13:30:54.406 - INFO - CDS - contig=contig_13, start=21781, stop=22455, strand=+, nt=[ATGGCATACA..GAAAAAATAA]
13:30:54.406 - INFO - CDS - contig=contig_13, start=22443, stop=23723, strand=+, nt=[ATGGAAAAAA..CAAGCAATAA]
13:30:54.406 - INFO - CDS - contig=contig_13, start=23835, stop=24869, strand=+, nt=[ATGCGAAAAC..GGAGAGCTGA]
13:30:54.406 - INFO - CDS - contig=contig_13, start=24872, stop=26038, strand=+, nt=[ATGAAAAAGA..TGGAGCGTAA]
13:30:54.406 - INFO - CDS - contig=contig_13, start=26287, stop=27174, strand=+, nt=[ATGGAAATCA..TACGGTATGA]
13:30:54.406 - INFO - CDS - contig=contig_13, start=27152, stop=28372, strand=+, nt=[ATGATACGTC..GGCAAAATGA]
13:30:54.406 - INFO - CDS - contig=contig_13, start=28369, stop=30369, strand=+, nt=[ATGAGCGTTT..TGAACCGTGA]
13:30:54.406 - INFO - CDS - contig=contig_13, start=30990, stop=31280, strand=+, nt=[TTGAGTACGC..GGTGGCCTGA]
13:30:54.406 - INFO - CDS - contig=contig_13, start=31282, stop=32622, strand=+, nt=[GTGGCAACCA..AAGCAGATGA]
13:30:54.406 - INFO - CDS - contig=contig_13, start=32619, stop=32888, strand=+, nt=[ATGAATATTA..CACACTGTAA]
13:30:54.406 - INFO - CDS - contig=contig_13, start=32972, stop=34648, strand=+, nt=[TTGAAGAAAA..GACGGCATAG]
13:30:54.406 - INFO - CDS - contig=contig_13, start=34761, stop=35981, strand=-, nt=[ATGAACAATA..GGGCGGCTGA]
13:30:54.406 - INFO - CDS - contig=contig_13, start=36175, stop=38028, strand=+, nt=[ATGGAAGAGA..GGGCGTCTGA]
13:30:54.406 - INFO - CDS - contig=contig_13, start=38054, stop=38728, strand=+, nt=[ATGTTTCAGG..CCCGAGATAA]
13:30:54.406 - INFO - CDS - contig=contig_13, start=38863, stop=39201, strand=-, nt=[ATGAGAAAAA..CACAGATTGA]
13:30:54.406 - INFO - CDS - contig=contig_13, start=39329, stop=40264, strand=+, nt=[ATGCACTACA..CCACTTATAA]
13:30:54.406 - INFO - CDS - contig=contig_13, start=40391, stop=41113, strand=+, nt=[GTGAAAGGGA..CTGGCCGTAA]
13:30:54.406 - INFO - CDS - contig=contig_13, start=41463, stop=42632, strand=-, nt=[ATGCCCAGAA..GGGCCTCTGA]
13:30:54.406 - INFO - CDS - contig=contig_13, start=43247, stop=43741, strand=-, nt=[TTGAATGAGC..CGCAGGCTGA]
13:30:54.406 - INFO - CDS - contig=contig_13, start=43912, stop=44058, strand=+, nt=[ATGACCGAGA..GGGACAGTGA]
13:30:54.406 - INFO - CDS - contig=contig_13, start=44216, stop=44515, strand=+, nt=[ATGGACTTTG..TTCTATGTAA]
13:30:54.406 - INFO - CDS - contig=contig_13, start=44503, stop=44733, strand=+, nt=[ATGTTCTATG..AATGCCGTGA]
13:30:54.406 - INFO - CDS - contig=contig_13, start=44730, stop=44948, strand=+, nt=[GTGAGCGGAA..GGAGATATGA]
13:30:54.406 - INFO - CDS - contig=contig_13, start=45370, stop=45855, strand=+, nt=[GTGAATTATC..GGAAGCGTAG]
13:30:54.407 - INFO - CDS - contig=contig_13, start=45868, stop=46497, strand=+, nt=[ATGAGCAGCA..GGAAGACTGA]
13:30:54.407 - INFO - CDS - contig=contig_13, start=46670, stop=47296, strand=+, nt=[ATGACCACGG..TGACAACTGA]
13:30:54.407 - INFO - CDS - contig=contig_13, start=47448, stop=47696, strand=+, nt=[ATGCCGTTGA..TGGGGGGTGA]
13:30:54.407 - INFO - CDS - contig=contig_13, start=48350, stop=49390, strand=+, nt=[ATGGCACGGC..CAACTGGTGA]
13:30:54.407 - INFO - CDS - contig=contig_13, start=49662, stop=51080, strand=+, nt=[ATGAAAAAGC..CGCGGGCTGA]
13:30:54.407 - INFO - CDS - contig=contig_13, start=51147, stop=51758, strand=+, nt=[ATGATCAAAA..AAAACCCTGA]
13:30:54.407 - INFO - CDS - contig=contig_13, start=51801, stop=53225, strand=+, nt=[ATGGTTATGA..CGCCGCCTGA]
13:30:54.407 - INFO - CDS - contig=contig_13, start=53372, stop=55204, strand=+, nt=[ATGAACGAGA..AGGTAACTGA]
13:30:54.407 - INFO - CDS - contig=contig_13, start=55206, stop=56852, strand=+, nt=[ATGCCGAAAA..CATCCAATAA]
13:30:54.407 - INFO - CDS - contig=contig_13, start=56944, stop=57816, strand=-, nt=[TTGAAGCTGC..GTCCCCTTGA]
13:30:54.407 - INFO - CDS - contig=contig_13, start=57832, stop=58689, strand=-, nt=[ATGAGCGAAA..AGAAAACTGA]
13:30:54.407 - INFO - CDS - contig=contig_13, start=58686, stop=60344, strand=-, nt=[ATGAAAACAC..GAGAGCATGA]
13:30:54.407 - INFO - CDS - contig=contig_13, start=60362, stop=60619, strand=-, nt=[ATGAAATCAT..GAACCTTTGA]
13:30:54.407 - INFO - CDS - contig=contig_13, start=60630, stop=61037, strand=-, nt=[ATGACAGAAA..TGAAGAGTGA]
13:30:54.407 - INFO - CDS - contig=contig_13, start=61054, stop=61851, strand=-, nt=[ATGTTGACAC..CCGCTTTTGA]
13:30:54.407 - INFO - CDS - contig=contig_13, start=61864, stop=62715, strand=-, nt=[ATGTTAGTAC..CCGCTTATAA]
13:30:54.407 - INFO - CDS - contig=contig_13, start=62819, stop=63904, strand=-, nt=[ATGAAAATTT..ATTTTTCTAA]
13:30:54.407 - INFO - CDS - contig=contig_13, start=63981, stop=64829, strand=-, nt=[ATGGCTGAGA..CCTGTTCTGA]
13:30:54.407 - INFO - CDS - contig=contig_13, start=64822, stop=65592, strand=-, nt=[ATGGGAATCA..CAATGGCTGA]
13:30:54.407 - INFO - CDS - contig=contig_13, start=65619, stop=66110, strand=-, nt=[ATGGCAAGTT..TGGATTCTAA]
13:30:54.407 - INFO - CDS - contig=contig_13, start=66164, stop=66886, strand=-, nt=[ATGAAAATAC..CATTCAATAA]
13:30:54.407 - INFO - CDS - contig=contig_13, start=66916, stop=68277, strand=-, nt=[ATGGAACAGC..CAAAAAGTGA]
13:30:54.407 - INFO - CDS - contig=contig_13, start=68556, stop=69779, strand=+, nt=[GTGAGAATTG..GAGCCTGTGA]
13:30:54.407 - INFO - CDS - contig=contig_14, start=72, stop=584, strand=-, frame=2, truncated=no, start-type=ATG, RBS-motif=AGGAG
13:30:54.407 - INFO - CDS - contig=contig_14, start=734, stop=1564, strand=+, frame=2, truncated=no, start-type=ATG, RBS-motif=GGA/GAG/AGG
13:30:54.408 - INFO - CDS - contig=contig_14, start=1561, stop=2037, strand=+, frame=1, truncated=no, start-type=ATG, RBS-motif=AGxAGG/AGGxGG
13:30:54.408 - INFO - CDS - contig=contig_14, start=2080, stop=2643, strand=+, frame=1, truncated=no, start-type=ATG, RBS-motif=AGGAG
13:30:54.408 - INFO - CDS - contig=contig_14, start=2656, stop=3255, strand=+, frame=1, truncated=no, start-type=ATG, RBS-motif=GGAG/GAGG
13:30:54.408 - INFO - CDS - contig=contig_14, start=3264, stop=3875, strand=+, frame=3, truncated=no, start-type=ATG, RBS-motif=GGA/GAG/AGG
13:30:54.408 - INFO - CDS - contig=contig_14, start=3889, stop=4716, strand=+, frame=1, truncated=no, start-type=ATG, RBS-motif=AGGAGG
13:30:54.408 - INFO - CDS - contig=contig_14, start=4719, stop=5531, strand=-, frame=2, truncated=no, start-type=ATG, RBS-motif=AGGAG
13:30:54.408 - INFO - CDS - contig=contig_14, start=5748, stop=6164, strand=+, frame=3, truncated=no, start-type=ATG, RBS-motif=GGAGG
13:30:54.408 - INFO - CDS - contig=contig_14, start=6275, stop=7069, strand=+, frame=2, truncated=no, start-type=ATG, RBS-motif=AGGAG
13:30:54.408 - INFO - CDS - contig=contig_14, start=7275, stop=8972, strand=+, frame=3, truncated=no, start-type=ATG, RBS-motif=AGGAG
13:30:54.408 - INFO - CDS - contig=contig_14, start=8978, stop=9874, strand=+, frame=2, truncated=no, start-type=ATG, RBS-motif=GGAGG
13:30:54.408 - INFO - CDS - contig=contig_14, start=9891, stop=10856, strand=+, frame=3, truncated=no, start-type=ATG, RBS-motif=AGxAGG/AGGxGG
13:30:54.408 - INFO - CDS - contig=contig_14, start=11013, stop=11204, strand=+, frame=3, truncated=no, start-type=ATG, RBS-motif=AGGAG
13:30:54.408 - INFO - CDS - contig=contig_14, start=11283, stop=12452, strand=-, frame=2, truncated=no, start-type=ATG, RBS-motif=AGGAGG
13:30:54.408 - INFO - CDS - contig=contig_14, start=12540, stop=13925, strand=-, frame=2, truncated=no, start-type=ATG, RBS-motif=GGAGG
13:30:54.408 - INFO - CDS - contig=contig_14, start=14178, stop=14708, strand=+, frame=3, truncated=no, start-type=ATG, RBS-motif=AGGAG
13:30:54.408 - INFO - CDS - contig=contig_14, start=14792, stop=15958, strand=+, frame=2, truncated=no, start-type=ATG, RBS-motif=AGGAG
13:30:54.408 - INFO - CDS - contig=contig_14, start=15998, stop=17026, strand=+, frame=2, truncated=no, start-type=ATG, RBS-motif=AGGAG/GGAGG
13:30:54.409 - INFO - CDS - contig=contig_14, start=17237, stop=18529, strand=+, frame=2, truncated=no, start-type=GTG, RBS-motif=AGxAGG/AGGxGG
13:30:54.409 - INFO - CDS - contig=contig_14, start=18624, stop=18938, strand=-, frame=2, truncated=no, start-type=TTG, RBS-motif=None
13:30:54.409 - INFO - CDS - contig=contig_14, start=19131, stop=20885, strand=-, frame=2, truncated=no, start-type=ATG, RBS-motif=AGGAG
13:30:54.409 - INFO - CDS - contig=contig_14, start=20882, stop=21340, strand=-, frame=3, truncated=no, start-type=ATG, RBS-motif=GGAG/GAGG
13:30:54.409 - INFO - CDS - contig=contig_14, start=21349, stop=21591, strand=-, frame=1, truncated=no, start-type=ATG, RBS-motif=GGA/GAG/AGG
13:30:54.409 - INFO - CDS - contig=contig_14, start=21834, stop=22412, strand=+, frame=3, truncated=no, start-type=ATG, RBS-motif=GGAG/GAGG
13:30:54.409 - INFO - CDS - contig=contig_14, start=22409, stop=22936, strand=+, frame=2, truncated=no, start-type=ATG, RBS-motif=GGAGG
13:30:54.409 - INFO - CDS - contig=contig_14, start=22975, stop=23400, strand=-, frame=1, truncated=no, start-type=ATG, RBS-motif=AGGAGG
13:30:54.409 - INFO - CDS - contig=contig_14, start=23711, stop=24727, strand=+, frame=2, truncated=no, start-type=ATG, RBS-motif=AGGAG
13:30:54.409 - INFO - CDS - contig=contig_14, start=24729, stop=25586, strand=+, frame=3, truncated=no, start-type=ATG, RBS-motif=GGA/GAG/AGG
13:30:54.409 - INFO - CDS - contig=contig_14, start=25628, stop=25870, strand=-, frame=3, truncated=no, start-type=ATG, RBS-motif=GGAG/GAGG
13:30:54.409 - INFO - CDS - contig=contig_14, start=26000, stop=26410, strand=+, frame=2, truncated=no, start-type=ATG, RBS-motif=AGGA
13:30:54.409 - INFO - CDS - contig=contig_14, start=26477, stop=27565, strand=-, frame=3, truncated=no, start-type=GTG, RBS-motif=AGGAG
13:30:54.409 - INFO - CDS - contig=contig_14, start=27670, stop=27957, strand=-, frame=1, truncated=no, start-type=ATG, RBS-motif=AGGAGG
13:30:54.409 - INFO - CDS - contig=contig_14, start=28084, stop=29124, strand=+, frame=1, truncated=no, start-type=ATG, RBS-motif=AGGA
13:30:54.409 - INFO - CDS - contig=contig_14, start=29128, stop=29874, strand=+, frame=1, truncated=no, start-type=ATG, RBS-motif=None
13:30:54.409 - INFO - CDS - contig=contig_14, start=29871, stop=30419, strand=+, frame=3, truncated=no, start-type=ATG, RBS-motif=AGGAGG
13:30:54.410 - INFO - CDS - contig=contig_14, start=30463, stop=31836, strand=-, frame=1, truncated=no, start-type=ATG, RBS-motif=GGAGG
13:30:54.410 - INFO - CDS - contig=contig_14, start=31850, stop=32794, strand=-, frame=3, truncated=no, start-type=TTG, RBS-motif=AGGAG
13:30:54.410 - INFO - CDS - contig=contig_14, start=32849, stop=33754, strand=-, frame=3, truncated=no, start-type=ATG, RBS-motif=GGA/GAG/AGG
13:30:54.410 - INFO - CDS - contig=contig_14, start=33747, stop=34700, strand=-, frame=2, truncated=no, start-type=ATG, RBS-motif=AGGAGG
13:30:54.410 - INFO - CDS - contig=contig_14, start=34713, stop=35051, strand=-, frame=2, truncated=no, start-type=ATG, RBS-motif=GGAG/GAGG
13:30:54.410 - INFO - CDS - contig=contig_14, start=35086, stop=35304, strand=-, frame=1, truncated=no, start-type=ATG, RBS-motif=AGxAGG/AGGxGG
13:30:54.410 - INFO - CDS - contig=contig_14, start=35376, stop=35534, strand=+, frame=3, truncated=no, start-type=ATG, RBS-motif=GGAG/GAGG
13:30:54.410 - INFO - CDS - contig=contig_14, start=35573, stop=37936, strand=-, frame=3, truncated=no, start-type=TTG, RBS-motif=GGAGG
13:30:54.410 - INFO - CDS - contig=contig_14, start=38044, stop=38505, strand=-, frame=1, truncated=no, start-type=ATG, RBS-motif=GGA/GAG/AGG
13:30:54.410 - INFO - CDS - contig=contig_14, start=38498, stop=38773, strand=-, frame=3, truncated=no, start-type=ATG, RBS-motif=AGxAGG/AGGxGG
13:30:54.410 - INFO - CDS - contig=contig_14, start=38792, stop=39961, strand=-, frame=3, truncated=no, start-type=ATG, RBS-motif=AGGAG
13:30:54.410 - INFO - CDS - contig=contig_14, start=39983, stop=40438, strand=-, frame=3, truncated=no, start-type=ATG, RBS-motif=GGAG/GAGG
13:30:54.410 - INFO - CDS - contig=contig_14, start=40735, stop=43434, strand=+, frame=1, truncated=no, start-type=ATG, RBS-motif=AGGAG
13:30:54.410 - INFO - CDS - contig=contig_14, start=43509, stop=45587, strand=-, frame=2, truncated=no, start-type=ATG, RBS-motif=AGGAG
13:30:54.410 - INFO - CDS - contig=contig_14, start=45782, stop=46492, strand=-, frame=3, truncated=no, start-type=GTG, RBS-motif=AGGA/GGAG/GAGG
13:30:54.411 - INFO - CDS - contig=contig_14, start=46538, stop=47191, strand=-, frame=3, truncated=no, start-type=ATG, RBS-motif=AGGAG
13:30:54.411 - INFO - CDS - contig=contig_14, start=47188, stop=47856, strand=-, frame=1, truncated=no, start-type=ATG, RBS-motif=AGGAG/GGAGG
13:30:54.411 - INFO - CDS - contig=contig_14, start=47893, stop=48417, strand=-, frame=1, truncated=no, start-type=ATG, RBS-motif=AGGA
13:30:54.411 - INFO - CDS - contig=contig_14, start=48762, stop=50459, strand=+, frame=3, truncated=no, start-type=ATG, RBS-motif=GGA/GAG/AGG
13:30:54.411 - INFO - CDS - contig=contig_14, start=50635, stop=51714, strand=+, frame=1, truncated=no, start-type=ATG, RBS-motif=AGGAG
13:30:54.411 - INFO - CDS - contig=contig_14, start=51797, stop=52279, strand=+, frame=2, truncated=no, start-type=ATG, RBS-motif=GGAGG
13:30:54.411 - INFO - CDS - contig=contig_14, start=52295, stop=53569, strand=+, frame=2, truncated=no, start-type=ATG, RBS-motif=AGGAGG
13:30:54.411 - INFO - CDS - contig=contig_14, start=53624, stop=54805, strand=+, frame=2, truncated=no, start-type=ATG, RBS-motif=GGAGG
13:30:54.411 - INFO - CDS - contig=contig_14, start=54821, stop=56026, strand=+, frame=2, truncated=no, start-type=ATG, RBS-motif=AGxAGG/AGGxGG
13:30:54.411 - INFO - CDS - contig=contig_14, start=56263, stop=57339, strand=-, frame=1, truncated=no, start-type=ATG, RBS-motif=AGGAGG
13:30:54.411 - INFO - CDS - contig=contig_14, start=57365, stop=57952, strand=-, frame=3, truncated=no, start-type=ATG, RBS-motif=AGGAGG
13:30:54.411 - INFO - CDS - contig=contig_14, start=58077, stop=59060, strand=-, frame=2, truncated=no, start-type=GTG, RBS-motif=AGGAG
13:30:54.411 - INFO - CDS - contig=contig_14, start=59227, stop=61587, strand=+, frame=1, truncated=no, start-type=ATG, RBS-motif=AGGAGG
13:30:54.411 - INFO - CDS - contig=contig_14, start=61584, stop=62783, strand=-, frame=2, truncated=no, start-type=ATG, RBS-motif=GGAGG
13:30:54.411 - INFO - CDS - contig=contig_14, start=63053, stop=64102, strand=+, frame=2, truncated=no, start-type=ATG, RBS-motif=AGxAGG/AGGxGG
13:30:54.412 - INFO - CDS - contig=contig_14, start=64248, stop=65315, strand=+, frame=3, truncated=no, start-type=ATG, RBS-motif=AGGAGG
13:30:54.412 - INFO - CDS - contig=contig_14, start=72, stop=584, strand=-, nt=[ATGCTGGATA..GACACTGTAA]
13:30:54.412 - INFO - CDS - contig=contig_14, start=734, stop=1564, strand=+, nt=[ATGAGCCGTG..GGCGGTATGA]
13:30:54.412 - INFO - CDS - contig=contig_14, start=1561, stop=2037, strand=+, nt=[ATGAAGGCCA..GCGGAGATGA]
13:30:54.412 - INFO - CDS - contig=contig_14, start=2080, stop=2643, strand=+, nt=[ATGTACATTG..GCTGGGATAA]
13:30:54.412 - INFO - CDS - contig=contig_14, start=2656, stop=3255, strand=+, nt=[ATGACCTATG..GGCGCTGTGA]
13:30:54.412 - INFO - CDS - contig=contig_14, start=3264, stop=3875, strand=+, nt=[ATGGAGCGGC..TCATCTGTAA]
13:30:54.412 - INFO - CDS - contig=contig_14, start=3889, stop=4716, strand=+, nt=[ATGGCCGGAA..GGTGAAATAG]
13:30:54.412 - INFO - CDS - contig=contig_14, start=4719, stop=5531, strand=-, nt=[ATGGATCCAC..AAAATACTGA]
13:30:54.412 - INFO - CDS - contig=contig_14, start=5748, stop=6164, strand=+, nt=[ATGCGTTTAG..GAGCGCGTGA]
13:30:54.412 - INFO - CDS - contig=contig_14, start=6275, stop=7069, strand=+, nt=[ATGCCGGCTA..GAAGGAATGA]
13:30:54.412 - INFO - CDS - contig=contig_14, start=7275, stop=8972, strand=+, nt=[ATGAAAATGA..GGAGGAGTGA]
13:30:54.412 - INFO - CDS - contig=contig_14, start=8978, stop=9874, strand=+, nt=[ATGAAAGATT..GGAAGACTAA]
13:30:54.412 - INFO - CDS - contig=contig_14, start=9891, stop=10856, strand=+, nt=[ATGAAGATCG..GAACCTGTAA]
13:30:54.412 - INFO - CDS - contig=contig_14, start=11013, stop=11204, strand=+, nt=[ATGAGCAACA..CATGAAGTAA]
13:30:54.412 - INFO - CDS - contig=contig_14, start=11283, stop=12452, strand=-, nt=[ATGACATATG..TCTGGGCTGA]
13:30:54.412 - INFO - CDS - contig=contig_14, start=12540, stop=13925, strand=-, nt=[ATGGAATTCG..CGTACTGTAA]
13:30:54.412 - INFO - CDS - contig=contig_14, start=14178, stop=14708, strand=+, nt=[ATGACCAATA..CTTTTGCTGA]
13:30:54.412 - INFO - CDS - contig=contig_14, start=14792, stop=15958, strand=+, nt=[ATGGAACACT..CCTGCTCTGA]
13:30:54.412 - INFO - CDS - contig=contig_14, start=15998, stop=17026, strand=+, nt=[ATGGAGAAAA..ATTCAACTGA]
13:30:54.412 - INFO - CDS - contig=contig_14, start=17237, stop=18529, strand=+, nt=[GTGTGTTTCA..CGCGGCGTAA]
13:30:54.412 - INFO - CDS - contig=contig_14, start=18624, stop=18938, strand=-, nt=[TTGATCTACC..ACTGTTCTGA]
13:30:54.412 - INFO - CDS - contig=contig_14, start=19131, stop=20885, strand=-, nt=[ATGACCGACA..GAAGATGTAA]
13:30:54.412 - INFO - CDS - contig=contig_14, start=20882, stop=21340, strand=-, nt=[ATGTCCGAAA..TTTTCTATGA]
13:30:54.412 - INFO - CDS - contig=contig_14, start=21349, stop=21591, strand=-, nt=[ATGAAATCTA..GGGCCGCTGA]
13:30:54.412 - INFO - CDS - contig=contig_14, start=21834, stop=22412, strand=+, nt=[ATGTCGGTGA..GAAAAAATGA]
13:30:54.412 - INFO - CDS - contig=contig_14, start=22409, stop=22936, strand=+, nt=[ATGACGCAGC..TGGTGCATAG]
13:30:54.412 - INFO - CDS - contig=contig_14, start=22975, stop=23400, strand=-, nt=[ATGAAAATTT..CGGCTGCTGA]
13:30:54.412 - INFO - CDS - contig=contig_14, start=23711, stop=24727, strand=+, nt=[ATGGTTGTTA..AGAGATTTGA]
13:30:54.412 - INFO - CDS - contig=contig_14, start=24729, stop=25586, strand=+, nt=[ATGAAAAAGA..GCTCCATTAA]
13:30:54.413 - INFO - CDS - contig=contig_14, start=25628, stop=25870, strand=-, nt=[ATGAGCGTCA..GATAAAATAA]
13:30:54.413 - INFO - CDS - contig=contig_14, start=26000, stop=26410, strand=+, nt=[ATGGCAGAGA..TTATGTATAA]
13:30:54.413 - INFO - CDS - contig=contig_14, start=26477, stop=27565, strand=-, nt=[GTGGCCAAGC..GGCGGACTGA]
13:30:54.413 - INFO - CDS - contig=contig_14, start=27670, stop=27957, strand=-, nt=[ATGGCAAGGC..GAGCTCCTGA]
13:30:54.413 - INFO - CDS - contig=contig_14, start=28084, stop=29124, strand=+, nt=[ATGCGATATA..CAAAAAGTAA]
13:30:54.413 - INFO - CDS - contig=contig_14, start=29128, stop=29874, strand=+, nt=[ATGAAGAAAA..ACGGGGATGA]
13:30:54.413 - INFO - CDS - contig=contig_14, start=29871, stop=30419, strand=+, nt=[ATGAAGGTAG..GGAGCTGTAA]
13:30:54.413 - INFO - CDS - contig=contig_14, start=30463, stop=31836, strand=-, nt=[ATGCCCCAGA..ACAGGCATAA]
13:30:54.413 - INFO - CDS - contig=contig_14, start=31850, stop=32794, strand=-, nt=[TTGGAAAACA..TACGTCTTAA]
13:30:54.413 - INFO - CDS - contig=contig_14, start=32849, stop=33754, strand=-, nt=[ATGGCTAACG..CGAGGTGTGA]
13:30:54.413 - INFO - CDS - contig=contig_14, start=33747, stop=34700, strand=-, nt=[ATGGACGTCA..AAATGGCTAA]
13:30:54.413 - INFO - CDS - contig=contig_14, start=34713, stop=35051, strand=-, nt=[ATGTCCGCCA..GGACAAATAA]
13:30:54.413 - INFO - CDS - contig=contig_14, start=35086, stop=35304, strand=-, nt=[ATGCTAAATA..CATCAAATAA]
13:30:54.413 - INFO - CDS - contig=contig_14, start=35376, stop=35534, strand=+, nt=[ATGAACTGTC..GACAGATTAA]
13:30:54.413 - INFO - CDS - contig=contig_14, start=35573, stop=37936, strand=-, nt=[TTGCTGAATA..CGAGGTATAA]
13:30:54.413 - INFO - CDS - contig=contig_14, start=38044, stop=38505, strand=-, nt=[ATGGATAACG..GAAGACATGA]
13:30:54.413 - INFO - CDS - contig=contig_14, start=38498, stop=38773, strand=-, nt=[ATGCCAAAAA..CGATGGATAA]
13:30:54.413 - INFO - CDS - contig=contig_14, start=38792, stop=39961, strand=-, nt=[ATGCCGAAGA..TGAGGAATAA]
13:30:54.413 - INFO - CDS - contig=contig_14, start=39983, stop=40438, strand=-, nt=[ATGGCGAAGG..GCGCGTTTGA]
13:30:54.413 - INFO - CDS - contig=contig_14, start=40735, stop=43434, strand=+, nt=[ATGAAACGGA..AAACAGCTGA]
13:30:54.413 - INFO - CDS - contig=contig_14, start=43509, stop=45587, strand=-, nt=[ATGAGCTATT..GGAGGAGTAA]
13:30:54.413 - INFO - CDS - contig=contig_14, start=45782, stop=46492, strand=-, nt=[GTGTTTAGTC..CTCCGTGTAA]
13:30:54.413 - INFO - CDS - contig=contig_14, start=46538, stop=47191, strand=-, nt=[ATGAGCGAAG..CATGGAATGA]
13:30:54.413 - INFO - CDS - contig=contig_14, start=47188, stop=47856, strand=-, nt=[ATGAATAAGA..TTACCAATGA]
13:30:54.413 - INFO - CDS - contig=contig_14, start=47893, stop=48417, strand=-, nt=[ATGGAAACAC..CAACGCCTGA]
13:30:54.413 - INFO - CDS - contig=contig_14, start=48762, stop=50459, strand=+, nt=[ATGAGGAAAA..TTTCAAATGA]
13:30:54.413 - INFO - CDS - contig=contig_14, start=50635, stop=51714, strand=+, nt=[ATGAAAAAGA..CAAGGGCTGA]
13:30:54.414 - INFO - CDS - contig=contig_14, start=51797, stop=52279, strand=+, nt=[ATGTCTAAAC..CGAGGAATAA]
13:30:54.414 - INFO - CDS - contig=contig_14, start=52295, stop=53569, strand=+, nt=[ATGGTACCTA..GGTCGGCTAA]
13:30:54.414 - INFO - CDS - contig=contig_14, start=53624, stop=54805, strand=+, nt=[ATGTTAGAGC..CTATCTCTAA]
13:30:54.414 - INFO - CDS - contig=contig_14, start=54821, stop=56026, strand=+, nt=[ATGGCGGTCA..GAAGGCCTAA]
13:30:54.414 - INFO - CDS - contig=contig_14, start=56263, stop=57339, strand=-, nt=[ATGTCCCGCT..AGAGGATTGA]
13:30:54.414 - INFO - CDS - contig=contig_14, start=57365, stop=57952, strand=-, nt=[ATGACAGAAG..CAAAGATTAA]
13:30:54.414 - INFO - CDS - contig=contig_14, start=58077, stop=59060, strand=-, nt=[GTGAAGATCG..TGAGGAATAA]
13:30:54.414 - INFO - CDS - contig=contig_14, start=59227, stop=61587, strand=+, nt=[ATGGCGACGA..CGCGGATTAA]
13:30:54.414 - INFO - CDS - contig=contig_14, start=61584, stop=62783, strand=-, nt=[ATGGAACGCT..GACCCTTTAA]
13:30:54.414 - INFO - CDS - contig=contig_14, start=63053, stop=64102, strand=+, nt=[ATGTCAGGAG..AGGGGATTGA]
13:30:54.414 - INFO - CDS - contig=contig_14, start=64248, stop=65315, strand=+, nt=[ATGAACAAGA..CCTGCGGTAA]
13:30:54.441 - INFO - CDS - contig=contig_15, start=208, stop=2163, strand=+, frame=1, truncated=no, start-type=GTG, RBS-motif=None
13:30:54.442 - INFO - CDS - contig=contig_15, start=2201, stop=2461, strand=-, frame=1, truncated=no, start-type=ATG, RBS-motif=GGAGG
13:30:54.442 - INFO - CDS - contig=contig_15, start=2700, stop=3242, strand=-, frame=3, truncated=no, start-type=ATG, RBS-motif=AGGAGG
13:30:54.442 - INFO - CDS - contig=contig_15, start=3415, stop=4518, strand=-, frame=2, truncated=no, start-type=TTG, RBS-motif=None
13:30:54.442 - INFO - CDS - contig=contig_15, start=4816, stop=5937, strand=-, frame=2, truncated=no, start-type=ATG, RBS-motif=GGA/GAG/AGG
13:30:54.442 - INFO - CDS - contig=contig_15, start=5928, stop=6680, strand=-, frame=3, truncated=no, start-type=ATG, RBS-motif=GGAG/GAGG
13:30:54.442 - INFO - CDS - contig=contig_15, start=6703, stop=7614, strand=-, frame=2, truncated=no, start-type=ATG, RBS-motif=AGGAG
13:30:54.442 - INFO - CDS - contig=contig_15, start=7656, stop=8588, strand=-, frame=3, truncated=no, start-type=ATG, RBS-motif=AGGAGG
13:30:54.442 - INFO - CDS - contig=contig_15, start=8604, stop=9524, strand=-, frame=3, truncated=no, start-type=TTG, RBS-motif=AGGAG
13:30:54.442 - INFO - CDS - contig=contig_15, start=9638, stop=9958, strand=+, frame=2, truncated=no, start-type=ATG, RBS-motif=GGxGG
13:30:54.442 - INFO - CDS - contig=contig_15, start=10080, stop=11186, strand=+, frame=3, truncated=no, start-type=ATG, RBS-motif=GGAGG
13:30:54.442 - INFO - CDS - contig=contig_15, start=11203, stop=12747, strand=+, frame=1, truncated=no, start-type=ATG, RBS-motif=GGAG/GAGG
13:30:54.442 - INFO - CDS - contig=contig_15, start=12823, stop=14583, strand=-, frame=2, truncated=no, start-type=ATG, RBS-motif=AGGAGG
13:30:54.442 - INFO - CDS - contig=contig_15, start=14597, stop=16399, strand=-, frame=1, truncated=no, start-type=ATG, RBS-motif=AGGAGG
13:30:54.442 - INFO - CDS - contig=contig_15, start=16399, stop=16779, strand=-, frame=2, truncated=no, start-type=ATG, RBS-motif=AGGAG
13:30:54.442 - INFO - CDS - contig=contig_15, start=16795, stop=17370, strand=-, frame=2, truncated=no, start-type=ATG, RBS-motif=GGA/GAG/AGG
13:30:54.442 - INFO - CDS - contig=contig_15, start=17367, stop=17861, strand=-, frame=3, truncated=no, start-type=ATG, RBS-motif=AGGAG/GGAGG
13:30:54.443 - INFO - CDS - contig=contig_15, start=17899, stop=18615, strand=-, frame=2, truncated=no, start-type=ATG, RBS-motif=GGAG/GAGG
13:30:54.443 - INFO - CDS - contig=contig_15, start=18612, stop=18950, strand=-, frame=3, truncated=no, start-type=ATG, RBS-motif=AGGAGG
13:30:54.443 - INFO - CDS - contig=contig_15, start=19193, stop=20566, strand=+, frame=2, truncated=no, start-type=ATG, RBS-motif=GGAGG
13:30:54.443 - INFO - CDS - contig=contig_15, start=20668, stop=21072, strand=+, frame=1, truncated=no, start-type=ATG, RBS-motif=GGA/GAG/AGG
13:30:54.443 - INFO - CDS - contig=contig_15, start=21073, stop=22695, strand=+, frame=1, truncated=no, start-type=ATG, RBS-motif=GGAGG
13:30:54.443 - INFO - CDS - contig=contig_15, start=22775, stop=23464, strand=+, frame=2, truncated=no, start-type=ATG, RBS-motif=AGGA
13:30:54.443 - INFO - CDS - contig=contig_15, start=23565, stop=24488, strand=+, frame=3, truncated=no, start-type=ATG, RBS-motif=GGAG/GAGG
13:30:54.443 - INFO - CDS - contig=contig_15, start=24481, stop=25275, strand=+, frame=1, truncated=no, start-type=ATG, RBS-motif=GGAGG
13:30:54.443 - INFO - CDS - contig=contig_15, start=25276, stop=26037, strand=+, frame=1, truncated=no, start-type=ATG, RBS-motif=AGGAG
13:30:54.443 - INFO - CDS - contig=contig_15, start=26054, stop=26947, strand=+, frame=2, truncated=no, start-type=ATG, RBS-motif=AGGAG
13:30:54.443 - INFO - CDS - contig=contig_15, start=27129, stop=27992, strand=+, frame=3, truncated=no, start-type=ATG, RBS-motif=GGA/GAG/AGG
13:30:54.443 - INFO - CDS - contig=contig_15, start=28007, stop=29395, strand=+, frame=2, truncated=no, start-type=ATG, RBS-motif=AGGAGG
13:30:54.443 - INFO - CDS - contig=contig_15, start=29417, stop=29623, strand=-, frame=1, truncated=no, start-type=GTG, RBS-motif=AGxAGG/AGGxGG
13:30:54.444 - INFO - CDS - contig=contig_15, start=29862, stop=30239, strand=+, frame=3, truncated=no, start-type=ATG, RBS-motif=AGGAG
13:30:54.444 - INFO - CDS - contig=contig_15, start=30317, stop=30892, strand=-, frame=1, truncated=no, start-type=ATG, RBS-motif=GGAG/GAGG
13:30:54.444 - INFO - CDS - contig=contig_15, start=30870, stop=32189, strand=-, frame=3, truncated=no, start-type=ATG, RBS-motif=AGGAG
13:30:54.444 - INFO - CDS - contig=contig_15, start=32192, stop=35125, strand=-, frame=1, truncated=no, start-type=ATG, RBS-motif=GGAG/GAGG
13:30:54.444 - INFO - CDS - contig=contig_15, start=35327, stop=35644, strand=+, frame=2, truncated=no, start-type=GTG, RBS-motif=AGGAGG
13:30:54.444 - INFO - CDS - contig=contig_15, start=35641, stop=36231, strand=+, frame=1, truncated=no, start-type=ATG, RBS-motif=AGxAGG/AGGxGG
13:30:54.444 - INFO - CDS - contig=contig_15, start=36215, stop=37090, strand=+, frame=2, truncated=no, start-type=ATG, RBS-motif=AGxAGG/AGGxGG
13:30:54.444 - INFO - CDS - contig=contig_15, start=37182, stop=37751, strand=+, frame=3, truncated=no, start-type=GTG, RBS-motif=AGxAGG/AGGxGG
13:30:54.444 - INFO - CDS - contig=contig_15, start=37767, stop=37952, strand=+, frame=3, truncated=no, start-type=ATG, RBS-motif=AGGAGG
13:30:54.444 - INFO - CDS - contig=contig_15, start=37966, stop=38217, strand=+, frame=1, truncated=no, start-type=ATG, RBS-motif=AGGAG
13:30:54.444 - INFO - CDS - contig=contig_15, start=38345, stop=39532, strand=+, frame=2, truncated=no, start-type=ATG, RBS-motif=AGGAG
13:30:54.444 - INFO - CDS - contig=contig_15, start=39548, stop=39982, strand=+, frame=2, truncated=no, start-type=ATG, RBS-motif=AGGAG
13:30:54.444 - INFO - CDS - contig=contig_15, start=40120, stop=41079, strand=+, frame=1, truncated=no, start-type=ATG, RBS-motif=AGGAGG
13:30:54.444 - INFO - CDS - contig=contig_15, start=41191, stop=41718, strand=+, frame=1, truncated=no, start-type=GTG, RBS-motif=GGAGG
13:30:54.444 - INFO - CDS - contig=contig_15, start=41715, stop=43214, strand=+, frame=3, truncated=no, start-type=GTG, RBS-motif=GGAGG
13:30:54.444 - INFO - CDS - contig=contig_15, start=43272, stop=44600, strand=-, frame=3, truncated=no, start-type=ATG, RBS-motif=GGAGG
13:30:54.444 - INFO - CDS - contig=contig_15, start=44626, stop=45846, strand=-, frame=2, truncated=no, start-type=ATG, RBS-motif=AGGAGG
13:30:54.444 - INFO - CDS - contig=contig_15, start=46052, stop=46507, strand=-, frame=1, truncated=no, start-type=GTG, RBS-motif=GGA/GAG/AGG
13:30:54.445 - INFO - CDS - contig=contig_15, start=46583, stop=47497, strand=-, frame=1, truncated=no, start-type=ATG, RBS-motif=AGGAGG
13:30:54.445 - INFO - CDS - contig=contig_15, start=47578, stop=48306, strand=-, frame=2, truncated=no, start-type=ATG, RBS-motif=AGGAGG
13:30:54.445 - INFO - CDS - contig=contig_15, start=48497, stop=49291, strand=-, frame=1, truncated=no, start-type=ATG, RBS-motif=GGAG/GAGG
13:30:54.445 - INFO - CDS - contig=contig_15, start=49377, stop=50228, strand=-, frame=3, truncated=no, start-type=ATG, RBS-motif=GGA/GAG/AGG
13:30:54.445 - INFO - CDS - contig=contig_15, start=50306, stop=51199, strand=-, frame=1, truncated=no, start-type=ATG, RBS-motif=GGAGG
13:30:54.445 - INFO - CDS - contig=contig_15, start=51607, stop=52284, strand=+, frame=1, truncated=no, start-type=ATG, RBS-motif=AGxAGG/AGGxGG
13:30:54.445 - INFO - CDS - contig=contig_15, start=52281, stop=53546, strand=+, frame=3, truncated=no, start-type=ATG, RBS-motif=GGAGG
13:30:54.445 - INFO - CDS - contig=contig_15, start=53813, stop=55522, strand=+, frame=2, truncated=no, start-type=GTG, RBS-motif=AGxAGG/AGGxGG
13:30:54.445 - INFO - CDS - contig=contig_15, start=55746, stop=56009, strand=+, frame=3, truncated=no, start-type=ATG, RBS-motif=GGAG/GAGG
13:30:54.445 - INFO - CDS - contig=contig_15, start=56050, stop=58587, strand=+, frame=1, truncated=no, start-type=ATG, RBS-motif=GGAG/GAGG
13:30:54.445 - INFO - CDS - contig=contig_15, start=208, stop=2163, strand=+, nt=[GTGACGACAG..TACGGGCTGA]
13:30:54.445 - INFO - CDS - contig=contig_15, start=2201, stop=2461, strand=-, nt=[ATGCTGAAGG..GCTGACATGA]
13:30:54.445 - INFO - CDS - contig=contig_15, start=2700, stop=3242, strand=-, nt=[ATGAAAGCCA..GGAGGGGTGA]
13:30:54.445 - INFO - CDS - contig=contig_15, start=3415, stop=4518, strand=-, nt=[TTGAAGAACG..TCTGCTCTGA]
13:30:54.445 - INFO - CDS - contig=contig_15, start=4816, stop=5937, strand=-, nt=[ATGCGGATAA..TGTGCTTTGA]
13:30:54.445 - INFO - CDS - contig=contig_15, start=5928, stop=6680, strand=-, nt=[ATGCGGATAT..ATGCGGATAA]
13:30:54.445 - INFO - CDS - contig=contig_15, start=6703, stop=7614, strand=-, nt=[ATGGACATCA..ATACTGCTGA]
13:30:54.445 - INFO - CDS - contig=contig_15, start=7656, stop=8588, strand=-, nt=[ATGAAAACAT..GAAGGGCTAA]
13:30:54.445 - INFO - CDS - contig=contig_15, start=8604, stop=9524, strand=-, nt=[TTGGCGAAAG..AGAAAAGTAA]
13:30:54.445 - INFO - CDS - contig=contig_15, start=9638, stop=9958, strand=+, nt=[ATGGCCCGGT..CGCGCTGTGA]
13:30:54.446 - INFO - CDS - contig=contig_15, start=10080, stop=11186, strand=+, nt=[ATGAATGTTC..CAACGGCTGA]
13:30:54.446 - INFO - CDS - contig=contig_15, start=11203, stop=12747, strand=+, nt=[ATGACCATCG..GGCGCAATAA]
13:30:54.446 - INFO - CDS - contig=contig_15, start=12823, stop=14583, strand=-, nt=[ATGGAACAGA..CGACGACTAA]
13:30:54.446 - INFO - CDS - contig=contig_15, start=14597, stop=16399, strand=-, nt=[ATGAAGCTGA..AAAAGTGTAA]
13:30:54.446 - INFO - CDS - contig=contig_15, start=16399, stop=16779, strand=-, nt=[ATGAAAAGTT..GGAAAAGTGA]
13:30:54.446 - INFO - CDS - contig=contig_15, start=16795, stop=17370, strand=-, nt=[ATGAAGGAGC..GGGAATATAA]
13:30:54.446 - INFO - CDS - contig=contig_15, start=17367, stop=17861, strand=-, nt=[ATGCCAAACG..CTACGAATGA]
13:30:54.446 - INFO - CDS - contig=contig_15, start=17899, stop=18615, strand=-, nt=[ATGAGGTTGT..AAGATCATAA]
13:30:54.446 - INFO - CDS - contig=contig_15, start=18612, stop=18950, strand=-, nt=[ATGCCCCTGC..CAAGGCATGA]
13:30:54.446 - INFO - CDS - contig=contig_15, start=19193, stop=20566, strand=+, nt=[ATGTCGGAAC..GCCCTCCTGA]
13:30:54.446 - INFO - CDS - contig=contig_15, start=20668, stop=21072, strand=+, nt=[ATGACCGACT..GGAAGAGTAA]
13:30:54.446 - INFO - CDS - contig=contig_15, start=21073, stop=22695, strand=+, nt=[ATGGCTCTTG..GGTCAAGTGA]
13:30:54.446 - INFO - CDS - contig=contig_15, start=22775, stop=23464, strand=+, nt=[ATGGACACCT..GGAAGTGTGA]
13:30:54.446 - INFO - CDS - contig=contig_15, start=23565, stop=24488, strand=+, nt=[ATGACAGAAC..CCATGGTTAA]
13:30:54.446 - INFO - CDS - contig=contig_15, start=24481, stop=25275, strand=+, nt=[ATGGTTAAGT..GATCAATTAA]
13:30:54.446 - INFO - CDS - contig=contig_15, start=25276, stop=26037, strand=+, nt=[ATGCTCAACT..GATCAAGTGA]
13:30:54.446 - INFO - CDS - contig=contig_15, start=26054, stop=26947, strand=+, nt=[ATGGGCTATC..GAAATGTTGA]
13:30:54.446 - INFO - CDS - contig=contig_15, start=27129, stop=27992, strand=+, nt=[ATGGTAAAAA..GATCCCTTAA]
13:30:54.446 - INFO - CDS - contig=contig_15, start=28007, stop=29395, strand=+, nt=[ATGCCGAATA..CGGCAAATAA]
13:30:54.446 - INFO - CDS - contig=contig_15, start=29417, stop=29623, strand=-, nt=[GTGAAAAGCT..AGAGGGATGA]
13:30:54.446 - INFO - CDS - contig=contig_15, start=29862, stop=30239, strand=+, nt=[ATGGCGAAAA..GATCATCTGA]
13:30:54.446 - INFO - CDS - contig=contig_15, start=30317, stop=30892, strand=-, nt=[ATGCTGCCGT..GAGTTTATAA]
13:30:54.446 - INFO - CDS - contig=contig_15, start=30870, stop=32189, strand=-, nt=[ATGGCTGAAC..CCTCTCCTGA]
13:30:54.446 - INFO - CDS - contig=contig_15, start=32192, stop=35125, strand=-, nt=[ATGAACCTTC..AGGAGTGTAA]
13:30:54.446 - INFO - CDS - contig=contig_15, start=35327, stop=35644, strand=+, nt=[GTGGTATTCC..TGAAGGATGA]
13:30:54.446 - INFO - CDS - contig=contig_15, start=35641, stop=36231, strand=+, nt=[ATGACTGTAG..GGCTTGTTAA]
13:30:54.446 - INFO - CDS - contig=contig_15, start=36215, stop=37090, strand=+, nt=[ATGAAAAGGC..TGGCGCATAA]
13:30:54.446 - INFO - CDS - contig=contig_15, start=37182, stop=37751, strand=+, nt=[GTGGAGTGGA..CGAAATCTAA]
13:30:54.446 - INFO - CDS - contig=contig_15, start=37767, stop=37952, strand=+, nt=[ATGCCCAATT..TTTGCAGTAA]
13:30:54.447 - INFO - CDS - contig=contig_15, start=37966, stop=38217, strand=+, nt=[ATGAACGATC..AAAGCCCTGA]
13:30:54.447 - INFO - CDS - contig=contig_15, start=38345, stop=39532, strand=+, nt=[ATGTCCAAGA..GTATCATTGA]
13:30:54.447 - INFO - CDS - contig=contig_15, start=39548, stop=39982, strand=+, nt=[ATGTTGTATT..CGGTCTGTGA]
13:30:54.447 - INFO - CDS - contig=contig_15, start=40120, stop=41079, strand=+, nt=[ATGGAGAGCC..GGATCAATAG]
13:30:54.447 - INFO - CDS - contig=contig_15, start=41191, stop=41718, strand=+, nt=[GTGGACGAGG..GGCGCTGTGA]
13:30:54.447 - INFO - CDS - contig=contig_15, start=41715, stop=43214, strand=+, nt=[GTGAGCACAA..GCCCCAGTGA]
13:30:54.447 - INFO - CDS - contig=contig_15, start=43272, stop=44600, strand=-, nt=[ATGGATAACA..GGATGTATGA]
13:30:54.447 - INFO - CDS - contig=contig_15, start=44626, stop=45846, strand=-, nt=[ATGAAGTACG..TACAAAATAA]
13:30:54.447 - INFO - CDS - contig=contig_15, start=46052, stop=46507, strand=-, nt=[GTGGATCGGC..TGACAGGTAA]
13:30:54.447 - INFO - CDS - contig=contig_15, start=46583, stop=47497, strand=-, nt=[ATGGCAATTT..GCAGAAGTAA]
13:30:54.447 - INFO - CDS - contig=contig_15, start=47578, stop=48306, strand=-, nt=[ATGGCAGTCG..CGCTGAGTAA]
13:30:54.447 - INFO - CDS - contig=contig_15, start=48497, stop=49291, strand=-, nt=[ATGAAAAAAG..GGGCAAGTGA]
13:30:54.447 - INFO - CDS - contig=contig_15, start=49377, stop=50228, strand=-, nt=[ATGAAGGAGC..GGAAATCTGA]
13:30:54.447 - INFO - CDS - contig=contig_15, start=50306, stop=51199, strand=-, nt=[ATGAAGACCT..CGCACCCTAA]
13:30:54.447 - INFO - CDS - contig=contig_15, start=51607, stop=52284, strand=+, nt=[ATGCGAATTT..GGAGGAATGA]
13:30:54.447 - INFO - CDS - contig=contig_15, start=52281, stop=53546, strand=+, nt=[ATGATCGCCA..GAAAAAATGA]
13:30:54.447 - INFO - CDS - contig=contig_15, start=53813, stop=55522, strand=+, nt=[GTGAAAAGGC..CGGAAAATGA]
13:30:54.447 - INFO - CDS - contig=contig_15, start=55746, stop=56009, strand=+, nt=[ATGATGGCGG..ATTGAAGTGA]
13:30:54.447 - INFO - CDS - contig=contig_15, start=56050, stop=58587, strand=+, nt=[ATGAGACAAA..CATCCAGTAA]
13:30:54.454 - INFO - CDS - contig=contig_16, start=97, stop=723, strand=-, frame=3, truncated=no, start-type=ATG, RBS-motif=GGAGG
13:30:54.454 - INFO - CDS - contig=contig_16, start=916, stop=1086, strand=-, frame=3, truncated=no, start-type=GTG, RBS-motif=AGxAGG/AGGxGG
13:30:54.454 - INFO - CDS - contig=contig_16, start=1272, stop=2552, strand=+, frame=3, truncated=no, start-type=TTG, RBS-motif=AGGAG
13:30:54.454 - INFO - CDS - contig=contig_16, start=2603, stop=3526, strand=+, frame=2, truncated=no, start-type=ATG, RBS-motif=AGGA
13:30:54.454 - INFO - CDS - contig=contig_16, start=3574, stop=4707, strand=+, frame=1, truncated=no, start-type=ATG, RBS-motif=GGAG/GAGG
13:30:54.454 - INFO - CDS - contig=contig_16, start=4885, stop=6684, strand=+, frame=1, truncated=no, start-type=TTG, RBS-motif=GGAGG
13:30:54.455 - INFO - CDS - contig=contig_16, start=6749, stop=7450, strand=-, frame=2, truncated=no, start-type=ATG, RBS-motif=None
13:30:54.455 - INFO - CDS - contig=contig_16, start=7591, stop=8862, strand=+, frame=1, truncated=no, start-type=ATG, RBS-motif=AGGAG
13:30:54.455 - INFO - CDS - contig=contig_16, start=8964, stop=9683, strand=+, frame=3, truncated=no, start-type=ATG, RBS-motif=AGGA
13:30:54.455 - INFO - CDS - contig=contig_16, start=9680, stop=10006, strand=+, frame=2, truncated=no, start-type=ATG, RBS-motif=AGGAGG
13:30:54.455 - INFO - CDS - contig=contig_16, start=10071, stop=11477, strand=-, frame=1, truncated=no, start-type=ATG, RBS-motif=AGGAGG
13:30:54.455 - INFO - CDS - contig=contig_16, start=11555, stop=12148, strand=-, frame=2, truncated=no, start-type=ATG, RBS-motif=GGAG/GAGG
13:30:54.455 - INFO - CDS - contig=contig_16, start=12148, stop=12747, strand=-, frame=3, truncated=no, start-type=ATG, RBS-motif=AGGAG
13:30:54.455 - INFO - CDS - contig=contig_16, start=12819, stop=13835, strand=-, frame=1, truncated=no, start-type=ATG, RBS-motif=None
13:30:54.455 - INFO - CDS - contig=contig_16, start=13835, stop=14104, strand=-, frame=2, truncated=no, start-type=ATG, RBS-motif=AGGAG
13:30:54.455 - INFO - CDS - contig=contig_16, start=14106, stop=15167, strand=-, frame=1, truncated=no, start-type=GTG, RBS-motif=GGAGG
13:30:54.455 - INFO - CDS - contig=contig_16, start=15189, stop=15857, strand=-, frame=1, truncated=no, start-type=ATG, RBS-motif=AGGAGG
13:30:54.455 - INFO - CDS - contig=contig_16, start=15854, stop=17755, strand=-, frame=2, truncated=no, start-type=ATG, RBS-motif=GGAG/GAGG
13:30:54.455 - INFO - CDS - contig=contig_16, start=17791, stop=19194, strand=-, frame=3, truncated=no, start-type=ATG, RBS-motif=AGGAGG
13:30:54.455 - INFO - CDS - contig=contig_16, start=19210, stop=20262, strand=-, frame=3, truncated=no, start-type=TTG, RBS-motif=GGAGG
13:30:54.455 - INFO - CDS - contig=contig_16, start=20429, stop=21391, strand=-, frame=2, truncated=no, start-type=ATG, RBS-motif=GGAG/GAGG
13:30:54.456 - INFO - CDS - contig=contig_16, start=21402, stop=22085, strand=-, frame=1, truncated=no, start-type=ATG, RBS-motif=GGAGG
13:30:54.456 - INFO - CDS - contig=contig_16, start=22392, stop=23546, strand=-, frame=1, truncated=no, start-type=ATG, RBS-motif=GGAGG
13:30:54.456 - INFO - CDS - contig=contig_16, start=23543, stop=24256, strand=-, frame=2, truncated=no, start-type=GTG, RBS-motif=AGGAGG
13:30:54.456 - INFO - CDS - contig=contig_16, start=24270, stop=25616, strand=-, frame=1, truncated=no, start-type=ATG, RBS-motif=GGAGG
13:30:54.456 - INFO - CDS - contig=contig_16, start=25613, stop=27394, strand=-, frame=2, truncated=no, start-type=ATG, RBS-motif=AGxAGG/AGGxGG
13:30:54.456 - INFO - CDS - contig=contig_16, start=27504, stop=28508, strand=-, frame=1, truncated=no, start-type=ATG, RBS-motif=3Base/5BMM
13:30:54.456 - INFO - CDS - contig=contig_16, start=28637, stop=29266, strand=-, frame=2, truncated=no, start-type=ATG, RBS-motif=AGGAG/GGAGG
13:30:54.456 - INFO - CDS - contig=contig_16, start=29263, stop=29793, strand=-, frame=3, truncated=no, start-type=ATG, RBS-motif=AGGAGG
13:30:54.456 - INFO - CDS - contig=contig_16, start=29797, stop=30006, strand=-, frame=3, truncated=no, start-type=ATG, RBS-motif=GGA/GAG/AGG
13:30:54.456 - INFO - CDS - contig=contig_16, start=30087, stop=30350, strand=+, frame=3, truncated=no, start-type=ATG, RBS-motif=GGAG/GAGG
13:30:54.456 - INFO - CDS - contig=contig_16, start=30347, stop=31642, strand=-, frame=2, truncated=no, start-type=ATG, RBS-motif=GGAGG
13:30:54.456 - INFO - CDS - contig=contig_16, start=31669, stop=32166, strand=-, frame=3, truncated=no, start-type=ATG, RBS-motif=GGAGG
13:30:54.456 - INFO - CDS - contig=contig_16, start=32250, stop=32456, strand=-, frame=1, truncated=no, start-type=ATG, RBS-motif=GGAG/GAGG
13:30:54.456 - INFO - CDS - contig=contig_16, start=32591, stop=36163, strand=-, frame=2, truncated=no, start-type=ATG, RBS-motif=AGGAGG
13:30:54.456 - INFO - CDS - contig=contig_16, start=36183, stop=37271, strand=-, frame=1, truncated=no, start-type=ATG, RBS-motif=GGAGG
13:30:54.457 - INFO - CDS - contig=contig_16, start=37340, stop=40663, strand=-, frame=2, truncated=no, start-type=GTG, RBS-motif=AGGAGG
13:30:54.457 - INFO - CDS - contig=contig_16, start=40928, stop=42223, strand=-, frame=2, truncated=no, start-type=ATG, RBS-motif=AGGAG
13:30:54.457 - INFO - CDS - contig=contig_16, start=42201, stop=42494, strand=-, frame=1, truncated=no, start-type=ATG, RBS-motif=GGA/GAG/AGG
13:30:54.457 - INFO - CDS - contig=contig_16, start=42491, stop=42772, strand=-, frame=2, truncated=no, start-type=ATG, RBS-motif=AGGAGG
13:30:54.457 - INFO - CDS - contig=contig_16, start=42838, stop=44289, strand=-, frame=3, truncated=no, start-type=ATG, RBS-motif=AGGAGG
13:30:54.457 - INFO - CDS - contig=contig_16, start=44314, stop=45429, strand=-, frame=3, truncated=no, start-type=ATG, RBS-motif=GGA/GAG/AGG
13:30:54.457 - INFO - CDS - contig=contig_16, start=45426, stop=46625, strand=-, frame=1, truncated=no, start-type=ATG, RBS-motif=AGGAG
13:30:54.457 - INFO - CDS - contig=contig_16, start=46666, stop=47940, strand=-, frame=3, truncated=no, start-type=ATG, RBS-motif=AGGAG
13:30:54.457 - INFO - CDS - contig=contig_16, start=47953, stop=48954, strand=-, frame=3, truncated=no, start-type=ATG, RBS-motif=GGAG/GAGG
13:30:54.457 - INFO - CDS - contig=contig_16, start=49095, stop=50036, strand=+, frame=3, truncated=no, start-type=ATG, RBS-motif=GGAGG
13:30:54.457 - INFO - CDS - contig=contig_16, start=97, stop=723, strand=-, nt=[ATGATCCCGG..ACTGAAATAA]
13:30:54.457 - INFO - CDS - contig=contig_16, start=916, stop=1086, strand=-, nt=[GTGAAGCAGC..GGGCTTTTGA]
13:30:54.457 - INFO - CDS - contig=contig_16, start=1272, stop=2552, strand=+, nt=[TTGAAATACC..GGAAAACTAA]
13:30:54.457 - INFO - CDS - contig=contig_16, start=2603, stop=3526, strand=+, nt=[ATGTCCTTTG..TATTCTCTGA]
13:30:54.457 - INFO - CDS - contig=contig_16, start=3574, stop=4707, strand=+, nt=[ATGACCCGAA..AAAGATTTGA]
13:30:54.457 - INFO - CDS - contig=contig_16, start=4885, stop=6684, strand=+, nt=[TTGGATGCAT..GGAGGAATGA]
13:30:54.457 - INFO - CDS - contig=contig_16, start=6749, stop=7450, strand=-, nt=[ATGGGGGATG..CGGTCAGTAA]
13:30:54.457 - INFO - CDS - contig=contig_16, start=7591, stop=8862, strand=+, nt=[ATGAAAAAAC..CATGGACTGA]
13:30:54.458 - INFO - CDS - contig=contig_16, start=8964, stop=9683, strand=+, nt=[ATGCAATCCC..GGCGGCATGA]
13:30:54.458 - INFO - CDS - contig=contig_16, start=9680, stop=10006, strand=+, nt=[ATGACCCTCC..GGTGTTTTAA]
13:30:54.458 - INFO - CDS - contig=contig_16, start=10071, stop=11477, strand=-, nt=[ATGGAAGAAA..CCAGTCGTAA]
13:30:54.458 - INFO - CDS - contig=contig_16, start=11555, stop=12148, strand=-, nt=[ATGAAGACCA..GCTAGAGTAA]
13:30:54.458 - INFO - CDS - contig=contig_16, start=12148, stop=12747, strand=-, nt=[ATGAGTATAT..GAACACCTGA]
13:30:54.458 - INFO - CDS - contig=contig_16, start=12819, stop=13835, strand=-, nt=[ATGGATACCA..ACTTTCATAG]
13:30:54.458 - INFO - CDS - contig=contig_16, start=13835, stop=14104, strand=-, nt=[ATGGTACTTC..TTTCGAGTGA]
13:30:54.458 - INFO - CDS - contig=contig_16, start=14106, stop=15167, strand=-, nt=[GTGCTGGATA..GACACAGTGA]
13:30:54.458 - INFO - CDS - contig=contig_16, start=15189, stop=15857, strand=-, nt=[ATGAGACAGA..TGACCGTTGA]
13:30:54.458 - INFO - CDS - contig=contig_16, start=15854, stop=17755, strand=-, nt=[ATGATCGACA..GGGAGAATGA]
13:30:54.458 - INFO - CDS - contig=contig_16, start=17791, stop=19194, strand=-, nt=[ATGGAAGCCT..GGAGGCGTAA]
13:30:54.458 - INFO - CDS - contig=contig_16, start=19210, stop=20262, strand=-, nt=[TTGAAAATCG..CAAAGTTTGA]
13:30:54.458 - INFO - CDS - contig=contig_16, start=20429, stop=21391, strand=-, nt=[ATGAACTATG..ACTGGCATGA]
13:30:54.458 - INFO - CDS - contig=contig_16, start=21402, stop=22085, strand=-, nt=[ATGAAACGAA..GGCGAAGTGA]
13:30:54.458 - INFO - CDS - contig=contig_16, start=22392, stop=23546, strand=-, nt=[ATGACGGAGC..CCACCACTGA]
13:30:54.458 - INFO - CDS - contig=contig_16, start=23543, stop=24256, strand=-, nt=[GTGCTTACAC..GGAACAATGA]
13:30:54.458 - INFO - CDS - contig=contig_16, start=24270, stop=25616, strand=-, nt=[ATGAGCGAGA..TTTGAATTAA]
13:30:54.458 - INFO - CDS - contig=contig_16, start=25613, stop=27394, strand=-, nt=[ATGCCCATTC..TGGACAATGA]
13:30:54.458 - INFO - CDS - contig=contig_16, start=27504, stop=28508, strand=-, nt=[ATGACCATCC..GGTGAAGTGA]
13:30:54.458 - INFO - CDS - contig=contig_16, start=28637, stop=29266, strand=-, nt=[ATGACCGAAT..AAAAAGATAG]
13:30:54.458 - INFO - CDS - contig=contig_16, start=29263, stop=29793, strand=-, nt=[ATGGGTTTGG..GAATTTATGA]
13:30:54.458 - INFO - CDS - contig=contig_16, start=29797, stop=30006, strand=-, nt=[ATGAAATTGG..CAGGAGGTAA]
13:30:54.458 - INFO - CDS - contig=contig_16, start=30087, stop=30350, strand=+, nt=[ATGTCAGACC..GCTGATTTAA]
13:30:54.458 - INFO - CDS - contig=contig_16, start=30347, stop=31642, strand=-, nt=[ATGTTCGAGA..GGAGGATTAA]
13:30:54.458 - INFO - CDS - contig=contig_16, start=31669, stop=32166, strand=-, nt=[ATGCAAAAGG..GAAGGGATAA]
13:30:54.458 - INFO - CDS - contig=contig_16, start=32250, stop=32456, strand=-, nt=[ATGAAGGAAG..CAAAAAGTAA]
13:30:54.459 - INFO - CDS - contig=contig_16, start=32591, stop=36163, strand=-, nt=[ATGCCCTTCG..GGAGGTCTAA]
13:30:54.459 - INFO - CDS - contig=contig_16, start=36183, stop=37271, strand=-, nt=[ATGTTCGTTT..CAGAAGCTGA]
13:30:54.459 - INFO - CDS - contig=contig_16, start=37340, stop=40663, strand=-, nt=[GTGCTCAAGC..GGAAGAATAG]
13:30:54.459 - INFO - CDS - contig=contig_16, start=40928, stop=42223, strand=-, nt=[ATGGATTGGA..CGAATATTAA]
13:30:54.459 - INFO - CDS - contig=contig_16, start=42201, stop=42494, strand=-, nt=[ATGACCGTCG..CCTATTATGA]
13:30:54.459 - INFO - CDS - contig=contig_16, start=42491, stop=42772, strand=-, nt=[ATGCTGGAAC..CCGCCCATGA]
13:30:54.459 - INFO - CDS - contig=contig_16, start=42838, stop=44289, strand=-, nt=[ATGGCTCTCA..CACCGAATGA]
13:30:54.459 - INFO - CDS - contig=contig_16, start=44314, stop=45429, strand=-, nt=[ATGAGAGAGA..ACTGTATTGA]
13:30:54.459 - INFO - CDS - contig=contig_16, start=45426, stop=46625, strand=-, nt=[ATGGAAAAGA..GGACGCATGA]
13:30:54.459 - INFO - CDS - contig=contig_16, start=46666, stop=47940, strand=-, nt=[ATGCTGACAC..GACCCAGTGA]
13:30:54.459 - INFO - CDS - contig=contig_16, start=47953, stop=48954, strand=-, nt=[ATGACAAAGC..AAAGCATTAA]
13:30:54.459 - INFO - CDS - contig=contig_16, start=49095, stop=50036, strand=+, nt=[ATGAAGCTAA..GGGAGATTGA]
13:30:54.472 - INFO - CDS - contig=contig_17, start=151, stop=1332, strand=+, frame=1, truncated=no, start-type=ATG, RBS-motif=GGAG/GAGG
13:30:54.472 - INFO - CDS - contig=contig_17, start=1408, stop=4944, strand=-, frame=2, truncated=no, start-type=ATG, RBS-motif=AGGAGG
13:30:54.472 - INFO - CDS - contig=contig_17, start=5223, stop=6479, strand=+, frame=3, truncated=no, start-type=ATG, RBS-motif=AGGA
13:30:54.472 - INFO - CDS - contig=contig_17, start=6534, stop=8366, strand=-, frame=3, truncated=no, start-type=GTG, RBS-motif=AGGA
13:30:54.472 - INFO - CDS - contig=contig_17, start=8545, stop=10074, strand=+, frame=1, truncated=no, start-type=ATG, RBS-motif=AGGAG
13:30:54.473 - INFO - CDS - contig=contig_17, start=10158, stop=10526, strand=-, frame=3, truncated=no, start-type=ATG, RBS-motif=GGAG/GAGG
13:30:54.473 - INFO - CDS - contig=contig_17, start=10707, stop=10988, strand=+, frame=3, truncated=no, start-type=ATG, RBS-motif=AGxAGG/AGGxGG
13:30:54.473 - INFO - CDS - contig=contig_17, start=10988, stop=11263, strand=+, frame=2, truncated=no, start-type=ATG, RBS-motif=None
13:30:54.473 - INFO - CDS - contig=contig_17, start=11340, stop=11498, strand=-, frame=3, truncated=no, start-type=ATG, RBS-motif=AGGAGG
13:30:54.473 - INFO - CDS - contig=contig_17, start=11510, stop=13906, strand=-, frame=1, truncated=no, start-type=ATG, RBS-motif=AGGAG
13:30:54.473 - INFO - CDS - contig=contig_17, start=13966, stop=14187, strand=-, frame=2, truncated=no, start-type=ATG, RBS-motif=AGGAG
13:30:54.473 - INFO - CDS - contig=contig_17, start=14204, stop=14416, strand=-, frame=1, truncated=no, start-type=ATG, RBS-motif=GGAGG
13:30:54.473 - INFO - CDS - contig=contig_17, start=14595, stop=15206, strand=-, frame=3, truncated=no, start-type=GTG, RBS-motif=AGGAGG
13:30:54.473 - INFO - CDS - contig=contig_17, start=15266, stop=16768, strand=-, frame=1, truncated=no, start-type=ATG, RBS-motif=GGA/GAG/AGG
13:30:54.473 - INFO - CDS - contig=contig_17, start=16765, stop=17475, strand=-, frame=2, truncated=no, start-type=ATG, RBS-motif=GGAG/GAGG
13:30:54.473 - INFO - CDS - contig=contig_17, start=17691, stop=18671, strand=+, frame=3, truncated=no, start-type=ATG, RBS-motif=AGGAGG
13:30:54.473 - INFO - CDS - contig=contig_17, start=18755, stop=20164, strand=-, frame=1, truncated=no, start-type=ATG, RBS-motif=AGGAG
13:30:54.473 - INFO - CDS - contig=contig_17, start=20315, stop=20791, strand=+, frame=2, truncated=no, start-type=ATG, RBS-motif=GGAGG
13:30:54.473 - INFO - CDS - contig=contig_17, start=20916, stop=22979, strand=+, frame=3, truncated=no, start-type=ATG, RBS-motif=AGGAG/GGAGG
13:30:54.473 - INFO - CDS - contig=contig_17, start=22998, stop=25235, strand=+, frame=3, truncated=no, start-type=ATG, RBS-motif=AGGAGG
13:30:54.473 - INFO - CDS - contig=contig_17, start=25283, stop=26500, strand=+, frame=2, truncated=no, start-type=ATG, RBS-motif=GGAGG
13:30:54.474 - INFO - CDS - contig=contig_17, start=26511, stop=27215, strand=+, frame=3, truncated=no, start-type=ATG, RBS-motif=GGAG/GAGG
13:30:54.474 - INFO - CDS - contig=contig_17, start=27241, stop=29052, strand=+, frame=1, truncated=no, start-type=ATG, RBS-motif=GGAGG
13:30:54.474 - INFO - CDS - contig=contig_17, start=29116, stop=30081, strand=-, frame=2, truncated=no, start-type=ATG, RBS-motif=AGGAG
13:30:54.474 - INFO - CDS - contig=contig_17, start=30194, stop=30688, strand=-, frame=1, truncated=no, start-type=ATG, RBS-motif=AGGAGG
13:30:54.474 - INFO - CDS - contig=contig_17, start=30681, stop=31547, strand=-, frame=3, truncated=no, start-type=ATG, RBS-motif=AGxAGG/AGGxGG
13:30:54.474 - INFO - CDS - contig=contig_17, start=31653, stop=31916, strand=-, frame=3, truncated=no, start-type=TTG, RBS-motif=AGGAGG
13:30:54.474 - INFO - CDS - contig=contig_17, start=32124, stop=32996, strand=+, frame=3, truncated=no, start-type=ATG, RBS-motif=GGAGG
13:30:54.474 - INFO - CDS - contig=contig_17, start=32998, stop=34170, strand=-, frame=2, truncated=no, start-type=ATG, RBS-motif=GGAGG
13:30:54.474 - INFO - CDS - contig=contig_17, start=34389, stop=36635, strand=-, frame=3, truncated=no, start-type=ATG, RBS-motif=GGAGG
13:30:54.474 - INFO - CDS - contig=contig_17, start=36892, stop=37233, strand=+, frame=1, truncated=no, start-type=ATG, RBS-motif=AGGAGG
13:30:54.474 - INFO - CDS - contig=contig_17, start=37345, stop=37719, strand=-, frame=2, truncated=no, start-type=ATG, RBS-motif=AGGAGG
13:30:54.474 - INFO - CDS - contig=contig_17, start=38005, stop=39525, strand=+, frame=1, truncated=no, start-type=ATG, RBS-motif=GGxGG
13:30:54.474 - INFO - CDS - contig=contig_17, start=39673, stop=40599, strand=+, frame=1, truncated=no, start-type=ATG, RBS-motif=3Base/5BMM
13:30:54.474 - INFO - CDS - contig=contig_17, start=40713, stop=41648, strand=+, frame=3, truncated=no, start-type=ATG, RBS-motif=AGxAGG/AGGxGG
13:30:54.474 - INFO - CDS - contig=contig_17, start=41693, stop=42868, strand=+, frame=2, truncated=no, start-type=TTG, RBS-motif=GGAG/GAGG
13:30:54.474 - INFO - CDS - contig=contig_17, start=42902, stop=43816, strand=+, frame=2, truncated=no, start-type=ATG, RBS-motif=AGGAG(G)/GGAGG
13:30:54.475 - INFO - CDS - contig=contig_17, start=43876, stop=44727, strand=+, frame=1, truncated=no, start-type=ATG, RBS-motif=AGxAGG/AGGxGG
13:30:54.475 - INFO - CDS - contig=contig_17, start=44833, stop=45435, strand=+, frame=1, truncated=no, start-type=ATG, RBS-motif=AGGAG
13:30:54.475 - INFO - CDS - contig=contig_17, start=45678, stop=46577, strand=+, frame=3, truncated=no, start-type=ATG, RBS-motif=AGGAG
13:30:54.475 - INFO - CDS - contig=contig_17, start=151, stop=1332, strand=+, nt=[ATGAACGATA..TAAGGGCTGA]
13:30:54.475 - INFO - CDS - contig=contig_17, start=1408, stop=4944, strand=-, nt=[ATGGCAAGAC..GTACAAGTAA]
13:30:54.475 - INFO - CDS - contig=contig_17, start=5223, stop=6479, strand=+, nt=[ATGCCCCATA..GCCGCTGTAA]
13:30:54.475 - INFO - CDS - contig=contig_17, start=6534, stop=8366, strand=-, nt=[GTGCGAAACG..AAAGAAGTAA]
13:30:54.475 - INFO - CDS - contig=contig_17, start=8545, stop=10074, strand=+, nt=[ATGAAGCACA..GGCGGAGTAA]
13:30:54.475 - INFO - CDS - contig=contig_17, start=10158, stop=10526, strand=-, nt=[ATGTCTGATT..CCACCTGTAA]
13:30:54.475 - INFO - CDS - contig=contig_17, start=10707, stop=10988, strand=+, nt=[ATGAAGGGAG..GGTGATGTGA]
13:30:54.475 - INFO - CDS - contig=contig_17, start=10988, stop=11263, strand=+, nt=[ATGGGCCCCG..GCGTACATAG]
13:30:54.475 - INFO - CDS - contig=contig_17, start=11340, stop=11498, strand=-, nt=[ATGCCCAATT..GGAGAAATAA]
13:30:54.475 - INFO - CDS - contig=contig_17, start=11510, stop=13906, strand=-, nt=[ATGGAACTGA..GGTCAAGTAA]
13:30:54.475 - INFO - CDS - contig=contig_17, start=13966, stop=14187, strand=-, nt=[ATGAAAACTC..GCTGGCGTAA]
13:30:54.475 - INFO - CDS - contig=contig_17, start=14204, stop=14416, strand=-, nt=[ATGATGCCTT..TATGATCTGA]
13:30:54.475 - INFO - CDS - contig=contig_17, start=14595, stop=15206, strand=-, nt=[GTGGACGAGC..TGCCGAATAA]
13:30:54.475 - INFO - CDS - contig=contig_17, start=15266, stop=16768, strand=-, nt=[ATGACCATGC..GGGGGAATAA]
13:30:54.475 - INFO - CDS - contig=contig_17, start=16765, stop=17475, strand=-, nt=[ATGGAACCCA..GAAGAAATGA]
13:30:54.475 - INFO - CDS - contig=contig_17, start=17691, stop=18671, strand=+, nt=[ATGTTTGGAT..CCTGAGCTAA]
13:30:54.475 - INFO - CDS - contig=contig_17, start=18755, stop=20164, strand=-, nt=[ATGAATCACA..AGCCTTCTAA]
13:30:54.475 - INFO - CDS - contig=contig_17, start=20315, stop=20791, strand=+, nt=[ATGACCGAGG..GAGCAAGTGA]
13:30:54.475 - INFO - CDS - contig=contig_17, start=20916, stop=22979, strand=+, nt=[ATGAGGTATC..GGGGGAGTAA]
13:30:54.475 - INFO - CDS - contig=contig_17, start=22998, stop=25235, strand=+, nt=[ATGGATCCCA..CGTTGGTTAA]
13:30:54.475 - INFO - CDS - contig=contig_17, start=25283, stop=26500, strand=+, nt=[ATGAAGGATC..GAAGGACTGA]
13:30:54.475 - INFO - CDS - contig=contig_17, start=26511, stop=27215, strand=+, nt=[ATGGAAAAAG..AAATCCCTGA]
13:30:54.475 - INFO - CDS - contig=contig_17, start=27241, stop=29052, strand=+, nt=[ATGACAGATC..GGAGAACTGA]
13:30:54.475 - INFO - CDS - contig=contig_17, start=29116, stop=30081, strand=-, nt=[ATGAATTTGA..CGCGCAGTAA]
13:30:54.476 - INFO - CDS - contig=contig_17, start=30194, stop=30688, strand=-, nt=[ATGAGTAAAT..GAAAAAGTGA]
13:30:54.476 - INFO - CDS - contig=contig_17, start=30681, stop=31547, strand=-, nt=[ATGGCGAGAA..AAATGAGTAA]
13:30:54.476 - INFO - CDS - contig=contig_17, start=31653, stop=31916, strand=-, nt=[TTGCCGAACA..GCTGGCTTGA]
13:30:54.476 - INFO - CDS - contig=contig_17, start=32124, stop=32996, strand=+, nt=[ATGTCCATGA..TTTGGAGTGA]
13:30:54.476 - INFO - CDS - contig=contig_17, start=32998, stop=34170, strand=-, nt=[ATGAGAAGGA..CGTGGGGTAG]
13:30:54.476 - INFO - CDS - contig=contig_17, start=34389, stop=36635, strand=-, nt=[ATGAAACTGC..GAAGCGGTAA]
13:30:54.476 - INFO - CDS - contig=contig_17, start=36892, stop=37233, strand=+, nt=[ATGGATACAG..CCTGGTCTGA]
13:30:54.476 - INFO - CDS - contig=contig_17, start=37345, stop=37719, strand=-, nt=[ATGAACAAGA..CGTAAAGTGA]
13:30:54.476 - INFO - CDS - contig=contig_17, start=38005, stop=39525, strand=+, nt=[ATGATGTCCC..AAAGGGATAA]
13:30:54.476 - INFO - CDS - contig=contig_17, start=39673, stop=40599, strand=+, nt=[ATGCTGGAGC..GGCCCTGTAA]
13:30:54.476 - INFO - CDS - contig=contig_17, start=40713, stop=41648, strand=+, nt=[ATGTTAGCGC..GGCCGGATAG]
13:30:54.476 - INFO - CDS - contig=contig_17, start=41693, stop=42868, strand=+, nt=[TTGACCCATA..GGAGCTTTGA]
13:30:54.476 - INFO - CDS - contig=contig_17, start=42902, stop=43816, strand=+, nt=[ATGATCAATT..GAAAAAATAA]
13:30:54.476 - INFO - CDS - contig=contig_17, start=43876, stop=44727, strand=+, nt=[ATGACAGAGA..CTTCGATTGA]
13:30:54.476 - INFO - CDS - contig=contig_17, start=44833, stop=45435, strand=+, nt=[ATGGAGAATA..CAAGGGCTAA]
13:30:54.476 - INFO - CDS - contig=contig_17, start=45678, stop=46577, strand=+, nt=[ATGAAAAACG..CGGTGGCTGA]
13:30:54.495 - INFO - CDS - contig=contig_18, start=93, stop=1514, strand=-, frame=2, truncated=no, start-type=ATG, RBS-motif=AGGAG
13:30:54.495 - INFO - CDS - contig=contig_18, start=1819, stop=2373, strand=+, frame=1, truncated=no, start-type=ATG, RBS-motif=AGGAG
13:30:54.495 - INFO - CDS - contig=contig_18, start=2432, stop=3016, strand=-, frame=3, truncated=no, start-type=ATG, RBS-motif=AGGAG
13:30:54.495 - INFO - CDS - contig=contig_18, start=3106, stop=5328, strand=-, frame=1, truncated=no, start-type=ATG, RBS-motif=GGAGG
13:30:54.495 - INFO - CDS - contig=contig_18, start=5325, stop=6404, strand=-, frame=2, truncated=no, start-type=ATG, RBS-motif=AGGAG
13:30:54.495 - INFO - CDS - contig=contig_18, start=6473, stop=7252, strand=-, frame=3, truncated=no, start-type=ATG, RBS-motif=AGGAGG
13:30:54.495 - INFO - CDS - contig=contig_18, start=7427, stop=7987, strand=+, frame=2, truncated=no, start-type=ATG, RBS-motif=GGAGG
13:30:54.495 - INFO - CDS - contig=contig_18, start=8131, stop=10047, strand=+, frame=1, truncated=no, start-type=ATG, RBS-motif=GGAGG
13:30:54.495 - INFO - CDS - contig=contig_18, start=10166, stop=12031, strand=+, frame=2, truncated=no, start-type=ATG, RBS-motif=AGGAGG
13:30:54.495 - INFO - CDS - contig=contig_18, start=12209, stop=14125, strand=+, frame=2, truncated=no, start-type=ATG, RBS-motif=AGGAG
13:30:54.496 - INFO - CDS - contig=contig_18, start=14207, stop=14449, strand=-, frame=3, truncated=no, start-type=ATG, RBS-motif=GGAG/GAGG
13:30:54.496 - INFO - CDS - contig=contig_18, start=14533, stop=14808, strand=-, frame=1, truncated=no, start-type=ATG, RBS-motif=AGGAGG
13:30:54.496 - INFO - CDS - contig=contig_18, start=14870, stop=15658, strand=-, frame=3, truncated=no, start-type=ATG, RBS-motif=GGAGG
13:30:54.496 - INFO - CDS - contig=contig_18, start=15768, stop=17435, strand=-, frame=2, truncated=no, start-type=TTG, RBS-motif=GGA/GAG/AGG
13:30:54.496 - INFO - CDS - contig=contig_18, start=17477, stop=18778, strand=-, frame=3, truncated=no, start-type=ATG, RBS-motif=AGGAG
13:30:54.496 - INFO - CDS - contig=contig_18, start=18805, stop=19629, strand=-, frame=1, truncated=no, start-type=ATG, RBS-motif=AGGA
13:30:54.496 - INFO - CDS - contig=contig_18, start=19867, stop=21525, strand=+, frame=1, truncated=no, start-type=GTG, RBS-motif=AGGAGG
13:30:54.496 - INFO - CDS - contig=contig_18, start=21602, stop=21694, strand=+, frame=2, truncated=no, start-type=ATG, RBS-motif=AGGAGG
13:30:54.496 - INFO - CDS - contig=contig_18, start=21823, stop=22857, strand=+, frame=1, truncated=no, start-type=ATG, RBS-motif=GGA/GAG/AGG
13:30:54.496 - INFO - CDS - contig=contig_18, start=22850, stop=23530, strand=+, frame=2, truncated=no, start-type=GTG, RBS-motif=GGAGG
13:30:54.496 - INFO - CDS - contig=contig_18, start=23577, stop=24392, strand=+, frame=3, truncated=no, start-type=ATG, RBS-motif=AGGAGG
13:30:54.496 - INFO - CDS - contig=contig_18, start=24462, stop=25649, strand=+, frame=3, truncated=no, start-type=ATG, RBS-motif=AGGAGG
13:30:54.496 - INFO - CDS - contig=contig_18, start=25730, stop=26134, strand=-, frame=3, truncated=no, start-type=ATG, RBS-motif=AGGAGG
13:30:54.496 - INFO - CDS - contig=contig_18, start=26149, stop=26580, strand=-, frame=1, truncated=no, start-type=ATG, RBS-motif=GGAGG
13:30:54.496 - INFO - CDS - contig=contig_18, start=26804, stop=27574, strand=+, frame=2, truncated=no, start-type=ATG, RBS-motif=GGAGG
13:30:54.496 - INFO - CDS - contig=contig_18, start=27702, stop=29153, strand=-, frame=2, truncated=no, start-type=ATG, RBS-motif=AGxAGG/AGGxGG
13:30:54.496 - INFO - CDS - contig=contig_18, start=29255, stop=30586, strand=-, frame=3, truncated=no, start-type=ATG, RBS-motif=AGGAG
13:30:54.497 - INFO - CDS - contig=contig_18, start=30691, stop=31470, strand=-, frame=1, truncated=no, start-type=ATG, RBS-motif=AGGAG
13:30:54.497 - INFO - CDS - contig=contig_18, start=31632, stop=32612, strand=+, frame=3, truncated=no, start-type=ATG, RBS-motif=GGAGG
13:30:54.497 - INFO - CDS - contig=contig_18, start=32654, stop=33178, strand=-, frame=3, truncated=no, start-type=ATG, RBS-motif=AGGAG
13:30:54.497 - INFO - CDS - contig=contig_18, start=33175, stop=33756, strand=-, frame=1, truncated=no, start-type=ATG, RBS-motif=AGGAGG
13:30:54.497 - INFO - CDS - contig=contig_18, start=33838, stop=36039, strand=-, frame=1, truncated=no, start-type=ATG, RBS-motif=GGA/GAG/AGG
13:30:54.497 - INFO - CDS - contig=contig_18, start=36325, stop=37338, strand=+, frame=1, truncated=no, start-type=GTG, RBS-motif=GGAGG
13:30:54.497 - INFO - CDS - contig=contig_18, start=37439, stop=38806, strand=+, frame=2, truncated=no, start-type=ATG, RBS-motif=GGA/GAG/AGG
13:30:54.497 - INFO - CDS - contig=contig_18, start=38810, stop=39904, strand=+, frame=2, truncated=no, start-type=ATG, RBS-motif=AGGAG
13:30:54.497 - INFO - CDS - contig=contig_18, start=39979, stop=41178, strand=-, frame=1, truncated=no, start-type=ATG, RBS-motif=AGGAG/GGAGG
13:30:54.497 - INFO - CDS - contig=contig_18, start=41204, stop=42484, strand=-, frame=3, truncated=no, start-type=ATG, RBS-motif=AGGAGG
13:30:54.497 - INFO - CDS - contig=contig_18, start=42487, stop=43077, strand=-, frame=1, truncated=no, start-type=GTG, RBS-motif=GGAG/GAGG
13:30:54.497 - INFO - CDS - contig=contig_18, start=93, stop=1514, strand=-, nt=[ATGGAAAAAT..CGTCGCCTGA]
13:30:54.497 - INFO - CDS - contig=contig_18, start=1819, stop=2373, strand=+, nt=[ATGACCTATG..CCTGGGCTGA]
13:30:54.497 - INFO - CDS - contig=contig_18, start=2432, stop=3016, strand=-, nt=[ATGACTGACG..CATCGAATAA]
13:30:54.497 - INFO - CDS - contig=contig_18, start=3106, stop=5328, strand=-, nt=[ATGAAAATAC..CTCGCTGTGA]
13:30:54.497 - INFO - CDS - contig=contig_18, start=5325, stop=6404, strand=-, nt=[ATGCTTCATA..TACGCCATGA]
13:30:54.498 - INFO - CDS - contig=contig_18, start=6473, stop=7252, strand=-, nt=[ATGATCCTGC..GGGGGATTGA]
13:30:54.498 - INFO - CDS - contig=contig_18, start=7427, stop=7987, strand=+, nt=[ATGGACGATA..GCCTATGTGA]
13:30:54.498 - INFO - CDS - contig=contig_18, start=8131, stop=10047, strand=+, nt=[ATGGCAAAGA..GATGGTATAA]
13:30:54.498 - INFO - CDS - contig=contig_18, start=10166, stop=12031, strand=+, nt=[ATGAAAAAGA..GCAGAAGTAA]
13:30:54.498 - INFO - CDS - contig=contig_18, start=12209, stop=14125, strand=+, nt=[ATGAAAGGAA..GGCGAAATAA]
13:30:54.498 - INFO - CDS - contig=contig_18, start=14207, stop=14449, strand=-, nt=[ATGCGACTGG..AGTGCGGTGA]
13:30:54.498 - INFO - CDS - contig=contig_18, start=14533, stop=14808, strand=-, nt=[ATGAATAAAG..GGCGAAATAA]
13:30:54.498 - INFO - CDS - contig=contig_18, start=14870, stop=15658, strand=-, nt=[ATGATAGATT..ACGGACTTAA]
13:30:54.498 - INFO - CDS - contig=contig_18, start=15768, stop=17435, strand=-, nt=[TTGTCTGAAT..TATTCAGTAA]
13:30:54.498 - INFO - CDS - contig=contig_18, start=17477, stop=18778, strand=-, nt=[ATGTCTATCC..TGGAGCGTAA]
13:30:54.498 - INFO - CDS - contig=contig_18, start=18805, stop=19629, strand=-, nt=[ATGAGCTTTC..GAAGATGTAA]
13:30:54.498 - INFO - CDS - contig=contig_18, start=19867, stop=21525, strand=+, nt=[GTGAACAAGT..CCCCCGCTGA]
13:30:54.499 - INFO - CDS - contig=contig_18, start=21602, stop=21694, strand=+, nt=[ATGACTTACG..GATGTTCTGA]
13:30:54.499 - INFO - CDS - contig=contig_18, start=21823, stop=22857, strand=+, nt=[ATGAACGTGA..GCGTGGCTGA]
13:30:54.499 - INFO - CDS - contig=contig_18, start=22850, stop=23530, strand=+, nt=[GTGGCTGAGC..CACTCATTAA]
13:30:54.499 - INFO - CDS - contig=contig_18, start=23577, stop=24392, strand=+, nt=[ATGAAAAAGA..CGAGTACTGA]
13:30:54.499 - INFO - CDS - contig=contig_18, start=24462, stop=25649, strand=+, nt=[ATGGAGATTT..ATTTGGTTGA]
13:30:54.499 - INFO - CDS - contig=contig_18, start=25730, stop=26134, strand=-, nt=[ATGTATAAGA..CAAGCGCTGA]
13:30:54.500 - INFO - CDS - contig=contig_18, start=26149, stop=26580, strand=-, nt=[ATGTCCACAT..GATGGACTAA]
13:30:54.500 - INFO - CDS - contig=contig_18, start=26804, stop=27574, strand=+, nt=[ATGGAAAAGA..AGGGGAATAA]
13:30:54.500 - INFO - CDS - contig=contig_18, start=27702, stop=29153, strand=-, nt=[ATGAAAAACC..CAGGAAATAA]
13:30:54.500 - INFO - CDS - contig=contig_18, start=29255, stop=30586, strand=-, nt=[ATGAAAATCC..GTACATGTAA]
13:30:54.500 - INFO - CDS - contig=contig_18, start=30691, stop=31470, strand=-, nt=[ATGTTATTTG..CATCGGATAA]
13:30:54.500 - INFO - CDS - contig=contig_18, start=31632, stop=32612, strand=+, nt=[ATGGTCGAAA..GGCGATGTAA]
13:30:54.500 - INFO - CDS - contig=contig_18, start=32654, stop=33178, strand=-, nt=[ATGAACTACT..GGGCGAATAG]
13:30:54.500 - INFO - CDS - contig=contig_18, start=33175, stop=33756, strand=-, nt=[ATGAAACAAA..ATCATCATGA]
13:30:54.500 - INFO - CDS - contig=contig_18, start=33838, stop=36039, strand=-, nt=[ATGAAAATCA..CCATCTGTAA]
13:30:54.500 - INFO - CDS - contig=contig_18, start=36325, stop=37338, strand=+, nt=[GTGGAGAAGA..AAGAGGCTGA]
13:30:54.500 - INFO - CDS - contig=contig_18, start=37439, stop=38806, strand=+, nt=[ATGTATGACA..AAAGGAGTAA]
13:30:54.500 - INFO - CDS - contig=contig_18, start=38810, stop=39904, strand=+, nt=[ATGGAAGAGA..TATCGGATAA]
13:30:54.500 - INFO - CDS - contig=contig_18, start=39979, stop=41178, strand=-, nt=[ATGAAAGTAA..CGTCCAGTAA]
13:30:54.500 - INFO - CDS - contig=contig_18, start=41204, stop=42484, strand=-, nt=[ATGCCTTATG..GTTTAAGTAA]
13:30:54.500 - INFO - CDS - contig=contig_18, start=42487, stop=43077, strand=-, nt=[GTGAAGGAGA..AGGGAACTGA]
13:30:54.500 - INFO - CDS - contig=contig_19, start=65, stop=802, strand=+, frame=2, truncated=no, start-type=ATG, RBS-motif=AGGAG
13:30:54.500 - INFO - CDS - contig=contig_19, start=786, stop=1535, strand=+, frame=3, truncated=no, start-type=GTG, RBS-motif=AGGAGG
13:30:54.500 - INFO - CDS - contig=contig_19, start=1653, stop=2525, strand=-, frame=3, truncated=no, start-type=ATG, RBS-motif=AGxAGG/AGGxGG
13:30:54.500 - INFO - CDS - contig=contig_19, start=2522, stop=3916, strand=-, frame=1, truncated=no, start-type=ATG, RBS-motif=AGGA/GGAG/GAGG
13:30:54.500 - INFO - CDS - contig=contig_19, start=3916, stop=4506, strand=-, frame=2, truncated=no, start-type=ATG, RBS-motif=GGAGG
13:30:54.500 - INFO - CDS - contig=contig_19, start=4614, stop=5150, strand=+, frame=3, truncated=no, start-type=ATG, RBS-motif=GGAG/GAGG
13:30:54.500 - INFO - CDS - contig=contig_19, start=5329, stop=10281, strand=+, frame=1, truncated=no, start-type=ATG, RBS-motif=AGGA
13:30:54.501 - INFO - CDS - contig=contig_19, start=10278, stop=11588, strand=+, frame=3, truncated=no, start-type=ATG, RBS-motif=AGxAGG/AGGxGG
13:30:54.501 - INFO - CDS - contig=contig_19, start=11638, stop=12234, strand=-, frame=2, truncated=no, start-type=ATG, RBS-motif=AGGAGG
13:30:54.501 - INFO - CDS - contig=contig_19, start=12694, stop=13407, strand=-, frame=2, truncated=no, start-type=ATG, RBS-motif=AGGAGG
13:30:54.501 - INFO - CDS - contig=contig_19, start=13433, stop=14824, strand=-, frame=1, truncated=no, start-type=ATG, RBS-motif=GGAGG
13:30:54.501 - INFO - CDS - contig=contig_19, start=14821, stop=16596, strand=-, frame=2, truncated=no, start-type=TTG, RBS-motif=AGxAGG/AGGxGG
13:30:54.501 - INFO - CDS - contig=contig_19, start=16829, stop=17143, strand=-, frame=1, truncated=no, start-type=ATG, RBS-motif=3Base/5BMM
13:30:54.501 - INFO - CDS - contig=contig_19, start=17136, stop=18125, strand=-, frame=3, truncated=no, start-type=TTG, RBS-motif=AGGAG
13:30:54.501 - INFO - CDS - contig=contig_19, start=18153, stop=18845, strand=-, frame=3, truncated=no, start-type=ATG, RBS-motif=GGA/GAG/AGG
13:30:54.501 - INFO - CDS - contig=contig_19, start=18868, stop=19395, strand=-, frame=2, truncated=no, start-type=ATG, RBS-motif=AGGAGG
13:30:54.501 - INFO - CDS - contig=contig_19, start=19409, stop=21358, strand=-, frame=1, truncated=no, start-type=ATG, RBS-motif=GGAG/GAGG
13:30:54.501 - INFO - CDS - contig=contig_19, start=21360, stop=21674, strand=-, frame=3, truncated=no, start-type=ATG, RBS-motif=AGxAGG/AGGxGG
13:30:54.501 - INFO - CDS - contig=contig_19, start=21877, stop=22992, strand=-, frame=2, truncated=no, start-type=TTG, RBS-motif=AGGAG
13:30:54.501 - INFO - CDS - contig=contig_19, start=23153, stop=23605, strand=-, frame=1, truncated=no, start-type=ATG, RBS-motif=AGGA
13:30:54.501 - INFO - CDS - contig=contig_19, start=23721, stop=24338, strand=-, frame=3, truncated=no, start-type=ATG, RBS-motif=AGxAGG/AGGxGG
13:30:54.501 - INFO - CDS - contig=contig_19, start=24433, stop=26268, strand=-, frame=2, truncated=no, start-type=TTG, RBS-motif=GGA/GAG/AGG
13:30:54.501 - INFO - CDS - contig=contig_19, start=26298, stop=28394, strand=-, frame=3, truncated=no, start-type=ATG, RBS-motif=GGAG/GAGG
13:30:54.501 - INFO - CDS - contig=contig_19, start=28406, stop=28921, strand=-, frame=1, truncated=no, start-type=ATG, RBS-motif=AGGAGG
13:30:54.502 - INFO - CDS - contig=contig_19, start=28953, stop=29813, strand=-, frame=3, truncated=no, start-type=TTG, RBS-motif=GGAG/GAGG
13:30:54.502 - INFO - CDS - contig=contig_19, start=29847, stop=30431, strand=-, frame=3, truncated=no, start-type=ATG, RBS-motif=GGA/GAG/AGG
13:30:54.502 - INFO - CDS - contig=contig_19, start=30435, stop=30920, strand=-, frame=3, truncated=no, start-type=ATG, RBS-motif=AGGAG
13:30:54.502 - INFO - CDS - contig=contig_19, start=30922, stop=33003, strand=-, frame=2, truncated=no, start-type=ATG, RBS-motif=GGA/GAG/AGG
13:30:54.502 - INFO - CDS - contig=contig_19, start=33005, stop=33325, strand=-, frame=1, truncated=no, start-type=ATG, RBS-motif=AGGAGG
13:30:54.502 - INFO - CDS - contig=contig_19, start=33489, stop=35852, strand=-, frame=3, truncated=no, start-type=ATG, RBS-motif=GGAGG
13:30:54.502 - INFO - CDS - contig=contig_19, start=35970, stop=36974, strand=-, frame=3, truncated=no, start-type=ATG, RBS-motif=AGGAGG
13:30:54.502 - INFO - CDS - contig=contig_19, start=36975, stop=37943, strand=-, frame=3, truncated=no, start-type=GTG, RBS-motif=GGAGG
13:30:54.502 - INFO - CDS - contig=contig_19, start=38022, stop=39278, strand=-, frame=3, truncated=no, start-type=TTG, RBS-motif=AGxAGG/AGGxGG
13:30:54.502 - INFO - CDS - contig=contig_19, start=39275, stop=40399, strand=-, frame=1, truncated=no, start-type=ATG, RBS-motif=AGGAGG
13:30:54.502 - INFO - CDS - contig=contig_19, start=40555, stop=40689, strand=+, frame=1, truncated=no, start-type=ATG, RBS-motif=AGGAG
13:30:54.502 - INFO - CDS - contig=contig_19, start=65, stop=802, strand=+, nt=[ATGTTTGACG..TCAGCGGTGA]
13:30:54.502 - INFO - CDS - contig=contig_19, start=786, stop=1535, strand=+, nt=[GTGGCGATCA..GGTGCTCTGA]
13:30:54.502 - INFO - CDS - contig=contig_19, start=1653, stop=2525, strand=-, nt=[ATGAAGAGAT..GCTGGAATGA]
13:30:54.502 - INFO - CDS - contig=contig_19, start=2522, stop=3916, strand=-, nt=[ATGGAGGATA..AACGCCATGA]
13:30:54.502 - INFO - CDS - contig=contig_19, start=3916, stop=4506, strand=-, nt=[ATGAGCTGTA..CAATACCTGA]
13:30:54.502 - INFO - CDS - contig=contig_19, start=4614, stop=5150, strand=+, nt=[ATGGATAGTT..GCTGATATGA]
13:30:54.502 - INFO - CDS - contig=contig_19, start=5329, stop=10281, strand=+, nt=[ATGAGAAGGA..TGGGAAATGA]
13:30:54.502 - INFO - CDS - contig=contig_19, start=10278, stop=11588, strand=+, nt=[ATGAGAGGGA..GGCGGACTGA]
13:30:54.502 - INFO - CDS - contig=contig_19, start=11638, stop=12234, strand=-, nt=[ATGGAAGAAC..AACAAGATAA]
13:30:54.502 - INFO - CDS - contig=contig_19, start=12694, stop=13407, strand=-, nt=[ATGCCCGCTT..GCAGGTGTAA]
13:30:54.502 - INFO - CDS - contig=contig_19, start=13433, stop=14824, strand=-, nt=[ATGATTCGTG..TAAGGGATGA]
13:30:54.503 - INFO - CDS - contig=contig_19, start=14821, stop=16596, strand=-, nt=[TTGAGCGGAA..GGACGCATGA]
13:30:54.503 - INFO - CDS - contig=contig_19, start=16829, stop=17143, strand=-, nt=[ATGTCTGAGT..TATTCTGTAA]
13:30:54.503 - INFO - CDS - contig=contig_19, start=17136, stop=18125, strand=-, nt=[TTGAAAGATA..CTATGTCTGA]
13:30:54.503 - INFO - CDS - contig=contig_19, start=18153, stop=18845, strand=-, nt=[ATGAACGGAT..CGGGCCCTGA]
13:30:54.503 - INFO - CDS - contig=contig_19, start=18868, stop=19395, strand=-, nt=[ATGGATCTCA..GCAGTTCTGA]
13:30:54.503 - INFO - CDS - contig=contig_19, start=19409, stop=21358, strand=-, nt=[ATGTCCATCG..CAATCAATAA]
13:30:54.503 - INFO - CDS - contig=contig_19, start=21360, stop=21674, strand=-, nt=[ATGTCTATGG..GAGAGGCTGA]
13:30:54.503 - INFO - CDS - contig=contig_19, start=21877, stop=22992, strand=-, nt=[TTGAGATCCA..CGGGGCGTGA]
13:30:54.503 - INFO - CDS - contig=contig_19, start=23153, stop=23605, strand=-, nt=[ATGGATCGTA..CAAAAAGTGA]
13:30:54.503 - INFO - CDS - contig=contig_19, start=23721, stop=24338, strand=-, nt=[ATGAAGCTCA..GGCGGGATAA]
13:30:54.503 - INFO - CDS - contig=contig_19, start=24433, stop=26268, strand=-, nt=[TTGCAGATTG..GGGCGCCTGA]
13:30:54.503 - INFO - CDS - contig=contig_19, start=26298, stop=28394, strand=-, nt=[ATGGAGGGAA..GGCCCGTTGA]
13:30:54.503 - INFO - CDS - contig=contig_19, start=28406, stop=28921, strand=-, nt=[ATGACCACCA..CGTACTATGA]
13:30:54.503 - INFO - CDS - contig=contig_19, start=28953, stop=29813, strand=-, nt=[TTGCCTGTGA..GGTGGACTAA]
13:30:54.503 - INFO - CDS - contig=contig_19, start=29847, stop=30431, strand=-, nt=[ATGGACATCG..AGAAAAATGA]
13:30:54.503 - INFO - CDS - contig=contig_19, start=30435, stop=30920, strand=-, nt=[ATGGAGCTAA..AAGGGGCTGA]
13:30:54.503 - INFO - CDS - contig=contig_19, start=30922, stop=33003, strand=-, nt=[ATGCTGGAGC..AGTGGAATGA]
13:30:54.503 - INFO - CDS - contig=contig_19, start=33005, stop=33325, strand=-, nt=[ATGCAAAACA..CAAGAAGTAA]
13:30:54.503 - INFO - CDS - contig=contig_19, start=33489, stop=35852, strand=-, nt=[ATGAAACTGA..ATCCACCTGA]
13:30:54.503 - INFO - CDS - contig=contig_19, start=35970, stop=36974, strand=-, nt=[ATGGGATATG..CGCCCTGTAG]
13:30:54.503 - INFO - CDS - contig=contig_19, start=36975, stop=37943, strand=-, nt=[GTGGCCAATG..GGGAAAGTAA]
13:30:54.503 - INFO - CDS - contig=contig_19, start=38022, stop=39278, strand=-, nt=[TTGATCTTCG..AGAAATATAA]
13:30:54.503 - INFO - CDS - contig=contig_19, start=39275, stop=40399, strand=-, nt=[ATGCTGTCAC..AGCCTTTTGA]
13:30:54.503 - INFO - CDS - contig=contig_19, start=40555, stop=40689, strand=+, nt=[ATGACAGAGC..GGCGGCCTGA]
13:30:54.529 - INFO - CDS - contig=contig_20, start=58, stop=246, strand=-, frame=1, truncated=no, start-type=ATG, RBS-motif=AGGAGG
13:30:54.529 - INFO - CDS - contig=contig_20, start=407, stop=757, strand=+, frame=2, truncated=no, start-type=ATG, RBS-motif=AGGA
13:30:54.529 - INFO - CDS - contig=contig_20, start=774, stop=2453, strand=+, frame=3, truncated=no, start-type=ATG, RBS-motif=GGA/GAG/AGG
13:30:54.529 - INFO - CDS - contig=contig_20, start=2522, stop=3376, strand=+, frame=2, truncated=no, start-type=ATG, RBS-motif=AGGAG/GGAGG
13:30:54.529 - INFO - CDS - contig=contig_20, start=3437, stop=4879, strand=+, frame=2, truncated=no, start-type=ATG, RBS-motif=AGGA
13:30:54.529 - INFO - CDS - contig=contig_20, start=4958, stop=5410, strand=-, frame=3, truncated=no, start-type=ATG, RBS-motif=AGGAGG
13:30:54.529 - INFO - CDS - contig=contig_20, start=5596, stop=5703, strand=+, frame=1, truncated=no, start-type=ATG, RBS-motif=GGAG/GAGG
13:30:54.529 - INFO - CDS - contig=contig_20, start=5819, stop=6838, strand=+, frame=2, truncated=no, start-type=ATG, RBS-motif=AGGAG
13:30:54.530 - INFO - CDS - contig=contig_20, start=6884, stop=7948, strand=+, frame=2, truncated=no, start-type=ATG, RBS-motif=GGAGG
13:30:54.530 - INFO - CDS - contig=contig_20, start=7945, stop=9195, strand=+, frame=1, truncated=no, start-type=ATG, RBS-motif=GGAGG
13:30:54.530 - INFO - CDS - contig=contig_20, start=9192, stop=10235, strand=+, frame=3, truncated=no, start-type=ATG, RBS-motif=AGGAGG
13:30:54.530 - INFO - CDS - contig=contig_20, start=10301, stop=11458, strand=+, frame=2, truncated=no, start-type=ATG, RBS-motif=AGGA
13:30:54.530 - INFO - CDS - contig=contig_20, start=11455, stop=11988, strand=+, frame=1, truncated=no, start-type=ATG, RBS-motif=GGA/GAG/AGG
13:30:54.530 - INFO - CDS - contig=contig_20, start=11985, stop=12413, strand=+, frame=3, truncated=no, start-type=ATG, RBS-motif=GGAGG
13:30:54.530 - INFO - CDS - contig=contig_20, start=12486, stop=15161, strand=+, frame=3, truncated=no, start-type=TTG, RBS-motif=AGGAGG
13:30:54.530 - INFO - CDS - contig=contig_20, start=15158, stop=16087, strand=+, frame=2, truncated=no, start-type=ATG, RBS-motif=GGAG/GAGG
13:30:54.530 - INFO - CDS - contig=contig_20, start=16352, stop=17389, strand=+, frame=2, truncated=no, start-type=ATG, RBS-motif=AGGAG
13:30:54.530 - INFO - CDS - contig=contig_20, start=17487, stop=18008, strand=+, frame=3, truncated=no, start-type=ATG, RBS-motif=GGAGG
13:30:54.530 - INFO - CDS - contig=contig_20, start=18005, stop=19303, strand=+, frame=2, truncated=no, start-type=ATG, RBS-motif=AGGAGG
13:30:54.530 - INFO - CDS - contig=contig_20, start=19300, stop=20511, strand=+, frame=1, truncated=no, start-type=ATG, RBS-motif=None
13:30:54.530 - INFO - CDS - contig=contig_20, start=20530, stop=21342, strand=+, frame=1, truncated=no, start-type=ATG, RBS-motif=AGGAGG
13:30:54.530 - INFO - CDS - contig=contig_20, start=21389, stop=21925, strand=+, frame=2, truncated=no, start-type=ATG, RBS-motif=GGA/GAG/AGG
13:30:54.530 - INFO - CDS - contig=contig_20, start=22044, stop=22985, strand=+, frame=3, truncated=no, start-type=ATG, RBS-motif=GGA/GAG/AGG
13:30:54.531 - INFO - CDS - contig=contig_20, start=23001, stop=23822, strand=+, frame=3, truncated=no, start-type=TTG, RBS-motif=AGGAGG
13:30:54.531 - INFO - CDS - contig=contig_20, start=23856, stop=26219, strand=+, frame=3, truncated=no, start-type=ATG, RBS-motif=GGAGG
13:30:54.531 - INFO - CDS - contig=contig_20, start=26314, stop=26931, strand=-, frame=1, truncated=no, start-type=ATG, RBS-motif=GGAGG
13:30:54.531 - INFO - CDS - contig=contig_20, start=26928, stop=27710, strand=-, frame=2, truncated=no, start-type=ATG, RBS-motif=GGAG/GAGG
13:30:54.531 - INFO - CDS - contig=contig_20, start=27775, stop=28281, strand=-, frame=1, truncated=no, start-type=ATG, RBS-motif=AGGAGG
13:30:54.531 - INFO - CDS - contig=contig_20, start=28394, stop=29758, strand=+, frame=2, truncated=no, start-type=ATG, RBS-motif=GGAGG
13:30:54.531 - INFO - CDS - contig=contig_20, start=29787, stop=30059, strand=-, frame=2, truncated=no, start-type=ATG, RBS-motif=GGA/GAG/AGG
13:30:54.531 - INFO - CDS - contig=contig_20, start=30136, stop=30474, strand=+, frame=1, truncated=no, start-type=ATG, RBS-motif=AGxAGG/AGGxGG
13:30:54.531 - INFO - CDS - contig=contig_20, start=30556, stop=31824, strand=+, frame=1, truncated=no, start-type=ATG, RBS-motif=GGAGG
13:30:54.531 - INFO - CDS - contig=contig_20, start=31859, stop=32638, strand=+, frame=2, truncated=no, start-type=TTG, RBS-motif=GGAGG
13:30:54.531 - INFO - CDS - contig=contig_20, start=32657, stop=33574, strand=+, frame=2, truncated=no, start-type=ATG, RBS-motif=GGAGG
13:30:54.531 - INFO - CDS - contig=contig_20, start=33692, stop=35917, strand=+, frame=2, truncated=no, start-type=ATG, RBS-motif=AGGAG
13:30:54.531 - INFO - CDS - contig=contig_20, start=36034, stop=36744, strand=-, frame=1, truncated=no, start-type=ATG, RBS-motif=AGGAGG
13:30:54.531 - INFO - CDS - contig=contig_20, start=36746, stop=37600, strand=-, frame=3, truncated=no, start-type=ATG, RBS-motif=AGGAGG
13:30:54.531 - INFO - CDS - contig=contig_20, start=37597, stop=38703, strand=-, frame=1, truncated=no, start-type=ATG, RBS-motif=AGxAGG/AGGxGG
13:30:54.531 - INFO - CDS - contig=contig_20, start=38714, stop=39616, strand=-, frame=3, truncated=no, start-type=ATG, RBS-motif=GGAG/GAGG
13:30:54.532 - INFO - CDS - contig=contig_20, start=58, stop=246, strand=-, nt=[ATGAAAATCG..GGAGGACTAA]
13:30:54.532 - INFO - CDS - contig=contig_20, start=407, stop=757, strand=+, nt=[ATGAAGCTGC..CATCGGCTGA]
13:30:54.532 - INFO - CDS - contig=contig_20, start=774, stop=2453, strand=+, nt=[ATGATCACTA..TGCTGAATAG]
13:30:54.532 - INFO - CDS - contig=contig_20, start=2522, stop=3376, strand=+, nt=[ATGTTAGGCA..GAGCTCTTGA]
13:30:54.532 - INFO - CDS - contig=contig_20, start=3437, stop=4879, strand=+, nt=[ATGGAACAGG..CGCCTATTAA]
13:30:54.532 - INFO - CDS - contig=contig_20, start=4958, stop=5410, strand=-, nt=[ATGATCATGA..GCGTTTCTAA]
13:30:54.532 - INFO - CDS - contig=contig_20, start=5596, stop=5703, strand=+, nt=[ATGAACGCTT..GACGAAATGA]
13:30:54.532 - INFO - CDS - contig=contig_20, start=5819, stop=6838, strand=+, nt=[ATGGTCGTCG..GGTAAAATAA]
13:30:54.532 - INFO - CDS - contig=contig_20, start=6884, stop=7948, strand=+, nt=[ATGAAAACCC..ACTGAGATGA]
13:30:54.532 - INFO - CDS - contig=contig_20, start=7945, stop=9195, strand=+, nt=[ATGACCCTCA..AAGGGCATGA]
13:30:54.532 - INFO - CDS - contig=contig_20, start=9192, stop=10235, strand=+, nt=[ATGAAATATA..AGGGATCTGA]
13:30:54.532 - INFO - CDS - contig=contig_20, start=10301, stop=11458, strand=+, nt=[ATGTCCCAAT..TGAGAGATGA]
13:30:54.532 - INFO - CDS - contig=contig_20, start=11455, stop=11988, strand=+, nt=[ATGAAAAATA..AGGGATATGA]
13:30:54.532 - INFO - CDS - contig=contig_20, start=11985, stop=12413, strand=+, nt=[ATGAAATTTC..GAAACAGTAA]
13:30:54.532 - INFO - CDS - contig=contig_20, start=12486, stop=15161, strand=+, nt=[TTGGATAAAC..ACAGCGATGA]
13:30:54.532 - INFO - CDS - contig=contig_20, start=15158, stop=16087, strand=+, nt=[ATGACGGTAA..ATCTATATAA]
13:30:54.532 - INFO - CDS - contig=contig_20, start=16352, stop=17389, strand=+, nt=[ATGAAAAAAG..CTCCAAGTGA]
13:30:54.532 - INFO - CDS - contig=contig_20, start=17487, stop=18008, strand=+, nt=[ATGAAAAACT..GCAGAGATGA]
13:30:54.532 - INFO - CDS - contig=contig_20, start=18005, stop=19303, strand=+, nt=[ATGAGCGCAC..GCTGAAATGA]
13:30:54.532 - INFO - CDS - contig=contig_20, start=19300, stop=20511, strand=+, nt=[ATGAACGGGG..GGCAGAATAA]
13:30:54.532 - INFO - CDS - contig=contig_20, start=20530, stop=21342, strand=+, nt=[ATGGAGCTTC..GGACAGCTGA]
13:30:54.532 - INFO - CDS - contig=contig_20, start=21389, stop=21925, strand=+, nt=[ATGCTTGGAG..GAGAACCTGA]
13:30:54.532 - INFO - CDS - contig=contig_20, start=22044, stop=22985, strand=+, nt=[ATGGAGGAAA..GATCCAGTAA]
13:30:54.532 - INFO - CDS - contig=contig_20, start=23001, stop=23822, strand=+, nt=[TTGAGCGAGG..CGTGCGCTGA]
13:30:54.532 - INFO - CDS - contig=contig_20, start=23856, stop=26219, strand=+, nt=[ATGACGGAAC..CTGCTCCTGA]
13:30:54.532 - INFO - CDS - contig=contig_20, start=26314, stop=26931, strand=-, nt=[ATGATGACCA..TCCCGACTGA]
13:30:54.532 - INFO - CDS - contig=contig_20, start=26928, stop=27710, strand=-, nt=[ATGCGTCTGT..TTCTCTATGA]
13:30:54.532 - INFO - CDS - contig=contig_20, start=27775, stop=28281, strand=-, nt=[ATGAAAAGAA..GGCCCTGTAA]
13:30:54.532 - INFO - CDS - contig=contig_20, start=28394, stop=29758, strand=+, nt=[ATGACCGAGT..TGAGCAATAA]
13:30:54.532 - INFO - CDS - contig=contig_20, start=29787, stop=30059, strand=-, nt=[ATGAGACAAG..CGAAGCATAA]
13:30:54.532 - INFO - CDS - contig=contig_20, start=30136, stop=30474, strand=+, nt=[ATGCCAAAGA..ACTCCAATGA]
13:30:54.532 - INFO - CDS - contig=contig_20, start=30556, stop=31824, strand=+, nt=[ATGGATATGA..GACCGGCTGA]
13:30:54.533 - INFO - CDS - contig=contig_20, start=31859, stop=32638, strand=+, nt=[TTGGAACAGG..ACTACCCTAA]
13:30:54.533 - INFO - CDS - contig=contig_20, start=32657, stop=33574, strand=+, nt=[ATGTATGACA..GGAAAAATAA]
13:30:54.533 - INFO - CDS - contig=contig_20, start=33692, stop=35917, strand=+, nt=[ATGAAGTATC..CTCCCACTAA]
13:30:54.533 - INFO - CDS - contig=contig_20, start=36034, stop=36744, strand=-, nt=[ATGTCCGCCA..GGGCGGCTGA]
13:30:54.533 - INFO - CDS - contig=contig_20, start=36746, stop=37600, strand=-, nt=[ATGAGCAAGC..GGTGGAGTGA]
13:30:54.533 - INFO - CDS - contig=contig_20, start=37597, stop=38703, strand=-, nt=[ATGAAGAAAT..GGCGCAATGA]
13:30:54.533 - INFO - CDS - contig=contig_20, start=38714, stop=39616, strand=-, nt=[ATGGAATTTC..GAAAGTTTGA]
13:30:54.533 - INFO - CDS - contig=contig_21, start=90, stop=1301, strand=-, frame=3, truncated=no, start-type=ATG, RBS-motif=AGxAGG/AGGxGG
13:30:54.533 - INFO - CDS - contig=contig_21, start=1522, stop=3192, strand=+, frame=1, truncated=no, start-type=ATG, RBS-motif=GGA/GAG/AGG
13:30:54.533 - INFO - CDS - contig=contig_21, start=3262, stop=5154, strand=-, frame=2, truncated=no, start-type=ATG, RBS-motif=AGGAGG
13:30:54.533 - INFO - CDS - contig=contig_21, start=5333, stop=6346, strand=+, frame=2, truncated=no, start-type=ATG, RBS-motif=AGGAG
13:30:54.533 - INFO - CDS - contig=contig_21, start=6409, stop=6903, strand=-, frame=2, truncated=no, start-type=ATG, RBS-motif=AGGAGG
13:30:54.533 - INFO - CDS - contig=contig_21, start=6917, stop=7267, strand=-, frame=1, truncated=no, start-type=ATG, RBS-motif=AGGAGG
13:30:54.533 - INFO - CDS - contig=contig_21, start=7293, stop=8855, strand=-, frame=3, truncated=no, start-type=ATG, RBS-motif=AGxAGG/AGGxGG
13:30:54.533 - INFO - CDS - contig=contig_21, start=8895, stop=9845, strand=-, frame=3, truncated=no, start-type=ATG, RBS-motif=GGAG/GAGG
13:30:54.533 - INFO - CDS - contig=contig_21, start=10201, stop=11733, strand=+, frame=1, truncated=no, start-type=GTG, RBS-motif=GGAG/GAGG
13:30:54.533 - INFO - CDS - contig=contig_21, start=11730, stop=12755, strand=+, frame=3, truncated=no, start-type=ATG, RBS-motif=GGAGG
13:30:54.533 - INFO - CDS - contig=contig_21, start=12752, stop=13822, strand=+, frame=2, truncated=no, start-type=ATG, RBS-motif=AGGAGG
13:30:54.534 - INFO - CDS - contig=contig_21, start=13883, stop=15031, strand=+, frame=2, truncated=no, start-type=ATG, RBS-motif=AGGAGG
13:30:54.534 - INFO - CDS - contig=contig_21, start=15229, stop=16113, strand=+, frame=1, truncated=no, start-type=ATG, RBS-motif=AGGAGG
13:30:54.534 - INFO - CDS - contig=contig_21, start=16189, stop=17115, strand=+, frame=1, truncated=no, start-type=ATG, RBS-motif=AGGAGG
13:30:54.534 - INFO - CDS - contig=contig_21, start=17135, stop=17722, strand=+, frame=2, truncated=no, start-type=ATG, RBS-motif=GGA/GAG/AGG
13:30:54.534 - INFO - CDS - contig=contig_21, start=17916, stop=19451, strand=+, frame=3, truncated=no, start-type=ATG, RBS-motif=GGAGG
13:30:54.534 - INFO - CDS - contig=contig_21, start=19501, stop=20130, strand=-, frame=2, truncated=no, start-type=ATG, RBS-motif=GGAG/GAGG
13:30:54.534 - INFO - CDS - contig=contig_21, start=20260, stop=21120, strand=+, frame=1, truncated=no, start-type=ATG, RBS-motif=GGAGG
13:30:54.534 - INFO - CDS - contig=contig_21, start=21126, stop=21716, strand=+, frame=3, truncated=no, start-type=ATG, RBS-motif=GGAG/GAGG
13:30:54.534 - INFO - CDS - contig=contig_21, start=21917, stop=23275, strand=+, frame=2, truncated=no, start-type=ATG, RBS-motif=AGGAGG
13:30:54.534 - INFO - CDS - contig=contig_21, start=23323, stop=24855, strand=-, frame=2, truncated=no, start-type=ATG, RBS-motif=AGGAGG
13:30:54.534 - INFO - CDS - contig=contig_21, start=24881, stop=25801, strand=-, frame=1, truncated=no, start-type=ATG, RBS-motif=AGGAG(G)/GGAGG
13:30:54.534 - INFO - CDS - contig=contig_21, start=25809, stop=27035, strand=-, frame=3, truncated=no, start-type=ATG, RBS-motif=GGA/GAG/AGG
13:30:54.534 - INFO - CDS - contig=contig_21, start=27311, stop=28084, strand=+, frame=2, truncated=no, start-type=ATG, RBS-motif=GGAGG
13:30:54.534 - INFO - CDS - contig=contig_21, start=28303, stop=29448, strand=+, frame=1, truncated=no, start-type=ATG, RBS-motif=AGGAGG
13:30:54.534 - INFO - CDS - contig=contig_21, start=29464, stop=30705, strand=+, frame=1, truncated=no, start-type=GTG, RBS-motif=GGAGG
13:30:54.535 - INFO - CDS - contig=contig_21, start=30719, stop=32008, strand=+, frame=2, truncated=no, start-type=ATG, RBS-motif=GGAG/GAGG
13:30:54.535 - INFO - CDS - contig=contig_21, start=32022, stop=33305, strand=+, frame=3, truncated=no, start-type=ATG, RBS-motif=GGAG/GAGG
13:30:54.535 - INFO - CDS - contig=contig_21, start=33302, stop=34426, strand=+, frame=2, truncated=no, start-type=ATG, RBS-motif=AGxAGG/AGGxGG
13:30:54.535 - INFO - CDS - contig=contig_21, start=34476, stop=35597, strand=+, frame=3, truncated=no, start-type=ATG, RBS-motif=AGGAGG
13:30:54.535 - INFO - CDS - contig=contig_21, start=90, stop=1301, strand=-, nt=[ATGGAAAAGA..GAAGCTGTAA]
13:30:54.535 - INFO - CDS - contig=contig_21, start=1522, stop=3192, strand=+, nt=[ATGAAAAAGC..GGAGCTGTAA]
13:30:54.535 - INFO - CDS - contig=contig_21, start=3262, stop=5154, strand=-, nt=[ATGAGACGAT..GAAAGCGTAA]
13:30:54.535 - INFO - CDS - contig=contig_21, start=5333, stop=6346, strand=+, nt=[ATGGCAAAGA..CCTGCTGTAA]
13:30:54.535 - INFO - CDS - contig=contig_21, start=6409, stop=6903, strand=-, nt=[ATGAAAACCA..CACCCTTTGA]
13:30:54.535 - INFO - CDS - contig=contig_21, start=6917, stop=7267, strand=-, nt=[ATGTTTGTCA..GGTCTACTGA]
13:30:54.535 - INFO - CDS - contig=contig_21, start=7293, stop=8855, strand=-, nt=[ATGGCAAAGT..CGGCCTGTAA]
13:30:54.535 - INFO - CDS - contig=contig_21, start=8895, stop=9845, strand=-, nt=[ATGGAAGAGA..GGAACCGTAA]
13:30:54.535 - INFO - CDS - contig=contig_21, start=10201, stop=11733, strand=+, nt=[GTGGAAACCA..ACAGGCATGA]
13:30:54.535 - INFO - CDS - contig=contig_21, start=11730, stop=12755, strand=+, nt=[ATGAGCGCAG..CGGGAAATGA]
13:30:54.535 - INFO - CDS - contig=contig_21, start=12752, stop=13822, strand=+, nt=[ATGAGCAAGC..CGTCCGGTAA]
13:30:54.535 - INFO - CDS - contig=contig_21, start=13883, stop=15031, strand=+, nt=[ATGAAAAAGA..CGATTTCTGA]
13:30:54.535 - INFO - CDS - contig=contig_21, start=15229, stop=16113, strand=+, nt=[ATGGCTGATC..CAGCAAGTAA]
13:30:54.535 - INFO - CDS - contig=contig_21, start=16189, stop=17115, strand=+, nt=[ATGGCATTGC..CCTGACCTGA]
13:30:54.535 - INFO - CDS - contig=contig_21, start=17135, stop=17722, strand=+, nt=[ATGGCAAAGC..CCCTGGTTAA]
13:30:54.535 - INFO - CDS - contig=contig_21, start=17916, stop=19451, strand=+, nt=[ATGACCACAG..GGGCAAATAA]
13:30:54.535 - INFO - CDS - contig=contig_21, start=19501, stop=20130, strand=-, nt=[ATGAGAACGC..GAGCGAATAA]
13:30:54.535 - INFO - CDS - contig=contig_21, start=20260, stop=21120, strand=+, nt=[ATGCGGCAAA..TGGAGTGTGA]
13:30:54.535 - INFO - CDS - contig=contig_21, start=21126, stop=21716, strand=+, nt=[ATGGAACAGC..GGCAGAGTAA]
13:30:54.535 - INFO - CDS - contig=contig_21, start=21917, stop=23275, strand=+, nt=[ATGGATATTT..CATTGTATAA]
13:30:54.535 - INFO - CDS - contig=contig_21, start=23323, stop=24855, strand=-, nt=[ATGACTTACC..CCCGGAATAA]
13:30:54.536 - INFO - CDS - contig=contig_21, start=24881, stop=25801, strand=-, nt=[ATGATATATG..CCTGGTCTGA]
13:30:54.536 - INFO - CDS - contig=contig_21, start=25809, stop=27035, strand=-, nt=[ATGAAGCGAC..GGAGAGCTGA]
13:30:54.536 - INFO - CDS - contig=contig_21, start=27311, stop=28084, strand=+, nt=[ATGATCACTA..GATGCAATAA]
13:30:54.536 - INFO - CDS - contig=contig_21, start=28303, stop=29448, strand=+, nt=[ATGGTCAACA..CTTCAAATAA]
13:30:54.536 - INFO - CDS - contig=contig_21, start=29464, stop=30705, strand=+, nt=[GTGGGTCCTT..GAAAGGCTGA]
13:30:54.536 - INFO - CDS - contig=contig_21, start=30719, stop=32008, strand=+, nt=[ATGTATATTG..TAAGGATTGA]
13:30:54.536 - INFO - CDS - contig=contig_21, start=32022, stop=33305, strand=+, nt=[ATGGAAGAAA..CAAAAAATGA]
13:30:54.536 - INFO - CDS - contig=contig_21, start=33302, stop=34426, strand=+, nt=[ATGATGGAAC..GTTGGGCTGA]
13:30:54.536 - INFO - CDS - contig=contig_21, start=34476, stop=35597, strand=+, nt=[ATGAATCGAA..CACTGGCTGA]
13:30:54.543 - INFO - CDS - contig=contig_22, start=95, stop=418, strand=+, frame=2, truncated=no, start-type=GTG, RBS-motif=GGAGG
13:30:54.543 - INFO - CDS - contig=contig_22, start=418, stop=1764, strand=+, frame=1, truncated=no, start-type=ATG, RBS-motif=AGGAGG
13:30:54.543 - INFO - CDS - contig=contig_22, start=1808, stop=2728, strand=-, frame=1, truncated=no, start-type=ATG, RBS-motif=GGAG/GAGG
13:30:54.543 - INFO - CDS - contig=contig_22, start=2759, stop=3778, strand=-, frame=1, truncated=no, start-type=ATG, RBS-motif=AGGA
13:30:54.543 - INFO - CDS - contig=contig_22, start=3799, stop=4989, strand=-, frame=2, truncated=no, start-type=ATG, RBS-motif=AGGAGG
13:30:54.543 - INFO - CDS - contig=contig_22, start=5026, stop=5697, strand=-, frame=2, truncated=no, start-type=GTG, RBS-motif=AGGAGG
13:30:54.543 - INFO - CDS - contig=contig_22, start=5844, stop=7061, strand=+, frame=3, truncated=no, start-type=ATG, RBS-motif=AGxAG
13:30:54.544 - INFO - CDS - contig=contig_22, start=7305, stop=7964, strand=+, frame=3, truncated=no, start-type=ATG, RBS-motif=AGGA
13:30:54.544 - INFO - CDS - contig=contig_22, start=7971, stop=8390, strand=+, frame=3, truncated=no, start-type=ATG, RBS-motif=GGAG/GAGG
13:30:54.544 - INFO - CDS - contig=contig_22, start=8430, stop=9032, strand=+, frame=3, truncated=no, start-type=ATG, RBS-motif=GGAG/GAGG
13:30:54.544 - INFO - CDS - contig=contig_22, start=9132, stop=10379, strand=+, frame=3, truncated=no, start-type=ATG, RBS-motif=AGGAG
13:30:54.544 - INFO - CDS - contig=contig_22, start=10376, stop=10819, strand=+, frame=2, truncated=no, start-type=ATG, RBS-motif=GGAG/GAGG
13:30:54.544 - INFO - CDS - contig=contig_22, start=10921, stop=11388, strand=+, frame=1, truncated=no, start-type=ATG, RBS-motif=AGGAGG
13:30:54.544 - INFO - CDS - contig=contig_22, start=11385, stop=12746, strand=+, frame=3, truncated=no, start-type=ATG, RBS-motif=AGGAGG
13:30:54.544 - INFO - CDS - contig=contig_22, start=12810, stop=13661, strand=+, frame=3, truncated=no, start-type=GTG, RBS-motif=AGGA
13:30:54.544 - INFO - CDS - contig=contig_22, start=13669, stop=14439, strand=-, frame=2, truncated=no, start-type=ATG, RBS-motif=AGxAGG/AGGxGG
13:30:54.544 - INFO - CDS - contig=contig_22, start=14563, stop=15009, strand=-, frame=2, truncated=no, start-type=ATG, RBS-motif=AGGAG
13:30:54.544 - INFO - CDS - contig=contig_22, start=15078, stop=15812, strand=-, frame=3, truncated=no, start-type=ATG, RBS-motif=AGGAGG
13:30:54.544 - INFO - CDS - contig=contig_22, start=15809, stop=16597, strand=-, frame=1, truncated=no, start-type=ATG, RBS-motif=GGxGG
13:30:54.544 - INFO - CDS - contig=contig_22, start=16597, stop=17409, strand=-, frame=2, truncated=no, start-type=ATG, RBS-motif=GGAGG
13:30:54.544 - INFO - CDS - contig=contig_22, start=17406, stop=18356, strand=-, frame=3, truncated=no, start-type=ATG, RBS-motif=GGA/GAG/AGG
13:30:54.544 - INFO - CDS - contig=contig_22, start=18360, stop=19904, strand=-, frame=3, truncated=no, start-type=ATG, RBS-motif=AGGA
13:30:54.544 - INFO - CDS - contig=contig_22, start=20147, stop=20665, strand=-, frame=1, truncated=no, start-type=ATG, RBS-motif=AGGA
13:30:54.544 - INFO - CDS - contig=contig_22, start=20809, stop=21189, strand=+, frame=1, truncated=no, start-type=ATG, RBS-motif=AGGAGG
13:30:54.544 - INFO - CDS - contig=contig_22, start=21218, stop=21940, strand=-, frame=1, truncated=no, start-type=ATG, RBS-motif=AGGAGG
13:30:54.545 - INFO - CDS - contig=contig_22, start=21965, stop=22777, strand=-, frame=1, truncated=no, start-type=ATG, RBS-motif=AGxAGG/AGGxGG
13:30:54.545 - INFO - CDS - contig=contig_22, start=23212, stop=23376, strand=+, frame=1, truncated=no, start-type=ATG, RBS-motif=AGGAGG
13:30:54.545 - INFO - CDS - contig=contig_22, start=23425, stop=23757, strand=+, frame=1, truncated=no, start-type=ATG, RBS-motif=AGxAGG/AGGxGG
13:30:54.545 - INFO - CDS - contig=contig_22, start=23770, stop=24291, strand=+, frame=1, truncated=no, start-type=ATG, RBS-motif=GGA/GAG/AGG
13:30:54.545 - INFO - CDS - contig=contig_22, start=24381, stop=24806, strand=+, frame=3, truncated=no, start-type=ATG, RBS-motif=AGGAGG
13:30:54.545 - INFO - CDS - contig=contig_22, start=24826, stop=25518, strand=+, frame=1, truncated=no, start-type=ATG, RBS-motif=AGGAGG
13:30:54.545 - INFO - CDS - contig=contig_22, start=25778, stop=26416, strand=+, frame=2, truncated=no, start-type=ATG, RBS-motif=AGGAG/GGAGG
13:30:54.545 - INFO - CDS - contig=contig_22, start=26458, stop=26838, strand=+, frame=1, truncated=no, start-type=ATG, RBS-motif=AGGAGG
13:30:54.545 - INFO - CDS - contig=contig_22, start=26960, stop=27520, strand=+, frame=2, truncated=no, start-type=TTG, RBS-motif=GGAG/GAGG
13:30:54.545 - INFO - CDS - contig=contig_22, start=27504, stop=28934, strand=+, frame=3, truncated=no, start-type=ATG, RBS-motif=AGGAGG
13:30:54.545 - INFO - CDS - contig=contig_22, start=28996, stop=30087, strand=+, frame=1, truncated=no, start-type=ATG, RBS-motif=AGGAGG
13:30:54.545 - INFO - CDS - contig=contig_22, start=30130, stop=30747, strand=-, frame=2, truncated=no, start-type=ATG, RBS-motif=AGGAG
13:30:54.545 - INFO - CDS - contig=contig_22, start=30825, stop=32204, strand=-, frame=3, truncated=no, start-type=ATG, RBS-motif=AGGAGG
13:30:54.545 - INFO - CDS - contig=contig_22, start=32486, stop=33871, strand=-, frame=1, truncated=no, start-type=ATG, RBS-motif=GGAG/GAGG
13:30:54.545 - INFO - CDS - contig=contig_22, start=34013, stop=35164, strand=+, frame=2, truncated=no, start-type=ATG, RBS-motif=GGAG/GAGG
13:30:54.545 - INFO - CDS - contig=contig_22, start=95, stop=418, strand=+, nt=[GTGTCGCGGA..GGAACCATGA]
13:30:54.545 - INFO - CDS - contig=contig_22, start=418, stop=1764, strand=+, nt=[ATGAGAGACA..AATAGAATAA]
13:30:54.545 - INFO - CDS - contig=contig_22, start=1808, stop=2728, strand=-, nt=[ATGTATTTTA..GCCCTTTTAA]
13:30:54.545 - INFO - CDS - contig=contig_22, start=2759, stop=3778, strand=-, nt=[ATGAAAAAGG..CCGGCGCTAA]
13:30:54.546 - INFO - CDS - contig=contig_22, start=3799, stop=4989, strand=-, nt=[ATGAGCGATG..TCGGGGCTGA]
13:30:54.546 - INFO - CDS - contig=contig_22, start=5026, stop=5697, strand=-, nt=[GTGGCGAAAC..CAACGGCTGA]
13:30:54.546 - INFO - CDS - contig=contig_22, start=5844, stop=7061, strand=+, nt=[ATGATGACAT..GGTCTATTAA]
13:30:54.546 - INFO - CDS - contig=contig_22, start=7305, stop=7964, strand=+, nt=[ATGGTCAAAA..GAGAGGGTAA]
13:30:54.546 - INFO - CDS - contig=contig_22, start=7971, stop=8390, strand=+, nt=[ATGAAAGAGA..GATCGGATGA]
13:30:54.546 - INFO - CDS - contig=contig_22, start=8430, stop=9032, strand=+, nt=[ATGGAATACT..AGAGATGTAA]
13:30:54.546 - INFO - CDS - contig=contig_22, start=9132, stop=10379, strand=+, nt=[ATGTCCCAGG..GGCAAAATGA]
13:30:54.546 - INFO - CDS - contig=contig_22, start=10376, stop=10819, strand=+, nt=[ATGAGCTACA..GGTGAAATAA]
13:30:54.546 - INFO - CDS - contig=contig_22, start=10921, stop=11388, strand=+, nt=[ATGGGAGAAT..TGACACATGA]
13:30:54.546 - INFO - CDS - contig=contig_22, start=11385, stop=12746, strand=+, nt=[ATGAATCGAA..GATCAAATGA]
13:30:54.546 - INFO - CDS - contig=contig_22, start=12810, stop=13661, strand=+, nt=[GTGAATCTCT..GAGCCTGTGA]
13:30:54.546 - INFO - CDS - contig=contig_22, start=13669, stop=14439, strand=-, nt=[ATGCAAGGGA..GAGCCTGTGA]
13:30:54.546 - INFO - CDS - contig=contig_22, start=14563, stop=15009, strand=-, nt=[ATGAGACGGT..CCACAGCTGA]
13:30:54.546 - INFO - CDS - contig=contig_22, start=15078, stop=15812, strand=-, nt=[ATGAGCGAGG..GGCGGAGTAG]
13:30:54.546 - INFO - CDS - contig=contig_22, start=15809, stop=16597, strand=-, nt=[ATGCTGGAAA..GCGGCCATGA]
13:30:54.546 - INFO - CDS - contig=contig_22, start=16597, stop=17409, strand=-, nt=[ATGAAGAGGA..GGTGGTCTGA]
13:30:54.546 - INFO - CDS - contig=contig_22, start=17406, stop=18356, strand=-, nt=[ATGAAATACG..CGGCGTATGA]
13:30:54.546 - INFO - CDS - contig=contig_22, start=18360, stop=19904, strand=-, nt=[ATGACAAAAC..GGCGGAATAA]
13:30:54.546 - INFO - CDS - contig=contig_22, start=20147, stop=20665, strand=-, nt=[ATGTACCAGC..GGAGGTCTGA]
13:30:54.546 - INFO - CDS - contig=contig_22, start=20809, stop=21189, strand=+, nt=[ATGAACCGAT..CCTTCTCTGA]
13:30:54.546 - INFO - CDS - contig=contig_22, start=21218, stop=21940, strand=-, nt=[ATGATCCAGC..AATGATGTGA]
13:30:54.546 - INFO - CDS - contig=contig_22, start=21965, stop=22777, strand=-, nt=[ATGGAAGTGG..TGGCGCATAA]
13:30:54.546 - INFO - CDS - contig=contig_22, start=23212, stop=23376, strand=+, nt=[ATGGCAAAGG..GACCAAGTAA]
13:30:54.546 - INFO - CDS - contig=contig_22, start=23425, stop=23757, strand=+, nt=[ATGGCTGAAA..CTTCCATTAA]
13:30:54.546 - INFO - CDS - contig=contig_22, start=23770, stop=24291, strand=+, nt=[ATGGAAGAGG..CAACGACTAA]
13:30:54.546 - INFO - CDS - contig=contig_22, start=24381, stop=24806, strand=+, nt=[ATGGCACAGA..GGGCGACTAA]
13:30:54.546 - INFO - CDS - contig=contig_22, start=24826, stop=25518, strand=+, nt=[ATGTTTAGAG..GTTTGTGTGA]
13:30:54.546 - INFO - CDS - contig=contig_22, start=25778, stop=26416, strand=+, nt=[ATGCCGAACG..CGCCGAGTAA]
13:30:54.546 - INFO - CDS - contig=contig_22, start=26458, stop=26838, strand=+, nt=[ATGGCTAGCG..GCTGAAGTAA]
13:30:54.546 - INFO - CDS - contig=contig_22, start=26960, stop=27520, strand=+, nt=[TTGAAAGAAG..GCATGAATGA]
13:30:54.546 - INFO - CDS - contig=contig_22, start=27504, stop=28934, strand=+, nt=[ATGGACCGCA..CACCCCCTGA]
13:30:54.547 - INFO - CDS - contig=contig_22, start=28996, stop=30087, strand=+, nt=[ATGTCCTTTT..CACCCAATAA]
13:30:54.547 - INFO - CDS - contig=contig_22, start=30130, stop=30747, strand=-, nt=[ATGGGAAAAC..AGGAAAATAA]
13:30:54.547 - INFO - CDS - contig=contig_22, start=30825, stop=32204, strand=-, nt=[ATGGAAAATA..GGGAACTTGA]
13:30:54.547 - INFO - CDS - contig=contig_22, start=32486, stop=33871, strand=-, nt=[ATGCCCAGGT..GAACGAATAA]
13:30:54.547 - INFO - CDS - contig=contig_22, start=34013, stop=35164, strand=+, nt=[ATGCGTAAAC..TGCCCAATGA]
13:30:54.561 - INFO - CDS - contig=contig_23, start=62, stop=1540, strand=-, frame=1, truncated=no, start-type=ATG, RBS-motif=GGAGG
13:30:54.561 - INFO - CDS - contig=contig_23, start=1985, stop=2788, strand=+, frame=2, truncated=no, start-type=ATG, RBS-motif=GGAGG
13:30:54.561 - INFO - CDS - contig=contig_23, start=2804, stop=3808, strand=+, frame=2, truncated=no, start-type=ATG, RBS-motif=GGAGG
13:30:54.562 - INFO - CDS - contig=contig_23, start=3932, stop=5074, strand=+, frame=2, truncated=no, start-type=ATG, RBS-motif=AGGAGG
13:30:54.562 - INFO - CDS - contig=contig_23, start=5189, stop=5710, strand=-, frame=1, truncated=no, start-type=ATG, RBS-motif=AGGAGG
13:30:54.562 - INFO - CDS - contig=contig_23, start=5864, stop=8080, strand=-, frame=1, truncated=no, start-type=ATG, RBS-motif=AGGAG
13:30:54.562 - INFO - CDS - contig=contig_23, start=8101, stop=9873, strand=-, frame=2, truncated=no, start-type=TTG, RBS-motif=None
13:30:54.562 - INFO - CDS - contig=contig_23, start=9961, stop=10386, strand=-, frame=2, truncated=no, start-type=GTG, RBS-motif=GGAGG
13:30:54.562 - INFO - CDS - contig=contig_23, start=10447, stop=11199, strand=+, frame=1, truncated=no, start-type=ATG, RBS-motif=AGGA
13:30:54.562 - INFO - CDS - contig=contig_23, start=11201, stop=12460, strand=+, frame=2, truncated=no, start-type=ATG, RBS-motif=GGAGG
13:30:54.562 - INFO - CDS - contig=contig_23, start=13155, stop=14282, strand=-, frame=3, truncated=no, start-type=ATG, RBS-motif=AGGAG
13:30:54.562 - INFO - CDS - contig=contig_23, start=14656, stop=14991, strand=-, frame=2, truncated=no, start-type=ATG, RBS-motif=GGA/GAG/AGG
13:30:54.562 - INFO - CDS - contig=contig_23, start=14991, stop=15326, strand=-, frame=3, truncated=no, start-type=ATG, RBS-motif=AGGAGG
13:30:54.562 - INFO - CDS - contig=contig_23, start=15406, stop=17079, strand=-, frame=2, truncated=no, start-type=ATG, RBS-motif=AGGAGG
13:30:54.562 - INFO - CDS - contig=contig_23, start=17112, stop=17315, strand=-, frame=3, truncated=no, start-type=ATG, RBS-motif=AGGAGG
13:30:54.562 - INFO - CDS - contig=contig_23, start=17331, stop=18608, strand=-, frame=3, truncated=no, start-type=ATG, RBS-motif=AGGAGG
13:30:54.562 - INFO - CDS - contig=contig_23, start=18608, stop=18928, strand=-, frame=1, truncated=no, start-type=ATG, RBS-motif=AGGA
13:30:54.562 - INFO - CDS - contig=contig_23, start=19003, stop=19533, strand=-, frame=2, truncated=no, start-type=GTG, RBS-motif=4Base/6BMM
13:30:54.563 - INFO - CDS - contig=contig_23, start=20198, stop=21208, strand=+, frame=2, truncated=no, start-type=ATG, RBS-motif=AGGAGG
13:30:54.563 - INFO - CDS - contig=contig_23, start=21298, stop=25914, strand=+, frame=1, truncated=no, start-type=ATG, RBS-motif=GGA/GAG/AGG
13:30:54.563 - INFO - CDS - contig=contig_23, start=26313, stop=26918, strand=-, frame=3, truncated=no, start-type=ATG, RBS-motif=AGGAGG
13:30:54.563 - INFO - CDS - contig=contig_23, start=27203, stop=28501, strand=+, frame=2, truncated=no, start-type=ATG, RBS-motif=AGGAGG
13:30:54.563 - INFO - CDS - contig=contig_23, start=28625, stop=29476, strand=+, frame=2, truncated=no, start-type=ATG, RBS-motif=AGxAGG/AGGxGG
13:30:54.563 - INFO - CDS - contig=contig_23, start=29476, stop=30318, strand=+, frame=1, truncated=no, start-type=ATG, RBS-motif=GGAGG
13:30:54.563 - INFO - CDS - contig=contig_23, start=30352, stop=31392, strand=+, frame=1, truncated=no, start-type=ATG, RBS-motif=AGxAGG/AGGxGG
13:30:54.563 - INFO - CDS - contig=contig_23, start=31407, stop=32891, strand=+, frame=3, truncated=no, start-type=ATG, RBS-motif=AGGA
13:30:54.563 - INFO - CDS - contig=contig_23, start=32997, stop=33527, strand=-, frame=3, truncated=no, start-type=ATG, RBS-motif=AGGAG/GGAGG
13:30:54.563 - INFO - CDS - contig=contig_23, start=33547, stop=33981, strand=-, frame=2, truncated=no, start-type=ATG, RBS-motif=AGGAG
13:30:54.563 - INFO - CDS - contig=contig_23, start=34004, stop=34441, strand=-, frame=1, truncated=no, start-type=ATG, RBS-motif=AGGAGG
13:30:54.563 - INFO - CDS - contig=contig_23, start=62, stop=1540, strand=-, nt=[ATGTCTATTA..AGAGCTGTAA]
13:30:54.563 - INFO - CDS - contig=contig_23, start=1985, stop=2788, strand=+, nt=[ATGAATATTC..CATTATTTAA]
13:30:54.563 - INFO - CDS - contig=contig_23, start=2804, stop=3808, strand=+, nt=[ATGGAAGCAA..CCGGGCCTAA]
13:30:54.563 - INFO - CDS - contig=contig_23, start=3932, stop=5074, strand=+, nt=[ATGGATTTTC..CGTGAAATAA]
13:30:54.563 - INFO - CDS - contig=contig_23, start=5189, stop=5710, strand=-, nt=[ATGGATCATT..CCGTCCGTAA]
13:30:54.564 - INFO - CDS - contig=contig_23, start=5864, stop=8080, strand=-, nt=[ATGAAAAAAC..CACGATGTAA]
13:30:54.564 - INFO - CDS - contig=contig_23, start=8101, stop=9873, strand=-, nt=[TTGGCGGAGG..GACGCTGTAG]
13:30:54.564 - INFO - CDS - contig=contig_23, start=9961, stop=10386, strand=-, nt=[GTGAAGGAAA..CCTATTTTAA]
13:30:54.564 - INFO - CDS - contig=contig_23, start=10447, stop=11199, strand=+, nt=[ATGTGGAAAA..GGAGCTTTGA]
13:30:54.564 - INFO - CDS - contig=contig_23, start=11201, stop=12460, strand=+, nt=[ATGGAGAAAC..GTTTGAATAA]
13:30:54.564 - INFO - CDS - contig=contig_23, start=13155, stop=14282, strand=-, nt=[ATGGAAGCAA..TGAAGAGTGA]
13:30:54.564 - INFO - CDS - contig=contig_23, start=14656, stop=14991, strand=-, nt=[ATGACCCGGC..TAACTTATAG]
13:30:54.564 - INFO - CDS - contig=contig_23, start=14991, stop=15326, strand=-, nt=[ATGCTGAAAC..CGCAGCCTGA]
13:30:54.564 - INFO - CDS - contig=contig_23, start=15406, stop=17079, strand=-, nt=[ATGAGCAAAG..TATTACCTAA]
13:30:54.564 - INFO - CDS - contig=contig_23, start=17112, stop=17315, strand=-, nt=[ATGTTTCTAT..CAAGGATTAG]
13:30:54.564 - INFO - CDS - contig=contig_23, start=17331, stop=18608, strand=-, nt=[ATGGCAACCT..GAAAATGTAA]
13:30:54.564 - INFO - CDS - contig=contig_23, start=18608, stop=18928, strand=-, nt=[ATGCGCAGAG..GGTGCGATGA]
13:30:54.564 - INFO - CDS - contig=contig_23, start=19003, stop=19533, strand=-, nt=[GTGTTCAGCC..GCAAGCATAG]
13:30:54.564 - INFO - CDS - contig=contig_23, start=20198, stop=21208, strand=+, nt=[ATGGCATCGG..TATGGTATAA]
13:30:54.564 - INFO - CDS - contig=contig_23, start=21298, stop=25914, strand=+, nt=[ATGGATAACA..GATTAAATAG]
13:30:54.564 - INFO - CDS - contig=contig_23, start=26313, stop=26918, strand=-, nt=[ATGGCAAACA..ACAGGAATAA]
13:30:54.564 - INFO - CDS - contig=contig_23, start=27203, stop=28501, strand=+, nt=[ATGAAAAAGA..CAACGGCTGA]
13:30:54.564 - INFO - CDS - contig=contig_23, start=28625, stop=29476, strand=+, nt=[ATGGAACGAG..GCAGCAGTAA]
13:30:54.564 - INFO - CDS - contig=contig_23, start=29476, stop=30318, strand=+, nt=[ATGACAAAAA..AAAGGGATAA]
13:30:54.564 - INFO - CDS - contig=contig_23, start=30352, stop=31392, strand=+, nt=[ATGCCCATGA..CTCTCATTGA]
13:30:54.564 - INFO - CDS - contig=contig_23, start=31407, stop=32891, strand=+, nt=[ATGCGAAGCA..CCGGCAGTGA]
13:30:54.564 - INFO - CDS - contig=contig_23, start=32997, stop=33527, strand=-, nt=[ATGGCAAGAT..TTGGGGCTGA]
13:30:54.564 - INFO - CDS - contig=contig_23, start=33547, stop=33981, strand=-, nt=[ATGGCATATT..GGACACTTGA]
13:30:54.564 - INFO - CDS - contig=contig_23, start=34004, stop=34441, strand=-, nt=[ATGGAGGAAC..GCCCGTTTGA]
13:30:54.564 - INFO - CDS - contig=contig_24, start=51, stop=1079, strand=-, frame=3, truncated=no, start-type=TTG, RBS-motif=AGGAGG
13:30:54.564 - INFO - CDS - contig=contig_24, start=1162, stop=3654, strand=-, frame=2, truncated=no, start-type=ATG, RBS-motif=GGxGG
13:30:54.565 - INFO - CDS - contig=contig_24, start=3651, stop=4616, strand=-, frame=3, truncated=no, start-type=ATG, RBS-motif=GGA/GAG/AGG
13:30:54.565 - INFO - CDS - contig=contig_24, start=4616, stop=5542, strand=-, frame=1, truncated=no, start-type=ATG, RBS-motif=AGGAG
13:30:54.565 - INFO - CDS - contig=contig_24, start=5699, stop=6643, strand=-, frame=1, truncated=no, start-type=ATG, RBS-motif=None
13:30:54.565 - INFO - CDS - contig=contig_24, start=6686, stop=7753, strand=-, frame=1, truncated=no, start-type=ATG, RBS-motif=AGGAGG
13:30:54.565 - INFO - CDS - contig=contig_24, start=7765, stop=8970, strand=-, frame=2, truncated=no, start-type=ATG, RBS-motif=AGGAG
13:30:54.565 - INFO - CDS - contig=contig_24, start=9100, stop=10701, strand=+, frame=1, truncated=no, start-type=ATG, RBS-motif=AGGA
13:30:54.565 - INFO - CDS - contig=contig_24, start=10824, stop=12056, strand=-, frame=3, truncated=no, start-type=ATG, RBS-motif=AGGAG
13:30:54.565 - INFO - CDS - contig=contig_24, start=12192, stop=12362, strand=+, frame=3, truncated=no, start-type=GTG, RBS-motif=AGGAGG
13:30:54.565 - INFO - CDS - contig=contig_24, start=12408, stop=13601, strand=-, frame=3, truncated=no, start-type=ATG, RBS-motif=AGGAG
13:30:54.565 - INFO - CDS - contig=contig_24, start=13770, stop=15383, strand=-, frame=3, truncated=no, start-type=ATG, RBS-motif=GGAGG
13:30:54.565 - INFO - CDS - contig=contig_24, start=15759, stop=17042, strand=+, frame=3, truncated=no, start-type=ATG, RBS-motif=GGAGG
13:30:54.565 - INFO - CDS - contig=contig_24, start=17174, stop=18535, strand=-, frame=1, truncated=no, start-type=ATG, RBS-motif=AGGAGG
13:30:54.565 - INFO - CDS - contig=contig_24, start=18607, stop=19122, strand=-, frame=2, truncated=no, start-type=ATG, RBS-motif=GGA/GAG/AGG
13:30:54.565 - INFO - CDS - contig=contig_24, start=19126, stop=21249, strand=-, frame=2, truncated=no, start-type=ATG, RBS-motif=AGGAG
13:30:54.565 - INFO - CDS - contig=contig_24, start=21242, stop=22522, strand=-, frame=1, truncated=no, start-type=ATG, RBS-motif=AGGAGG
13:30:54.565 - INFO - CDS - contig=contig_24, start=22537, stop=23214, strand=-, frame=2, truncated=no, start-type=ATG, RBS-motif=AGxAGG/AGGxGG
13:30:54.566 - INFO - CDS - contig=contig_24, start=23555, stop=25843, strand=-, frame=1, truncated=no, start-type=ATG, RBS-motif=AGGAG
13:30:54.566 - INFO - CDS - contig=contig_24, start=26046, stop=26216, strand=+, frame=3, truncated=no, start-type=ATG, RBS-motif=GGAGG
13:30:54.566 - INFO - CDS - contig=contig_24, start=26353, stop=27648, strand=+, frame=1, truncated=no, start-type=ATG, RBS-motif=AGGAGG
13:30:54.566 - INFO - CDS - contig=contig_24, start=27720, stop=28406, strand=-, frame=3, truncated=no, start-type=ATG, RBS-motif=GGAG/GAGG
13:30:54.566 - INFO - CDS - contig=contig_24, start=28763, stop=30412, strand=+, frame=2, truncated=no, start-type=ATG, RBS-motif=GGAGG
13:30:54.566 - INFO - CDS - contig=contig_24, start=30666, stop=32069, strand=+, frame=3, truncated=no, start-type=ATG, RBS-motif=GGAG/GAGG
13:30:54.566 - INFO - CDS - contig=contig_24, start=51, stop=1079, strand=-, nt=[TTGAAAACCA..CATCAATTAA]
13:30:54.566 - INFO - CDS - contig=contig_24, start=1162, stop=3654, strand=-, nt=[ATGAGAGCGG..GATGGGCTGA]
13:30:54.566 - INFO - CDS - contig=contig_24, start=3651, stop=4616, strand=-, nt=[ATGCCGGGGC..CGGCGCATGA]
13:30:54.566 - INFO - CDS - contig=contig_24, start=4616, stop=5542, strand=-, nt=[ATGGCATATA..ACTGGCCTGA]
13:30:54.566 - INFO - CDS - contig=contig_24, start=5699, stop=6643, strand=-, nt=[ATGAGCAGAC..CCGGGTGTGA]
13:30:54.566 - INFO - CDS - contig=contig_24, start=6686, stop=7753, strand=-, nt=[ATGGCAAACG..CATCCAGTAA]
13:30:54.566 - INFO - CDS - contig=contig_24, start=7765, stop=8970, strand=-, nt=[ATGCATCAAT..CCAGGCATAA]
13:30:54.566 - INFO - CDS - contig=contig_24, start=9100, stop=10701, strand=+, nt=[ATGGATGGGC..CCTGATGTGA]
13:30:54.566 - INFO - CDS - contig=contig_24, start=10824, stop=12056, strand=-, nt=[ATGAAACAGC..GGTGGTATAA]
13:30:54.566 - INFO - CDS - contig=contig_24, start=12192, stop=12362, strand=+, nt=[GTGCGGGACG..GACGCTGTGA]
13:30:54.566 - INFO - CDS - contig=contig_24, start=12408, stop=13601, strand=-, nt=[ATGAGCCGTA..CACGGAATGA]
13:30:54.566 - INFO - CDS - contig=contig_24, start=13770, stop=15383, strand=-, nt=[ATGAGAAAAG..CTTCAGCTGA]
13:30:54.566 - INFO - CDS - contig=contig_24, start=15759, stop=17042, strand=+, nt=[ATGGTAAAAG..CCTGCACTGA]
13:30:54.566 - INFO - CDS - contig=contig_24, start=17174, stop=18535, strand=-, nt=[ATGAGCGAAA..AAACAAGTAA]
13:30:54.567 - INFO - CDS - contig=contig_24, start=18607, stop=19122, strand=-, nt=[ATGGAAAAGA..GCAGGGCTAA]
13:30:54.567 - INFO - CDS - contig=contig_24, start=19126, stop=21249, strand=-, nt=[ATGGATAAAA..GAAGGTGTGA]
13:30:54.567 - INFO - CDS - contig=contig_24, start=21242, stop=22522, strand=-, nt=[ATGAAAACTG..TCATGGATAA]
13:30:54.567 - INFO - CDS - contig=contig_24, start=22537, stop=23214, strand=-, nt=[ATGACCATTT..GTCAGCTTAA]
13:30:54.567 - INFO - CDS - contig=contig_24, start=23555, stop=25843, strand=-, nt=[ATGAACAGCA..CGCAGGATAG]
13:30:54.567 - INFO - CDS - contig=contig_24, start=26046, stop=26216, strand=+, nt=[ATGGCCTACG..TCAGGGCTGA]
13:30:54.567 - INFO - CDS - contig=contig_24, start=26353, stop=27648, strand=+, nt=[ATGGAGCGGC..GTCCGCCTGA]
13:30:54.567 - INFO - CDS - contig=contig_24, start=27720, stop=28406, strand=-, nt=[ATGAACCGCG..GACGGATTGA]
13:30:54.567 - INFO - CDS - contig=contig_24, start=28763, stop=30412, strand=+, nt=[ATGGACAAGA..CAACAAGTAA]
13:30:54.567 - INFO - CDS - contig=contig_24, start=30666, stop=32069, strand=+, nt=[ATGGCAGAGA..TATCGGCTAA]
13:30:54.582 - INFO - CDS - contig=contig_25, start=39, stop=428, strand=-, frame=2, truncated=no, start-type=ATG, RBS-motif=AGxAGG/AGGxGG
13:30:54.582 - INFO - CDS - contig=contig_25, start=595, stop=1077, strand=+, frame=1, truncated=no, start-type=ATG, RBS-motif=AGGAGG
13:30:54.582 - INFO - CDS - contig=contig_25, start=1089, stop=2384, strand=+, frame=3, truncated=no, start-type=GTG, RBS-motif=GGAG/GAGG
13:30:54.582 - INFO - CDS - contig=contig_25, start=2739, stop=4283, strand=+, frame=3, truncated=no, start-type=ATG, RBS-motif=GGA/GAG/AGG
13:30:54.582 - INFO - CDS - contig=contig_25, start=4384, stop=5541, strand=+, frame=1, truncated=no, start-type=ATG, RBS-motif=AGGAG
13:30:54.582 - INFO - CDS - contig=contig_25, start=5590, stop=8151, strand=-, frame=1, truncated=no, start-type=ATG, RBS-motif=AGGAG
13:30:54.582 - INFO - CDS - contig=contig_25, start=8349, stop=9485, strand=-, frame=2, truncated=no, start-type=ATG, RBS-motif=AGGA
13:30:54.582 - INFO - CDS - contig=contig_25, start=9528, stop=10307, strand=-, frame=2, truncated=no, start-type=ATG, RBS-motif=AGGAGG
13:30:54.582 - INFO - CDS - contig=contig_25, start=10436, stop=10717, strand=+, frame=2, truncated=no, start-type=ATG, RBS-motif=AGxAGG/AGGxGG
13:30:54.582 - INFO - CDS - contig=contig_25, start=11190, stop=11465, strand=+, frame=3, truncated=no, start-type=ATG, RBS-motif=AGGAGG
13:30:54.582 - INFO - CDS - contig=contig_25, start=11522, stop=11965, strand=+, frame=2, truncated=no, start-type=ATG, RBS-motif=AGGAG(G)/GGAGG
13:30:54.583 - INFO - CDS - contig=contig_25, start=12039, stop=13244, strand=-, frame=2, truncated=no, start-type=ATG, RBS-motif=AGGAGG
13:30:54.583 - INFO - CDS - contig=contig_25, start=13353, stop=13997, strand=-, frame=2, truncated=no, start-type=ATG, RBS-motif=AGxAGG/AGGxGG
13:30:54.583 - INFO - CDS - contig=contig_25, start=14116, stop=15561, strand=-, frame=1, truncated=no, start-type=ATG, RBS-motif=GGAGG
13:30:54.583 - INFO - CDS - contig=contig_25, start=15691, stop=17070, strand=-, frame=1, truncated=no, start-type=ATG, RBS-motif=AGxAGG/AGGxGG
13:30:54.583 - INFO - CDS - contig=contig_25, start=17103, stop=18527, strand=-, frame=2, truncated=no, start-type=GTG, RBS-motif=AGGAGG
13:30:54.583 - INFO - CDS - contig=contig_25, start=18572, stop=19642, strand=-, frame=3, truncated=no, start-type=ATG, RBS-motif=GGAG/GAGG
13:30:54.583 - INFO - CDS - contig=contig_25, start=19644, stop=20021, strand=-, frame=2, truncated=no, start-type=ATG, RBS-motif=AGGAGG
13:30:54.583 - INFO - CDS - contig=contig_25, start=20148, stop=21527, strand=-, frame=2, truncated=no, start-type=ATG, RBS-motif=GGAGG
13:30:54.583 - INFO - CDS - contig=contig_25, start=21663, stop=22241, strand=+, frame=3, truncated=no, start-type=ATG, RBS-motif=GGAGG
13:30:54.583 - INFO - CDS - contig=contig_25, start=22262, stop=22759, strand=+, frame=2, truncated=no, start-type=ATG, RBS-motif=GGxGG
13:30:54.583 - INFO - CDS - contig=contig_25, start=22756, stop=23025, strand=+, frame=1, truncated=no, start-type=ATG, RBS-motif=AGGAGG
13:30:54.583 - INFO - CDS - contig=contig_25, start=23038, stop=24402, strand=+, frame=1, truncated=no, start-type=ATG, RBS-motif=GGAG/GAGG
13:30:54.583 - INFO - CDS - contig=contig_25, start=24560, stop=25894, strand=+, frame=2, truncated=no, start-type=ATG, RBS-motif=AGGAGG
13:30:54.583 - INFO - CDS - contig=contig_25, start=26013, stop=26426, strand=+, frame=3, truncated=no, start-type=ATG, RBS-motif=AGGAG
13:30:54.583 - INFO - CDS - contig=contig_25, start=39, stop=428, strand=-, nt=[ATGAACTGGA..AAAGACCTGA]
13:30:54.583 - INFO - CDS - contig=contig_25, start=595, stop=1077, strand=+, nt=[ATGGGACGCA..GGCCCCCTAA]
13:30:54.583 - INFO - CDS - contig=contig_25, start=1089, stop=2384, strand=+, nt=[GTGGAAACCT..GACAGAGTGA]
13:30:54.583 - INFO - CDS - contig=contig_25, start=2739, stop=4283, strand=+, nt=[ATGGAATTTA..CGCGAAATAA]
13:30:54.583 - INFO - CDS - contig=contig_25, start=4384, stop=5541, strand=+, nt=[ATGATGAAGT..CGGCGCCTGA]
13:30:54.584 - INFO - CDS - contig=contig_25, start=5590, stop=8151, strand=-, nt=[ATGAAAAAAC..CGGGGAGTAA]
13:30:54.584 - INFO - CDS - contig=contig_25, start=8349, stop=9485, strand=-, nt=[ATGTGTCAAG..GCCGGAATAA]
13:30:54.584 - INFO - CDS - contig=contig_25, start=9528, stop=10307, strand=-, nt=[ATGTCCTTTC..GTGCCTGTAA]
13:30:54.584 - INFO - CDS - contig=contig_25, start=10436, stop=10717, strand=+, nt=[ATGCCCTATG..GCTGGGGTAA]
13:30:54.584 - INFO - CDS - contig=contig_25, start=11190, stop=11465, strand=+, nt=[ATGCAGCTGA..CACTGATTGA]
13:30:54.584 - INFO - CDS - contig=contig_25, start=11522, stop=11965, strand=+, nt=[ATGGAGTTTG..CCGGAAGTGA]
13:30:54.584 - INFO - CDS - contig=contig_25, start=12039, stop=13244, strand=-, nt=[ATGAATGAAG..GGATATTTAG]
13:30:54.584 - INFO - CDS - contig=contig_25, start=13353, stop=13997, strand=-, nt=[ATGGCACGAA..CCAACCGTAA]
13:30:54.584 - INFO - CDS - contig=contig_25, start=14116, stop=15561, strand=-, nt=[ATGAATATGA..GCCGCTGTAA]
13:30:54.584 - INFO - CDS - contig=contig_25, start=15691, stop=17070, strand=-, nt=[ATGACAGCAC..CGTGTGGTAA]
13:30:54.584 - INFO - CDS - contig=contig_25, start=17103, stop=18527, strand=-, nt=[GTGCTTTTTT..CCGGTTTTGA]
13:30:54.584 - INFO - CDS - contig=contig_25, start=18572, stop=19642, strand=-, nt=[ATGGCAGAAA..GTTGACATAA]
13:30:54.584 - INFO - CDS - contig=contig_25, start=19644, stop=20021, strand=-, nt=[ATGTTTTCCT..GAAGAGATAA]
13:30:54.584 - INFO - CDS - contig=contig_25, start=20148, stop=21527, strand=-, nt=[ATGAAAATCG..GCTCATCTGA]
13:30:54.584 - INFO - CDS - contig=contig_25, start=21663, stop=22241, strand=+, nt=[ATGTCCTACA..ATTGCAGTAA]
13:30:54.584 - INFO - CDS - contig=contig_25, start=22262, stop=22759, strand=+, nt=[ATGAAATGGA..TTTATCATGA]
13:30:54.584 - INFO - CDS - contig=contig_25, start=22756, stop=23025, strand=+, nt=[ATGAGAGCCA..CCGCATTTGA]
13:30:54.584 - INFO - CDS - contig=contig_25, start=23038, stop=24402, strand=+, nt=[ATGCCCATGT..GAAAAATTGA]
13:30:54.584 - INFO - CDS - contig=contig_25, start=24560, stop=25894, strand=+, nt=[ATGCTTCATC..GGGCTGCTGA]
13:30:54.584 - INFO - CDS - contig=contig_25, start=26013, stop=26426, strand=+, nt=[ATGGTTAGAG..GTACTTCTGA]
13:30:54.584 - INFO - CDS - contig=contig_26, start=315, stop=797, strand=+, frame=3, truncated=no, start-type=GTG, RBS-motif=GGA/GAG/AGG
13:30:54.584 - INFO - CDS - contig=contig_26, start=832, stop=1035, strand=+, frame=1, truncated=no, start-type=ATG, RBS-motif=AGGAG
13:30:54.584 - INFO - CDS - contig=contig_26, start=1071, stop=1427, strand=+, frame=3, truncated=no, start-type=ATG, RBS-motif=AGGAGG
13:30:54.584 - INFO - CDS - contig=contig_26, start=1509, stop=1766, strand=+, frame=3, truncated=no, start-type=ATG, RBS-motif=GGAGG
13:30:54.585 - INFO - CDS - contig=contig_26, start=1804, stop=3162, strand=+, frame=1, truncated=no, start-type=ATG, RBS-motif=AGGAGG
13:30:54.585 - INFO - CDS - contig=contig_26, start=3298, stop=3801, strand=+, frame=1, truncated=no, start-type=ATG, RBS-motif=AGxAGG/AGGxGG
13:30:54.585 - INFO - CDS - contig=contig_26, start=3776, stop=4423, strand=+, frame=2, truncated=no, start-type=ATG, RBS-motif=AGGAGG
13:30:54.585 - INFO - CDS - contig=contig_26, start=4534, stop=7212, strand=+, frame=1, truncated=no, start-type=ATG, RBS-motif=AGGAGG
13:30:54.585 - INFO - CDS - contig=contig_26, start=7209, stop=7676, strand=+, frame=3, truncated=no, start-type=ATG, RBS-motif=GGAGG
13:30:54.585 - INFO - CDS - contig=contig_26, start=7669, stop=8259, strand=+, frame=1, truncated=no, start-type=ATG, RBS-motif=AGGAGG
13:30:54.585 - INFO - CDS - contig=contig_26, start=8261, stop=9271, strand=+, frame=2, truncated=no, start-type=TTG, RBS-motif=AGGAGG
13:30:54.585 - INFO - CDS - contig=contig_26, start=9351, stop=11048, strand=-, frame=3, truncated=no, start-type=ATG, RBS-motif=AGGAGG
13:30:54.585 - INFO - CDS - contig=contig_26, start=11368, stop=12075, strand=-, frame=2, truncated=no, start-type=ATG, RBS-motif=AGGAG
13:30:54.585 - INFO - CDS - contig=contig_26, start=12259, stop=13233, strand=+, frame=1, truncated=no, start-type=ATG, RBS-motif=GGA/GAG/AGG
13:30:54.585 - INFO - CDS - contig=contig_26, start=13330, stop=14277, strand=+, frame=1, truncated=no, start-type=TTG, RBS-motif=GGAGG
13:30:54.585 - INFO - CDS - contig=contig_26, start=14270, stop=15064, strand=+, frame=2, truncated=no, start-type=ATG, RBS-motif=AGGAGG
13:30:54.585 - INFO - CDS - contig=contig_26, start=15247, stop=16614, strand=+, frame=1, truncated=no, start-type=ATG, RBS-motif=AGGAGG
13:30:54.585 - INFO - CDS - contig=contig_26, start=16631, stop=16999, strand=+, frame=2, truncated=no, start-type=ATG, RBS-motif=AGGAGG
13:30:54.585 - INFO - CDS - contig=contig_26, start=17044, stop=18180, strand=-, frame=2, truncated=no, start-type=ATG, RBS-motif=AGGAG
13:30:54.585 - INFO - CDS - contig=contig_26, start=18319, stop=20001, strand=-, frame=2, truncated=no, start-type=GTG, RBS-motif=GGA/GAG/AGG
13:30:54.586 - INFO - CDS - contig=contig_26, start=20125, stop=21471, strand=+, frame=1, truncated=no, start-type=ATG, RBS-motif=AGGAG/GGAGG
13:30:54.586 - INFO - CDS - contig=contig_26, start=21623, stop=21826, strand=+, frame=2, truncated=no, start-type=ATG, RBS-motif=AGGAGG
13:30:54.586 - INFO - CDS - contig=contig_26, start=21823, stop=22251, strand=+, frame=1, truncated=no, start-type=ATG, RBS-motif=AGGA
13:30:54.586 - INFO - CDS - contig=contig_26, start=22291, stop=23487, strand=-, frame=2, truncated=no, start-type=ATG, RBS-motif=AGGAG
13:30:54.586 - INFO - CDS - contig=contig_26, start=23687, stop=24892, strand=+, frame=2, truncated=no, start-type=ATG, RBS-motif=GGAGG
13:30:54.586 - INFO - CDS - contig=contig_26, start=24864, stop=25559, strand=-, frame=3, truncated=no, start-type=ATG, RBS-motif=GGAGG
13:30:54.586 - INFO - CDS - contig=contig_26, start=315, stop=797, strand=+, nt=[GTGCGTCTGG..CAAGAAGTAA]
13:30:54.586 - INFO - CDS - contig=contig_26, start=832, stop=1035, strand=+, nt=[ATGCCGAAAT..TTACAAATAA]
13:30:54.586 - INFO - CDS - contig=contig_26, start=1071, stop=1427, strand=+, nt=[ATGGCAAGAG..CCTGGGTTAA]
13:30:54.586 - INFO - CDS - contig=contig_26, start=1509, stop=1766, strand=+, nt=[ATGGCAGAAT..GAAGGGATAA]
13:30:54.586 - INFO - CDS - contig=contig_26, start=1804, stop=3162, strand=+, nt=[ATGCCCCAGA..TAAGACATAA]
13:30:54.586 - INFO - CDS - contig=contig_26, start=3298, stop=3801, strand=+, nt=[ATGACCGACG..CGTACCGTGA]
13:30:54.586 - INFO - CDS - contig=contig_26, start=3776, stop=4423, strand=+, nt=[ATGTTCGACC..AGAGAAATAA]
13:30:54.586 - INFO - CDS - contig=contig_26, start=4534, stop=7212, strand=+, nt=[ATGAAGCTCA..AAAGGGATGA]
13:30:54.586 - INFO - CDS - contig=contig_26, start=7209, stop=7676, strand=+, nt=[ATGAAAAACT..TCATGAATGA]
13:30:54.586 - INFO - CDS - contig=contig_26, start=7669, stop=8259, strand=+, nt=[ATGAATGAGC..GGTGAAGTGA]
13:30:54.586 - INFO - CDS - contig=contig_26, start=8261, stop=9271, strand=+, nt=[TTGAATATCC..GCTGGGCTGA]
13:30:54.586 - INFO - CDS - contig=contig_26, start=9351, stop=11048, strand=-, nt=[ATGAAGCAAG..GGGCCGTTAA]
13:30:54.586 - INFO - CDS - contig=contig_26, start=11368, stop=12075, strand=-, nt=[ATGAAGACCA..AGACTCTTGA]
13:30:54.586 - INFO - CDS - contig=contig_26, start=12259, stop=13233, strand=+, nt=[ATGAAAAGAA..TGAGGACTAA]
13:30:54.586 - INFO - CDS - contig=contig_26, start=13330, stop=14277, strand=+, nt=[TTGGATTTCT..GCATGCTTGA]
13:30:54.586 - INFO - CDS - contig=contig_26, start=14270, stop=15064, strand=+, nt=[ATGCTTGAGA..GTTGTCCTAA]
13:30:54.586 - INFO - CDS - contig=contig_26, start=15247, stop=16614, strand=+, nt=[ATGGCAACTA..CCAGCGGTAA]
13:30:54.586 - INFO - CDS - contig=contig_26, start=16631, stop=16999, strand=+, nt=[ATGAAATTCT..AGTGCTCTAA]
13:30:54.586 - INFO - CDS - contig=contig_26, start=17044, stop=18180, strand=-, nt=[ATGAGCAGAA..CCTTCGCTAA]
13:30:54.587 - INFO - CDS - contig=contig_26, start=18319, stop=20001, strand=-, nt=[GTGACTTGCA..ACAGCTATAA]
13:30:54.587 - INFO - CDS - contig=contig_26, start=20125, stop=21471, strand=+, nt=[ATGGCATTGA..GATCGTGTAA]
13:30:54.587 - INFO - CDS - contig=contig_26, start=21623, stop=21826, strand=+, nt=[ATGCGCTTTC..TATCAAATGA]
13:30:54.587 - INFO - CDS - contig=contig_26, start=21823, stop=22251, strand=+, nt=[ATGAAGCCTT..AGGAGCCTAA]
13:30:54.587 - INFO - CDS - contig=contig_26, start=22291, stop=23487, strand=-, nt=[ATGAAGATCC..GGGCAAATAA]
13:30:54.587 - INFO - CDS - contig=contig_26, start=23687, stop=24892, strand=+, nt=[ATGAACGCCG..TTTTCCATGA]
13:30:54.587 - INFO - CDS - contig=contig_26, start=24864, stop=25559, strand=-, nt=[ATGGAAAAGG..CGACCCGTAA]
13:30:54.599 - INFO - CDS - contig=contig_27, start=111, stop=1313, strand=-, frame=3, truncated=no, start-type=ATG, RBS-motif=AGGAGG
13:30:54.599 - INFO - CDS - contig=contig_27, start=1472, stop=2251, strand=-, frame=1, truncated=no, start-type=ATG, RBS-motif=GGAGG
13:30:54.599 - INFO - CDS - contig=contig_27, start=2312, stop=3655, strand=-, frame=1, truncated=no, start-type=ATG, RBS-motif=None
13:30:54.599 - INFO - CDS - contig=contig_27, start=3659, stop=4513, strand=-, frame=1, truncated=no, start-type=ATG, RBS-motif=AGGAGG
13:30:54.599 - INFO - CDS - contig=contig_27, start=4803, stop=6944, strand=-, frame=3, truncated=no, start-type=ATG, RBS-motif=AGGAGG
13:30:54.599 - INFO - CDS - contig=contig_27, start=7131, stop=7397, strand=-, frame=3, truncated=no, start-type=ATG, RBS-motif=AGxAGG/AGGxGG
13:30:54.599 - INFO - CDS - contig=contig_27, start=7640, stop=8749, strand=-, frame=1, truncated=no, start-type=TTG, RBS-motif=GGAGG
13:30:54.599 - INFO - CDS - contig=contig_27, start=8791, stop=9393, strand=-, frame=2, truncated=no, start-type=ATG, RBS-motif=AGGAG
13:30:54.599 - INFO - CDS - contig=contig_27, start=9409, stop=10278, strand=-, frame=2, truncated=no, start-type=ATG, RBS-motif=GGAGG
13:30:54.600 - INFO - CDS - contig=contig_27, start=10279, stop=12531, strand=-, frame=2, truncated=no, start-type=ATG, RBS-motif=AGGA
13:30:54.600 - INFO - CDS - contig=contig_27, start=12603, stop=13628, strand=-, frame=3, truncated=no, start-type=ATG, RBS-motif=AGGA/GGAG/GAGG
13:30:54.600 - INFO - CDS - contig=contig_27, start=13660, stop=15873, strand=-, frame=2, truncated=no, start-type=ATG, RBS-motif=AGGAGG
13:30:54.600 - INFO - CDS - contig=contig_27, start=15891, stop=17885, strand=-, frame=3, truncated=no, start-type=ATG, RBS-motif=GGAG/GAGG
13:30:54.600 - INFO - CDS - contig=contig_27, start=18050, stop=19078, strand=-, frame=1, truncated=no, start-type=ATG, RBS-motif=AGGA
13:30:54.600 - INFO - CDS - contig=contig_27, start=19068, stop=20891, strand=-, frame=3, truncated=no, start-type=ATG, RBS-motif=GGAGG
13:30:54.600 - INFO - CDS - contig=contig_27, start=20926, stop=21825, strand=-, frame=2, truncated=no, start-type=ATG, RBS-motif=GGAGG
13:30:54.600 - INFO - CDS - contig=contig_27, start=21928, stop=22785, strand=-, frame=2, truncated=no, start-type=ATG, RBS-motif=GGAG/GAGG
13:30:54.600 - INFO - CDS - contig=contig_27, start=22806, stop=23621, strand=-, frame=3, truncated=no, start-type=ATG, RBS-motif=AGGA
13:30:54.600 - INFO - CDS - contig=contig_27, start=111, stop=1313, strand=-, nt=[ATGGAGAAGA..GGTGGTCTGA]
13:30:54.600 - INFO - CDS - contig=contig_27, start=1472, stop=2251, strand=-, nt=[ATGAACAATC..CGGCAAGTAA]
13:30:54.600 - INFO - CDS - contig=contig_27, start=2312, stop=3655, strand=-, nt=[ATGACGGACT..TCTGCGCTGA]
13:30:54.600 - INFO - CDS - contig=contig_27, start=3659, stop=4513, strand=-, nt=[ATGAGCATCC..CACCAAGTAA]
13:30:54.600 - INFO - CDS - contig=contig_27, start=4803, stop=6944, strand=-, nt=[ATGTCGACTA..GAAGAAATAA]
13:30:54.600 - INFO - CDS - contig=contig_27, start=7131, stop=7397, strand=-, nt=[ATGATCCGTA..CCGTAAGTAA]
13:30:54.600 - INFO - CDS - contig=contig_27, start=7640, stop=8749, strand=-, nt=[TTGAAAAAAG..CACACTTTGA]
13:30:54.600 - INFO - CDS - contig=contig_27, start=8791, stop=9393, strand=-, nt=[ATGCCCAATC..CGGGTACTGA]
13:30:54.600 - INFO - CDS - contig=contig_27, start=9409, stop=10278, strand=-, nt=[ATGAAACGTA..GGACGTTTAG]
13:30:54.600 - INFO - CDS - contig=contig_27, start=10279, stop=12531, strand=-, nt=[ATGCCGAAAA..GGAACCGTAA]
13:30:54.601 - INFO - CDS - contig=contig_27, start=12603, stop=13628, strand=-, nt=[ATGAAACGGA..GGGAGCTTGA]
13:30:54.601 - INFO - CDS - contig=contig_27, start=13660, stop=15873, strand=-, nt=[ATGAAAAAGC..CGCGCTCTGA]
13:30:54.601 - INFO - CDS - contig=contig_27, start=15891, stop=17885, strand=-, nt=[ATGGCAACAA..TATATCTTAA]
13:30:54.601 - INFO - CDS - contig=contig_27, start=18050, stop=19078, strand=-, nt=[ATGAAATCTA..CGCCTGCTGA]
13:30:54.601 - INFO - CDS - contig=contig_27, start=19068, stop=20891, strand=-, nt=[ATGGACTATC..TGAAATCTAA]
13:30:54.601 - INFO - CDS - contig=contig_27, start=20926, stop=21825, strand=-, nt=[ATGGAAAAAC..GCAGGCTTGA]
13:30:54.601 - INFO - CDS - contig=contig_27, start=21928, stop=22785, strand=-, nt=[ATGTTGGTCA..ACGGGTATGA]
13:30:54.601 - INFO - CDS - contig=contig_27, start=22806, stop=23621, strand=-, nt=[ATGCCCAACT..CATGGTCTGA]
13:30:54.601 - INFO - CDS - contig=contig_28, start=63, stop=785, strand=+, frame=3, truncated=no, start-type=ATG, RBS-motif=AGGAGG
13:30:54.601 - INFO - CDS - contig=contig_28, start=825, stop=1241, strand=-, frame=3, truncated=no, start-type=GTG, RBS-motif=AGGAG
13:30:54.601 - INFO - CDS - contig=contig_28, start=1517, stop=2314, strand=-, frame=1, truncated=no, start-type=GTG, RBS-motif=GGAG/GAGG
13:30:54.601 - INFO - CDS - contig=contig_28, start=2439, stop=4313, strand=-, frame=3, truncated=no, start-type=ATG, RBS-motif=AGGAG
13:30:54.601 - INFO - CDS - contig=contig_28, start=4493, stop=5509, strand=-, frame=1, truncated=no, start-type=ATG, RBS-motif=GGAGG
13:30:54.601 - INFO - CDS - contig=contig_28, start=5506, stop=6045, strand=-, frame=2, truncated=no, start-type=ATG, RBS-motif=AGGAG/GGAGG
13:30:54.601 - INFO - CDS - contig=contig_28, start=6047, stop=6442, strand=-, frame=1, truncated=no, start-type=ATG, RBS-motif=AGGA
13:30:54.601 - INFO - CDS - contig=contig_28, start=6779, stop=7147, strand=+, frame=2, truncated=no, start-type=GTG, RBS-motif=GGAGG
13:30:54.601 - INFO - CDS - contig=contig_28, start=7151, stop=8518, strand=+, frame=2, truncated=no, start-type=ATG, RBS-motif=AGGAG
13:30:54.601 - INFO - CDS - contig=contig_28, start=8591, stop=8830, strand=+, frame=2, truncated=no, start-type=ATG, RBS-motif=GGAGG
13:30:54.602 - INFO - CDS - contig=contig_28, start=8849, stop=9079, strand=+, frame=2, truncated=no, start-type=ATG, RBS-motif=GGAGG
13:30:54.602 - INFO - CDS - contig=contig_28, start=9141, stop=9806, strand=+, frame=3, truncated=no, start-type=ATG, RBS-motif=GGAG/GAGG
13:30:54.602 - INFO - CDS - contig=contig_28, start=9820, stop=10317, strand=+, frame=1, truncated=no, start-type=ATG, RBS-motif=AGGAG
13:30:54.602 - INFO - CDS - contig=contig_28, start=10317, stop=11078, strand=+, frame=3, truncated=no, start-type=ATG, RBS-motif=GGAG/GAGG
13:30:54.602 - INFO - CDS - contig=contig_28, start=11219, stop=12058, strand=+, frame=2, truncated=no, start-type=ATG, RBS-motif=GGAG/GAGG
13:30:54.602 - INFO - CDS - contig=contig_28, start=12111, stop=13106, strand=-, frame=3, truncated=no, start-type=ATG, RBS-motif=AGGAGG
13:30:54.602 - INFO - CDS - contig=contig_28, start=13120, stop=13710, strand=-, frame=2, truncated=no, start-type=ATG, RBS-motif=AGGAGG
13:30:54.602 - INFO - CDS - contig=contig_28, start=13710, stop=14357, strand=-, frame=3, truncated=no, start-type=ATG, RBS-motif=AGGAGG
13:30:54.602 - INFO - CDS - contig=contig_28, start=14370, stop=14951, strand=-, frame=3, truncated=no, start-type=ATG, RBS-motif=AGGAGG
13:30:54.602 - INFO - CDS - contig=contig_28, start=14948, stop=16003, strand=-, frame=1, truncated=no, start-type=ATG, RBS-motif=AGGAGG
13:30:54.602 - INFO - CDS - contig=contig_28, start=16000, stop=17358, strand=-, frame=2, truncated=no, start-type=ATG, RBS-motif=GGAG/GAGG
13:30:54.602 - INFO - CDS - contig=contig_28, start=17583, stop=19292, strand=+, frame=3, truncated=no, start-type=ATG, RBS-motif=AGGAGG
13:30:54.602 - INFO - CDS - contig=contig_28, start=19306, stop=19863, strand=+, frame=1, truncated=no, start-type=ATG, RBS-motif=AGGAGG
13:30:54.603 - INFO - CDS - contig=contig_28, start=19951, stop=20970, strand=+, frame=1, truncated=no, start-type=ATG, RBS-motif=AGGAG
13:30:54.603 - INFO - CDS - contig=contig_28, start=21045, stop=21800, strand=-, frame=3, truncated=no, start-type=ATG, RBS-motif=AGGAGG
13:30:54.603 - INFO - CDS - contig=contig_28, start=21946, stop=23607, strand=+, frame=1, truncated=no, start-type=ATG, RBS-motif=AGGAGG
13:30:54.603 - INFO - CDS - contig=contig_28, start=63, stop=785, strand=+, nt=[ATGACAGAGC..CCGGGTATAA]
13:30:54.603 - INFO - CDS - contig=contig_28, start=825, stop=1241, strand=-, nt=[GTGGTAGATA..GTTCAACTGA]
13:30:54.603 - INFO - CDS - contig=contig_28, start=1517, stop=2314, strand=-, nt=[GTGAATAATG..GCTGGGGTAG]
13:30:54.603 - INFO - CDS - contig=contig_28, start=2439, stop=4313, strand=-, nt=[ATGAAGAAGA..CGCCAAGTAA]
13:30:54.603 - INFO - CDS - contig=contig_28, start=4493, stop=5509, strand=-, nt=[ATGAGAAAAA..GCCGACATAA]
13:30:54.603 - INFO - CDS - contig=contig_28, start=5506, stop=6045, strand=-, nt=[ATGGAGCGAA..ACAGGGATGA]
13:30:54.603 - INFO - CDS - contig=contig_28, start=6047, stop=6442, strand=-, nt=[ATGGCTGAAA..CGGGGAGTAA]
13:30:54.603 - INFO - CDS - contig=contig_28, start=6779, stop=7147, strand=+, nt=[GTGAAAAACC..GCAGGAGTGA]
13:30:54.603 - INFO - CDS - contig=contig_28, start=7151, stop=8518, strand=+, nt=[ATGGCCTTTG..TCCCTTCTAA]
13:30:54.603 - INFO - CDS - contig=contig_28, start=8591, stop=8830, strand=+, nt=[ATGGTCAAAA..CGCTATCTAA]
13:30:54.603 - INFO - CDS - contig=contig_28, start=8849, stop=9079, strand=+, nt=[ATGAAAGAGC..CAGCGATTGA]
13:30:54.603 - INFO - CDS - contig=contig_28, start=9141, stop=9806, strand=+, nt=[ATGGACTACC..GCACACCTAA]
13:30:54.603 - INFO - CDS - contig=contig_28, start=9820, stop=10317, strand=+, nt=[ATGAAAAACC..GGAGAGCTGA]
13:30:54.603 - INFO - CDS - contig=contig_28, start=10317, stop=11078, strand=+, nt=[ATGTACCGCA..TCCCCGCTGA]
13:30:54.603 - INFO - CDS - contig=contig_28, start=11219, stop=12058, strand=+, nt=[ATGAGTTTCA..GGCATTTTAA]
13:30:54.603 - INFO - CDS - contig=contig_28, start=12111, stop=13106, strand=-, nt=[ATGATGACTA..GGCGGAGTAA]
13:30:54.603 - INFO - CDS - contig=contig_28, start=13120, stop=13710, strand=-, nt=[ATGGATTGGA..TTTCGGGTAA]
13:30:54.603 - INFO - CDS - contig=contig_28, start=13710, stop=14357, strand=-, nt=[ATGAATGTAA..GGCCAAATAA]
13:30:54.603 - INFO - CDS - contig=contig_28, start=14370, stop=14951, strand=-, nt=[ATGAGTGAAG..GCTGAATTAA]
13:30:54.603 - INFO - CDS - contig=contig_28, start=14948, stop=16003, strand=-, nt=[ATGAATGAAA..GAAGGCATGA]
13:30:54.603 - INFO - CDS - contig=contig_28, start=16000, stop=17358, strand=-, nt=[ATGTTGCATC..CAAAGCATGA]
13:30:54.603 - INFO - CDS - contig=contig_28, start=17583, stop=19292, strand=+, nt=[ATGCGAATGA..GCTGGATTGA]
13:30:54.604 - INFO - CDS - contig=contig_28, start=19306, stop=19863, strand=+, nt=[ATGAAAAAGG..CATCCTGTGA]
13:30:54.604 - INFO - CDS - contig=contig_28, start=19951, stop=20970, strand=+, nt=[ATGGCAAAGA..CTCCAACTAA]
13:30:54.604 - INFO - CDS - contig=contig_28, start=21045, stop=21800, strand=-, nt=[ATGGAGCAGA..GCACGAATAA]
13:30:54.604 - INFO - CDS - contig=contig_28, start=21946, stop=23607, strand=+, nt=[ATGCGCAGTG..GCTGGAGTAA]
13:30:54.611 - INFO - CDS - contig=contig_29, start=36, stop=899, strand=-, frame=1, truncated=no, start-type=ATG, RBS-motif=GGxGG
13:30:54.611 - INFO - CDS - contig=contig_29, start=1180, stop=2010, strand=-, frame=3, truncated=no, start-type=ATG, RBS-motif=AGxAGG/AGGxGG
13:30:54.611 - INFO - CDS - contig=contig_29, start=1988, stop=2173, strand=-, frame=2, truncated=no, start-type=ATG, RBS-motif=AGGAGG
13:30:54.611 - INFO - CDS - contig=contig_29, start=2170, stop=2571, strand=-, frame=3, truncated=no, start-type=ATG, RBS-motif=AGGAG
13:30:54.611 - INFO - CDS - contig=contig_29, start=2798, stop=3712, strand=+, frame=2, truncated=no, start-type=ATG, RBS-motif=GGAGG
13:30:54.611 - INFO - CDS - contig=contig_29, start=3876, stop=4508, strand=+, frame=3, truncated=no, start-type=ATG, RBS-motif=AGxAGG/AGGxGG
13:30:54.611 - INFO - CDS - contig=contig_29, start=4527, stop=6689, strand=+, frame=3, truncated=no, start-type=ATG, RBS-motif=GGAGG
13:30:54.611 - INFO - CDS - contig=contig_29, start=6705, stop=7370, strand=+, frame=3, truncated=no, start-type=ATG, RBS-motif=AGGAGG
13:30:54.611 - INFO - CDS - contig=contig_29, start=7387, stop=8022, strand=+, frame=1, truncated=no, start-type=ATG, RBS-motif=GGAGG
13:30:54.612 - INFO - CDS - contig=contig_29, start=8052, stop=8759, strand=+, frame=3, truncated=no, start-type=ATG, RBS-motif=AGGA/GGAG/GAGG
13:30:54.612 - INFO - CDS - contig=contig_29, start=8913, stop=10748, strand=+, frame=3, truncated=no, start-type=ATG, RBS-motif=AGGAGG
13:30:54.612 - INFO - CDS - contig=contig_29, start=10814, stop=13027, strand=+, frame=2, truncated=no, start-type=ATG, RBS-motif=GGAGG
13:30:54.612 - INFO - CDS - contig=contig_29, start=13128, stop=13670, strand=+, frame=3, truncated=no, start-type=TTG, RBS-motif=AGxAGG/AGGxGG
13:30:54.612 - INFO - CDS - contig=contig_29, start=13663, stop=15033, strand=+, frame=1, truncated=no, start-type=TTG, RBS-motif=GGA/GAG/AGG
13:30:54.612 - INFO - CDS - contig=contig_29, start=15089, stop=16759, strand=-, frame=2, truncated=no, start-type=ATG, RBS-motif=AGGAG
13:30:54.612 - INFO - CDS - contig=contig_29, start=16781, stop=17548, strand=-, frame=2, truncated=no, start-type=ATG, RBS-motif=AGGAG
13:30:54.612 - INFO - CDS - contig=contig_29, start=17722, stop=18831, strand=-, frame=3, truncated=no, start-type=ATG, RBS-motif=AGGAGG
13:30:54.612 - INFO - CDS - contig=contig_29, start=18887, stop=19273, strand=-, frame=2, truncated=no, start-type=ATG, RBS-motif=AGxAGG/AGGxGG
13:30:54.612 - INFO - CDS - contig=contig_29, start=19275, stop=20072, strand=-, frame=1, truncated=no, start-type=ATG, RBS-motif=GGAGG
13:30:54.612 - INFO - CDS - contig=contig_29, start=20014, stop=20889, strand=-, frame=3, truncated=no, start-type=ATG, RBS-motif=AGGAGG
13:30:54.612 - INFO - CDS - contig=contig_29, start=20987, stop=22252, strand=-, frame=2, truncated=no, start-type=ATG, RBS-motif=GGAGG
13:30:54.612 - INFO - CDS - contig=contig_29, start=22325, stop=23443, strand=-, frame=2, truncated=no, start-type=ATG, RBS-motif=AGxAGG/AGGxGG
13:30:54.612 - INFO - CDS - contig=contig_29, start=36, stop=899, strand=-, nt=[ATGATGGCAC..CCGTGAATAA]
13:30:54.612 - INFO - CDS - contig=contig_29, start=1180, stop=2010, strand=-, nt=[ATGGCGGAAA..GGAGCCTTGA]
13:30:54.612 - INFO - CDS - contig=contig_29, start=1988, stop=2173, strand=-, nt=[ATGAAACTCG..CAAAGAGTAA]
13:30:54.613 - INFO - CDS - contig=contig_29, start=2170, stop=2571, strand=-, nt=[ATGCGAATCG..AGAAAAATGA]
13:30:54.613 - INFO - CDS - contig=contig_29, start=2798, stop=3712, strand=+, nt=[ATGTTTTCTT..AGAGGTATAG]
13:30:54.613 - INFO - CDS - contig=contig_29, start=3876, stop=4508, strand=+, nt=[ATGTCTGAGG..GGCTGTTTAA]
13:30:54.613 - INFO - CDS - contig=contig_29, start=4527, stop=6689, strand=+, nt=[ATGTCTGTTT..CCTCATCTAA]
13:30:54.613 - INFO - CDS - contig=contig_29, start=6705, stop=7370, strand=+, nt=[ATGGCACTTT..AAACGACTGA]
13:30:54.613 - INFO - CDS - contig=contig_29, start=7387, stop=8022, strand=+, nt=[ATGAGCCCAG..AAGCATGTAA]
13:30:54.613 - INFO - CDS - contig=contig_29, start=8052, stop=8759, strand=+, nt=[ATGGAACCTG..CGAGGAGTGA]
13:30:54.613 - INFO - CDS - contig=contig_29, start=8913, stop=10748, strand=+, nt=[ATGAAACGCT..CTGGGACTGA]
13:30:54.613 - INFO - CDS - contig=contig_29, start=10814, stop=13027, strand=+, nt=[ATGAGCATAA..CGCCAAATAA]
13:30:54.613 - INFO - CDS - contig=contig_29, start=13128, stop=13670, strand=+, nt=[TTGAACGAGA..GCTTGGCTGA]
13:30:54.613 - INFO - CDS - contig=contig_29, start=13663, stop=15033, strand=+, nt=[TTGGCTGACA..GCCGGAATAA]
13:30:54.613 - INFO - CDS - contig=contig_29, start=15089, stop=16759, strand=-, nt=[ATGCTGACTG..ATTGTTTTAA]
13:30:54.613 - INFO - CDS - contig=contig_29, start=16781, stop=17548, strand=-, nt=[ATGAAGATCG..AAGAATGTGA]
13:30:54.613 - INFO - CDS - contig=contig_29, start=17722, stop=18831, strand=-, nt=[ATGCCGTTTG..GGACAAATAA]
13:30:54.613 - INFO - CDS - contig=contig_29, start=18887, stop=19273, strand=-, nt=[ATGCTGGAGC..CACAAAATGA]
13:30:54.613 - INFO - CDS - contig=contig_29, start=19275, stop=20072, strand=-, nt=[ATGATGGAAC..CGGGGTCTGA]
13:30:54.613 - INFO - CDS - contig=contig_29, start=20014, stop=20889, strand=-, nt=[ATGGCGGCGA..GGAGCAATAA]
13:30:54.613 - INFO - CDS - contig=contig_29, start=20987, stop=22252, strand=-, nt=[ATGAGCATAT..CGAAAGATAG]
13:30:54.613 - INFO - CDS - contig=contig_29, start=22325, stop=23443, strand=-, nt=[ATGAATATTC..TTTGCGCTAA]
13:30:54.617 - INFO - CDS - contig=contig_30, start=37, stop=753, strand=-, frame=2, truncated=no, start-type=ATG, RBS-motif=GGAGG
13:30:54.618 - INFO - CDS - contig=contig_30, start=756, stop=1208, strand=-, frame=3, truncated=no, start-type=ATG, RBS-motif=GGA/GAG/AGG
13:30:54.618 - INFO - CDS - contig=contig_30, start=1228, stop=2088, strand=-, frame=2, truncated=no, start-type=GTG, RBS-motif=AGGAG
13:30:54.618 - INFO - CDS - contig=contig_30, start=2125, stop=2826, strand=-, frame=2, truncated=no, start-type=ATG, RBS-motif=AGGAG
13:30:54.618 - INFO - CDS - contig=contig_30, start=2823, stop=3287, strand=-, frame=3, truncated=no, start-type=ATG, RBS-motif=GGxGG
13:30:54.618 - INFO - CDS - contig=contig_30, start=3290, stop=4057, strand=-, frame=1, truncated=no, start-type=ATG, RBS-motif=AGGAGG
13:30:54.618 - INFO - CDS - contig=contig_30, start=4154, stop=4516, strand=-, frame=1, truncated=no, start-type=ATG, RBS-motif=AGGAGG
13:30:54.618 - INFO - CDS - contig=contig_30, start=4513, stop=5424, strand=-, frame=2, truncated=no, start-type=ATG, RBS-motif=GGAGG
13:30:54.618 - INFO - CDS - contig=contig_30, start=5469, stop=7157, strand=-, frame=3, truncated=no, start-type=ATG, RBS-motif=GGA/GAG/AGG
13:30:54.618 - INFO - CDS - contig=contig_30, start=7159, stop=8013, strand=-, frame=2, truncated=no, start-type=ATG, RBS-motif=AGGAGG
13:30:54.618 - INFO - CDS - contig=contig_30, start=8061, stop=8234, strand=-, frame=3, truncated=no, start-type=ATG, RBS-motif=AGGAGG
13:30:54.618 - INFO - CDS - contig=contig_30, start=8367, stop=8855, strand=+, frame=3, truncated=no, start-type=ATG, RBS-motif=4Base/6BMM
13:30:54.618 - INFO - CDS - contig=contig_30, start=8940, stop=9623, strand=+, frame=3, truncated=no, start-type=ATG, RBS-motif=GGAGG
13:30:54.618 - INFO - CDS - contig=contig_30, start=9666, stop=11258, strand=+, frame=3, truncated=no, start-type=ATG, RBS-motif=GGA/GAG/AGG
13:30:54.618 - INFO - CDS - contig=contig_30, start=11245, stop=12036, strand=+, frame=1, truncated=no, start-type=ATG, RBS-motif=GGA/GAG/AGG
13:30:54.618 - INFO - CDS - contig=contig_30, start=12033, stop=12638, strand=+, frame=3, truncated=no, start-type=ATG, RBS-motif=AGGAGG
13:30:54.619 - INFO - CDS - contig=contig_30, start=12613, stop=13920, strand=+, frame=1, truncated=no, start-type=ATG, RBS-motif=None
13:30:54.619 - INFO - CDS - contig=contig_30, start=13920, stop=14525, strand=+, frame=3, truncated=no, start-type=ATG, RBS-motif=AGGAG/GGAGG
13:30:54.619 - INFO - CDS - contig=contig_30, start=14531, stop=17596, strand=+, frame=2, truncated=no, start-type=ATG, RBS-motif=AGGAGG
13:30:54.619 - INFO - CDS - contig=contig_30, start=17647, stop=18633, strand=-, frame=2, truncated=no, start-type=ATG, RBS-motif=AGGAG
13:30:54.619 - INFO - CDS - contig=contig_30, start=18970, stop=20613, strand=-, frame=2, truncated=no, start-type=ATG, RBS-motif=GGAGG
13:30:54.619 - INFO - CDS - contig=contig_30, start=20653, stop=21456, strand=-, frame=2, truncated=no, start-type=ATG, RBS-motif=AGGAG
13:30:54.619 - INFO - CDS - contig=contig_30, start=21600, stop=22085, strand=+, frame=3, truncated=no, start-type=ATG, RBS-motif=AGxAGG/AGGxGG
13:30:54.619 - INFO - CDS - contig=contig_30, start=37, stop=753, strand=-, nt=[ATGAAACGCC..GGGCACGTAA]
13:30:54.619 - INFO - CDS - contig=contig_30, start=756, stop=1208, strand=-, nt=[ATGAAAAAGA..GGAGGGATGA]
13:30:54.619 - INFO - CDS - contig=contig_30, start=1228, stop=2088, strand=-, nt=[GTGTCCAAGT..CTCATCCTGA]
13:30:54.619 - INFO - CDS - contig=contig_30, start=2125, stop=2826, strand=-, nt=[ATGACAAAAT..CCCCTTTTAG]
13:30:54.619 - INFO - CDS - contig=contig_30, start=2823, stop=3287, strand=-, nt=[ATGGAATTTC..CCATTCATGA]
13:30:54.619 - INFO - CDS - contig=contig_30, start=3290, stop=4057, strand=-, nt=[ATGGACTACG..GGGGGTGTAG]
13:30:54.619 - INFO - CDS - contig=contig_30, start=4154, stop=4516, strand=-, nt=[ATGAAACCCA..ACTCTCCTGA]
13:30:54.619 - INFO - CDS - contig=contig_30, start=4513, stop=5424, strand=-, nt=[ATGTCTGACA..GGTAAAATGA]
13:30:54.619 - INFO - CDS - contig=contig_30, start=5469, stop=7157, strand=-, nt=[ATGAACAGTA..GGCACGCTGA]
13:30:54.619 - INFO - CDS - contig=contig_30, start=7159, stop=8013, strand=-, nt=[ATGGGAAATC..CCAGGCGTAA]
13:30:54.619 - INFO - CDS - contig=contig_30, start=8061, stop=8234, strand=-, nt=[ATGCGAGATG..TATGGTATGA]
13:30:54.619 - INFO - CDS - contig=contig_30, start=8367, stop=8855, strand=+, nt=[ATGGCGGAGC..TCAGTCCTAA]
13:30:54.619 - INFO - CDS - contig=contig_30, start=8940, stop=9623, strand=+, nt=[ATGGAAATGA..GGAGCGATAA]
13:30:54.619 - INFO - CDS - contig=contig_30, start=9666, stop=11258, strand=+, nt=[ATGGACAATA..GTCTATCTAA]
13:30:54.620 - INFO - CDS - contig=contig_30, start=11245, stop=12036, strand=+, nt=[ATGCGTCTAT..GCAGGTATGA]
13:30:54.620 - INFO - CDS - contig=contig_30, start=12033, stop=12638, strand=+, nt=[ATGAGTCAGT..GGGCGATTGA]
13:30:54.620 - INFO - CDS - contig=contig_30, start=12613, stop=13920, strand=+, nt=[ATGTCCTCGG..AGTAATTTAA]
13:30:54.620 - INFO - CDS - contig=contig_30, start=13920, stop=14525, strand=+, nt=[ATGGGAAAAG..GAGGAGGTAG]
13:30:54.620 - INFO - CDS - contig=contig_30, start=14531, stop=17596, strand=+, nt=[ATGGCCTATT..AATCATATAA]
13:30:54.620 - INFO - CDS - contig=contig_30, start=17647, stop=18633, strand=-, nt=[ATGCCTTATG..CGAGTTTTGA]
13:30:54.620 - INFO - CDS - contig=contig_30, start=18970, stop=20613, strand=-, nt=[ATGAAACCTG..TATGATATAG]
13:30:54.620 - INFO - CDS - contig=contig_30, start=20653, stop=21456, strand=-, nt=[ATGGATCGCA..CTGGGATTGA]
13:30:54.620 - INFO - CDS - contig=contig_30, start=21600, stop=22085, strand=+, nt=[ATGGCAAGGA..TATAAGGTAA]
13:30:54.623 - INFO - CDS - contig=contig_31, start=94, stop=1449, strand=-, frame=3, truncated=no, start-type=ATG, RBS-motif=AGGAGG
13:30:54.623 - INFO - CDS - contig=contig_31, start=1609, stop=2469, strand=-, frame=3, truncated=no, start-type=ATG, RBS-motif=GGAGG
13:30:54.623 - INFO - CDS - contig=contig_31, start=2480, stop=3685, strand=-, frame=2, truncated=no, start-type=ATG, RBS-motif=AGxAGG/AGGxGG
13:30:54.623 - INFO - CDS - contig=contig_31, start=3885, stop=5261, strand=+, frame=3, truncated=no, start-type=ATG, RBS-motif=AGGAGG
13:30:54.623 - INFO - CDS - contig=contig_31, start=5262, stop=5933, strand=+, frame=3, truncated=no, start-type=ATG, RBS-motif=GGAGG
13:30:54.624 - INFO - CDS - contig=contig_31, start=6073, stop=6417, strand=-, frame=3, truncated=no, start-type=ATG, RBS-motif=AGxAGG/AGGxGG
13:30:54.624 - INFO - CDS - contig=contig_31, start=6432, stop=6977, strand=-, frame=1, truncated=no, start-type=ATG, RBS-motif=AGGAGG
13:30:54.624 - INFO - CDS - contig=contig_31, start=7103, stop=7444, strand=+, frame=2, truncated=no, start-type=ATG, RBS-motif=GGAGG
13:30:54.624 - INFO - CDS - contig=contig_31, start=7626, stop=9089, strand=-, frame=1, truncated=no, start-type=ATG, RBS-motif=AGGAG
13:30:54.624 - INFO - CDS - contig=contig_31, start=9095, stop=9568, strand=-, frame=2, truncated=no, start-type=ATG, RBS-motif=AGGAGG
13:30:54.624 - INFO - CDS - contig=contig_31, start=9667, stop=10554, strand=-, frame=3, truncated=no, start-type=ATG, RBS-motif=AGGAG
13:30:54.624 - INFO - CDS - contig=contig_31, start=10660, stop=11277, strand=+, frame=1, truncated=no, start-type=GTG, RBS-motif=AGGAGG
13:30:54.624 - INFO - CDS - contig=contig_31, start=11367, stop=12044, strand=+, frame=3, truncated=no, start-type=ATG, RBS-motif=AGGAG
13:30:54.624 - INFO - CDS - contig=contig_31, start=12108, stop=12743, strand=-, frame=1, truncated=no, start-type=ATG, RBS-motif=GGAG/GAGG
13:30:54.624 - INFO - CDS - contig=contig_31, start=12762, stop=13718, strand=-, frame=1, truncated=no, start-type=ATG, RBS-motif=AGGAGG
13:30:54.624 - INFO - CDS - contig=contig_31, start=13732, stop=14532, strand=-, frame=3, truncated=no, start-type=ATG, RBS-motif=AGGAG
13:30:54.624 - INFO - CDS - contig=contig_31, start=14549, stop=15391, strand=-, frame=2, truncated=no, start-type=ATG, RBS-motif=AGxAGG/AGGxGG
13:30:54.624 - INFO - CDS - contig=contig_31, start=15404, stop=15766, strand=-, frame=2, truncated=no, start-type=ATG, RBS-motif=GGAG/GAGG
13:30:54.624 - INFO - CDS - contig=contig_31, start=15798, stop=16559, strand=-, frame=1, truncated=no, start-type=ATG, RBS-motif=AGGAGG
13:30:54.624 - INFO - CDS - contig=contig_31, start=16573, stop=17586, strand=-, frame=3, truncated=no, start-type=ATG, RBS-motif=GGAGG
13:30:54.624 - INFO - CDS - contig=contig_31, start=17619, stop=18593, strand=-, frame=1, truncated=no, start-type=ATG, RBS-motif=AGGA
13:30:54.624 - INFO - CDS - contig=contig_31, start=18649, stop=19989, strand=-, frame=3, truncated=no, start-type=ATG, RBS-motif=GGAGG
13:30:54.625 - INFO - CDS - contig=contig_31, start=20006, stop=20524, strand=-, frame=2, truncated=no, start-type=ATG, RBS-motif=AGGAGG
13:30:54.625 - INFO - CDS - contig=contig_31, start=94, stop=1449, strand=-, nt=[ATGAAAAGAA..CGGCGGCTAA]
13:30:54.625 - INFO - CDS - contig=contig_31, start=1609, stop=2469, strand=-, nt=[ATGTCGTTTG..ACACCTGTGA]
13:30:54.625 - INFO - CDS - contig=contig_31, start=2480, stop=3685, strand=-, nt=[ATGGACAAGG..CCGCGCGTAA]
13:30:54.625 - INFO - CDS - contig=contig_31, start=3885, stop=5261, strand=+, nt=[ATGCAGCATC..GGTCAAATAA]
13:30:54.625 - INFO - CDS - contig=contig_31, start=5262, stop=5933, strand=+, nt=[ATGAAAAAAC..GCTGGGCTGA]
13:30:54.625 - INFO - CDS - contig=contig_31, start=6073, stop=6417, strand=-, nt=[ATGTCCAAGA..AAGGGGCTAA]
13:30:54.625 - INFO - CDS - contig=contig_31, start=6432, stop=6977, strand=-, nt=[ATGAGCAAAA..GAAATTTTAA]
13:30:54.625 - INFO - CDS - contig=contig_31, start=7103, stop=7444, strand=+, nt=[ATGAATGAAC..GACCACGTAA]
13:30:54.625 - INFO - CDS - contig=contig_31, start=7626, stop=9089, strand=-, nt=[ATGGAATACT..CCTGGGATAA]
13:30:54.625 - INFO - CDS - contig=contig_31, start=9095, stop=9568, strand=-, nt=[ATGGCCCACA..GAAGGAGTGA]
13:30:54.625 - INFO - CDS - contig=contig_31, start=9667, stop=10554, strand=-, nt=[ATGAAACGCC..TAAGCCATAA]
13:30:54.625 - INFO - CDS - contig=contig_31, start=10660, stop=11277, strand=+, nt=[GTGTTCGGAA..GGAGAACTAA]
13:30:54.625 - INFO - CDS - contig=contig_31, start=11367, stop=12044, strand=+, nt=[ATGGACTACG..TCTGAAATAG]
13:30:54.625 - INFO - CDS - contig=contig_31, start=12108, stop=12743, strand=-, nt=[ATGGATATGG..TCGAGGCTGA]
13:30:54.625 - INFO - CDS - contig=contig_31, start=12762, stop=13718, strand=-, nt=[ATGACCGGAA..GAAGGCGTAA]
13:30:54.625 - INFO - CDS - contig=contig_31, start=13732, stop=14532, strand=-, nt=[ATGATTTCTG..GCAGCCGTAA]
13:30:54.625 - INFO - CDS - contig=contig_31, start=14549, stop=15391, strand=-, nt=[ATGGACATTC..CCTGCGGTGA]
13:30:54.625 - INFO - CDS - contig=contig_31, start=15404, stop=15766, strand=-, nt=[ATGGACGTAA..GAAGGGCTGA]
13:30:54.625 - INFO - CDS - contig=contig_31, start=15798, stop=16559, strand=-, nt=[ATGACAAATC..GGCCAAATAA]
13:30:54.625 - INFO - CDS - contig=contig_31, start=16573, stop=17586, strand=-, nt=[ATGCAGGCTA..GTTTGACTGA]
13:30:54.625 - INFO - CDS - contig=contig_31, start=17619, stop=18593, strand=-, nt=[ATGGAAAATC..GAAAAAGTGA]
13:30:54.625 - INFO - CDS - contig=contig_31, start=18649, stop=19989, strand=-, nt=[ATGGATCAAG..TGTGGGCTGA]
13:30:54.625 - INFO - CDS - contig=contig_31, start=20006, stop=20524, strand=-, nt=[ATGCAAGCGC..CGTTGTGTAA]
13:30:54.629 - INFO - CDS - contig=contig_32, start=28, stop=7809, strand=+, frame=1, truncated=no, start-type=ATG, RBS-motif=None
13:30:54.629 - INFO - CDS - contig=contig_32, start=7979, stop=14203, strand=+, frame=2, truncated=no, start-type=ATG, RBS-motif=GGAGG
13:30:54.629 - INFO - CDS - contig=contig_32, start=15361, stop=17484, strand=-, frame=1, truncated=no, start-type=GTG, RBS-motif=None
13:30:54.629 - INFO - CDS - contig=contig_32, start=28, stop=7809, strand=+, nt=[ATGAGCGGCG..CCTGATATGA]
13:30:54.629 - INFO - CDS - contig=contig_32, start=7979, stop=14203, strand=+, nt=[ATGGTTCAGT..ACGGAAATGA]
13:30:54.629 - INFO - CDS - contig=contig_32, start=15361, stop=17484, strand=-, nt=[GTGGCCGCCC..ATACAAATGA]
13:30:54.633 - INFO - CDS - contig=contig_33, start=94, stop=1551, strand=-, frame=3, truncated=no, start-type=ATG, RBS-motif=GGAGG
13:30:54.633 - INFO - CDS - contig=contig_33, start=1623, stop=2450, strand=-, frame=1, truncated=no, start-type=ATG, RBS-motif=GGAG/GAGG
13:30:54.633 - INFO - CDS - contig=contig_33, start=2708, stop=2857, strand=+, frame=2, truncated=no, start-type=ATG, RBS-motif=GGAG/GAGG
13:30:54.633 - INFO - CDS - contig=contig_33, start=2907, stop=3818, strand=-, frame=1, truncated=no, start-type=ATG, RBS-motif=AGGAGG
13:30:54.633 - INFO - CDS - contig=contig_33, start=3962, stop=5368, strand=-, frame=2, truncated=no, start-type=ATG, RBS-motif=AGGAG
13:30:54.634 - INFO - CDS - contig=contig_33, start=5977, stop=8763, strand=-, frame=3, truncated=no, start-type=ATG, RBS-motif=GGAG/GAGG
13:30:54.634 - INFO - CDS - contig=contig_33, start=8815, stop=9660, strand=-, frame=3, truncated=no, start-type=TTG, RBS-motif=GGAGG
13:30:54.634 - INFO - CDS - contig=contig_33, start=9771, stop=10475, strand=-, frame=1, truncated=no, start-type=ATG, RBS-motif=AGGAGG
13:30:54.634 - INFO - CDS - contig=contig_33, start=10949, stop=11803, strand=-, frame=2, truncated=no, start-type=GTG, RBS-motif=AGxAGG/AGGxGG
13:30:54.634 - INFO - CDS - contig=contig_33, start=11806, stop=12339, strand=-, frame=3, truncated=no, start-type=ATG, RBS-motif=AGGAG
13:30:54.634 - INFO - CDS - contig=contig_33, start=12507, stop=12944, strand=+, frame=3, truncated=no, start-type=ATG, RBS-motif=AGGAGG
13:30:54.634 - INFO - CDS - contig=contig_33, start=12985, stop=13944, strand=-, frame=3, truncated=no, start-type=TTG, RBS-motif=GGAGG
13:30:54.634 - INFO - CDS - contig=contig_33, start=14422, stop=14991, strand=+, frame=1, truncated=no, start-type=ATG, RBS-motif=GGAGG
13:30:54.634 - INFO - CDS - contig=contig_33, start=15048, stop=15479, strand=+, frame=3, truncated=no, start-type=ATG, RBS-motif=AGGAG
13:30:54.634 - INFO - CDS - contig=contig_33, start=15759, stop=17237, strand=+, frame=3, truncated=no, start-type=ATG, RBS-motif=GGAGG
13:30:54.634 - INFO - CDS - contig=contig_33, start=94, stop=1551, strand=-, nt=[ATGAGTGAAC..GGAAGAGTGA]
13:30:54.634 - INFO - CDS - contig=contig_33, start=1623, stop=2450, strand=-, nt=[ATGAAGAATT..TAACGACTGA]
13:30:54.634 - INFO - CDS - contig=contig_33, start=2708, stop=2857, strand=+, nt=[ATGTCCGTCG..TGAGAAATGA]
13:30:54.634 - INFO - CDS - contig=contig_33, start=2907, stop=3818, strand=-, nt=[ATGGCGAGCA..CATGAAATAA]
13:30:54.634 - INFO - CDS - contig=contig_33, start=3962, stop=5368, strand=-, nt=[ATGCTTGAAA..GGGAAAGTAA]
13:30:54.634 - INFO - CDS - contig=contig_33, start=5977, stop=8763, strand=-, nt=[ATGCCGGAAG..GGATTTTTGA]
13:30:54.634 - INFO - CDS - contig=contig_33, start=8815, stop=9660, strand=-, nt=[TTGGATTACA..CGTAAAATAA]
13:30:54.634 - INFO - CDS - contig=contig_33, start=9771, stop=10475, strand=-, nt=[ATGGACGAGC..GGAGGGGTGA]
13:30:54.634 - INFO - CDS - contig=contig_33, start=10949, stop=11803, strand=-, nt=[GTGGGAGAGC..AAAGAATTGA]
13:30:54.635 - INFO - CDS - contig=contig_33, start=11806, stop=12339, strand=-, nt=[ATGGCCAAAC..GGGGGAGTGA]
13:30:54.635 - INFO - CDS - contig=contig_33, start=12507, stop=12944, strand=+, nt=[ATGACAAAGA..CATTCTTTAA]
13:30:54.635 - INFO - CDS - contig=contig_33, start=12985, stop=13944, strand=-, nt=[TTGAAATTCT..TGTCTGGTAA]
13:30:54.635 - INFO - CDS - contig=contig_33, start=14422, stop=14991, strand=+, nt=[ATGCCTACGA..CAAGGGCTAA]
13:30:54.635 - INFO - CDS - contig=contig_33, start=15048, stop=15479, strand=+, nt=[ATGACGATTT..CGAGGACTGA]
13:30:54.635 - INFO - CDS - contig=contig_33, start=15759, stop=17237, strand=+, nt=[ATGATCACGT..GGGCAAGTAA]
13:30:54.638 - INFO - CDS - contig=contig_34, start=25, stop=495, strand=-, frame=3, truncated=no, start-type=ATG, RBS-motif=AGxAGG/AGGxGG
13:30:54.638 - INFO - CDS - contig=contig_34, start=567, stop=1553, strand=-, frame=1, truncated=no, start-type=ATG, RBS-motif=AGGAGG
13:30:54.638 - INFO - CDS - contig=contig_34, start=1729, stop=2646, strand=-, frame=3, truncated=no, start-type=ATG, RBS-motif=AGGAGG
13:30:54.638 - INFO - CDS - contig=contig_34, start=2763, stop=16481, strand=-, frame=1, truncated=no, start-type=GTG, RBS-motif=None
13:30:54.638 - INFO - CDS - contig=contig_34, start=25, stop=495, strand=-, nt=[ATGCGGATAC..TCTGAACTGA]
13:30:54.638 - INFO - CDS - contig=contig_34, start=567, stop=1553, strand=-, nt=[ATGAGCAACG..GGGCAAGTAA]
13:30:54.638 - INFO - CDS - contig=contig_34, start=1729, stop=2646, strand=-, nt=[ATGCCGGAAT..GGGGAAGTAG]
13:30:54.638 - INFO - CDS - contig=contig_34, start=2763, stop=16481, strand=-, nt=[GTGATCCCCG..CAGCTACTGA]
13:30:54.642 - INFO - CDS - contig=contig_35, start=37, stop=663, strand=-, frame=1, truncated=no, start-type=ATG, RBS-motif=GGAGG
13:30:54.642 - INFO - CDS - contig=contig_35, start=1008, stop=2756, strand=+, frame=3, truncated=no, start-type=ATG, RBS-motif=GGAGG
13:30:54.642 - INFO - CDS - contig=contig_35, start=2844, stop=3305, strand=+, frame=3, truncated=no, start-type=ATG, RBS-motif=GGAGG
13:30:54.642 - INFO - CDS - contig=contig_35, start=3302, stop=4210, strand=+, frame=2, truncated=no, start-type=ATG, RBS-motif=AGGAGG
13:30:54.642 - INFO - CDS - contig=contig_35, start=4223, stop=4789, strand=-, frame=3, truncated=no, start-type=ATG, RBS-motif=AGGA
13:30:54.642 - INFO - CDS - contig=contig_35, start=5018, stop=6208, strand=+, frame=2, truncated=no, start-type=ATG, RBS-motif=AGGAGG
13:30:54.642 - INFO - CDS - contig=contig_35, start=6391, stop=7266, strand=+, frame=1, truncated=no, start-type=ATG, RBS-motif=GGAGG
13:30:54.642 - INFO - CDS - contig=contig_35, start=7279, stop=8430, strand=+, frame=1, truncated=no, start-type=ATG, RBS-motif=AGxAGG/AGGxGG
13:30:54.642 - INFO - CDS - contig=contig_35, start=8423, stop=9271, strand=+, frame=2, truncated=no, start-type=ATG, RBS-motif=GGAGG
13:30:54.642 - INFO - CDS - contig=contig_35, start=9258, stop=9953, strand=+, frame=3, truncated=no, start-type=ATG, RBS-motif=GGxGG
13:30:54.642 - INFO - CDS - contig=contig_35, start=10030, stop=10278, strand=-, frame=1, truncated=no, start-type=GTG, RBS-motif=GGAG/GAGG
13:30:54.643 - INFO - CDS - contig=contig_35, start=10403, stop=11095, strand=-, frame=3, truncated=no, start-type=ATG, RBS-motif=GGAGG
13:30:54.643 - INFO - CDS - contig=contig_35, start=11344, stop=12675, strand=+, frame=1, truncated=no, start-type=ATG, RBS-motif=AGGAGG
13:30:54.643 - INFO - CDS - contig=contig_35, start=12713, stop=14107, strand=+, frame=2, truncated=no, start-type=ATG, RBS-motif=AGGAG
13:30:54.643 - INFO - CDS - contig=contig_35, start=14178, stop=15287, strand=-, frame=2, truncated=no, start-type=ATG, RBS-motif=GGAG/GAGG
13:30:54.643 - INFO - CDS - contig=contig_35, start=15407, stop=15688, strand=+, frame=2, truncated=no, start-type=ATG, RBS-motif=AGxAGG/AGGxGG
13:30:54.643 - INFO - CDS - contig=contig_35, start=37, stop=663, strand=-, nt=[ATGGAACAGC..AAAAAAGTAA]
13:30:54.643 - INFO - CDS - contig=contig_35, start=1008, stop=2756, strand=+, nt=[ATGGAACACA..GCTGACATAG]
13:30:54.643 - INFO - CDS - contig=contig_35, start=2844, stop=3305, strand=+, nt=[ATGTTGTATT..GGAGCGATGA]
13:30:54.643 - INFO - CDS - contig=contig_35, start=3302, stop=4210, strand=+, nt=[ATGACGCTCC..AAAGCAGTAA]
13:30:54.643 - INFO - CDS - contig=contig_35, start=4223, stop=4789, strand=-, nt=[ATGAAACTCT..GGAGGCGTGA]
13:30:54.643 - INFO - CDS - contig=contig_35, start=5018, stop=6208, strand=+, nt=[ATGAAAAAGA..AGTGAAGTAA]
13:30:54.643 - INFO - CDS - contig=contig_35, start=6391, stop=7266, strand=+, nt=[ATGCAATATG..TAAAGTGTAA]
13:30:54.643 - INFO - CDS - contig=contig_35, start=7279, stop=8430, strand=+, nt=[ATGAAGGAAA..CAATGGCTGA]
13:30:54.643 - INFO - CDS - contig=contig_35, start=8423, stop=9271, strand=+, nt=[ATGGCTGAAA..TGAAAATTGA]
13:30:54.643 - INFO - CDS - contig=contig_35, start=9258, stop=9953, strand=+, nt=[ATGCTGAAAA..TCTGGGCTGA]
13:30:54.643 - INFO - CDS - contig=contig_35, start=10030, stop=10278, strand=-, nt=[GTGAAAGGAA..AGGCGGGTAA]
13:30:54.643 - INFO - CDS - contig=contig_35, start=10403, stop=11095, strand=-, nt=[ATGCTGCTGC..CATCAATTGA]
13:30:54.643 - INFO - CDS - contig=contig_35, start=11344, stop=12675, strand=+, nt=[ATGGAAGGTC..TCTTCTCTAA]
13:30:54.643 - INFO - CDS - contig=contig_35, start=12713, stop=14107, strand=+, nt=[ATGAGTTCTG..GTTCAAGTAA]
13:30:54.643 - INFO - CDS - contig=contig_35, start=14178, stop=15287, strand=-, nt=[ATGAAATTAG..TAACGTGTAA]
13:30:54.643 - INFO - CDS - contig=contig_35, start=15407, stop=15688, strand=+, nt=[ATGGAAACGG..CCTTTTATGA]
13:30:54.647 - INFO - CDS - contig=contig_36, start=80, stop=784, strand=-, frame=3, truncated=no, start-type=ATG, RBS-motif=AGGAG
13:30:54.647 - INFO - CDS - contig=contig_36, start=1167, stop=1670, strand=+, frame=3, truncated=no, start-type=GTG, RBS-motif=GGA/GAG/AGG
13:30:54.647 - INFO - CDS - contig=contig_36, start=1907, stop=2287, strand=+, frame=2, truncated=no, start-type=ATG, RBS-motif=AGGAG
13:30:54.647 - INFO - CDS - contig=contig_36, start=2287, stop=5643, strand=+, frame=1, truncated=no, start-type=ATG, RBS-motif=AGGAGG
13:30:54.647 - INFO - CDS - contig=contig_36, start=5724, stop=8294, strand=-, frame=2, truncated=no, start-type=ATG, RBS-motif=AGGAG/GGAGG
13:30:54.648 - INFO - CDS - contig=contig_36, start=8423, stop=8953, strand=-, frame=3, truncated=no, start-type=ATG, RBS-motif=AGxAGG/AGGxGG
13:30:54.648 - INFO - CDS - contig=contig_36, start=8992, stop=9687, strand=-, frame=1, truncated=no, start-type=ATG, RBS-motif=GGA/GAG/AGG
13:30:54.648 - INFO - CDS - contig=contig_36, start=9703, stop=10875, strand=-, frame=1, truncated=no, start-type=ATG, RBS-motif=AGxAGG/AGGxGG
13:30:54.648 - INFO - CDS - contig=contig_36, start=10877, stop=11647, strand=-, frame=3, truncated=no, start-type=ATG, RBS-motif=GGA/GAG/AGG
13:30:54.648 - INFO - CDS - contig=contig_36, start=11691, stop=12506, strand=-, frame=2, truncated=no, start-type=ATG, RBS-motif=AGxAGG/AGGxGG
13:30:54.648 - INFO - CDS - contig=contig_36, start=12506, stop=13381, strand=-, frame=3, truncated=no, start-type=ATG, RBS-motif=None
13:30:54.648 - INFO - CDS - contig=contig_36, start=13378, stop=14226, strand=-, frame=1, truncated=no, start-type=ATG, RBS-motif=AGGAG
13:30:54.648 - INFO - CDS - contig=contig_36, start=14239, stop=15102, strand=-, frame=1, truncated=no, start-type=GTG, RBS-motif=GGAGG
13:30:54.648 - INFO - CDS - contig=contig_36, start=80, stop=784, strand=-, nt=[ATGTCTGCGT..AGTCATCTGA]
13:30:54.648 - INFO - CDS - contig=contig_36, start=1167, stop=1670, strand=+, nt=[GTGAAACGGG..CGAAACCTGA]
13:30:54.648 - INFO - CDS - contig=contig_36, start=1907, stop=2287, strand=+, nt=[ATGGGGGAGC..ACGGGAGTAA]
13:30:54.648 - INFO - CDS - contig=contig_36, start=2287, stop=5643, strand=+, nt=[ATGGAGAATT..GGTATACTGA]
13:30:54.648 - INFO - CDS - contig=contig_36, start=5724, stop=8294, strand=-, nt=[ATGCAGCCTA..CGCGGAGTAA]
13:30:54.648 - INFO - CDS - contig=contig_36, start=8423, stop=8953, strand=-, nt=[ATGAATCTCC..AACACCTTGA]
13:30:54.648 - INFO - CDS - contig=contig_36, start=8992, stop=9687, strand=-, nt=[ATGCCGATCA..CACCGCCTGA]
13:30:54.648 - INFO - CDS - contig=contig_36, start=9703, stop=10875, strand=-, nt=[ATGGACGAGA..CCCCGATTAA]
13:30:54.648 - INFO - CDS - contig=contig_36, start=10877, stop=11647, strand=-, nt=[ATGAGAAATA..GCTGGAATAG]
13:30:54.648 - INFO - CDS - contig=contig_36, start=11691, stop=12506, strand=-, nt=[ATGGCTCTGA..GATCTTTTAA]
13:30:54.648 - INFO - CDS - contig=contig_36, start=12506, stop=13381, strand=-, nt=[ATGACCGCTT..GGGCGTCTGA]
13:30:54.648 - INFO - CDS - contig=contig_36, start=13378, stop=14226, strand=-, nt=[ATGGAACATC..AAAGGAATGA]
13:30:54.649 - INFO - CDS - contig=contig_36, start=14239, stop=15102, strand=-, nt=[GTGTGGCTCT..GGCACAGTAA]
13:30:54.649 - INFO - CDS - contig=contig_37, start=1152, stop=1724, strand=-, frame=1, truncated=no, start-type=ATG, RBS-motif=AGxAGG/AGGxGG
13:30:54.649 - INFO - CDS - contig=contig_37, start=1754, stop=2776, strand=-, frame=2, truncated=no, start-type=ATG, RBS-motif=AGxAGG/AGGxGG
13:30:54.649 - INFO - CDS - contig=contig_37, start=2912, stop=3721, strand=+, frame=2, truncated=no, start-type=ATG, RBS-motif=AGGAGG
13:30:54.649 - INFO - CDS - contig=contig_37, start=3733, stop=4491, strand=+, frame=1, truncated=no, start-type=ATG, RBS-motif=GGAG/GAGG
13:30:54.649 - INFO - CDS - contig=contig_37, start=4696, stop=5730, strand=+, frame=1, truncated=no, start-type=ATG, RBS-motif=AGGAG
13:30:54.649 - INFO - CDS - contig=contig_37, start=5824, stop=6834, strand=-, frame=3, truncated=no, start-type=ATG, RBS-motif=AGGAG
13:30:54.649 - INFO - CDS - contig=contig_37, start=7077, stop=7865, strand=+, frame=3, truncated=no, start-type=ATG, RBS-motif=GGAGG
13:30:54.649 - INFO - CDS - contig=contig_37, start=7981, stop=9150, strand=+, frame=1, truncated=no, start-type=TTG, RBS-motif=AGxAGG/AGGxGG
13:30:54.649 - INFO - CDS - contig=contig_37, start=9248, stop=9940, strand=+, frame=2, truncated=no, start-type=ATG, RBS-motif=GGAG/GAGG
13:30:54.649 - INFO - CDS - contig=contig_37, start=9937, stop=11379, strand=+, frame=1, truncated=no, start-type=GTG, RBS-motif=GGAG/GAGG
13:30:54.649 - INFO - CDS - contig=contig_37, start=11413, stop=12477, strand=+, frame=1, truncated=no, start-type=ATG, RBS-motif=AGGAGG
13:30:54.649 - INFO - CDS - contig=contig_37, start=12809, stop=13348, strand=+, frame=2, truncated=no, start-type=ATG, RBS-motif=AGGAG
13:30:54.649 - INFO - CDS - contig=contig_37, start=1152, stop=1724, strand=-, nt=[ATGGCAAAGC..GGACACTTGA]
13:30:54.649 - INFO - CDS - contig=contig_37, start=1754, stop=2776, strand=-, nt=[ATGAAGGAAC..CATCCGATAA]
13:30:54.649 - INFO - CDS - contig=contig_37, start=2912, stop=3721, strand=+, nt=[ATGAATGTAT..CAGCGATTGA]
13:30:54.649 - INFO - CDS - contig=contig_37, start=3733, stop=4491, strand=+, nt=[ATGGAGAATA..CATCGAGTAA]
13:30:54.650 - INFO - CDS - contig=contig_37, start=4696, stop=5730, strand=+, nt=[ATGGAAGAAA..TCATCAATAA]
13:30:54.650 - INFO - CDS - contig=contig_37, start=5824, stop=6834, strand=-, nt=[ATGAGCATCA..TCATAAGTAA]
13:30:54.650 - INFO - CDS - contig=contig_37, start=7077, stop=7865, strand=+, nt=[ATGGACGAGG..TCTGGATTGA]
13:30:54.650 - INFO - CDS - contig=contig_37, start=7981, stop=9150, strand=+, nt=[TTGACAGAAT..TGTGGACTGA]
13:30:54.650 - INFO - CDS - contig=contig_37, start=9248, stop=9940, strand=+, nt=[ATGGCACAGA..CGGCCAGTGA]
13:30:54.650 - INFO - CDS - contig=contig_37, start=9937, stop=11379, strand=+, nt=[GTGAAAAGCC..CCTGGCCTGA]
13:30:54.650 - INFO - CDS - contig=contig_37, start=11413, stop=12477, strand=+, nt=[ATGGATCGGG..GGCCGAATAG]
13:30:54.650 - INFO - CDS - contig=contig_37, start=12809, stop=13348, strand=+, nt=[ATGAAGTTTA..CGACGGCTGA]
13:30:54.656 - INFO - CDS - contig=contig_38, start=55, stop=1338, strand=-, frame=1, truncated=no, start-type=ATG, RBS-motif=AGGAGG
13:30:54.656 - INFO - CDS - contig=contig_38, start=1407, stop=1691, strand=-, frame=2, truncated=no, start-type=ATG, RBS-motif=GGAGG
13:30:54.656 - INFO - CDS - contig=contig_38, start=1696, stop=2025, strand=-, frame=1, truncated=no, start-type=ATG, RBS-motif=None
13:30:54.656 - INFO - CDS - contig=contig_38, start=2025, stop=2336, strand=-, frame=2, truncated=no, start-type=ATG, RBS-motif=AGGAG
13:30:54.656 - INFO - CDS - contig=contig_38, start=2895, stop=4070, strand=-, frame=2, truncated=no, start-type=ATG, RBS-motif=AGGAGG
13:30:54.657 - INFO - CDS - contig=contig_38, start=4087, stop=5187, strand=-, frame=1, truncated=no, start-type=ATG, RBS-motif=GGAGG
13:30:54.657 - INFO - CDS - contig=contig_38, start=5184, stop=6128, strand=-, frame=2, truncated=no, start-type=ATG, RBS-motif=GGAGG
13:30:54.657 - INFO - CDS - contig=contig_38, start=6230, stop=7102, strand=-, frame=3, truncated=no, start-type=ATG, RBS-motif=AGGAG
13:30:54.657 - INFO - CDS - contig=contig_38, start=7106, stop=7648, strand=-, frame=3, truncated=no, start-type=ATG, RBS-motif=GGAG/GAGG
13:30:54.657 - INFO - CDS - contig=contig_38, start=7973, stop=10606, strand=-, frame=3, truncated=no, start-type=ATG, RBS-motif=AGGAGG
13:30:54.657 - INFO - CDS - contig=contig_38, start=10820, stop=11128, strand=-, frame=3, truncated=no, start-type=ATG, RBS-motif=AGGAGG
13:30:54.657 - INFO - CDS - contig=contig_38, start=11118, stop=11858, strand=-, frame=2, truncated=no, start-type=ATG, RBS-motif=GGAG/GAGG
13:30:54.657 - INFO - CDS - contig=contig_38, start=11909, stop=12595, strand=-, frame=3, truncated=no, start-type=GTG, RBS-motif=AGGAG
13:30:54.657 - INFO - CDS - contig=contig_38, start=55, stop=1338, strand=-, nt=[ATGGCCAATG..TCAGCGGTAA]
13:30:54.657 - INFO - CDS - contig=contig_38, start=1407, stop=1691, strand=-, nt=[ATGCTGAAGA..CGCCCAGTAA]
13:30:54.657 - INFO - CDS - contig=contig_38, start=1696, stop=2025, strand=-, nt=[ATGATCACCG..GGAGGTGTAA]
13:30:54.657 - INFO - CDS - contig=contig_38, start=2025, stop=2336, strand=-, nt=[ATGCACGCGA..CCACGCCTAA]
13:30:54.657 - INFO - CDS - contig=contig_38, start=2895, stop=4070, strand=-, nt=[ATGATGAACT..GGCAAAATAA]
13:30:54.657 - INFO - CDS - contig=contig_38, start=4087, stop=5187, strand=-, nt=[ATGAGGACGA..AGAAGAATAA]
13:30:54.657 - INFO - CDS - contig=contig_38, start=5184, stop=6128, strand=-, nt=[ATGAACGACT..TGGGGCATGA]
13:30:54.657 - INFO - CDS - contig=contig_38, start=6230, stop=7102, strand=-, nt=[ATGAGTGAGT..GCCCCGGTAA]
13:30:54.657 - INFO - CDS - contig=contig_38, start=7106, stop=7648, strand=-, nt=[ATGGAAGAAC..GGAGAAATGA]
13:30:54.657 - INFO - CDS - contig=contig_38, start=7973, stop=10606, strand=-, nt=[ATGTCCAAAA..CCCCCGCTGA]
13:30:54.657 - INFO - CDS - contig=contig_38, start=10820, stop=11128, strand=-, nt=[ATGAGGGGTA..CCTGTGCTGA]
13:30:54.658 - INFO - CDS - contig=contig_38, start=11118, stop=11858, strand=-, nt=[ATGTGGAAAG..TGAGGGGTAA]
13:30:54.658 - INFO - CDS - contig=contig_38, start=11909, stop=12595, strand=-, nt=[GTGGAGGATA..GGGGAGATGA]
13:30:54.658 - INFO - CDS - contig=contig_39, start=2, stop=745, strand=+, frame=2, truncated=no, start-type=GTG, RBS-motif=None
13:30:54.658 - INFO - CDS - contig=contig_39, start=782, stop=1333, strand=+, frame=2, truncated=no, start-type=ATG, RBS-motif=AGGA
13:30:54.658 - INFO - CDS - contig=contig_39, start=1362, stop=1859, strand=+, frame=3, truncated=no, start-type=ATG, RBS-motif=AGGA
13:30:54.658 - INFO - CDS - contig=contig_39, start=1860, stop=2393, strand=+, frame=3, truncated=no, start-type=ATG, RBS-motif=GGAGG
13:30:54.658 - INFO - CDS - contig=contig_39, start=2474, stop=4156, strand=-, frame=2, truncated=no, start-type=GTG, RBS-motif=AGGAGG
13:30:54.658 - INFO - CDS - contig=contig_39, start=4596, stop=5012, strand=+, frame=3, truncated=no, start-type=ATG, RBS-motif=GGxGG
13:30:54.658 - INFO - CDS - contig=contig_39, start=5012, stop=5947, strand=+, frame=2, truncated=no, start-type=ATG, RBS-motif=AGGAG(G)/GGAGG
13:30:54.658 - INFO - CDS - contig=contig_39, start=5994, stop=6536, strand=+, frame=3, truncated=no, start-type=ATG, RBS-motif=AGGAG
13:30:54.658 - INFO - CDS - contig=contig_39, start=6661, stop=9111, strand=+, frame=1, truncated=no, start-type=ATG, RBS-motif=GGAG/GAGG
13:30:54.658 - INFO - CDS - contig=contig_39, start=9296, stop=10717, strand=+, frame=2, truncated=no, start-type=ATG, RBS-motif=GGAG/GAGG
13:30:54.658 - INFO - CDS - contig=contig_39, start=10809, stop=11813, strand=+, frame=3, truncated=no, start-type=ATG, RBS-motif=GGAGG
13:30:54.658 - INFO - CDS - contig=contig_39, start=11867, stop=13060, strand=+, frame=2, truncated=no, start-type=ATG, RBS-motif=AGxAGG/AGGxGG
13:30:54.658 - INFO - CDS - contig=contig_39, start=2, stop=745, strand=+, nt=[GTGGAGCGCT..GGAGGGGTGA]
13:30:54.658 - INFO - CDS - contig=contig_39, start=782, stop=1333, strand=+, nt=[ATGCGTGTTA..CCAGCCGTGA]
13:30:54.658 - INFO - CDS - contig=contig_39, start=1362, stop=1859, strand=+, nt=[ATGAAGACCG..GAAGCTATAA]
13:30:54.658 - INFO - CDS - contig=contig_39, start=1860, stop=2393, strand=+, nt=[ATGGCCACTG..GGAGGAGTAA]
13:30:54.659 - INFO - CDS - contig=contig_39, start=2474, stop=4156, strand=-, nt=[GTGAACACGA..CGCCGGTTGA]
13:30:54.659 - INFO - CDS - contig=contig_39, start=4596, stop=5012, strand=+, nt=[ATGACCGGTA..GGGCTTCTGA]
13:30:54.659 - INFO - CDS - contig=contig_39, start=5012, stop=5947, strand=+, nt=[ATGGAGGAAT..GAAGCTGTAA]
13:30:54.659 - INFO - CDS - contig=contig_39, start=5994, stop=6536, strand=+, nt=[ATGGCAAGTG..ATATTTTTGA]
13:30:54.659 - INFO - CDS - contig=contig_39, start=6661, stop=9111, strand=+, nt=[ATGGATTGCC..GGTGGATTAA]
13:30:54.659 - INFO - CDS - contig=contig_39, start=9296, stop=10717, strand=+, nt=[ATGCGCCTGC..TTTTTCCTGA]
13:30:54.659 - INFO - CDS - contig=contig_39, start=10809, stop=11813, strand=+, nt=[ATGGGTAATA..TCAGATCTAA]
13:30:54.659 - INFO - CDS - contig=contig_39, start=11867, stop=13060, strand=+, nt=[ATGGCAAAAC..ACAGGGTTAG]
13:30:54.659 - INFO - CDS - contig=contig_40, start=95, stop=1264, strand=-, frame=3, truncated=no, start-type=ATG, RBS-motif=AGGAGG
13:30:54.659 - INFO - CDS - contig=contig_40, start=1277, stop=2446, strand=-, frame=3, truncated=no, start-type=ATG, RBS-motif=AGGAGG
13:30:54.659 - INFO - CDS - contig=contig_40, start=2776, stop=3696, strand=-, frame=1, truncated=no, start-type=ATG, RBS-motif=AGGAGG
13:30:54.659 - INFO - CDS - contig=contig_40, start=3724, stop=5181, strand=-, frame=1, truncated=no, start-type=ATG, RBS-motif=AGGAG
13:30:54.659 - INFO - CDS - contig=contig_40, start=5195, stop=6559, strand=-, frame=3, truncated=no, start-type=ATG, RBS-motif=AGxAGG/AGGxGG
13:30:54.659 - INFO - CDS - contig=contig_40, start=6678, stop=7337, strand=-, frame=2, truncated=no, start-type=ATG, RBS-motif=AGGA
13:30:54.660 - INFO - CDS - contig=contig_40, start=7480, stop=8082, strand=-, frame=1, truncated=no, start-type=ATG, RBS-motif=AGxAGG/AGGxGG
13:30:54.660 - INFO - CDS - contig=contig_40, start=8160, stop=8951, strand=-, frame=2, truncated=no, start-type=ATG, RBS-motif=AGGAGG
13:30:54.660 - INFO - CDS - contig=contig_40, start=8942, stop=9862, strand=-, frame=3, truncated=no, start-type=ATG, RBS-motif=AGGAGG
13:30:54.660 - INFO - CDS - contig=contig_40, start=95, stop=1264, strand=-, nt=[ATGGTTCTGG..TCACACCTGA]
13:30:54.660 - INFO - CDS - contig=contig_40, start=1277, stop=2446, strand=-, nt=[ATGACTGCAG..AATGCTGTAA]
13:30:54.660 - INFO - CDS - contig=contig_40, start=2776, stop=3696, strand=-, nt=[ATGCAGCTCC..GATAAAATAA]
13:30:54.660 - INFO - CDS - contig=contig_40, start=3724, stop=5181, strand=-, nt=[ATGAACGGTA..CTCCAACTAA]
13:30:54.660 - INFO - CDS - contig=contig_40, start=5195, stop=6559, strand=-, nt=[ATGAATATCA..CGCGGATTGA]
13:30:54.660 - INFO - CDS - contig=contig_40, start=6678, stop=7337, strand=-, nt=[ATGAAAAAGC..CGCGGAATAA]
13:30:54.660 - INFO - CDS - contig=contig_40, start=7480, stop=8082, strand=-, nt=[ATGTCCGTTT..GAAAAAGTGA]
13:30:54.660 - INFO - CDS - contig=contig_40, start=8160, stop=8951, strand=-, nt=[ATGGAGCTGA..GAAGCTGTGA]
13:30:54.660 - INFO - CDS - contig=contig_40, start=8942, stop=9862, strand=-, nt=[ATGTCCAAGC..ATGGAGCTGA]
13:30:54.663 - INFO - CDS - contig=contig_41, start=91, stop=2082, strand=-, frame=3, truncated=no, start-type=ATG, RBS-motif=GGAGG
13:30:54.663 - INFO - CDS - contig=contig_41, start=2057, stop=2959, strand=-, frame=2, truncated=no, start-type=ATG, RBS-motif=GGAGG
13:30:54.663 - INFO - CDS - contig=contig_41, start=2956, stop=3351, strand=-, frame=3, truncated=no, start-type=ATG, RBS-motif=GGAG/GAGG
13:30:54.663 - INFO - CDS - contig=contig_41, start=3563, stop=4048, strand=+, frame=2, truncated=no, start-type=ATG, RBS-motif=AGGAGG
13:30:54.663 - INFO - CDS - contig=contig_41, start=4179, stop=5333, strand=+, frame=3, truncated=no, start-type=ATG, RBS-motif=GGAG/GAGG
13:30:54.664 - INFO - CDS - contig=contig_41, start=5412, stop=6368, strand=+, frame=3, truncated=no, start-type=ATG, RBS-motif=GGAG/GAGG
13:30:54.664 - INFO - CDS - contig=contig_41, start=6441, stop=7037, strand=+, frame=3, truncated=no, start-type=ATG, RBS-motif=AGxAGG/AGGxGG
13:30:54.664 - INFO - CDS - contig=contig_41, start=7163, stop=8872, strand=+, frame=2, truncated=no, start-type=GTG, RBS-motif=AGxAGG/AGGxGG
13:30:54.664 - INFO - CDS - contig=contig_41, start=91, stop=2082, strand=-, nt=[ATGGTGTCCG..GGTGGGATAA]
13:30:54.664 - INFO - CDS - contig=contig_41, start=2057, stop=2959, strand=-, nt=[ATGATCGAAG..CGTCCTCTAA]
13:30:54.664 - INFO - CDS - contig=contig_41, start=2956, stop=3351, strand=-, nt=[ATGATAAGCC..TGCGGTATGA]
13:30:54.664 - INFO - CDS - contig=contig_41, start=3563, stop=4048, strand=+, nt=[ATGCGTCTGA..GGCGGCGTGA]
13:30:54.664 - INFO - CDS - contig=contig_41, start=4179, stop=5333, strand=+, nt=[ATGGAAGCCT..CAAGTCCTGA]
13:30:54.664 - INFO - CDS - contig=contig_41, start=5412, stop=6368, strand=+, nt=[ATGATCGCCC..TTTCAATTAA]
13:30:54.664 - INFO - CDS - contig=contig_41, start=6441, stop=7037, strand=+, nt=[ATGTTTCCTT..GTTCAACTGA]
13:30:54.664 - INFO - CDS - contig=contig_41, start=7163, stop=8872, strand=+, nt=[GTGAAATGCC..CTTCAGCTGA]
13:30:54.664 - INFO - CDS - contig=contig_42, start=44, stop=1399, strand=-, frame=3, truncated=no, start-type=ATG, RBS-motif=AGxAGG/AGGxGG
13:30:54.664 - INFO - CDS - contig=contig_42, start=1525, stop=2445, strand=-, frame=1, truncated=no, start-type=ATG, RBS-motif=AGGAGG
13:30:54.664 - INFO - CDS - contig=contig_42, start=2445, stop=3182, strand=-, frame=2, truncated=no, start-type=ATG, RBS-motif=AGGAG
13:30:54.664 - INFO - CDS - contig=contig_42, start=3372, stop=5723, strand=+, frame=3, truncated=no, start-type=ATG, RBS-motif=AGxAGG/AGGxGG
13:30:54.664 - INFO - CDS - contig=contig_42, start=6065, stop=6781, strand=+, frame=2, truncated=no, start-type=ATG, RBS-motif=AGGAGG
13:30:54.664 - INFO - CDS - contig=contig_42, start=6979, stop=8178, strand=+, frame=1, truncated=no, start-type=ATG, RBS-motif=AGGAGG
13:30:54.664 - INFO - CDS - contig=contig_42, start=44, stop=1399, strand=-, nt=[ATGGCGTTGG..GCGCAAATAA]
13:30:54.664 - INFO - CDS - contig=contig_42, start=1525, stop=2445, strand=-, nt=[ATGGACAAGA..CCTCAACTGA]
13:30:54.664 - INFO - CDS - contig=contig_42, start=2445, stop=3182, strand=-, nt=[ATGTTAGAGA..GGCGCGGTAA]
13:30:54.664 - INFO - CDS - contig=contig_42, start=3372, stop=5723, strand=+, nt=[ATGAGAAAAA..GACGAAGTAG]
13:30:54.665 - INFO - CDS - contig=contig_42, start=6065, stop=6781, strand=+, nt=[ATGAAGGTAG..GGTCATCTAG]
13:30:54.665 - INFO - CDS - contig=contig_42, start=6979, stop=8178, strand=+, nt=[ATGAAAAACC..CACTCCCTGA]
13:30:54.666 - INFO - CDS - contig=contig_43, start=354, stop=2927, strand=+, frame=3, truncated=no, start-type=ATG, RBS-motif=AGGAGG
13:30:54.666 - INFO - CDS - contig=contig_43, start=3060, stop=3692, strand=+, frame=3, truncated=no, start-type=ATG, RBS-motif=GGAG/GAGG
13:30:54.666 - INFO - CDS - contig=contig_43, start=3749, stop=3913, strand=-, frame=2, truncated=no, start-type=ATG, RBS-motif=AGGAGG
13:30:54.666 - INFO - CDS - contig=contig_43, start=4456, stop=6066, strand=+, frame=1, truncated=no, start-type=TTG, RBS-motif=GGAG/GAGG
13:30:54.666 - INFO - CDS - contig=contig_43, start=6115, stop=6933, strand=-, frame=3, truncated=no, start-type=GTG, RBS-motif=AGxAGG/AGGxGG
13:30:54.666 - INFO - CDS - contig=contig_43, start=6998, stop=7339, strand=-, frame=2, truncated=no, start-type=GTG, RBS-motif=AGGAGG
13:30:54.666 - INFO - CDS - contig=contig_43, start=7433, stop=7633, strand=+, frame=2, truncated=no, start-type=ATG, RBS-motif=None
13:30:54.666 - INFO - CDS - contig=contig_43, start=7630, stop=8079, strand=+, frame=1, truncated=no, start-type=GTG, RBS-motif=None
13:30:54.666 - INFO - CDS - contig=contig_43, start=354, stop=2927, strand=+, nt=[ATGAAAAGAA..CAACAAGTAA]
13:30:54.666 - INFO - CDS - contig=contig_43, start=3060, stop=3692, strand=+, nt=[ATGTTTGACT..GTCGAAATAA]
13:30:54.667 - INFO - CDS - contig=contig_43, start=3749, stop=3913, strand=-, nt=[ATGGCAAAGA..CGGATCCTGA]
13:30:54.667 - INFO - CDS - contig=contig_43, start=4456, stop=6066, strand=+, nt=[TTGCCAAAAT..TCAGGTCTAA]
13:30:54.667 - INFO - CDS - contig=contig_43, start=6115, stop=6933, strand=-, nt=[GTGGATTCCT..GCGGCTCTGA]
13:30:54.667 - INFO - CDS - contig=contig_43, start=6998, stop=7339, strand=-, nt=[GTGGATCATA..CCTACTTTAA]
13:30:54.667 - INFO - CDS - contig=contig_43, start=7433, stop=7633, strand=+, nt=[ATGGTAAGAA..GACAGAGTGA]
13:30:54.667 - INFO - CDS - contig=contig_43, start=7630, stop=8079, strand=+, nt=[GTGAAGACGG..CCTGGCATAA]
13:30:54.669 - INFO - CDS - contig=contig_44, start=64, stop=2094, strand=-, frame=1, truncated=no, start-type=ATG, RBS-motif=GGA/GAG/AGG
13:30:54.669 - INFO - CDS - contig=contig_44, start=2094, stop=3833, strand=-, frame=2, truncated=no, start-type=ATG, RBS-motif=GGA/GAG/AGG
13:30:54.669 - INFO - CDS - contig=contig_44, start=3827, stop=4315, strand=-, frame=3, truncated=no, start-type=ATG, RBS-motif=GGAG/GAGG
13:30:54.669 - INFO - CDS - contig=contig_44, start=4493, stop=5104, strand=+, frame=2, truncated=no, start-type=ATG, RBS-motif=AGGAGG
13:30:54.669 - INFO - CDS - contig=contig_44, start=5464, stop=6933, strand=+, frame=1, truncated=no, start-type=GTG, RBS-motif=AGxAGG/AGGxGG
13:30:54.669 - INFO - CDS - contig=contig_44, start=7044, stop=7367, strand=+, frame=3, truncated=no, start-type=ATG, RBS-motif=AGGAGG
13:30:54.669 - INFO - CDS - contig=contig_44, start=64, stop=2094, strand=-, nt=[ATGCCGGGGC..GCTGGACTGA]
13:30:54.669 - INFO - CDS - contig=contig_44, start=2094, stop=3833, strand=-, nt=[ATGCTGAAAC..GAGCGAATAA]
13:30:54.670 - INFO - CDS - contig=contig_44, start=3827, stop=4315, strand=-, nt=[ATGTATCAAA..CAGATGCTGA]
13:30:54.670 - INFO - CDS - contig=contig_44, start=4493, stop=5104, strand=+, nt=[ATGCCCGCCC..GCGGTACTGA]
13:30:54.670 - INFO - CDS - contig=contig_44, start=5464, stop=6933, strand=+, nt=[GTGGATGAGA..TCTGCCTTAA]
13:30:54.670 - INFO - CDS - contig=contig_44, start=7044, stop=7367, strand=+, nt=[ATGAAACTCA..GCGGGTCTGA]
13:30:54.670 - INFO - CDS - contig=contig_45, start=34, stop=1404, strand=-, frame=3, truncated=no, start-type=ATG, RBS-motif=AGGAGG
13:30:54.670 - INFO - CDS - contig=contig_45, start=1653, stop=3053, strand=-, frame=1, truncated=no, start-type=ATG, RBS-motif=AGGAG
13:30:54.670 - INFO - CDS - contig=contig_45, start=3250, stop=3999, strand=+, frame=1, truncated=no, start-type=ATG, RBS-motif=AGGAGG
13:30:54.670 - INFO - CDS - contig=contig_45, start=4097, stop=4789, strand=-, frame=2, truncated=no, start-type=GTG, RBS-motif=GGAGG
13:30:54.670 - INFO - CDS - contig=contig_45, start=4782, stop=5144, strand=-, frame=1, truncated=no, start-type=TTG, RBS-motif=GGAGG
13:30:54.670 - INFO - CDS - contig=contig_45, start=5191, stop=6240, strand=-, frame=3, truncated=no, start-type=ATG, RBS-motif=GGAG/GAGG
13:30:54.670 - INFO - CDS - contig=contig_45, start=6349, stop=7722, strand=+, frame=1, truncated=no, start-type=ATG, RBS-motif=AGGAG
13:30:54.670 - INFO - CDS - contig=contig_45, start=34, stop=1404, strand=-, nt=[ATGCCATCGG..GGGGAAATAG]
13:30:54.670 - INFO - CDS - contig=contig_45, start=1653, stop=3053, strand=-, nt=[ATGCGTGAAA..GAATAAATAA]
13:30:54.670 - INFO - CDS - contig=contig_45, start=3250, stop=3999, strand=+, nt=[ATGATGATCC..CCGGGTGTAA]
13:30:54.670 - INFO - CDS - contig=contig_45, start=4097, stop=4789, strand=-, nt=[GTGCGTGATT..TCTCGTATAA]
13:30:54.670 - INFO - CDS - contig=contig_45, start=4782, stop=5144, strand=-, nt=[TTGAAATACG..CCGTGCGTGA]
13:30:54.670 - INFO - CDS - contig=contig_45, start=5191, stop=6240, strand=-, nt=[ATGGTCAAGC..GGCCCCTTGA]
13:30:54.670 - INFO - CDS - contig=contig_45, start=6349, stop=7722, strand=+, nt=[ATGTCCGACG..CTTGGACTGA]
13:30:54.674 - INFO - CDS - contig=contig_46, start=45, stop=1304, strand=-, frame=1, truncated=no, start-type=ATG, RBS-motif=GGAGG
13:30:54.674 - INFO - CDS - contig=contig_46, start=1543, stop=2766, strand=+, frame=1, truncated=no, start-type=ATG, RBS-motif=AGGAGG
13:30:54.674 - INFO - CDS - contig=contig_46, start=2935, stop=3291, strand=+, frame=1, truncated=no, start-type=ATG, RBS-motif=AGGAGG
13:30:54.674 - INFO - CDS - contig=contig_46, start=3291, stop=3983, strand=+, frame=3, truncated=no, start-type=ATG, RBS-motif=GGAG/GAGG
13:30:54.674 - INFO - CDS - contig=contig_46, start=4079, stop=6667, strand=+, frame=2, truncated=no, start-type=GTG, RBS-motif=AGGA
13:30:54.674 - INFO - CDS - contig=contig_46, start=6725, stop=7171, strand=-, frame=2, truncated=no, start-type=ATG, RBS-motif=AGGA
13:30:54.674 - INFO - CDS - contig=contig_46, start=7314, stop=7499, strand=+, frame=3, truncated=no, start-type=ATG, RBS-motif=GGAG/GAGG
13:30:54.674 - INFO - CDS - contig=contig_46, start=45, stop=1304, strand=-, nt=[ATGAAGGAAG..GAAGTGCTGA]
13:30:54.674 - INFO - CDS - contig=contig_46, start=1543, stop=2766, strand=+, nt=[ATGAAAAAGA..GGTGGGCTGA]
13:30:54.674 - INFO - CDS - contig=contig_46, start=2935, stop=3291, strand=+, nt=[ATGAAGAAAA..GGAGCAATGA]
13:30:54.674 - INFO - CDS - contig=contig_46, start=3291, stop=3983, strand=+, nt=[ATGAAAAAAG..GGAGGAATAG]
13:30:54.674 - INFO - CDS - contig=contig_46, start=4079, stop=6667, strand=+, nt=[GTGCAGGATG..GGACAAATAA]
13:30:54.674 - INFO - CDS - contig=contig_46, start=6725, stop=7171, strand=-, nt=[ATGAAACGCA..AAGCAATTGA]
13:30:54.674 - INFO - CDS - contig=contig_46, start=7314, stop=7499, strand=+, nt=[ATGGAACGAG..CGAAGAGTGA]
13:30:54.674 - INFO - CDS - contig=contig_47, start=31, stop=405, strand=+, frame=1, truncated=no, start-type=GTG, RBS-motif=None
13:30:54.675 - INFO - CDS - contig=contig_47, start=443, stop=1588, strand=+, frame=2, truncated=no, start-type=ATG, RBS-motif=GGAGG
13:30:54.675 - INFO - CDS - contig=contig_47, start=1656, stop=2993, strand=-, frame=1, truncated=no, start-type=ATG, RBS-motif=AGGAG
13:30:54.675 - INFO - CDS - contig=contig_47, start=2993, stop=3208, strand=-, frame=2, truncated=no, start-type=TTG, RBS-motif=AGxAGG/AGGxGG
13:30:54.675 - INFO - CDS - contig=contig_47, start=3222, stop=4004, strand=-, frame=1, truncated=no, start-type=TTG, RBS-motif=AGxAGG/AGGxGG
13:30:54.675 - INFO - CDS - contig=contig_47, start=4192, stop=4998, strand=+, frame=1, truncated=no, start-type=ATG, RBS-motif=GGAGG
13:30:54.675 - INFO - CDS - contig=contig_47, start=5157, stop=5636, strand=+, frame=3, truncated=no, start-type=GTG, RBS-motif=GGAG/GAGG
13:30:54.675 - INFO - CDS - contig=contig_47, start=5633, stop=6526, strand=+, frame=2, truncated=no, start-type=ATG, RBS-motif=AGGAGG
13:30:54.675 - INFO - CDS - contig=contig_47, start=31, stop=405, strand=+, nt=[GTGGAGGAGC..CTCCCCTTGA]
13:30:54.675 - INFO - CDS - contig=contig_47, start=443, stop=1588, strand=+, nt=[ATGACTGAGA..GGAGAGCTAA]
13:30:54.675 - INFO - CDS - contig=contig_47, start=1656, stop=2993, strand=-, nt=[ATGAAAAATC..CTTTGAATAA]
13:30:54.675 - INFO - CDS - contig=contig_47, start=2993, stop=3208, strand=-, nt=[TTGATCACAG..CGGGGACTGA]
13:30:54.675 - INFO - CDS - contig=contig_47, start=3222, stop=4004, strand=-, nt=[TTGAGCAAAT..ATATCTGTAA]
13:30:54.675 - INFO - CDS - contig=contig_47, start=4192, stop=4998, strand=+, nt=[ATGAATTATG..GCGGCCGTAA]
13:30:54.675 - INFO - CDS - contig=contig_47, start=5157, stop=5636, strand=+, nt=[GTGACTGACT..AGAAGCATGA]
13:30:54.675 - INFO - CDS - contig=contig_47, start=5633, stop=6526, strand=+, nt=[ATGAACCGGG..GGAGAAGTAA]
13:30:54.675 - INFO - CDS - contig=contig_49, start=65, stop=844, strand=+, frame=2, truncated=no, start-type=ATG, RBS-motif=AGGAG
13:30:54.675 - INFO - CDS - contig=contig_49, start=841, stop=1398, strand=+, frame=1, truncated=no, start-type=ATG, RBS-motif=GGxGG
13:30:54.675 - INFO - CDS - contig=contig_49, start=1440, stop=1688, strand=-, frame=1, truncated=no, start-type=ATG, RBS-motif=AGGAGG
13:30:54.675 - INFO - CDS - contig=contig_49, start=1741, stop=1938, strand=-, frame=3, truncated=no, start-type=ATG, RBS-motif=GGAGG
13:30:54.676 - INFO - CDS - contig=contig_49, start=2017, stop=2844, strand=-, frame=3, truncated=no, start-type=ATG, RBS-motif=GGAG/GAGG
13:30:54.676 - INFO - CDS - contig=contig_49, start=2841, stop=3389, strand=-, frame=1, truncated=no, start-type=TTG, RBS-motif=AGxAGG/AGGxGG
13:30:54.676 - INFO - CDS - contig=contig_49, start=3478, stop=3690, strand=+, frame=1, truncated=no, start-type=ATG, RBS-motif=GGAGG
13:30:54.676 - INFO - CDS - contig=contig_49, start=3668, stop=4210, strand=-, frame=2, truncated=no, start-type=TTG, RBS-motif=AGGAGG
13:30:54.676 - INFO - CDS - contig=contig_49, start=4355, stop=4897, strand=-, frame=2, truncated=no, start-type=ATG, RBS-motif=GGA/GAG/AGG
13:30:54.676 - INFO - CDS - contig=contig_49, start=65, stop=844, strand=+, nt=[ATGGGAAAGA..GACGGCATGA]
13:30:54.676 - INFO - CDS - contig=contig_49, start=841, stop=1398, strand=+, nt=[ATGATGGACG..CTACCGATAA]
13:30:54.676 - INFO - CDS - contig=contig_49, start=1440, stop=1688, strand=-, nt=[ATGTCCTATT..CGGAAAATAG]
13:30:54.676 - INFO - CDS - contig=contig_49, start=1741, stop=1938, strand=-, nt=[ATGCAACGCA..CTGCCGCTGA]
13:30:54.676 - INFO - CDS - contig=contig_49, start=2017, stop=2844, strand=-, nt=[ATGAGACCCC..ACCCTCCTGA]
13:30:54.676 - INFO - CDS - contig=contig_49, start=2841, stop=3389, strand=-, nt=[TTGTCCCACC..CTCACCATGA]
13:30:54.676 - INFO - CDS - contig=contig_49, start=3478, stop=3690, strand=+, nt=[ATGAATCTGA..GAAGGTATAA]
13:30:54.676 - INFO - CDS - contig=contig_49, start=3668, stop=4210, strand=-, nt=[TTGGCGGTAT..AGCTCGTTGA]
13:30:54.676 - INFO - CDS - contig=contig_49, start=4355, stop=4897, strand=-, nt=[ATGGCTGGGA..GTTTGACTGA]
13:30:54.678 - INFO - CDS - contig=contig_50, start=71, stop=343, strand=-, frame=1, truncated=no, start-type=ATG, RBS-motif=AGGAG
13:30:54.678 - INFO - CDS - contig=contig_50, start=605, stop=844, strand=+, frame=2, truncated=no, start-type=ATG, RBS-motif=AGGA
13:30:54.678 - INFO - CDS - contig=contig_50, start=890, stop=1921, strand=-, frame=1, truncated=no, start-type=ATG, RBS-motif=AGGAG
13:30:54.678 - INFO - CDS - contig=contig_50, start=2011, stop=2298, strand=+, frame=1, truncated=no, start-type=TTG, RBS-motif=AGxAGG/AGGxGG
13:30:54.678 - INFO - CDS - contig=contig_50, start=2295, stop=2420, strand=+, frame=3, truncated=no, start-type=ATG, RBS-motif=GGxGG
13:30:54.678 - INFO - CDS - contig=contig_50, start=2408, stop=4126, strand=-, frame=1, truncated=no, start-type=ATG, RBS-motif=AGGA
13:30:54.678 - INFO - CDS - contig=contig_50, start=71, stop=343, strand=-, nt=[ATGAGGGAAT..CTGGCTGTAA]
13:30:54.678 - INFO - CDS - contig=contig_50, start=605, stop=844, strand=+, nt=[ATGGGTACTT..AAAGGACTGA]
13:30:54.678 - INFO - CDS - contig=contig_50, start=890, stop=1921, strand=-, nt=[ATGAAGCGTA..CGTGCAATGA]
13:30:54.678 - INFO - CDS - contig=contig_50, start=2011, stop=2298, strand=+, nt=[TTGCTTACCA..GAGTTTATGA]
13:30:54.678 - INFO - CDS - contig=contig_50, start=2295, stop=2420, strand=+, nt=[ATGAGTGTTT..GGGCAAATAG]
13:30:54.678 - INFO - CDS - contig=contig_50, start=2408, stop=4126, strand=-, nt=[ATGCTGACCA..TTTGCCCTGA]
13:30:54.678 - INFO - CDS - contig=contig_51, start=55, stop=759, strand=-, frame=3, truncated=no, start-type=ATG, RBS-motif=AGGAG
13:30:54.679 - INFO - CDS - contig=contig_51, start=885, stop=2381, strand=+, frame=3, truncated=no, start-type=ATG, RBS-motif=AGGAGG
13:30:54.679 - INFO - CDS - contig=contig_51, start=2378, stop=3319, strand=+, frame=2, truncated=no, start-type=ATG, RBS-motif=GGAGG
13:30:54.679 - INFO - CDS - contig=contig_51, start=3339, stop=4358, strand=+, frame=3, truncated=no, start-type=GTG, RBS-motif=AGGAGG
13:30:54.679 - INFO - CDS - contig=contig_51, start=55, stop=759, strand=-, nt=[ATGGACTTTT..CAGGGAATAA]
13:30:54.679 - INFO - CDS - contig=contig_51, start=885, stop=2381, strand=+, nt=[ATGGGCTTTT..ACAGCGATGA]
13:30:54.679 - INFO - CDS - contig=contig_51, start=2378, stop=3319, strand=+, nt=[ATGAGGGGCT..TGGGCCGTGA]
13:30:54.679 - INFO - CDS - contig=contig_51, start=3339, stop=4358, strand=+, nt=[GTGGTCGCCG..GAAAAAATAG]
13:30:54.679 - INFO - CDS - contig=contig_52, start=85, stop=2481, strand=-, frame=2, truncated=no, start-type=ATG, RBS-motif=None
13:30:54.679 - INFO - CDS - contig=contig_52, start=85, stop=2481, strand=-, nt=[ATGGGCGAGG..CTTCGGCTGA]
13:30:54.680 - INFO - CDS - contig=contig_54, start=148, stop=957, strand=+, frame=1, truncated=no, start-type=ATG, RBS-motif=GGAGG
13:30:54.680 - INFO - CDS - contig=contig_54, start=148, stop=957, strand=+, nt=[ATGAGGACAA..GACATGGTAA]
13:30:54.680 - INFO - CDS - contig=contig_55, start=23, stop=1057, strand=-, frame=1, truncated=no, start-type=TTG, RBS-motif=AGGAGG
13:30:54.680 - INFO - CDS - contig=contig_55, start=1071, stop=1292, strand=-, frame=3, truncated=no, start-type=ATG, RBS-motif=AGxAGG/AGGxGG
13:30:54.680 - INFO - CDS - contig=contig_55, start=23, stop=1057, strand=-, nt=[TTGTCTATGG..ATTGCTGTAA]
13:30:54.680 - INFO - CDS - contig=contig_55, start=1071, stop=1292, strand=-, nt=[ATGGGCATGG..GCGCTTTTAA]
13:30:54.680 - INFO - CDS - contig=contig_56, start=217, stop=1323, strand=-, frame=3, truncated=no, start-type=ATG, RBS-motif=None
13:30:54.680 - INFO - CDS - contig=contig_56, start=217, stop=1323, strand=-, nt=[ATGGAAAAAG..TCGGACATGA]
13:30:54.680 - INFO - CDS - contig=contig_57, start=100, stop=1305, strand=+, frame=1, truncated=no, start-type=ATG, RBS-motif=AGGAGG
13:30:54.680 - INFO - CDS - contig=contig_57, start=100, stop=1305, strand=+, nt=[ATGACGGAAC..GGGAAAGTGA]
13:30:54.681 - INFO - CDS - predicted=1984
13:30:54.794 - INFO - ORF - discard spurious: contig=contig_49, start=4355, stop=4897, strand=-, homology=Spurious_ORF_11, evalue=6.6e-12, bitscore=41.948372
13:30:54.800 - INFO - ORF - discard spurious: contig=contig_49, start=4355, stop=4897, strand=-, homology=Spurious_ORF_14, evalue=1.4e-12, bitscore=43.903229
13:30:55.617 - INFO - ORF - discarded=2
13:31:47.740 - INFO - UPS - looked-up=1828
13:31:50.334 - INFO - IPS - looked-up=1828
13:31:50.336 - INFO - ORF - write internal aa seqs: # seqs=155, path=/tmp/slurm-687210/tmptyhms82b/cds.psc.faa
13:41:32.245 - INFO - PSC - found: PSC=117, PSCC=15
13:41:35.262 - INFO - PSC - looked-up=1958
13:41:38.407 - INFO - PSCC - looked-up=1893
13:41:38.409 - INFO - ORF - write internal aa seqs: # seqs=1983, path=/tmp/slurm-687210/tmptyhms82b/cds.expert.faa
13:41:55.774 - INFO - EXPERT-AMRFINDER - found=3
13:42:03.069 - INFO - EXPERT_AA_SEQ - found=0
13:42:03.069 - INFO - ANNOTATION - fix gene: extract symbol from protein name. symbol=ireB
13:42:03.069 - INFO - ANNOTATION - marked as hypothetical: contig=contig_1, start=5826, stop=6443, strand=+
13:42:03.069 - INFO - ANNOTATION - fix gene: extract symbol from protein name. symbol=pilP
13:42:03.070 - INFO - ANNOTATION - fix gene: extract symbol from protein name. symbol=gntR
13:42:03.070 - INFO - ANNOTATION - marked as hypothetical: contig=contig_1, start=23489, stop=24319, strand=+
13:42:03.070 - INFO - ANNOTATION - marked as hypothetical: contig=contig_1, start=24298, stop=24621, strand=+
13:42:03.070 - INFO - ANNOTATION - fix gene: extract symbol from protein name. symbol=gatB
13:42:03.070 - INFO - ANNOTATION - fix gene: extract symbol from protein name. symbol=gatA
13:42:03.070 - INFO - ANNOTATION - fix gene: extract symbol from protein name. symbol=gatC
13:42:03.070 - INFO - ANNOTATION - fix gene: extract symbol from protein name. symbol=thrH
13:42:03.071 - INFO - ANNOTATION - fix gene: extract symbol from protein name. symbol=mepA
13:42:03.071 - INFO - ANNOTATION - fix product: revise DUF. new=DUF4914 domain-containing protein, old=DUF4914 family protein
13:42:03.071 - INFO - ANNOTATION - marked as hypothetical: contig=contig_1, start=53183, stop=55240, strand=-
13:42:03.071 - INFO - ANNOTATION - fix gene: extract symbol from protein name. symbol=mltG
13:42:03.071 - INFO - ANNOTATION - marked as hypothetical: contig=contig_1, start=62364, stop=62513, strand=+
13:42:03.071 - INFO - ANNOTATION - marked as hypothetical: contig=contig_1, start=74669, stop=74953, strand=-
13:42:03.071 - INFO - ANNOTATION - fix gene: extract symbol from protein name. symbol=glpK
13:42:03.071 - INFO - ANNOTATION - marked as hypothetical: contig=contig_1, start=76649, stop=80005, strand=+
13:42:03.071 - INFO - ANNOTATION - fix gene: extract symbol from protein name. symbol=folD
13:42:03.072 - INFO - ANNOTATION - fix gene: extract symbol from protein name. symbol=nrdR
13:42:03.072 - INFO - ANNOTATION - fix gene: extract symbol from protein name. symbol=tnpV
13:42:03.072 - INFO - ANNOTATION - fix gene: extract symbol from protein name. symbol=pstC
13:42:03.072 - INFO - ANNOTATION - fix gene: extract symbol from protein name. symbol=pstA
13:42:03.072 - INFO - ANNOTATION - fix gene: extract symbol from protein name. symbol=pstB
13:42:03.072 - INFO - ANNOTATION - fix gene: extract symbol from protein name. symbol=phoU
13:42:03.072 - INFO - ANNOTATION - fix product: replace Homolog. new=Stage 0 sporulation  A-like protein, old=Stage 0 sporulation protein A homolog
13:42:03.072 - INFO - ANNOTATION - fix product: revise whitespaces. new=Stage 0 sporulation A-like protein, old=Stage 0 sporulation  A-like protein
13:42:03.072 - INFO - ANNOTATION - fix gene: extract symbol from protein name. symbol=mobC
13:42:03.072 - INFO - ANNOTATION - marked as hypothetical: contig=contig_1, start=98437, stop=98622, strand=+
13:42:03.072 - INFO - ANNOTATION - fix gene: extract symbol from protein name. symbol=bcsQ
13:42:03.072 - INFO - ANNOTATION - fix gene: lowercase first char. new=parA, old=ParA
13:42:03.072 - INFO - ANNOTATION - fix gene: lowercase first char. new=parA, old=ParA
13:42:03.072 - INFO - ANNOTATION - fix gene: lowercase first char. new=spo0J, old=Spo0J
13:42:03.072 - INFO - ANNOTATION - fix gene: lowercase first char. new=spo0J, old=Spo0J
13:42:03.072 - INFO - ANNOTATION - fix gene: extract symbol from protein name. symbol=tnpV
13:42:03.072 - INFO - ANNOTATION - marked as hypothetical: contig=contig_1, start=109435, stop=110532, strand=+
13:42:03.072 - INFO - ANNOTATION - marked as hypothetical: contig=contig_1, start=110557, stop=110655, strand=+
13:42:03.073 - INFO - ANNOTATION - fix gene: extract symbol from protein name. symbol=yubB
13:42:03.073 - INFO - ANNOTATION - marked as hypothetical: contig=contig_1, start=111637, stop=112158, strand=+
13:42:03.073 - INFO - ANNOTATION - fix gene: extract symbol from protein name. symbol=copG
13:42:03.073 - INFO - ANNOTATION - fix product: replace putative synonyms. new=putative ATPase, AAA+ superfamily, old=Predicted ATPase, AAA+ superfamily
13:42:03.073 - INFO - ANNOTATION - fix gene: extract symbol from protein name. symbol=pocR
13:42:03.073 - INFO - ANNOTATION - marked as hypothetical: contig=contig_1, start=119736, stop=120104, strand=+
13:42:03.073 - INFO - ANNOTATION - fix gene: extract symbol from protein name. symbol=virD4
13:42:03.073 - INFO - ANNOTATION - fix gene: lowercase first char. new=virD4, old=VirD4
13:42:03.073 - INFO - ANNOTATION - fix gene: lowercase first char. new=virD4, old=VirD4
13:42:03.073 - INFO - ANNOTATION - fix gene: lowercase first char. new=spoVG, old=SpoVG
13:42:03.073 - INFO - ANNOTATION - fix gene: lowercase first char. new=spoVG, old=SpoVG
13:42:03.073 - INFO - ANNOTATION - fix gene: extract symbol from protein name. symbol=trbL
13:42:03.073 - INFO - ANNOTATION - fix gene: extract symbol from protein name. symbol=prgI
13:42:03.073 - INFO - ANNOTATION - marked as hypothetical: contig=contig_1, start=127162, stop=127257, strand=+
13:42:03.074 - INFO - ANNOTATION - fix gene: extract symbol from protein name. symbol=cpaA
13:42:03.074 - INFO - ANNOTATION - fix gene: extract symbol from protein name. symbol=cpaB
13:42:03.074 - INFO - ANNOTATION - fix gene: extract symbol from protein name. symbol=bcsQ
13:42:03.074 - INFO - ANNOTATION - fix gene: lowercase first char. new=parA, old=ParA
13:42:03.074 - INFO - ANNOTATION - fix gene: lowercase first char. new=parA, old=ParA
13:42:03.074 - INFO - ANNOTATION - fix gene: extract symbol from protein name. symbol=cpaF
13:42:03.074 - INFO - ANNOTATION - fix gene: lowercase first char. new=cpaF, old=CpaF
13:42:03.074 - INFO - ANNOTATION - fix gene: lowercase first char. new=cpaF, old=CpaF
13:42:03.074 - INFO - ANNOTATION - fix gene: extract symbol from protein name. symbol=tadB
13:42:03.074 - INFO - ANNOTATION - fix product: revise DUF. new=DUF4320 domain-containing protein, old=DUF4320 family protein
13:42:03.074 - INFO - ANNOTATION - fix product: revise DUF. new=DUF3846 domain-containing protein, old=Domain of uncharacterized function (DUF3846)
13:42:03.074 - INFO - ANNOTATION - marked as hypothetical: contig=contig_1, start=137564, stop=137938, strand=+
13:42:03.074 - INFO - ANNOTATION - marked as hypothetical: contig=contig_1, start=137968, stop=138666, strand=+
13:42:03.074 - INFO - ANNOTATION - fix gene: lowercase first char. new=cysD, old=CysD
13:42:03.074 - INFO - ANNOTATION - fix gene: lowercase first char. new=cysD, old=CysD
13:42:03.074 - INFO - ANNOTATION - fix gene: extract symbol from protein name. symbol=virB4
13:42:03.074 - INFO - ANNOTATION - fix gene: lowercase first char. new=virB4, old=VirB4
13:42:03.074 - INFO - ANNOTATION - fix gene: lowercase first char. new=virB4, old=VirB4
13:42:03.074 - INFO - ANNOTATION - marked as hypothetical: contig=contig_1, start=142852, stop=143001, strand=+
13:42:03.075 - INFO - ANNOTATION - fix gene: extract symbol from protein name. symbol=lprI
13:42:03.075 - INFO - ANNOTATION - fix gene: lowercase first char. new=rpoE, old=RpoE
13:42:03.075 - INFO - ANNOTATION - fix gene: lowercase first char. new=rpoE, old=RpoE
13:42:03.075 - INFO - ANNOTATION - marked as hypothetical: contig=contig_1, start=152606, stop=152761, strand=-
13:42:03.075 - INFO - ANNOTATION - fix gene: lowercase first char. new=mazF, old=MazF
13:42:03.075 - INFO - ANNOTATION - fix gene: lowercase first char. new=mazF, old=MazF
13:42:03.075 - INFO - ANNOTATION - fix gene: extract symbol from protein name. symbol=pinE
13:42:03.075 - INFO - ANNOTATION - fix gene: lowercase first char. new=spoIVCA, old=SpoIVCA
13:42:03.075 - INFO - ANNOTATION - fix gene: lowercase first char. new=spoIVCA, old=SpoIVCA
13:42:03.075 - INFO - ANNOTATION - fix gene: extract symbol from protein name. symbol=pinE
13:42:03.075 - INFO - ANNOTATION - fix gene: lowercase first char. new=spoIVCA, old=SpoIVCA
13:42:03.075 - INFO - ANNOTATION - fix gene: lowercase first char. new=spoIVCA, old=SpoIVCA
13:42:03.075 - INFO - ANNOTATION - fix gene: extract symbol from protein name. symbol=pinE
13:42:03.075 - INFO - ANNOTATION - fix gene: lowercase first char. new=spoIVCA, old=SpoIVCA
13:42:03.075 - INFO - ANNOTATION - fix gene: lowercase first char. new=spoIVCA, old=SpoIVCA
13:42:03.075 - INFO - ANNOTATION - fix gene: extract symbol from protein name. symbol=pinE
13:42:03.075 - INFO - ANNOTATION - fix gene: lowercase first char. new=spoIVCA, old=SpoIVCA
13:42:03.075 - INFO - ANNOTATION - fix gene: lowercase first char. new=spoIVCA, old=SpoIVCA
13:42:03.075 - INFO - ANNOTATION - fix product: revise DUF. new=DUF6688 domain-containing protein, old=Family of unknown function (DUF6688)
13:42:03.075 - INFO - ANNOTATION - fix gene: extract symbol from protein name. symbol=yjdF
13:42:03.075 - INFO - ANNOTATION - fix product: revise DUF. new=DUF4363 domain-containing protein, old=DUF4363 family protein
13:42:03.075 - INFO - ANNOTATION - marked as hypothetical: contig=contig_1, start=164777, stop=165445, strand=+
13:42:03.076 - INFO - ANNOTATION - fix product: replace Homolog. new=Bacterial Pleckstrin-like y domain-containing protein, old=Bacterial Pleckstrin homology domain-containing protein
13:42:03.076 - INFO - ANNOTATION - marked as hypothetical: contig=contig_1, start=166054, stop=166488, strand=+
13:42:03.076 - INFO - ANNOTATION - fix gene: lowercase first char. new=hipB, old=HipB
13:42:03.076 - INFO - ANNOTATION - fix gene: lowercase first char. new=hipB, old=HipB
13:42:03.076 - INFO - ANNOTATION - fix gene: extract symbol from protein name. symbol=xerD
13:42:03.076 - INFO - ANNOTATION - fix gene: lowercase first char. new=xerD, old=XerD
13:42:03.076 - INFO - ANNOTATION - fix gene: lowercase first char. new=xerD, old=XerD
13:42:03.076 - INFO - ANNOTATION - marked as hypothetical: contig=contig_1, start=173363, stop=173485, strand=+
13:42:03.076 - INFO - ANNOTATION - fix gene: extract symbol from protein name. symbol=radA
13:42:03.076 - INFO - ANNOTATION - fix gene: extract symbol from protein name. symbol=xerC
13:42:03.076 - INFO - ANNOTATION - marked as hypothetical: contig=contig_1, start=192429, stop=193502, strand=-
13:42:03.076 - INFO - ANNOTATION - fix gene: extract symbol from protein name. symbol=ligA
13:42:03.077 - INFO - ANNOTATION - fix gene: extract symbol from protein name. symbol=vanZ
13:42:03.077 - INFO - ANNOTATION - fix gene: extract symbol from protein name. symbol=yunB
13:42:03.077 - INFO - ANNOTATION - fix gene: extract symbol from protein name. symbol=yajC
13:42:03.077 - INFO - ANNOTATION - fix gene: extract symbol from protein name. symbol=queA
13:42:03.078 - INFO - ANNOTATION - marked as hypothetical: contig=contig_1, start=230554, stop=232005, strand=+
13:42:03.078 - INFO - ANNOTATION - marked as hypothetical: contig=contig_1, start=233532, stop=233897, strand=+
13:42:03.078 - INFO - ANNOTATION - marked as hypothetical: contig=contig_1, start=233971, stop=234219, strand=+
13:42:03.078 - INFO - ANNOTATION - marked as hypothetical: contig=contig_1, start=234236, stop=235033, strand=+
13:42:03.078 - INFO - ANNOTATION - fix gene: extract symbol from protein name. symbol=ftsK
13:42:03.078 - INFO - ANNOTATION - marked as hypothetical: contig=contig_2, start=5517, stop=7682, strand=-
13:42:03.078 - INFO - ANNOTATION - fix gene: extract symbol from protein name. symbol=rlmB
13:42:03.078 - INFO - ANNOTATION - marked as hypothetical: contig=contig_2, start=8693, stop=10570, strand=+
13:42:03.078 - INFO - ANNOTATION - marked as hypothetical: contig=contig_2, start=10587, stop=11030, strand=+
13:42:03.078 - INFO - ANNOTATION - fix gene: extract symbol from protein name. symbol=ftsH
13:42:03.078 - INFO - ANNOTATION - fix product: revise DUF. new=DUF6809 domain-containing protein, old=Family of unknown function (DUF6809)
13:42:03.078 - INFO - ANNOTATION - marked as hypothetical: contig=contig_2, start=14010, stop=14564, strand=-
13:42:03.078 - INFO - ANNOTATION - fix product: replace Homolog. new=S-layer-like y domain-containing protein, old=S-layer homology domain-containing protein
13:42:03.078 - INFO - ANNOTATION - fix gene: extract symbol from protein name. symbol=nfeD
13:42:03.079 - INFO - ANNOTATION - fix gene: extract symbol from protein name. symbol=tilS
13:42:03.079 - INFO - ANNOTATION - fix gene: extract symbol from protein name. symbol=ftsH
13:42:03.079 - INFO - ANNOTATION - marked as hypothetical: contig=contig_2, start=31592, stop=32707, strand=+
13:42:03.079 - INFO - ANNOTATION - fix product: revise DUF. new=DUF2508 domain-containing protein, old=DUF2508 family protein
13:42:03.079 - INFO - ANNOTATION - fix product: revise DUF. new=DUF3021 domain-containing protein, old=DUF3021 family protein
13:42:03.079 - INFO - ANNOTATION - fix gene: extract symbol from protein name. symbol=pfkB
13:42:03.079 - INFO - ANNOTATION - fix gene: extract symbol from protein name. symbol=secG
13:42:03.079 - INFO - ANNOTATION - fix product: replace Homolog. new=S-layer-like y domain-containing protein, old=S-layer homology domain-containing protein
13:42:03.079 - INFO - ANNOTATION - fix gene: extract symbol from protein name. symbol=phzF
13:42:03.080 - INFO - ANNOTATION - fix gene: extract symbol from protein name. symbol=sdpR
13:42:03.080 - INFO - ANNOTATION - fix gene: extract symbol from protein name. symbol=sdpI
13:42:03.080 - INFO - ANNOTATION - marked as hypothetical: contig=contig_2, start=67136, stop=67828, strand=-
13:42:03.080 - INFO - ANNOTATION - fix gene: extract symbol from protein name. symbol=nadR
13:42:03.080 - INFO - ANNOTATION - marked as hypothetical: contig=contig_2, start=70912, stop=71307, strand=-
13:42:03.080 - INFO - ANNOTATION - marked as hypothetical: contig=contig_2, start=71334, stop=71747, strand=-
13:42:03.080 - INFO - ANNOTATION - marked as hypothetical: contig=contig_2, start=72232, stop=72357, strand=-
13:42:03.081 - INFO - ANNOTATION - fix gene: extract symbol from protein name. symbol=galE
13:42:03.081 - INFO - ANNOTATION - marked as hypothetical: contig=contig_2, start=120793, stop=120936, strand=-
13:42:03.081 - INFO - ANNOTATION - marked as hypothetical: contig=contig_2, start=120921, stop=121817, strand=-
13:42:03.081 - INFO - ANNOTATION - fix gene: lowercase first char. new=rpoA, old=RpoA
13:42:03.081 - INFO - ANNOTATION - fix gene: lowercase first char. new=rpoA, old=RpoA
13:42:03.081 - INFO - ANNOTATION - fix gene: extract symbol from protein name. symbol=secY
13:42:03.082 - INFO - ANNOTATION - fix gene: lowercase first char. new=rpsN, old=RpsN
13:42:03.082 - INFO - ANNOTATION - fix gene: lowercase first char. new=rpsN, old=RpsN
13:42:03.082 - INFO - ANNOTATION - marked as hypothetical: contig=contig_2, start=148064, stop=148927, strand=-
13:42:03.082 - INFO - ANNOTATION - fix gene: extract symbol from protein name. symbol=secA
13:42:03.082 - INFO - ANNOTATION - fix gene: extract symbol from protein name. symbol=pgeF
13:42:03.082 - INFO - ANNOTATION - marked as hypothetical: contig=contig_3, start=11339, stop=36454, strand=+
13:42:03.083 - INFO - ANNOTATION - marked as hypothetical: contig=contig_3, start=107059, stop=111735, strand=+
13:42:03.083 - INFO - ANNOTATION - fix product: replace Homolog. new=S-layer-like y domain-containing protein, old=S-layer homology domain-containing protein
13:42:03.083 - INFO - ANNOTATION - marked as hypothetical: contig=contig_3, start=121863, stop=125480, strand=-
13:42:03.083 - INFO - ANNOTATION - marked as hypothetical: contig=contig_3, start=125535, stop=131030, strand=-
13:42:03.083 - INFO - ANNOTATION - fix gene: extract symbol from protein name. symbol=hemW
13:42:03.083 - INFO - ANNOTATION - fix gene: extract symbol from protein name. symbol=rluA
13:42:03.083 - INFO - ANNOTATION - marked as hypothetical: contig=contig_4, start=13462, stop=14502, strand=+
13:42:03.083 - INFO - ANNOTATION - marked as hypothetical: contig=contig_4, start=14967, stop=15185, strand=-
13:42:03.083 - INFO - ANNOTATION - fix gene: extract symbol from protein name. symbol=greA
13:42:03.083 - INFO - ANNOTATION - marked as hypothetical: contig=contig_4, start=17978, stop=18322, strand=+
13:42:03.083 - INFO - ANNOTATION - fix gene: extract symbol from protein name. symbol=glgB
13:42:03.083 - INFO - ANNOTATION - fix gene: extract symbol from protein name. symbol=glgD
13:42:03.083 - INFO - ANNOTATION - fix gene: extract symbol from protein name. symbol=glgA
13:42:03.083 - INFO - ANNOTATION - fix gene: extract symbol from protein name. symbol=lysR
13:42:03.084 - INFO - ANNOTATION - fix product: replace Homolog. new=S-layer-like y domain-containing protein, old=S-layer homology domain-containing protein
13:42:03.084 - INFO - ANNOTATION - fix gene: extract symbol from protein name. symbol=recG
13:42:03.084 - INFO - ANNOTATION - fix gene: extract symbol from protein name. symbol=dctP
13:42:03.084 - INFO - ANNOTATION - fix product: replace Homolog. new=S-layer-like y domain-containing protein, old=S-layer homology domain-containing protein
13:42:03.084 - INFO - ANNOTATION - fix gene: extract symbol from protein name. symbol=ymfQ
13:42:03.084 - INFO - ANNOTATION - marked as hypothetical: contig=contig_4, start=68896, stop=69270, strand=-
13:42:03.084 - INFO - ANNOTATION - marked as hypothetical: contig=contig_4, start=69276, stop=70211, strand=-
13:42:03.084 - INFO - ANNOTATION - fix gene: extract symbol from protein name. symbol=lysM
13:42:03.084 - INFO - ANNOTATION - marked as hypothetical: contig=contig_4, start=70801, stop=71394, strand=-
13:42:03.085 - INFO - ANNOTATION - marked as hypothetical: contig=contig_4, start=71588, stop=72007, strand=-
13:42:03.085 - INFO - ANNOTATION - marked as hypothetical: contig=contig_4, start=73427, stop=73921, strand=-
13:42:03.085 - INFO - ANNOTATION - marked as hypothetical: contig=contig_4, start=73918, stop=74244, strand=-
13:42:03.085 - INFO - ANNOTATION - marked as hypothetical: contig=contig_4, start=74244, stop=74591, strand=-
13:42:03.085 - INFO - ANNOTATION - marked as hypothetical: contig=contig_4, start=76081, stop=76998, strand=-
13:42:03.085 - INFO - ANNOTATION - fix gene: extract symbol from protein name. symbol=rlmH
13:42:03.085 - INFO - ANNOTATION - fix product: replace Homolog. new=S-layer-like y domain-containing protein, old=S-layer homology domain-containing protein
13:42:03.085 - INFO - ANNOTATION - marked as hypothetical: contig=contig_4, start=88244, stop=88840, strand=-
13:42:03.085 - INFO - ANNOTATION - marked as hypothetical: contig=contig_4, start=89689, stop=91173, strand=-
13:42:03.085 - INFO - ANNOTATION - marked as hypothetical: contig=contig_4, start=91249, stop=91527, strand=+
13:42:03.085 - INFO - ANNOTATION - marked as hypothetical: contig=contig_4, start=91606, stop=91992, strand=-
13:42:03.085 - INFO - ANNOTATION - fix product: replace Homolog. new=S-layer-like y domain-containing protein, old=S-layer homology domain-containing protein
13:42:03.085 - INFO - ANNOTATION - marked as hypothetical: contig=contig_4, start=95532, stop=95906, strand=-
13:42:03.085 - INFO - ANNOTATION - marked as hypothetical: contig=contig_4, start=96049, stop=96450, strand=+
13:42:03.085 - INFO - ANNOTATION - fix product: replace Homolog. new=S-layer-like y domain-containing protein, old=S-layer homology domain-containing protein
13:42:03.085 - INFO - ANNOTATION - fix product: replace Homolog. new=S-layer-like y domain-containing protein, old=S-layer homology domain-containing protein
13:42:03.085 - INFO - ANNOTATION - fix gene: extract symbol from protein name. symbol=hlyD
13:42:03.086 - INFO - ANNOTATION - fix product: replace Homolog. new=S-layer-like y domain-containing protein, old=S-layer homology domain-containing protein
13:42:03.086 - INFO - ANNOTATION - marked as hypothetical: contig=contig_4, start=109709, stop=110080, strand=-
13:42:03.086 - INFO - ANNOTATION - marked as hypothetical: contig=contig_4, start=110188, stop=111006, strand=-
13:42:03.086 - INFO - ANNOTATION - marked as hypothetical: contig=contig_4, start=111028, stop=112344, strand=-
13:42:03.086 - INFO - ANNOTATION - marked as hypothetical: contig=contig_4, start=114175, stop=115854, strand=-
13:42:03.086 - INFO - ANNOTATION - marked as hypothetical: contig=contig_4, start=117312, stop=117599, strand=+
13:42:03.086 - INFO - ANNOTATION - fix gene: extract symbol from protein name. symbol=smpB
13:42:03.086 - INFO - ANNOTATION - fix product: revise DUF. new=DUF4330 domain-containing protein, old=DUF4330 family protein
13:42:03.086 - INFO - ANNOTATION - fix gene: extract symbol from protein name. symbol=csaB
13:42:03.086 - INFO - ANNOTATION - fix gene: extract symbol from protein name. symbol=merR
13:42:03.086 - INFO - ANNOTATION - fix gene: extract symbol from protein name. symbol=padR
13:42:03.086 - INFO - ANNOTATION - fix gene: extract symbol from protein name. symbol=hslO
13:42:03.086 - INFO - ANNOTATION - marked as hypothetical: contig=contig_5, start=15376, stop=16062, strand=+
13:42:03.087 - INFO - ANNOTATION - fix product: replace Homolog. new=S-layer-like y domain-containing protein, old=S-layer homology domain-containing protein
13:42:03.087 - INFO - ANNOTATION - fix gene: extract symbol from protein name. symbol=clpB
13:42:03.087 - INFO - ANNOTATION - fix gene: extract symbol from protein name. symbol=yfcE
13:42:03.087 - INFO - ANNOTATION - marked as hypothetical: contig=contig_5, start=29357, stop=29635, strand=+
13:42:03.087 - INFO - ANNOTATION - marked as hypothetical: contig=contig_5, start=29663, stop=30148, strand=+
13:42:03.087 - INFO - ANNOTATION - marked as hypothetical: contig=contig_5, start=30141, stop=30380, strand=+
13:42:03.087 - INFO - ANNOTATION - fix gene: extract symbol from protein name. symbol=mraY
13:42:03.087 - INFO - ANNOTATION - fix gene: extract symbol from protein name. symbol=inlB
13:42:03.087 - INFO - ANNOTATION - fix gene: extract symbol from protein name. symbol=traX
13:42:03.087 - INFO - ANNOTATION - marked as hypothetical: contig=contig_5, start=44860, stop=45648, strand=-
13:42:03.087 - INFO - ANNOTATION - fix gene: extract symbol from protein name. symbol=yqeG
13:42:03.088 - INFO - ANNOTATION - fix gene: extract symbol from protein name. symbol=yhbY
13:42:03.088 - INFO - ANNOTATION - fix gene: extract symbol from protein name. symbol=ftsY
13:42:03.088 - INFO - ANNOTATION - marked as hypothetical: contig=contig_5, start=55439, stop=55696, strand=-
13:42:03.088 - INFO - ANNOTATION - fix gene: extract symbol from protein name. symbol=plsX
13:42:03.088 - INFO - ANNOTATION - marked as hypothetical: contig=contig_5, start=63149, stop=63391, strand=+
13:42:03.088 - INFO - ANNOTATION - fix gene: extract symbol from protein name. symbol=dprA
13:42:03.088 - INFO - ANNOTATION - fix gene: extract symbol from protein name. symbol=trkA
13:42:03.088 - INFO - ANNOTATION - fix gene: extract symbol from protein name. symbol=trkG
13:42:03.088 - INFO - ANNOTATION - fix gene: extract symbol from protein name. symbol=hicB
13:42:03.088 - INFO - ANNOTATION - fix gene: extract symbol from protein name. symbol=hicA
13:42:03.088 - INFO - ANNOTATION - fix gene: extract symbol from protein name. symbol=greA
13:42:03.089 - INFO - ANNOTATION - marked as hypothetical: contig=contig_5, start=75757, stop=76449, strand=-
13:42:03.089 - INFO - ANNOTATION - fix gene: extract symbol from protein name. symbol=ftsX
13:42:03.089 - INFO - ANNOTATION - fix gene: extract symbol from protein name. symbol=ftsE
13:42:03.089 - INFO - ANNOTATION - fix gene: extract symbol from protein name. symbol=merR
13:42:03.089 - INFO - ANNOTATION - fix gene: extract symbol from protein name. symbol=sfsA
13:42:03.089 - INFO - ANNOTATION - fix gene: extract symbol from protein name. symbol=lysR
13:42:03.089 - INFO - ANNOTATION - marked as hypothetical: contig=contig_6, start=36, stop=1205, strand=-
13:42:03.089 - INFO - ANNOTATION - marked as hypothetical: contig=contig_6, start=3434, stop=3841, strand=-
13:42:03.089 - INFO - ANNOTATION - marked as hypothetical: contig=contig_6, start=3939, stop=4277, strand=-
13:42:03.089 - INFO - ANNOTATION - marked as hypothetical: contig=contig_6, start=4274, stop=4954, strand=-
13:42:03.089 - INFO - ANNOTATION - fix gene: extract symbol from protein name. symbol=sepF
13:42:03.089 - INFO - ANNOTATION - fix gene: extract symbol from protein name. symbol=yggS
13:42:03.090 - INFO - ANNOTATION - fix gene: extract symbol from protein name. symbol=hlyD
13:42:03.090 - INFO - ANNOTATION - fix gene: extract symbol from protein name. symbol=mutL
13:42:03.090 - INFO - ANNOTATION - fix gene: extract symbol from protein name. symbol=mutS
13:42:03.090 - INFO - ANNOTATION - fix gene: extract symbol from protein name. symbol=miaB
13:42:03.090 - INFO - ANNOTATION - fix gene: extract symbol from protein name. symbol=gntP
13:42:03.090 - INFO - ANNOTATION - marked as hypothetical: contig=contig_6, start=35802, stop=35966, strand=-
13:42:03.090 - INFO - ANNOTATION - fix gene: extract symbol from protein name. symbol=ytvI
13:42:03.090 - INFO - ANNOTATION - fix gene: extract symbol from protein name. symbol=gntR
13:42:03.090 - INFO - ANNOTATION - fix gene: extract symbol from protein name. symbol=yidC
13:42:03.091 - INFO - ANNOTATION - fix gene: extract symbol from protein name. symbol=yidD
13:42:03.091 - INFO - ANNOTATION - fix gene: extract symbol from protein name. symbol=dnaA
13:42:03.091 - INFO - ANNOTATION - fix gene: extract symbol from protein name. symbol=recF
13:42:03.091 - INFO - ANNOTATION - fix gene: extract symbol from protein name. symbol=hemZ
13:42:03.091 - INFO - ANNOTATION - fix gene: extract symbol from protein name. symbol=thiT
13:42:03.091 - INFO - ANNOTATION - fix gene: extract symbol from protein name. symbol=degV
13:42:03.091 - INFO - ANNOTATION - fix gene: extract symbol from protein name. symbol=marR
13:42:03.091 - INFO - ANNOTATION - fix product: replace Homolog. new=S-layer-like y domain-containing protein, old=S-layer homology domain-containing protein
13:42:03.091 - INFO - ANNOTATION - fix product: replace Homolog. new=S-layer-like y domain-containing protein, old=S-layer homology domain-containing protein
13:42:03.091 - INFO - ANNOTATION - fix gene: extract symbol from protein name. symbol=minD
13:42:03.092 - INFO - ANNOTATION - fix gene: extract symbol from protein name. symbol=rsmG
13:42:03.092 - INFO - ANNOTATION - marked as hypothetical: contig=contig_6, start=71240, stop=71578, strand=-
13:42:03.092 - INFO - ANNOTATION - fix product: replace Homolog. new=S-layer-like y domain-containing protein, old=S-layer homology domain-containing protein
13:42:03.092 - INFO - ANNOTATION - fix gene: extract symbol from protein name. symbol=mscL
13:42:03.092 - INFO - ANNOTATION - fix product: replace Homolog. new=S-layer-like y domain-containing protein, old=S-layer homology domain-containing protein
13:42:03.092 - INFO - ANNOTATION - marked as hypothetical: contig=contig_6, start=76112, stop=76651, strand=-
13:42:03.092 - INFO - ANNOTATION - fix gene: extract symbol from protein name. symbol=parA
13:42:03.092 - INFO - ANNOTATION - fix gene: extract symbol from protein name. symbol=yitT
13:42:03.092 - INFO - ANNOTATION - fix product: replace Homolog. new=S-layer-like y domain-containing protein, old=S-layer homology domain-containing protein
13:42:03.092 - INFO - ANNOTATION - fix gene: extract symbol from protein name. symbol=nhaC
13:42:03.092 - INFO - ANNOTATION - fix gene: extract symbol from protein name. symbol=mntP
13:42:03.092 - INFO - ANNOTATION - fix gene: extract symbol from protein name. symbol=traX
13:42:03.092 - INFO - ANNOTATION - fix gene: extract symbol from protein name. symbol=ylqF
13:42:03.093 - INFO - ANNOTATION - fix gene: extract symbol from protein name. symbol=yraN
13:42:03.093 - INFO - ANNOTATION - fix gene: extract symbol from protein name. symbol=clpX
13:42:03.093 - INFO - ANNOTATION - fix gene: extract symbol from protein name. symbol=scpB
13:42:03.093 - INFO - ANNOTATION - fix gene: extract symbol from protein name. symbol=gerW
13:42:03.093 - INFO - ANNOTATION - fix gene: extract symbol from protein name. symbol=carD
13:42:03.094 - INFO - ANNOTATION - fix gene: extract symbol from protein name. symbol=cdaA
13:42:03.094 - INFO - ANNOTATION - fix gene: extract symbol from protein name. symbol=cdaR
13:42:03.094 - INFO - ANNOTATION - fix gene: extract symbol from protein name. symbol=soxR
13:42:03.094 - INFO - ANNOTATION - fix gene: extract symbol from protein name. symbol=rseC
13:42:03.094 - INFO - ANNOTATION - fix product: revise DUF. new=DUF5685 domain-containing protein, old=DUF5685 family protein
13:42:03.094 - INFO - ANNOTATION - fix gene: extract symbol from protein name. symbol=dnaJ
13:42:03.094 - INFO - ANNOTATION - fix gene: extract symbol from protein name. symbol=rsmB
13:42:03.094 - INFO - ANNOTATION - fix gene: extract symbol from protein name. symbol=rlmN
13:42:03.094 - INFO - ANNOTATION - marked as hypothetical: contig=contig_7, start=47581, stop=47751, strand=+
13:42:03.094 - INFO - ANNOTATION - fix gene: extract symbol from protein name. symbol=eamA
13:42:03.095 - INFO - ANNOTATION - fix product: replace Homolog. new=S-layer-like y domain-containing protein, old=S-layer homology domain-containing protein
13:42:03.095 - INFO - ANNOTATION - fix gene: extract symbol from protein name. symbol=ruvX
13:42:03.095 - INFO - ANNOTATION - fix gene: extract symbol from protein name. symbol=hisB
13:42:03.095 - INFO - ANNOTATION - fix gene: extract symbol from protein name. symbol=hisH
13:42:03.095 - INFO - ANNOTATION - fix gene: extract symbol from protein name. symbol=hisF
13:42:03.095 - INFO - ANNOTATION - fix gene: extract symbol from protein name. symbol=ruvC
13:42:03.095 - INFO - ANNOTATION - fix gene: extract symbol from protein name. symbol=ruvA
13:42:03.095 - INFO - ANNOTATION - fix product: revise DUF. new=DUF6054 domain-containing protein, old=DUF6054 family protein
13:42:03.096 - INFO - ANNOTATION - fix gene: extract symbol from protein name. symbol=ruvB
13:42:03.096 - INFO - ANNOTATION - fix product: replace putative synonyms. new=putative zinc-binding domain-containing protein, old=Probable zinc-binding domain-containing protein
13:42:03.096 - INFO - ANNOTATION - fix gene: extract symbol from protein name. symbol=tnpW
13:42:03.096 - INFO - ANNOTATION - fix gene: extract symbol from protein name. symbol=traL
13:42:03.096 - INFO - ANNOTATION - fix gene: extract symbol from protein name. symbol=rusA
13:42:03.096 - INFO - ANNOTATION - fix gene: extract symbol from protein name. symbol=cotA
13:42:03.096 - INFO - ANNOTATION - marked as hypothetical: contig=contig_8, start=25230, stop=26696, strand=-
13:42:03.096 - INFO - ANNOTATION - fix gene: extract symbol from protein name. symbol=gtrA
13:42:03.097 - INFO - ANNOTATION - fix gene: extract symbol from protein name. symbol=ycxB
13:42:03.097 - INFO - ANNOTATION - fix gene: extract symbol from protein name. symbol=rseP
13:42:03.097 - INFO - ANNOTATION - fix gene: extract symbol from protein name. symbol=yoaK
13:42:03.097 - INFO - ANNOTATION - marked as hypothetical: contig=contig_8, start=57504, stop=58673, strand=-
13:42:03.097 - INFO - ANNOTATION - fix gene: extract symbol from protein name. symbol=lysR
13:42:03.097 - INFO - ANNOTATION - marked as hypothetical: contig=contig_8, start=62784, stop=65135, strand=-
13:42:03.097 - INFO - ANNOTATION - fix gene: extract symbol from protein name. symbol=tsaB
13:42:03.098 - INFO - ANNOTATION - fix gene: extract symbol from protein name. symbol=tsaE
13:42:03.098 - INFO - ANNOTATION - fix gene: extract symbol from protein name. symbol=cvpA
13:42:03.098 - INFO - ANNOTATION - fix gene: extract symbol from protein name. symbol=trmB
13:42:03.098 - INFO - ANNOTATION - marked as hypothetical: contig=contig_8, start=77740, stop=78036, strand=-
13:42:03.098 - INFO - ANNOTATION - fix gene: extract symbol from protein name. symbol=mobP3
13:42:03.098 - INFO - ANNOTATION - fix gene: extract symbol from protein name. symbol=copG
13:42:03.098 - INFO - ANNOTATION - fix gene: lowercase first char. new=yozG, old=YozG
13:42:03.098 - INFO - ANNOTATION - fix gene: lowercase first char. new=yozG, old=YozG
13:42:03.099 - INFO - ANNOTATION - marked as hypothetical: contig=contig_9, start=17797, stop=18453, strand=-
13:42:03.099 - INFO - ANNOTATION - fix gene: extract symbol from protein name. symbol=moaA
13:42:03.099 - INFO - ANNOTATION - marked as hypothetical: contig=contig_9, start=33685, stop=33945, strand=-
13:42:03.099 - INFO - ANNOTATION - marked as hypothetical: contig=contig_9, start=33938, stop=34213, strand=-
13:42:03.099 - INFO - ANNOTATION - fix gene: extract symbol from protein name. symbol=xkdX
13:42:03.099 - INFO - ANNOTATION - marked as hypothetical: contig=contig_9, start=35174, stop=35596, strand=-
13:42:03.099 - INFO - ANNOTATION - marked as hypothetical: contig=contig_9, start=35580, stop=36014, strand=-
13:42:03.099 - INFO - ANNOTATION - marked as hypothetical: contig=contig_9, start=36011, stop=36388, strand=-
13:42:03.099 - INFO - ANNOTATION - marked as hypothetical: contig=contig_9, start=36809, stop=37189, strand=-
13:42:03.099 - INFO - ANNOTATION - marked as hypothetical: contig=contig_9, start=37962, stop=39311, strand=-
13:42:03.099 - INFO - ANNOTATION - marked as hypothetical: contig=contig_9, start=39308, stop=39640, strand=-
13:42:03.099 - INFO - ANNOTATION - fix gene: extract symbol from protein name. symbol=xkdX
13:42:03.099 - INFO - ANNOTATION - marked as hypothetical: contig=contig_9, start=39806, stop=40081, strand=-
13:42:03.099 - INFO - ANNOTATION - marked as hypothetical: contig=contig_9, start=40078, stop=40860, strand=-
13:42:03.100 - INFO - ANNOTATION - marked as hypothetical: contig=contig_9, start=43105, stop=44097, strand=-
13:42:03.100 - INFO - ANNOTATION - fix gene: extract symbol from protein name. symbol=lysM
13:42:03.100 - INFO - ANNOTATION - marked as hypothetical: contig=contig_9, start=47015, stop=47275, strand=+
13:42:03.100 - INFO - ANNOTATION - marked as hypothetical: contig=contig_9, start=49463, stop=49915, strand=-
13:42:03.100 - INFO - ANNOTATION - marked as hypothetical: contig=contig_9, start=49916, stop=50332, strand=-
13:42:03.100 - INFO - ANNOTATION - marked as hypothetical: contig=contig_9, start=50332, stop=50943, strand=-
13:42:03.100 - INFO - ANNOTATION - marked as hypothetical: contig=contig_9, start=51537, stop=51983, strand=-
13:42:03.100 - INFO - ANNOTATION - fix gene: extract symbol from protein name. symbol=clpP
13:42:03.100 - INFO - ANNOTATION - marked as hypothetical: contig=contig_9, start=55227, stop=55454, strand=-
13:42:03.100 - INFO - ANNOTATION - marked as hypothetical: contig=contig_9, start=58323, stop=58496, strand=-
13:42:03.100 - INFO - ANNOTATION - marked as hypothetical: contig=contig_9, start=60026, stop=60619, strand=-
13:42:03.100 - INFO - ANNOTATION - marked as hypothetical: contig=contig_9, start=60677, stop=61015, strand=-
13:42:03.100 - INFO - ANNOTATION - marked as hypothetical: contig=contig_9, start=62958, stop=63311, strand=-
13:42:03.100 - INFO - ANNOTATION - fix gene: extract symbol from protein name. symbol=parA
13:42:03.100 - INFO - ANNOTATION - marked as hypothetical: contig=contig_9, start=67765, stop=68034, strand=-
13:42:03.101 - INFO - ANNOTATION - fix gene: extract symbol from protein name. symbol=hsdR
13:42:03.101 - INFO - ANNOTATION - fix gene: lowercase first char. new=yotD, old=YotD
13:42:03.101 - INFO - ANNOTATION - fix gene: lowercase first char. new=yotD, old=YotD
13:42:03.101 - INFO - ANNOTATION - marked as hypothetical: contig=contig_9, start=75615, stop=75908, strand=+
13:42:03.101 - INFO - ANNOTATION - fix gene: extract symbol from protein name. symbol=sigK
13:42:03.101 - INFO - ANNOTATION - fix gene: extract symbol from protein name. symbol=uvrA
13:42:03.101 - INFO - ANNOTATION - marked as hypothetical: contig=contig_10, start=4694, stop=5473, strand=-
13:42:03.101 - INFO - ANNOTATION - fix gene: extract symbol from protein name. symbol=hrcA
13:42:03.101 - INFO - ANNOTATION - fix gene: extract symbol from protein name. symbol=grpE
13:42:03.101 - INFO - ANNOTATION - fix gene: extract symbol from protein name. symbol=dnaK
13:42:03.101 - INFO - ANNOTATION - fix gene: extract symbol from protein name. symbol=dnaJ
13:42:03.101 - INFO - ANNOTATION - fix gene: extract symbol from protein name. symbol=hisJ
13:42:03.102 - INFO - ANNOTATION - marked as hypothetical: contig=contig_10, start=31673, stop=31942, strand=-
13:42:03.102 - INFO - ANNOTATION - fix gene: extract symbol from protein name. symbol=degV
13:42:03.102 - INFO - ANNOTATION - fix product: revise DUF. new=DUF997 domain-containing protein, old=DUF997 family protein
13:42:03.103 - INFO - ANNOTATION - marked as hypothetical: contig=contig_10, start=65212, stop=65406, strand=-
13:42:03.103 - INFO - ANNOTATION - fix product: replace Homolog. new=S-layer-like y domain-containing protein, old=S-layer homology domain-containing protein
13:42:03.103 - INFO - ANNOTATION - fix gene: extract symbol from protein name. symbol=uvrB
13:42:03.103 - INFO - ANNOTATION - fix gene: extract symbol from protein name. symbol=uvrA
13:42:03.103 - INFO - ANNOTATION - marked as hypothetical: contig=contig_11, start=8663, stop=8932, strand=+
13:42:03.103 - INFO - ANNOTATION - marked as hypothetical: contig=contig_11, start=8970, stop=9779, strand=+
13:42:03.103 - INFO - ANNOTATION - marked as hypothetical: contig=contig_11, start=10398, stop=10739, strand=+
13:42:03.103 - INFO - ANNOTATION - marked as hypothetical: contig=contig_11, start=13679, stop=14092, strand=+
13:42:03.103 - INFO - ANNOTATION - marked as hypothetical: contig=contig_11, start=14141, stop=14698, strand=+
13:42:03.103 - INFO - ANNOTATION - fix product: replace Homolog. new=S-layer-like y domain-containing protein, old=S-layer homology domain-containing protein
13:42:03.103 - INFO - ANNOTATION - fix gene: extract symbol from protein name. symbol=marR
13:42:03.103 - INFO - ANNOTATION - marked as hypothetical: contig=contig_11, start=23272, stop=24480, strand=+
13:42:03.103 - INFO - ANNOTATION - fix gene: extract symbol from protein name. symbol=yoaK
13:42:03.104 - INFO - ANNOTATION - fix gene: extract symbol from protein name. symbol=comF
13:42:03.104 - INFO - ANNOTATION - fix gene: extract symbol from protein name. symbol=mreB
13:42:03.104 - INFO - ANNOTATION - fix gene: extract symbol from protein name. symbol=yqfD
13:42:03.104 - INFO - ANNOTATION - fix gene: extract symbol from protein name. symbol=phoH
13:42:03.104 - INFO - ANNOTATION - marked as hypothetical: contig=contig_11, start=34255, stop=34431, strand=-
13:42:03.104 - INFO - ANNOTATION - fix gene: extract symbol from protein name. symbol=ybeY
13:42:03.104 - INFO - ANNOTATION - marked as hypothetical: contig=contig_11, start=37285, stop=37392, strand=+
13:42:03.104 - INFO - ANNOTATION - fix gene: extract symbol from protein name. symbol=recO
13:42:03.104 - INFO - ANNOTATION - fix gene: extract symbol from protein name. symbol=feoA
13:42:03.104 - INFO - ANNOTATION - fix gene: extract symbol from protein name. symbol=mutS2
13:42:03.104 - INFO - ANNOTATION - fix gene: lowercase first char. new=ptsH, old=PtsH
13:42:03.104 - INFO - ANNOTATION - fix gene: lowercase first char. new=ptsH, old=PtsH
13:42:03.105 - INFO - ANNOTATION - fix product: revise DUF. new=DUF3842 domain-containing protein, old=DUF3842 family protein
13:42:03.105 - INFO - ANNOTATION - fix gene: extract symbol from protein name. symbol=recA
13:42:03.105 - INFO - ANNOTATION - fix gene: extract symbol from protein name. symbol=recX
13:42:03.105 - INFO - ANNOTATION - fix gene: extract symbol from protein name. symbol=rimO
13:42:03.105 - INFO - ANNOTATION - fix gene: extract symbol from protein name. symbol=yoaK
13:42:03.105 - INFO - ANNOTATION - marked as hypothetical: contig=contig_12, start=11008, stop=11475, strand=-
13:42:03.105 - INFO - ANNOTATION - marked as hypothetical: contig=contig_12, start=11472, stop=11657, strand=-
13:42:03.105 - INFO - ANNOTATION - marked as hypothetical: contig=contig_12, start=13340, stop=14068, strand=-
13:42:03.105 - INFO - ANNOTATION - marked as hypothetical: contig=contig_12, start=14065, stop=14922, strand=-
13:42:03.105 - INFO - ANNOTATION - fix gene: extract symbol from protein name. symbol=rstB
13:42:03.106 - INFO - ANNOTATION - fix gene: extract symbol from protein name. symbol=lysM
13:42:03.106 - INFO - ANNOTATION - marked as hypothetical: contig=contig_12, start=19582, stop=20064, strand=+
13:42:03.106 - INFO - ANNOTATION - marked as hypothetical: contig=contig_12, start=20148, stop=21089, strand=+
13:42:03.106 - INFO - ANNOTATION - marked as hypothetical: contig=contig_12, start=23775, stop=24116, strand=+
13:42:03.106 - INFO - ANNOTATION - marked as hypothetical: contig=contig_12, start=24194, stop=24805, strand=+
13:42:03.106 - INFO - ANNOTATION - marked as hypothetical: contig=contig_12, start=25696, stop=26667, strand=+
13:42:03.106 - INFO - ANNOTATION - marked as hypothetical: contig=contig_12, start=26802, stop=27065, strand=+
13:42:03.106 - INFO - ANNOTATION - fix gene: extract symbol from protein name. symbol=whiA
13:42:03.106 - INFO - ANNOTATION - fix gene: extract symbol from protein name. symbol=yvcK
13:42:03.106 - INFO - ANNOTATION - fix gene: extract symbol from protein name. symbol=rapZ
13:42:03.106 - INFO - ANNOTATION - fix gene: extract symbol from protein name. symbol=recN
13:42:03.106 - INFO - ANNOTATION - fix gene: extract symbol from protein name. symbol=tlyA
13:42:03.106 - INFO - ANNOTATION - fix gene: extract symbol from protein name. symbol=nusB
13:42:03.107 - INFO - ANNOTATION - fix gene: lowercase first char. new=hipB, old=HipB
13:42:03.107 - INFO - ANNOTATION - fix gene: lowercase first char. new=hipB, old=HipB
13:42:03.107 - INFO - ANNOTATION - fix gene: extract symbol from protein name. symbol=mobV
13:42:03.107 - INFO - ANNOTATION - fix gene: extract symbol from protein name. symbol=pinE
13:42:03.107 - INFO - ANNOTATION - fix gene: lowercase first char. new=spoIVCA, old=SpoIVCA
13:42:03.107 - INFO - ANNOTATION - fix gene: lowercase first char. new=spoIVCA, old=SpoIVCA
13:42:03.107 - INFO - ANNOTATION - marked as hypothetical: contig=contig_12, start=56068, stop=56538, strand=-
13:42:03.107 - INFO - ANNOTATION - fix gene: extract symbol from protein name. symbol=rluA
13:42:03.107 - INFO - ANNOTATION - fix gene: extract symbol from protein name. symbol=potA
13:42:03.107 - INFO - ANNOTATION - marked as hypothetical: contig=contig_12, start=69872, stop=70045, strand=-
13:42:03.108 - INFO - ANNOTATION - fix product: replace Homolog. new=S-layer-like y domain-containing protein, old=S-layer homology domain-containing protein
13:42:03.108 - INFO - ANNOTATION - fix gene: lowercase first char. new=lolD, old=LolD
13:42:03.108 - INFO - ANNOTATION - fix gene: lowercase first char. new=lolD, old=LolD
13:42:03.108 - INFO - ANNOTATION - fix gene: extract symbol from protein name. symbol=queT
13:42:03.108 - INFO - ANNOTATION - fix gene: extract symbol from protein name. symbol=galU
13:42:03.108 - INFO - ANNOTATION - fix gene: extract symbol from protein name. symbol=gntR
13:42:03.108 - INFO - ANNOTATION - fix gene: extract symbol from protein name. symbol=tnpV
13:42:03.108 - INFO - ANNOTATION - marked as hypothetical: contig=contig_13, start=21340, stop=21474, strand=-
13:42:03.108 - INFO - ANNOTATION - fix product: replace Homolog. new=Stage 0 sporulation  A-like protein, old=Stage 0 sporulation protein A homolog
13:42:03.108 - INFO - ANNOTATION - fix product: revise whitespaces. new=Stage 0 sporulation A-like protein, old=Stage 0 sporulation  A-like protein
13:42:03.109 - INFO - ANNOTATION - fix gene: extract symbol from protein name. symbol=copG
13:42:03.109 - INFO - ANNOTATION - fix gene: extract symbol from protein name. symbol=tnpW
13:42:03.109 - INFO - ANNOTATION - fix gene: extract symbol from protein name. symbol=vanW
13:42:03.109 - INFO - ANNOTATION - marked as hypothetical: contig=contig_13, start=43912, stop=44058, strand=+
13:42:03.109 - INFO - ANNOTATION - marked as hypothetical: contig=contig_13, start=44216, stop=44515, strand=+
13:42:03.109 - INFO - ANNOTATION - marked as hypothetical: contig=contig_13, start=44503, stop=44733, strand=+
13:42:03.109 - INFO - ANNOTATION - marked as hypothetical: contig=contig_13, start=45370, stop=45855, strand=+
13:42:03.109 - INFO - ANNOTATION - marked as hypothetical: contig=contig_13, start=45868, stop=46497, strand=+
13:42:03.109 - INFO - ANNOTATION - marked as hypothetical: contig=contig_13, start=47448, stop=47696, strand=+
13:42:03.109 - INFO - ANNOTATION - marked as hypothetical: contig=contig_13, start=57832, stop=58689, strand=-
13:42:03.110 - INFO - ANNOTATION - fix gene: extract symbol from protein name. symbol=allB
13:42:03.110 - INFO - ANNOTATION - fix gene: extract symbol from protein name. symbol=iclR
13:42:03.110 - INFO - ANNOTATION - fix gene: extract symbol from protein name. symbol=nhaC
13:42:03.110 - INFO - ANNOTATION - marked as hypothetical: contig=contig_14, start=18624, stop=18938, strand=-
13:42:03.110 - INFO - ANNOTATION - marked as hypothetical: contig=contig_14, start=27670, stop=27957, strand=-
13:42:03.111 - INFO - ANNOTATION - fix gene: extract symbol from protein name. symbol=ribF
13:42:03.111 - INFO - ANNOTATION - fix gene: extract symbol from protein name. symbol=truB
13:42:03.111 - INFO - ANNOTATION - fix gene: extract symbol from protein name. symbol=rbfA
13:42:03.111 - INFO - ANNOTATION - marked as hypothetical: contig=contig_14, start=35376, stop=35534, strand=+
13:42:03.111 - INFO - ANNOTATION - fix gene: extract symbol from protein name. symbol=ylxR
13:42:03.111 - INFO - ANNOTATION - fix gene: extract symbol from protein name. symbol=nusA
13:42:03.111 - INFO - ANNOTATION - fix gene: extract symbol from protein name. symbol=rimP
13:42:03.111 - INFO - ANNOTATION - fix product: replace Homolog. new=S-layer-like y domain-containing protein, old=S-layer homology domain-containing protein
13:42:03.111 - INFO - ANNOTATION - fix gene: extract symbol from protein name. symbol=dusB
13:42:03.112 - INFO - ANNOTATION - fix gene: extract symbol from protein name. symbol=lacI
13:42:03.112 - INFO - ANNOTATION - marked as hypothetical: contig=contig_15, start=208, stop=2163, strand=+
13:42:03.112 - INFO - ANNOTATION - fix gene: extract symbol from protein name. symbol=ugpC
13:42:03.112 - INFO - ANNOTATION - fix gene: extract symbol from protein name. symbol=nuoF
13:42:03.112 - INFO - ANNOTATION - fix gene: extract symbol from protein name. symbol=nuoE
13:42:03.112 - INFO - ANNOTATION - marked as hypothetical: contig=contig_15, start=29417, stop=29623, strand=-
13:42:03.112 - INFO - ANNOTATION - fix product: revise DUF. new=DUF6465 domain-containing protein, old=DUF6465 family protein
13:42:03.113 - INFO - ANNOTATION - fix gene: extract symbol from protein name. symbol=padR
13:42:03.113 - INFO - ANNOTATION - fix product: revise DUF. new=DUF4097 domain-containing protein, old=DUF4097 family beta strand repeat-containing protein
13:42:03.113 - INFO - ANNOTATION - marked as hypothetical: contig=contig_15, start=37182, stop=37751, strand=+
13:42:03.113 - INFO - ANNOTATION - fix gene: extract symbol from protein name. symbol=nifS
13:42:03.113 - INFO - ANNOTATION - fix gene: extract symbol from protein name. symbol=nifU
13:42:03.113 - INFO - ANNOTATION - marked as hypothetical: contig=contig_15, start=41715, stop=43214, strand=+
13:42:03.113 - INFO - ANNOTATION - fix gene: extract symbol from protein name. symbol=marR
13:42:03.113 - INFO - ANNOTATION - fix product: replace Homolog. new=S-layer-like y domain-containing protein, old=S-layer homology domain-containing protein
13:42:03.113 - INFO - ANNOTATION - fix gene: extract symbol from protein name. symbol=copZ
13:42:03.113 - INFO - ANNOTATION - marked as hypothetical: contig=contig_16, start=916, stop=1086, strand=-
13:42:03.114 - INFO - ANNOTATION - marked as hypothetical: contig=contig_16, start=6749, stop=7450, strand=-
13:42:03.114 - INFO - ANNOTATION - fix gene: extract symbol from protein name. symbol=azlC
13:42:03.114 - INFO - ANNOTATION - marked as hypothetical: contig=contig_16, start=13835, stop=14104, strand=-
13:42:03.114 - INFO - ANNOTATION - fix gene: extract symbol from protein name. symbol=ydcF
13:42:03.114 - INFO - ANNOTATION - fix gene: extract symbol from protein name. symbol=rpoD
13:42:03.114 - INFO - ANNOTATION - fix gene: extract symbol from protein name. symbol=yigZ
13:42:03.114 - INFO - ANNOTATION - fix product: revise DUF. new=DUF6809 domain-containing protein, old=Family of unknown function (DUF6809)
13:42:03.114 - INFO - ANNOTATION - fix gene: extract symbol from protein name. symbol=hflX
13:42:03.115 - INFO - ANNOTATION - fix gene: extract symbol from protein name. symbol=addA
13:42:03.115 - INFO - ANNOTATION - marked as hypothetical: contig=contig_16, start=42201, stop=42494, strand=-
13:42:03.115 - INFO - ANNOTATION - fix gene: extract symbol from protein name. symbol=nifU
13:42:03.115 - INFO - ANNOTATION - fix gene: lowercase first char. new=yoaI, old=YoaI
13:42:03.115 - INFO - ANNOTATION - fix gene: lowercase first char. new=yoaI, old=YoaI
13:42:03.115 - INFO - ANNOTATION - fix gene: extract symbol from protein name. symbol=lysR
13:42:03.115 - INFO - ANNOTATION - fix gene: extract symbol from protein name. symbol=thiI
13:42:03.115 - INFO - ANNOTATION - fix gene: extract symbol from protein name. symbol=typA
13:42:03.115 - INFO - ANNOTATION - fix product: revise DUF. new=DUF2508 domain-containing protein, old=DUF2508 family protein
13:42:03.115 - INFO - ANNOTATION - fix gene: extract symbol from protein name. symbol=bofA
13:42:03.116 - INFO - ANNOTATION - fix gene: extract symbol from protein name. symbol=feoA
13:42:03.116 - INFO - ANNOTATION - fix gene: lowercase first char. new=feoA, old=FeoA
13:42:03.116 - INFO - ANNOTATION - fix gene: lowercase first char. new=feoA, old=FeoA
13:42:03.116 - INFO - ANNOTATION - fix gene: extract symbol from protein name. symbol=feoA
13:42:03.116 - INFO - ANNOTATION - fix gene: extract symbol from protein name. symbol=vanW
13:42:03.116 - INFO - ANNOTATION - fix gene: extract symbol from protein name. symbol=recJ
13:42:03.116 - INFO - ANNOTATION - fix gene: extract symbol from protein name. symbol=brkB
13:42:03.116 - INFO - ANNOTATION - marked as hypothetical: contig=contig_17, start=34389, stop=36635, strand=-
13:42:03.116 - INFO - ANNOTATION - marked as hypothetical: contig=contig_17, start=36892, stop=37233, strand=+
13:42:03.116 - INFO - ANNOTATION - fix gene: extract symbol from protein name. symbol=ridA
13:42:03.116 - INFO - ANNOTATION - fix gene: extract symbol from protein name. symbol=yifB
13:42:03.117 - INFO - ANNOTATION - fix gene: extract symbol from protein name. symbol=htpG
13:42:03.117 - INFO - ANNOTATION - marked as hypothetical: contig=contig_18, start=21602, stop=21694, strand=+
13:42:03.117 - INFO - ANNOTATION - marked as hypothetical: contig=contig_18, start=33175, stop=33756, strand=-
13:42:03.118 - INFO - ANNOTATION - fix gene: extract symbol from protein name. symbol=yitT
13:42:03.118 - INFO - ANNOTATION - fix product: replace Homolog. new=S-layer-like y domain-containing protein, old=S-layer homology domain-containing protein
13:42:03.118 - INFO - ANNOTATION - marked as hypothetical: contig=contig_19, start=11638, stop=12234, strand=-
13:42:03.118 - INFO - ANNOTATION - marked as hypothetical: contig=contig_19, start=21360, stop=21674, strand=-
13:42:03.118 - INFO - ANNOTATION - fix gene: extract symbol from protein name. symbol=marR
13:42:03.118 - INFO - ANNOTATION - fix product: replace Homolog. new=S-layer-like y domain-containing protein, old=S-layer homology domain-containing protein
13:42:03.118 - INFO - ANNOTATION - fix gene: extract symbol from protein name. symbol=mreD
13:42:03.118 - INFO - ANNOTATION - fix gene: extract symbol from protein name. symbol=mreC
13:42:03.118 - INFO - ANNOTATION - fix gene: extract symbol from protein name. symbol=zapA
13:42:03.118 - INFO - ANNOTATION - fix product: replace Homolog. new=S-layer-like y domain-containing protein, old=S-layer homology domain-containing protein
13:42:03.118 - INFO - ANNOTATION - fix gene: extract symbol from protein name. symbol=dnaD
13:42:03.119 - INFO - ANNOTATION - marked as hypothetical: contig=contig_19, start=40555, stop=40689, strand=+
13:42:03.119 - INFO - ANNOTATION - fix gene: extract symbol from protein name. symbol=ybjN
13:42:03.119 - INFO - ANNOTATION - marked as hypothetical: contig=contig_20, start=5596, stop=5703, strand=+
13:42:03.119 - INFO - ANNOTATION - fix gene: extract symbol from protein name. symbol=lysR
13:42:03.119 - INFO - ANNOTATION - fix gene: extract symbol from protein name. symbol=dctP
13:42:03.119 - INFO - ANNOTATION - fix gene: extract symbol from protein name. symbol=tatD
13:42:03.119 - INFO - ANNOTATION - fix gene: extract symbol from protein name. symbol=tatD
13:42:03.119 - INFO - ANNOTATION - marked as hypothetical: contig=contig_20, start=30136, stop=30474, strand=+
13:42:03.120 - INFO - ANNOTATION - fix gene: extract symbol from protein name. symbol=ygjV
13:42:03.120 - INFO - ANNOTATION - fix gene: extract symbol from protein name. symbol=dpsA
13:42:03.121 - INFO - ANNOTATION - fix product: revise DUF. new=DUF975 domain-containing protein, old=DUF975 family protein
13:42:03.121 - INFO - ANNOTATION - marked as hypothetical: contig=contig_22, start=7971, stop=8390, strand=+
13:42:03.121 - INFO - ANNOTATION - fix gene: extract symbol from protein name. symbol=recR
13:42:03.121 - INFO - ANNOTATION - fix gene: extract symbol from protein name. symbol=araC
13:42:03.121 - INFO - ANNOTATION - fix gene: extract symbol from protein name. symbol=rsmA
13:42:03.121 - INFO - ANNOTATION - fix gene: extract symbol from protein name. symbol=sigG
13:42:03.121 - INFO - ANNOTATION - marked as hypothetical: contig=contig_22, start=14563, stop=15009, strand=-
13:42:03.121 - INFO - ANNOTATION - fix gene: extract symbol from protein name. symbol=carD
13:42:03.121 - INFO - ANNOTATION - fix gene: extract symbol from protein name. symbol=sigE
13:42:03.121 - INFO - ANNOTATION - fix gene: extract symbol from protein name. symbol=secE
13:42:03.121 - INFO - ANNOTATION - fix gene: extract symbol from protein name. symbol=nusG
13:42:03.122 - INFO - ANNOTATION - fix product: replace Homolog. new=S-layer-like y domain-containing protein, old=S-layer homology domain-containing protein
13:42:03.122 - INFO - ANNOTATION - fix product: replace Homolog. new=S-layer-like y domain-containing protein, old=S-layer homology domain-containing protein
13:42:03.122 - INFO - ANNOTATION - fix gene: extract symbol from protein name. symbol=vapD
13:42:03.122 - INFO - ANNOTATION - marked as hypothetical: contig=contig_23, start=14991, stop=15326, strand=-
13:42:03.122 - INFO - ANNOTATION - marked as hypothetical: contig=contig_23, start=17112, stop=17315, strand=-
13:42:03.122 - INFO - ANNOTATION - fix gene: extract symbol from protein name. symbol=mobC
13:42:03.122 - INFO - ANNOTATION - marked as hypothetical: contig=contig_23, start=19003, stop=19533, strand=-
13:42:03.122 - INFO - ANNOTATION - fix gene: extract symbol from protein name. symbol=yesL
13:42:03.123 - INFO - ANNOTATION - fix gene: extract symbol from protein name. symbol=lacI
13:42:03.123 - INFO - ANNOTATION - marked as hypothetical: contig=contig_23, start=32997, stop=33527, strand=-
13:42:03.123 - INFO - ANNOTATION - marked as hypothetical: contig=contig_23, start=34004, stop=34441, strand=-
13:42:03.123 - INFO - ANNOTATION - fix gene: extract symbol from protein name. symbol=moxR
13:42:03.123 - INFO - ANNOTATION - fix product: replace Homolog. new=S-layer-like y domain-containing protein, old=S-layer homology domain-containing protein
13:42:03.123 - INFO - ANNOTATION - fix gene: extract symbol from protein name. symbol=fprA
13:42:03.123 - INFO - ANNOTATION - marked as hypothetical: contig=contig_24, start=12192, stop=12362, strand=+
13:42:03.123 - INFO - ANNOTATION - fix gene: extract symbol from protein name. symbol=nhaC
13:42:03.124 - INFO - ANNOTATION - fix gene: extract symbol from protein name. symbol=yabP
13:42:03.124 - INFO - ANNOTATION - fix gene: extract symbol from protein name. symbol=mtaB
13:42:03.124 - INFO - ANNOTATION - marked as hypothetical: contig=contig_25, start=22262, stop=22759, strand=+
13:42:03.124 - INFO - ANNOTATION - fix gene: extract symbol from protein name. symbol=pilT
13:42:03.124 - INFO - ANNOTATION - marked as hypothetical: contig=contig_26, start=3776, stop=4423, strand=+
13:42:03.124 - INFO - ANNOTATION - fix gene: extract symbol from protein name. symbol=tsaD
13:42:03.125 - INFO - ANNOTATION - marked as hypothetical: contig=contig_26, start=21623, stop=21826, strand=+
13:42:03.125 - INFO - ANNOTATION - marked as hypothetical: contig=contig_27, start=7640, stop=8749, strand=-
13:42:03.125 - INFO - ANNOTATION - fix gene: extract symbol from protein name. symbol=yitT
13:42:03.125 - INFO - ANNOTATION - fix product: replace Homolog. new=S-layer-like y domain-containing protein, old=S-layer homology domain-containing protein
13:42:03.125 - INFO - ANNOTATION - marked as hypothetical: contig=contig_27, start=13660, stop=15873, strand=-
13:42:03.125 - INFO - ANNOTATION - fix gene: extract symbol from protein name. symbol=mnmA
13:42:03.125 - INFO - ANNOTATION - fix gene: extract symbol from protein name. symbol=mnmG
13:42:03.125 - INFO - ANNOTATION - fix gene: extract symbol from protein name. symbol=paaI
13:42:03.126 - INFO - ANNOTATION - fix gene: extract symbol from protein name. symbol=nusG
13:42:03.126 - INFO - ANNOTATION - fix gene: extract symbol from protein name. symbol=rimM
13:42:03.126 - INFO - ANNOTATION - fix gene: extract symbol from protein name. symbol=trmD
13:42:03.126 - INFO - ANNOTATION - fix gene: extract symbol from protein name. symbol=degV
13:42:03.126 - INFO - ANNOTATION - fix gene: extract symbol from protein name. symbol=rnfA
13:42:03.126 - INFO - ANNOTATION - fix gene: extract symbol from protein name. symbol=rsxE
13:42:03.126 - INFO - ANNOTATION - fix gene: extract symbol from protein name. symbol=rsxC
13:42:03.126 - INFO - ANNOTATION - fix gene: extract symbol from protein name. symbol=tatC
13:42:03.126 - INFO - ANNOTATION - fix gene: extract symbol from protein name. symbol=lysR
13:42:03.127 - INFO - ANNOTATION - marked as hypothetical: contig=contig_29, start=6705, stop=7370, strand=+
13:42:03.127 - INFO - ANNOTATION - marked as hypothetical: contig=contig_29, start=7387, stop=8022, strand=+
13:42:03.127 - INFO - ANNOTATION - fix gene: extract symbol from protein name. symbol=fdhD
13:42:03.127 - INFO - ANNOTATION - marked as hypothetical: contig=contig_29, start=8913, stop=10748, strand=+
13:42:03.127 - INFO - ANNOTATION - fix gene: extract symbol from protein name. symbol=ftsZ
13:42:03.127 - INFO - ANNOTATION - fix gene: extract symbol from protein name. symbol=yjjG
13:42:03.127 - INFO - ANNOTATION - marked as hypothetical: contig=contig_30, start=8061, stop=8234, strand=-
13:42:03.127 - INFO - ANNOTATION - marked as hypothetical: contig=contig_30, start=13920, stop=14525, strand=+
13:42:03.128 - INFO - ANNOTATION - fix gene: extract symbol from protein name. symbol=mobV
13:42:03.128 - INFO - ANNOTATION - fix gene: extract symbol from protein name. symbol=rlmD
13:42:03.128 - INFO - ANNOTATION - fix gene: extract symbol from protein name. symbol=rsiV
13:42:03.128 - INFO - ANNOTATION - fix gene: extract symbol from protein name. symbol=marR
13:42:03.128 - INFO - ANNOTATION - marked as hypothetical: contig=contig_31, start=7626, stop=9089, strand=-
13:42:03.128 - INFO - ANNOTATION - marked as hypothetical: contig=contig_31, start=11367, stop=12044, strand=+
13:42:03.128 - INFO - ANNOTATION - marked as hypothetical: contig=contig_32, start=28, stop=7809, strand=+
13:42:03.128 - INFO - ANNOTATION - marked as hypothetical: contig=contig_32, start=7979, stop=14203, strand=+
13:42:03.128 - INFO - ANNOTATION - marked as hypothetical: contig=contig_32, start=15361, stop=17484, strand=-
13:42:03.128 - INFO - ANNOTATION - fix gene: extract symbol from protein name. symbol=nhaC
13:42:03.129 - INFO - ANNOTATION - fix gene: extract symbol from protein name. symbol=ftsK
13:42:03.129 - INFO - ANNOTATION - fix product: revise DUF. new=DUF4364 domain-containing protein, old=DUF4364 family protein
13:42:03.129 - INFO - ANNOTATION - fix gene: extract symbol from protein name. symbol=cstA
13:42:03.129 - INFO - ANNOTATION - fix product: replace Homolog. new=S-layer-like y domain-containing protein, old=S-layer homology domain-containing protein
13:42:03.129 - INFO - ANNOTATION - fix gene: extract symbol from protein name. symbol=rluA
13:42:03.129 - INFO - ANNOTATION - fix gene: extract symbol from protein name. symbol=queH
13:42:03.129 - INFO - ANNOTATION - fix gene: extract symbol from protein name. symbol=livF
13:42:03.129 - INFO - ANNOTATION - fix gene: lowercase first char. new=livF, old=LivF
13:42:03.129 - INFO - ANNOTATION - fix gene: lowercase first char. new=livF, old=LivF
13:42:03.129 - INFO - ANNOTATION - fix gene: extract symbol from protein name. symbol=gntR
13:42:03.130 - INFO - ANNOTATION - fix gene: extract symbol from protein name. symbol=nhaC
13:42:03.130 - INFO - ANNOTATION - fix gene: extract symbol from protein name. symbol=ychF
13:42:03.130 - INFO - ANNOTATION - fix gene: extract symbol from protein name. symbol=cvpA
13:42:03.130 - INFO - ANNOTATION - fix product: revise DUF. new=DUF5711 domain-containing protein, old=DUF5711 family protein
13:42:03.130 - INFO - ANNOTATION - fix gene: extract symbol from protein name. symbol=truA
13:42:03.130 - INFO - ANNOTATION - fix gene: extract symbol from protein name. symbol=raiA
13:42:03.130 - INFO - ANNOTATION - fix gene: extract symbol from protein name. symbol=obgE
13:42:03.131 - INFO - ANNOTATION - fix gene: extract symbol from protein name. symbol=degV
13:42:03.131 - INFO - ANNOTATION - fix gene: extract symbol from protein name. symbol=azlD
13:42:03.131 - INFO - ANNOTATION - fix gene: extract symbol from protein name. symbol=azlC
13:42:03.131 - INFO - ANNOTATION - fix gene: extract symbol from protein name. symbol=trmO
13:42:03.131 - INFO - ANNOTATION - marked as hypothetical: contig=contig_39, start=2, stop=745, strand=+
13:42:03.131 - INFO - ANNOTATION - fix gene: extract symbol from protein name. symbol=rsmD
13:42:03.131 - INFO - ANNOTATION - marked as hypothetical: contig=contig_39, start=2474, stop=4156, strand=-
13:42:03.131 - INFO - ANNOTATION - fix gene: extract symbol from protein name. symbol=mraZ
13:42:03.131 - INFO - ANNOTATION - fix gene: extract symbol from protein name. symbol=rsmH
13:42:03.131 - INFO - ANNOTATION - fix gene: extract symbol from protein name. symbol=ftsL
13:42:03.131 - INFO - ANNOTATION - fix gene: extract symbol from protein name. symbol=ftsW
13:42:03.131 - INFO - ANNOTATION - marked as hypothetical: contig=contig_40, start=1277, stop=2446, strand=-
13:42:03.131 - INFO - ANNOTATION - fix gene: extract symbol from protein name. symbol=lysR
13:42:03.132 - INFO - ANNOTATION - fix gene: extract symbol from protein name. symbol=trkH
13:42:03.132 - INFO - ANNOTATION - fix gene: extract symbol from protein name. symbol=trkA
13:42:03.132 - INFO - ANNOTATION - fix product: replace Homolog. new=S-layer-like y domain-containing protein, old=S-layer homology domain-containing protein
13:42:03.132 - INFO - ANNOTATION - fix gene: extract symbol from protein name. symbol=miaA
13:42:03.132 - INFO - ANNOTATION - marked as hypothetical: contig=contig_41, start=91, stop=2082, strand=-
13:42:03.132 - INFO - ANNOTATION - fix gene: extract symbol from protein name. symbol=gntR
13:42:03.132 - INFO - ANNOTATION - fix product: replace Homolog. new=S-layer-like y domain-containing protein, old=S-layer homology domain-containing protein
13:42:03.132 - INFO - ANNOTATION - fix gene: extract symbol from protein name. symbol=sufD
13:42:03.132 - INFO - ANNOTATION - marked as hypothetical: contig=contig_43, start=6998, stop=7339, strand=-
13:42:03.132 - INFO - ANNOTATION - marked as hypothetical: contig=contig_43, start=7630, stop=8079, strand=+
13:42:03.132 - INFO - ANNOTATION - fix gene: extract symbol from protein name. symbol=marR
13:42:03.133 - INFO - ANNOTATION - fix gene: extract symbol from protein name. symbol=lexA
13:42:03.133 - INFO - ANNOTATION - fix gene: extract symbol from protein name. symbol=mnmE
13:42:03.133 - INFO - ANNOTATION - fix gene: extract symbol from protein name. symbol=lrgB
13:42:03.133 - INFO - ANNOTATION - fix gene: extract symbol from protein name. symbol=copG
13:42:03.133 - INFO - ANNOTATION - marked as hypothetical: contig=contig_47, start=31, stop=405, strand=+
13:42:03.133 - INFO - ANNOTATION - marked as hypothetical: contig=contig_47, start=5633, stop=6526, strand=+
13:42:03.133 - INFO - ANNOTATION - fix product: revise DUF. new=DUF6514 domain-containing protein, old=DUF6514 family protein
13:42:03.134 - INFO - ANNOTATION - marked as hypothetical: contig=contig_50, start=605, stop=844, strand=+
13:42:03.134 - INFO - ANNOTATION - marked as hypothetical: contig=contig_50, start=2295, stop=2420, strand=+
13:42:03.134 - INFO - ANNOTATION - marked as hypothetical: contig=contig_51, start=2378, stop=3319, strand=+
13:42:03.134 - INFO - ANNOTATION - marked as hypothetical: contig=contig_51, start=3339, stop=4358, strand=+
13:42:03.134 - INFO - ANNOTATION - marked as hypothetical: contig=contig_52, start=85, stop=2481, strand=-
13:42:03.134 - INFO - ANNOTATION - fix gene: extract symbol from protein name. symbol=xerC
13:42:03.134 - INFO - ANNOTATION - marked as hypothetical: contig=contig_55, start=1071, stop=1292, strand=-
13:42:03.134 - INFO - ANNOTATION - marked as hypothetical: contig=contig_56, start=217, stop=1323, strand=-
13:42:03.134 - INFO - ORF - write internal aa seqs: # seqs=196, path=/tmp/slurm-687210/tmptyhms82b/cds.pseudo.candidates.faa
13:53:25.207 - INFO - CDS - found: pseudogene-candidates=1
13:53:25.573 - INFO - CDS - found: pseudogenes=0
13:53:25.576 - INFO - PSC - looked-up=0
13:53:25.576 - INFO - PSCC - looked-up=0
13:53:26.126 - INFO - CDS - pfam detected: contig=contig_3, start=11339, stop=36454, strand=+, pfam-id=PF02368.22, length=50, aa-start=6176, aa-stop=6221, aa-cov=0.0, hmm-cov=1.0, evalue=5.5e-07, bitscore=23.2, name=Big_2
13:53:26.696 - INFO - CDS - pfam detected: contig=contig_39, start=2474, stop=4156, strand=-, pfam-id=PF07833.15, length=54, aa-start=499, aa-stop=552, aa-cov=0.1, hmm-cov=1.0, evalue=7.4e-07, bitscore=23.0, name=Cu_amine_oxidN1
13:53:27.283 - INFO - CDS - pfam detected: contig=contig_17, start=34389, stop=36635, strand=-, pfam-id=PF16244.9, length=100, aa-start=387, aa-stop=485, aa-cov=0.1, hmm-cov=1.0, evalue=2.6e-20, bitscore=66.7, name=DUF4901
13:53:27.452 - INFO - CDS - pfam detected: contig=contig_3, start=11339, stop=36454, strand=+, pfam-id=PF20606.2, length=45, aa-start=485, aa-stop=527, aa-cov=0.0, hmm-cov=1.0, evalue=7.7e-09, bitscore=28.9, name=DUF6799
13:53:27.466 - INFO - CDS - pfam detected: contig=contig_9, start=49463, stop=49915, strand=-, pfam-id=PF20765.1, length=121, aa-start=5, aa-stop=125, aa-cov=0.8, hmm-cov=1.0, evalue=9.1e-15, bitscore=48.6, name=DUF6838
13:53:27.485 - INFO - CDS - pfam detected: contig=contig_12, start=26802, stop=27065, strand=+, pfam-id=PF21757.1, length=64, aa-start=16, aa-stop=78, aa-cov=0.7, hmm-cov=1.0, evalue=2.3e-16, bitscore=53.2, name=DUF6870
13:53:28.348 - INFO - CDS - pfam detected: contig=contig_39, start=2, stop=745, strand=+, pfam-id=PF12826.11, length=51, aa-start=192, aa-stop=240, aa-cov=0.2, hmm-cov=1.0, evalue=3.1e-08, bitscore=27.4, name=HHH_2
13:53:28.349 - INFO - CDS - pfam detected: contig=contig_39, start=2, stop=745, strand=+, pfam-id=PF14520.10, length=43, aa-start=188, aa-stop=227, aa-cov=0.2, hmm-cov=1.0, evalue=4.2e-08, bitscore=27.3, name=HHH_5
13:53:29.607 - INFO - CDS - pfam detected: contig=contig_8, start=62784, stop=65135, strand=-, pfam-id=PF02878.20, length=130, aa-start=11, aa-stop=140, aa-cov=0.2, hmm-cov=0.9, evalue=2.6e-21, bitscore=69.4, name=PGM_PMM_I
13:53:29.608 - INFO - CDS - pfam detected: contig=contig_8, start=62784, stop=65135, strand=-, pfam-id=PF02879.20, length=106, aa-start=168, aa-stop=273, aa-cov=0.1, hmm-cov=1.0, evalue=3.5e-23, bitscore=75.8, name=PGM_PMM_II
13:53:29.608 - INFO - CDS - pfam detected: contig=contig_8, start=62784, stop=65135, strand=-, pfam-id=PF02880.20, length=116, aa-start=279, aa-stop=390, aa-cov=0.1, hmm-cov=0.9, evalue=5.7e-14, bitscore=45.9, name=PGM_PMM_III
13:53:29.976 - INFO - CDS - pfam detected: contig=contig_3, start=11339, stop=36454, strand=+, pfam-id=PF00415.22, length=61, aa-start=8159, aa-stop=8215, aa-cov=0.0, hmm-cov=0.8, evalue=0.0e+00, bitscore=1509.7, name=RCC1
13:53:29.977 - INFO - CDS - pfam detected: contig=contig_39, start=2474, stop=4156, strand=-, pfam-id=PF00415.22, length=50, aa-start=147, aa-stop=192, aa-cov=0.1, hmm-cov=1.0, evalue=1.5e-71, bitscore=230.5, name=RCC1
13:53:29.977 - INFO - CDS - pfam detected: contig=contig_3, start=11339, stop=36454, strand=+, pfam-id=PF13540.10, length=30, aa-start=795, aa-stop=824, aa-cov=0.0, hmm-cov=1.0, evalue=0.0e+00, bitscore=1410.7, name=RCC1_2
13:53:29.977 - INFO - CDS - pfam detected: contig=contig_39, start=2474, stop=4156, strand=-, pfam-id=PF13540.10, length=30, aa-start=81, aa-stop=110, aa-cov=0.1, hmm-cov=1.0, evalue=2.4e-61, bitscore=195.9, name=RCC1_2
13:53:30.206 - INFO - CDS - pfam detected: contig=contig_56, start=217, stop=1323, strand=-, pfam-id=PF00078.31, length=154, aa-start=5, aa-stop=158, aa-cov=0.4, hmm-cov=0.9, evalue=1.4e-29, bitscore=96.9, name=RVT_1
13:53:30.309 - INFO - CDS - pfam detected: contig=contig_52, start=85, stop=2481, strand=-, pfam-id=PF08238.16, length=35, aa-start=421, aa-stop=455, aa-cov=0.0, hmm-cov=1.0, evalue=1.4e-196, bitscore=623.8, name=Sel1
13:53:30.918 - INFO - CDS - pfam detected: contig=contig_52, start=85, stop=2481, strand=-, pfam-id=PF13431.10, length=14, aa-start=131, aa-stop=144, aa-cov=0.0, hmm-cov=1.0, evalue=1.5e-09, bitscore=31.2, name=TPR_17
13:53:30.951 - INFO - CDS - pfam detected: contig=contig_8, start=62784, stop=65135, strand=-, pfam-id=PF00456.25, length=265, aa-start=513, aa-stop=765, aa-cov=0.3, hmm-cov=1.0, evalue=5.8e-64, bitscore=209.7, name=Transketolase_N
13:53:31.107 - INFO - CDS - pfam detected: contig=contig_39, start=2, stop=745, strand=+, pfam-id=PF08459.15, length=160, aa-start=21, aa-stop=173, aa-cov=0.6, hmm-cov=1.0, evalue=4.8e-48, bitscore=156.6, name=UvrC_RNaseH_dom
13:53:31.365 - INFO - CDS - predicted-pfams=20, CDS-w/-pfams=9
13:53:32.977 - INFO - S_ORF - predicted=20561
13:53:33.406 - INFO - S_ORF - sORF filter: # valid=2599, # discarded=17962
13:53:33.465 - INFO - ORF - discard spurious: contig=contig_12, start=65333, stop=65401, strand=-, homology=Spurious_ORF_62, evalue=1.7e-10, bitscore=37.981255
13:53:33.465 - INFO - ORF - discard spurious: contig=contig_12, start=65333, stop=65389, strand=-, homology=Spurious_ORF_62, evalue=5.0e-08, bitscore=30.049606
13:53:33.637 - INFO - ORF - discarded=2
13:53:47.984 - INFO - UPS - looked-up=0
13:53:47.987 - INFO - IPS - looked-up=0
13:53:47.987 - INFO - ORF - write internal aa seqs: # seqs=2597, path=/tmp/slurm-687210/tmptyhms82b/sorf.faa
13:53:48.259 - INFO - S_ORF - found=0
13:53:48.260 - INFO - PSC - looked-up=0
13:53:48.261 - INFO - PSCC - looked-up=0
13:53:49.474 - INFO - ORI - predicted=0
13:53:49.684 - INFO - ORI - predicted=0
13:53:49.685 - INFO - ANNOTATION - overlap: tRNA (tRNA-Xxx) [119012, 119111] overlapping with tmRNA (transfer-messenger RNA, SsrA) [118764, 119111] at [119012,119111] on contig=contig_4
13:53:49.690 - INFO - UTILS - generated sequence tag prefix: prefix=BEEJFJLNHH, length=10, MD5=BEE3F3571169FDACA96D7FEC2B199221
13:53:49.691 - INFO - MAIN - selected features=2055
13:53:49.695 - INFO - UTILS - generated sequence tag prefix: prefix=BEEJFJ, length=6, MD5=BEE3F3571169FDACA96D7FEC2B199221
13:53:49.695 - INFO - MAIN - locus tag prefix=BEEJFJ
13:53:49.699 - INFO - ANNOTATION - gene neighborhood symbol selection: contig=contig_1, start=154690, stop=156357, new-gene=pinE, old-gene=spoIVCA, genes=pinE,spoIVCA, product=Site-specific DNA recombinase SpoIVCA/DNA invertase PinE
13:53:49.699 - INFO - ANNOTATION - gene neighborhood symbol selection: contig=contig_1, start=156358, stop=158061, new-gene=pinE, old-gene=spoIVCA, genes=pinE,spoIVCA, product=Site-specific DNA recombinase SpoIVCA/DNA invertase PinE
13:53:49.699 - INFO - ANNOTATION - gene neighborhood symbol selection: contig=contig_1, start=158066, stop=159703, new-gene=pinE, old-gene=spoIVCA, genes=pinE,spoIVCA, product=Site-specific DNA recombinase SpoIVCA/DNA invertase PinE
13:53:49.699 - INFO - ANNOTATION - gene neighborhood symbol selection: contig=contig_1, start=159690, stop=160031, new-gene=pinE, old-gene=spoIVCA, genes=pinE,spoIVCA, product=Site-specific DNA recombinase SpoIVCA/DNA invertase PinE
13:53:49.700 - INFO - UTILS - genome-size=2242112
13:53:49.714 - INFO - UTILS - GC=0.605
13:53:49.714 - INFO - UTILS - N=0.000
13:53:49.714 - INFO - UTILS - N50=74117
13:53:49.715 - INFO - UTILS - coding-ratio=0.909
13:53:49.717 - INFO - TSV - write tsv: path=/mount/britton/Jose/Jobs/Jason/2026-05-19-BAKTA-Annotation-Pseudo-Strain/workflow-output/bakta/GCA_943193085.1_Oscillospiraceae_gen_nov_DSM112226_genomic/GCA_943193085.1_Oscillospiraceae_gen_nov_DSM112226_genomic.tsv
13:53:49.725 - INFO - GFF - write GFF3: path=/mount/britton/Jose/Jobs/Jason/2026-05-19-BAKTA-Annotation-Pseudo-Strain/workflow-output/bakta/GCA_943193085.1_Oscillospiraceae_gen_nov_DSM112226_genomic/GCA_943193085.1_Oscillospiraceae_gen_nov_DSM112226_genomic.gff3
13:53:49.788 - INFO - INSDC - write GenBank: path=/mount/britton/Jose/Jobs/Jason/2026-05-19-BAKTA-Annotation-Pseudo-Strain/workflow-output/bakta/GCA_943193085.1_Oscillospiraceae_gen_nov_DSM112226_genomic/GCA_943193085.1_Oscillospiraceae_gen_nov_DSM112226_genomic.gbff
13:53:49.995 - INFO - INSDC - write EMBL: path=/mount/britton/Jose/Jobs/Jason/2026-05-19-BAKTA-Annotation-Pseudo-Strain/workflow-output/bakta/GCA_943193085.1_Oscillospiraceae_gen_nov_DSM112226_genomic/GCA_943193085.1_Oscillospiraceae_gen_nov_DSM112226_genomic.embl
13:53:50.222 - INFO - FASTA - write genome sequences: path=/mount/britton/Jose/Jobs/Jason/2026-05-19-BAKTA-Annotation-Pseudo-Strain/workflow-output/bakta/GCA_943193085.1_Oscillospiraceae_gen_nov_DSM112226_genomic/GCA_943193085.1_Oscillospiraceae_gen_nov_DSM112226_genomic.fna, description=True, wrap=True
13:53:50.233 - INFO - FASTA - write feature nucleotide sequences: path=/mount/britton/Jose/Jobs/Jason/2026-05-19-BAKTA-Annotation-Pseudo-Strain/workflow-output/bakta/GCA_943193085.1_Oscillospiraceae_gen_nov_DSM112226_genomic/GCA_943193085.1_Oscillospiraceae_gen_nov_DSM112226_genomic.ffn
13:53:50.240 - INFO - FASTA - write translated CDS/sORF: path=/mount/britton/Jose/Jobs/Jason/2026-05-19-BAKTA-Annotation-Pseudo-Strain/workflow-output/bakta/GCA_943193085.1_Oscillospiraceae_gen_nov_DSM112226_genomic/GCA_943193085.1_Oscillospiraceae_gen_nov_DSM112226_genomic.faa
13:53:50.508 - INFO - PLOT - write circular genome plot: file-name=GCA_943193085.1_Oscillospiraceae_gen_nov_DSM112226_genomic, output-dir=/mount/britton/Jose/Jobs/Jason/2026-05-19-BAKTA-Annotation-Pseudo-Strain/workflow-output/bakta/GCA_943193085.1_Oscillospiraceae_gen_nov_DSM112226_genomic
13:54:03.292 - INFO - TSV - write hypothetical tsv: path=/mount/britton/Jose/Jobs/Jason/2026-05-19-BAKTA-Annotation-Pseudo-Strain/workflow-output/bakta/GCA_943193085.1_Oscillospiraceae_gen_nov_DSM112226_genomic/GCA_943193085.1_Oscillospiraceae_gen_nov_DSM112226_genomic.hypotheticals.tsv
13:54:03.295 - INFO - FASTA - write translated CDS/sORF: path=/mount/britton/Jose/Jobs/Jason/2026-05-19-BAKTA-Annotation-Pseudo-Strain/workflow-output/bakta/GCA_943193085.1_Oscillospiraceae_gen_nov_DSM112226_genomic/GCA_943193085.1_Oscillospiraceae_gen_nov_DSM112226_genomic.hypotheticals.faa
13:54:03.296 - INFO - JSON - write JSON: path=/mount/britton/Jose/Jobs/Jason/2026-05-19-BAKTA-Annotation-Pseudo-Strain/workflow-output/bakta/GCA_943193085.1_Oscillospiraceae_gen_nov_DSM112226_genomic/GCA_943193085.1_Oscillospiraceae_gen_nov_DSM112226_genomic.json
13:54:03.456 - INFO - MAIN - removed tmp dir: /tmp/slurm-687210/tmptyhms82b
