13:26:41.470 - INFO - UTILS - version=1.9.3
13:26:41.471 - INFO - UTILS - developer: Oliver Schwengers, github.com/oschwengers
13:26:41.471 - INFO - UTILS - command: /mount/britton/Jose/conda-envs/bakta_env/bin/bakta --db /mount/britton/leap/dbs/bakta/db --output /mount/britton/Jose/Jobs/Jason/2026-05-19-BAKTA-Annotation-Pseudo-Strain/workflow-output/bakta/Pseudo --force Pseudo.fasta
13:26:41.471 - INFO - UTILS - local time: 2026-05-24 13:26:41
13:26:41.523 - INFO - UTILS - machine: type=, cores=64
13:26:41.523 - INFO - UTILS - system: type=Linux, release=3.10.0-1160.119.1.el7.x86_64
13:26:41.523 - INFO - UTILS - python: version=3.10.6, implementation=CPython
13:26:41.523 - INFO - CONFIG - threads=2
13:26:41.523 - INFO - CONFIG - verbose=False
13:26:41.523 - INFO - CONFIG - debug=False
13:26:41.596 - INFO - CONFIG - database: type=parameter, path=/mount/britton/leap/dbs/bakta/db
13:26:41.596 - INFO - CONFIG - tmp-path=/tmp/slurm-687208/tmp9pf2gfza
13:26:41.597 - INFO - CONFIG - genome-path=/mount/britton/Jose/Jobs/Jason/2026-05-19-BAKTA-Annotation-Pseudo-Strain/data/Pseudo.fasta
13:26:41.597 - INFO - CONFIG - min_contig_length=1
13:26:41.597 - INFO - CONFIG - prefix=Pseudo
13:26:41.597 - INFO - CONFIG - output-path=/mount/britton/Jose/Jobs/Jason/2026-05-19-BAKTA-Annotation-Pseudo-Strain/workflow-output/bakta/Pseudo
13:26:41.597 - INFO - CONFIG - force=True
13:26:41.597 - INFO - CONFIG - genus=None
13:26:41.597 - INFO - CONFIG - species=None
13:26:41.597 - INFO - CONFIG - strain=None
13:26:41.597 - INFO - CONFIG - plasmid=None
13:26:41.597 - INFO - CONFIG - complete=False
13:26:41.597 - INFO - CONFIG - prodigal_tf=None
13:26:41.597 - INFO - CONFIG - translation_table=11
13:26:41.597 - INFO - CONFIG - gram=?
13:26:41.598 - INFO - CONFIG - compliant=False
13:26:41.598 - INFO - CONFIG - meta=False
13:26:41.598 - INFO - CONFIG - locus=None
13:26:41.598 - INFO - CONFIG - locus-tag=None
13:26:41.598 - INFO - CONFIG - keep_contig_headers=False
13:26:41.598 - INFO - CONFIG - replicon-table=None
13:26:41.598 - INFO - CONFIG - regions=None
13:26:41.598 - INFO - CONFIG - skip-tRNA=False
13:26:41.598 - INFO - CONFIG - skip-tmRNA=False
13:26:41.598 - INFO - CONFIG - skip-rRNA=False
13:26:41.598 - INFO - CONFIG - skip-ncRNA=False
13:26:41.598 - INFO - CONFIG - skip-ncRNA-region=False
13:26:41.598 - INFO - CONFIG - skip-CRISPR=False
13:26:41.598 - INFO - CONFIG - skip-CDS=False
13:26:41.598 - INFO - CONFIG - skip-pseudo=False
13:26:41.598 - INFO - CONFIG - skip-sORF=False
13:26:41.598 - INFO - CONFIG - skip-gap=False
13:26:41.598 - INFO - CONFIG - skip-ori=False
13:26:41.598 - INFO - CONFIG - skip-plot=False
13:26:41.653 - INFO - DB - detected: major=5, minor=1, type=full, date=2024-01-19
13:26:43.332 - INFO - UTILS - dependency: tool=tRNAscan-SE, version=v2.0.12, path=/mount/britton/Jose/conda-envs/bakta_env/bin/tRNAscan-SE
13:26:43.366 - INFO - UTILS - dependency: tool=Aragorn, version=v1.2.41, path=/mount/britton/Jose/conda-envs/bakta_env/bin/aragorn
13:26:43.425 - INFO - UTILS - dependency: tool=CMscan, version=v1.1.5, path=/mount/britton/Jose/conda-envs/bakta_env/bin/cmscan
13:26:43.462 - INFO - UTILS - dependency: tool=PilerCR, version=v1.6.0, path=/mount/britton/Jose/conda-envs/bakta_env/bin/pilercr
13:26:44.096 - INFO - UTILS - dependency: tool=Pyrodigal, version=v3.4.1, path=/mount/britton/Jose/conda-envs/bakta_env/bin/pyrodigal
13:26:44.147 - INFO - UTILS - dependency: tool=AMRFinderPlus, version=v3.12.8, path=/mount/britton/Jose/conda-envs/bakta_env/bin/amrfinder
13:26:44.393 - INFO - UTILS - dependency: tool=Pyhmmer, version=v0.10.12, path=/share/apps/anaconda3/2023.03-1/bin/python
13:26:44.503 - INFO - UTILS - dependency: tool=Diamond, version=v2.1.8, path=/mount/britton/Jose/conda-envs/bakta_env/bin/diamond
13:26:46.993 - INFO - UTILS - dependency: tool=Blastn, version=v2.15.0, path=/mount/britton/Jose/conda-envs/bakta_env/bin/blastn
13:26:50.187 - INFO - UTILS - dependency: tool=Circos, version=v0.69.8, path=/mount/britton/Jose/conda-envs/bakta_env/bin/circos
13:26:50.380 - INFO - FASTA - imported: id=1, length=1154170, description=length=1154157 polypolish, genomic=True, dna=True
13:26:50.380 - INFO - FASTA - imported: id=2, length=7112, description=length=7112 polypolish, genomic=True, dna=True
13:26:50.380 - INFO - FASTA - imported: id=3, length=1960, description=length=1960 polypolish, genomic=True, dna=True
13:26:50.380 - INFO - FASTA - imported: id=4, length=1022, description=length=1022 polypolish, genomic=True, dna=True
13:26:50.380 - INFO - FASTA - imported: id=5, length=457, description=length=457 polypolish, genomic=True, dna=True
13:26:50.380 - INFO - FASTA - imported: id=6, length=182, description=length=182 polypolish, genomic=True, dna=True
13:26:50.380 - INFO - FASTA - imported: id=7, length=159, description=length=159 polypolish, genomic=True, dna=True
13:26:50.380 - INFO - FASTA - imported: id=8, length=121, description=length=121 polypolish, genomic=True, dna=True
13:26:50.380 - INFO - FASTA - imported: id=9, length=120, description=length=120 polypolish, genomic=True, dna=True
13:26:50.380 - INFO - FASTA - imported: id=10, length=119, description=length=119 polypolish, genomic=True, dna=True
13:26:50.380 - INFO - FASTA - imported: id=11, length=116, description=length=116 polypolish, genomic=True, dna=True
13:26:50.380 - INFO - FASTA - imported: id=12, length=95, description=length=95 polypolish, genomic=True, dna=True
13:26:50.380 - INFO - FASTA - imported: id=13, length=88, description=length=88 polypolish, genomic=True, dna=True
13:26:50.380 - INFO - FASTA - imported: id=14, length=76, description=length=76 polypolish, genomic=True, dna=True
13:26:50.380 - INFO - FASTA - imported: id=15, length=60, description=length=60 polypolish, genomic=True, dna=True
13:26:50.381 - INFO - FASTA - imported: id=16, length=58, description=length=58 polypolish, genomic=True, dna=True
13:26:50.381 - INFO - FASTA - imported: id=17, length=55, description=length=55 polypolish, genomic=True, dna=True
13:26:50.381 - INFO - FASTA - imported: id=18, length=46, description=length=46 polypolish, genomic=True, dna=True
13:26:50.381 - INFO - FASTA - imported: id=19, length=46, description=length=46 polypolish, genomic=True, dna=True
13:26:50.381 - INFO - FASTA - imported: id=20, length=45, description=length=45 polypolish, genomic=True, dna=True
13:26:50.381 - INFO - FASTA - imported: id=21, length=43, description=length=43 polypolish, genomic=True, dna=True
13:26:50.381 - INFO - FASTA - imported: id=22, length=38, description=length=38 polypolish, genomic=True, dna=True
13:26:50.381 - INFO - FASTA - imported: id=23, length=38, description=length=38 polypolish, genomic=True, dna=True
13:26:50.381 - INFO - FASTA - imported: id=24, length=35, description=length=35 polypolish, genomic=True, dna=True
13:26:50.381 - INFO - FASTA - imported: id=25, length=35, description=length=35 polypolish, genomic=True, dna=True
13:26:50.381 - INFO - FASTA - imported: id=26, length=34, description=length=34 polypolish, genomic=True, dna=True
13:26:50.381 - INFO - FASTA - imported: id=27, length=29, description=length=29 polypolish, genomic=True, dna=True
13:26:50.381 - INFO - FASTA - imported: id=28, length=29, description=length=29 polypolish, genomic=True, dna=True
13:26:50.381 - INFO - FASTA - imported: id=29, length=26, description=length=26 polypolish, genomic=True, dna=True
13:26:50.381 - INFO - FASTA - imported: id=30, length=26, description=length=26 polypolish, genomic=True, dna=True
13:26:50.381 - INFO - FASTA - imported: id=31, length=25, description=length=25 polypolish, genomic=True, dna=True
13:26:50.381 - INFO - FASTA - imported: id=32, length=25, description=length=25 polypolish, genomic=True, dna=True
13:26:50.381 - INFO - FASTA - imported: id=33, length=25, description=length=25 polypolish, genomic=True, dna=True
13:26:50.381 - INFO - FASTA - imported: id=34, length=23, description=length=23 polypolish, genomic=True, dna=True
13:26:50.381 - INFO - FASTA - imported: id=35, length=22, description=length=22 polypolish, genomic=True, dna=True
13:26:50.381 - INFO - FASTA - imported: id=36, length=22, description=length=22 polypolish, genomic=True, dna=True
13:26:50.381 - INFO - FASTA - imported: id=37, length=21, description=length=21 polypolish, genomic=True, dna=True
13:26:50.381 - INFO - FASTA - imported: id=38, length=21, description=length=21 polypolish, genomic=True, dna=True
13:26:50.381 - INFO - FASTA - imported: id=39, length=18, description=length=18 polypolish, genomic=True, dna=True
13:26:50.381 - INFO - FASTA - imported: id=40, length=18, description=length=18 polypolish, genomic=True, dna=True
13:26:50.381 - INFO - FASTA - imported: id=41, length=18, description=length=18 polypolish, genomic=True, dna=True
13:26:50.381 - INFO - FASTA - imported: id=42, length=18, description=length=18 polypolish, genomic=True, dna=True
13:26:50.381 - INFO - FASTA - imported: id=43, length=17, description=length=17 polypolish, genomic=True, dna=True
13:26:50.381 - INFO - FASTA - imported: id=44, length=17, description=length=17 polypolish, genomic=True, dna=True
13:26:50.381 - INFO - FASTA - imported: id=45, length=16, description=length=16 polypolish, genomic=True, dna=True
13:26:50.381 - INFO - FASTA - imported: id=46, length=15, description=length=15 polypolish, genomic=True, dna=True
13:26:50.382 - INFO - FASTA - imported: id=47, length=13, description=length=13 polypolish, genomic=True, dna=True
13:26:50.382 - INFO - FASTA - imported: id=48, length=11, description=length=11 polypolish, genomic=True, dna=True
13:26:50.382 - INFO - FASTA - imported: id=49, length=10, description=length=10 polypolish, genomic=True, dna=True
13:26:50.382 - INFO - FASTA - imported: id=50, length=10, description=length=10 polypolish, genomic=True, dna=True
13:26:50.382 - INFO - FASTA - imported: id=51, length=9, description=length=9 polypolish, genomic=True, dna=True
13:26:50.382 - INFO - FASTA - imported: id=52, length=5, description=length=5 polypolish, genomic=True, dna=True
13:26:50.382 - INFO - FASTA - imported: id=53, length=5, description=length=5 polypolish, genomic=True, dna=True
13:26:50.382 - INFO - FASTA - imported: id=54, length=5, description=length=5 polypolish, genomic=True, dna=True
13:26:50.382 - INFO - FASTA - imported: id=55, length=4, description=length=4 polypolish, genomic=True, dna=True
13:26:50.382 - INFO - FASTA - imported: id=56, length=4, description=length=4 polypolish, genomic=True, dna=True
13:26:50.382 - INFO - FASTA - imported: id=57, length=3, description=length=3 polypolish, genomic=True, dna=True
13:26:50.382 - INFO - FASTA - imported: id=58, length=3, description=length=3 polypolish, genomic=True, dna=True
13:26:50.382 - INFO - FASTA - imported: id=59, length=2, description=length=2 polypolish, genomic=True, dna=True
13:26:50.382 - INFO - FASTA - imported: id=60, length=2, description=length=2 polypolish, genomic=True, dna=True
13:26:50.382 - INFO - FASTA - imported: id=61, length=2, description=length=2 polypolish, genomic=True, dna=True
13:26:50.382 - INFO - FASTA - imported: id=62, length=2, description=length=2 polypolish, genomic=True, dna=True
13:26:50.382 - INFO - FASTA - imported: id=63, length=2, description=length=2 polypolish, genomic=True, dna=True
13:26:50.382 - INFO - FASTA - imported: id=64, length=1, description=length=1 polypolish, genomic=True, dna=True
13:26:50.382 - INFO - FASTA - imported: id=65, length=1, description=length=1 polypolish, genomic=True, dna=True
13:26:50.382 - INFO - FASTA - imported: id=66, length=1, description=length=1 polypolish, genomic=True, dna=True
13:26:50.382 - INFO - FASTA - imported: id=67, length=1, description=length=1 polypolish, genomic=True, dna=True
13:26:50.382 - INFO - FASTA - imported: id=68, length=1, description=length=1 polypolish, genomic=True, dna=True
13:26:50.382 - INFO - FASTA - imported: id=69, length=1, description=length=1 polypolish, genomic=True, dna=True
13:26:50.382 - INFO - FASTA - imported: id=70, length=1, description=length=1 polypolish, genomic=True, dna=True
13:26:50.382 - INFO - FASTA - imported: id=71, length=1, description=length=1 polypolish, genomic=True, dna=True
13:26:50.382 - INFO - FASTA - imported: id=72, length=1, description=length=1 polypolish, genomic=True, dna=True
13:26:50.382 - INFO - FASTA - imported: id=73, length=1, description=length=1 polypolish, genomic=True, dna=True
13:26:50.382 - INFO - FASTA - imported: id=74, length=1, description=length=1 polypolish, genomic=True, dna=True
13:26:50.382 - INFO - FASTA - imported: id=75, length=1, description=length=1 polypolish, genomic=True, dna=True
13:26:50.382 - INFO - FASTA - imported: id=76, length=1, description=length=1 polypolish, genomic=True, dna=True
13:26:50.394 - INFO - FASTA - imported: id=77, length=641782, description=length=641777 polypolish, genomic=True, dna=True
13:26:50.395 - INFO - FASTA - imported: id=78, length=1225, description=length=1225 polypolish, genomic=True, dna=True
13:26:50.395 - INFO - FASTA - imported: id=79, length=329, description=length=329 polypolish, genomic=True, dna=True
13:26:50.395 - INFO - FASTA - imported: id=80, length=307, description=length=307 polypolish, genomic=True, dna=True
13:26:50.395 - INFO - FASTA - imported: id=81, length=296, description=length=296 polypolish, genomic=True, dna=True
13:26:50.395 - INFO - FASTA - imported: id=82, length=237, description=length=237 polypolish, genomic=True, dna=True
13:26:50.395 - INFO - FASTA - imported: id=83, length=184, description=length=184 polypolish, genomic=True, dna=True
13:26:50.395 - INFO - FASTA - imported: id=84, length=166, description=length=166 polypolish, genomic=True, dna=True
13:26:50.395 - INFO - FASTA - imported: id=85, length=145, description=length=145 polypolish, genomic=True, dna=True
13:26:50.395 - INFO - FASTA - imported: id=86, length=112, description=length=112 polypolish, genomic=True, dna=True
13:26:50.395 - INFO - FASTA - imported: id=87, length=107, description=length=107 polypolish, genomic=True, dna=True
13:26:50.395 - INFO - FASTA - imported: id=88, length=80, description=length=80 polypolish, genomic=True, dna=True
13:26:50.395 - INFO - FASTA - imported: id=89, length=76, description=length=76 polypolish, genomic=True, dna=True
13:26:50.395 - INFO - FASTA - imported: id=90, length=54, description=length=54 polypolish, genomic=True, dna=True
13:26:50.395 - INFO - FASTA - imported: id=91, length=45, description=length=45 polypolish, genomic=True, dna=True
13:26:50.395 - INFO - FASTA - imported: id=92, length=45, description=length=45 polypolish, genomic=True, dna=True
13:26:50.395 - INFO - FASTA - imported: id=93, length=38, description=length=38 polypolish, genomic=True, dna=True
13:26:50.395 - INFO - FASTA - imported: id=94, length=37, description=length=37 polypolish, genomic=True, dna=True
13:26:50.395 - INFO - FASTA - imported: id=95, length=37, description=length=37 polypolish, genomic=True, dna=True
13:26:50.395 - INFO - FASTA - imported: id=96, length=36, description=length=36 polypolish, genomic=True, dna=True
13:26:50.395 - INFO - FASTA - imported: id=97, length=35, description=length=35 polypolish, genomic=True, dna=True
13:26:50.395 - INFO - FASTA - imported: id=98, length=34, description=length=34 polypolish, genomic=True, dna=True
13:26:50.395 - INFO - FASTA - imported: id=99, length=34, description=length=34 polypolish, genomic=True, dna=True
13:26:50.395 - INFO - FASTA - imported: id=100, length=33, description=length=33 polypolish, genomic=True, dna=True
13:26:50.395 - INFO - FASTA - imported: id=101, length=33, description=length=33 polypolish, genomic=True, dna=True
13:26:50.395 - INFO - FASTA - imported: id=102, length=29, description=length=29 polypolish, genomic=True, dna=True
13:26:50.395 - INFO - FASTA - imported: id=103, length=28, description=length=28 polypolish, genomic=True, dna=True
13:26:50.395 - INFO - FASTA - imported: id=104, length=24, description=length=24 polypolish, genomic=True, dna=True
13:26:50.395 - INFO - FASTA - imported: id=105, length=22, description=length=22 polypolish, genomic=True, dna=True
13:26:50.395 - INFO - FASTA - imported: id=106, length=22, description=length=22 polypolish, genomic=True, dna=True
13:26:50.396 - INFO - FASTA - imported: id=107, length=20, description=length=20 polypolish, genomic=True, dna=True
13:26:50.396 - INFO - FASTA - imported: id=108, length=20, description=length=20 polypolish, genomic=True, dna=True
13:26:50.396 - INFO - FASTA - imported: id=109, length=18, description=length=18 polypolish, genomic=True, dna=True
13:26:50.396 - INFO - FASTA - imported: id=110, length=15, description=length=15 polypolish, genomic=True, dna=True
13:26:50.396 - INFO - FASTA - imported: id=111, length=15, description=length=15 polypolish, genomic=True, dna=True
13:26:50.396 - INFO - FASTA - imported: id=112, length=14, description=length=14 polypolish, genomic=True, dna=True
13:26:50.396 - INFO - FASTA - imported: id=113, length=9, description=length=9 polypolish, genomic=True, dna=True
13:26:50.396 - INFO - FASTA - imported: id=114, length=2, description=length=2 polypolish, genomic=True, dna=True
13:26:50.396 - INFO - FASTA - imported: id=115, length=1, description=length=1 polypolish, genomic=True, dna=True
13:26:50.403 - INFO - FASTA - imported: id=116, length=380538, description=length=380537 polypolish, genomic=True, dna=True
13:26:50.403 - INFO - FASTA - imported: id=117, length=3403, description=length=3403 polypolish, genomic=True, dna=True
13:26:50.403 - INFO - FASTA - imported: id=118, length=487, description=length=487 polypolish, genomic=True, dna=True
13:26:50.403 - INFO - FASTA - imported: id=119, length=411, description=length=411 polypolish, genomic=True, dna=True
13:26:50.403 - INFO - FASTA - imported: id=120, length=323, description=length=323 polypolish, genomic=True, dna=True
13:26:50.403 - INFO - FASTA - imported: id=121, length=278, description=length=278 polypolish, genomic=True, dna=True
13:26:50.403 - INFO - FASTA - imported: id=122, length=255, description=length=255 polypolish, genomic=True, dna=True
13:26:50.403 - INFO - FASTA - imported: id=123, length=215, description=length=215 polypolish, genomic=True, dna=True
13:26:50.403 - INFO - FASTA - imported: id=124, length=206, description=length=206 polypolish, genomic=True, dna=True
13:26:50.403 - INFO - FASTA - imported: id=125, length=137, description=length=137 polypolish, genomic=True, dna=True
13:26:50.403 - INFO - FASTA - imported: id=126, length=113, description=length=113 polypolish, genomic=True, dna=True
13:26:50.403 - INFO - FASTA - imported: id=127, length=112, description=length=112 polypolish, genomic=True, dna=True
13:26:50.403 - INFO - FASTA - imported: id=128, length=111, description=length=111 polypolish, genomic=True, dna=True
13:26:50.403 - INFO - FASTA - imported: id=129, length=110, description=length=110 polypolish, genomic=True, dna=True
13:26:50.403 - INFO - FASTA - imported: id=130, length=91, description=length=91 polypolish, genomic=True, dna=True
13:26:50.404 - INFO - FASTA - imported: id=131, length=79, description=length=79 polypolish, genomic=True, dna=True
13:26:50.404 - INFO - FASTA - imported: id=132, length=73, description=length=73 polypolish, genomic=True, dna=True
13:26:50.404 - INFO - FASTA - imported: id=133, length=69, description=length=69 polypolish, genomic=True, dna=True
13:26:50.404 - INFO - FASTA - imported: id=134, length=51, description=length=51 polypolish, genomic=True, dna=True
13:26:50.404 - INFO - FASTA - imported: id=135, length=51, description=length=51 polypolish, genomic=True, dna=True
13:26:50.404 - INFO - FASTA - imported: id=136, length=51, description=length=51 polypolish, genomic=True, dna=True
13:26:50.404 - INFO - FASTA - imported: id=137, length=50, description=length=50 polypolish, genomic=True, dna=True
13:26:50.404 - INFO - FASTA - imported: id=138, length=43, description=length=43 polypolish, genomic=True, dna=True
13:26:50.404 - INFO - FASTA - imported: id=139, length=40, description=length=40 polypolish, genomic=True, dna=True
13:26:50.404 - INFO - FASTA - imported: id=140, length=39, description=length=39 polypolish, genomic=True, dna=True
13:26:50.404 - INFO - FASTA - imported: id=141, length=36, description=length=36 polypolish, genomic=True, dna=True
13:26:50.404 - INFO - FASTA - imported: id=142, length=36, description=length=36 polypolish, genomic=True, dna=True
13:26:50.404 - INFO - FASTA - imported: id=143, length=34, description=length=34 polypolish, genomic=True, dna=True
13:26:50.404 - INFO - FASTA - imported: id=144, length=28, description=length=28 polypolish, genomic=True, dna=True
13:26:50.404 - INFO - FASTA - imported: id=145, length=25, description=length=25 polypolish, genomic=True, dna=True
13:26:50.404 - INFO - FASTA - imported: id=146, length=21, description=length=21 polypolish, genomic=True, dna=True
13:26:50.404 - INFO - FASTA - imported: id=147, length=21, description=length=21 polypolish, genomic=True, dna=True
13:26:50.404 - INFO - FASTA - imported: id=148, length=20, description=length=20 polypolish, genomic=True, dna=True
13:26:50.404 - INFO - FASTA - imported: id=149, length=19, description=length=19 polypolish, genomic=True, dna=True
13:26:50.404 - INFO - FASTA - imported: id=150, length=18, description=length=18 polypolish, genomic=True, dna=True
13:26:50.404 - INFO - FASTA - imported: id=151, length=16, description=length=16 polypolish, genomic=True, dna=True
13:26:50.404 - INFO - FASTA - imported: id=152, length=11, description=length=11 polypolish, genomic=True, dna=True
13:26:50.404 - INFO - FASTA - imported: id=153, length=6, description=length=6 polypolish, genomic=True, dna=True
13:26:50.404 - INFO - FASTA - imported: id=154, length=4, description=length=4 polypolish, genomic=True, dna=True
13:26:50.404 - INFO - FASTA - imported: id=155, length=3, description=length=3 polypolish, genomic=True, dna=True
13:26:50.404 - INFO - FASTA - imported: id=156, length=1, description=length=1 polypolish, genomic=True, dna=True
13:26:50.408 - INFO - FASTA - imported: id=157, length=174400, description=length=174401 polypolish, genomic=True, dna=True
13:26:50.408 - INFO - FASTA - imported: id=158, length=917, description=length=917 polypolish, genomic=True, dna=True
13:26:50.408 - INFO - FASTA - imported: id=159, length=832, description=length=832 polypolish, genomic=True, dna=True
13:26:50.408 - INFO - FASTA - imported: id=160, length=805, description=length=805 polypolish, genomic=True, dna=True
13:26:50.408 - INFO - FASTA - imported: id=161, length=681, description=length=681 polypolish, genomic=True, dna=True
13:26:50.408 - INFO - FASTA - imported: id=162, length=528, description=length=528 polypolish, genomic=True, dna=True
13:26:50.408 - INFO - FASTA - imported: id=163, length=411, description=length=411 polypolish, genomic=True, dna=True
13:26:50.408 - INFO - FASTA - imported: id=164, length=374, description=length=374 polypolish, genomic=True, dna=True
13:26:50.408 - INFO - FASTA - imported: id=165, length=364, description=length=364 polypolish, genomic=True, dna=True
13:26:50.408 - INFO - FASTA - imported: id=166, length=282, description=length=282 polypolish, genomic=True, dna=True
13:26:50.408 - INFO - FASTA - imported: id=167, length=277, description=length=277 polypolish, genomic=True, dna=True
13:26:50.408 - INFO - FASTA - imported: id=168, length=273, description=length=273 polypolish, genomic=True, dna=True
13:26:50.408 - INFO - FASTA - imported: id=169, length=220, description=length=220 polypolish, genomic=True, dna=True
13:26:50.408 - INFO - FASTA - imported: id=170, length=219, description=length=219 polypolish, genomic=True, dna=True
13:26:50.408 - INFO - FASTA - imported: id=171, length=188, description=length=188 polypolish, genomic=True, dna=True
13:26:50.408 - INFO - FASTA - imported: id=172, length=148, description=length=148 polypolish, genomic=True, dna=True
13:26:50.408 - INFO - FASTA - imported: id=173, length=145, description=length=145 polypolish, genomic=True, dna=True
13:26:50.408 - INFO - FASTA - imported: id=174, length=140, description=length=140 polypolish, genomic=True, dna=True
13:26:50.408 - INFO - FASTA - imported: id=175, length=125, description=length=125 polypolish, genomic=True, dna=True
13:26:50.408 - INFO - FASTA - imported: id=176, length=116, description=length=116 polypolish, genomic=True, dna=True
13:26:50.408 - INFO - FASTA - imported: id=177, length=116, description=length=116 polypolish, genomic=True, dna=True
13:26:50.408 - INFO - FASTA - imported: id=178, length=115, description=length=115 polypolish, genomic=True, dna=True
13:26:50.408 - INFO - FASTA - imported: id=179, length=110, description=length=110 polypolish, genomic=True, dna=True
13:26:50.408 - INFO - FASTA - imported: id=180, length=102, description=length=102 polypolish, genomic=True, dna=True
13:26:50.409 - INFO - FASTA - imported: id=181, length=97, description=length=97 polypolish, genomic=True, dna=True
13:26:50.409 - INFO - FASTA - imported: id=182, length=96, description=length=96 polypolish, genomic=True, dna=True
13:26:50.409 - INFO - FASTA - imported: id=183, length=96, description=length=96 polypolish, genomic=True, dna=True
13:26:50.409 - INFO - FASTA - imported: id=184, length=95, description=length=95 polypolish, genomic=True, dna=True
13:26:50.409 - INFO - FASTA - imported: id=185, length=94, description=length=94 polypolish, genomic=True, dna=True
13:26:50.409 - INFO - FASTA - imported: id=186, length=94, description=length=94 polypolish, genomic=True, dna=True
13:26:50.409 - INFO - FASTA - imported: id=187, length=91, description=length=91 polypolish, genomic=True, dna=True
13:26:50.409 - INFO - FASTA - imported: id=188, length=85, description=length=85 polypolish, genomic=True, dna=True
13:26:50.409 - INFO - FASTA - imported: id=189, length=85, description=length=85 polypolish, genomic=True, dna=True
13:26:50.409 - INFO - FASTA - imported: id=190, length=85, description=length=85 polypolish, genomic=True, dna=True
13:26:50.409 - INFO - FASTA - imported: id=191, length=84, description=length=84 polypolish, genomic=True, dna=True
13:26:50.409 - INFO - FASTA - imported: id=192, length=84, description=length=84 polypolish, genomic=True, dna=True
13:26:50.409 - INFO - FASTA - imported: id=193, length=79, description=length=79 polypolish, genomic=True, dna=True
13:26:50.409 - INFO - FASTA - imported: id=194, length=79, description=length=79 polypolish, genomic=True, dna=True
13:26:50.409 - INFO - FASTA - imported: id=195, length=78, description=length=78 polypolish, genomic=True, dna=True
13:26:50.409 - INFO - FASTA - imported: id=196, length=77, description=length=77 polypolish, genomic=True, dna=True
13:26:50.409 - INFO - FASTA - imported: id=197, length=76, description=length=76 polypolish, genomic=True, dna=True
13:26:50.409 - INFO - FASTA - imported: id=198, length=76, description=length=76 polypolish, genomic=True, dna=True
13:26:50.409 - INFO - FASTA - imported: id=199, length=75, description=length=75 polypolish, genomic=True, dna=True
13:26:50.409 - INFO - FASTA - imported: id=200, length=74, description=length=74 polypolish, genomic=True, dna=True
13:26:50.409 - INFO - FASTA - imported: id=201, length=72, description=length=72 polypolish, genomic=True, dna=True
13:26:50.409 - INFO - FASTA - imported: id=202, length=68, description=length=68 polypolish, genomic=True, dna=True
13:26:50.409 - INFO - FASTA - imported: id=203, length=68, description=length=68 polypolish, genomic=True, dna=True
13:26:50.409 - INFO - FASTA - imported: id=204, length=67, description=length=67 polypolish, genomic=True, dna=True
13:26:50.409 - INFO - FASTA - imported: id=205, length=67, description=length=67 polypolish, genomic=True, dna=True
13:26:50.409 - INFO - FASTA - imported: id=206, length=67, description=length=67 polypolish, genomic=True, dna=True
13:26:50.409 - INFO - FASTA - imported: id=207, length=66, description=length=66 polypolish, genomic=True, dna=True
13:26:50.409 - INFO - FASTA - imported: id=208, length=66, description=length=66 polypolish, genomic=True, dna=True
13:26:50.410 - INFO - FASTA - imported: id=209, length=63, description=length=63 polypolish, genomic=True, dna=True
13:26:50.410 - INFO - FASTA - imported: id=210, length=61, description=length=61 polypolish, genomic=True, dna=True
13:26:50.410 - INFO - FASTA - imported: id=211, length=61, description=length=61 polypolish, genomic=True, dna=True
13:26:50.410 - INFO - FASTA - imported: id=212, length=59, description=length=59 polypolish, genomic=True, dna=True
13:26:50.410 - INFO - FASTA - imported: id=213, length=56, description=length=56 polypolish, genomic=True, dna=True
13:26:50.410 - INFO - FASTA - imported: id=214, length=56, description=length=56 polypolish, genomic=True, dna=True
13:26:50.410 - INFO - FASTA - imported: id=215, length=52, description=length=52 polypolish, genomic=True, dna=True
13:26:50.410 - INFO - FASTA - imported: id=216, length=50, description=length=50 polypolish, genomic=True, dna=True
13:26:50.410 - INFO - FASTA - imported: id=217, length=50, description=length=50 polypolish, genomic=True, dna=True
13:26:50.410 - INFO - FASTA - imported: id=218, length=49, description=length=49 polypolish, genomic=True, dna=True
13:26:50.410 - INFO - FASTA - imported: id=219, length=49, description=length=49 polypolish, genomic=True, dna=True
13:26:50.410 - INFO - FASTA - imported: id=220, length=48, description=length=48 polypolish, genomic=True, dna=True
13:26:50.410 - INFO - FASTA - imported: id=221, length=48, description=length=48 polypolish, genomic=True, dna=True
13:26:50.410 - INFO - FASTA - imported: id=222, length=48, description=length=48 polypolish, genomic=True, dna=True
13:26:50.410 - INFO - FASTA - imported: id=223, length=46, description=length=46 polypolish, genomic=True, dna=True
13:26:50.410 - INFO - FASTA - imported: id=224, length=46, description=length=46 polypolish, genomic=True, dna=True
13:26:50.410 - INFO - FASTA - imported: id=225, length=46, description=length=46 polypolish, genomic=True, dna=True
13:26:50.410 - INFO - FASTA - imported: id=226, length=45, description=length=45 polypolish, genomic=True, dna=True
13:26:50.410 - INFO - FASTA - imported: id=227, length=44, description=length=44 polypolish, genomic=True, dna=True
13:26:50.410 - INFO - FASTA - imported: id=228, length=44, description=length=44 polypolish, genomic=True, dna=True
13:26:50.410 - INFO - FASTA - imported: id=229, length=43, description=length=43 polypolish, genomic=True, dna=True
13:26:50.410 - INFO - FASTA - imported: id=230, length=43, description=length=43 polypolish, genomic=True, dna=True
13:26:50.410 - INFO - FASTA - imported: id=231, length=41, description=length=41 polypolish, genomic=True, dna=True
13:26:50.410 - INFO - FASTA - imported: id=232, length=41, description=length=41 polypolish, genomic=True, dna=True
13:26:50.410 - INFO - FASTA - imported: id=233, length=40, description=length=40 polypolish, genomic=True, dna=True
13:26:50.410 - INFO - FASTA - imported: id=234, length=40, description=length=40 polypolish, genomic=True, dna=True
13:26:50.410 - INFO - FASTA - imported: id=235, length=39, description=length=39 polypolish, genomic=True, dna=True
13:26:50.410 - INFO - FASTA - imported: id=236, length=38, description=length=38 polypolish, genomic=True, dna=True
13:26:50.410 - INFO - FASTA - imported: id=237, length=37, description=length=37 polypolish, genomic=True, dna=True
13:26:50.410 - INFO - FASTA - imported: id=238, length=36, description=length=36 polypolish, genomic=True, dna=True
13:26:50.411 - INFO - FASTA - imported: id=239, length=36, description=length=36 polypolish, genomic=True, dna=True
13:26:50.411 - INFO - FASTA - imported: id=240, length=36, description=length=36 polypolish, genomic=True, dna=True
13:26:50.411 - INFO - FASTA - imported: id=241, length=36, description=length=36 polypolish, genomic=True, dna=True
13:26:50.411 - INFO - FASTA - imported: id=242, length=35, description=length=35 polypolish, genomic=True, dna=True
13:26:50.411 - INFO - FASTA - imported: id=243, length=34, description=length=34 polypolish, genomic=True, dna=True
13:26:50.411 - INFO - FASTA - imported: id=244, length=34, description=length=34 polypolish, genomic=True, dna=True
13:26:50.411 - INFO - FASTA - imported: id=245, length=32, description=length=32 polypolish, genomic=True, dna=True
13:26:50.411 - INFO - FASTA - imported: id=246, length=31, description=length=31 polypolish, genomic=True, dna=True
13:26:50.411 - INFO - FASTA - imported: id=247, length=31, description=length=31 polypolish, genomic=True, dna=True
13:26:50.411 - INFO - FASTA - imported: id=248, length=26, description=length=26 polypolish, genomic=True, dna=True
13:26:50.411 - INFO - FASTA - imported: id=249, length=26, description=length=26 polypolish, genomic=True, dna=True
13:26:50.411 - INFO - FASTA - imported: id=250, length=26, description=length=26 polypolish, genomic=True, dna=True
13:26:50.411 - INFO - FASTA - imported: id=251, length=25, description=length=25 polypolish, genomic=True, dna=True
13:26:50.411 - INFO - FASTA - imported: id=252, length=25, description=length=25 polypolish, genomic=True, dna=True
13:26:50.411 - INFO - FASTA - imported: id=253, length=25, description=length=25 polypolish, genomic=True, dna=True
13:26:50.411 - INFO - FASTA - imported: id=254, length=25, description=length=25 polypolish, genomic=True, dna=True
13:26:50.411 - INFO - FASTA - imported: id=255, length=25, description=length=25 polypolish, genomic=True, dna=True
13:26:50.411 - INFO - FASTA - imported: id=256, length=24, description=length=24 polypolish, genomic=True, dna=True
13:26:50.411 - INFO - FASTA - imported: id=257, length=24, description=length=24 polypolish, genomic=True, dna=True
13:26:50.411 - INFO - FASTA - imported: id=258, length=24, description=length=24 polypolish, genomic=True, dna=True
13:26:50.411 - INFO - FASTA - imported: id=259, length=23, description=length=23 polypolish, genomic=True, dna=True
13:26:50.411 - INFO - FASTA - imported: id=260, length=22, description=length=22 polypolish, genomic=True, dna=True
13:26:50.411 - INFO - FASTA - imported: id=261, length=22, description=length=22 polypolish, genomic=True, dna=True
13:26:50.411 - INFO - FASTA - imported: id=262, length=21, description=length=21 polypolish, genomic=True, dna=True
13:26:50.411 - INFO - FASTA - imported: id=263, length=21, description=length=21 polypolish, genomic=True, dna=True
13:26:50.411 - INFO - FASTA - imported: id=264, length=21, description=length=21 polypolish, genomic=True, dna=True
13:26:50.411 - INFO - FASTA - imported: id=265, length=20, description=length=20 polypolish, genomic=True, dna=True
13:26:50.411 - INFO - FASTA - imported: id=266, length=20, description=length=20 polypolish, genomic=True, dna=True
13:26:50.411 - INFO - FASTA - imported: id=267, length=20, description=length=20 polypolish, genomic=True, dna=True
13:26:50.411 - INFO - FASTA - imported: id=268, length=19, description=length=19 polypolish, genomic=True, dna=True
13:26:50.411 - INFO - FASTA - imported: id=269, length=19, description=length=19 polypolish, genomic=True, dna=True
13:26:50.411 - INFO - FASTA - imported: id=270, length=19, description=length=19 polypolish, genomic=True, dna=True
13:26:50.411 - INFO - FASTA - imported: id=271, length=18, description=length=18 polypolish, genomic=True, dna=True
13:26:50.412 - INFO - FASTA - imported: id=272, length=18, description=length=18 polypolish, genomic=True, dna=True
13:26:50.412 - INFO - FASTA - imported: id=273, length=18, description=length=18 polypolish, genomic=True, dna=True
13:26:50.412 - INFO - FASTA - imported: id=274, length=18, description=length=18 polypolish, genomic=True, dna=True
13:26:50.412 - INFO - FASTA - imported: id=275, length=18, description=length=18 polypolish, genomic=True, dna=True
13:26:50.412 - INFO - FASTA - imported: id=276, length=18, description=length=18 polypolish, genomic=True, dna=True
13:26:50.412 - INFO - FASTA - imported: id=277, length=18, description=length=18 polypolish, genomic=True, dna=True
13:26:50.412 - INFO - FASTA - imported: id=278, length=18, description=length=18 polypolish, genomic=True, dna=True
13:26:50.412 - INFO - FASTA - imported: id=279, length=17, description=length=17 polypolish, genomic=True, dna=True
13:26:50.412 - INFO - FASTA - imported: id=280, length=17, description=length=17 polypolish, genomic=True, dna=True
13:26:50.412 - INFO - FASTA - imported: id=281, length=17, description=length=17 polypolish, genomic=True, dna=True
13:26:50.412 - INFO - FASTA - imported: id=282, length=16, description=length=16 polypolish, genomic=True, dna=True
13:26:50.412 - INFO - FASTA - imported: id=283, length=16, description=length=16 polypolish, genomic=True, dna=True
13:26:50.412 - INFO - FASTA - imported: id=284, length=16, description=length=16 polypolish, genomic=True, dna=True
13:26:50.412 - INFO - FASTA - imported: id=285, length=15, description=length=15 polypolish, genomic=True, dna=True
13:26:50.412 - INFO - FASTA - imported: id=286, length=15, description=length=15 polypolish, genomic=True, dna=True
13:26:50.412 - INFO - FASTA - imported: id=287, length=15, description=length=15 polypolish, genomic=True, dna=True
13:26:50.412 - INFO - FASTA - imported: id=288, length=15, description=length=15 polypolish, genomic=True, dna=True
13:26:50.412 - INFO - FASTA - imported: id=289, length=15, description=length=15 polypolish, genomic=True, dna=True
13:26:50.412 - INFO - FASTA - imported: id=290, length=12, description=length=12 polypolish, genomic=True, dna=True
13:26:50.412 - INFO - FASTA - imported: id=291, length=12, description=length=12 polypolish, genomic=True, dna=True
13:26:50.412 - INFO - FASTA - imported: id=292, length=12, description=length=12 polypolish, genomic=True, dna=True
13:26:50.412 - INFO - FASTA - imported: id=293, length=11, description=length=11 polypolish, genomic=True, dna=True
13:26:50.412 - INFO - FASTA - imported: id=294, length=10, description=length=10 polypolish, genomic=True, dna=True
13:26:50.412 - INFO - FASTA - imported: id=295, length=9, description=length=9 polypolish, genomic=True, dna=True
13:26:50.412 - INFO - FASTA - imported: id=296, length=7, description=length=7 polypolish, genomic=True, dna=True
13:26:50.412 - INFO - FASTA - imported: id=297, length=6, description=length=6 polypolish, genomic=True, dna=True
13:26:50.412 - INFO - FASTA - imported: id=298, length=6, description=length=6 polypolish, genomic=True, dna=True
13:26:50.412 - INFO - FASTA - imported: id=299, length=6, description=length=6 polypolish, genomic=True, dna=True
13:26:50.412 - INFO - FASTA - imported: id=300, length=5, description=length=5 polypolish, genomic=True, dna=True
13:26:50.412 - INFO - FASTA - imported: id=301, length=5, description=length=5 polypolish, genomic=True, dna=True
13:26:50.412 - INFO - FASTA - imported: id=302, length=5, description=length=5 polypolish, genomic=True, dna=True
13:26:50.412 - INFO - FASTA - imported: id=303, length=4, description=length=4 polypolish, genomic=True, dna=True
13:26:50.413 - INFO - FASTA - imported: id=304, length=3, description=length=3 polypolish, genomic=True, dna=True
13:26:50.413 - INFO - FASTA - imported: id=305, length=3, description=length=3 polypolish, genomic=True, dna=True
13:26:50.413 - INFO - FASTA - imported: id=306, length=3, description=length=3 polypolish, genomic=True, dna=True
13:26:50.413 - INFO - FASTA - imported: id=307, length=3, description=length=3 polypolish, genomic=True, dna=True
13:26:50.413 - INFO - FASTA - imported: id=308, length=3, description=length=3 polypolish, genomic=True, dna=True
13:26:50.413 - INFO - FASTA - imported: id=309, length=3, description=length=3 polypolish, genomic=True, dna=True
13:26:50.413 - INFO - FASTA - imported: id=310, length=2, description=length=2 polypolish, genomic=True, dna=True
13:26:50.413 - INFO - FASTA - imported: id=311, length=2, description=length=2 polypolish, genomic=True, dna=True
13:26:50.413 - INFO - FASTA - imported: id=312, length=2, description=length=2 polypolish, genomic=True, dna=True
13:26:50.413 - INFO - FASTA - imported: id=313, length=2, description=length=2 polypolish, genomic=True, dna=True
13:26:50.413 - INFO - FASTA - imported: id=314, length=1, description=length=1 polypolish, genomic=True, dna=True
13:26:50.413 - INFO - FASTA - imported: id=315, length=1, description=length=1 polypolish, genomic=True, dna=True
13:26:50.413 - INFO - FASTA - imported: id=316, length=1, description=length=1 polypolish, genomic=True, dna=True
13:26:50.413 - INFO - FASTA - imported: id=317, length=1, description=length=1 polypolish, genomic=True, dna=True
13:26:50.413 - INFO - FASTA - imported: id=318, length=1, description=length=1 polypolish, genomic=True, dna=True
13:26:50.413 - INFO - FASTA - imported: id=319, length=1, description=length=1 polypolish, genomic=True, dna=True
13:26:50.413 - INFO - FASTA - imported: id=320, length=1, description=length=1 polypolish, genomic=True, dna=True
13:26:50.413 - INFO - FASTA - imported: id=321, length=1, description=length=1 polypolish, genomic=True, dna=True
13:26:50.413 - INFO - FASTA - imported: id=322, length=1, description=length=1 polypolish, genomic=True, dna=True
13:26:50.413 - INFO - FASTA - imported: id=323, length=1, description=length=1 polypolish, genomic=True, dna=True
13:26:50.413 - INFO - FASTA - imported: id=324, length=1, description=length=1 polypolish, genomic=True, dna=True
13:26:50.413 - INFO - FASTA - imported: id=325, length=1, description=length=1 polypolish, genomic=True, dna=True
13:26:50.413 - INFO - FASTA - imported: id=326, length=1, description=length=1 polypolish, genomic=True, dna=True
13:26:50.413 - INFO - FASTA - imported: id=327, length=1, description=length=1 polypolish, genomic=True, dna=True
13:26:50.413 - INFO - FASTA - imported: id=328, length=1, description=length=1 polypolish, genomic=True, dna=True
13:26:50.413 - INFO - FASTA - imported: id=329, length=1, description=length=1 polypolish, genomic=True, dna=True
13:26:50.413 - INFO - FASTA - imported: id=330, length=1, description=length=1 polypolish, genomic=True, dna=True
13:26:50.413 - INFO - FASTA - imported: id=331, length=1, description=length=1 polypolish, genomic=True, dna=True
13:26:50.413 - INFO - FASTA - imported: id=332, length=1, description=length=1 polypolish, genomic=True, dna=True
13:26:50.413 - INFO - FASTA - imported: id=333, length=1, description=length=1 polypolish, genomic=True, dna=True
13:26:50.413 - INFO - FASTA - imported: id=334, length=1, description=length=1 polypolish, genomic=True, dna=True
13:26:50.413 - INFO - FASTA - imported: id=335, length=1, description=length=1 polypolish, genomic=True, dna=True
13:26:50.414 - INFO - FASTA - imported: id=336, length=1, description=length=1 polypolish, genomic=True, dna=True
13:26:50.414 - INFO - FASTA - imported: id=337, length=1, description=length=1 polypolish, genomic=True, dna=True
13:26:50.414 - INFO - FASTA - imported: id=338, length=1, description=length=1 polypolish, genomic=True, dna=True
13:26:50.414 - INFO - FASTA - imported: id=339, length=1, description=length=1 polypolish, genomic=True, dna=True
13:26:50.414 - INFO - FASTA - imported: id=340, length=1, description=length=1 polypolish, genomic=True, dna=True
13:26:50.414 - INFO - FASTA - imported: id=341, length=1, description=length=1 polypolish, genomic=True, dna=True
13:26:50.417 - INFO - FASTA - imported: id=342, length=149754, description=length=149752 circular=true polypolish, genomic=True, dna=True
13:26:50.418 - INFO - FASTA - imported: id=343, length=80329, description=length=80329 circular=true polypolish, genomic=True, dna=True
13:26:50.419 - INFO - MAIN - imported sequences=343
13:26:50.419 - INFO - UTILS - qc: revised sequence: id=contig_1, orig-id=1, type=contig, complete=False, topology=linear, name=, description='[gcode=11] [topology=linear]', orig-description='length=1154157 polypolish'
13:26:50.419 - INFO - UTILS - qc: revised sequence: id=contig_2, orig-id=2, type=contig, complete=False, topology=linear, name=, description='[gcode=11] [topology=linear]', orig-description='length=7112 polypolish'
13:26:50.419 - INFO - UTILS - qc: revised sequence: id=contig_3, orig-id=3, type=contig, complete=False, topology=linear, name=, description='[gcode=11] [topology=linear]', orig-description='length=1960 polypolish'
13:26:50.419 - INFO - UTILS - qc: revised sequence: id=contig_4, orig-id=4, type=contig, complete=False, topology=linear, name=, description='[gcode=11] [topology=linear]', orig-description='length=1022 polypolish'
13:26:50.419 - INFO - UTILS - qc: revised sequence: id=contig_5, orig-id=5, type=contig, complete=False, topology=linear, name=, description='[gcode=11] [topology=linear]', orig-description='length=457 polypolish'
13:26:50.419 - INFO - UTILS - qc: revised sequence: id=contig_6, orig-id=6, type=contig, complete=False, topology=linear, name=, description='[gcode=11] [topology=linear]', orig-description='length=182 polypolish'
13:26:50.419 - INFO - UTILS - qc: revised sequence: id=contig_7, orig-id=7, type=contig, complete=False, topology=linear, name=, description='[gcode=11] [topology=linear]', orig-description='length=159 polypolish'
13:26:50.419 - INFO - UTILS - qc: revised sequence: id=contig_8, orig-id=8, type=contig, complete=False, topology=linear, name=, description='[gcode=11] [topology=linear]', orig-description='length=121 polypolish'
13:26:50.419 - INFO - UTILS - qc: revised sequence: id=contig_9, orig-id=9, type=contig, complete=False, topology=linear, name=, description='[gcode=11] [topology=linear]', orig-description='length=120 polypolish'
13:26:50.419 - INFO - UTILS - qc: revised sequence: id=contig_10, orig-id=10, type=contig, complete=False, topology=linear, name=, description='[gcode=11] [topology=linear]', orig-description='length=119 polypolish'
13:26:50.419 - INFO - UTILS - qc: revised sequence: id=contig_11, orig-id=11, type=contig, complete=False, topology=linear, name=, description='[gcode=11] [topology=linear]', orig-description='length=116 polypolish'
13:26:50.419 - INFO - UTILS - qc: revised sequence: id=contig_12, orig-id=12, type=contig, complete=False, topology=linear, name=, description='[gcode=11] [topology=linear]', orig-description='length=95 polypolish'
13:26:50.419 - INFO - UTILS - qc: revised sequence: id=contig_13, orig-id=13, type=contig, complete=False, topology=linear, name=, description='[gcode=11] [topology=linear]', orig-description='length=88 polypolish'
13:26:50.419 - INFO - UTILS - qc: revised sequence: id=contig_14, orig-id=14, type=contig, complete=False, topology=linear, name=, description='[gcode=11] [topology=linear]', orig-description='length=76 polypolish'
13:26:50.419 - INFO - UTILS - qc: revised sequence: id=contig_15, orig-id=15, type=contig, complete=False, topology=linear, name=, description='[gcode=11] [topology=linear]', orig-description='length=60 polypolish'
13:26:50.419 - INFO - UTILS - qc: revised sequence: id=contig_16, orig-id=16, type=contig, complete=False, topology=linear, name=, description='[gcode=11] [topology=linear]', orig-description='length=58 polypolish'
13:26:50.419 - INFO - UTILS - qc: revised sequence: id=contig_17, orig-id=17, type=contig, complete=False, topology=linear, name=, description='[gcode=11] [topology=linear]', orig-description='length=55 polypolish'
13:26:50.419 - INFO - UTILS - qc: revised sequence: id=contig_18, orig-id=18, type=contig, complete=False, topology=linear, name=, description='[gcode=11] [topology=linear]', orig-description='length=46 polypolish'
13:26:50.419 - INFO - UTILS - qc: revised sequence: id=contig_19, orig-id=19, type=contig, complete=False, topology=linear, name=, description='[gcode=11] [topology=linear]', orig-description='length=46 polypolish'
13:26:50.419 - INFO - UTILS - qc: revised sequence: id=contig_20, orig-id=20, type=contig, complete=False, topology=linear, name=, description='[gcode=11] [topology=linear]', orig-description='length=45 polypolish'
13:26:50.419 - INFO - UTILS - qc: revised sequence: id=contig_21, orig-id=21, type=contig, complete=False, topology=linear, name=, description='[gcode=11] [topology=linear]', orig-description='length=43 polypolish'
13:26:50.419 - INFO - UTILS - qc: revised sequence: id=contig_22, orig-id=22, type=contig, complete=False, topology=linear, name=, description='[gcode=11] [topology=linear]', orig-description='length=38 polypolish'
13:26:50.419 - INFO - UTILS - qc: revised sequence: id=contig_23, orig-id=23, type=contig, complete=False, topology=linear, name=, description='[gcode=11] [topology=linear]', orig-description='length=38 polypolish'
13:26:50.419 - INFO - UTILS - qc: revised sequence: id=contig_24, orig-id=24, type=contig, complete=False, topology=linear, name=, description='[gcode=11] [topology=linear]', orig-description='length=35 polypolish'
13:26:50.419 - INFO - UTILS - qc: revised sequence: id=contig_25, orig-id=25, type=contig, complete=False, topology=linear, name=, description='[gcode=11] [topology=linear]', orig-description='length=35 polypolish'
13:26:50.419 - INFO - UTILS - qc: revised sequence: id=contig_26, orig-id=26, type=contig, complete=False, topology=linear, name=, description='[gcode=11] [topology=linear]', orig-description='length=34 polypolish'
13:26:50.419 - INFO - UTILS - qc: revised sequence: id=contig_27, orig-id=27, type=contig, complete=False, topology=linear, name=, description='[gcode=11] [topology=linear]', orig-description='length=29 polypolish'
13:26:50.419 - INFO - UTILS - qc: revised sequence: id=contig_28, orig-id=28, type=contig, complete=False, topology=linear, name=, description='[gcode=11] [topology=linear]', orig-description='length=29 polypolish'
13:26:50.419 - INFO - UTILS - qc: revised sequence: id=contig_29, orig-id=29, type=contig, complete=False, topology=linear, name=, description='[gcode=11] [topology=linear]', orig-description='length=26 polypolish'
13:26:50.419 - INFO - UTILS - qc: revised sequence: id=contig_30, orig-id=30, type=contig, complete=False, topology=linear, name=, description='[gcode=11] [topology=linear]', orig-description='length=26 polypolish'
13:26:50.419 - INFO - UTILS - qc: revised sequence: id=contig_31, orig-id=31, type=contig, complete=False, topology=linear, name=, description='[gcode=11] [topology=linear]', orig-description='length=25 polypolish'
13:26:50.419 - INFO - UTILS - qc: revised sequence: id=contig_32, orig-id=32, type=contig, complete=False, topology=linear, name=, description='[gcode=11] [topology=linear]', orig-description='length=25 polypolish'
13:26:50.419 - INFO - UTILS - qc: revised sequence: id=contig_33, orig-id=33, type=contig, complete=False, topology=linear, name=, description='[gcode=11] [topology=linear]', orig-description='length=25 polypolish'
13:26:50.419 - INFO - UTILS - qc: revised sequence: id=contig_34, orig-id=34, type=contig, complete=False, topology=linear, name=, description='[gcode=11] [topology=linear]', orig-description='length=23 polypolish'
13:26:50.419 - INFO - UTILS - qc: revised sequence: id=contig_35, orig-id=35, type=contig, complete=False, topology=linear, name=, description='[gcode=11] [topology=linear]', orig-description='length=22 polypolish'
13:26:50.419 - INFO - UTILS - qc: revised sequence: id=contig_36, orig-id=36, type=contig, complete=False, topology=linear, name=, description='[gcode=11] [topology=linear]', orig-description='length=22 polypolish'
13:26:50.419 - INFO - UTILS - qc: revised sequence: id=contig_37, orig-id=37, type=contig, complete=False, topology=linear, name=, description='[gcode=11] [topology=linear]', orig-description='length=21 polypolish'
13:26:50.420 - INFO - UTILS - qc: revised sequence: id=contig_38, orig-id=38, type=contig, complete=False, topology=linear, name=, description='[gcode=11] [topology=linear]', orig-description='length=21 polypolish'
13:26:50.420 - INFO - UTILS - qc: revised sequence: id=contig_39, orig-id=39, type=contig, complete=False, topology=linear, name=, description='[gcode=11] [topology=linear]', orig-description='length=18 polypolish'
13:26:50.420 - INFO - UTILS - qc: revised sequence: id=contig_40, orig-id=40, type=contig, complete=False, topology=linear, name=, description='[gcode=11] [topology=linear]', orig-description='length=18 polypolish'
13:26:50.420 - INFO - UTILS - qc: revised sequence: id=contig_41, orig-id=41, type=contig, complete=False, topology=linear, name=, description='[gcode=11] [topology=linear]', orig-description='length=18 polypolish'
13:26:50.420 - INFO - UTILS - qc: revised sequence: id=contig_42, orig-id=42, type=contig, complete=False, topology=linear, name=, description='[gcode=11] [topology=linear]', orig-description='length=18 polypolish'
13:26:50.420 - INFO - UTILS - qc: revised sequence: id=contig_43, orig-id=43, type=contig, complete=False, topology=linear, name=, description='[gcode=11] [topology=linear]', orig-description='length=17 polypolish'
13:26:50.420 - INFO - UTILS - qc: revised sequence: id=contig_44, orig-id=44, type=contig, complete=False, topology=linear, name=, description='[gcode=11] [topology=linear]', orig-description='length=17 polypolish'
13:26:50.420 - INFO - UTILS - qc: revised sequence: id=contig_45, orig-id=45, type=contig, complete=False, topology=linear, name=, description='[gcode=11] [topology=linear]', orig-description='length=16 polypolish'
13:26:50.420 - INFO - UTILS - qc: revised sequence: id=contig_46, orig-id=46, type=contig, complete=False, topology=linear, name=, description='[gcode=11] [topology=linear]', orig-description='length=15 polypolish'
13:26:50.420 - INFO - UTILS - qc: revised sequence: id=contig_47, orig-id=47, type=contig, complete=False, topology=linear, name=, description='[gcode=11] [topology=linear]', orig-description='length=13 polypolish'
13:26:50.420 - INFO - UTILS - qc: revised sequence: id=contig_48, orig-id=48, type=contig, complete=False, topology=linear, name=, description='[gcode=11] [topology=linear]', orig-description='length=11 polypolish'
13:26:50.420 - INFO - UTILS - qc: revised sequence: id=contig_49, orig-id=49, type=contig, complete=False, topology=linear, name=, description='[gcode=11] [topology=linear]', orig-description='length=10 polypolish'
13:26:50.420 - INFO - UTILS - qc: revised sequence: id=contig_50, orig-id=50, type=contig, complete=False, topology=linear, name=, description='[gcode=11] [topology=linear]', orig-description='length=10 polypolish'
13:26:50.420 - INFO - UTILS - qc: revised sequence: id=contig_51, orig-id=51, type=contig, complete=False, topology=linear, name=, description='[gcode=11] [topology=linear]', orig-description='length=9 polypolish'
13:26:50.420 - INFO - UTILS - qc: revised sequence: id=contig_52, orig-id=52, type=contig, complete=False, topology=linear, name=, description='[gcode=11] [topology=linear]', orig-description='length=5 polypolish'
13:26:50.420 - INFO - UTILS - qc: revised sequence: id=contig_53, orig-id=53, type=contig, complete=False, topology=linear, name=, description='[gcode=11] [topology=linear]', orig-description='length=5 polypolish'
13:26:50.420 - INFO - UTILS - qc: revised sequence: id=contig_54, orig-id=54, type=contig, complete=False, topology=linear, name=, description='[gcode=11] [topology=linear]', orig-description='length=5 polypolish'
13:26:50.420 - INFO - UTILS - qc: revised sequence: id=contig_55, orig-id=55, type=contig, complete=False, topology=linear, name=, description='[gcode=11] [topology=linear]', orig-description='length=4 polypolish'
13:26:50.420 - INFO - UTILS - qc: revised sequence: id=contig_56, orig-id=56, type=contig, complete=False, topology=linear, name=, description='[gcode=11] [topology=linear]', orig-description='length=4 polypolish'
13:26:50.420 - INFO - UTILS - qc: revised sequence: id=contig_57, orig-id=57, type=contig, complete=False, topology=linear, name=, description='[gcode=11] [topology=linear]', orig-description='length=3 polypolish'
13:26:50.420 - INFO - UTILS - qc: revised sequence: id=contig_58, orig-id=58, type=contig, complete=False, topology=linear, name=, description='[gcode=11] [topology=linear]', orig-description='length=3 polypolish'
13:26:50.420 - INFO - UTILS - qc: revised sequence: id=contig_59, orig-id=59, type=contig, complete=False, topology=linear, name=, description='[gcode=11] [topology=linear]', orig-description='length=2 polypolish'
13:26:50.420 - INFO - UTILS - qc: revised sequence: id=contig_60, orig-id=60, type=contig, complete=False, topology=linear, name=, description='[gcode=11] [topology=linear]', orig-description='length=2 polypolish'
13:26:50.420 - INFO - UTILS - qc: revised sequence: id=contig_61, orig-id=61, type=contig, complete=False, topology=linear, name=, description='[gcode=11] [topology=linear]', orig-description='length=2 polypolish'
13:26:50.420 - INFO - UTILS - qc: revised sequence: id=contig_62, orig-id=62, type=contig, complete=False, topology=linear, name=, description='[gcode=11] [topology=linear]', orig-description='length=2 polypolish'
13:26:50.420 - INFO - UTILS - qc: revised sequence: id=contig_63, orig-id=63, type=contig, complete=False, topology=linear, name=, description='[gcode=11] [topology=linear]', orig-description='length=2 polypolish'
13:26:50.420 - INFO - UTILS - qc: revised sequence: id=contig_64, orig-id=64, type=contig, complete=False, topology=linear, name=, description='[gcode=11] [topology=linear]', orig-description='length=1 polypolish'
13:26:50.420 - INFO - UTILS - qc: revised sequence: id=contig_65, orig-id=65, type=contig, complete=False, topology=linear, name=, description='[gcode=11] [topology=linear]', orig-description='length=1 polypolish'
13:26:50.420 - INFO - UTILS - qc: revised sequence: id=contig_66, orig-id=66, type=contig, complete=False, topology=linear, name=, description='[gcode=11] [topology=linear]', orig-description='length=1 polypolish'
13:26:50.420 - INFO - UTILS - qc: revised sequence: id=contig_67, orig-id=67, type=contig, complete=False, topology=linear, name=, description='[gcode=11] [topology=linear]', orig-description='length=1 polypolish'
13:26:50.420 - INFO - UTILS - qc: revised sequence: id=contig_68, orig-id=68, type=contig, complete=False, topology=linear, name=, description='[gcode=11] [topology=linear]', orig-description='length=1 polypolish'
13:26:50.420 - INFO - UTILS - qc: revised sequence: id=contig_69, orig-id=69, type=contig, complete=False, topology=linear, name=, description='[gcode=11] [topology=linear]', orig-description='length=1 polypolish'
13:26:50.420 - INFO - UTILS - qc: revised sequence: id=contig_70, orig-id=70, type=contig, complete=False, topology=linear, name=, description='[gcode=11] [topology=linear]', orig-description='length=1 polypolish'
13:26:50.420 - INFO - UTILS - qc: revised sequence: id=contig_71, orig-id=71, type=contig, complete=False, topology=linear, name=, description='[gcode=11] [topology=linear]', orig-description='length=1 polypolish'
13:26:50.420 - INFO - UTILS - qc: revised sequence: id=contig_72, orig-id=72, type=contig, complete=False, topology=linear, name=, description='[gcode=11] [topology=linear]', orig-description='length=1 polypolish'
13:26:50.420 - INFO - UTILS - qc: revised sequence: id=contig_73, orig-id=73, type=contig, complete=False, topology=linear, name=, description='[gcode=11] [topology=linear]', orig-description='length=1 polypolish'
13:26:50.420 - INFO - UTILS - qc: revised sequence: id=contig_74, orig-id=74, type=contig, complete=False, topology=linear, name=, description='[gcode=11] [topology=linear]', orig-description='length=1 polypolish'
13:26:50.420 - INFO - UTILS - qc: revised sequence: id=contig_75, orig-id=75, type=contig, complete=False, topology=linear, name=, description='[gcode=11] [topology=linear]', orig-description='length=1 polypolish'
13:26:50.420 - INFO - UTILS - qc: revised sequence: id=contig_76, orig-id=76, type=contig, complete=False, topology=linear, name=, description='[gcode=11] [topology=linear]', orig-description='length=1 polypolish'
13:26:50.420 - INFO - UTILS - qc: revised sequence: id=contig_77, orig-id=77, type=contig, complete=False, topology=linear, name=, description='[gcode=11] [topology=linear]', orig-description='length=641777 polypolish'
13:26:50.420 - INFO - UTILS - qc: revised sequence: id=contig_78, orig-id=78, type=contig, complete=False, topology=linear, name=, description='[gcode=11] [topology=linear]', orig-description='length=1225 polypolish'
13:26:50.421 - INFO - UTILS - qc: revised sequence: id=contig_79, orig-id=79, type=contig, complete=False, topology=linear, name=, description='[gcode=11] [topology=linear]', orig-description='length=329 polypolish'
13:26:50.421 - INFO - UTILS - qc: revised sequence: id=contig_80, orig-id=80, type=contig, complete=False, topology=linear, name=, description='[gcode=11] [topology=linear]', orig-description='length=307 polypolish'
13:26:50.421 - INFO - UTILS - qc: revised sequence: id=contig_81, orig-id=81, type=contig, complete=False, topology=linear, name=, description='[gcode=11] [topology=linear]', orig-description='length=296 polypolish'
13:26:50.421 - INFO - UTILS - qc: revised sequence: id=contig_82, orig-id=82, type=contig, complete=False, topology=linear, name=, description='[gcode=11] [topology=linear]', orig-description='length=237 polypolish'
13:26:50.421 - INFO - UTILS - qc: revised sequence: id=contig_83, orig-id=83, type=contig, complete=False, topology=linear, name=, description='[gcode=11] [topology=linear]', orig-description='length=184 polypolish'
13:26:50.421 - INFO - UTILS - qc: revised sequence: id=contig_84, orig-id=84, type=contig, complete=False, topology=linear, name=, description='[gcode=11] [topology=linear]', orig-description='length=166 polypolish'
13:26:50.421 - INFO - UTILS - qc: revised sequence: id=contig_85, orig-id=85, type=contig, complete=False, topology=linear, name=, description='[gcode=11] [topology=linear]', orig-description='length=145 polypolish'
13:26:50.421 - INFO - UTILS - qc: revised sequence: id=contig_86, orig-id=86, type=contig, complete=False, topology=linear, name=, description='[gcode=11] [topology=linear]', orig-description='length=112 polypolish'
13:26:50.421 - INFO - UTILS - qc: revised sequence: id=contig_87, orig-id=87, type=contig, complete=False, topology=linear, name=, description='[gcode=11] [topology=linear]', orig-description='length=107 polypolish'
13:26:50.421 - INFO - UTILS - qc: revised sequence: id=contig_88, orig-id=88, type=contig, complete=False, topology=linear, name=, description='[gcode=11] [topology=linear]', orig-description='length=80 polypolish'
13:26:50.421 - INFO - UTILS - qc: revised sequence: id=contig_89, orig-id=89, type=contig, complete=False, topology=linear, name=, description='[gcode=11] [topology=linear]', orig-description='length=76 polypolish'
13:26:50.421 - INFO - UTILS - qc: revised sequence: id=contig_90, orig-id=90, type=contig, complete=False, topology=linear, name=, description='[gcode=11] [topology=linear]', orig-description='length=54 polypolish'
13:26:50.421 - INFO - UTILS - qc: revised sequence: id=contig_91, orig-id=91, type=contig, complete=False, topology=linear, name=, description='[gcode=11] [topology=linear]', orig-description='length=45 polypolish'
13:26:50.421 - INFO - UTILS - qc: revised sequence: id=contig_92, orig-id=92, type=contig, complete=False, topology=linear, name=, description='[gcode=11] [topology=linear]', orig-description='length=45 polypolish'
13:26:50.421 - INFO - UTILS - qc: revised sequence: id=contig_93, orig-id=93, type=contig, complete=False, topology=linear, name=, description='[gcode=11] [topology=linear]', orig-description='length=38 polypolish'
13:26:50.421 - INFO - UTILS - qc: revised sequence: id=contig_94, orig-id=94, type=contig, complete=False, topology=linear, name=, description='[gcode=11] [topology=linear]', orig-description='length=37 polypolish'
13:26:50.421 - INFO - UTILS - qc: revised sequence: id=contig_95, orig-id=95, type=contig, complete=False, topology=linear, name=, description='[gcode=11] [topology=linear]', orig-description='length=37 polypolish'
13:26:50.421 - INFO - UTILS - qc: revised sequence: id=contig_96, orig-id=96, type=contig, complete=False, topology=linear, name=, description='[gcode=11] [topology=linear]', orig-description='length=36 polypolish'
13:26:50.421 - INFO - UTILS - qc: revised sequence: id=contig_97, orig-id=97, type=contig, complete=False, topology=linear, name=, description='[gcode=11] [topology=linear]', orig-description='length=35 polypolish'
13:26:50.421 - INFO - UTILS - qc: revised sequence: id=contig_98, orig-id=98, type=contig, complete=False, topology=linear, name=, description='[gcode=11] [topology=linear]', orig-description='length=34 polypolish'
13:26:50.421 - INFO - UTILS - qc: revised sequence: id=contig_99, orig-id=99, type=contig, complete=False, topology=linear, name=, description='[gcode=11] [topology=linear]', orig-description='length=34 polypolish'
13:26:50.421 - INFO - UTILS - qc: revised sequence: id=contig_100, orig-id=100, type=contig, complete=False, topology=linear, name=, description='[gcode=11] [topology=linear]', orig-description='length=33 polypolish'
13:26:50.421 - INFO - UTILS - qc: revised sequence: id=contig_101, orig-id=101, type=contig, complete=False, topology=linear, name=, description='[gcode=11] [topology=linear]', orig-description='length=33 polypolish'
13:26:50.421 - INFO - UTILS - qc: revised sequence: id=contig_102, orig-id=102, type=contig, complete=False, topology=linear, name=, description='[gcode=11] [topology=linear]', orig-description='length=29 polypolish'
13:26:50.421 - INFO - UTILS - qc: revised sequence: id=contig_103, orig-id=103, type=contig, complete=False, topology=linear, name=, description='[gcode=11] [topology=linear]', orig-description='length=28 polypolish'
13:26:50.421 - INFO - UTILS - qc: revised sequence: id=contig_104, orig-id=104, type=contig, complete=False, topology=linear, name=, description='[gcode=11] [topology=linear]', orig-description='length=24 polypolish'
13:26:50.421 - INFO - UTILS - qc: revised sequence: id=contig_105, orig-id=105, type=contig, complete=False, topology=linear, name=, description='[gcode=11] [topology=linear]', orig-description='length=22 polypolish'
13:26:50.421 - INFO - UTILS - qc: revised sequence: id=contig_106, orig-id=106, type=contig, complete=False, topology=linear, name=, description='[gcode=11] [topology=linear]', orig-description='length=22 polypolish'
13:26:50.421 - INFO - UTILS - qc: revised sequence: id=contig_107, orig-id=107, type=contig, complete=False, topology=linear, name=, description='[gcode=11] [topology=linear]', orig-description='length=20 polypolish'
13:26:50.421 - INFO - UTILS - qc: revised sequence: id=contig_108, orig-id=108, type=contig, complete=False, topology=linear, name=, description='[gcode=11] [topology=linear]', orig-description='length=20 polypolish'
13:26:50.421 - INFO - UTILS - qc: revised sequence: id=contig_109, orig-id=109, type=contig, complete=False, topology=linear, name=, description='[gcode=11] [topology=linear]', orig-description='length=18 polypolish'
13:26:50.421 - INFO - UTILS - qc: revised sequence: id=contig_110, orig-id=110, type=contig, complete=False, topology=linear, name=, description='[gcode=11] [topology=linear]', orig-description='length=15 polypolish'
13:26:50.421 - INFO - UTILS - qc: revised sequence: id=contig_111, orig-id=111, type=contig, complete=False, topology=linear, name=, description='[gcode=11] [topology=linear]', orig-description='length=15 polypolish'
13:26:50.421 - INFO - UTILS - qc: revised sequence: id=contig_112, orig-id=112, type=contig, complete=False, topology=linear, name=, description='[gcode=11] [topology=linear]', orig-description='length=14 polypolish'
13:26:50.421 - INFO - UTILS - qc: revised sequence: id=contig_113, orig-id=113, type=contig, complete=False, topology=linear, name=, description='[gcode=11] [topology=linear]', orig-description='length=9 polypolish'
13:26:50.421 - INFO - UTILS - qc: revised sequence: id=contig_114, orig-id=114, type=contig, complete=False, topology=linear, name=, description='[gcode=11] [topology=linear]', orig-description='length=2 polypolish'
13:26:50.421 - INFO - UTILS - qc: revised sequence: id=contig_115, orig-id=115, type=contig, complete=False, topology=linear, name=, description='[gcode=11] [topology=linear]', orig-description='length=1 polypolish'
13:26:50.421 - INFO - UTILS - qc: revised sequence: id=contig_116, orig-id=116, type=contig, complete=False, topology=linear, name=, description='[gcode=11] [topology=linear]', orig-description='length=380537 polypolish'
13:26:50.421 - INFO - UTILS - qc: revised sequence: id=contig_117, orig-id=117, type=contig, complete=False, topology=linear, name=, description='[gcode=11] [topology=linear]', orig-description='length=3403 polypolish'
13:26:50.421 - INFO - UTILS - qc: revised sequence: id=contig_118, orig-id=118, type=contig, complete=False, topology=linear, name=, description='[gcode=11] [topology=linear]', orig-description='length=487 polypolish'
13:26:50.422 - INFO - UTILS - qc: revised sequence: id=contig_119, orig-id=119, type=contig, complete=False, topology=linear, name=, description='[gcode=11] [topology=linear]', orig-description='length=411 polypolish'
13:26:50.422 - INFO - UTILS - qc: revised sequence: id=contig_120, orig-id=120, type=contig, complete=False, topology=linear, name=, description='[gcode=11] [topology=linear]', orig-description='length=323 polypolish'
13:26:50.422 - INFO - UTILS - qc: revised sequence: id=contig_121, orig-id=121, type=contig, complete=False, topology=linear, name=, description='[gcode=11] [topology=linear]', orig-description='length=278 polypolish'
13:26:50.422 - INFO - UTILS - qc: revised sequence: id=contig_122, orig-id=122, type=contig, complete=False, topology=linear, name=, description='[gcode=11] [topology=linear]', orig-description='length=255 polypolish'
13:26:50.422 - INFO - UTILS - qc: revised sequence: id=contig_123, orig-id=123, type=contig, complete=False, topology=linear, name=, description='[gcode=11] [topology=linear]', orig-description='length=215 polypolish'
13:26:50.422 - INFO - UTILS - qc: revised sequence: id=contig_124, orig-id=124, type=contig, complete=False, topology=linear, name=, description='[gcode=11] [topology=linear]', orig-description='length=206 polypolish'
13:26:50.422 - INFO - UTILS - qc: revised sequence: id=contig_125, orig-id=125, type=contig, complete=False, topology=linear, name=, description='[gcode=11] [topology=linear]', orig-description='length=137 polypolish'
13:26:50.422 - INFO - UTILS - qc: revised sequence: id=contig_126, orig-id=126, type=contig, complete=False, topology=linear, name=, description='[gcode=11] [topology=linear]', orig-description='length=113 polypolish'
13:26:50.422 - INFO - UTILS - qc: revised sequence: id=contig_127, orig-id=127, type=contig, complete=False, topology=linear, name=, description='[gcode=11] [topology=linear]', orig-description='length=112 polypolish'
13:26:50.422 - INFO - UTILS - qc: revised sequence: id=contig_128, orig-id=128, type=contig, complete=False, topology=linear, name=, description='[gcode=11] [topology=linear]', orig-description='length=111 polypolish'
13:26:50.422 - INFO - UTILS - qc: revised sequence: id=contig_129, orig-id=129, type=contig, complete=False, topology=linear, name=, description='[gcode=11] [topology=linear]', orig-description='length=110 polypolish'
13:26:50.422 - INFO - UTILS - qc: revised sequence: id=contig_130, orig-id=130, type=contig, complete=False, topology=linear, name=, description='[gcode=11] [topology=linear]', orig-description='length=91 polypolish'
13:26:50.422 - INFO - UTILS - qc: revised sequence: id=contig_131, orig-id=131, type=contig, complete=False, topology=linear, name=, description='[gcode=11] [topology=linear]', orig-description='length=79 polypolish'
13:26:50.422 - INFO - UTILS - qc: revised sequence: id=contig_132, orig-id=132, type=contig, complete=False, topology=linear, name=, description='[gcode=11] [topology=linear]', orig-description='length=73 polypolish'
13:26:50.422 - INFO - UTILS - qc: revised sequence: id=contig_133, orig-id=133, type=contig, complete=False, topology=linear, name=, description='[gcode=11] [topology=linear]', orig-description='length=69 polypolish'
13:26:50.422 - INFO - UTILS - qc: revised sequence: id=contig_134, orig-id=134, type=contig, complete=False, topology=linear, name=, description='[gcode=11] [topology=linear]', orig-description='length=51 polypolish'
13:26:50.422 - INFO - UTILS - qc: revised sequence: id=contig_135, orig-id=135, type=contig, complete=False, topology=linear, name=, description='[gcode=11] [topology=linear]', orig-description='length=51 polypolish'
13:26:50.422 - INFO - UTILS - qc: revised sequence: id=contig_136, orig-id=136, type=contig, complete=False, topology=linear, name=, description='[gcode=11] [topology=linear]', orig-description='length=51 polypolish'
13:26:50.422 - INFO - UTILS - qc: revised sequence: id=contig_137, orig-id=137, type=contig, complete=False, topology=linear, name=, description='[gcode=11] [topology=linear]', orig-description='length=50 polypolish'
13:26:50.422 - INFO - UTILS - qc: revised sequence: id=contig_138, orig-id=138, type=contig, complete=False, topology=linear, name=, description='[gcode=11] [topology=linear]', orig-description='length=43 polypolish'
13:26:50.422 - INFO - UTILS - qc: revised sequence: id=contig_139, orig-id=139, type=contig, complete=False, topology=linear, name=, description='[gcode=11] [topology=linear]', orig-description='length=40 polypolish'
13:26:50.422 - INFO - UTILS - qc: revised sequence: id=contig_140, orig-id=140, type=contig, complete=False, topology=linear, name=, description='[gcode=11] [topology=linear]', orig-description='length=39 polypolish'
13:26:50.422 - INFO - UTILS - qc: revised sequence: id=contig_141, orig-id=141, type=contig, complete=False, topology=linear, name=, description='[gcode=11] [topology=linear]', orig-description='length=36 polypolish'
13:26:50.422 - INFO - UTILS - qc: revised sequence: id=contig_142, orig-id=142, type=contig, complete=False, topology=linear, name=, description='[gcode=11] [topology=linear]', orig-description='length=36 polypolish'
13:26:50.422 - INFO - UTILS - qc: revised sequence: id=contig_143, orig-id=143, type=contig, complete=False, topology=linear, name=, description='[gcode=11] [topology=linear]', orig-description='length=34 polypolish'
13:26:50.422 - INFO - UTILS - qc: revised sequence: id=contig_144, orig-id=144, type=contig, complete=False, topology=linear, name=, description='[gcode=11] [topology=linear]', orig-description='length=28 polypolish'
13:26:50.422 - INFO - UTILS - qc: revised sequence: id=contig_145, orig-id=145, type=contig, complete=False, topology=linear, name=, description='[gcode=11] [topology=linear]', orig-description='length=25 polypolish'
13:26:50.422 - INFO - UTILS - qc: revised sequence: id=contig_146, orig-id=146, type=contig, complete=False, topology=linear, name=, description='[gcode=11] [topology=linear]', orig-description='length=21 polypolish'
13:26:50.422 - INFO - UTILS - qc: revised sequence: id=contig_147, orig-id=147, type=contig, complete=False, topology=linear, name=, description='[gcode=11] [topology=linear]', orig-description='length=21 polypolish'
13:26:50.422 - INFO - UTILS - qc: revised sequence: id=contig_148, orig-id=148, type=contig, complete=False, topology=linear, name=, description='[gcode=11] [topology=linear]', orig-description='length=20 polypolish'
13:26:50.422 - INFO - UTILS - qc: revised sequence: id=contig_149, orig-id=149, type=contig, complete=False, topology=linear, name=, description='[gcode=11] [topology=linear]', orig-description='length=19 polypolish'
13:26:50.422 - INFO - UTILS - qc: revised sequence: id=contig_150, orig-id=150, type=contig, complete=False, topology=linear, name=, description='[gcode=11] [topology=linear]', orig-description='length=18 polypolish'
13:26:50.422 - INFO - UTILS - qc: revised sequence: id=contig_151, orig-id=151, type=contig, complete=False, topology=linear, name=, description='[gcode=11] [topology=linear]', orig-description='length=16 polypolish'
13:26:50.422 - INFO - UTILS - qc: revised sequence: id=contig_152, orig-id=152, type=contig, complete=False, topology=linear, name=, description='[gcode=11] [topology=linear]', orig-description='length=11 polypolish'
13:26:50.422 - INFO - UTILS - qc: revised sequence: id=contig_153, orig-id=153, type=contig, complete=False, topology=linear, name=, description='[gcode=11] [topology=linear]', orig-description='length=6 polypolish'
13:26:50.422 - INFO - UTILS - qc: revised sequence: id=contig_154, orig-id=154, type=contig, complete=False, topology=linear, name=, description='[gcode=11] [topology=linear]', orig-description='length=4 polypolish'
13:26:50.422 - INFO - UTILS - qc: revised sequence: id=contig_155, orig-id=155, type=contig, complete=False, topology=linear, name=, description='[gcode=11] [topology=linear]', orig-description='length=3 polypolish'
13:26:50.422 - INFO - UTILS - qc: revised sequence: id=contig_156, orig-id=156, type=contig, complete=False, topology=linear, name=, description='[gcode=11] [topology=linear]', orig-description='length=1 polypolish'
13:26:50.422 - INFO - UTILS - qc: revised sequence: id=contig_157, orig-id=157, type=contig, complete=False, topology=linear, name=, description='[gcode=11] [topology=linear]', orig-description='length=174401 polypolish'
13:26:50.422 - INFO - UTILS - qc: revised sequence: id=contig_158, orig-id=158, type=contig, complete=False, topology=linear, name=, description='[gcode=11] [topology=linear]', orig-description='length=917 polypolish'
13:26:50.423 - INFO - UTILS - qc: revised sequence: id=contig_159, orig-id=159, type=contig, complete=False, topology=linear, name=, description='[gcode=11] [topology=linear]', orig-description='length=832 polypolish'
13:26:50.423 - INFO - UTILS - qc: revised sequence: id=contig_160, orig-id=160, type=contig, complete=False, topology=linear, name=, description='[gcode=11] [topology=linear]', orig-description='length=805 polypolish'
13:26:50.423 - INFO - UTILS - qc: revised sequence: id=contig_161, orig-id=161, type=contig, complete=False, topology=linear, name=, description='[gcode=11] [topology=linear]', orig-description='length=681 polypolish'
13:26:50.423 - INFO - UTILS - qc: revised sequence: id=contig_162, orig-id=162, type=contig, complete=False, topology=linear, name=, description='[gcode=11] [topology=linear]', orig-description='length=528 polypolish'
13:26:50.423 - INFO - UTILS - qc: revised sequence: id=contig_163, orig-id=163, type=contig, complete=False, topology=linear, name=, description='[gcode=11] [topology=linear]', orig-description='length=411 polypolish'
13:26:50.423 - INFO - UTILS - qc: revised sequence: id=contig_164, orig-id=164, type=contig, complete=False, topology=linear, name=, description='[gcode=11] [topology=linear]', orig-description='length=374 polypolish'
13:26:50.423 - INFO - UTILS - qc: revised sequence: id=contig_165, orig-id=165, type=contig, complete=False, topology=linear, name=, description='[gcode=11] [topology=linear]', orig-description='length=364 polypolish'
13:26:50.423 - INFO - UTILS - qc: revised sequence: id=contig_166, orig-id=166, type=contig, complete=False, topology=linear, name=, description='[gcode=11] [topology=linear]', orig-description='length=282 polypolish'
13:26:50.423 - INFO - UTILS - qc: revised sequence: id=contig_167, orig-id=167, type=contig, complete=False, topology=linear, name=, description='[gcode=11] [topology=linear]', orig-description='length=277 polypolish'
13:26:50.423 - INFO - UTILS - qc: revised sequence: id=contig_168, orig-id=168, type=contig, complete=False, topology=linear, name=, description='[gcode=11] [topology=linear]', orig-description='length=273 polypolish'
13:26:50.423 - INFO - UTILS - qc: revised sequence: id=contig_169, orig-id=169, type=contig, complete=False, topology=linear, name=, description='[gcode=11] [topology=linear]', orig-description='length=220 polypolish'
13:26:50.423 - INFO - UTILS - qc: revised sequence: id=contig_170, orig-id=170, type=contig, complete=False, topology=linear, name=, description='[gcode=11] [topology=linear]', orig-description='length=219 polypolish'
13:26:50.423 - INFO - UTILS - qc: revised sequence: id=contig_171, orig-id=171, type=contig, complete=False, topology=linear, name=, description='[gcode=11] [topology=linear]', orig-description='length=188 polypolish'
13:26:50.423 - INFO - UTILS - qc: revised sequence: id=contig_172, orig-id=172, type=contig, complete=False, topology=linear, name=, description='[gcode=11] [topology=linear]', orig-description='length=148 polypolish'
13:26:50.423 - INFO - UTILS - qc: revised sequence: id=contig_173, orig-id=173, type=contig, complete=False, topology=linear, name=, description='[gcode=11] [topology=linear]', orig-description='length=145 polypolish'
13:26:50.423 - INFO - UTILS - qc: revised sequence: id=contig_174, orig-id=174, type=contig, complete=False, topology=linear, name=, description='[gcode=11] [topology=linear]', orig-description='length=140 polypolish'
13:26:50.423 - INFO - UTILS - qc: revised sequence: id=contig_175, orig-id=175, type=contig, complete=False, topology=linear, name=, description='[gcode=11] [topology=linear]', orig-description='length=125 polypolish'
13:26:50.423 - INFO - UTILS - qc: revised sequence: id=contig_176, orig-id=176, type=contig, complete=False, topology=linear, name=, description='[gcode=11] [topology=linear]', orig-description='length=116 polypolish'
13:26:50.423 - INFO - UTILS - qc: revised sequence: id=contig_177, orig-id=177, type=contig, complete=False, topology=linear, name=, description='[gcode=11] [topology=linear]', orig-description='length=116 polypolish'
13:26:50.423 - INFO - UTILS - qc: revised sequence: id=contig_178, orig-id=178, type=contig, complete=False, topology=linear, name=, description='[gcode=11] [topology=linear]', orig-description='length=115 polypolish'
13:26:50.423 - INFO - UTILS - qc: revised sequence: id=contig_179, orig-id=179, type=contig, complete=False, topology=linear, name=, description='[gcode=11] [topology=linear]', orig-description='length=110 polypolish'
13:26:50.423 - INFO - UTILS - qc: revised sequence: id=contig_180, orig-id=180, type=contig, complete=False, topology=linear, name=, description='[gcode=11] [topology=linear]', orig-description='length=102 polypolish'
13:26:50.423 - INFO - UTILS - qc: revised sequence: id=contig_181, orig-id=181, type=contig, complete=False, topology=linear, name=, description='[gcode=11] [topology=linear]', orig-description='length=97 polypolish'
13:26:50.423 - INFO - UTILS - qc: revised sequence: id=contig_182, orig-id=182, type=contig, complete=False, topology=linear, name=, description='[gcode=11] [topology=linear]', orig-description='length=96 polypolish'
13:26:50.423 - INFO - UTILS - qc: revised sequence: id=contig_183, orig-id=183, type=contig, complete=False, topology=linear, name=, description='[gcode=11] [topology=linear]', orig-description='length=96 polypolish'
13:26:50.423 - INFO - UTILS - qc: revised sequence: id=contig_184, orig-id=184, type=contig, complete=False, topology=linear, name=, description='[gcode=11] [topology=linear]', orig-description='length=95 polypolish'
13:26:50.423 - INFO - UTILS - qc: revised sequence: id=contig_185, orig-id=185, type=contig, complete=False, topology=linear, name=, description='[gcode=11] [topology=linear]', orig-description='length=94 polypolish'
13:26:50.423 - INFO - UTILS - qc: revised sequence: id=contig_186, orig-id=186, type=contig, complete=False, topology=linear, name=, description='[gcode=11] [topology=linear]', orig-description='length=94 polypolish'
13:26:50.423 - INFO - UTILS - qc: revised sequence: id=contig_187, orig-id=187, type=contig, complete=False, topology=linear, name=, description='[gcode=11] [topology=linear]', orig-description='length=91 polypolish'
13:26:50.423 - INFO - UTILS - qc: revised sequence: id=contig_188, orig-id=188, type=contig, complete=False, topology=linear, name=, description='[gcode=11] [topology=linear]', orig-description='length=85 polypolish'
13:26:50.423 - INFO - UTILS - qc: revised sequence: id=contig_189, orig-id=189, type=contig, complete=False, topology=linear, name=, description='[gcode=11] [topology=linear]', orig-description='length=85 polypolish'
13:26:50.423 - INFO - UTILS - qc: revised sequence: id=contig_190, orig-id=190, type=contig, complete=False, topology=linear, name=, description='[gcode=11] [topology=linear]', orig-description='length=85 polypolish'
13:26:50.423 - INFO - UTILS - qc: revised sequence: id=contig_191, orig-id=191, type=contig, complete=False, topology=linear, name=, description='[gcode=11] [topology=linear]', orig-description='length=84 polypolish'
13:26:50.423 - INFO - UTILS - qc: revised sequence: id=contig_192, orig-id=192, type=contig, complete=False, topology=linear, name=, description='[gcode=11] [topology=linear]', orig-description='length=84 polypolish'
13:26:50.423 - INFO - UTILS - qc: revised sequence: id=contig_193, orig-id=193, type=contig, complete=False, topology=linear, name=, description='[gcode=11] [topology=linear]', orig-description='length=79 polypolish'
13:26:50.423 - INFO - UTILS - qc: revised sequence: id=contig_194, orig-id=194, type=contig, complete=False, topology=linear, name=, description='[gcode=11] [topology=linear]', orig-description='length=79 polypolish'
13:26:50.423 - INFO - UTILS - qc: revised sequence: id=contig_195, orig-id=195, type=contig, complete=False, topology=linear, name=, description='[gcode=11] [topology=linear]', orig-description='length=78 polypolish'
13:26:50.423 - INFO - UTILS - qc: revised sequence: id=contig_196, orig-id=196, type=contig, complete=False, topology=linear, name=, description='[gcode=11] [topology=linear]', orig-description='length=77 polypolish'
13:26:50.423 - INFO - UTILS - qc: revised sequence: id=contig_197, orig-id=197, type=contig, complete=False, topology=linear, name=, description='[gcode=11] [topology=linear]', orig-description='length=76 polypolish'
13:26:50.423 - INFO - UTILS - qc: revised sequence: id=contig_198, orig-id=198, type=contig, complete=False, topology=linear, name=, description='[gcode=11] [topology=linear]', orig-description='length=76 polypolish'
13:26:50.424 - INFO - UTILS - qc: revised sequence: id=contig_199, orig-id=199, type=contig, complete=False, topology=linear, name=, description='[gcode=11] [topology=linear]', orig-description='length=75 polypolish'
13:26:50.424 - INFO - UTILS - qc: revised sequence: id=contig_200, orig-id=200, type=contig, complete=False, topology=linear, name=, description='[gcode=11] [topology=linear]', orig-description='length=74 polypolish'
13:26:50.424 - INFO - UTILS - qc: revised sequence: id=contig_201, orig-id=201, type=contig, complete=False, topology=linear, name=, description='[gcode=11] [topology=linear]', orig-description='length=72 polypolish'
13:26:50.424 - INFO - UTILS - qc: revised sequence: id=contig_202, orig-id=202, type=contig, complete=False, topology=linear, name=, description='[gcode=11] [topology=linear]', orig-description='length=68 polypolish'
13:26:50.424 - INFO - UTILS - qc: revised sequence: id=contig_203, orig-id=203, type=contig, complete=False, topology=linear, name=, description='[gcode=11] [topology=linear]', orig-description='length=68 polypolish'
13:26:50.424 - INFO - UTILS - qc: revised sequence: id=contig_204, orig-id=204, type=contig, complete=False, topology=linear, name=, description='[gcode=11] [topology=linear]', orig-description='length=67 polypolish'
13:26:50.424 - INFO - UTILS - qc: revised sequence: id=contig_205, orig-id=205, type=contig, complete=False, topology=linear, name=, description='[gcode=11] [topology=linear]', orig-description='length=67 polypolish'
13:26:50.424 - INFO - UTILS - qc: revised sequence: id=contig_206, orig-id=206, type=contig, complete=False, topology=linear, name=, description='[gcode=11] [topology=linear]', orig-description='length=67 polypolish'
13:26:50.424 - INFO - UTILS - qc: revised sequence: id=contig_207, orig-id=207, type=contig, complete=False, topology=linear, name=, description='[gcode=11] [topology=linear]', orig-description='length=66 polypolish'
13:26:50.424 - INFO - UTILS - qc: revised sequence: id=contig_208, orig-id=208, type=contig, complete=False, topology=linear, name=, description='[gcode=11] [topology=linear]', orig-description='length=66 polypolish'
13:26:50.424 - INFO - UTILS - qc: revised sequence: id=contig_209, orig-id=209, type=contig, complete=False, topology=linear, name=, description='[gcode=11] [topology=linear]', orig-description='length=63 polypolish'
13:26:50.424 - INFO - UTILS - qc: revised sequence: id=contig_210, orig-id=210, type=contig, complete=False, topology=linear, name=, description='[gcode=11] [topology=linear]', orig-description='length=61 polypolish'
13:26:50.424 - INFO - UTILS - qc: revised sequence: id=contig_211, orig-id=211, type=contig, complete=False, topology=linear, name=, description='[gcode=11] [topology=linear]', orig-description='length=61 polypolish'
13:26:50.424 - INFO - UTILS - qc: revised sequence: id=contig_212, orig-id=212, type=contig, complete=False, topology=linear, name=, description='[gcode=11] [topology=linear]', orig-description='length=59 polypolish'
13:26:50.424 - INFO - UTILS - qc: revised sequence: id=contig_213, orig-id=213, type=contig, complete=False, topology=linear, name=, description='[gcode=11] [topology=linear]', orig-description='length=56 polypolish'
13:26:50.424 - INFO - UTILS - qc: revised sequence: id=contig_214, orig-id=214, type=contig, complete=False, topology=linear, name=, description='[gcode=11] [topology=linear]', orig-description='length=56 polypolish'
13:26:50.424 - INFO - UTILS - qc: revised sequence: id=contig_215, orig-id=215, type=contig, complete=False, topology=linear, name=, description='[gcode=11] [topology=linear]', orig-description='length=52 polypolish'
13:26:50.424 - INFO - UTILS - qc: revised sequence: id=contig_216, orig-id=216, type=contig, complete=False, topology=linear, name=, description='[gcode=11] [topology=linear]', orig-description='length=50 polypolish'
13:26:50.424 - INFO - UTILS - qc: revised sequence: id=contig_217, orig-id=217, type=contig, complete=False, topology=linear, name=, description='[gcode=11] [topology=linear]', orig-description='length=50 polypolish'
13:26:50.424 - INFO - UTILS - qc: revised sequence: id=contig_218, orig-id=218, type=contig, complete=False, topology=linear, name=, description='[gcode=11] [topology=linear]', orig-description='length=49 polypolish'
13:26:50.424 - INFO - UTILS - qc: revised sequence: id=contig_219, orig-id=219, type=contig, complete=False, topology=linear, name=, description='[gcode=11] [topology=linear]', orig-description='length=49 polypolish'
13:26:50.424 - INFO - UTILS - qc: revised sequence: id=contig_220, orig-id=220, type=contig, complete=False, topology=linear, name=, description='[gcode=11] [topology=linear]', orig-description='length=48 polypolish'
13:26:50.424 - INFO - UTILS - qc: revised sequence: id=contig_221, orig-id=221, type=contig, complete=False, topology=linear, name=, description='[gcode=11] [topology=linear]', orig-description='length=48 polypolish'
13:26:50.424 - INFO - UTILS - qc: revised sequence: id=contig_222, orig-id=222, type=contig, complete=False, topology=linear, name=, description='[gcode=11] [topology=linear]', orig-description='length=48 polypolish'
13:26:50.424 - INFO - UTILS - qc: revised sequence: id=contig_223, orig-id=223, type=contig, complete=False, topology=linear, name=, description='[gcode=11] [topology=linear]', orig-description='length=46 polypolish'
13:26:50.424 - INFO - UTILS - qc: revised sequence: id=contig_224, orig-id=224, type=contig, complete=False, topology=linear, name=, description='[gcode=11] [topology=linear]', orig-description='length=46 polypolish'
13:26:50.424 - INFO - UTILS - qc: revised sequence: id=contig_225, orig-id=225, type=contig, complete=False, topology=linear, name=, description='[gcode=11] [topology=linear]', orig-description='length=46 polypolish'
13:26:50.424 - INFO - UTILS - qc: revised sequence: id=contig_226, orig-id=226, type=contig, complete=False, topology=linear, name=, description='[gcode=11] [topology=linear]', orig-description='length=45 polypolish'
13:26:50.424 - INFO - UTILS - qc: revised sequence: id=contig_227, orig-id=227, type=contig, complete=False, topology=linear, name=, description='[gcode=11] [topology=linear]', orig-description='length=44 polypolish'
13:26:50.424 - INFO - UTILS - qc: revised sequence: id=contig_228, orig-id=228, type=contig, complete=False, topology=linear, name=, description='[gcode=11] [topology=linear]', orig-description='length=44 polypolish'
13:26:50.424 - INFO - UTILS - qc: revised sequence: id=contig_229, orig-id=229, type=contig, complete=False, topology=linear, name=, description='[gcode=11] [topology=linear]', orig-description='length=43 polypolish'
13:26:50.424 - INFO - UTILS - qc: revised sequence: id=contig_230, orig-id=230, type=contig, complete=False, topology=linear, name=, description='[gcode=11] [topology=linear]', orig-description='length=43 polypolish'
13:26:50.424 - INFO - UTILS - qc: revised sequence: id=contig_231, orig-id=231, type=contig, complete=False, topology=linear, name=, description='[gcode=11] [topology=linear]', orig-description='length=41 polypolish'
13:26:50.424 - INFO - UTILS - qc: revised sequence: id=contig_232, orig-id=232, type=contig, complete=False, topology=linear, name=, description='[gcode=11] [topology=linear]', orig-description='length=41 polypolish'
13:26:50.424 - INFO - UTILS - qc: revised sequence: id=contig_233, orig-id=233, type=contig, complete=False, topology=linear, name=, description='[gcode=11] [topology=linear]', orig-description='length=40 polypolish'
13:26:50.424 - INFO - UTILS - qc: revised sequence: id=contig_234, orig-id=234, type=contig, complete=False, topology=linear, name=, description='[gcode=11] [topology=linear]', orig-description='length=40 polypolish'
13:26:50.424 - INFO - UTILS - qc: revised sequence: id=contig_235, orig-id=235, type=contig, complete=False, topology=linear, name=, description='[gcode=11] [topology=linear]', orig-description='length=39 polypolish'
13:26:50.424 - INFO - UTILS - qc: revised sequence: id=contig_236, orig-id=236, type=contig, complete=False, topology=linear, name=, description='[gcode=11] [topology=linear]', orig-description='length=38 polypolish'
13:26:50.424 - INFO - UTILS - qc: revised sequence: id=contig_237, orig-id=237, type=contig, complete=False, topology=linear, name=, description='[gcode=11] [topology=linear]', orig-description='length=37 polypolish'
13:26:50.424 - INFO - UTILS - qc: revised sequence: id=contig_238, orig-id=238, type=contig, complete=False, topology=linear, name=, description='[gcode=11] [topology=linear]', orig-description='length=36 polypolish'
13:26:50.424 - INFO - UTILS - qc: revised sequence: id=contig_239, orig-id=239, type=contig, complete=False, topology=linear, name=, description='[gcode=11] [topology=linear]', orig-description='length=36 polypolish'
13:26:50.424 - INFO - UTILS - qc: revised sequence: id=contig_240, orig-id=240, type=contig, complete=False, topology=linear, name=, description='[gcode=11] [topology=linear]', orig-description='length=36 polypolish'
13:26:50.424 - INFO - UTILS - qc: revised sequence: id=contig_241, orig-id=241, type=contig, complete=False, topology=linear, name=, description='[gcode=11] [topology=linear]', orig-description='length=36 polypolish'
13:26:50.424 - INFO - UTILS - qc: revised sequence: id=contig_242, orig-id=242, type=contig, complete=False, topology=linear, name=, description='[gcode=11] [topology=linear]', orig-description='length=35 polypolish'
13:26:50.424 - INFO - UTILS - qc: revised sequence: id=contig_243, orig-id=243, type=contig, complete=False, topology=linear, name=, description='[gcode=11] [topology=linear]', orig-description='length=34 polypolish'
13:26:50.425 - INFO - UTILS - qc: revised sequence: id=contig_244, orig-id=244, type=contig, complete=False, topology=linear, name=, description='[gcode=11] [topology=linear]', orig-description='length=34 polypolish'
13:26:50.425 - INFO - UTILS - qc: revised sequence: id=contig_245, orig-id=245, type=contig, complete=False, topology=linear, name=, description='[gcode=11] [topology=linear]', orig-description='length=32 polypolish'
13:26:50.425 - INFO - UTILS - qc: revised sequence: id=contig_246, orig-id=246, type=contig, complete=False, topology=linear, name=, description='[gcode=11] [topology=linear]', orig-description='length=31 polypolish'
13:26:50.425 - INFO - UTILS - qc: revised sequence: id=contig_247, orig-id=247, type=contig, complete=False, topology=linear, name=, description='[gcode=11] [topology=linear]', orig-description='length=31 polypolish'
13:26:50.425 - INFO - UTILS - qc: revised sequence: id=contig_248, orig-id=248, type=contig, complete=False, topology=linear, name=, description='[gcode=11] [topology=linear]', orig-description='length=26 polypolish'
13:26:50.425 - INFO - UTILS - qc: revised sequence: id=contig_249, orig-id=249, type=contig, complete=False, topology=linear, name=, description='[gcode=11] [topology=linear]', orig-description='length=26 polypolish'
13:26:50.425 - INFO - UTILS - qc: revised sequence: id=contig_250, orig-id=250, type=contig, complete=False, topology=linear, name=, description='[gcode=11] [topology=linear]', orig-description='length=26 polypolish'
13:26:50.425 - INFO - UTILS - qc: revised sequence: id=contig_251, orig-id=251, type=contig, complete=False, topology=linear, name=, description='[gcode=11] [topology=linear]', orig-description='length=25 polypolish'
13:26:50.425 - INFO - UTILS - qc: revised sequence: id=contig_252, orig-id=252, type=contig, complete=False, topology=linear, name=, description='[gcode=11] [topology=linear]', orig-description='length=25 polypolish'
13:26:50.425 - INFO - UTILS - qc: revised sequence: id=contig_253, orig-id=253, type=contig, complete=False, topology=linear, name=, description='[gcode=11] [topology=linear]', orig-description='length=25 polypolish'
13:26:50.425 - INFO - UTILS - qc: revised sequence: id=contig_254, orig-id=254, type=contig, complete=False, topology=linear, name=, description='[gcode=11] [topology=linear]', orig-description='length=25 polypolish'
13:26:50.425 - INFO - UTILS - qc: revised sequence: id=contig_255, orig-id=255, type=contig, complete=False, topology=linear, name=, description='[gcode=11] [topology=linear]', orig-description='length=25 polypolish'
13:26:50.425 - INFO - UTILS - qc: revised sequence: id=contig_256, orig-id=256, type=contig, complete=False, topology=linear, name=, description='[gcode=11] [topology=linear]', orig-description='length=24 polypolish'
13:26:50.425 - INFO - UTILS - qc: revised sequence: id=contig_257, orig-id=257, type=contig, complete=False, topology=linear, name=, description='[gcode=11] [topology=linear]', orig-description='length=24 polypolish'
13:26:50.425 - INFO - UTILS - qc: revised sequence: id=contig_258, orig-id=258, type=contig, complete=False, topology=linear, name=, description='[gcode=11] [topology=linear]', orig-description='length=24 polypolish'
13:26:50.425 - INFO - UTILS - qc: revised sequence: id=contig_259, orig-id=259, type=contig, complete=False, topology=linear, name=, description='[gcode=11] [topology=linear]', orig-description='length=23 polypolish'
13:26:50.425 - INFO - UTILS - qc: revised sequence: id=contig_260, orig-id=260, type=contig, complete=False, topology=linear, name=, description='[gcode=11] [topology=linear]', orig-description='length=22 polypolish'
13:26:50.425 - INFO - UTILS - qc: revised sequence: id=contig_261, orig-id=261, type=contig, complete=False, topology=linear, name=, description='[gcode=11] [topology=linear]', orig-description='length=22 polypolish'
13:26:50.425 - INFO - UTILS - qc: revised sequence: id=contig_262, orig-id=262, type=contig, complete=False, topology=linear, name=, description='[gcode=11] [topology=linear]', orig-description='length=21 polypolish'
13:26:50.425 - INFO - UTILS - qc: revised sequence: id=contig_263, orig-id=263, type=contig, complete=False, topology=linear, name=, description='[gcode=11] [topology=linear]', orig-description='length=21 polypolish'
13:26:50.425 - INFO - UTILS - qc: revised sequence: id=contig_264, orig-id=264, type=contig, complete=False, topology=linear, name=, description='[gcode=11] [topology=linear]', orig-description='length=21 polypolish'
13:26:50.425 - INFO - UTILS - qc: revised sequence: id=contig_265, orig-id=265, type=contig, complete=False, topology=linear, name=, description='[gcode=11] [topology=linear]', orig-description='length=20 polypolish'
13:26:50.425 - INFO - UTILS - qc: revised sequence: id=contig_266, orig-id=266, type=contig, complete=False, topology=linear, name=, description='[gcode=11] [topology=linear]', orig-description='length=20 polypolish'
13:26:50.425 - INFO - UTILS - qc: revised sequence: id=contig_267, orig-id=267, type=contig, complete=False, topology=linear, name=, description='[gcode=11] [topology=linear]', orig-description='length=20 polypolish'
13:26:50.425 - INFO - UTILS - qc: revised sequence: id=contig_268, orig-id=268, type=contig, complete=False, topology=linear, name=, description='[gcode=11] [topology=linear]', orig-description='length=19 polypolish'
13:26:50.425 - INFO - UTILS - qc: revised sequence: id=contig_269, orig-id=269, type=contig, complete=False, topology=linear, name=, description='[gcode=11] [topology=linear]', orig-description='length=19 polypolish'
13:26:50.425 - INFO - UTILS - qc: revised sequence: id=contig_270, orig-id=270, type=contig, complete=False, topology=linear, name=, description='[gcode=11] [topology=linear]', orig-description='length=19 polypolish'
13:26:50.425 - INFO - UTILS - qc: revised sequence: id=contig_271, orig-id=271, type=contig, complete=False, topology=linear, name=, description='[gcode=11] [topology=linear]', orig-description='length=18 polypolish'
13:26:50.425 - INFO - UTILS - qc: revised sequence: id=contig_272, orig-id=272, type=contig, complete=False, topology=linear, name=, description='[gcode=11] [topology=linear]', orig-description='length=18 polypolish'
13:26:50.425 - INFO - UTILS - qc: revised sequence: id=contig_273, orig-id=273, type=contig, complete=False, topology=linear, name=, description='[gcode=11] [topology=linear]', orig-description='length=18 polypolish'
13:26:50.425 - INFO - UTILS - qc: revised sequence: id=contig_274, orig-id=274, type=contig, complete=False, topology=linear, name=, description='[gcode=11] [topology=linear]', orig-description='length=18 polypolish'
13:26:50.425 - INFO - UTILS - qc: revised sequence: id=contig_275, orig-id=275, type=contig, complete=False, topology=linear, name=, description='[gcode=11] [topology=linear]', orig-description='length=18 polypolish'
13:26:50.425 - INFO - UTILS - qc: revised sequence: id=contig_276, orig-id=276, type=contig, complete=False, topology=linear, name=, description='[gcode=11] [topology=linear]', orig-description='length=18 polypolish'
13:26:50.425 - INFO - UTILS - qc: revised sequence: id=contig_277, orig-id=277, type=contig, complete=False, topology=linear, name=, description='[gcode=11] [topology=linear]', orig-description='length=18 polypolish'
13:26:50.425 - INFO - UTILS - qc: revised sequence: id=contig_278, orig-id=278, type=contig, complete=False, topology=linear, name=, description='[gcode=11] [topology=linear]', orig-description='length=18 polypolish'
13:26:50.425 - INFO - UTILS - qc: revised sequence: id=contig_279, orig-id=279, type=contig, complete=False, topology=linear, name=, description='[gcode=11] [topology=linear]', orig-description='length=17 polypolish'
13:26:50.425 - INFO - UTILS - qc: revised sequence: id=contig_280, orig-id=280, type=contig, complete=False, topology=linear, name=, description='[gcode=11] [topology=linear]', orig-description='length=17 polypolish'
13:26:50.425 - INFO - UTILS - qc: revised sequence: id=contig_281, orig-id=281, type=contig, complete=False, topology=linear, name=, description='[gcode=11] [topology=linear]', orig-description='length=17 polypolish'
13:26:50.425 - INFO - UTILS - qc: revised sequence: id=contig_282, orig-id=282, type=contig, complete=False, topology=linear, name=, description='[gcode=11] [topology=linear]', orig-description='length=16 polypolish'
13:26:50.425 - INFO - UTILS - qc: revised sequence: id=contig_283, orig-id=283, type=contig, complete=False, topology=linear, name=, description='[gcode=11] [topology=linear]', orig-description='length=16 polypolish'
13:26:50.425 - INFO - UTILS - qc: revised sequence: id=contig_284, orig-id=284, type=contig, complete=False, topology=linear, name=, description='[gcode=11] [topology=linear]', orig-description='length=16 polypolish'
13:26:50.425 - INFO - UTILS - qc: revised sequence: id=contig_285, orig-id=285, type=contig, complete=False, topology=linear, name=, description='[gcode=11] [topology=linear]', orig-description='length=15 polypolish'
13:26:50.426 - INFO - UTILS - qc: revised sequence: id=contig_286, orig-id=286, type=contig, complete=False, topology=linear, name=, description='[gcode=11] [topology=linear]', orig-description='length=15 polypolish'
13:26:50.426 - INFO - UTILS - qc: revised sequence: id=contig_287, orig-id=287, type=contig, complete=False, topology=linear, name=, description='[gcode=11] [topology=linear]', orig-description='length=15 polypolish'
13:26:50.426 - INFO - UTILS - qc: revised sequence: id=contig_288, orig-id=288, type=contig, complete=False, topology=linear, name=, description='[gcode=11] [topology=linear]', orig-description='length=15 polypolish'
13:26:50.426 - INFO - UTILS - qc: revised sequence: id=contig_289, orig-id=289, type=contig, complete=False, topology=linear, name=, description='[gcode=11] [topology=linear]', orig-description='length=15 polypolish'
13:26:50.426 - INFO - UTILS - qc: revised sequence: id=contig_290, orig-id=290, type=contig, complete=False, topology=linear, name=, description='[gcode=11] [topology=linear]', orig-description='length=12 polypolish'
13:26:50.426 - INFO - UTILS - qc: revised sequence: id=contig_291, orig-id=291, type=contig, complete=False, topology=linear, name=, description='[gcode=11] [topology=linear]', orig-description='length=12 polypolish'
13:26:50.426 - INFO - UTILS - qc: revised sequence: id=contig_292, orig-id=292, type=contig, complete=False, topology=linear, name=, description='[gcode=11] [topology=linear]', orig-description='length=12 polypolish'
13:26:50.426 - INFO - UTILS - qc: revised sequence: id=contig_293, orig-id=293, type=contig, complete=False, topology=linear, name=, description='[gcode=11] [topology=linear]', orig-description='length=11 polypolish'
13:26:50.426 - INFO - UTILS - qc: revised sequence: id=contig_294, orig-id=294, type=contig, complete=False, topology=linear, name=, description='[gcode=11] [topology=linear]', orig-description='length=10 polypolish'
13:26:50.426 - INFO - UTILS - qc: revised sequence: id=contig_295, orig-id=295, type=contig, complete=False, topology=linear, name=, description='[gcode=11] [topology=linear]', orig-description='length=9 polypolish'
13:26:50.426 - INFO - UTILS - qc: revised sequence: id=contig_296, orig-id=296, type=contig, complete=False, topology=linear, name=, description='[gcode=11] [topology=linear]', orig-description='length=7 polypolish'
13:26:50.426 - INFO - UTILS - qc: revised sequence: id=contig_297, orig-id=297, type=contig, complete=False, topology=linear, name=, description='[gcode=11] [topology=linear]', orig-description='length=6 polypolish'
13:26:50.426 - INFO - UTILS - qc: revised sequence: id=contig_298, orig-id=298, type=contig, complete=False, topology=linear, name=, description='[gcode=11] [topology=linear]', orig-description='length=6 polypolish'
13:26:50.426 - INFO - UTILS - qc: revised sequence: id=contig_299, orig-id=299, type=contig, complete=False, topology=linear, name=, description='[gcode=11] [topology=linear]', orig-description='length=6 polypolish'
13:26:50.426 - INFO - UTILS - qc: revised sequence: id=contig_300, orig-id=300, type=contig, complete=False, topology=linear, name=, description='[gcode=11] [topology=linear]', orig-description='length=5 polypolish'
13:26:50.426 - INFO - UTILS - qc: revised sequence: id=contig_301, orig-id=301, type=contig, complete=False, topology=linear, name=, description='[gcode=11] [topology=linear]', orig-description='length=5 polypolish'
13:26:50.426 - INFO - UTILS - qc: revised sequence: id=contig_302, orig-id=302, type=contig, complete=False, topology=linear, name=, description='[gcode=11] [topology=linear]', orig-description='length=5 polypolish'
13:26:50.426 - INFO - UTILS - qc: revised sequence: id=contig_303, orig-id=303, type=contig, complete=False, topology=linear, name=, description='[gcode=11] [topology=linear]', orig-description='length=4 polypolish'
13:26:50.426 - INFO - UTILS - qc: revised sequence: id=contig_304, orig-id=304, type=contig, complete=False, topology=linear, name=, description='[gcode=11] [topology=linear]', orig-description='length=3 polypolish'
13:26:50.426 - INFO - UTILS - qc: revised sequence: id=contig_305, orig-id=305, type=contig, complete=False, topology=linear, name=, description='[gcode=11] [topology=linear]', orig-description='length=3 polypolish'
13:26:50.426 - INFO - UTILS - qc: revised sequence: id=contig_306, orig-id=306, type=contig, complete=False, topology=linear, name=, description='[gcode=11] [topology=linear]', orig-description='length=3 polypolish'
13:26:50.426 - INFO - UTILS - qc: revised sequence: id=contig_307, orig-id=307, type=contig, complete=False, topology=linear, name=, description='[gcode=11] [topology=linear]', orig-description='length=3 polypolish'
13:26:50.426 - INFO - UTILS - qc: revised sequence: id=contig_308, orig-id=308, type=contig, complete=False, topology=linear, name=, description='[gcode=11] [topology=linear]', orig-description='length=3 polypolish'
13:26:50.426 - INFO - UTILS - qc: revised sequence: id=contig_309, orig-id=309, type=contig, complete=False, topology=linear, name=, description='[gcode=11] [topology=linear]', orig-description='length=3 polypolish'
13:26:50.426 - INFO - UTILS - qc: revised sequence: id=contig_310, orig-id=310, type=contig, complete=False, topology=linear, name=, description='[gcode=11] [topology=linear]', orig-description='length=2 polypolish'
13:26:50.426 - INFO - UTILS - qc: revised sequence: id=contig_311, orig-id=311, type=contig, complete=False, topology=linear, name=, description='[gcode=11] [topology=linear]', orig-description='length=2 polypolish'
13:26:50.426 - INFO - UTILS - qc: revised sequence: id=contig_312, orig-id=312, type=contig, complete=False, topology=linear, name=, description='[gcode=11] [topology=linear]', orig-description='length=2 polypolish'
13:26:50.426 - INFO - UTILS - qc: revised sequence: id=contig_313, orig-id=313, type=contig, complete=False, topology=linear, name=, description='[gcode=11] [topology=linear]', orig-description='length=2 polypolish'
13:26:50.426 - INFO - UTILS - qc: revised sequence: id=contig_314, orig-id=314, type=contig, complete=False, topology=linear, name=, description='[gcode=11] [topology=linear]', orig-description='length=1 polypolish'
13:26:50.426 - INFO - UTILS - qc: revised sequence: id=contig_315, orig-id=315, type=contig, complete=False, topology=linear, name=, description='[gcode=11] [topology=linear]', orig-description='length=1 polypolish'
13:26:50.426 - INFO - UTILS - qc: revised sequence: id=contig_316, orig-id=316, type=contig, complete=False, topology=linear, name=, description='[gcode=11] [topology=linear]', orig-description='length=1 polypolish'
13:26:50.426 - INFO - UTILS - qc: revised sequence: id=contig_317, orig-id=317, type=contig, complete=False, topology=linear, name=, description='[gcode=11] [topology=linear]', orig-description='length=1 polypolish'
13:26:50.426 - INFO - UTILS - qc: revised sequence: id=contig_318, orig-id=318, type=contig, complete=False, topology=linear, name=, description='[gcode=11] [topology=linear]', orig-description='length=1 polypolish'
13:26:50.426 - INFO - UTILS - qc: revised sequence: id=contig_319, orig-id=319, type=contig, complete=False, topology=linear, name=, description='[gcode=11] [topology=linear]', orig-description='length=1 polypolish'
13:26:50.426 - INFO - UTILS - qc: revised sequence: id=contig_320, orig-id=320, type=contig, complete=False, topology=linear, name=, description='[gcode=11] [topology=linear]', orig-description='length=1 polypolish'
13:26:50.426 - INFO - UTILS - qc: revised sequence: id=contig_321, orig-id=321, type=contig, complete=False, topology=linear, name=, description='[gcode=11] [topology=linear]', orig-description='length=1 polypolish'
13:26:50.426 - INFO - UTILS - qc: revised sequence: id=contig_322, orig-id=322, type=contig, complete=False, topology=linear, name=, description='[gcode=11] [topology=linear]', orig-description='length=1 polypolish'
13:26:50.426 - INFO - UTILS - qc: revised sequence: id=contig_323, orig-id=323, type=contig, complete=False, topology=linear, name=, description='[gcode=11] [topology=linear]', orig-description='length=1 polypolish'
13:26:50.426 - INFO - UTILS - qc: revised sequence: id=contig_324, orig-id=324, type=contig, complete=False, topology=linear, name=, description='[gcode=11] [topology=linear]', orig-description='length=1 polypolish'
13:26:50.426 - INFO - UTILS - qc: revised sequence: id=contig_325, orig-id=325, type=contig, complete=False, topology=linear, name=, description='[gcode=11] [topology=linear]', orig-description='length=1 polypolish'
13:26:50.426 - INFO - UTILS - qc: revised sequence: id=contig_326, orig-id=326, type=contig, complete=False, topology=linear, name=, description='[gcode=11] [topology=linear]', orig-description='length=1 polypolish'
13:26:50.427 - INFO - UTILS - qc: revised sequence: id=contig_327, orig-id=327, type=contig, complete=False, topology=linear, name=, description='[gcode=11] [topology=linear]', orig-description='length=1 polypolish'
13:26:50.427 - INFO - UTILS - qc: revised sequence: id=contig_328, orig-id=328, type=contig, complete=False, topology=linear, name=, description='[gcode=11] [topology=linear]', orig-description='length=1 polypolish'
13:26:50.427 - INFO - UTILS - qc: revised sequence: id=contig_329, orig-id=329, type=contig, complete=False, topology=linear, name=, description='[gcode=11] [topology=linear]', orig-description='length=1 polypolish'
13:26:50.427 - INFO - UTILS - qc: revised sequence: id=contig_330, orig-id=330, type=contig, complete=False, topology=linear, name=, description='[gcode=11] [topology=linear]', orig-description='length=1 polypolish'
13:26:50.427 - INFO - UTILS - qc: revised sequence: id=contig_331, orig-id=331, type=contig, complete=False, topology=linear, name=, description='[gcode=11] [topology=linear]', orig-description='length=1 polypolish'
13:26:50.427 - INFO - UTILS - qc: revised sequence: id=contig_332, orig-id=332, type=contig, complete=False, topology=linear, name=, description='[gcode=11] [topology=linear]', orig-description='length=1 polypolish'
13:26:50.427 - INFO - UTILS - qc: revised sequence: id=contig_333, orig-id=333, type=contig, complete=False, topology=linear, name=, description='[gcode=11] [topology=linear]', orig-description='length=1 polypolish'
13:26:50.427 - INFO - UTILS - qc: revised sequence: id=contig_334, orig-id=334, type=contig, complete=False, topology=linear, name=, description='[gcode=11] [topology=linear]', orig-description='length=1 polypolish'
13:26:50.427 - INFO - UTILS - qc: revised sequence: id=contig_335, orig-id=335, type=contig, complete=False, topology=linear, name=, description='[gcode=11] [topology=linear]', orig-description='length=1 polypolish'
13:26:50.427 - INFO - UTILS - qc: revised sequence: id=contig_336, orig-id=336, type=contig, complete=False, topology=linear, name=, description='[gcode=11] [topology=linear]', orig-description='length=1 polypolish'
13:26:50.427 - INFO - UTILS - qc: revised sequence: id=contig_337, orig-id=337, type=contig, complete=False, topology=linear, name=, description='[gcode=11] [topology=linear]', orig-description='length=1 polypolish'
13:26:50.427 - INFO - UTILS - qc: revised sequence: id=contig_338, orig-id=338, type=contig, complete=False, topology=linear, name=, description='[gcode=11] [topology=linear]', orig-description='length=1 polypolish'
13:26:50.427 - INFO - UTILS - qc: revised sequence: id=contig_339, orig-id=339, type=contig, complete=False, topology=linear, name=, description='[gcode=11] [topology=linear]', orig-description='length=1 polypolish'
13:26:50.427 - INFO - UTILS - qc: revised sequence: id=contig_340, orig-id=340, type=contig, complete=False, topology=linear, name=, description='[gcode=11] [topology=linear]', orig-description='length=1 polypolish'
13:26:50.427 - INFO - UTILS - qc: revised sequence: id=contig_341, orig-id=341, type=contig, complete=False, topology=linear, name=, description='[gcode=11] [topology=linear]', orig-description='length=1 polypolish'
13:26:50.427 - INFO - UTILS - qc: revised sequence: id=contig_342, orig-id=342, type=contig, complete=True, topology=circular, name=, description='[gcode=11] [completeness=complete] [topology=circular]', orig-description='length=149752 circular=true polypolish'
13:26:50.427 - INFO - UTILS - qc: revised sequence: id=contig_343, orig-id=343, type=plasmid, complete=True, topology=circular, name=unnamed1, description='[gcode=11] [completeness=complete] [topology=circular] [plasmid-name=unnamed1]', orig-description='length=80329 circular=true polypolish'
13:26:50.427 - INFO - FASTA - write genome sequences: path=/tmp/slurm-687208/tmp9pf2gfza/contigs.fna, description=False, wrap=False
13:27:31.137 - INFO - T_RNA - contig=contig_1, start=136160, stop=136235, strand=+, gene=trnA, product=tRNA-Ala(tgc), score=91.0, nt=[GGGGGTTTAG..ACCTCCACCA]
13:27:31.137 - INFO - T_RNA - contig=contig_1, start=136239, stop=136315, strand=+, gene=trnI, product=tRNA-Ile(gat), score=86.6, nt=[GGGCCAATAG..TGGCCCACCA]
13:27:31.137 - INFO - T_RNA - contig=contig_1, start=139658, stop=139733, strand=+, gene=trnK, product=tRNA-Lys(ctt), score=79.7, nt=[GCGCCTTTAG..AGGCGCACCA]
13:27:31.137 - INFO - T_RNA - contig=contig_1, start=139735, stop=139809, strand=+, gene=trnE, product=tRNA-Glu(ctc), score=73.8, nt=[GGCCCGTTGG..CGGGTCACCA]
13:27:31.137 - INFO - T_RNA - contig=contig_1, start=140136, stop=140211, strand=+, gene=trnN, product=tRNA-Asn(gtt), score=76.6, nt=[TCCTCAATAG..TGGGGAGCCA]
13:27:31.137 - INFO - T_RNA - contig=contig_1, start=140287, stop=140363, strand=+, gene=trnI, product=tRNA-Ile2(cat), score=79.2, nt=[GGGCCTTTAG..AGGCCCACCA]
13:27:31.137 - INFO - T_RNA - contig=contig_1, start=140367, stop=140442, strand=+, gene=trnW, product=tRNA-Trp(cca), score=83.3, nt=[AGGGGTATAG..GCCCCTGCCA]
13:27:31.137 - INFO - T_RNA - contig=contig_1, start=140481, stop=140557, strand=+, gene=trnD, product=tRNA-Asp(gtc), score=90.0, nt=[GGCGCGGTAG..CGCGTCGCCA]
13:27:31.137 - INFO - T_RNA - contig=contig_1, start=140585, stop=140660, strand=+, gene=trnT, product=tRNA-Thr(ggt), score=83.3, nt=[GCTGCTATAG..AGCAGCTCCA]
13:27:31.137 - INFO - T_RNA - contig=contig_1, start=453612, stop=453688, strand=+, gene=trnR, product=tRNA-Arg(cct), score=76.0, nt=[GTCTCTGTAG..AGGGACGCCA]
13:27:31.137 - INFO - T_RNA - contig=contig_1, start=551916, stop=551990, strand=+, gene=None, product=tRNA-Xxx, score=21.7, nt=[AGGCTACCGT..GGGGACGCCA]
13:27:31.137 - INFO - T_RNA - contig=contig_1, start=714444, stop=714538, strand=+, gene=trnU, product=tRNA-SeC(tca), score=102.0, nt=[GGGGGCGGAG..GCCTCCGCCA]
13:27:31.137 - INFO - T_RNA - contig=contig_1, start=1054354, stop=1054429, strand=+, gene=trnA, product=tRNA-Ala(tgc), score=91.0, nt=[GGGGGTTTAG..ACCTCCACCA]
13:27:31.137 - INFO - T_RNA - contig=contig_1, start=1054433, stop=1054509, strand=+, gene=trnI, product=tRNA-Ile(gat), score=86.6, nt=[GGGCCAATAG..TGGCCCACCA]
13:27:31.137 - INFO - T_RNA - contig=contig_1, start=1057852, stop=1057927, strand=+, gene=trnK, product=tRNA-Lys(ctt), score=79.7, nt=[GCGCCTTTAG..AGGCGCACCA]
13:27:31.137 - INFO - T_RNA - contig=contig_1, start=1057929, stop=1058003, strand=+, gene=trnE, product=tRNA-Glu(ctc), score=73.8, nt=[GGCCCGTTGG..CGGGTCACCA]
13:27:31.137 - INFO - T_RNA - contig=contig_1, start=1145449, stop=1145525, strand=-, gene=trnR, product=tRNA-Arg(ccg), score=63.6, nt=[GCGTCCGTAG..GGGCGTACCA]
13:27:31.137 - INFO - T_RNA - contig=contig_1, start=984384, stop=984460, strand=-, gene=trnP, product=tRNA-Pro(ggg), score=66.1, nt=[CCGGGTGTGG..ACTCGGACCA]
13:27:31.137 - INFO - T_RNA - contig=contig_1, start=984261, stop=984334, strand=-, gene=trnG, product=tRNA-Gly(ccc), score=80.2, nt=[GCAGGTGTAG..ACCTGCTCCA]
13:27:31.137 - INFO - T_RNA - contig=contig_1, start=941383, stop=941456, strand=-, gene=trnQ, product=tRNA-Gln(ctg), score=66.4, nt=[AGCGGGTTTG..CCCGCTGCCA]
13:27:31.137 - INFO - T_RNA - contig=contig_1, start=747648, stop=747738, strand=-, gene=trnS, product=tRNA-Ser(gga), score=78.3, nt=[GCAGCAGTAT..TGCTGCGCCA]
13:27:31.137 - INFO - T_RNA - contig=contig_1, start=626879, stop=626954, strand=-, gene=trnT, product=tRNA-Thr(tgt), score=77.2, nt=[GCTGGTGTAG..ACCAGCTCCA]
13:27:31.137 - INFO - T_RNA - contig=contig_1, start=626783, stop=626867, strand=-, gene=trnY, product=tRNA-Tyr(gta), score=72.8, nt=[GGAGGAGTTC..TCCTCCACCA]
13:27:31.137 - INFO - T_RNA - contig=contig_1, start=431975, stop=432159, strand=-, gene=None, product=tRNA-Xxx, score=25.2, nt=[GGGGCGTCGT..GCCTCCACCA]
13:27:31.137 - INFO - T_RNA - contig=contig_1, start=386819, stop=386903, strand=-, gene=trnL, product=tRNA-Leu(tag), score=62.9, nt=[GGGGGATTGA..TCCCCTACCA]
13:27:31.137 - INFO - T_RNA - contig=contig_1, start=386163, stop=386249, strand=-, gene=trnL, product=tRNA-Leu(cag), score=73.9, nt=[GCACGAGTGG..TCGTGCACCA]
13:27:31.137 - INFO - T_RNA - contig=contig_1, start=192923, stop=192998, strand=-, gene=trnG, product=tRNA-Gly(gcc), score=77.6, nt=[GCAGGTGTAG..ACCTGCTCCA]
13:27:31.137 - INFO - T_RNA - contig=contig_77, start=5835, stop=5910, strand=+, gene=trnA, product=tRNA-Ala(ggc), score=70.1, nt=[GGGGGTATAG..ATCTCCACCA]
13:27:31.137 - INFO - T_RNA - contig=contig_77, start=10240, stop=10321, strand=+, gene=trnA, product=tRNA-Ala(ggc), score=30.6, nt=[GGGGGTGTGT..ATCTCCACCA]
13:27:31.137 - INFO - T_RNA - contig=contig_77, start=124228, stop=124303, strand=+, gene=trnV, product=tRNA-Val(tac), score=77.5, nt=[GGGAGCATAG..GTTCCCACCA]
13:27:31.138 - INFO - T_RNA - contig=contig_77, start=124329, stop=124405, strand=+, gene=trnD, product=tRNA-Asp(gtc), score=90.0, nt=[GGCGCGGTAG..CGCGTCGCCA]
13:27:31.138 - INFO - T_RNA - contig=contig_77, start=124412, stop=124487, strand=+, gene=trnF, product=tRNA-Phe(gaa), score=78.0, nt=[GCCTCTGTAG..GGAGGCACCA]
13:27:31.138 - INFO - T_RNA - contig=contig_77, start=124565, stop=124640, strand=+, gene=trnG, product=tRNA-Gly(gcc), score=77.6, nt=[GCAGGTGTAG..ACCTGCTCCA]
13:27:31.138 - INFO - T_RNA - contig=contig_77, start=124655, stop=124728, strand=+, gene=trnC, product=tRNA-Cys(gca), score=71.7, nt=[GGCGACGTAG..GTCGCCTCCA]
13:27:31.138 - INFO - T_RNA - contig=contig_77, start=156102, stop=156190, strand=+, gene=trnS, product=tRNA-Ser(cga), score=83.4, nt=[GGAGCGGTAT..CGCTCCGCCA]
13:27:31.138 - INFO - T_RNA - contig=contig_77, start=566103, stop=566188, strand=-, gene=trnL, product=tRNA-Leu(caa), score=73.3, nt=[GCCGGCGTGA..GCCGGCACCA]
13:27:31.138 - INFO - T_RNA - contig=contig_77, start=295425, stop=295514, strand=-, gene=trnP, product=tRNA-Pro(tgg), score=30.2, nt=[CGGGGTGTTG..AAAGCCTTGG]
13:27:31.138 - INFO - T_RNA - contig=contig_77, start=295256, stop=295331, strand=-, gene=trnP, product=tRNA-Pro(tgg), score=80.1, nt=[CCGGGTGTAG..ACTCGGACCA]
13:27:31.138 - INFO - T_RNA - contig=contig_77, start=152102, stop=152188, strand=-, gene=trnS, product=tRNA-Ser(tga), score=80.0, nt=[GGAGAGATGT..CTCTCCGCCA]
13:27:31.138 - INFO - T_RNA - contig=contig_77, start=151975, stop=152065, strand=-, gene=trnS, product=tRNA-Ser(gct), score=87.5, nt=[GGAGAAGTAC..TTCTCCGCCA]
13:27:31.138 - INFO - T_RNA - contig=contig_77, start=145627, stop=145700, strand=-, gene=trnG, product=tRNA-Gly(tcc), score=79.4, nt=[GCGGGTGTAG..ACCCGCTCCA]
13:27:31.138 - INFO - T_RNA - contig=contig_77, start=145500, stop=145576, strand=-, gene=trnR, product=tRNA-Arg(tct), score=83.7, nt=[GCGCCTGTAG..AGGCGTACCA]
13:27:31.138 - INFO - T_RNA - contig=contig_77, start=145329, stop=145404, strand=-, gene=trnH, product=tRNA-His(gtg), score=72.8, nt=[GTGGGCGTAG..GCCCACCCCA]
13:27:31.138 - INFO - T_RNA - contig=contig_77, start=145199, stop=145273, strand=-, gene=trnQ, product=tRNA-Gln(ttg), score=72.9, nt=[TGGGGTGTAG..ATCCCAGCCA]
13:27:31.138 - INFO - T_RNA - contig=contig_77, start=145094, stop=145169, strand=-, gene=trnK, product=tRNA-Lys(ttt), score=75.0, nt=[GACCCGGTAG..CGGGTCACCA]
13:27:31.138 - INFO - T_RNA - contig=contig_77, start=31187, stop=31262, strand=-, gene=trnA, product=tRNA-Ala(cgc), score=71.7, nt=[GGGGGCGTAG..GTCTCCACCA]
13:27:31.138 - INFO - T_RNA - contig=contig_116, start=7889, stop=7965, strand=+, gene=trnM, product=tRNA-Met(cat), score=62.8, nt=[GGCGGCATAG..GCCGCTACCA]
13:27:31.138 - INFO - T_RNA - contig=contig_116, start=8039, stop=8113, strand=+, gene=trnE, product=tRNA-Glu(ttc), score=77.6, nt=[GGCGCGTTGG..CGCGTCACCA]
13:27:31.138 - INFO - T_RNA - contig=contig_116, start=8133, stop=8209, strand=+, gene=trnV, product=tRNA-Val(cac), score=86.3, nt=[GGAGGCTTAG..GTCTCCACCA]
13:27:31.138 - INFO - T_RNA - contig=contig_116, start=257195, stop=257270, strand=+, gene=trnA, product=tRNA-Ala(ggc), score=70.1, nt=[GGGGGTATAG..ATCTCCACCA]
13:27:31.138 - INFO - T_RNA - contig=contig_116, start=286119, stop=286198, strand=+, gene=trnA, product=tRNA-Ala(ggc), score=38.2, nt=[GGGTATGTAA..ATCTCCACCA]
13:27:31.138 - INFO - T_RNA - contig=contig_116, start=312026, stop=312108, strand=+, gene=trnA, product=tRNA-Ala(ggc), score=29.1, nt=[GGGGGTTCGC..ATCTCCACCA]
13:27:31.138 - INFO - T_RNA - contig=contig_116, start=131471, stop=131546, strand=-, gene=trnT, product=tRNA-Thr(cgt), score=79.8, nt=[GCTGGTATAG..CCCAGCTCCA]
13:27:31.138 - INFO - T_RNA - contig=contig_116, start=26064, stop=26151, strand=-, gene=trnL, product=tRNA-Leu(taa), score=71.4, nt=[GCCGGAGTGG..TCCGGCACCA]
13:27:31.138 - INFO - T_RNA - contig=contig_116, start=25977, stop=26053, strand=-, gene=trnfM, product=tRNA-fMet(cat), score=81.5, nt=[CGCGGGGTAG..CCCGCAACCA]
13:27:31.138 - INFO - T_RNA - contig=contig_116, start=11278, stop=11354, strand=-, gene=trnV, product=tRNA-Val(gac), score=77.4, nt=[GGACGATTAG..TCGTCCACCA]
13:27:31.138 - INFO - T_RNA - contig=contig_343, start=5668, stop=5744, strand=+, gene=trnP, product=tRNA-Pro(cgg), score=72.0, nt=[CGGGGTGTGG..ACTCCGACCA]
13:27:31.138 - INFO - T_RNA - contig=contig_343, start=41341, stop=41427, strand=+, gene=trnL, product=tRNA-Leu(gag), score=68.9, nt=[GCGGATGTGC..ATCCGCACCA]
13:27:31.138 - INFO - T_RNA - contig=contig_343, start=11398, stop=11474, strand=-, gene=trnR, product=tRNA-Arg(acg), score=83.0, nt=[GCGGCTGTAG..AGCCGTACCA]
13:27:31.139 - INFO - T_RNA - predicted=59
13:27:32.149 - INFO - TM_RNA - contig=contig_1, start=431975, stop=432320, strand=-, gene=ssrA, product=transfer-messenger RNA, SsrA, nt=[GGGGGCGTAC..GCCTCCACCA]
13:27:32.150 - INFO - TM_RNA - predicted=1
13:27:42.685 - INFO - R_RNA - contig=contig_1, start=134521, stop=136051, strand=+, gene=rrs, product=16S ribosomal RNA, length=1531, coverage=0.999, truncated=None, score=1575.0, evalue=5.1e-48, nt=[TTTATTGAGA..CACCTCCTTT]
13:27:42.685 - INFO - R_RNA - contig=contig_1, start=1052715, stop=1054245, strand=+, gene=rrs, product=16S ribosomal RNA, length=1531, coverage=0.999, truncated=None, score=1575.0, evalue=5.1e-48, nt=[TTTATTGAGA..CACCTCCTTT]
13:27:42.685 - INFO - R_RNA - contig=contig_1, start=139972, stop=140087, strand=+, gene=rrf, product=5S ribosomal RNA, length=116, coverage=0.975, truncated=None, score=81.1, evalue=6.8e-13, nt=[GTTGGTGTCG..GGCGCCAACA]
13:27:42.685 - INFO - R_RNA - contig=contig_1, start=1058166, stop=1058281, strand=+, gene=rrf, product=5S ribosomal RNA, length=116, coverage=0.975, truncated=None, score=81.1, evalue=6.8e-13, nt=[GTTGGTGTCG..GGCGCCAACA]
13:27:42.686 - INFO - R_RNA - contig=contig_1, start=136663, stop=139505, strand=+, gene=rrl, product=23S ribosomal RNA, length=2843, coverage=0.972, truncated=None, score=2789.2, evalue=2.5e-05, nt=[GGTCAAGCTG..GCTTGACCTT]
13:27:42.686 - INFO - R_RNA - contig=contig_1, start=1054857, stop=1057699, strand=+, gene=rrl, product=23S ribosomal RNA, length=2843, coverage=0.972, truncated=None, score=2789.2, evalue=2.5e-05, nt=[GGTCAAGCTG..GCTTGACCTT]
13:27:42.686 - INFO - R_RNA - predicted=6
13:30:47.340 - INFO - NC_RNA - contig=contig_1, start=910257, stop=910419, strand=-, gene=FuFi-1, product=FuFi-1 RNA, length=163, truncated=None, score=125.2, evalue=1.5e-17, nt=[GCAGCTTGTC..CTGGCCTTTT]
13:30:47.340 - INFO - NC_RNA - contig=contig_77, start=31463, stop=31727, strand=+, gene=Bacteria_large_SRP, product=Bacterial large signal recognition particle RNA, length=265, truncated=None, score=199.9, evalue=8.4e-32, nt=[CCGCGCTAGT..CGGTGCGCGG]
13:30:47.340 - INFO - NC_RNA - contig=contig_77, start=31576, stop=31675, strand=+, gene=Bacteria_small_SRP, product=Bacterial small signal recognition particle RNA, length=100, truncated=None, score=71.2, evalue=3.8e-12, nt=[GGATCGGTCC..CCGCTCCTGA]
13:30:47.340 - INFO - NC_RNA - contig=contig_342, start=113265, stop=113648, strand=-, gene=RNaseP_bact_a, product=Bacterial RNase P class A, length=384, truncated=None, score=252.4, evalue=9.4e-36, nt=[CAAGCAAGCT..TACTTGCACC]
13:30:47.340 - INFO - NC_RNA - contig=contig_342, start=148029, stop=148219, strand=+, gene=6S, product=6S / SsrS RNA, length=191, truncated=None, score=72.9, evalue=7.1e-13, nt=[GTTCCCCTGC..CGGGGGATCT]
13:30:47.340 - INFO - NC_RNA - contig=contig_343, start=19295, stop=19340, strand=+, gene=ssNA-helicase, product=ssNA-helicase RNA, length=46, truncated=None, score=43.5, evalue=5.4e-06, nt=[TGCAGGGGGT..ACATGTAACA]
13:30:47.340 - INFO - NC_RNA - predicted=6
13:31:29.454 - INFO - NC_RNA_REGION - contig=contig_1, start=609908, stop=610022, strand=-, label=FMN, product=FMN riboswitch (RFN element), length=115, truncated=None, score=109.8, evalue=1.5e-18
13:31:29.454 - INFO - NC_RNA_REGION - contig=contig_1, start=1074591, stop=1074686, strand=+, label=NiCo, product=NiCo riboswitch, length=96, truncated=None, score=75.0, evalue=1.1e-12
13:31:29.454 - INFO - NC_RNA_REGION - contig=contig_1, start=258788, stop=258905, strand=-, label=MOCO_RNA_motif, product=Moco (molybdenum cofactor) riboswitch, length=118, truncated=None, score=74.5, evalue=1.2e-12
13:31:29.454 - INFO - NC_RNA_REGION - contig=contig_1, start=37342, stop=37546, strand=+, label=T-box, product=T-box leader, length=205, truncated=None, score=95.0, evalue=4.4e-12
13:31:29.454 - INFO - NC_RNA_REGION - contig=contig_1, start=63487, stop=63578, strand=+, label=Glycine, product=Glycine riboswitch, length=92, truncated=None, score=60.0, evalue=3.3e-10
13:31:29.454 - INFO - NC_RNA_REGION - contig=contig_1, start=254480, stop=254596, strand=-, label=MOCO_RNA_motif, product=Moco (molybdenum cofactor) riboswitch, length=117, truncated=None, score=57.0, evalue=3.0e-09
13:31:29.454 - INFO - NC_RNA_REGION - contig=contig_1, start=1090207, stop=1090317, strand=+, label=TPP, product=TPP riboswitch (THI element), length=111, truncated=None, score=58.0, evalue=3.8e-09
13:31:29.455 - INFO - NC_RNA_REGION - contig=contig_1, start=867950, stop=868047, strand=-, label=pemK, product=pemK RNA, length=98, truncated=None, score=56.8, evalue=3.3e-08
13:31:29.455 - INFO - NC_RNA_REGION - contig=contig_1, start=520398, stop=520495, strand=-, label=pemK, product=pemK RNA, length=98, truncated=None, score=44.9, evalue=4.8e-06
13:31:29.455 - INFO - NC_RNA_REGION - contig=contig_1, start=927183, stop=927246, strand=+, label=GP20-b, product=GP20-b RNA, length=64, truncated=None, score=42.0, evalue=2.6e-05
13:31:29.455 - INFO - NC_RNA_REGION - contig=contig_77, start=480638, stop=480844, strand=+, label=T-box, product=T-box leader, length=207, truncated=None, score=122.3, evalue=8.8e-16
13:31:29.455 - INFO - NC_RNA_REGION - contig=contig_77, start=470796, stop=470892, strand=+, label=SAM, product=SAM riboswitch (S box leader), length=97, truncated=None, score=82.6, evalue=7.0e-15
13:31:29.455 - INFO - NC_RNA_REGION - contig=contig_77, start=82282, stop=82421, strand=-, label=FMN, product=FMN riboswitch (RFN element), length=140, truncated=None, score=81.8, evalue=1.8e-13
13:31:29.455 - INFO - NC_RNA_REGION - contig=contig_77, start=559958, stop=560069, strand=+, label=THF, product=THF riboswitch, length=112, truncated=None, score=70.9, evalue=7.3e-12
13:31:29.455 - INFO - NC_RNA_REGION - contig=contig_77, start=500290, stop=500387, strand=-, label=Purine, product=Purine riboswitch, length=98, truncated=None, score=49.5, evalue=1.6e-05
13:31:29.455 - INFO - NC_RNA_REGION - contig=contig_116, start=144546, stop=144768, strand=-, label=T-box, product=T-box leader, length=223, truncated=None, score=104.2, evalue=2.5e-13
13:31:29.455 - INFO - NC_RNA_REGION - contig=contig_116, start=139883, stop=139959, strand=+, label=Fluoride, product=Fluoride riboswitch (crcB), length=77, truncated=None, score=36.8, evalue=7.8e-05
13:31:29.455 - INFO - NC_RNA_REGION - contig=contig_157, start=161907, stop=162125, strand=+, label=T-box, product=T-box leader, length=219, truncated=None, score=103.5, evalue=3.1e-13
13:31:29.455 - INFO - NC_RNA_REGION - contig=contig_157, start=157343, stop=157511, strand=-, label=Lysine, product=Lysine riboswitch, length=169, truncated=None, score=82.4, evalue=1.8e-11
13:31:29.455 - INFO - NC_RNA_REGION - contig=contig_157, start=125175, stop=125222, strand=+, label=ssnA, product=ssnA RNA, length=48, truncated=None, score=44.6, evalue=1.5e-09
13:31:29.455 - INFO - NC_RNA_REGION - contig=contig_157, start=151827, stop=151944, strand=+, label=TPP, product=TPP riboswitch (THI element), length=118, truncated=None, score=58.2, evalue=3.5e-09
13:31:29.455 - INFO - NC_RNA_REGION - contig=contig_342, start=99854, stop=100028, strand=-, label=Lysine, product=Lysine riboswitch, length=175, truncated=None, score=66.7, evalue=3.6e-09
13:31:29.455 - INFO - NC_RNA_REGION - predicted=22
13:31:30.072 - INFO - CRISPR - contig=contig_116, start=257009, stop=257230, spacer-length=61, repeat-length=30, # repeats=3, repeat-consensus=ATATGGGGGTATAGCTCAGCTGGGAGCGCG, nt=[ATATGGGGGT..CTTGAATGGC]
13:31:30.072 - INFO - CRISPR - predicted=1
13:31:30.072 - INFO - CDS - create prodigal training info object: meta=False, closed=True
13:31:32.142 - INFO - CDS - contig=contig_1, start=111, stop=1253, strand=+, frame=3, truncated=no, start-type=ATG, RBS-motif=AGGA
13:31:32.142 - INFO - CDS - contig=contig_1, start=1381, stop=1809, strand=+, frame=1, truncated=no, start-type=ATG, RBS-motif=GGA/GAG/AGG
13:31:32.142 - INFO - CDS - contig=contig_1, start=2220, stop=3314, strand=+, frame=3, truncated=no, start-type=ATG, RBS-motif=AGGAG/GGAGG
13:31:32.142 - INFO - CDS - contig=contig_1, start=4650, stop=5858, strand=-, frame=3, truncated=no, start-type=ATG, RBS-motif=AGGAG
13:31:32.142 - INFO - CDS - contig=contig_1, start=6049, stop=7011, strand=-, frame=2, truncated=no, start-type=GTG, RBS-motif=AGxAGG/AGGxGG
13:31:32.142 - INFO - CDS - contig=contig_1, start=7046, stop=8215, strand=-, frame=1, truncated=no, start-type=ATG, RBS-motif=AGGAG
13:31:32.142 - INFO - CDS - contig=contig_1, start=8216, stop=8530, strand=-, frame=1, truncated=no, start-type=ATG, RBS-motif=GGAG/GAGG
13:31:32.142 - INFO - CDS - contig=contig_1, start=8527, stop=9819, strand=-, frame=2, truncated=no, start-type=ATG, RBS-motif=GGAGG
13:31:32.142 - INFO - CDS - contig=contig_1, start=9925, stop=11127, strand=-, frame=2, truncated=no, start-type=ATG, RBS-motif=AGGAGG
13:31:32.143 - INFO - CDS - contig=contig_1, start=11180, stop=12358, strand=-, frame=1, truncated=no, start-type=ATG, RBS-motif=AGGAG
13:31:32.143 - INFO - CDS - contig=contig_1, start=12385, stop=13659, strand=-, frame=2, truncated=no, start-type=ATG, RBS-motif=AGGAG
13:31:32.143 - INFO - CDS - contig=contig_1, start=13659, stop=14234, strand=-, frame=3, truncated=no, start-type=GTG, RBS-motif=AGGAGG
13:31:32.143 - INFO - CDS - contig=contig_1, start=14316, stop=15428, strand=-, frame=3, truncated=no, start-type=GTG, RBS-motif=GGA/GAG/AGG
13:31:32.143 - INFO - CDS - contig=contig_1, start=15728, stop=16624, strand=+, frame=2, truncated=no, start-type=ATG, RBS-motif=AGGA/GGAG/GAGG
13:31:32.143 - INFO - CDS - contig=contig_1, start=16744, stop=16992, strand=+, frame=1, truncated=no, start-type=GTG, RBS-motif=GGAG/GAGG
13:31:32.143 - INFO - CDS - contig=contig_1, start=17117, stop=17446, strand=-, frame=1, truncated=no, start-type=ATG, RBS-motif=AGGAGG
13:31:32.143 - INFO - CDS - contig=contig_1, start=17692, stop=19827, strand=+, frame=1, truncated=no, start-type=ATG, RBS-motif=GGAGG
13:31:32.143 - INFO - CDS - contig=contig_1, start=19889, stop=21046, strand=-, frame=1, truncated=no, start-type=ATG, RBS-motif=GGAGG
13:31:32.143 - INFO - CDS - contig=contig_1, start=21414, stop=22739, strand=-, frame=3, truncated=no, start-type=ATG, RBS-motif=AGGAG
13:31:32.143 - INFO - CDS - contig=contig_1, start=22859, stop=24040, strand=-, frame=1, truncated=no, start-type=ATG, RBS-motif=AGGAG
13:31:32.143 - INFO - CDS - contig=contig_1, start=24213, stop=25478, strand=-, frame=3, truncated=no, start-type=ATG, RBS-motif=AGGAGG
13:31:32.143 - INFO - CDS - contig=contig_1, start=25519, stop=26505, strand=-, frame=2, truncated=no, start-type=ATG, RBS-motif=GGA/GAG/AGG
13:31:32.143 - INFO - CDS - contig=contig_1, start=26507, stop=26830, strand=-, frame=1, truncated=no, start-type=ATG, RBS-motif=AGGAGG
13:31:32.143 - INFO - CDS - contig=contig_1, start=26945, stop=28756, strand=-, frame=1, truncated=no, start-type=ATG, RBS-motif=GGAG/GAGG
13:31:32.144 - INFO - CDS - contig=contig_1, start=28810, stop=29523, strand=-, frame=2, truncated=no, start-type=ATG, RBS-motif=GGAG/GAGG
13:31:32.144 - INFO - CDS - contig=contig_1, start=29702, stop=30688, strand=+, frame=2, truncated=no, start-type=ATG, RBS-motif=GGAGG
13:31:32.144 - INFO - CDS - contig=contig_1, start=30959, stop=31465, strand=+, frame=2, truncated=no, start-type=GTG, RBS-motif=AGGAGG
13:31:32.144 - INFO - CDS - contig=contig_1, start=31452, stop=32444, strand=+, frame=3, truncated=no, start-type=ATG, RBS-motif=GGAGG
13:31:32.144 - INFO - CDS - contig=contig_1, start=32933, stop=34417, strand=+, frame=2, truncated=no, start-type=GTG, RBS-motif=AGxAGG/AGGxGG
13:31:32.144 - INFO - CDS - contig=contig_1, start=34469, stop=35365, strand=-, frame=1, truncated=no, start-type=ATG, RBS-motif=AGGAGG
13:31:32.144 - INFO - CDS - contig=contig_1, start=35562, stop=35825, strand=+, frame=3, truncated=no, start-type=TTG, RBS-motif=AGGAGG
13:31:32.144 - INFO - CDS - contig=contig_1, start=35915, stop=36796, strand=+, frame=2, truncated=no, start-type=TTG, RBS-motif=AGxAGG/AGGxGG
13:31:32.144 - INFO - CDS - contig=contig_1, start=36789, stop=37325, strand=+, frame=3, truncated=no, start-type=ATG, RBS-motif=GGAGG
13:31:32.144 - INFO - CDS - contig=contig_1, start=37633, stop=39051, strand=+, frame=1, truncated=no, start-type=ATG, RBS-motif=AGGAG
13:31:32.144 - INFO - CDS - contig=contig_1, start=39048, stop=40922, strand=+, frame=3, truncated=no, start-type=TTG, RBS-motif=AGGAG/GGAGG
13:31:32.144 - INFO - CDS - contig=contig_1, start=40968, stop=41165, strand=-, frame=3, truncated=no, start-type=ATG, RBS-motif=AGGAGG
13:31:32.144 - INFO - CDS - contig=contig_1, start=41281, stop=41589, strand=+, frame=1, truncated=no, start-type=ATG, RBS-motif=GGAG/GAGG
13:31:32.144 - INFO - CDS - contig=contig_1, start=41692, stop=43488, strand=-, frame=2, truncated=no, start-type=GTG, RBS-motif=GGAG/GAGG
13:31:32.144 - INFO - CDS - contig=contig_1, start=43531, stop=44085, strand=-, frame=2, truncated=no, start-type=GTG, RBS-motif=GGAGG
13:31:32.145 - INFO - CDS - contig=contig_1, start=44120, stop=45100, strand=-, frame=1, truncated=no, start-type=ATG, RBS-motif=AGGAG
13:31:32.145 - INFO - CDS - contig=contig_1, start=45143, stop=46486, strand=-, frame=1, truncated=no, start-type=ATG, RBS-motif=AGGA
13:31:32.145 - INFO - CDS - contig=contig_1, start=46801, stop=47217, strand=-, frame=2, truncated=no, start-type=ATG, RBS-motif=AGxAGG/AGGxGG
13:31:32.145 - INFO - CDS - contig=contig_1, start=47293, stop=48030, strand=-, frame=2, truncated=no, start-type=ATG, RBS-motif=GGAGG
13:31:32.145 - INFO - CDS - contig=contig_1, start=48164, stop=48886, strand=-, frame=1, truncated=no, start-type=GTG, RBS-motif=AGxAGG/AGGxGG
13:31:32.145 - INFO - CDS - contig=contig_1, start=48897, stop=49217, strand=-, frame=3, truncated=no, start-type=TTG, RBS-motif=AGGAGG
13:31:32.145 - INFO - CDS - contig=contig_1, start=49237, stop=49656, strand=-, frame=2, truncated=no, start-type=GTG, RBS-motif=AGGAGG
13:31:32.145 - INFO - CDS - contig=contig_1, start=49748, stop=51061, strand=-, frame=1, truncated=no, start-type=ATG, RBS-motif=AGGAG
13:31:32.145 - INFO - CDS - contig=contig_1, start=51131, stop=51658, strand=-, frame=1, truncated=no, start-type=GTG, RBS-motif=GGAGG
13:31:32.145 - INFO - CDS - contig=contig_1, start=51655, stop=52548, strand=-, frame=2, truncated=no, start-type=ATG, RBS-motif=AGxAGG/AGGxGG
13:31:32.145 - INFO - CDS - contig=contig_1, start=52615, stop=53373, strand=-, frame=2, truncated=no, start-type=ATG, RBS-motif=GGA/GAG/AGG
13:31:32.145 - INFO - CDS - contig=contig_1, start=53572, stop=54369, strand=-, frame=2, truncated=no, start-type=ATG, RBS-motif=GGAG/GAGG
13:31:32.145 - INFO - CDS - contig=contig_1, start=54540, stop=55397, strand=-, frame=3, truncated=no, start-type=ATG, RBS-motif=GGAG/GAGG
13:31:32.145 - INFO - CDS - contig=contig_1, start=55439, stop=57064, strand=-, frame=1, truncated=no, start-type=ATG, RBS-motif=AGGAG
13:31:32.145 - INFO - CDS - contig=contig_1, start=57341, stop=57916, strand=+, frame=2, truncated=no, start-type=ATG, RBS-motif=GGAG/GAGG
13:31:32.145 - INFO - CDS - contig=contig_1, start=58113, stop=59360, strand=+, frame=3, truncated=no, start-type=ATG, RBS-motif=AGGAGG
13:31:32.146 - INFO - CDS - contig=contig_1, start=59579, stop=61162, strand=+, frame=2, truncated=no, start-type=ATG, RBS-motif=GGA/GAG/AGG
13:31:32.146 - INFO - CDS - contig=contig_1, start=61159, stop=62253, strand=+, frame=1, truncated=no, start-type=ATG, RBS-motif=AGGAGG
13:31:32.146 - INFO - CDS - contig=contig_1, start=62250, stop=63233, strand=+, frame=3, truncated=no, start-type=ATG, RBS-motif=AGGAGG
13:31:32.146 - INFO - CDS - contig=contig_1, start=63705, stop=65054, strand=+, frame=3, truncated=no, start-type=ATG, RBS-motif=GGA/GAG/AGG
13:31:32.146 - INFO - CDS - contig=contig_1, start=65113, stop=65244, strand=+, frame=1, truncated=no, start-type=ATG, RBS-motif=GGAG/GAGG
13:31:32.146 - INFO - CDS - contig=contig_1, start=65855, stop=66439, strand=+, frame=2, truncated=no, start-type=ATG, RBS-motif=AGGA
13:31:32.146 - INFO - CDS - contig=contig_1, start=66487, stop=67155, strand=+, frame=1, truncated=no, start-type=GTG, RBS-motif=AGxAGG/AGGxGG
13:31:32.146 - INFO - CDS - contig=contig_1, start=67205, stop=67783, strand=-, frame=1, truncated=no, start-type=ATG, RBS-motif=None
13:31:32.146 - INFO - CDS - contig=contig_1, start=67780, stop=69156, strand=-, frame=2, truncated=no, start-type=ATG, RBS-motif=AGGAG
13:31:32.146 - INFO - CDS - contig=contig_1, start=69314, stop=71623, strand=+, frame=2, truncated=no, start-type=ATG, RBS-motif=AGGAGG
13:31:32.146 - INFO - CDS - contig=contig_1, start=71679, stop=72560, strand=+, frame=3, truncated=no, start-type=GTG, RBS-motif=GGA/GAG/AGG
13:31:32.146 - INFO - CDS - contig=contig_1, start=72557, stop=73045, strand=+, frame=2, truncated=no, start-type=ATG, RBS-motif=AGxAGG/AGGxGG
13:31:32.146 - INFO - CDS - contig=contig_1, start=73176, stop=73676, strand=+, frame=3, truncated=no, start-type=ATG, RBS-motif=GGAG/GAGG
13:31:32.146 - INFO - CDS - contig=contig_1, start=74048, stop=77545, strand=+, frame=2, truncated=no, start-type=ATG, RBS-motif=GGAGG
13:31:32.146 - INFO - CDS - contig=contig_1, start=77594, stop=79414, strand=-, frame=1, truncated=no, start-type=ATG, RBS-motif=AGGA
13:31:32.147 - INFO - CDS - contig=contig_1, start=79693, stop=80196, strand=-, frame=2, truncated=no, start-type=ATG, RBS-motif=GGAG/GAGG
13:31:32.147 - INFO - CDS - contig=contig_1, start=80343, stop=82373, strand=-, frame=3, truncated=no, start-type=ATG, RBS-motif=GGA/GAG/AGG
13:31:32.147 - INFO - CDS - contig=contig_1, start=82373, stop=84112, strand=-, frame=1, truncated=no, start-type=ATG, RBS-motif=AGGAG/GGAGG
13:31:32.147 - INFO - CDS - contig=contig_1, start=84106, stop=84591, strand=-, frame=2, truncated=no, start-type=ATG, RBS-motif=GGAG/GAGG
13:31:32.147 - INFO - CDS - contig=contig_1, start=84759, stop=85370, strand=+, frame=3, truncated=no, start-type=ATG, RBS-motif=AGGAGG
13:31:32.147 - INFO - CDS - contig=contig_1, start=85388, stop=85660, strand=+, frame=2, truncated=no, start-type=ATG, RBS-motif=GGAG/GAGG
13:31:32.147 - INFO - CDS - contig=contig_1, start=85732, stop=86172, strand=-, frame=2, truncated=no, start-type=ATG, RBS-motif=4Base/6BMM
13:31:32.147 - INFO - CDS - contig=contig_1, start=86169, stop=86507, strand=-, frame=3, truncated=no, start-type=ATG, RBS-motif=GGAG/GAGG
13:31:32.147 - INFO - CDS - contig=contig_1, start=86504, stop=86788, strand=-, frame=1, truncated=no, start-type=ATG, RBS-motif=AGxAGG/AGGxGG
13:31:32.147 - INFO - CDS - contig=contig_1, start=86792, stop=89311, strand=-, frame=1, truncated=no, start-type=ATG, RBS-motif=GGA/GAG/AGG
13:31:32.147 - INFO - CDS - contig=contig_1, start=89377, stop=91326, strand=-, frame=2, truncated=no, start-type=ATG, RBS-motif=AGGAGG
13:31:32.147 - INFO - CDS - contig=contig_1, start=91435, stop=91698, strand=-, frame=2, truncated=no, start-type=ATG, RBS-motif=GGAGG
13:31:32.147 - INFO - CDS - contig=contig_1, start=91714, stop=92025, strand=-, frame=2, truncated=no, start-type=ATG, RBS-motif=AGGAG
13:31:32.147 - INFO - CDS - contig=contig_1, start=92036, stop=93139, strand=-, frame=1, truncated=no, start-type=ATG, RBS-motif=AGGA/GGAG/GAGG
13:31:32.147 - INFO - CDS - contig=contig_1, start=93136, stop=93348, strand=-, frame=2, truncated=no, start-type=ATG, RBS-motif=AGGAG
13:31:32.147 - INFO - CDS - contig=contig_1, start=93386, stop=94501, strand=-, frame=1, truncated=no, start-type=ATG, RBS-motif=GGAGG
13:31:32.148 - INFO - CDS - contig=contig_1, start=94777, stop=96090, strand=-, frame=2, truncated=no, start-type=ATG, RBS-motif=GGA/GAG/AGG
13:31:32.148 - INFO - CDS - contig=contig_1, start=96433, stop=96567, strand=+, frame=1, truncated=no, start-type=ATG, RBS-motif=AGGAGG
13:31:32.148 - INFO - CDS - contig=contig_1, start=96661, stop=97011, strand=+, frame=1, truncated=no, start-type=ATG, RBS-motif=GGAG/GAGG
13:31:32.148 - INFO - CDS - contig=contig_1, start=97008, stop=97226, strand=+, frame=3, truncated=no, start-type=TTG, RBS-motif=GGA/GAG/AGG
13:31:32.148 - INFO - CDS - contig=contig_1, start=97290, stop=98648, strand=+, frame=3, truncated=no, start-type=ATG, RBS-motif=GGAGG
13:31:32.148 - INFO - CDS - contig=contig_1, start=98678, stop=99439, strand=+, frame=2, truncated=no, start-type=ATG, RBS-motif=AGGAG
13:31:32.148 - INFO - CDS - contig=contig_1, start=99582, stop=100397, strand=-, frame=3, truncated=no, start-type=ATG, RBS-motif=AGGAG
13:31:32.148 - INFO - CDS - contig=contig_1, start=100431, stop=101369, strand=-, frame=3, truncated=no, start-type=ATG, RBS-motif=GGAG/GAGG
13:31:32.148 - INFO - CDS - contig=contig_1, start=101369, stop=102838, strand=-, frame=1, truncated=no, start-type=ATG, RBS-motif=AGGAG
13:31:32.148 - INFO - CDS - contig=contig_1, start=102876, stop=103484, strand=-, frame=3, truncated=no, start-type=ATG, RBS-motif=AGGAG
13:31:32.148 - INFO - CDS - contig=contig_1, start=103497, stop=103940, strand=-, frame=3, truncated=no, start-type=ATG, RBS-motif=AGGAGG
13:31:32.148 - INFO - CDS - contig=contig_1, start=104146, stop=105570, strand=+, frame=1, truncated=no, start-type=TTG, RBS-motif=GGAGG
13:31:32.148 - INFO - CDS - contig=contig_1, start=105619, stop=108210, strand=+, frame=1, truncated=no, start-type=ATG, RBS-motif=AGGAGG
13:31:32.148 - INFO - CDS - contig=contig_1, start=108251, stop=108943, strand=+, frame=2, truncated=no, start-type=ATG, RBS-motif=AGGAG
13:31:32.148 - INFO - CDS - contig=contig_1, start=108987, stop=110954, strand=+, frame=3, truncated=no, start-type=ATG, RBS-motif=GGA/GAG/AGG
13:31:32.148 - INFO - CDS - contig=contig_1, start=111048, stop=111278, strand=+, frame=3, truncated=no, start-type=ATG, RBS-motif=AGGA
13:31:32.149 - INFO - CDS - contig=contig_1, start=111316, stop=112542, strand=+, frame=1, truncated=no, start-type=ATG, RBS-motif=GGAG/GAGG
13:31:32.149 - INFO - CDS - contig=contig_1, start=112630, stop=113340, strand=+, frame=1, truncated=no, start-type=ATG, RBS-motif=GGAG/GAGG
13:31:32.149 - INFO - CDS - contig=contig_1, start=113367, stop=113876, strand=+, frame=3, truncated=no, start-type=ATG, RBS-motif=AGGAGG
13:31:32.149 - INFO - CDS - contig=contig_1, start=113926, stop=114648, strand=+, frame=1, truncated=no, start-type=ATG, RBS-motif=GGA/GAG/AGG
13:31:32.149 - INFO - CDS - contig=contig_1, start=114703, stop=115296, strand=-, frame=2, truncated=no, start-type=ATG, RBS-motif=GGA/GAG/AGG
13:31:32.149 - INFO - CDS - contig=contig_1, start=115375, stop=116334, strand=-, frame=2, truncated=no, start-type=ATG, RBS-motif=GGAG/GAGG
13:31:32.149 - INFO - CDS - contig=contig_1, start=116397, stop=117560, strand=-, frame=3, truncated=no, start-type=GTG, RBS-motif=GGAG/GAGG
13:31:32.149 - INFO - CDS - contig=contig_1, start=117736, stop=118221, strand=-, frame=2, truncated=no, start-type=ATG, RBS-motif=AGGAG
13:31:32.149 - INFO - CDS - contig=contig_1, start=118430, stop=118810, strand=+, frame=2, truncated=no, start-type=ATG, RBS-motif=GGAG/GAGG
13:31:32.149 - INFO - CDS - contig=contig_1, start=118807, stop=119709, strand=+, frame=1, truncated=no, start-type=ATG, RBS-motif=AGxAGG/AGGxGG
13:31:32.149 - INFO - CDS - contig=contig_1, start=119684, stop=121594, strand=+, frame=2, truncated=no, start-type=ATG, RBS-motif=GGAGG
13:31:32.149 - INFO - CDS - contig=contig_1, start=121788, stop=121970, strand=+, frame=3, truncated=no, start-type=ATG, RBS-motif=GGAGG
13:31:32.149 - INFO - CDS - contig=contig_1, start=122239, stop=123498, strand=+, frame=1, truncated=no, start-type=ATG, RBS-motif=GGAGG
13:31:32.149 - INFO - CDS - contig=contig_1, start=124066, stop=125274, strand=+, frame=1, truncated=no, start-type=ATG, RBS-motif=AGGAGG
13:31:32.149 - INFO - CDS - contig=contig_1, start=125452, stop=125823, strand=+, frame=1, truncated=no, start-type=ATG, RBS-motif=AGxAGG/AGGxGG
13:31:32.149 - INFO - CDS - contig=contig_1, start=125824, stop=126513, strand=+, frame=1, truncated=no, start-type=ATG, RBS-motif=AGGAGG
13:31:32.150 - INFO - CDS - contig=contig_1, start=126573, stop=129218, strand=+, frame=3, truncated=no, start-type=ATG, RBS-motif=AGGA
13:31:32.150 - INFO - CDS - contig=contig_1, start=129301, stop=130005, strand=+, frame=1, truncated=no, start-type=ATG, RBS-motif=GGAG/GAGG
13:31:32.150 - INFO - CDS - contig=contig_1, start=130349, stop=131866, strand=+, frame=2, truncated=no, start-type=ATG, RBS-motif=AGGAGG
13:31:32.150 - INFO - CDS - contig=contig_1, start=131863, stop=132825, strand=+, frame=1, truncated=no, start-type=ATG, RBS-motif=GGAGG
13:31:32.150 - INFO - CDS - contig=contig_1, start=132809, stop=133900, strand=+, frame=2, truncated=no, start-type=ATG, RBS-motif=GGAG/GAGG
13:31:32.150 - INFO - CDS - contig=contig_1, start=140732, stop=141421, strand=+, frame=2, truncated=no, start-type=ATG, RBS-motif=GGAG/GAGG
13:31:32.150 - INFO - CDS - contig=contig_1, start=141788, stop=142522, strand=+, frame=2, truncated=no, start-type=ATG, RBS-motif=GGAG/GAGG
13:31:32.150 - INFO - CDS - contig=contig_1, start=142672, stop=145305, strand=+, frame=1, truncated=no, start-type=ATG, RBS-motif=AGGAGG
13:31:32.150 - INFO - CDS - contig=contig_1, start=145785, stop=146855, strand=-, frame=3, truncated=no, start-type=GTG, RBS-motif=AGGA
13:31:32.150 - INFO - CDS - contig=contig_1, start=146836, stop=147267, strand=-, frame=2, truncated=no, start-type=ATG, RBS-motif=GGAG/GAGG
13:31:32.150 - INFO - CDS - contig=contig_1, start=147783, stop=148334, strand=+, frame=3, truncated=no, start-type=TTG, RBS-motif=AGGAGG
13:31:32.150 - INFO - CDS - contig=contig_1, start=148327, stop=149202, strand=+, frame=1, truncated=no, start-type=ATG, RBS-motif=AGGAG
13:31:32.150 - INFO - CDS - contig=contig_1, start=149350, stop=150309, strand=+, frame=1, truncated=no, start-type=ATG, RBS-motif=AGGAGG
13:31:32.150 - INFO - CDS - contig=contig_1, start=150314, stop=151438, strand=+, frame=2, truncated=no, start-type=GTG, RBS-motif=GGA/GAG/AGG
13:31:32.150 - INFO - CDS - contig=contig_1, start=151584, stop=152765, strand=+, frame=3, truncated=no, start-type=ATG, RBS-motif=GGAG/GAGG
13:31:32.150 - INFO - CDS - contig=contig_1, start=152877, stop=153254, strand=+, frame=3, truncated=no, start-type=ATG, RBS-motif=AGxAGG/AGGxGG
13:31:32.151 - INFO - CDS - contig=contig_1, start=153336, stop=154103, strand=+, frame=3, truncated=no, start-type=ATG, RBS-motif=AGxAGG/AGGxGG
13:31:32.151 - INFO - CDS - contig=contig_1, start=154109, stop=154588, strand=+, frame=2, truncated=no, start-type=ATG, RBS-motif=GGxGG
13:31:32.151 - INFO - CDS - contig=contig_1, start=154585, stop=155277, strand=+, frame=1, truncated=no, start-type=GTG, RBS-motif=GGAGG
13:31:32.151 - INFO - CDS - contig=contig_1, start=155346, stop=156209, strand=+, frame=3, truncated=no, start-type=TTG, RBS-motif=AGGAGG
13:31:32.151 - INFO - CDS - contig=contig_1, start=156229, stop=156684, strand=+, frame=1, truncated=no, start-type=ATG, RBS-motif=GGA/GAG/AGG
13:31:32.151 - INFO - CDS - contig=contig_1, start=156871, stop=158154, strand=-, frame=2, truncated=no, start-type=ATG, RBS-motif=AGGAGG
13:31:32.151 - INFO - CDS - contig=contig_1, start=158233, stop=158517, strand=-, frame=2, truncated=no, start-type=ATG, RBS-motif=GGAGG
13:31:32.151 - INFO - CDS - contig=contig_1, start=158522, stop=158851, strand=-, frame=1, truncated=no, start-type=ATG, RBS-motif=None
13:31:32.151 - INFO - CDS - contig=contig_1, start=158851, stop=159162, strand=-, frame=2, truncated=no, start-type=ATG, RBS-motif=AGGAG
13:31:32.151 - INFO - CDS - contig=contig_1, start=159339, stop=160217, strand=-, frame=3, truncated=no, start-type=ATG, RBS-motif=GGAGG
13:31:32.151 - INFO - CDS - contig=contig_1, start=160214, stop=161578, strand=-, frame=1, truncated=no, start-type=ATG, RBS-motif=AGGAG/GGAGG
13:31:32.151 - INFO - CDS - contig=contig_1, start=161569, stop=162372, strand=-, frame=2, truncated=no, start-type=ATG, RBS-motif=AGGAGG
13:31:32.151 - INFO - CDS - contig=contig_1, start=162517, stop=163017, strand=+, frame=1, truncated=no, start-type=ATG, RBS-motif=AGGAGG
13:31:32.151 - INFO - CDS - contig=contig_1, start=163345, stop=164727, strand=+, frame=1, truncated=no, start-type=ATG, RBS-motif=AGGAGG
13:31:32.151 - INFO - CDS - contig=contig_1, start=164851, stop=166086, strand=+, frame=1, truncated=no, start-type=TTG, RBS-motif=AGGA/GGAG/GAGG
13:31:32.151 - INFO - CDS - contig=contig_1, start=166172, stop=167383, strand=+, frame=2, truncated=no, start-type=ATG, RBS-motif=AGGA/GGAG/GAGG
13:31:32.151 - INFO - CDS - contig=contig_1, start=167493, stop=168038, strand=+, frame=3, truncated=no, start-type=ATG, RBS-motif=AGGAG
13:31:32.151 - INFO - CDS - contig=contig_1, start=168121, stop=169062, strand=-, frame=2, truncated=no, start-type=ATG, RBS-motif=AGGAGG
13:31:32.152 - INFO - CDS - contig=contig_1, start=169174, stop=170373, strand=-, frame=2, truncated=no, start-type=ATG, RBS-motif=AGGAG
13:31:32.152 - INFO - CDS - contig=contig_1, start=170511, stop=171893, strand=-, frame=3, truncated=no, start-type=ATG, RBS-motif=AGGAG/GGAGG
13:31:32.152 - INFO - CDS - contig=contig_1, start=171950, stop=173161, strand=-, frame=1, truncated=no, start-type=ATG, RBS-motif=GGAGG
13:31:32.152 - INFO - CDS - contig=contig_1, start=173371, stop=175923, strand=+, frame=1, truncated=no, start-type=ATG, RBS-motif=AGGAGG
13:31:32.152 - INFO - CDS - contig=contig_1, start=176057, stop=178231, strand=+, frame=2, truncated=no, start-type=ATG, RBS-motif=AGGAG/GGAGG
13:31:32.152 - INFO - CDS - contig=contig_1, start=178302, stop=179552, strand=-, frame=3, truncated=no, start-type=ATG, RBS-motif=AGGAG
13:31:32.152 - INFO - CDS - contig=contig_1, start=179605, stop=180144, strand=-, frame=2, truncated=no, start-type=ATG, RBS-motif=GGAG/GAGG
13:31:32.152 - INFO - CDS - contig=contig_1, start=180284, stop=180874, strand=+, frame=2, truncated=no, start-type=ATG, RBS-motif=AGGAG
13:31:32.152 - INFO - CDS - contig=contig_1, start=180874, stop=182262, strand=+, frame=1, truncated=no, start-type=ATG, RBS-motif=GGAG/GAGG
13:31:32.152 - INFO - CDS - contig=contig_1, start=182342, stop=183367, strand=-, frame=1, truncated=no, start-type=TTG, RBS-motif=GGA/GAG/AGG
13:31:32.152 - INFO - CDS - contig=contig_1, start=183377, stop=184570, strand=-, frame=1, truncated=no, start-type=ATG, RBS-motif=AGGAGG
13:31:32.152 - INFO - CDS - contig=contig_1, start=184628, stop=186442, strand=-, frame=1, truncated=no, start-type=ATG, RBS-motif=GGA/GAG/AGG
13:31:32.152 - INFO - CDS - contig=contig_1, start=186447, stop=187343, strand=-, frame=3, truncated=no, start-type=ATG, RBS-motif=GGAGG
13:31:32.152 - INFO - CDS - contig=contig_1, start=187546, stop=188256, strand=+, frame=1, truncated=no, start-type=ATG, RBS-motif=AGxAGG/AGGxGG
13:31:32.152 - INFO - CDS - contig=contig_1, start=188253, stop=188585, strand=+, frame=3, truncated=no, start-type=ATG, RBS-motif=AGGAGG
13:31:32.152 - INFO - CDS - contig=contig_1, start=188658, stop=189362, strand=-, frame=3, truncated=no, start-type=ATG, RBS-motif=GGAGG
13:31:32.153 - INFO - CDS - contig=contig_1, start=189359, stop=190417, strand=-, frame=1, truncated=no, start-type=ATG, RBS-motif=AGGAG
13:31:32.153 - INFO - CDS - contig=contig_1, start=191097, stop=192437, strand=+, frame=3, truncated=no, start-type=ATG, RBS-motif=3Base/5BMM
13:31:32.153 - INFO - CDS - contig=contig_1, start=193186, stop=194793, strand=+, frame=1, truncated=no, start-type=TTG, RBS-motif=GGAGG
13:31:32.153 - INFO - CDS - contig=contig_1, start=194883, stop=195479, strand=+, frame=3, truncated=no, start-type=ATG, RBS-motif=GGAG/GAGG
13:31:32.153 - INFO - CDS - contig=contig_1, start=195571, stop=196446, strand=-, frame=2, truncated=no, start-type=ATG, RBS-motif=AGGAG
13:31:32.153 - INFO - CDS - contig=contig_1, start=196547, stop=197815, strand=-, frame=1, truncated=no, start-type=ATG, RBS-motif=AGxAGG/AGGxGG
13:31:32.153 - INFO - CDS - contig=contig_1, start=197812, stop=198936, strand=-, frame=2, truncated=no, start-type=ATG, RBS-motif=AGGA
13:31:32.153 - INFO - CDS - contig=contig_1, start=199102, stop=199584, strand=+, frame=1, truncated=no, start-type=GTG, RBS-motif=GGAGG
13:31:32.153 - INFO - CDS - contig=contig_1, start=199679, stop=200296, strand=-, frame=1, truncated=no, start-type=ATG, RBS-motif=GGAGG
13:31:32.153 - INFO - CDS - contig=contig_1, start=200293, stop=201075, strand=-, frame=2, truncated=no, start-type=ATG, RBS-motif=GGAG/GAGG
13:31:32.153 - INFO - CDS - contig=contig_1, start=201144, stop=201656, strand=-, frame=3, truncated=no, start-type=ATG, RBS-motif=AGGAGG
13:31:32.153 - INFO - CDS - contig=contig_1, start=201772, stop=203148, strand=+, frame=1, truncated=no, start-type=ATG, RBS-motif=GGAGG
13:31:32.153 - INFO - CDS - contig=contig_1, start=203226, stop=204500, strand=+, frame=3, truncated=no, start-type=ATG, RBS-motif=GGAGG
13:31:32.153 - INFO - CDS - contig=contig_1, start=204542, stop=205306, strand=+, frame=2, truncated=no, start-type=ATG, RBS-motif=AGGAGG
13:31:32.153 - INFO - CDS - contig=contig_1, start=205303, stop=205995, strand=+, frame=1, truncated=no, start-type=ATG, RBS-motif=AGGA
13:31:32.154 - INFO - CDS - contig=contig_1, start=206112, stop=208487, strand=+, frame=3, truncated=no, start-type=ATG, RBS-motif=GGxGG
13:31:32.154 - INFO - CDS - contig=contig_1, start=208480, stop=209391, strand=+, frame=1, truncated=no, start-type=ATG, RBS-motif=AGGAG/GGAGG
13:31:32.154 - INFO - CDS - contig=contig_1, start=209513, stop=210349, strand=-, frame=1, truncated=no, start-type=ATG, RBS-motif=AGGA
13:31:32.154 - INFO - CDS - contig=contig_1, start=210499, stop=210684, strand=-, frame=2, truncated=no, start-type=ATG, RBS-motif=AGGAGG
13:31:32.154 - INFO - CDS - contig=contig_1, start=210880, stop=211230, strand=+, frame=1, truncated=no, start-type=ATG, RBS-motif=AGGA
13:31:32.154 - INFO - CDS - contig=contig_1, start=211250, stop=212875, strand=+, frame=2, truncated=no, start-type=ATG, RBS-motif=GGA/GAG/AGG
13:31:32.154 - INFO - CDS - contig=contig_1, start=212946, stop=213815, strand=+, frame=3, truncated=no, start-type=ATG, RBS-motif=GGA/GAG/AGG
13:31:32.154 - INFO - CDS - contig=contig_1, start=213901, stop=215340, strand=+, frame=1, truncated=no, start-type=ATG, RBS-motif=GGAG/GAGG
13:31:32.154 - INFO - CDS - contig=contig_1, start=215462, stop=215569, strand=+, frame=2, truncated=no, start-type=ATG, RBS-motif=GGAG/GAGG
13:31:32.154 - INFO - CDS - contig=contig_1, start=215678, stop=216697, strand=+, frame=2, truncated=no, start-type=ATG, RBS-motif=AGGA
13:31:32.154 - INFO - CDS - contig=contig_1, start=216725, stop=217786, strand=+, frame=2, truncated=no, start-type=ATG, RBS-motif=AGGAG
13:31:32.154 - INFO - CDS - contig=contig_1, start=217818, stop=219053, strand=+, frame=3, truncated=no, start-type=ATG, RBS-motif=AGGAG
13:31:32.154 - INFO - CDS - contig=contig_1, start=219087, stop=220130, strand=+, frame=3, truncated=no, start-type=ATG, RBS-motif=AGGAG
13:31:32.154 - INFO - CDS - contig=contig_1, start=220416, stop=221573, strand=+, frame=3, truncated=no, start-type=ATG, RBS-motif=AGGAG
13:31:32.154 - INFO - CDS - contig=contig_1, start=221570, stop=222061, strand=+, frame=2, truncated=no, start-type=ATG, RBS-motif=AGxAGG/AGGxGG
13:31:32.154 - INFO - CDS - contig=contig_1, start=222058, stop=222489, strand=+, frame=1, truncated=no, start-type=ATG, RBS-motif=GGAGG
13:31:32.154 - INFO - CDS - contig=contig_1, start=222525, stop=223928, strand=+, frame=3, truncated=no, start-type=ATG, RBS-motif=GGAGG
13:31:32.155 - INFO - CDS - contig=contig_1, start=223950, stop=224819, strand=+, frame=3, truncated=no, start-type=ATG, RBS-motif=AGGAG
13:31:32.155 - INFO - CDS - contig=contig_1, start=225204, stop=225518, strand=+, frame=3, truncated=no, start-type=ATG, RBS-motif=AGGAGG
13:31:32.155 - INFO - CDS - contig=contig_1, start=225646, stop=226371, strand=+, frame=1, truncated=no, start-type=ATG, RBS-motif=AGGAGG
13:31:32.155 - INFO - CDS - contig=contig_1, start=226390, stop=227004, strand=+, frame=1, truncated=no, start-type=ATG, RBS-motif=AGGAG
13:31:32.155 - INFO - CDS - contig=contig_1, start=227004, stop=227303, strand=+, frame=3, truncated=no, start-type=ATG, RBS-motif=AGGAGG
13:31:32.155 - INFO - CDS - contig=contig_1, start=227318, stop=228151, strand=+, frame=2, truncated=no, start-type=ATG, RBS-motif=AGGAGG
13:31:32.155 - INFO - CDS - contig=contig_1, start=228165, stop=228437, strand=+, frame=3, truncated=no, start-type=ATG, RBS-motif=AGGAGG
13:31:32.155 - INFO - CDS - contig=contig_1, start=228452, stop=228784, strand=+, frame=2, truncated=no, start-type=ATG, RBS-motif=AGGAGG
13:31:32.155 - INFO - CDS - contig=contig_1, start=228800, stop=229657, strand=+, frame=2, truncated=no, start-type=ATG, RBS-motif=AGGAGG
13:31:32.155 - INFO - CDS - contig=contig_1, start=229658, stop=230095, strand=+, frame=2, truncated=no, start-type=ATG, RBS-motif=AGGAGG
13:31:32.155 - INFO - CDS - contig=contig_1, start=230092, stop=230295, strand=+, frame=1, truncated=no, start-type=ATG, RBS-motif=GGA/GAG/AGG
13:31:32.155 - INFO - CDS - contig=contig_1, start=230312, stop=230575, strand=+, frame=2, truncated=no, start-type=ATG, RBS-motif=AGGAGG
13:31:32.155 - INFO - CDS - contig=contig_1, start=230588, stop=230956, strand=+, frame=2, truncated=no, start-type=ATG, RBS-motif=AGGAGG
13:31:32.155 - INFO - CDS - contig=contig_1, start=230974, stop=231291, strand=+, frame=1, truncated=no, start-type=ATG, RBS-motif=AGGAG
13:31:32.155 - INFO - CDS - contig=contig_1, start=231309, stop=231869, strand=+, frame=3, truncated=no, start-type=ATG, RBS-motif=AGGAGG
13:31:32.155 - INFO - CDS - contig=contig_1, start=231884, stop=232069, strand=+, frame=2, truncated=no, start-type=ATG, RBS-motif=AGGAGG
13:31:32.155 - INFO - CDS - contig=contig_1, start=232248, stop=232649, strand=+, frame=3, truncated=no, start-type=ATG, RBS-motif=AGGAGG
13:31:32.155 - INFO - CDS - contig=contig_1, start=232665, stop=233213, strand=+, frame=3, truncated=no, start-type=ATG, RBS-motif=AGGAGG
13:31:32.156 - INFO - CDS - contig=contig_1, start=233231, stop=233590, strand=+, frame=2, truncated=no, start-type=ATG, RBS-motif=AGGAGG
13:31:32.156 - INFO - CDS - contig=contig_1, start=233609, stop=234109, strand=+, frame=2, truncated=no, start-type=TTG, RBS-motif=AGGAGG
13:31:32.156 - INFO - CDS - contig=contig_1, start=234125, stop=234307, strand=+, frame=2, truncated=no, start-type=ATG, RBS-motif=AGGAGG
13:31:32.156 - INFO - CDS - contig=contig_1, start=234321, stop=234761, strand=+, frame=3, truncated=no, start-type=ATG, RBS-motif=AGGAGG
13:31:32.156 - INFO - CDS - contig=contig_1, start=234763, stop=236112, strand=+, frame=1, truncated=no, start-type=GTG, RBS-motif=GGAG/GAGG
13:31:32.156 - INFO - CDS - contig=contig_1, start=236133, stop=236768, strand=+, frame=3, truncated=no, start-type=ATG, RBS-motif=AGGAG/GGAGG
13:31:32.156 - INFO - CDS - contig=contig_1, start=236779, stop=237534, strand=+, frame=1, truncated=no, start-type=ATG, RBS-motif=3Base/5BMM
13:31:32.156 - INFO - CDS - contig=contig_1, start=237536, stop=237790, strand=+, frame=2, truncated=no, start-type=ATG, RBS-motif=GGAG/GAGG
13:31:32.156 - INFO - CDS - contig=contig_1, start=237795, stop=238013, strand=+, frame=3, truncated=no, start-type=TTG, RBS-motif=AGGAGG
13:31:32.156 - INFO - CDS - contig=contig_1, start=238108, stop=238221, strand=+, frame=1, truncated=no, start-type=ATG, RBS-motif=AGGAGG
13:31:32.156 - INFO - CDS - contig=contig_1, start=238243, stop=238611, strand=+, frame=1, truncated=no, start-type=ATG, RBS-motif=AGGAGG
13:31:32.156 - INFO - CDS - contig=contig_1, start=238624, stop=239022, strand=+, frame=1, truncated=no, start-type=ATG, RBS-motif=AGGAGG
13:31:32.156 - INFO - CDS - contig=contig_1, start=239043, stop=239645, strand=+, frame=3, truncated=no, start-type=ATG, RBS-motif=AGGAGG
13:31:32.156 - INFO - CDS - contig=contig_1, start=239723, stop=240676, strand=+, frame=2, truncated=no, start-type=ATG, RBS-motif=AGGAGG
13:31:32.156 - INFO - CDS - contig=contig_1, start=240702, stop=241043, strand=+, frame=3, truncated=no, start-type=ATG, RBS-motif=AGGAG
13:31:32.156 - INFO - CDS - contig=contig_1, start=241198, stop=241641, strand=+, frame=1, truncated=no, start-type=ATG, RBS-motif=GGAGG
13:31:32.156 - INFO - CDS - contig=contig_1, start=241638, stop=242135, strand=+, frame=3, truncated=no, start-type=ATG, RBS-motif=AGGAGG
13:31:32.156 - INFO - CDS - contig=contig_1, start=242371, stop=245364, strand=+, frame=1, truncated=no, start-type=ATG, RBS-motif=AGGAGG
13:31:32.156 - INFO - CDS - contig=contig_1, start=245595, stop=246008, strand=-, frame=3, truncated=no, start-type=ATG, RBS-motif=GGAGG
13:31:32.157 - INFO - CDS - contig=contig_1, start=246243, stop=246647, strand=+, frame=3, truncated=no, start-type=ATG, RBS-motif=AGxAGG/AGGxGG
13:31:32.157 - INFO - CDS - contig=contig_1, start=246732, stop=249494, strand=-, frame=3, truncated=no, start-type=ATG, RBS-motif=AGGAGG
13:31:32.157 - INFO - CDS - contig=contig_1, start=249818, stop=250234, strand=+, frame=2, truncated=no, start-type=ATG, RBS-motif=AGGAG
13:31:32.157 - INFO - CDS - contig=contig_1, start=250238, stop=250651, strand=+, frame=2, truncated=no, start-type=ATG, RBS-motif=AGGAG
13:31:32.157 - INFO - CDS - contig=contig_1, start=250698, stop=251843, strand=-, frame=3, truncated=no, start-type=TTG, RBS-motif=GGA/GAG/AGG
13:31:32.157 - INFO - CDS - contig=contig_1, start=251869, stop=252912, strand=-, frame=2, truncated=no, start-type=ATG, RBS-motif=GGAGG
13:31:32.157 - INFO - CDS - contig=contig_1, start=252912, stop=253601, strand=-, frame=3, truncated=no, start-type=ATG, RBS-motif=None
13:31:32.157 - INFO - CDS - contig=contig_1, start=253669, stop=254487, strand=-, frame=2, truncated=no, start-type=ATG, RBS-motif=AGGAG
13:31:32.157 - INFO - CDS - contig=contig_1, start=254601, stop=255530, strand=-, frame=3, truncated=no, start-type=ATG, RBS-motif=GGAG/GAGG
13:31:32.157 - INFO - CDS - contig=contig_1, start=255734, stop=256699, strand=-, frame=1, truncated=no, start-type=ATG, RBS-motif=GGAGG
13:31:32.157 - INFO - CDS - contig=contig_1, start=256699, stop=257190, strand=-, frame=2, truncated=no, start-type=ATG, RBS-motif=GGxGG
13:31:32.157 - INFO - CDS - contig=contig_1, start=257193, stop=258221, strand=-, frame=3, truncated=no, start-type=ATG, RBS-motif=AGGAGG
13:31:32.157 - INFO - CDS - contig=contig_1, start=258218, stop=258709, strand=-, frame=1, truncated=no, start-type=ATG, RBS-motif=AGGAGG
13:31:32.157 - INFO - CDS - contig=contig_1, start=259464, stop=260384, strand=-, frame=3, truncated=no, start-type=ATG, RBS-motif=AGGAGG
13:31:32.157 - INFO - CDS - contig=contig_1, start=260384, stop=261121, strand=-, frame=1, truncated=no, start-type=ATG, RBS-motif=AGGAG
13:31:32.158 - INFO - CDS - contig=contig_1, start=261262, stop=261978, strand=+, frame=1, truncated=no, start-type=ATG, RBS-motif=AGGA
13:31:32.158 - INFO - CDS - contig=contig_1, start=262088, stop=263323, strand=+, frame=2, truncated=no, start-type=ATG, RBS-motif=AGGAGG
13:31:32.158 - INFO - CDS - contig=contig_1, start=263511, stop=264392, strand=+, frame=3, truncated=no, start-type=TTG, RBS-motif=AGGA
13:31:32.158 - INFO - CDS - contig=contig_1, start=264406, stop=265446, strand=+, frame=1, truncated=no, start-type=ATG, RBS-motif=AGxAGG/AGGxGG
13:31:32.158 - INFO - CDS - contig=contig_1, start=265443, stop=266291, strand=+, frame=3, truncated=no, start-type=ATG, RBS-motif=AGGAGG
13:31:32.158 - INFO - CDS - contig=contig_1, start=266295, stop=267002, strand=+, frame=3, truncated=no, start-type=GTG, RBS-motif=AGGAGG
13:31:32.158 - INFO - CDS - contig=contig_1, start=267052, stop=267882, strand=-, frame=2, truncated=no, start-type=TTG, RBS-motif=AGxAGG/AGGxGG
13:31:32.158 - INFO - CDS - contig=contig_1, start=268220, stop=269776, strand=-, frame=1, truncated=no, start-type=ATG, RBS-motif=AGGAGG
13:31:32.158 - INFO - CDS - contig=contig_1, start=270114, stop=271388, strand=+, frame=3, truncated=no, start-type=ATG, RBS-motif=GGAGG
13:31:32.158 - INFO - CDS - contig=contig_1, start=271445, stop=272866, strand=+, frame=2, truncated=no, start-type=ATG, RBS-motif=GGxGG
13:31:32.158 - INFO - CDS - contig=contig_1, start=272916, stop=273722, strand=+, frame=3, truncated=no, start-type=ATG, RBS-motif=AGGAG
13:31:32.158 - INFO - CDS - contig=contig_1, start=273735, stop=274739, strand=+, frame=3, truncated=no, start-type=ATG, RBS-motif=AGGAGG
13:31:32.158 - INFO - CDS - contig=contig_1, start=274773, stop=275915, strand=+, frame=3, truncated=no, start-type=ATG, RBS-motif=GGAG/GAGG
13:31:32.158 - INFO - CDS - contig=contig_1, start=276078, stop=276779, strand=+, frame=3, truncated=no, start-type=GTG, RBS-motif=AGGA/GGAG/GAGG
13:31:32.158 - INFO - CDS - contig=contig_1, start=276820, stop=280737, strand=-, frame=2, truncated=no, start-type=ATG, RBS-motif=AGxAGG/AGGxGG
13:31:32.158 - INFO - CDS - contig=contig_1, start=280915, stop=281607, strand=-, frame=2, truncated=no, start-type=ATG, RBS-motif=AGGAGG
13:31:32.159 - INFO - CDS - contig=contig_1, start=281600, stop=281995, strand=-, frame=1, truncated=no, start-type=ATG, RBS-motif=GGAGG
13:31:32.159 - INFO - CDS - contig=contig_1, start=282094, stop=283134, strand=-, frame=2, truncated=no, start-type=ATG, RBS-motif=GGA/GAG/AGG
13:31:32.159 - INFO - CDS - contig=contig_1, start=283277, stop=284638, strand=+, frame=2, truncated=no, start-type=GTG, RBS-motif=AGGAG
13:31:32.159 - INFO - CDS - contig=contig_1, start=284718, stop=285248, strand=-, frame=3, truncated=no, start-type=ATG, RBS-motif=GGAG/GAGG
13:31:32.159 - INFO - CDS - contig=contig_1, start=285326, stop=285439, strand=-, frame=1, truncated=no, start-type=ATG, RBS-motif=GGAG/GAGG
13:31:32.159 - INFO - CDS - contig=contig_1, start=285433, stop=286746, strand=-, frame=2, truncated=no, start-type=GTG, RBS-motif=GGAG/GAGG
13:31:32.159 - INFO - CDS - contig=contig_1, start=286837, stop=287571, strand=-, frame=2, truncated=no, start-type=ATG, RBS-motif=AGxAGG/AGGxGG
13:31:32.159 - INFO - CDS - contig=contig_1, start=287564, stop=288487, strand=-, frame=1, truncated=no, start-type=GTG, RBS-motif=AGGAGG
13:31:32.159 - INFO - CDS - contig=contig_1, start=288532, stop=289014, strand=-, frame=2, truncated=no, start-type=GTG, RBS-motif=GGAGG
13:31:32.159 - INFO - CDS - contig=contig_1, start=289001, stop=289252, strand=-, frame=1, truncated=no, start-type=ATG, RBS-motif=3Base/5BMM
13:31:32.159 - INFO - CDS - contig=contig_1, start=289252, stop=289836, strand=-, frame=2, truncated=no, start-type=ATG, RBS-motif=AGGAGG
13:31:32.159 - INFO - CDS - contig=contig_1, start=289833, stop=291617, strand=-, frame=3, truncated=no, start-type=ATG, RBS-motif=GGAG/GAGG
13:31:32.159 - INFO - CDS - contig=contig_1, start=291746, stop=296026, strand=-, frame=1, truncated=no, start-type=ATG, RBS-motif=GGAG/GAGG
13:31:32.159 - INFO - CDS - contig=contig_1, start=296390, stop=296563, strand=-, frame=1, truncated=no, start-type=ATG, RBS-motif=GGA/GAG/AGG
13:31:32.159 - INFO - CDS - contig=contig_1, start=296653, stop=297435, strand=-, frame=2, truncated=no, start-type=GTG, RBS-motif=GGA/GAG/AGG
13:31:32.159 - INFO - CDS - contig=contig_1, start=297950, stop=298162, strand=+, frame=2, truncated=no, start-type=ATG, RBS-motif=AGGAGG
13:31:32.160 - INFO - CDS - contig=contig_1, start=298267, stop=298953, strand=+, frame=1, truncated=no, start-type=ATG, RBS-motif=GGAGG
13:31:32.160 - INFO - CDS - contig=contig_1, start=299079, stop=300092, strand=-, frame=3, truncated=no, start-type=ATG, RBS-motif=AGGAG
13:31:32.160 - INFO - CDS - contig=contig_1, start=300179, stop=301138, strand=-, frame=1, truncated=no, start-type=ATG, RBS-motif=AGxAGG/AGGxGG
13:31:32.160 - INFO - CDS - contig=contig_1, start=301285, stop=302496, strand=+, frame=1, truncated=no, start-type=ATG, RBS-motif=AGxAGG/AGGxGG
13:31:32.160 - INFO - CDS - contig=contig_1, start=302716, stop=303465, strand=-, frame=2, truncated=no, start-type=ATG, RBS-motif=GGAG/GAGG
13:31:32.160 - INFO - CDS - contig=contig_1, start=303619, stop=305073, strand=-, frame=2, truncated=no, start-type=ATG, RBS-motif=GGA/GAG/AGG
13:31:32.160 - INFO - CDS - contig=contig_1, start=305099, stop=306463, strand=-, frame=1, truncated=no, start-type=GTG, RBS-motif=AGGAG
13:31:32.160 - INFO - CDS - contig=contig_1, start=306613, stop=307428, strand=+, frame=1, truncated=no, start-type=ATG, RBS-motif=AGGAGG
13:31:32.160 - INFO - CDS - contig=contig_1, start=307486, stop=308088, strand=-, frame=2, truncated=no, start-type=ATG, RBS-motif=AGGAGG
13:31:32.160 - INFO - CDS - contig=contig_1, start=308146, stop=308673, strand=-, frame=2, truncated=no, start-type=ATG, RBS-motif=GGAGG
13:31:32.160 - INFO - CDS - contig=contig_1, start=308801, stop=309697, strand=-, frame=1, truncated=no, start-type=ATG, RBS-motif=GGAGG
13:31:32.160 - INFO - CDS - contig=contig_1, start=309727, stop=311097, strand=-, frame=2, truncated=no, start-type=ATG, RBS-motif=AGGAGG
13:31:32.160 - INFO - CDS - contig=contig_1, start=311090, stop=312952, strand=-, frame=1, truncated=no, start-type=TTG, RBS-motif=3Base/5BMM
13:31:32.160 - INFO - CDS - contig=contig_1, start=313088, stop=314092, strand=+, frame=2, truncated=no, start-type=ATG, RBS-motif=GGAGG
13:31:32.160 - INFO - CDS - contig=contig_1, start=314108, stop=315652, strand=+, frame=2, truncated=no, start-type=TTG, RBS-motif=GGAG/GAGG
13:31:32.161 - INFO - CDS - contig=contig_1, start=315664, stop=316677, strand=+, frame=1, truncated=no, start-type=ATG, RBS-motif=GGA/GAG/AGG
13:31:32.161 - INFO - CDS - contig=contig_1, start=316731, stop=317003, strand=-, frame=3, truncated=no, start-type=ATG, RBS-motif=AGGAG/GGAGG
13:31:32.161 - INFO - CDS - contig=contig_1, start=317264, stop=317500, strand=+, frame=2, truncated=no, start-type=ATG, RBS-motif=GGAG/GAGG
13:31:32.161 - INFO - CDS - contig=contig_1, start=317552, stop=318550, strand=-, frame=1, truncated=no, start-type=GTG, RBS-motif=GGAGG
13:31:32.161 - INFO - CDS - contig=contig_1, start=318648, stop=318935, strand=+, frame=3, truncated=no, start-type=ATG, RBS-motif=AGGAGG
13:31:32.161 - INFO - CDS - contig=contig_1, start=318932, stop=319060, strand=+, frame=2, truncated=no, start-type=GTG, RBS-motif=GGAGG
13:31:32.161 - INFO - CDS - contig=contig_1, start=319060, stop=319842, strand=+, frame=1, truncated=no, start-type=ATG, RBS-motif=GGxGG
13:31:32.161 - INFO - CDS - contig=contig_1, start=319832, stop=320278, strand=+, frame=2, truncated=no, start-type=ATG, RBS-motif=AGGA
13:31:32.161 - INFO - CDS - contig=contig_1, start=320456, stop=321286, strand=+, frame=2, truncated=no, start-type=ATG, RBS-motif=AGxAGG/AGGxGG
13:31:32.161 - INFO - CDS - contig=contig_1, start=321355, stop=322398, strand=+, frame=1, truncated=no, start-type=TTG, RBS-motif=AGGAGG
13:31:32.161 - INFO - CDS - contig=contig_1, start=322747, stop=325074, strand=-, frame=2, truncated=no, start-type=ATG, RBS-motif=AGGA/GGAG/GAGG
13:31:32.161 - INFO - CDS - contig=contig_1, start=325116, stop=326324, strand=-, frame=3, truncated=no, start-type=GTG, RBS-motif=AGGAGG
13:31:32.161 - INFO - CDS - contig=contig_1, start=326321, stop=327028, strand=-, frame=1, truncated=no, start-type=ATG, RBS-motif=None
13:31:32.161 - INFO - CDS - contig=contig_1, start=327028, stop=328938, strand=-, frame=2, truncated=no, start-type=ATG, RBS-motif=AGGAGG
13:31:32.161 - INFO - CDS - contig=contig_1, start=329183, stop=330910, strand=-, frame=1, truncated=no, start-type=ATG, RBS-motif=AGGAGG
13:31:32.161 - INFO - CDS - contig=contig_1, start=330907, stop=331215, strand=-, frame=2, truncated=no, start-type=ATG, RBS-motif=AGGAGG
13:31:32.161 - INFO - CDS - contig=contig_1, start=331227, stop=331709, strand=-, frame=3, truncated=no, start-type=ATG, RBS-motif=GGAG/GAGG
13:31:32.162 - INFO - CDS - contig=contig_1, start=331713, stop=332498, strand=-, frame=3, truncated=no, start-type=TTG, RBS-motif=AGGAG
13:31:32.162 - INFO - CDS - contig=contig_1, start=332584, stop=333882, strand=-, frame=2, truncated=no, start-type=TTG, RBS-motif=GGAG/GAGG
13:31:32.162 - INFO - CDS - contig=contig_1, start=334200, stop=334754, strand=+, frame=3, truncated=no, start-type=TTG, RBS-motif=GGxGG
13:31:32.162 - INFO - CDS - contig=contig_1, start=334751, stop=335464, strand=+, frame=2, truncated=no, start-type=ATG, RBS-motif=AGGAGG
13:31:32.162 - INFO - CDS - contig=contig_1, start=335509, stop=337296, strand=+, frame=1, truncated=no, start-type=TTG, RBS-motif=GGAG/GAGG
13:31:32.162 - INFO - CDS - contig=contig_1, start=337283, stop=338605, strand=+, frame=2, truncated=no, start-type=ATG, RBS-motif=GGAGG
13:31:32.162 - INFO - CDS - contig=contig_1, start=338618, stop=339442, strand=+, frame=2, truncated=no, start-type=ATG, RBS-motif=AGGAGG
13:31:32.162 - INFO - CDS - contig=contig_1, start=339614, stop=339907, strand=+, frame=2, truncated=no, start-type=ATG, RBS-motif=AGGAGG
13:31:32.162 - INFO - CDS - contig=contig_1, start=339908, stop=341161, strand=+, frame=2, truncated=no, start-type=ATG, RBS-motif=GGAGG
13:31:32.162 - INFO - CDS - contig=contig_1, start=341174, stop=342319, strand=+, frame=2, truncated=no, start-type=ATG, RBS-motif=GGAGG
13:31:32.162 - INFO - CDS - contig=contig_1, start=342363, stop=343283, strand=+, frame=3, truncated=no, start-type=TTG, RBS-motif=AGGAG
13:31:32.162 - INFO - CDS - contig=contig_1, start=343349, stop=343702, strand=+, frame=2, truncated=no, start-type=ATG, RBS-motif=GGAGG
13:31:32.162 - INFO - CDS - contig=contig_1, start=343718, stop=344749, strand=+, frame=2, truncated=no, start-type=ATG, RBS-motif=AGGAGG
13:31:32.162 - INFO - CDS - contig=contig_1, start=344843, stop=345190, strand=+, frame=2, truncated=no, start-type=TTG, RBS-motif=AGGAGG
13:31:32.162 - INFO - CDS - contig=contig_1, start=345190, stop=345516, strand=+, frame=1, truncated=no, start-type=ATG, RBS-motif=GGAG/GAGG
13:31:32.162 - INFO - CDS - contig=contig_1, start=345513, stop=346004, strand=+, frame=3, truncated=no, start-type=ATG, RBS-motif=AGGAG
13:31:32.162 - INFO - CDS - contig=contig_1, start=346001, stop=347023, strand=+, frame=2, truncated=no, start-type=GTG, RBS-motif=AGGAG
13:31:32.162 - INFO - CDS - contig=contig_1, start=347036, stop=347428, strand=+, frame=2, truncated=no, start-type=ATG, RBS-motif=AGGAGG
13:31:32.163 - INFO - CDS - contig=contig_1, start=347425, stop=347847, strand=+, frame=1, truncated=no, start-type=ATG, RBS-motif=AGGA/GGAG/GAGG
13:31:32.163 - INFO - CDS - contig=contig_1, start=347844, stop=348044, strand=+, frame=3, truncated=no, start-type=ATG, RBS-motif=4Base/6BMM
13:31:32.163 - INFO - CDS - contig=contig_1, start=348041, stop=348586, strand=+, frame=2, truncated=no, start-type=TTG, RBS-motif=None
13:31:32.163 - INFO - CDS - contig=contig_1, start=348598, stop=349179, strand=+, frame=1, truncated=no, start-type=ATG, RBS-motif=AGGAGG
13:31:32.163 - INFO - CDS - contig=contig_1, start=349179, stop=350111, strand=+, frame=3, truncated=no, start-type=ATG, RBS-motif=4Base/6BMM
13:31:32.163 - INFO - CDS - contig=contig_1, start=350168, stop=350554, strand=+, frame=2, truncated=no, start-type=ATG, RBS-motif=AGGAGG
13:31:32.163 - INFO - CDS - contig=contig_1, start=350554, stop=350907, strand=+, frame=1, truncated=no, start-type=ATG, RBS-motif=GGAGG
13:31:32.163 - INFO - CDS - contig=contig_1, start=350904, stop=351959, strand=+, frame=3, truncated=no, start-type=ATG, RBS-motif=GGAGG
13:31:32.163 - INFO - CDS - contig=contig_1, start=351956, stop=352522, strand=+, frame=2, truncated=no, start-type=GTG, RBS-motif=GGxGG
13:31:32.163 - INFO - CDS - contig=contig_1, start=352537, stop=353037, strand=-, frame=2, truncated=no, start-type=ATG, RBS-motif=GGAGG
13:31:32.163 - INFO - CDS - contig=contig_1, start=353102, stop=354058, strand=-, frame=1, truncated=no, start-type=GTG, RBS-motif=AGGAG
13:31:32.163 - INFO - CDS - contig=contig_1, start=354134, stop=357562, strand=-, frame=1, truncated=no, start-type=TTG, RBS-motif=AGGA
13:31:32.163 - INFO - CDS - contig=contig_1, start=357750, stop=359798, strand=+, frame=3, truncated=no, start-type=ATG, RBS-motif=AGGAGG
13:31:32.163 - INFO - CDS - contig=contig_1, start=359859, stop=360245, strand=+, frame=3, truncated=no, start-type=ATG, RBS-motif=GGA/GAG/AGG
13:31:32.163 - INFO - CDS - contig=contig_1, start=360293, stop=361102, strand=-, frame=1, truncated=no, start-type=ATG, RBS-motif=AGGAGG
13:31:32.163 - INFO - CDS - contig=contig_1, start=361106, stop=361903, strand=-, frame=1, truncated=no, start-type=ATG, RBS-motif=GGAGG
13:31:32.163 - INFO - CDS - contig=contig_1, start=361900, stop=362814, strand=-, frame=2, truncated=no, start-type=ATG, RBS-motif=AGGA/GGAG/GAGG
13:31:32.163 - INFO - CDS - contig=contig_1, start=362942, stop=363877, strand=-, frame=1, truncated=no, start-type=ATG, RBS-motif=GGAGG
13:31:32.164 - INFO - CDS - contig=contig_1, start=363870, stop=364916, strand=-, frame=3, truncated=no, start-type=ATG, RBS-motif=AGGAGG
13:31:32.164 - INFO - CDS - contig=contig_1, start=365116, stop=366189, strand=-, frame=2, truncated=no, start-type=ATG, RBS-motif=AGxAGG/AGGxGG
13:31:32.164 - INFO - CDS - contig=contig_1, start=366189, stop=367139, strand=-, frame=3, truncated=no, start-type=ATG, RBS-motif=AGGAGG
13:31:32.164 - INFO - CDS - contig=contig_1, start=367273, stop=369282, strand=-, frame=2, truncated=no, start-type=ATG, RBS-motif=AGxAGG/AGGxGG
13:31:32.164 - INFO - CDS - contig=contig_1, start=369399, stop=370487, strand=-, frame=3, truncated=no, start-type=TTG, RBS-motif=GGAGG
13:31:32.164 - INFO - CDS - contig=contig_1, start=370721, stop=371704, strand=+, frame=2, truncated=no, start-type=ATG, RBS-motif=GGAGG
13:31:32.164 - INFO - CDS - contig=contig_1, start=371714, stop=372046, strand=-, frame=1, truncated=no, start-type=ATG, RBS-motif=AGGAG
13:31:32.164 - INFO - CDS - contig=contig_1, start=372176, stop=374485, strand=+, frame=2, truncated=no, start-type=ATG, RBS-motif=AGxAGG/AGGxGG
13:31:32.164 - INFO - CDS - contig=contig_1, start=374785, stop=376443, strand=+, frame=1, truncated=no, start-type=ATG, RBS-motif=AGGAG(G)/GGAGG
13:31:32.164 - INFO - CDS - contig=contig_1, start=376505, stop=378934, strand=-, frame=1, truncated=no, start-type=ATG, RBS-motif=GGAG/GAGG
13:31:32.164 - INFO - CDS - contig=contig_1, start=379110, stop=380546, strand=-, frame=3, truncated=no, start-type=ATG, RBS-motif=AGGAG
13:31:32.164 - INFO - CDS - contig=contig_1, start=380605, stop=381720, strand=-, frame=2, truncated=no, start-type=ATG, RBS-motif=AGxAGG/AGGxGG
13:31:32.164 - INFO - CDS - contig=contig_1, start=381717, stop=382901, strand=-, frame=3, truncated=no, start-type=ATG, RBS-motif=AGGA
13:31:32.164 - INFO - CDS - contig=contig_1, start=382956, stop=384908, strand=-, frame=3, truncated=no, start-type=ATG, RBS-motif=GGAGG
13:31:32.165 - INFO - CDS - contig=contig_1, start=385162, stop=385503, strand=-, frame=2, truncated=no, start-type=ATG, RBS-motif=AGGAGG
13:31:32.165 - INFO - CDS - contig=contig_1, start=385582, stop=386082, strand=-, frame=2, truncated=no, start-type=ATG, RBS-motif=AGGA/GGAG/GAGG
13:31:32.165 - INFO - CDS - contig=contig_1, start=386328, stop=386702, strand=-, frame=3, truncated=no, start-type=ATG, RBS-motif=AGGAGG
13:31:32.165 - INFO - CDS - contig=contig_1, start=387084, stop=387932, strand=+, frame=3, truncated=no, start-type=ATG, RBS-motif=GGAGG
13:31:32.165 - INFO - CDS - contig=contig_1, start=388042, stop=390327, strand=+, frame=1, truncated=no, start-type=ATG, RBS-motif=AGxAGG/AGGxGG
13:31:32.165 - INFO - CDS - contig=contig_1, start=390383, stop=390484, strand=-, frame=1, truncated=no, start-type=ATG, RBS-motif=AGxAGG/AGGxGG
13:31:32.165 - INFO - CDS - contig=contig_1, start=390571, stop=391332, strand=-, frame=2, truncated=no, start-type=ATG, RBS-motif=AGGAGG
13:31:32.165 - INFO - CDS - contig=contig_1, start=391345, stop=392013, strand=-, frame=2, truncated=no, start-type=ATG, RBS-motif=AGxAGG/AGGxGG
13:31:32.165 - INFO - CDS - contig=contig_1, start=392103, stop=392951, strand=-, frame=3, truncated=no, start-type=ATG, RBS-motif=AGGAGG
13:31:32.165 - INFO - CDS - contig=contig_1, start=393161, stop=394297, strand=+, frame=2, truncated=no, start-type=ATG, RBS-motif=GGAGG
13:31:32.165 - INFO - CDS - contig=contig_1, start=394372, stop=395556, strand=-, frame=2, truncated=no, start-type=ATG, RBS-motif=3Base/5BMM
13:31:32.165 - INFO - CDS - contig=contig_1, start=395632, stop=396813, strand=-, frame=2, truncated=no, start-type=ATG, RBS-motif=GGAGG
13:31:32.165 - INFO - CDS - contig=contig_1, start=397283, stop=398041, strand=-, frame=1, truncated=no, start-type=GTG, RBS-motif=AGGAG
13:31:32.165 - INFO - CDS - contig=contig_1, start=398062, stop=399597, strand=-, frame=2, truncated=no, start-type=TTG, RBS-motif=AGxAGG/AGGxGG
13:31:32.165 - INFO - CDS - contig=contig_1, start=399834, stop=400544, strand=+, frame=3, truncated=no, start-type=GTG, RBS-motif=GGAGG
13:31:32.165 - INFO - CDS - contig=contig_1, start=400878, stop=401654, strand=+, frame=3, truncated=no, start-type=ATG, RBS-motif=GGAGG
13:31:32.165 - INFO - CDS - contig=contig_1, start=401712, stop=402569, strand=+, frame=3, truncated=no, start-type=ATG, RBS-motif=GGAGG
13:31:32.166 - INFO - CDS - contig=contig_1, start=402709, stop=403866, strand=+, frame=1, truncated=no, start-type=ATG, RBS-motif=AGGAG/GGAGG
13:31:32.166 - INFO - CDS - contig=contig_1, start=403888, stop=404688, strand=+, frame=1, truncated=no, start-type=ATG, RBS-motif=GGAGG
13:31:32.166 - INFO - CDS - contig=contig_1, start=404709, stop=405815, strand=+, frame=3, truncated=no, start-type=ATG, RBS-motif=AGGAG
13:31:32.166 - INFO - CDS - contig=contig_1, start=406154, stop=406681, strand=+, frame=2, truncated=no, start-type=ATG, RBS-motif=GGAGG
13:31:32.166 - INFO - CDS - contig=contig_1, start=406715, stop=407584, strand=+, frame=2, truncated=no, start-type=ATG, RBS-motif=AGGAGG
13:31:32.166 - INFO - CDS - contig=contig_1, start=407640, stop=408473, strand=-, frame=3, truncated=no, start-type=ATG, RBS-motif=AGGA
13:31:32.166 - INFO - CDS - contig=contig_1, start=408454, stop=409764, strand=-, frame=2, truncated=no, start-type=ATG, RBS-motif=AGGAGG
13:31:32.166 - INFO - CDS - contig=contig_1, start=409829, stop=410827, strand=+, frame=2, truncated=no, start-type=ATG, RBS-motif=GGAGG
13:31:32.166 - INFO - CDS - contig=contig_1, start=410848, stop=413112, strand=-, frame=2, truncated=no, start-type=ATG, RBS-motif=GGA/GAG/AGG
13:31:32.166 - INFO - CDS - contig=contig_1, start=413504, stop=413878, strand=+, frame=2, truncated=no, start-type=ATG, RBS-motif=GGAG/GAGG
13:31:32.166 - INFO - CDS - contig=contig_1, start=414058, stop=414300, strand=-, frame=2, truncated=no, start-type=ATG, RBS-motif=AGGAG
13:31:32.166 - INFO - CDS - contig=contig_1, start=414379, stop=414654, strand=-, frame=2, truncated=no, start-type=ATG, RBS-motif=AGGAGG
13:31:32.166 - INFO - CDS - contig=contig_1, start=414719, stop=415507, strand=-, frame=1, truncated=no, start-type=ATG, RBS-motif=GGAG/GAGG
13:31:32.166 - INFO - CDS - contig=contig_1, start=415545, stop=417173, strand=-, frame=3, truncated=no, start-type=TTG, RBS-motif=GGA/GAG/AGG
13:31:32.166 - INFO - CDS - contig=contig_1, start=417197, stop=418498, strand=-, frame=1, truncated=no, start-type=ATG, RBS-motif=AGGA
13:31:32.167 - INFO - CDS - contig=contig_1, start=418661, stop=419485, strand=-, frame=1, truncated=no, start-type=ATG, RBS-motif=AGGA
13:31:32.167 - INFO - CDS - contig=contig_1, start=419639, stop=420124, strand=-, frame=1, truncated=no, start-type=ATG, RBS-motif=GGA/GAG/AGG
13:31:32.167 - INFO - CDS - contig=contig_1, start=420124, stop=421785, strand=-, frame=2, truncated=no, start-type=ATG, RBS-motif=AGGA
13:31:32.167 - INFO - CDS - contig=contig_1, start=421852, stop=422808, strand=-, frame=2, truncated=no, start-type=ATG, RBS-motif=AGGAGG
13:31:32.167 - INFO - CDS - contig=contig_1, start=422805, stop=423824, strand=-, frame=3, truncated=no, start-type=ATG, RBS-motif=GGAG/GAGG
13:31:32.167 - INFO - CDS - contig=contig_1, start=423833, stop=424981, strand=-, frame=1, truncated=no, start-type=ATG, RBS-motif=AGxAGG/AGGxGG
13:31:32.167 - INFO - CDS - contig=contig_1, start=424997, stop=425914, strand=-, frame=1, truncated=no, start-type=TTG, RBS-motif=GGAGG
13:31:32.167 - INFO - CDS - contig=contig_1, start=426174, stop=426773, strand=-, frame=3, truncated=no, start-type=ATG, RBS-motif=GGAG/GAGG
13:31:32.167 - INFO - CDS - contig=contig_1, start=426776, stop=427639, strand=-, frame=1, truncated=no, start-type=ATG, RBS-motif=GGAGG
13:31:32.167 - INFO - CDS - contig=contig_1, start=427848, stop=429188, strand=+, frame=3, truncated=no, start-type=ATG, RBS-motif=AGGAG
13:31:32.167 - INFO - CDS - contig=contig_1, start=429269, stop=430027, strand=+, frame=2, truncated=no, start-type=ATG, RBS-motif=AGGA
13:31:32.167 - INFO - CDS - contig=contig_1, start=430210, stop=430794, strand=+, frame=1, truncated=no, start-type=ATG, RBS-motif=AGGAGG
13:31:32.167 - INFO - CDS - contig=contig_1, start=430869, stop=431666, strand=+, frame=3, truncated=no, start-type=ATG, RBS-motif=GGAGG
13:31:32.171 - INFO - CDS - contig=contig_1, start=432501, stop=433022, strand=-, frame=3, truncated=no, start-type=ATG, RBS-motif=AGGA
13:31:32.171 - INFO - CDS - contig=contig_1, start=433218, stop=433685, strand=-, frame=3, truncated=no, start-type=ATG, RBS-motif=AGGAGG
13:31:32.171 - INFO - CDS - contig=contig_1, start=433733, stop=434236, strand=-, frame=1, truncated=no, start-type=ATG, RBS-motif=AGGAGG
13:31:32.171 - INFO - CDS - contig=contig_1, start=434396, stop=434557, strand=-, frame=1, truncated=no, start-type=ATG, RBS-motif=AGGAGG
13:31:32.171 - INFO - CDS - contig=contig_1, start=434570, stop=437038, strand=-, frame=1, truncated=no, start-type=ATG, RBS-motif=AGGAGG
13:31:32.171 - INFO - CDS - contig=contig_1, start=437102, stop=437323, strand=-, frame=1, truncated=no, start-type=ATG, RBS-motif=AGGAGG
13:31:32.171 - INFO - CDS - contig=contig_1, start=437339, stop=437548, strand=-, frame=1, truncated=no, start-type=ATG, RBS-motif=GGAGG
13:31:32.171 - INFO - CDS - contig=contig_1, start=437626, stop=438840, strand=-, frame=2, truncated=no, start-type=ATG, RBS-motif=AGGAG
13:31:32.171 - INFO - CDS - contig=contig_1, start=438996, stop=440873, strand=-, frame=3, truncated=no, start-type=ATG, RBS-motif=GGA/GAG/AGG
13:31:32.171 - INFO - CDS - contig=contig_1, start=441045, stop=441890, strand=-, frame=3, truncated=no, start-type=ATG, RBS-motif=AGGAG/GGAGG
13:31:32.171 - INFO - CDS - contig=contig_1, start=442006, stop=442482, strand=-, frame=2, truncated=no, start-type=ATG, RBS-motif=GGAG/GAGG
13:31:32.171 - INFO - CDS - contig=contig_1, start=442553, stop=443599, strand=+, frame=2, truncated=no, start-type=ATG, RBS-motif=AGGAGG
13:31:32.171 - INFO - CDS - contig=contig_1, start=443904, stop=445970, strand=+, frame=3, truncated=no, start-type=ATG, RBS-motif=AGGAG/GGAGG
13:31:32.171 - INFO - CDS - contig=contig_1, start=445987, stop=448224, strand=+, frame=1, truncated=no, start-type=TTG, RBS-motif=AGxAGG/AGGxGG
13:31:32.171 - INFO - CDS - contig=contig_1, start=448263, stop=448442, strand=+, frame=3, truncated=no, start-type=ATG, RBS-motif=GGAG/GAGG
13:31:32.172 - INFO - CDS - contig=contig_1, start=448442, stop=449653, strand=+, frame=2, truncated=no, start-type=ATG, RBS-motif=AGxAGG/AGGxGG
13:31:32.172 - INFO - CDS - contig=contig_1, start=449687, stop=450370, strand=+, frame=2, truncated=no, start-type=GTG, RBS-motif=AGGA
13:31:32.172 - INFO - CDS - contig=contig_1, start=450428, stop=450637, strand=+, frame=2, truncated=no, start-type=ATG, RBS-motif=AGxAGG/AGGxGG
13:31:32.172 - INFO - CDS - contig=contig_1, start=450790, stop=452304, strand=+, frame=1, truncated=no, start-type=ATG, RBS-motif=AGGAGG
13:31:32.172 - INFO - CDS - contig=contig_1, start=452369, stop=453001, strand=-, frame=1, truncated=no, start-type=ATG, RBS-motif=AGGAG
13:31:32.172 - INFO - CDS - contig=contig_1, start=453096, stop=453302, strand=+, frame=3, truncated=no, start-type=TTG, RBS-motif=AGxAGG/AGGxGG
13:31:32.172 - INFO - CDS - contig=contig_1, start=454037, stop=455425, strand=-, frame=1, truncated=no, start-type=ATG, RBS-motif=AGGAG
13:31:32.172 - INFO - CDS - contig=contig_1, start=455428, stop=455841, strand=-, frame=2, truncated=no, start-type=ATG, RBS-motif=AGGAGG
13:31:32.172 - INFO - CDS - contig=contig_1, start=455953, stop=456177, strand=-, frame=2, truncated=no, start-type=ATG, RBS-motif=AGGAGG
13:31:32.172 - INFO - CDS - contig=contig_1, start=456209, stop=456589, strand=-, frame=1, truncated=no, start-type=ATG, RBS-motif=AGGAGG
13:31:32.172 - INFO - CDS - contig=contig_1, start=457093, stop=457635, strand=-, frame=2, truncated=no, start-type=ATG, RBS-motif=GGAGG
13:31:32.172 - INFO - CDS - contig=contig_1, start=457940, stop=458476, strand=-, frame=1, truncated=no, start-type=ATG, RBS-motif=AGGAGG
13:31:32.172 - INFO - CDS - contig=contig_1, start=458588, stop=459202, strand=-, frame=1, truncated=no, start-type=TTG, RBS-motif=GGAGG
13:31:32.172 - INFO - CDS - contig=contig_1, start=459217, stop=459576, strand=-, frame=2, truncated=no, start-type=ATG, RBS-motif=AGGAGG
13:31:32.172 - INFO - CDS - contig=contig_1, start=459722, stop=460684, strand=-, frame=1, truncated=no, start-type=ATG, RBS-motif=AGGAGG
13:31:32.172 - INFO - CDS - contig=contig_1, start=460858, stop=461472, strand=-, frame=2, truncated=no, start-type=GTG, RBS-motif=AGGAGG
13:31:32.172 - INFO - CDS - contig=contig_1, start=461585, stop=461986, strand=-, frame=1, truncated=no, start-type=TTG, RBS-motif=GGA/GAG/AGG
13:31:32.172 - INFO - CDS - contig=contig_1, start=461964, stop=462281, strand=-, frame=3, truncated=no, start-type=ATG, RBS-motif=GGAGG
13:31:32.172 - INFO - CDS - contig=contig_1, start=462297, stop=467897, strand=-, frame=3, truncated=no, start-type=ATG, RBS-motif=AGGAGG
13:31:32.173 - INFO - CDS - contig=contig_1, start=467913, stop=468263, strand=-, frame=3, truncated=no, start-type=ATG, RBS-motif=GGAGG
13:31:32.173 - INFO - CDS - contig=contig_1, start=468289, stop=469137, strand=-, frame=2, truncated=no, start-type=ATG, RBS-motif=AGGAGG
13:31:32.173 - INFO - CDS - contig=contig_1, start=469151, stop=469519, strand=-, frame=1, truncated=no, start-type=ATG, RBS-motif=GGAGG
13:31:32.173 - INFO - CDS - contig=contig_1, start=469572, stop=470141, strand=-, frame=3, truncated=no, start-type=ATG, RBS-motif=GGAGG
13:31:32.173 - INFO - CDS - contig=contig_1, start=470158, stop=471126, strand=-, frame=2, truncated=no, start-type=ATG, RBS-motif=AGGAGG
13:31:32.173 - INFO - CDS - contig=contig_1, start=471145, stop=471879, strand=-, frame=2, truncated=no, start-type=ATG, RBS-motif=GGAG/GAGG
13:31:32.173 - INFO - CDS - contig=contig_1, start=471912, stop=472337, strand=-, frame=3, truncated=no, start-type=ATG, RBS-motif=AGGAGG
13:31:32.173 - INFO - CDS - contig=contig_1, start=472354, stop=473835, strand=-, frame=2, truncated=no, start-type=ATG, RBS-motif=AGGAG
13:31:32.173 - INFO - CDS - contig=contig_1, start=473851, stop=474087, strand=-, frame=2, truncated=no, start-type=ATG, RBS-motif=GGAG/GAGG
13:31:32.173 - INFO - CDS - contig=contig_1, start=474096, stop=475055, strand=-, frame=3, truncated=no, start-type=ATG, RBS-motif=AGGAGG
13:31:32.173 - INFO - CDS - contig=contig_1, start=475070, stop=475801, strand=-, frame=1, truncated=no, start-type=ATG, RBS-motif=AGGAGG
13:31:32.173 - INFO - CDS - contig=contig_1, start=475838, stop=476185, strand=-, frame=1, truncated=no, start-type=ATG, RBS-motif=GGA/GAG/AGG
13:31:32.173 - INFO - CDS - contig=contig_1, start=476191, stop=476517, strand=-, frame=2, truncated=no, start-type=ATG, RBS-motif=AGGAG
13:31:32.173 - INFO - CDS - contig=contig_1, start=476531, stop=477265, strand=-, frame=1, truncated=no, start-type=ATG, RBS-motif=GGAG/GAGG
13:31:32.173 - INFO - CDS - contig=contig_1, start=477278, stop=478123, strand=-, frame=1, truncated=no, start-type=ATG, RBS-motif=GGAGG
13:31:32.173 - INFO - CDS - contig=contig_1, start=478216, stop=478719, strand=-, frame=2, truncated=no, start-type=ATG, RBS-motif=AGGAGG
13:31:32.173 - INFO - CDS - contig=contig_1, start=478733, stop=479572, strand=-, frame=1, truncated=no, start-type=ATG, RBS-motif=AGGAGG
13:31:32.173 - INFO - CDS - contig=contig_1, start=479587, stop=480177, strand=-, frame=2, truncated=no, start-type=ATG, RBS-motif=AGxAGG/AGGxGG
13:31:32.173 - INFO - CDS - contig=contig_1, start=480190, stop=480414, strand=-, frame=2, truncated=no, start-type=ATG, RBS-motif=AGGAGG
13:31:32.173 - INFO - CDS - contig=contig_1, start=480433, stop=481275, strand=-, frame=2, truncated=no, start-type=ATG, RBS-motif=GGAGG
13:31:32.173 - INFO - CDS - contig=contig_1, start=481309, stop=482424, strand=-, frame=2, truncated=no, start-type=ATG, RBS-motif=GGA/GAG/AGG
13:31:32.173 - INFO - CDS - contig=contig_1, start=482722, stop=483378, strand=-, frame=2, truncated=no, start-type=ATG, RBS-motif=4Base/6BMM
13:31:32.173 - INFO - CDS - contig=contig_1, start=483420, stop=483734, strand=+, frame=3, truncated=no, start-type=ATG, RBS-motif=GGAG/GAGG
13:31:32.173 - INFO - CDS - contig=contig_1, start=483923, stop=485338, strand=-, frame=1, truncated=no, start-type=GTG, RBS-motif=AGGAGG
13:31:32.173 - INFO - CDS - contig=contig_1, start=485428, stop=486261, strand=-, frame=2, truncated=no, start-type=ATG, RBS-motif=GGxGG
13:31:32.173 - INFO - CDS - contig=contig_1, start=486772, stop=487083, strand=-, frame=2, truncated=no, start-type=ATG, RBS-motif=AGGAGG
13:31:32.173 - INFO - CDS - contig=contig_1, start=487229, stop=487573, strand=-, frame=1, truncated=no, start-type=ATG, RBS-motif=GGAG/GAGG
13:31:32.173 - INFO - CDS - contig=contig_1, start=487570, stop=488634, strand=-, frame=2, truncated=no, start-type=ATG, RBS-motif=AGGAGG
13:31:32.174 - INFO - CDS - contig=contig_1, start=488636, stop=496936, strand=-, frame=1, truncated=no, start-type=GTG, RBS-motif=None
13:31:32.174 - INFO - CDS - contig=contig_1, start=496990, stop=497346, strand=-, frame=2, truncated=no, start-type=ATG, RBS-motif=AGGAG
13:31:32.174 - INFO - CDS - contig=contig_1, start=498191, stop=498406, strand=-, frame=1, truncated=no, start-type=ATG, RBS-motif=GGAG/GAGG
13:31:32.174 - INFO - CDS - contig=contig_1, start=498408, stop=501701, strand=-, frame=3, truncated=no, start-type=ATG, RBS-motif=GGA/GAG/AGG
13:31:32.174 - INFO - CDS - contig=contig_1, start=501704, stop=501985, strand=-, frame=1, truncated=no, start-type=ATG, RBS-motif=AGxAGG/AGGxGG
13:31:32.174 - INFO - CDS - contig=contig_1, start=501982, stop=504081, strand=-, frame=2, truncated=no, start-type=ATG, RBS-motif=AGGAG/GGAGG
13:31:32.174 - INFO - CDS - contig=contig_1, start=504287, stop=505060, strand=-, frame=1, truncated=no, start-type=ATG, RBS-motif=AGGAGG
13:31:32.174 - INFO - CDS - contig=contig_1, start=505050, stop=505307, strand=-, frame=3, truncated=no, start-type=ATG, RBS-motif=AGGAG
13:31:32.174 - INFO - CDS - contig=contig_1, start=505338, stop=507080, strand=-, frame=3, truncated=no, start-type=GTG, RBS-motif=3Base/5BMM
13:31:32.174 - INFO - CDS - contig=contig_1, start=507064, stop=507432, strand=-, frame=2, truncated=no, start-type=ATG, RBS-motif=AGGAGG
13:31:32.174 - INFO - CDS - contig=contig_1, start=507435, stop=509834, strand=-, frame=3, truncated=no, start-type=GTG, RBS-motif=GGAG/GAGG
13:31:32.174 - INFO - CDS - contig=contig_1, start=509779, stop=510246, strand=-, frame=2, truncated=no, start-type=TTG, RBS-motif=AGGAGG
13:31:32.174 - INFO - CDS - contig=contig_1, start=510267, stop=511136, strand=-, frame=3, truncated=no, start-type=ATG, RBS-motif=AGGAGG
13:31:32.174 - INFO - CDS - contig=contig_1, start=511220, stop=511438, strand=-, frame=1, truncated=no, start-type=ATG, RBS-motif=None
13:31:32.174 - INFO - CDS - contig=contig_1, start=511655, stop=513484, strand=-, frame=1, truncated=no, start-type=ATG, RBS-motif=AGGAG
13:31:32.174 - INFO - CDS - contig=contig_1, start=513481, stop=513981, strand=-, frame=2, truncated=no, start-type=ATG, RBS-motif=AGGAGG
13:31:32.174 - INFO - CDS - contig=contig_1, start=514068, stop=514814, strand=-, frame=3, truncated=no, start-type=ATG, RBS-motif=AGGAGG
13:31:32.174 - INFO - CDS - contig=contig_1, start=514849, stop=515223, strand=-, frame=2, truncated=no, start-type=ATG, RBS-motif=AGGA
13:31:32.174 - INFO - CDS - contig=contig_1, start=515778, stop=515981, strand=-, frame=3, truncated=no, start-type=ATG, RBS-motif=AGGA
13:31:32.174 - INFO - CDS - contig=contig_1, start=516006, stop=516281, strand=-, frame=3, truncated=no, start-type=ATG, RBS-motif=AGGAG
13:31:32.174 - INFO - CDS - contig=contig_1, start=516294, stop=517220, strand=-, frame=3, truncated=no, start-type=TTG, RBS-motif=AGGAGG
13:31:32.174 - INFO - CDS - contig=contig_1, start=517177, stop=517998, strand=-, frame=2, truncated=no, start-type=ATG, RBS-motif=GGAG/GAGG
13:31:32.174 - INFO - CDS - contig=contig_1, start=518623, stop=520014, strand=-, frame=2, truncated=no, start-type=ATG, RBS-motif=AGGA
13:31:32.174 - INFO - CDS - contig=contig_1, start=520039, stop=520245, strand=-, frame=2, truncated=no, start-type=ATG, RBS-motif=AGGAGG
13:31:32.175 - INFO - CDS - contig=contig_1, start=520739, stop=520981, strand=-, frame=1, truncated=no, start-type=ATG, RBS-motif=AGGAGG
13:31:32.175 - INFO - CDS - contig=contig_1, start=520966, stop=521400, strand=-, frame=2, truncated=no, start-type=ATG, RBS-motif=AGGAGG
13:31:32.175 - INFO - CDS - contig=contig_1, start=521598, stop=521708, strand=-, frame=3, truncated=no, start-type=ATG, RBS-motif=AGGAGG
13:31:32.175 - INFO - CDS - contig=contig_1, start=522386, stop=523177, strand=-, frame=1, truncated=no, start-type=ATG, RBS-motif=GGA/GAG/AGG
13:31:32.175 - INFO - CDS - contig=contig_1, start=524245, stop=524574, strand=+, frame=1, truncated=no, start-type=ATG, RBS-motif=GGAGG
13:31:32.175 - INFO - CDS - contig=contig_1, start=524535, stop=525878, strand=+, frame=3, truncated=no, start-type=ATG, RBS-motif=AGGAG
13:31:32.175 - INFO - CDS - contig=contig_1, start=526450, stop=528528, strand=-, frame=2, truncated=no, start-type=ATG, RBS-motif=AGGAGG
13:31:32.175 - INFO - CDS - contig=contig_1, start=528541, stop=529251, strand=-, frame=2, truncated=no, start-type=ATG, RBS-motif=AGGAGG
13:31:32.175 - INFO - CDS - contig=contig_1, start=529251, stop=531341, strand=-, frame=3, truncated=no, start-type=ATG, RBS-motif=AGGAGG
13:31:32.175 - INFO - CDS - contig=contig_1, start=531338, stop=532054, strand=-, frame=1, truncated=no, start-type=ATG, RBS-motif=GGAGG
13:31:32.175 - INFO - CDS - contig=contig_1, start=532044, stop=532298, strand=-, frame=3, truncated=no, start-type=ATG, RBS-motif=AGGA
13:31:32.175 - INFO - CDS - contig=contig_1, start=532322, stop=534220, strand=-, frame=1, truncated=no, start-type=ATG, RBS-motif=GGAGG
13:31:32.175 - INFO - CDS - contig=contig_1, start=534207, stop=535232, strand=-, frame=3, truncated=no, start-type=ATG, RBS-motif=GGAGG
13:31:32.175 - INFO - CDS - contig=contig_1, start=535229, stop=537604, strand=-, frame=1, truncated=no, start-type=ATG, RBS-motif=None
13:31:32.175 - INFO - CDS - contig=contig_1, start=537558, stop=537977, strand=-, frame=3, truncated=no, start-type=ATG, RBS-motif=AGGAGG
13:31:32.175 - INFO - CDS - contig=contig_1, start=537989, stop=538858, strand=-, frame=1, truncated=no, start-type=ATG, RBS-motif=GGAGG
13:31:32.175 - INFO - CDS - contig=contig_1, start=538873, stop=539088, strand=-, frame=2, truncated=no, start-type=ATG, RBS-motif=AGGAGG
13:31:32.175 - INFO - CDS - contig=contig_1, start=539108, stop=540331, strand=-, frame=1, truncated=no, start-type=GTG, RBS-motif=4Base/6BMM
13:31:32.175 - INFO - CDS - contig=contig_1, start=540409, stop=540675, strand=-, frame=2, truncated=no, start-type=ATG, RBS-motif=AGGAG
13:31:32.175 - INFO - CDS - contig=contig_1, start=540760, stop=541179, strand=-, frame=2, truncated=no, start-type=GTG, RBS-motif=GGAGG
13:31:32.175 - INFO - CDS - contig=contig_1, start=541176, stop=542642, strand=-, frame=3, truncated=no, start-type=TTG, RBS-motif=AGGA
13:31:32.175 - INFO - CDS - contig=contig_1, start=542643, stop=542936, strand=-, frame=3, truncated=no, start-type=ATG, RBS-motif=AGGAGG
13:31:32.175 - INFO - CDS - contig=contig_1, start=543237, stop=545174, strand=-, frame=3, truncated=no, start-type=ATG, RBS-motif=GGAGG
13:31:32.175 - INFO - CDS - contig=contig_1, start=545614, stop=546558, strand=+, frame=1, truncated=no, start-type=ATG, RBS-motif=AGxAGG/AGGxGG
13:31:32.175 - INFO - CDS - contig=contig_1, start=546610, stop=548970, strand=-, frame=2, truncated=no, start-type=ATG, RBS-motif=AGGAGG
13:31:32.176 - INFO - CDS - contig=contig_1, start=549016, stop=549567, strand=-, frame=2, truncated=no, start-type=ATG, RBS-motif=GGAG/GAGG
13:31:32.176 - INFO - CDS - contig=contig_1, start=549564, stop=550040, strand=-, frame=3, truncated=no, start-type=ATG, RBS-motif=AGGAGG
13:31:32.176 - INFO - CDS - contig=contig_1, start=550044, stop=550934, strand=-, frame=3, truncated=no, start-type=ATG, RBS-motif=AGGAGG
13:31:32.176 - INFO - CDS - contig=contig_1, start=551097, stop=551618, strand=-, frame=3, truncated=no, start-type=ATG, RBS-motif=AGGAG
13:31:32.176 - INFO - CDS - contig=contig_1, start=552318, stop=553460, strand=-, frame=3, truncated=no, start-type=ATG, RBS-motif=AGGAG
13:31:32.176 - INFO - CDS - contig=contig_1, start=553668, stop=554675, strand=-, frame=3, truncated=no, start-type=ATG, RBS-motif=GGAGG
13:31:32.176 - INFO - CDS - contig=contig_1, start=554692, stop=555495, strand=-, frame=2, truncated=no, start-type=ATG, RBS-motif=GGAG/GAGG
13:31:32.176 - INFO - CDS - contig=contig_1, start=555492, stop=557183, strand=-, frame=3, truncated=no, start-type=ATG, RBS-motif=AGGAGG
13:31:32.176 - INFO - CDS - contig=contig_1, start=557248, stop=558486, strand=-, frame=2, truncated=no, start-type=ATG, RBS-motif=AGGAG
13:31:32.176 - INFO - CDS - contig=contig_1, start=558510, stop=559631, strand=-, frame=3, truncated=no, start-type=ATG, RBS-motif=AGxAGG/AGGxGG
13:31:32.176 - INFO - CDS - contig=contig_1, start=559631, stop=560866, strand=-, frame=1, truncated=no, start-type=ATG, RBS-motif=AGxAGG/AGGxGG
13:31:32.176 - INFO - CDS - contig=contig_1, start=560868, stop=561653, strand=-, frame=3, truncated=no, start-type=ATG, RBS-motif=AGGAG
13:31:32.176 - INFO - CDS - contig=contig_1, start=561678, stop=562805, strand=-, frame=3, truncated=no, start-type=ATG, RBS-motif=AGGA
13:31:32.176 - INFO - CDS - contig=contig_1, start=562835, stop=564121, strand=-, frame=1, truncated=no, start-type=ATG, RBS-motif=AGxAGG/AGGxGG
13:31:32.176 - INFO - CDS - contig=contig_1, start=564153, stop=565316, strand=-, frame=3, truncated=no, start-type=ATG, RBS-motif=AGGA/GGAG/GAGG
13:31:32.176 - INFO - CDS - contig=contig_1, start=565340, stop=565999, strand=-, frame=1, truncated=no, start-type=TTG, RBS-motif=GGAG/GAGG
13:31:32.176 - INFO - CDS - contig=contig_1, start=566445, stop=567824, strand=-, frame=3, truncated=no, start-type=GTG, RBS-motif=AGxAGG/AGGxGG
13:31:32.176 - INFO - CDS - contig=contig_1, start=568473, stop=569048, strand=-, frame=3, truncated=no, start-type=ATG, RBS-motif=AGGAG
13:31:32.176 - INFO - CDS - contig=contig_1, start=569159, stop=569431, strand=-, frame=1, truncated=no, start-type=ATG, RBS-motif=None
13:31:32.176 - INFO - CDS - contig=contig_1, start=569428, stop=569712, strand=-, frame=2, truncated=no, start-type=ATG, RBS-motif=AGGAG
13:31:32.176 - INFO - CDS - contig=contig_1, start=569861, stop=573427, strand=-, frame=1, truncated=no, start-type=ATG, RBS-motif=AGGAGG
13:31:32.176 - INFO - CDS - contig=contig_1, start=574503, stop=575504, strand=-, frame=3, truncated=no, start-type=ATG, RBS-motif=AGxAGG/AGGxGG
13:31:32.176 - INFO - CDS - contig=contig_1, start=575798, stop=576037, strand=-, frame=1, truncated=no, start-type=ATG, RBS-motif=AGGA
13:31:32.176 - INFO - CDS - contig=contig_1, start=576357, stop=576917, strand=-, frame=3, truncated=no, start-type=ATG, RBS-motif=AGGAG
13:31:32.176 - INFO - CDS - contig=contig_1, start=577473, stop=577844, strand=-, frame=3, truncated=no, start-type=ATG, RBS-motif=AGGAG
13:31:32.177 - INFO - CDS - contig=contig_1, start=577969, stop=578703, strand=-, frame=2, truncated=no, start-type=ATG, RBS-motif=AGGAGG
13:31:32.177 - INFO - CDS - contig=contig_1, start=578690, stop=579238, strand=-, frame=1, truncated=no, start-type=ATG, RBS-motif=AGGAGG
13:31:32.177 - INFO - CDS - contig=contig_1, start=579339, stop=580742, strand=+, frame=3, truncated=no, start-type=ATG, RBS-motif=AGGAG
13:31:32.177 - INFO - CDS - contig=contig_1, start=580995, stop=582368, strand=+, frame=3, truncated=no, start-type=ATG, RBS-motif=AGGAG
13:31:32.177 - INFO - CDS - contig=contig_1, start=582458, stop=582940, strand=-, frame=1, truncated=no, start-type=ATG, RBS-motif=AGGA
13:31:32.177 - INFO - CDS - contig=contig_1, start=583061, stop=583840, strand=-, frame=1, truncated=no, start-type=ATG, RBS-motif=AGGAG
13:31:32.177 - INFO - CDS - contig=contig_1, start=583859, stop=585202, strand=-, frame=1, truncated=no, start-type=ATG, RBS-motif=GGAGG
13:31:32.177 - INFO - CDS - contig=contig_1, start=585250, stop=586041, strand=-, frame=2, truncated=no, start-type=ATG, RBS-motif=GGAGG
13:31:32.177 - INFO - CDS - contig=contig_1, start=586043, stop=587782, strand=-, frame=1, truncated=no, start-type=TTG, RBS-motif=AGGAGG
13:31:32.177 - INFO - CDS - contig=contig_1, start=588015, stop=588404, strand=-, frame=3, truncated=no, start-type=ATG, RBS-motif=AGxAGG/AGGxGG
13:31:32.177 - INFO - CDS - contig=contig_1, start=588595, stop=589086, strand=+, frame=1, truncated=no, start-type=ATG, RBS-motif=GGAGG
13:31:32.177 - INFO - CDS - contig=contig_1, start=589172, stop=590470, strand=+, frame=2, truncated=no, start-type=ATG, RBS-motif=AGGAG
13:31:32.177 - INFO - CDS - contig=contig_1, start=590645, stop=592297, strand=+, frame=2, truncated=no, start-type=ATG, RBS-motif=GGA/GAG/AGG
13:31:32.177 - INFO - CDS - contig=contig_1, start=592407, stop=592922, strand=-, frame=3, truncated=no, start-type=ATG, RBS-motif=AGGAGG
13:31:32.177 - INFO - CDS - contig=contig_1, start=593075, stop=593719, strand=+, frame=2, truncated=no, start-type=GTG, RBS-motif=AGGAGG
13:31:32.177 - INFO - CDS - contig=contig_1, start=593726, stop=595138, strand=+, frame=2, truncated=no, start-type=ATG, RBS-motif=GGA/GAG/AGG
13:31:32.177 - INFO - CDS - contig=contig_1, start=595157, stop=595873, strand=+, frame=2, truncated=no, start-type=ATG, RBS-motif=AGGA
13:31:32.177 - INFO - CDS - contig=contig_1, start=595939, stop=596550, strand=-, frame=2, truncated=no, start-type=ATG, RBS-motif=GGAG/GAGG
13:31:32.177 - INFO - CDS - contig=contig_1, start=596716, stop=596925, strand=+, frame=1, truncated=no, start-type=ATG, RBS-motif=GGAGG
13:31:32.177 - INFO - CDS - contig=contig_1, start=596918, stop=597547, strand=+, frame=2, truncated=no, start-type=ATG, RBS-motif=AGxAGG/AGGxGG
13:31:32.177 - INFO - CDS - contig=contig_1, start=597495, stop=597776, strand=+, frame=3, truncated=no, start-type=ATG, RBS-motif=AGGAG
13:31:32.177 - INFO - CDS - contig=contig_1, start=597853, stop=599451, strand=-, frame=2, truncated=no, start-type=ATG, RBS-motif=GGAGG
13:31:32.177 - INFO - CDS - contig=contig_1, start=599516, stop=600805, strand=-, frame=1, truncated=no, start-type=GTG, RBS-motif=AGGAGG
13:31:32.177 - INFO - CDS - contig=contig_1, start=601058, stop=602326, strand=+, frame=2, truncated=no, start-type=ATG, RBS-motif=GGA/GAG/AGG
13:31:32.177 - INFO - CDS - contig=contig_1, start=602338, stop=603909, strand=+, frame=1, truncated=no, start-type=ATG, RBS-motif=GGAG/GAGG
13:31:32.177 - INFO - CDS - contig=contig_1, start=604004, stop=605449, strand=-, frame=1, truncated=no, start-type=ATG, RBS-motif=AGGAG
13:31:32.177 - INFO - CDS - contig=contig_1, start=605655, stop=606305, strand=-, frame=3, truncated=no, start-type=ATG, RBS-motif=GGA/GAG/AGG
13:31:32.177 - INFO - CDS - contig=contig_1, start=606305, stop=606772, strand=-, frame=1, truncated=no, start-type=ATG, RBS-motif=GGAGG
13:31:32.178 - INFO - CDS - contig=contig_1, start=606797, stop=607996, strand=-, frame=1, truncated=no, start-type=ATG, RBS-motif=AGGAGG
13:31:32.178 - INFO - CDS - contig=contig_1, start=608007, stop=608657, strand=-, frame=3, truncated=no, start-type=GTG, RBS-motif=AGxAGG/AGGxGG
13:31:32.178 - INFO - CDS - contig=contig_1, start=608638, stop=609744, strand=-, frame=2, truncated=no, start-type=ATG, RBS-motif=GGAGG
13:31:32.178 - INFO - CDS - contig=contig_1, start=610274, stop=610678, strand=-, frame=1, truncated=no, start-type=ATG, RBS-motif=AGGAGG
13:31:32.178 - INFO - CDS - contig=contig_1, start=610698, stop=611129, strand=-, frame=3, truncated=no, start-type=ATG, RBS-motif=GGAGG
13:31:32.178 - INFO - CDS - contig=contig_1, start=611356, stop=612150, strand=+, frame=1, truncated=no, start-type=ATG, RBS-motif=GGAGG
13:31:32.178 - INFO - CDS - contig=contig_1, start=612207, stop=613649, strand=-, frame=3, truncated=no, start-type=ATG, RBS-motif=GGAG/GAGG
13:31:32.178 - INFO - CDS - contig=contig_1, start=613873, stop=614667, strand=-, frame=2, truncated=no, start-type=ATG, RBS-motif=AGGAG
13:31:32.178 - INFO - CDS - contig=contig_1, start=614819, stop=616213, strand=-, frame=1, truncated=no, start-type=ATG, RBS-motif=GGAG/GAGG
13:31:32.178 - INFO - CDS - contig=contig_1, start=616746, stop=617507, strand=-, frame=3, truncated=no, start-type=GTG, RBS-motif=AGGAGG
13:31:32.178 - INFO - CDS - contig=contig_1, start=617650, stop=618729, strand=+, frame=1, truncated=no, start-type=ATG, RBS-motif=AGxAGG/AGGxGG
13:31:32.178 - INFO - CDS - contig=contig_1, start=618773, stop=619693, strand=+, frame=2, truncated=no, start-type=ATG, RBS-motif=AGGAGG
13:31:32.178 - INFO - CDS - contig=contig_1, start=619858, stop=620748, strand=-, frame=2, truncated=no, start-type=ATG, RBS-motif=GGAG/GAGG
13:31:32.178 - INFO - CDS - contig=contig_1, start=620853, stop=621968, strand=+, frame=3, truncated=no, start-type=ATG, RBS-motif=GGA/GAG/AGG
13:31:32.178 - INFO - CDS - contig=contig_1, start=622145, stop=624307, strand=+, frame=2, truncated=no, start-type=ATG, RBS-motif=AGGAG
13:31:32.178 - INFO - CDS - contig=contig_1, start=624304, stop=624828, strand=+, frame=1, truncated=no, start-type=ATG, RBS-motif=AGGAG(G)/GGAGG
13:31:32.178 - INFO - CDS - contig=contig_1, start=624978, stop=625463, strand=+, frame=3, truncated=no, start-type=ATG, RBS-motif=GGAG/GAGG
13:31:32.178 - INFO - CDS - contig=contig_1, start=625552, stop=626202, strand=-, frame=2, truncated=no, start-type=ATG, RBS-motif=AGGAG
13:31:32.178 - INFO - CDS - contig=contig_1, start=626192, stop=626470, strand=-, frame=1, truncated=no, start-type=ATG, RBS-motif=GGAG/GAGG
13:31:32.178 - INFO - CDS - contig=contig_1, start=627149, stop=627427, strand=+, frame=2, truncated=no, start-type=GTG, RBS-motif=GGAGG
13:31:32.178 - INFO - CDS - contig=contig_1, start=627408, stop=627737, strand=+, frame=3, truncated=no, start-type=ATG, RBS-motif=AGxAGG/AGGxGG
13:31:32.178 - INFO - CDS - contig=contig_1, start=628217, stop=629488, strand=+, frame=2, truncated=no, start-type=ATG, RBS-motif=GGA/GAG/AGG
13:31:32.178 - INFO - CDS - contig=contig_1, start=629591, stop=630832, strand=+, frame=2, truncated=no, start-type=ATG, RBS-motif=GGA/GAG/AGG
13:31:32.178 - INFO - CDS - contig=contig_1, start=631025, stop=631912, strand=+, frame=2, truncated=no, start-type=GTG, RBS-motif=3Base/5BMM
13:31:32.178 - INFO - CDS - contig=contig_1, start=631916, stop=632974, strand=+, frame=2, truncated=no, start-type=ATG, RBS-motif=GGA/GAG/AGG
13:31:32.178 - INFO - CDS - contig=contig_1, start=632990, stop=633760, strand=+, frame=2, truncated=no, start-type=ATG, RBS-motif=AGGAGG
13:31:32.178 - INFO - CDS - contig=contig_1, start=633753, stop=634457, strand=+, frame=3, truncated=no, start-type=ATG, RBS-motif=AGGAG/GGAGG
13:31:32.179 - INFO - CDS - contig=contig_1, start=634478, stop=635467, strand=+, frame=2, truncated=no, start-type=ATG, RBS-motif=AGGAGG
13:31:32.179 - INFO - CDS - contig=contig_1, start=635481, stop=636131, strand=+, frame=3, truncated=no, start-type=ATG, RBS-motif=AGGAGG
13:31:32.179 - INFO - CDS - contig=contig_1, start=636147, stop=637820, strand=+, frame=3, truncated=no, start-type=ATG, RBS-motif=GGxGG
13:31:32.179 - INFO - CDS - contig=contig_1, start=637850, stop=638329, strand=+, frame=2, truncated=no, start-type=ATG, RBS-motif=AGGAG
13:31:32.179 - INFO - CDS - contig=contig_1, start=638487, stop=639833, strand=+, frame=3, truncated=no, start-type=ATG, RBS-motif=GGAGG
13:31:32.179 - INFO - CDS - contig=contig_1, start=639852, stop=640502, strand=+, frame=3, truncated=no, start-type=ATG, RBS-motif=AGxAGG/AGGxGG
13:31:32.179 - INFO - CDS - contig=contig_1, start=640704, stop=641576, strand=+, frame=3, truncated=no, start-type=ATG, RBS-motif=GGAG/GAGG
13:31:32.179 - INFO - CDS - contig=contig_1, start=641684, stop=642607, strand=+, frame=2, truncated=no, start-type=ATG, RBS-motif=AGxAGG/AGGxGG
13:31:32.179 - INFO - CDS - contig=contig_1, start=642635, stop=643492, strand=+, frame=2, truncated=no, start-type=ATG, RBS-motif=GGA/GAG/AGG
13:31:32.179 - INFO - CDS - contig=contig_1, start=643507, stop=644271, strand=+, frame=1, truncated=no, start-type=ATG, RBS-motif=AGGAGG
13:31:32.179 - INFO - CDS - contig=contig_1, start=644284, stop=644931, strand=+, frame=1, truncated=no, start-type=ATG, RBS-motif=AGGAGG
13:31:32.179 - INFO - CDS - contig=contig_1, start=644954, stop=645622, strand=+, frame=2, truncated=no, start-type=ATG, RBS-motif=AGxAGG/AGGxGG
13:31:32.179 - INFO - CDS - contig=contig_1, start=645738, stop=647471, strand=+, frame=3, truncated=no, start-type=TTG, RBS-motif=GGAGG
13:31:32.179 - INFO - CDS - contig=contig_1, start=647493, stop=647873, strand=-, frame=3, truncated=no, start-type=ATG, RBS-motif=GGAGG
13:31:32.179 - INFO - CDS - contig=contig_1, start=647979, stop=648101, strand=+, frame=3, truncated=no, start-type=ATG, RBS-motif=AGGAGG
13:31:32.179 - INFO - CDS - contig=contig_1, start=648122, stop=649531, strand=+, frame=2, truncated=no, start-type=ATG, RBS-motif=AGGAG
13:31:32.179 - INFO - CDS - contig=contig_1, start=649635, stop=651083, strand=-, frame=3, truncated=no, start-type=ATG, RBS-motif=AGGAGG
13:31:32.179 - INFO - CDS - contig=contig_1, start=651163, stop=653322, strand=-, frame=2, truncated=no, start-type=ATG, RBS-motif=AGGAG
13:31:32.179 - INFO - CDS - contig=contig_1, start=653373, stop=654242, strand=-, frame=3, truncated=no, start-type=ATG, RBS-motif=4Base/6BMM
13:31:32.179 - INFO - CDS - contig=contig_1, start=654487, stop=655494, strand=+, frame=1, truncated=no, start-type=ATG, RBS-motif=AGGAG
13:31:32.179 - INFO - CDS - contig=contig_1, start=655809, stop=656435, strand=+, frame=3, truncated=no, start-type=TTG, RBS-motif=GGAGG
13:31:32.179 - INFO - CDS - contig=contig_1, start=656508, stop=658352, strand=+, frame=3, truncated=no, start-type=ATG, RBS-motif=GGA/GAG/AGG
13:31:32.179 - INFO - CDS - contig=contig_1, start=658568, stop=659335, strand=+, frame=2, truncated=no, start-type=ATG, RBS-motif=AGxAGG/AGGxGG
13:31:32.179 - INFO - CDS - contig=contig_1, start=659325, stop=661205, strand=+, frame=3, truncated=no, start-type=ATG, RBS-motif=AGGAG/GGAGG
13:31:32.179 - INFO - CDS - contig=contig_1, start=661271, stop=663718, strand=-, frame=1, truncated=no, start-type=ATG, RBS-motif=AGGAG
13:31:32.180 - INFO - CDS - contig=contig_1, start=663734, stop=665947, strand=-, frame=1, truncated=no, start-type=TTG, RBS-motif=GGA/GAG/AGG
13:31:32.180 - INFO - CDS - contig=contig_1, start=666145, stop=666864, strand=+, frame=1, truncated=no, start-type=ATG, RBS-motif=GGAGG
13:31:32.180 - INFO - CDS - contig=contig_1, start=666848, stop=668194, strand=+, frame=2, truncated=no, start-type=ATG, RBS-motif=AGGAGG
13:31:32.180 - INFO - CDS - contig=contig_1, start=668720, stop=669337, strand=-, frame=1, truncated=no, start-type=ATG, RBS-motif=AGGAG
13:31:32.180 - INFO - CDS - contig=contig_1, start=669417, stop=671648, strand=-, frame=3, truncated=no, start-type=ATG, RBS-motif=AGGAG
13:31:32.180 - INFO - CDS - contig=contig_1, start=671871, stop=673430, strand=+, frame=3, truncated=no, start-type=ATG, RBS-motif=AGGAG
13:31:32.180 - INFO - CDS - contig=contig_1, start=673502, stop=674350, strand=-, frame=1, truncated=no, start-type=ATG, RBS-motif=AGxAGG/AGGxGG
13:31:32.180 - INFO - CDS - contig=contig_1, start=674350, stop=675117, strand=-, frame=2, truncated=no, start-type=GTG, RBS-motif=GGAG/GAGG
13:31:32.180 - INFO - CDS - contig=contig_1, start=675114, stop=676094, strand=-, frame=3, truncated=no, start-type=ATG, RBS-motif=GGAG/GAGG
13:31:32.180 - INFO - CDS - contig=contig_1, start=676377, stop=677525, strand=+, frame=3, truncated=no, start-type=GTG, RBS-motif=GGA/GAG/AGG
13:31:32.180 - INFO - CDS - contig=contig_1, start=677685, stop=679823, strand=-, frame=3, truncated=no, start-type=TTG, RBS-motif=AGGAG/GGAGG
13:31:32.180 - INFO - CDS - contig=contig_1, start=680099, stop=680767, strand=-, frame=1, truncated=no, start-type=ATG, RBS-motif=AGGA
13:31:32.180 - INFO - CDS - contig=contig_1, start=680940, stop=681710, strand=+, frame=3, truncated=no, start-type=ATG, RBS-motif=GGAG/GAGG
13:31:32.180 - INFO - CDS - contig=contig_1, start=681771, stop=682715, strand=-, frame=3, truncated=no, start-type=ATG, RBS-motif=AGGAG
13:31:32.180 - INFO - CDS - contig=contig_1, start=682927, stop=683295, strand=+, frame=1, truncated=no, start-type=ATG, RBS-motif=GGAGG
13:31:32.180 - INFO - CDS - contig=contig_1, start=683310, stop=683528, strand=+, frame=3, truncated=no, start-type=ATG, RBS-motif=GGAGG
13:31:32.180 - INFO - CDS - contig=contig_1, start=683600, stop=685459, strand=+, frame=2, truncated=no, start-type=ATG, RBS-motif=AGGAGG
13:31:32.180 - INFO - CDS - contig=contig_1, start=685523, stop=686068, strand=-, frame=1, truncated=no, start-type=ATG, RBS-motif=AGGAG
13:31:32.180 - INFO - CDS - contig=contig_1, start=686264, stop=686869, strand=-, frame=1, truncated=no, start-type=ATG, RBS-motif=GGAGG
13:31:32.180 - INFO - CDS - contig=contig_1, start=686866, stop=687960, strand=-, frame=2, truncated=no, start-type=ATG, RBS-motif=GGAGG
13:31:32.180 - INFO - CDS - contig=contig_1, start=687957, stop=688373, strand=-, frame=3, truncated=no, start-type=ATG, RBS-motif=AGGAG
13:31:32.180 - INFO - CDS - contig=contig_1, start=688588, stop=689202, strand=+, frame=1, truncated=no, start-type=GTG, RBS-motif=AGGA/GGAG/GAGG
13:31:32.180 - INFO - CDS - contig=contig_1, start=689337, stop=690425, strand=+, frame=3, truncated=no, start-type=ATG, RBS-motif=GGAG/GAGG
13:31:32.180 - INFO - CDS - contig=contig_1, start=690625, stop=691173, strand=+, frame=1, truncated=no, start-type=ATG, RBS-motif=GGAGG
13:31:32.180 - INFO - CDS - contig=contig_1, start=691231, stop=691638, strand=-, frame=2, truncated=no, start-type=ATG, RBS-motif=AGGAG
13:31:32.180 - INFO - CDS - contig=contig_1, start=691620, stop=692252, strand=-, frame=3, truncated=no, start-type=ATG, RBS-motif=AGGAG
13:31:32.181 - INFO - CDS - contig=contig_1, start=692286, stop=693281, strand=-, frame=3, truncated=no, start-type=GTG, RBS-motif=AGGAG/GGAGG
13:31:32.181 - INFO - CDS - contig=contig_1, start=693275, stop=694204, strand=-, frame=1, truncated=no, start-type=ATG, RBS-motif=AGGAG
13:31:32.181 - INFO - CDS - contig=contig_1, start=694263, stop=695603, strand=-, frame=3, truncated=no, start-type=ATG, RBS-motif=AGGAGG
13:31:32.181 - INFO - CDS - contig=contig_1, start=695605, stop=696228, strand=-, frame=2, truncated=no, start-type=TTG, RBS-motif=AGGAG
13:31:32.181 - INFO - CDS - contig=contig_1, start=696305, stop=697375, strand=-, frame=1, truncated=no, start-type=ATG, RBS-motif=AGGAGG
13:31:32.181 - INFO - CDS - contig=contig_1, start=697453, stop=698223, strand=-, frame=2, truncated=no, start-type=ATG, RBS-motif=AGxAGG/AGGxGG
13:31:32.181 - INFO - CDS - contig=contig_1, start=698491, stop=698940, strand=+, frame=1, truncated=no, start-type=ATG, RBS-motif=AGGAG
13:31:32.181 - INFO - CDS - contig=contig_1, start=699079, stop=700437, strand=+, frame=1, truncated=no, start-type=ATG, RBS-motif=AGGAGG
13:31:32.181 - INFO - CDS - contig=contig_1, start=700483, stop=701172, strand=+, frame=1, truncated=no, start-type=GTG, RBS-motif=AGGAG
13:31:32.181 - INFO - CDS - contig=contig_1, start=701442, stop=702872, strand=+, frame=3, truncated=no, start-type=ATG, RBS-motif=AGGAGG
13:31:32.181 - INFO - CDS - contig=contig_1, start=702989, stop=703972, strand=+, frame=2, truncated=no, start-type=ATG, RBS-motif=AGGAG
13:31:32.181 - INFO - CDS - contig=contig_1, start=704007, stop=704870, strand=+, frame=3, truncated=no, start-type=GTG, RBS-motif=None
13:31:32.181 - INFO - CDS - contig=contig_1, start=704924, stop=706078, strand=+, frame=2, truncated=no, start-type=ATG, RBS-motif=AGGAG
13:31:32.181 - INFO - CDS - contig=contig_1, start=706065, stop=706709, strand=+, frame=3, truncated=no, start-type=ATG, RBS-motif=GGAG/GAGG
13:31:32.181 - INFO - CDS - contig=contig_1, start=706684, stop=708090, strand=+, frame=1, truncated=no, start-type=ATG, RBS-motif=AGGAG/GGAGG
13:31:32.181 - INFO - CDS - contig=contig_1, start=708103, stop=708630, strand=+, frame=1, truncated=no, start-type=GTG, RBS-motif=AGxAGG/AGGxGG
13:31:32.181 - INFO - CDS - contig=contig_1, start=708690, stop=708902, strand=+, frame=3, truncated=no, start-type=ATG, RBS-motif=GGAGG
13:31:32.181 - INFO - CDS - contig=contig_1, start=708953, stop=709402, strand=-, frame=1, truncated=no, start-type=ATG, RBS-motif=GGA/GAG/AGG
13:31:32.181 - INFO - CDS - contig=contig_1, start=709516, stop=710964, strand=-, frame=2, truncated=no, start-type=ATG, RBS-motif=AGGAG
13:31:32.181 - INFO - CDS - contig=contig_1, start=711182, stop=712552, strand=+, frame=2, truncated=no, start-type=ATG, RBS-motif=AGGAGG
13:31:32.181 - INFO - CDS - contig=contig_1, start=712549, stop=714408, strand=+, frame=1, truncated=no, start-type=GTG, RBS-motif=GGAGG
13:31:32.181 - INFO - CDS - contig=contig_1, start=714794, stop=715864, strand=+, frame=2, truncated=no, start-type=ATG, RBS-motif=AGGAG
13:31:32.181 - INFO - CDS - contig=contig_1, start=715919, stop=716878, strand=-, frame=1, truncated=no, start-type=TTG, RBS-motif=GGA/GAG/AGG
13:31:32.181 - INFO - CDS - contig=contig_1, start=717097, stop=717558, strand=+, frame=1, truncated=no, start-type=ATG, RBS-motif=GGAGG
13:31:32.181 - INFO - CDS - contig=contig_1, start=717440, stop=717973, strand=-, frame=1, truncated=no, start-type=TTG, RBS-motif=3Base/5BMM
13:31:32.181 - INFO - CDS - contig=contig_1, start=717970, stop=718200, strand=-, frame=2, truncated=no, start-type=GTG, RBS-motif=AGGAGG
13:31:32.182 - INFO - CDS - contig=contig_1, start=718214, stop=719890, strand=-, frame=1, truncated=no, start-type=ATG, RBS-motif=AGGAGG
13:31:32.182 - INFO - CDS - contig=contig_1, start=719892, stop=721352, strand=-, frame=3, truncated=no, start-type=ATG, RBS-motif=AGGAGG
13:31:32.182 - INFO - CDS - contig=contig_1, start=721349, stop=723238, strand=-, frame=1, truncated=no, start-type=GTG, RBS-motif=AGxAGG/AGGxGG
13:31:32.182 - INFO - CDS - contig=contig_1, start=723266, stop=730597, strand=-, frame=1, truncated=no, start-type=ATG, RBS-motif=GGxGG
13:31:32.182 - INFO - CDS - contig=contig_1, start=730840, stop=730962, strand=+, frame=1, truncated=no, start-type=ATG, RBS-motif=AGxAGG/AGGxGG
13:31:32.182 - INFO - CDS - contig=contig_1, start=731001, stop=732563, strand=+, frame=3, truncated=no, start-type=GTG, RBS-motif=AGxAGG/AGGxGG
13:31:32.182 - INFO - CDS - contig=contig_1, start=732740, stop=733555, strand=+, frame=2, truncated=no, start-type=TTG, RBS-motif=AGGAG
13:31:32.182 - INFO - CDS - contig=contig_1, start=733834, stop=734766, strand=-, frame=2, truncated=no, start-type=ATG, RBS-motif=GGAGG
13:31:32.182 - INFO - CDS - contig=contig_1, start=734827, stop=735339, strand=-, frame=2, truncated=no, start-type=ATG, RBS-motif=AGGAG
13:31:32.182 - INFO - CDS - contig=contig_1, start=735629, stop=736699, strand=+, frame=2, truncated=no, start-type=TTG, RBS-motif=GGxGG
13:31:32.182 - INFO - CDS - contig=contig_1, start=736845, stop=737603, strand=+, frame=3, truncated=no, start-type=ATG, RBS-motif=GGAG/GAGG
13:31:32.182 - INFO - CDS - contig=contig_1, start=738065, stop=738514, strand=-, frame=1, truncated=no, start-type=ATG, RBS-motif=GGAGG
13:31:32.182 - INFO - CDS - contig=contig_1, start=738514, stop=738978, strand=-, frame=2, truncated=no, start-type=ATG, RBS-motif=GGAG/GAGG
13:31:32.182 - INFO - CDS - contig=contig_1, start=739077, stop=739769, strand=-, frame=3, truncated=no, start-type=ATG, RBS-motif=GGAG/GAGG
13:31:32.182 - INFO - CDS - contig=contig_1, start=739823, stop=740257, strand=+, frame=2, truncated=no, start-type=ATG, RBS-motif=GGA/GAG/AGG
13:31:32.182 - INFO - CDS - contig=contig_1, start=740288, stop=741886, strand=+, frame=2, truncated=no, start-type=ATG, RBS-motif=GGA/GAG/AGG
13:31:32.182 - INFO - CDS - contig=contig_1, start=742008, stop=743504, strand=-, frame=3, truncated=no, start-type=ATG, RBS-motif=GGAGG
13:31:32.182 - INFO - CDS - contig=contig_1, start=743497, stop=744039, strand=-, frame=2, truncated=no, start-type=ATG, RBS-motif=AGxAGG/AGGxGG
13:31:32.182 - INFO - CDS - contig=contig_1, start=744144, stop=744629, strand=+, frame=3, truncated=no, start-type=ATG, RBS-motif=AGGAG
13:31:32.182 - INFO - CDS - contig=contig_1, start=744664, stop=744798, strand=-, frame=2, truncated=no, start-type=ATG, RBS-motif=AGGAGG
13:31:32.182 - INFO - CDS - contig=contig_1, start=744811, stop=744939, strand=-, frame=2, truncated=no, start-type=ATG, RBS-motif=AGGAGG
13:31:32.182 - INFO - CDS - contig=contig_1, start=744951, stop=745190, strand=-, frame=3, truncated=no, start-type=TTG, RBS-motif=GGAG/GAGG
13:31:32.183 - INFO - CDS - contig=contig_1, start=745388, stop=745990, strand=-, frame=1, truncated=no, start-type=ATG, RBS-motif=AGGAGG
13:31:32.183 - INFO - CDS - contig=contig_1, start=746003, stop=746431, strand=-, frame=1, truncated=no, start-type=ATG, RBS-motif=AGGAG
13:31:32.183 - INFO - CDS - contig=contig_1, start=747914, stop=748342, strand=+, frame=2, truncated=no, start-type=ATG, RBS-motif=GGAG/GAGG
13:31:32.183 - INFO - CDS - contig=contig_1, start=748364, stop=749134, strand=+, frame=2, truncated=no, start-type=ATG, RBS-motif=AGGAGG
13:31:32.183 - INFO - CDS - contig=contig_1, start=749187, stop=750566, strand=-, frame=3, truncated=no, start-type=ATG, RBS-motif=GGAGG
13:31:32.183 - INFO - CDS - contig=contig_1, start=750906, stop=751547, strand=+, frame=3, truncated=no, start-type=ATG, RBS-motif=GGA/GAG/AGG
13:31:32.183 - INFO - CDS - contig=contig_1, start=751679, stop=752419, strand=+, frame=2, truncated=no, start-type=GTG, RBS-motif=AGGAGG
13:31:32.183 - INFO - CDS - contig=contig_1, start=752514, stop=753860, strand=-, frame=3, truncated=no, start-type=ATG, RBS-motif=AGxAGG/AGGxGG
13:31:32.183 - INFO - CDS - contig=contig_1, start=754184, stop=755554, strand=+, frame=2, truncated=no, start-type=TTG, RBS-motif=AGxAGG/AGGxGG
13:31:32.183 - INFO - CDS - contig=contig_1, start=755627, stop=756343, strand=-, frame=1, truncated=no, start-type=ATG, RBS-motif=GGAG/GAGG
13:31:32.183 - INFO - CDS - contig=contig_1, start=756492, stop=756758, strand=+, frame=3, truncated=no, start-type=TTG, RBS-motif=GGAGG
13:31:32.183 - INFO - CDS - contig=contig_1, start=756765, stop=757829, strand=-, frame=3, truncated=no, start-type=ATG, RBS-motif=None
13:31:32.183 - INFO - CDS - contig=contig_1, start=757826, stop=758326, strand=-, frame=1, truncated=no, start-type=ATG, RBS-motif=GGAGG
13:31:32.183 - INFO - CDS - contig=contig_1, start=758512, stop=758724, strand=+, frame=1, truncated=no, start-type=GTG, RBS-motif=AGGAGG
13:31:32.183 - INFO - CDS - contig=contig_1, start=759306, stop=760007, strand=+, frame=3, truncated=no, start-type=ATG, RBS-motif=GGAG/GAGG
13:31:32.183 - INFO - CDS - contig=contig_1, start=760007, stop=762004, strand=+, frame=2, truncated=no, start-type=ATG, RBS-motif=AGxAGG/AGGxGG
13:31:32.183 - INFO - CDS - contig=contig_1, start=762064, stop=762942, strand=-, frame=2, truncated=no, start-type=ATG, RBS-motif=GGAGG
13:31:32.183 - INFO - CDS - contig=contig_1, start=763051, stop=763641, strand=+, frame=1, truncated=no, start-type=ATG, RBS-motif=AGGAGG
13:31:32.183 - INFO - CDS - contig=contig_1, start=763684, stop=764877, strand=+, frame=1, truncated=no, start-type=ATG, RBS-motif=AGxAGG/AGGxGG
13:31:32.183 - INFO - CDS - contig=contig_1, start=764992, stop=766122, strand=+, frame=1, truncated=no, start-type=ATG, RBS-motif=GGA/GAG/AGG
13:31:32.183 - INFO - CDS - contig=contig_1, start=766139, stop=767425, strand=-, frame=1, truncated=no, start-type=ATG, RBS-motif=AGGAGG
13:31:32.183 - INFO - CDS - contig=contig_1, start=767609, stop=767851, strand=+, frame=2, truncated=no, start-type=ATG, RBS-motif=GGAG/GAGG
13:31:32.183 - INFO - CDS - contig=contig_1, start=768042, stop=768917, strand=+, frame=3, truncated=no, start-type=ATG, RBS-motif=AGxAGG/AGGxGG
13:31:32.183 - INFO - CDS - contig=contig_1, start=768883, stop=770160, strand=-, frame=2, truncated=no, start-type=ATG, RBS-motif=AGGAGG
13:31:32.183 - INFO - CDS - contig=contig_1, start=770473, stop=772269, strand=-, frame=2, truncated=no, start-type=TTG, RBS-motif=GGAGG
13:31:32.184 - INFO - CDS - contig=contig_1, start=772502, stop=773638, strand=-, frame=1, truncated=no, start-type=ATG, RBS-motif=AGGA
13:31:32.184 - INFO - CDS - contig=contig_1, start=773678, stop=774589, strand=-, frame=1, truncated=no, start-type=ATG, RBS-motif=GGAGG
13:31:32.184 - INFO - CDS - contig=contig_1, start=774582, stop=775394, strand=-, frame=3, truncated=no, start-type=GTG, RBS-motif=3Base/5BMM
13:31:32.184 - INFO - CDS - contig=contig_1, start=775391, stop=775822, strand=-, frame=1, truncated=no, start-type=ATG, RBS-motif=GGxGG
13:31:32.184 - INFO - CDS - contig=contig_1, start=775853, stop=776776, strand=-, frame=1, truncated=no, start-type=ATG, RBS-motif=AGGAGG
13:31:32.184 - INFO - CDS - contig=contig_1, start=776777, stop=778060, strand=-, frame=1, truncated=no, start-type=GTG, RBS-motif=AGGAG
13:31:32.184 - INFO - CDS - contig=contig_1, start=778240, stop=778410, strand=+, frame=1, truncated=no, start-type=ATG, RBS-motif=GGAG/GAGG
13:31:32.184 - INFO - CDS - contig=contig_1, start=778703, stop=779122, strand=-, frame=1, truncated=no, start-type=ATG, RBS-motif=None
13:31:32.184 - INFO - CDS - contig=contig_1, start=779154, stop=780770, strand=-, frame=3, truncated=no, start-type=ATG, RBS-motif=GGAG/GAGG
13:31:32.184 - INFO - CDS - contig=contig_1, start=780780, stop=781322, strand=-, frame=3, truncated=no, start-type=GTG, RBS-motif=GGAGG
13:31:32.184 - INFO - CDS - contig=contig_1, start=781338, stop=782246, strand=-, frame=3, truncated=no, start-type=ATG, RBS-motif=GGA/GAG/AGG
13:31:32.184 - INFO - CDS - contig=contig_1, start=782427, stop=782639, strand=-, frame=3, truncated=no, start-type=ATG, RBS-motif=GGA/GAG/AGG
13:31:32.184 - INFO - CDS - contig=contig_1, start=783108, stop=783440, strand=-, frame=3, truncated=no, start-type=ATG, RBS-motif=GGAG/GAGG
13:31:32.184 - INFO - CDS - contig=contig_1, start=783616, stop=783777, strand=+, frame=1, truncated=no, start-type=ATG, RBS-motif=AGGAGG
13:31:32.184 - INFO - CDS - contig=contig_1, start=783931, stop=784218, strand=+, frame=1, truncated=no, start-type=ATG, RBS-motif=AGGAGG
13:31:32.184 - INFO - CDS - contig=contig_1, start=784191, stop=784649, strand=+, frame=3, truncated=no, start-type=ATG, RBS-motif=GGAGG
13:31:32.184 - INFO - CDS - contig=contig_1, start=784692, stop=784901, strand=+, frame=3, truncated=no, start-type=ATG, RBS-motif=GGAGG
13:31:32.184 - INFO - CDS - contig=contig_1, start=784947, stop=785132, strand=+, frame=3, truncated=no, start-type=GTG, RBS-motif=AGxAGG/AGGxGG
13:31:32.184 - INFO - CDS - contig=contig_1, start=785129, stop=785281, strand=+, frame=2, truncated=no, start-type=ATG, RBS-motif=GGAGG
13:31:32.184 - INFO - CDS - contig=contig_1, start=785402, stop=786184, strand=+, frame=2, truncated=no, start-type=ATG, RBS-motif=AGxAGG/AGGxGG
13:31:32.184 - INFO - CDS - contig=contig_1, start=786178, stop=787515, strand=+, frame=1, truncated=no, start-type=ATG, RBS-motif=AGxAGG/AGGxGG
13:31:32.184 - INFO - CDS - contig=contig_1, start=787512, stop=787691, strand=+, frame=3, truncated=no, start-type=ATG, RBS-motif=GGxGG
13:31:32.184 - INFO - CDS - contig=contig_1, start=787681, stop=787884, strand=+, frame=1, truncated=no, start-type=ATG, RBS-motif=AGGAGG
13:31:32.184 - INFO - CDS - contig=contig_1, start=787877, stop=788440, strand=+, frame=2, truncated=no, start-type=ATG, RBS-motif=None
13:31:32.184 - INFO - CDS - contig=contig_1, start=788444, stop=789823, strand=+, frame=2, truncated=no, start-type=ATG, RBS-motif=AGGAG
13:31:32.184 - INFO - CDS - contig=contig_1, start=789820, stop=790749, strand=+, frame=1, truncated=no, start-type=GTG, RBS-motif=AGGA/GGAG/GAGG
13:31:32.184 - INFO - CDS - contig=contig_1, start=790746, stop=791063, strand=+, frame=3, truncated=no, start-type=ATG, RBS-motif=GGAGG
13:31:32.184 - INFO - CDS - contig=contig_1, start=791533, stop=791775, strand=+, frame=1, truncated=no, start-type=ATG, RBS-motif=AGGAGG
13:31:32.184 - INFO - CDS - contig=contig_1, start=791772, stop=792134, strand=+, frame=3, truncated=no, start-type=ATG, RBS-motif=GGAGG
13:31:32.184 - INFO - CDS - contig=contig_1, start=792131, stop=792442, strand=+, frame=2, truncated=no, start-type=ATG, RBS-motif=AGGAGG
13:31:32.185 - INFO - CDS - contig=contig_1, start=792439, stop=792840, strand=+, frame=1, truncated=no, start-type=ATG, RBS-motif=AGGAGG
13:31:32.185 - INFO - CDS - contig=contig_1, start=792797, stop=793003, strand=+, frame=2, truncated=no, start-type=ATG, RBS-motif=AGxAGG/AGGxGG
13:31:32.185 - INFO - CDS - contig=contig_1, start=792990, stop=793352, strand=+, frame=3, truncated=no, start-type=ATG, RBS-motif=AGGAGG
13:31:32.185 - INFO - CDS - contig=contig_1, start=793521, stop=794291, strand=+, frame=3, truncated=no, start-type=ATG, RBS-motif=GGxGG
13:31:32.185 - INFO - CDS - contig=contig_1, start=795285, stop=795800, strand=+, frame=3, truncated=no, start-type=ATG, RBS-motif=AGGAG
13:31:32.185 - INFO - CDS - contig=contig_1, start=795760, stop=797607, strand=+, frame=1, truncated=no, start-type=ATG, RBS-motif=GGxGG
13:31:32.185 - INFO - CDS - contig=contig_1, start=797642, stop=797818, strand=+, frame=2, truncated=no, start-type=ATG, RBS-motif=AGGA
13:31:32.185 - INFO - CDS - contig=contig_1, start=797815, stop=799098, strand=+, frame=1, truncated=no, start-type=GTG, RBS-motif=AGGAGG
13:31:32.185 - INFO - CDS - contig=contig_1, start=799095, stop=799898, strand=+, frame=3, truncated=no, start-type=ATG, RBS-motif=AGGAGG
13:31:32.185 - INFO - CDS - contig=contig_1, start=799913, stop=801142, strand=+, frame=2, truncated=no, start-type=ATG, RBS-motif=AGGAG
13:31:32.185 - INFO - CDS - contig=contig_1, start=801145, stop=801480, strand=+, frame=1, truncated=no, start-type=ATG, RBS-motif=GGxGG
13:31:32.185 - INFO - CDS - contig=contig_1, start=801518, stop=802072, strand=+, frame=2, truncated=no, start-type=ATG, RBS-motif=AGGAG/GGAGG
13:31:32.185 - INFO - CDS - contig=contig_1, start=802072, stop=802560, strand=+, frame=1, truncated=no, start-type=ATG, RBS-motif=GGAG/GAGG
13:31:32.185 - INFO - CDS - contig=contig_1, start=802557, stop=802994, strand=+, frame=3, truncated=no, start-type=ATG, RBS-motif=AGGAG/GGAGG
13:31:32.185 - INFO - CDS - contig=contig_1, start=803012, stop=804085, strand=+, frame=2, truncated=no, start-type=ATG, RBS-motif=AGGA
13:31:32.185 - INFO - CDS - contig=contig_1, start=804098, stop=804541, strand=+, frame=2, truncated=no, start-type=ATG, RBS-motif=AGGAGG
13:31:32.185 - INFO - CDS - contig=contig_1, start=804917, stop=805294, strand=+, frame=2, truncated=no, start-type=ATG, RBS-motif=AGGA
13:31:32.185 - INFO - CDS - contig=contig_1, start=805646, stop=807664, strand=+, frame=2, truncated=no, start-type=ATG, RBS-motif=GGAG/GAGG
13:31:32.185 - INFO - CDS - contig=contig_1, start=807677, stop=808444, strand=+, frame=2, truncated=no, start-type=GTG, RBS-motif=AGGAGG
13:31:32.185 - INFO - CDS - contig=contig_1, start=808441, stop=809433, strand=+, frame=1, truncated=no, start-type=TTG, RBS-motif=AGGAGG
13:31:32.185 - INFO - CDS - contig=contig_1, start=809430, stop=809639, strand=+, frame=3, truncated=no, start-type=ATG, RBS-motif=GGA/GAG/AGG
13:31:32.185 - INFO - CDS - contig=contig_1, start=809636, stop=810070, strand=+, frame=2, truncated=no, start-type=ATG, RBS-motif=GGxGG
13:31:32.185 - INFO - CDS - contig=contig_1, start=810063, stop=811109, strand=+, frame=3, truncated=no, start-type=ATG, RBS-motif=AGGAGG
13:31:32.185 - INFO - CDS - contig=contig_1, start=811106, stop=811642, strand=+, frame=2, truncated=no, start-type=ATG, RBS-motif=GGxGG
13:31:32.185 - INFO - CDS - contig=contig_1, start=811639, stop=812400, strand=+, frame=1, truncated=no, start-type=TTG, RBS-motif=AGGAGG
13:31:32.185 - INFO - CDS - contig=contig_1, start=812740, stop=813066, strand=+, frame=1, truncated=no, start-type=ATG, RBS-motif=GGAGG
13:31:32.185 - INFO - CDS - contig=contig_1, start=813196, stop=814569, strand=+, frame=1, truncated=no, start-type=ATG, RBS-motif=GGxGG
13:31:32.186 - INFO - CDS - contig=contig_1, start=814583, stop=815041, strand=+, frame=2, truncated=no, start-type=ATG, RBS-motif=GGA/GAG/AGG
13:31:32.186 - INFO - CDS - contig=contig_1, start=815089, stop=815970, strand=-, frame=2, truncated=no, start-type=ATG, RBS-motif=None
13:31:32.186 - INFO - CDS - contig=contig_1, start=815974, stop=816714, strand=-, frame=2, truncated=no, start-type=ATG, RBS-motif=AGGAGG
13:31:32.186 - INFO - CDS - contig=contig_1, start=816831, stop=817097, strand=+, frame=3, truncated=no, start-type=ATG, RBS-motif=AGGAGG
13:31:32.186 - INFO - CDS - contig=contig_1, start=817193, stop=819025, strand=+, frame=2, truncated=no, start-type=ATG, RBS-motif=AGGAGG
13:31:32.186 - INFO - CDS - contig=contig_1, start=819216, stop=819758, strand=+, frame=3, truncated=no, start-type=ATG, RBS-motif=AGGAGG
13:31:32.186 - INFO - CDS - contig=contig_1, start=820035, stop=820235, strand=+, frame=3, truncated=no, start-type=ATG, RBS-motif=AGGAGG
13:31:32.186 - INFO - CDS - contig=contig_1, start=820293, stop=821057, strand=+, frame=3, truncated=no, start-type=ATG, RBS-motif=GGAGG
13:31:32.186 - INFO - CDS - contig=contig_1, start=821060, stop=822031, strand=+, frame=2, truncated=no, start-type=ATG, RBS-motif=AGGAG/GGAGG
13:31:32.186 - INFO - CDS - contig=contig_1, start=822041, stop=822952, strand=+, frame=2, truncated=no, start-type=ATG, RBS-motif=AGGA
13:31:32.186 - INFO - CDS - contig=contig_1, start=822966, stop=824222, strand=+, frame=3, truncated=no, start-type=TTG, RBS-motif=GGA/GAG/AGG
13:31:32.186 - INFO - CDS - contig=contig_1, start=824233, stop=825168, strand=+, frame=1, truncated=no, start-type=ATG, RBS-motif=AGGAG
13:31:32.186 - INFO - CDS - contig=contig_1, start=825407, stop=825706, strand=+, frame=2, truncated=no, start-type=ATG, RBS-motif=AGGAGG
13:31:32.186 - INFO - CDS - contig=contig_1, start=825721, stop=826182, strand=+, frame=1, truncated=no, start-type=ATG, RBS-motif=AGGAGG
13:31:32.186 - INFO - CDS - contig=contig_1, start=826221, stop=826460, strand=+, frame=3, truncated=no, start-type=ATG, RBS-motif=AGGAGG
13:31:32.186 - INFO - CDS - contig=contig_1, start=826515, stop=827846, strand=-, frame=3, truncated=no, start-type=TTG, RBS-motif=GGAGG
13:31:32.186 - INFO - CDS - contig=contig_1, start=827933, stop=828352, strand=-, frame=1, truncated=no, start-type=ATG, RBS-motif=AGGAG
13:31:32.186 - INFO - CDS - contig=contig_1, start=828355, stop=828699, strand=-, frame=2, truncated=no, start-type=ATG, RBS-motif=GGAGG
13:31:32.186 - INFO - CDS - contig=contig_1, start=828924, stop=830009, strand=+, frame=3, truncated=no, start-type=ATG, RBS-motif=AGGAGG
13:31:32.186 - INFO - CDS - contig=contig_1, start=830092, stop=831261, strand=+, frame=1, truncated=no, start-type=ATG, RBS-motif=AGGAGG
13:31:32.186 - INFO - CDS - contig=contig_1, start=831392, stop=831688, strand=-, frame=1, truncated=no, start-type=ATG, RBS-motif=AGGAG
13:31:32.186 - INFO - CDS - contig=contig_1, start=831858, stop=832370, strand=-, frame=3, truncated=no, start-type=ATG, RBS-motif=AGGAGG
13:31:32.186 - INFO - CDS - contig=contig_1, start=832372, stop=833019, strand=-, frame=2, truncated=no, start-type=ATG, RBS-motif=AGGAGG
13:31:32.186 - INFO - CDS - contig=contig_1, start=833056, stop=834216, strand=-, frame=2, truncated=no, start-type=ATG, RBS-motif=AGGAGG
13:31:32.186 - INFO - CDS - contig=contig_1, start=834248, stop=835414, strand=-, frame=1, truncated=no, start-type=ATG, RBS-motif=GGA/GAG/AGG
13:31:32.186 - INFO - CDS - contig=contig_1, start=835621, stop=836538, strand=-, frame=2, truncated=no, start-type=GTG, RBS-motif=GGAG/GAGG
13:31:32.186 - INFO - CDS - contig=contig_1, start=836680, stop=837054, strand=+, frame=1, truncated=no, start-type=ATG, RBS-motif=GGAGG
13:31:32.187 - INFO - CDS - contig=contig_1, start=837058, stop=837906, strand=+, frame=1, truncated=no, start-type=ATG, RBS-motif=GGAGG
13:31:32.187 - INFO - CDS - contig=contig_1, start=837903, stop=838514, strand=+, frame=3, truncated=no, start-type=ATG, RBS-motif=AGxAGG/AGGxGG
13:31:32.187 - INFO - CDS - contig=contig_1, start=838568, stop=839752, strand=-, frame=1, truncated=no, start-type=ATG, RBS-motif=GGAGG
13:31:32.187 - INFO - CDS - contig=contig_1, start=839949, stop=841781, strand=+, frame=3, truncated=no, start-type=ATG, RBS-motif=GGAG/GAGG
13:31:32.187 - INFO - CDS - contig=contig_1, start=841803, stop=842483, strand=+, frame=3, truncated=no, start-type=ATG, RBS-motif=AGGAG/GGAGG
13:31:32.187 - INFO - CDS - contig=contig_1, start=842571, stop=843308, strand=+, frame=3, truncated=no, start-type=TTG, RBS-motif=AGxAGG/AGGxGG
13:31:32.187 - INFO - CDS - contig=contig_1, start=843434, stop=844465, strand=+, frame=2, truncated=no, start-type=ATG, RBS-motif=GGAGG
13:31:32.187 - INFO - CDS - contig=contig_1, start=844544, stop=844978, strand=-, frame=1, truncated=no, start-type=ATG, RBS-motif=AGGAGG
13:31:32.187 - INFO - CDS - contig=contig_1, start=845039, stop=845842, strand=-, frame=1, truncated=no, start-type=ATG, RBS-motif=AGGAG
13:31:32.187 - INFO - CDS - contig=contig_1, start=845855, stop=847813, strand=-, frame=1, truncated=no, start-type=ATG, RBS-motif=GGAGG
13:31:32.187 - INFO - CDS - contig=contig_1, start=847869, stop=849020, strand=-, frame=3, truncated=no, start-type=ATG, RBS-motif=GGAG/GAGG
13:31:32.187 - INFO - CDS - contig=contig_1, start=849298, stop=851166, strand=-, frame=2, truncated=no, start-type=ATG, RBS-motif=GGAGG
13:31:32.187 - INFO - CDS - contig=contig_1, start=851223, stop=851783, strand=-, frame=3, truncated=no, start-type=TTG, RBS-motif=AGGAGG
13:31:32.187 - INFO - CDS - contig=contig_1, start=851818, stop=852864, strand=-, frame=2, truncated=no, start-type=TTG, RBS-motif=GGAG/GAGG
13:31:32.187 - INFO - CDS - contig=contig_1, start=853086, stop=854462, strand=-, frame=3, truncated=no, start-type=GTG, RBS-motif=GGAGG
13:31:32.187 - INFO - CDS - contig=contig_1, start=854477, stop=855604, strand=-, frame=1, truncated=no, start-type=ATG, RBS-motif=AGGAG
13:31:32.187 - INFO - CDS - contig=contig_1, start=855813, stop=857291, strand=+, frame=3, truncated=no, start-type=ATG, RBS-motif=AGxAGG/AGGxGG
13:31:32.187 - INFO - CDS - contig=contig_1, start=857428, stop=858441, strand=-, frame=2, truncated=no, start-type=ATG, RBS-motif=AGGAG
13:31:32.187 - INFO - CDS - contig=contig_1, start=858695, stop=859465, strand=+, frame=2, truncated=no, start-type=ATG, RBS-motif=GGAGG
13:31:32.187 - INFO - CDS - contig=contig_1, start=859634, stop=860803, strand=+, frame=2, truncated=no, start-type=TTG, RBS-motif=GGAGG
13:31:32.187 - INFO - CDS - contig=contig_1, start=860887, stop=861579, strand=+, frame=1, truncated=no, start-type=GTG, RBS-motif=AGxAGG/AGGxGG
13:31:32.187 - INFO - CDS - contig=contig_1, start=861576, stop=863024, strand=+, frame=3, truncated=no, start-type=GTG, RBS-motif=GGAG/GAGG
13:31:32.187 - INFO - CDS - contig=contig_1, start=863051, stop=864382, strand=+, frame=2, truncated=no, start-type=ATG, RBS-motif=AGGAGG
13:31:32.187 - INFO - CDS - contig=contig_1, start=864581, stop=865423, strand=+, frame=2, truncated=no, start-type=ATG, RBS-motif=AGGAGG
13:31:32.187 - INFO - CDS - contig=contig_1, start=865538, stop=866074, strand=+, frame=2, truncated=no, start-type=ATG, RBS-motif=AGGAG
13:31:32.188 - INFO - CDS - contig=contig_1, start=866314, stop=867591, strand=-, frame=2, truncated=no, start-type=ATG, RBS-motif=AGGAG
13:31:32.188 - INFO - CDS - contig=contig_1, start=867671, stop=867874, strand=-, frame=1, truncated=no, start-type=ATG, RBS-motif=AGGAGG
13:31:32.188 - INFO - CDS - contig=contig_1, start=868304, stop=868543, strand=-, frame=1, truncated=no, start-type=ATG, RBS-motif=GGAGG
13:31:32.188 - INFO - CDS - contig=contig_1, start=868540, stop=868983, strand=-, frame=2, truncated=no, start-type=ATG, RBS-motif=AGxAGG/AGGxGG
13:31:32.188 - INFO - CDS - contig=contig_1, start=869571, stop=870608, strand=-, frame=3, truncated=no, start-type=ATG, RBS-motif=GGAGG
13:31:32.188 - INFO - CDS - contig=contig_1, start=870586, stop=871878, strand=-, frame=2, truncated=no, start-type=ATG, RBS-motif=AGxAGG/AGGxGG
13:31:32.188 - INFO - CDS - contig=contig_1, start=871900, stop=873087, strand=-, frame=2, truncated=no, start-type=ATG, RBS-motif=AGxAGG/AGGxGG
13:31:32.188 - INFO - CDS - contig=contig_1, start=873737, stop=874573, strand=-, frame=1, truncated=no, start-type=ATG, RBS-motif=GGAG/GAGG
13:31:32.188 - INFO - CDS - contig=contig_1, start=874951, stop=875280, strand=+, frame=1, truncated=no, start-type=ATG, RBS-motif=GGAGG
13:31:32.188 - INFO - CDS - contig=contig_1, start=875241, stop=876575, strand=+, frame=3, truncated=no, start-type=ATG, RBS-motif=4Base/6BMM
13:31:32.188 - INFO - CDS - contig=contig_1, start=876572, stop=876943, strand=+, frame=2, truncated=no, start-type=ATG, RBS-motif=AGGAG(G)/GGAGG
13:31:32.188 - INFO - CDS - contig=contig_1, start=877169, stop=878092, strand=+, frame=2, truncated=no, start-type=ATG, RBS-motif=GGAG/GAGG
13:31:32.188 - INFO - CDS - contig=contig_1, start=878115, stop=878861, strand=+, frame=3, truncated=no, start-type=ATG, RBS-motif=AGGAG
13:31:32.188 - INFO - CDS - contig=contig_1, start=878934, stop=879134, strand=-, frame=3, truncated=no, start-type=ATG, RBS-motif=GGAGG
13:31:32.188 - INFO - CDS - contig=contig_1, start=879138, stop=883076, strand=-, frame=3, truncated=no, start-type=ATG, RBS-motif=AGGAG
13:31:32.188 - INFO - CDS - contig=contig_1, start=883203, stop=885293, strand=-, frame=3, truncated=no, start-type=ATG, RBS-motif=AGxAGG/AGGxGG
13:31:32.188 - INFO - CDS - contig=contig_1, start=885290, stop=886051, strand=-, frame=1, truncated=no, start-type=ATG, RBS-motif=AGGAGG
13:31:32.188 - INFO - CDS - contig=contig_1, start=886038, stop=886295, strand=-, frame=3, truncated=no, start-type=ATG, RBS-motif=AGGAG
13:31:32.188 - INFO - CDS - contig=contig_1, start=886319, stop=888274, strand=-, frame=1, truncated=no, start-type=ATG, RBS-motif=AGGAGG
13:31:32.188 - INFO - CDS - contig=contig_1, start=888294, stop=890699, strand=-, frame=3, truncated=no, start-type=TTG, RBS-motif=AGGAGG
13:31:32.188 - INFO - CDS - contig=contig_1, start=891071, stop=891934, strand=-, frame=1, truncated=no, start-type=ATG, RBS-motif=AGGAGG
13:31:32.188 - INFO - CDS - contig=contig_1, start=892006, stop=892221, strand=-, frame=2, truncated=no, start-type=ATG, RBS-motif=GGAGG
13:31:32.188 - INFO - CDS - contig=contig_1, start=892318, stop=892545, strand=-, frame=2, truncated=no, start-type=ATG, RBS-motif=AGGAG
13:31:32.188 - INFO - CDS - contig=contig_1, start=892574, stop=894379, strand=-, frame=1, truncated=no, start-type=ATG, RBS-motif=AGxAGG/AGGxGG
13:31:32.188 - INFO - CDS - contig=contig_1, start=894376, stop=894852, strand=-, frame=2, truncated=no, start-type=TTG, RBS-motif=AGGAGG
13:31:32.188 - INFO - CDS - contig=contig_1, start=894895, stop=895107, strand=-, frame=2, truncated=no, start-type=ATG, RBS-motif=AGGAGG
13:31:32.188 - INFO - CDS - contig=contig_1, start=895209, stop=896354, strand=-, frame=3, truncated=no, start-type=ATG, RBS-motif=AGGAGG
13:31:32.189 - INFO - CDS - contig=contig_1, start=896793, stop=897545, strand=+, frame=3, truncated=no, start-type=ATG, RBS-motif=GGA/GAG/AGG
13:31:32.189 - INFO - CDS - contig=contig_1, start=897542, stop=898348, strand=+, frame=2, truncated=no, start-type=ATG, RBS-motif=GGAGG
13:31:32.189 - INFO - CDS - contig=contig_1, start=898360, stop=899118, strand=+, frame=1, truncated=no, start-type=ATG, RBS-motif=GGAG/GAGG
13:31:32.189 - INFO - CDS - contig=contig_1, start=899300, stop=900334, strand=+, frame=2, truncated=no, start-type=GTG, RBS-motif=AGGAGG
13:31:32.189 - INFO - CDS - contig=contig_1, start=900363, stop=900932, strand=+, frame=3, truncated=no, start-type=ATG, RBS-motif=AGxAGG/AGGxGG
13:31:32.189 - INFO - CDS - contig=contig_1, start=900980, stop=902836, strand=+, frame=2, truncated=no, start-type=ATG, RBS-motif=AGGAGG
13:31:32.189 - INFO - CDS - contig=contig_1, start=902833, stop=903384, strand=+, frame=1, truncated=no, start-type=ATG, RBS-motif=GGAG/GAGG
13:31:32.189 - INFO - CDS - contig=contig_1, start=903417, stop=903914, strand=+, frame=3, truncated=no, start-type=ATG, RBS-motif=AGGA
13:31:32.189 - INFO - CDS - contig=contig_1, start=903911, stop=904429, strand=+, frame=2, truncated=no, start-type=ATG, RBS-motif=AGGAGG
13:31:32.189 - INFO - CDS - contig=contig_1, start=904610, stop=906373, strand=-, frame=1, truncated=no, start-type=TTG, RBS-motif=AGGAG
13:31:32.189 - INFO - CDS - contig=contig_1, start=906647, stop=907720, strand=-, frame=1, truncated=no, start-type=ATG, RBS-motif=AGxAGG/AGGxGG
13:31:32.189 - INFO - CDS - contig=contig_1, start=907839, stop=908693, strand=-, frame=3, truncated=no, start-type=ATG, RBS-motif=GGAGG
13:31:32.189 - INFO - CDS - contig=contig_1, start=908845, stop=909453, strand=+, frame=1, truncated=no, start-type=ATG, RBS-motif=GGAGG
13:31:32.189 - INFO - CDS - contig=contig_1, start=909425, stop=909856, strand=-, frame=1, truncated=no, start-type=ATG, RBS-motif=GGAGG
13:31:32.189 - INFO - CDS - contig=contig_1, start=910025, stop=910255, strand=+, frame=2, truncated=no, start-type=ATG, RBS-motif=GGAGG
13:31:32.189 - INFO - CDS - contig=contig_1, start=910783, stop=911268, strand=-, frame=2, truncated=no, start-type=ATG, RBS-motif=AGGAGG
13:31:32.189 - INFO - CDS - contig=contig_1, start=912073, stop=912231, strand=+, frame=1, truncated=no, start-type=ATG, RBS-motif=AGGAGG
13:31:32.189 - INFO - CDS - contig=contig_1, start=912530, stop=912847, strand=+, frame=2, truncated=no, start-type=ATG, RBS-motif=AGGAG
13:31:32.189 - INFO - CDS - contig=contig_1, start=912844, stop=913626, strand=+, frame=1, truncated=no, start-type=GTG, RBS-motif=AGGA
13:31:32.189 - INFO - CDS - contig=contig_1, start=913642, stop=913914, strand=+, frame=1, truncated=no, start-type=ATG, RBS-motif=AGGAG
13:31:32.189 - INFO - CDS - contig=contig_1, start=913926, stop=914453, strand=+, frame=3, truncated=no, start-type=ATG, RBS-motif=AGGAGG
13:31:32.189 - INFO - CDS - contig=contig_1, start=914563, stop=915042, strand=+, frame=1, truncated=no, start-type=GTG, RBS-motif=AGxAGG/AGGxGG
13:31:32.189 - INFO - CDS - contig=contig_1, start=915067, stop=917004, strand=+, frame=1, truncated=no, start-type=ATG, RBS-motif=AGGAGG
13:31:32.189 - INFO - CDS - contig=contig_1, start=916994, stop=917605, strand=+, frame=2, truncated=no, start-type=ATG, RBS-motif=GGAG/GAGG
13:31:32.189 - INFO - CDS - contig=contig_1, start=917602, stop=918324, strand=+, frame=1, truncated=no, start-type=ATG, RBS-motif=AGGAG
13:31:32.189 - INFO - CDS - contig=contig_1, start=918343, stop=919230, strand=+, frame=1, truncated=no, start-type=ATG, RBS-motif=GGAGG
13:31:32.189 - INFO - CDS - contig=contig_1, start=919223, stop=919792, strand=+, frame=2, truncated=no, start-type=ATG, RBS-motif=GGA/GAG/AGG
13:31:32.189 - INFO - CDS - contig=contig_1, start=919789, stop=920895, strand=+, frame=1, truncated=no, start-type=ATG, RBS-motif=GGAGG
13:31:32.189 - INFO - CDS - contig=contig_1, start=921372, stop=921626, strand=+, frame=3, truncated=no, start-type=ATG, RBS-motif=AGGAGG
13:31:32.189 - INFO - CDS - contig=contig_1, start=921670, stop=922107, strand=+, frame=1, truncated=no, start-type=ATG, RBS-motif=GGA/GAG/AGG
13:31:32.190 - INFO - CDS - contig=contig_1, start=922235, stop=922729, strand=+, frame=2, truncated=no, start-type=ATG, RBS-motif=AGGAGG
13:31:32.190 - INFO - CDS - contig=contig_1, start=922704, stop=923966, strand=+, frame=3, truncated=no, start-type=ATG, RBS-motif=GGxGG
13:31:32.190 - INFO - CDS - contig=contig_1, start=923966, stop=925378, strand=+, frame=2, truncated=no, start-type=ATG, RBS-motif=GGAGG
13:31:32.190 - INFO - CDS - contig=contig_1, start=925382, stop=926911, strand=+, frame=2, truncated=no, start-type=ATG, RBS-motif=GGAGG
13:31:32.190 - INFO - CDS - contig=contig_1, start=926895, stop=927098, strand=+, frame=3, truncated=no, start-type=ATG, RBS-motif=AGGAG/GGAGG
13:31:32.190 - INFO - CDS - contig=contig_1, start=927264, stop=927854, strand=+, frame=3, truncated=no, start-type=ATG, RBS-motif=AGGA
13:31:32.190 - INFO - CDS - contig=contig_1, start=927861, stop=928733, strand=+, frame=3, truncated=no, start-type=ATG, RBS-motif=AGGAG
13:31:32.190 - INFO - CDS - contig=contig_1, start=928745, stop=928912, strand=+, frame=2, truncated=no, start-type=ATG, RBS-motif=AGGAGG
13:31:32.190 - INFO - CDS - contig=contig_1, start=928931, stop=929287, strand=+, frame=2, truncated=no, start-type=GTG, RBS-motif=AGGAGG
13:31:32.190 - INFO - CDS - contig=contig_1, start=929287, stop=929628, strand=+, frame=1, truncated=no, start-type=ATG, RBS-motif=GGAG/GAGG
13:31:32.190 - INFO - CDS - contig=contig_1, start=929625, stop=930050, strand=+, frame=3, truncated=no, start-type=ATG, RBS-motif=GGxGG
13:31:32.190 - INFO - CDS - contig=contig_1, start=930047, stop=930472, strand=+, frame=2, truncated=no, start-type=ATG, RBS-motif=GGAGG
13:31:32.190 - INFO - CDS - contig=contig_1, start=930476, stop=930982, strand=+, frame=2, truncated=no, start-type=ATG, RBS-motif=AGGAG/GGAGG
13:31:32.190 - INFO - CDS - contig=contig_1, start=930997, stop=931368, strand=+, frame=1, truncated=no, start-type=ATG, RBS-motif=AGGAGG
13:31:32.190 - INFO - CDS - contig=contig_1, start=931365, stop=931979, strand=+, frame=3, truncated=no, start-type=GTG, RBS-motif=None
13:31:32.190 - INFO - CDS - contig=contig_1, start=932166, stop=935057, strand=+, frame=3, truncated=no, start-type=ATG, RBS-motif=AGxAGG/AGGxGG
13:31:32.190 - INFO - CDS - contig=contig_1, start=935072, stop=935449, strand=+, frame=2, truncated=no, start-type=ATG, RBS-motif=AGGAG
13:31:32.190 - INFO - CDS - contig=contig_1, start=935446, stop=937116, strand=+, frame=1, truncated=no, start-type=ATG, RBS-motif=GGAGG
13:31:32.190 - INFO - CDS - contig=contig_1, start=937113, stop=937502, strand=+, frame=3, truncated=no, start-type=ATG, RBS-motif=AGxAGG/AGGxGG
13:31:32.190 - INFO - CDS - contig=contig_1, start=937505, stop=938734, strand=+, frame=2, truncated=no, start-type=ATG, RBS-motif=GGAGG
13:31:32.190 - INFO - CDS - contig=contig_1, start=938737, stop=939102, strand=+, frame=1, truncated=no, start-type=ATG, RBS-motif=GGAGG
13:31:32.190 - INFO - CDS - contig=contig_1, start=939095, stop=939220, strand=+, frame=2, truncated=no, start-type=ATG, RBS-motif=GGAGG
13:31:32.190 - INFO - CDS - contig=contig_1, start=939217, stop=940578, strand=+, frame=1, truncated=no, start-type=ATG, RBS-motif=GGAGG
13:31:32.190 - INFO - CDS - contig=contig_1, start=940595, stop=940864, strand=+, frame=2, truncated=no, start-type=ATG, RBS-motif=GGA/GAG/AGG
13:31:32.190 - INFO - CDS - contig=contig_1, start=940869, stop=941168, strand=+, frame=3, truncated=no, start-type=ATG, RBS-motif=GGAG/GAGG
13:31:32.190 - INFO - CDS - contig=contig_1, start=941541, stop=942218, strand=-, frame=3, truncated=no, start-type=ATG, RBS-motif=GGAGG
13:31:32.190 - INFO - CDS - contig=contig_1, start=942244, stop=942786, strand=-, frame=2, truncated=no, start-type=ATG, RBS-motif=AGGAG
13:31:32.190 - INFO - CDS - contig=contig_1, start=942800, stop=943273, strand=-, frame=1, truncated=no, start-type=ATG, RBS-motif=GGAG/GAGG
13:31:32.191 - INFO - CDS - contig=contig_1, start=943273, stop=943668, strand=-, frame=2, truncated=no, start-type=ATG, RBS-motif=AGGAG
13:31:32.191 - INFO - CDS - contig=contig_1, start=943787, stop=947140, strand=-, frame=1, truncated=no, start-type=ATG, RBS-motif=GGAG/GAGG
13:31:32.191 - INFO - CDS - contig=contig_1, start=947425, stop=948492, strand=-, frame=2, truncated=no, start-type=TTG, RBS-motif=AGGAG(G)/GGAGG
13:31:32.191 - INFO - CDS - contig=contig_1, start=948556, stop=949410, strand=-, frame=2, truncated=no, start-type=GTG, RBS-motif=AGxAGG/AGGxGG
13:31:32.191 - INFO - CDS - contig=contig_1, start=949407, stop=950216, strand=-, frame=3, truncated=no, start-type=ATG, RBS-motif=GGAGG
13:31:32.191 - INFO - CDS - contig=contig_1, start=950206, stop=951330, strand=-, frame=2, truncated=no, start-type=ATG, RBS-motif=GGAGG
13:31:32.191 - INFO - CDS - contig=contig_1, start=951461, stop=952435, strand=-, frame=1, truncated=no, start-type=ATG, RBS-motif=AGGAGG
13:31:32.191 - INFO - CDS - contig=contig_1, start=952604, stop=953125, strand=+, frame=2, truncated=no, start-type=ATG, RBS-motif=AGGAG
13:31:32.191 - INFO - CDS - contig=contig_1, start=953165, stop=953359, strand=+, frame=2, truncated=no, start-type=ATG, RBS-motif=AGGAGG
13:31:32.191 - INFO - CDS - contig=contig_1, start=953551, stop=954879, strand=+, frame=1, truncated=no, start-type=ATG, RBS-motif=GGAGG
13:31:32.191 - INFO - CDS - contig=contig_1, start=954884, stop=955591, strand=+, frame=2, truncated=no, start-type=ATG, RBS-motif=AGGAGG
13:31:32.191 - INFO - CDS - contig=contig_1, start=955673, stop=956674, strand=+, frame=2, truncated=no, start-type=ATG, RBS-motif=GGAGG
13:31:32.191 - INFO - CDS - contig=contig_1, start=956821, stop=957720, strand=+, frame=1, truncated=no, start-type=ATG, RBS-motif=AGGAGG
13:31:32.191 - INFO - CDS - contig=contig_1, start=957714, stop=958226, strand=+, frame=3, truncated=no, start-type=ATG, RBS-motif=GGAGG
13:31:32.191 - INFO - CDS - contig=contig_1, start=958240, stop=958434, strand=+, frame=1, truncated=no, start-type=ATG, RBS-motif=GGxGG
13:31:32.191 - INFO - CDS - contig=contig_1, start=958441, stop=958824, strand=+, frame=1, truncated=no, start-type=ATG, RBS-motif=None
13:31:32.191 - INFO - CDS - contig=contig_1, start=958878, stop=959969, strand=+, frame=3, truncated=no, start-type=ATG, RBS-motif=GGA/GAG/AGG
13:31:32.191 - INFO - CDS - contig=contig_1, start=959966, stop=960445, strand=+, frame=2, truncated=no, start-type=ATG, RBS-motif=AGxAGG/AGGxGG
13:31:32.191 - INFO - CDS - contig=contig_1, start=960442, stop=960954, strand=+, frame=1, truncated=no, start-type=ATG, RBS-motif=AGGAGG
13:31:32.191 - INFO - CDS - contig=contig_1, start=960965, stop=961540, strand=+, frame=2, truncated=no, start-type=ATG, RBS-motif=GGAG/GAGG
13:31:32.191 - INFO - CDS - contig=contig_1, start=961644, stop=962036, strand=+, frame=3, truncated=no, start-type=ATG, RBS-motif=AGGA/GGAG/GAGG
13:31:32.191 - INFO - CDS - contig=contig_1, start=962238, stop=962732, strand=+, frame=3, truncated=no, start-type=ATG, RBS-motif=GGAGG
13:31:32.191 - INFO - CDS - contig=contig_1, start=962735, stop=963670, strand=+, frame=2, truncated=no, start-type=ATG, RBS-motif=GGAG/GAGG
13:31:32.191 - INFO - CDS - contig=contig_1, start=963672, stop=964859, strand=+, frame=3, truncated=no, start-type=ATG, RBS-motif=AGxAGG/AGGxGG
13:31:32.191 - INFO - CDS - contig=contig_1, start=964908, stop=965144, strand=+, frame=3, truncated=no, start-type=ATG, RBS-motif=AGGAGG
13:31:32.191 - INFO - CDS - contig=contig_1, start=965141, stop=966019, strand=+, frame=2, truncated=no, start-type=GTG, RBS-motif=GGAGG
13:31:32.191 - INFO - CDS - contig=contig_1, start=966030, stop=966491, strand=+, frame=3, truncated=no, start-type=ATG, RBS-motif=AGGAGG
13:31:32.192 - INFO - CDS - contig=contig_1, start=966525, stop=968396, strand=+, frame=3, truncated=no, start-type=TTG, RBS-motif=GGAG/GAGG
13:31:32.192 - INFO - CDS - contig=contig_1, start=968362, stop=969171, strand=+, frame=1, truncated=no, start-type=ATG, RBS-motif=GGAGG
13:31:32.192 - INFO - CDS - contig=contig_1, start=969168, stop=970034, strand=+, frame=3, truncated=no, start-type=GTG, RBS-motif=AGGAGG
13:31:32.192 - INFO - CDS - contig=contig_1, start=970038, stop=970490, strand=+, frame=3, truncated=no, start-type=ATG, RBS-motif=GGAGG
13:31:32.192 - INFO - CDS - contig=contig_1, start=970552, stop=972252, strand=+, frame=1, truncated=no, start-type=ATG, RBS-motif=GGAGG
13:31:32.192 - INFO - CDS - contig=contig_1, start=972339, stop=973283, strand=+, frame=3, truncated=no, start-type=ATG, RBS-motif=AGGAGG
13:31:32.192 - INFO - CDS - contig=contig_1, start=973268, stop=974131, strand=+, frame=2, truncated=no, start-type=ATG, RBS-motif=AGxAGG/AGGxGG
13:31:32.192 - INFO - CDS - contig=contig_1, start=974131, stop=975141, strand=+, frame=1, truncated=no, start-type=ATG, RBS-motif=GGAG/GAGG
13:31:32.192 - INFO - CDS - contig=contig_1, start=975206, stop=976102, strand=+, frame=2, truncated=no, start-type=ATG, RBS-motif=GGAGG
13:31:32.192 - INFO - CDS - contig=contig_1, start=976118, stop=976444, strand=+, frame=2, truncated=no, start-type=ATG, RBS-motif=GGAGG
13:31:32.192 - INFO - CDS - contig=contig_1, start=976609, stop=980094, strand=+, frame=1, truncated=no, start-type=ATG, RBS-motif=AGGAGG
13:31:32.192 - INFO - CDS - contig=contig_1, start=980123, stop=981664, strand=+, frame=2, truncated=no, start-type=ATG, RBS-motif=AGGAGG
13:31:32.192 - INFO - CDS - contig=contig_1, start=981677, stop=982198, strand=+, frame=2, truncated=no, start-type=ATG, RBS-motif=AGGA
13:31:32.192 - INFO - CDS - contig=contig_1, start=982247, stop=982735, strand=-, frame=1, truncated=no, start-type=ATG, RBS-motif=AGGAGG
13:31:32.192 - INFO - CDS - contig=contig_1, start=982866, stop=983222, strand=+, frame=3, truncated=no, start-type=ATG, RBS-motif=GGAG/GAGG
13:31:32.192 - INFO - CDS - contig=contig_1, start=983321, stop=984148, strand=+, frame=2, truncated=no, start-type=ATG, RBS-motif=GGAGG
13:31:32.192 - INFO - CDS - contig=contig_1, start=984633, stop=985085, strand=+, frame=3, truncated=no, start-type=ATG, RBS-motif=GGxGG
13:31:32.192 - INFO - CDS - contig=contig_1, start=985105, stop=985572, strand=+, frame=1, truncated=no, start-type=ATG, RBS-motif=AGGAG/GGAGG
13:31:32.192 - INFO - CDS - contig=contig_1, start=985772, stop=986443, strand=+, frame=2, truncated=no, start-type=ATG, RBS-motif=AGGAGG
13:31:32.192 - INFO - CDS - contig=contig_1, start=986470, stop=987147, strand=+, frame=1, truncated=no, start-type=ATG, RBS-motif=AGxAGG/AGGxGG
13:31:32.192 - INFO - CDS - contig=contig_1, start=987222, stop=989189, strand=+, frame=3, truncated=no, start-type=ATG, RBS-motif=GGAGG
13:31:32.192 - INFO - CDS - contig=contig_1, start=989192, stop=989974, strand=+, frame=2, truncated=no, start-type=ATG, RBS-motif=GGAG/GAGG
13:31:32.192 - INFO - CDS - contig=contig_1, start=990017, stop=992854, strand=+, frame=2, truncated=no, start-type=ATG, RBS-motif=AGGAG
13:31:32.192 - INFO - CDS - contig=contig_1, start=992932, stop=993417, strand=+, frame=1, truncated=no, start-type=TTG, RBS-motif=AGGAGG
13:31:32.192 - INFO - CDS - contig=contig_1, start=993469, stop=993816, strand=+, frame=1, truncated=no, start-type=ATG, RBS-motif=GGAG/GAGG
13:31:32.192 - INFO - CDS - contig=contig_1, start=993887, stop=996100, strand=+, frame=2, truncated=no, start-type=GTG, RBS-motif=GGAG/GAGG
13:31:32.193 - INFO - CDS - contig=contig_1, start=996373, stop=996567, strand=+, frame=1, truncated=no, start-type=ATG, RBS-motif=GGAGG
13:31:32.193 - INFO - CDS - contig=contig_1, start=996554, stop=997201, strand=+, frame=2, truncated=no, start-type=ATG, RBS-motif=GGxGG
13:31:32.193 - INFO - CDS - contig=contig_1, start=997332, stop=998357, strand=+, frame=3, truncated=no, start-type=ATG, RBS-motif=GGAG/GAGG
13:31:32.193 - INFO - CDS - contig=contig_1, start=998450, stop=999052, strand=+, frame=2, truncated=no, start-type=ATG, RBS-motif=GGAGG
13:31:32.193 - INFO - CDS - contig=contig_1, start=999149, stop=1000525, strand=-, frame=1, truncated=no, start-type=ATG, RBS-motif=GGA/GAG/AGG
13:31:32.193 - INFO - CDS - contig=contig_1, start=1000645, stop=1001652, strand=+, frame=1, truncated=no, start-type=ATG, RBS-motif=AGGAG
13:31:32.193 - INFO - CDS - contig=contig_1, start=1001701, stop=1001979, strand=+, frame=1, truncated=no, start-type=ATG, RBS-motif=AGGAGG
13:31:32.193 - INFO - CDS - contig=contig_1, start=1001992, stop=1003191, strand=+, frame=1, truncated=no, start-type=GTG, RBS-motif=AGxAGG/AGGxGG
13:31:32.193 - INFO - CDS - contig=contig_1, start=1003230, stop=1004201, strand=+, frame=3, truncated=no, start-type=TTG, RBS-motif=AGGAG
13:31:32.193 - INFO - CDS - contig=contig_1, start=1004201, stop=1004743, strand=+, frame=2, truncated=no, start-type=ATG, RBS-motif=AGxAGG/AGGxGG
13:31:32.193 - INFO - CDS - contig=contig_1, start=1004753, stop=1005646, strand=+, frame=2, truncated=no, start-type=ATG, RBS-motif=GGAG/GAGG
13:31:32.193 - INFO - CDS - contig=contig_1, start=1005748, stop=1005855, strand=+, frame=1, truncated=no, start-type=ATG, RBS-motif=GGAGG
13:31:32.193 - INFO - CDS - contig=contig_1, start=1005870, stop=1006628, strand=+, frame=3, truncated=no, start-type=ATG, RBS-motif=None
13:31:32.193 - INFO - CDS - contig=contig_1, start=1006690, stop=1006905, strand=+, frame=1, truncated=no, start-type=ATG, RBS-motif=AGGAGG
13:31:32.193 - INFO - CDS - contig=contig_1, start=1006907, stop=1008964, strand=+, frame=2, truncated=no, start-type=ATG, RBS-motif=GGxGG
13:31:32.193 - INFO - CDS - contig=contig_1, start=1008990, stop=1011362, strand=+, frame=3, truncated=no, start-type=ATG, RBS-motif=GGAG/GAGG
13:31:32.193 - INFO - CDS - contig=contig_1, start=1011531, stop=1011794, strand=+, frame=3, truncated=no, start-type=ATG, RBS-motif=GGxGG
13:31:32.193 - INFO - CDS - contig=contig_1, start=1011935, stop=1012738, strand=+, frame=2, truncated=no, start-type=ATG, RBS-motif=GGAGG
13:31:32.193 - INFO - CDS - contig=contig_1, start=1012743, stop=1014119, strand=+, frame=3, truncated=no, start-type=ATG, RBS-motif=GGAG/GAGG
13:31:32.193 - INFO - CDS - contig=contig_1, start=1014174, stop=1015394, strand=-, frame=3, truncated=no, start-type=ATG, RBS-motif=AGGAGG
13:31:32.193 - INFO - CDS - contig=contig_1, start=1015555, stop=1016442, strand=+, frame=1, truncated=no, start-type=ATG, RBS-motif=AGGAG
13:31:32.193 - INFO - CDS - contig=contig_1, start=1016473, stop=1017276, strand=-, frame=2, truncated=no, start-type=ATG, RBS-motif=GGAG/GAGG
13:31:32.193 - INFO - CDS - contig=contig_1, start=1017478, stop=1017870, strand=+, frame=1, truncated=no, start-type=ATG, RBS-motif=GGAGG
13:31:32.193 - INFO - CDS - contig=contig_1, start=1018023, stop=1018934, strand=-, frame=3, truncated=no, start-type=ATG, RBS-motif=AGGA
13:31:32.193 - INFO - CDS - contig=contig_1, start=1018981, stop=1019274, strand=-, frame=2, truncated=no, start-type=ATG, RBS-motif=AGGAGG
13:31:32.193 - INFO - CDS - contig=contig_1, start=1019435, stop=1020715, strand=+, frame=2, truncated=no, start-type=ATG, RBS-motif=GGAG/GAGG
13:31:32.193 - INFO - CDS - contig=contig_1, start=1020771, stop=1022132, strand=-, frame=3, truncated=no, start-type=ATG, RBS-motif=None
13:31:32.193 - INFO - CDS - contig=contig_1, start=1022449, stop=1026147, strand=+, frame=1, truncated=no, start-type=ATG, RBS-motif=AGGA/GGAG/GAGG
13:31:32.194 - INFO - CDS - contig=contig_1, start=1026166, stop=1029963, strand=+, frame=1, truncated=no, start-type=ATG, RBS-motif=GGAGG
13:31:32.194 - INFO - CDS - contig=contig_1, start=1030118, stop=1031197, strand=+, frame=2, truncated=no, start-type=ATG, RBS-motif=AGGAGG
13:31:32.194 - INFO - CDS - contig=contig_1, start=1031214, stop=1031720, strand=+, frame=3, truncated=no, start-type=ATG, RBS-motif=GGAG/GAGG
13:31:32.194 - INFO - CDS - contig=contig_1, start=1031724, stop=1032926, strand=-, frame=3, truncated=no, start-type=ATG, RBS-motif=AGxAGG/AGGxGG
13:31:32.194 - INFO - CDS - contig=contig_1, start=1033425, stop=1034804, strand=+, frame=3, truncated=no, start-type=ATG, RBS-motif=GGAG/GAGG
13:31:32.194 - INFO - CDS - contig=contig_1, start=1034932, stop=1035375, strand=+, frame=1, truncated=no, start-type=ATG, RBS-motif=AGGAGG
13:31:32.194 - INFO - CDS - contig=contig_1, start=1035498, stop=1035842, strand=+, frame=3, truncated=no, start-type=ATG, RBS-motif=AGxAGG/AGGxGG
13:31:32.194 - INFO - CDS - contig=contig_1, start=1035921, stop=1036325, strand=-, frame=3, truncated=no, start-type=ATG, RBS-motif=AGGAGG
13:31:32.194 - INFO - CDS - contig=contig_1, start=1036451, stop=1037578, strand=-, frame=1, truncated=no, start-type=ATG, RBS-motif=AGGAGG
13:31:32.194 - INFO - CDS - contig=contig_1, start=1037580, stop=1039013, strand=-, frame=3, truncated=no, start-type=ATG, RBS-motif=AGGAG
13:31:32.194 - INFO - CDS - contig=contig_1, start=1039089, stop=1040285, strand=-, frame=3, truncated=no, start-type=GTG, RBS-motif=AGxAGG/AGGxGG
13:31:32.194 - INFO - CDS - contig=contig_1, start=1040266, stop=1041336, strand=-, frame=2, truncated=no, start-type=ATG, RBS-motif=AGGAGG
13:31:32.194 - INFO - CDS - contig=contig_1, start=1041326, stop=1041982, strand=-, frame=1, truncated=no, start-type=ATG, RBS-motif=None
13:31:32.194 - INFO - CDS - contig=contig_1, start=1041988, stop=1042224, strand=-, frame=2, truncated=no, start-type=ATG, RBS-motif=AGGAGG
13:31:32.194 - INFO - CDS - contig=contig_1, start=1042299, stop=1043021, strand=-, frame=3, truncated=no, start-type=ATG, RBS-motif=GGA/GAG/AGG
13:31:32.194 - INFO - CDS - contig=contig_1, start=1043282, stop=1043863, strand=+, frame=2, truncated=no, start-type=ATG, RBS-motif=AGGAG
13:31:32.194 - INFO - CDS - contig=contig_1, start=1043898, stop=1044326, strand=+, frame=3, truncated=no, start-type=ATG, RBS-motif=AGGAGG
13:31:32.194 - INFO - CDS - contig=contig_1, start=1044434, stop=1046200, strand=-, frame=1, truncated=no, start-type=ATG, RBS-motif=AGxAGG/AGGxGG
13:31:32.194 - INFO - CDS - contig=contig_1, start=1046216, stop=1048018, strand=-, frame=1, truncated=no, start-type=ATG, RBS-motif=AGGAGG
13:31:32.194 - INFO - CDS - contig=contig_1, start=1048032, stop=1048400, strand=-, frame=3, truncated=no, start-type=TTG, RBS-motif=AGGAG
13:31:32.194 - INFO - CDS - contig=contig_1, start=1048414, stop=1048950, strand=-, frame=2, truncated=no, start-type=ATG, RBS-motif=GGA/GAG/AGG
13:31:32.194 - INFO - CDS - contig=contig_1, start=1048947, stop=1049441, strand=-, frame=3, truncated=no, start-type=ATG, RBS-motif=AGGAGG
13:31:32.194 - INFO - CDS - contig=contig_1, start=1049546, stop=1050283, strand=-, frame=1, truncated=no, start-type=ATG, RBS-motif=GGAG/GAGG
13:31:32.194 - INFO - CDS - contig=contig_1, start=1050283, stop=1050618, strand=-, frame=2, truncated=no, start-type=ATG, RBS-motif=AGxAGG/AGGxGG
13:31:32.194 - INFO - CDS - contig=contig_1, start=1051140, stop=1052057, strand=-, frame=3, truncated=no, start-type=ATG, RBS-motif=GGAGG
13:31:32.194 - INFO - CDS - contig=contig_1, start=1058389, stop=1059873, strand=-, frame=2, truncated=no, start-type=ATG, RBS-motif=GGAGG
13:31:32.195 - INFO - CDS - contig=contig_1, start=1060009, stop=1061007, strand=+, frame=1, truncated=no, start-type=ATG, RBS-motif=AGGAG
13:31:32.195 - INFO - CDS - contig=contig_1, start=1061084, stop=1062157, strand=+, frame=2, truncated=no, start-type=ATG, RBS-motif=AGGAG
13:31:32.195 - INFO - CDS - contig=contig_1, start=1062154, stop=1063305, strand=+, frame=1, truncated=no, start-type=ATG, RBS-motif=AGGAGG
13:31:32.195 - INFO - CDS - contig=contig_1, start=1063354, stop=1064103, strand=+, frame=1, truncated=no, start-type=TTG, RBS-motif=AGGAGG
13:31:32.195 - INFO - CDS - contig=contig_1, start=1064109, stop=1064342, strand=-, frame=3, truncated=no, start-type=ATG, RBS-motif=AGGAGG
13:31:32.195 - INFO - CDS - contig=contig_1, start=1064335, stop=1064811, strand=-, frame=2, truncated=no, start-type=ATG, RBS-motif=AGGAGG
13:31:32.195 - INFO - CDS - contig=contig_1, start=1064842, stop=1065120, strand=-, frame=2, truncated=no, start-type=ATG, RBS-motif=GGAGG
13:31:32.195 - INFO - CDS - contig=contig_1, start=1065190, stop=1065660, strand=+, frame=1, truncated=no, start-type=ATG, RBS-motif=AGxAGG/AGGxGG
13:31:32.195 - INFO - CDS - contig=contig_1, start=1065672, stop=1066448, strand=+, frame=3, truncated=no, start-type=ATG, RBS-motif=AGxAGG/AGGxGG
13:31:32.195 - INFO - CDS - contig=contig_1, start=1066520, stop=1067266, strand=-, frame=1, truncated=no, start-type=ATG, RBS-motif=AGGAGG
13:31:32.195 - INFO - CDS - contig=contig_1, start=1067451, stop=1068749, strand=+, frame=3, truncated=no, start-type=ATG, RBS-motif=GGxGG
13:31:32.195 - INFO - CDS - contig=contig_1, start=1068760, stop=1069038, strand=+, frame=1, truncated=no, start-type=ATG, RBS-motif=GGAG/GAGG
13:31:32.195 - INFO - CDS - contig=contig_1, start=1069177, stop=1069602, strand=+, frame=1, truncated=no, start-type=ATG, RBS-motif=AGGAG/GGAGG
13:31:32.195 - INFO - CDS - contig=contig_1, start=1069610, stop=1069786, strand=+, frame=2, truncated=no, start-type=ATG, RBS-motif=GGAG/GAGG
13:31:32.195 - INFO - CDS - contig=contig_1, start=1069922, stop=1070407, strand=+, frame=2, truncated=no, start-type=GTG, RBS-motif=GGAG/GAGG
13:31:32.195 - INFO - CDS - contig=contig_1, start=1070472, stop=1071704, strand=-, frame=3, truncated=no, start-type=ATG, RBS-motif=GGAG/GAGG
13:31:32.195 - INFO - CDS - contig=contig_1, start=1071712, stop=1072905, strand=-, frame=2, truncated=no, start-type=ATG, RBS-motif=AGGA
13:31:32.195 - INFO - CDS - contig=contig_1, start=1073074, stop=1074351, strand=-, frame=2, truncated=no, start-type=ATG, RBS-motif=GGAGG
13:31:32.195 - INFO - CDS - contig=contig_1, start=1074802, stop=1077324, strand=+, frame=1, truncated=no, start-type=ATG, RBS-motif=GGAGG
13:31:32.195 - INFO - CDS - contig=contig_1, start=1077573, stop=1078625, strand=+, frame=3, truncated=no, start-type=TTG, RBS-motif=GGAGG
13:31:32.195 - INFO - CDS - contig=contig_1, start=1078642, stop=1080033, strand=+, frame=1, truncated=no, start-type=ATG, RBS-motif=AGGAGG
13:31:32.195 - INFO - CDS - contig=contig_1, start=1080089, stop=1081987, strand=+, frame=2, truncated=no, start-type=ATG, RBS-motif=GGAG/GAGG
13:31:32.195 - INFO - CDS - contig=contig_1, start=1081984, stop=1082613, strand=+, frame=1, truncated=no, start-type=ATG, RBS-motif=AGGAGG
13:31:32.196 - INFO - CDS - contig=contig_1, start=1082625, stop=1083686, strand=+, frame=3, truncated=no, start-type=ATG, RBS-motif=GGA/GAG/AGG
13:31:32.196 - INFO - CDS - contig=contig_1, start=1083749, stop=1084018, strand=+, frame=2, truncated=no, start-type=ATG, RBS-motif=AGGA/GGAG/GAGG
13:31:32.196 - INFO - CDS - contig=contig_1, start=1084038, stop=1085054, strand=+, frame=3, truncated=no, start-type=ATG, RBS-motif=GGA/GAG/AGG
13:31:32.196 - INFO - CDS - contig=contig_1, start=1085051, stop=1085542, strand=+, frame=2, truncated=no, start-type=GTG, RBS-motif=None
13:31:32.196 - INFO - CDS - contig=contig_1, start=1085612, stop=1086211, strand=+, frame=2, truncated=no, start-type=ATG, RBS-motif=GGAG/GAGG
13:31:32.196 - INFO - CDS - contig=contig_1, start=1086225, stop=1086707, strand=+, frame=3, truncated=no, start-type=GTG, RBS-motif=AGxAGG/AGGxGG
13:31:32.196 - INFO - CDS - contig=contig_1, start=1086704, stop=1087294, strand=+, frame=2, truncated=no, start-type=ATG, RBS-motif=AGGAG
13:31:32.196 - INFO - CDS - contig=contig_1, start=1087388, stop=1088797, strand=+, frame=2, truncated=no, start-type=ATG, RBS-motif=AGGAGG
13:31:32.196 - INFO - CDS - contig=contig_1, start=1088912, stop=1089592, strand=+, frame=2, truncated=no, start-type=ATG, RBS-motif=AGxAGG/AGGxGG
13:31:32.196 - INFO - CDS - contig=contig_1, start=1089589, stop=1090146, strand=+, frame=1, truncated=no, start-type=ATG, RBS-motif=GGAG/GAGG
13:31:32.196 - INFO - CDS - contig=contig_1, start=1090384, stop=1091001, strand=+, frame=1, truncated=no, start-type=GTG, RBS-motif=AGGAGG
13:31:32.196 - INFO - CDS - contig=contig_1, start=1091003, stop=1091881, strand=+, frame=2, truncated=no, start-type=ATG, RBS-motif=AGGAGG
13:31:32.196 - INFO - CDS - contig=contig_1, start=1091878, stop=1093305, strand=+, frame=1, truncated=no, start-type=ATG, RBS-motif=None
13:31:32.196 - INFO - CDS - contig=contig_1, start=1093280, stop=1093984, strand=+, frame=2, truncated=no, start-type=ATG, RBS-motif=GGAGG
13:31:32.196 - INFO - CDS - contig=contig_1, start=1094162, stop=1094473, strand=+, frame=2, truncated=no, start-type=ATG, RBS-motif=GGAG/GAGG
13:31:32.196 - INFO - CDS - contig=contig_1, start=1094452, stop=1095456, strand=+, frame=1, truncated=no, start-type=ATG, RBS-motif=AGxAGG/AGGxGG
13:31:32.196 - INFO - CDS - contig=contig_1, start=1095469, stop=1095807, strand=+, frame=1, truncated=no, start-type=ATG, RBS-motif=AGGAGG
13:31:32.196 - INFO - CDS - contig=contig_1, start=1095804, stop=1096235, strand=+, frame=3, truncated=no, start-type=ATG, RBS-motif=GGAG/GAGG
13:31:32.196 - INFO - CDS - contig=contig_1, start=1096250, stop=1096705, strand=+, frame=2, truncated=no, start-type=ATG, RBS-motif=GGAGG
13:31:32.196 - INFO - CDS - contig=contig_1, start=1096758, stop=1097183, strand=-, frame=3, truncated=no, start-type=ATG, RBS-motif=GGA/GAG/AGG
13:31:32.196 - INFO - CDS - contig=contig_1, start=1097267, stop=1097503, strand=+, frame=2, truncated=no, start-type=ATG, RBS-motif=GGA/GAG/AGG
13:31:32.196 - INFO - CDS - contig=contig_1, start=1097517, stop=1099664, strand=+, frame=3, truncated=no, start-type=ATG, RBS-motif=None
13:31:32.196 - INFO - CDS - contig=contig_1, start=1100071, stop=1100901, strand=-, frame=2, truncated=no, start-type=GTG, RBS-motif=AGGAGG
13:31:32.196 - INFO - CDS - contig=contig_1, start=1101168, stop=1102373, strand=+, frame=3, truncated=no, start-type=GTG, RBS-motif=GGAG/GAGG
13:31:32.196 - INFO - CDS - contig=contig_1, start=1102489, stop=1105542, strand=+, frame=1, truncated=no, start-type=ATG, RBS-motif=AGGAG
13:31:32.196 - INFO - CDS - contig=contig_1, start=1105749, stop=1106519, strand=+, frame=3, truncated=no, start-type=TTG, RBS-motif=GGAGG
13:31:32.196 - INFO - CDS - contig=contig_1, start=1106564, stop=1107418, strand=-, frame=1, truncated=no, start-type=ATG, RBS-motif=GGAG/GAGG
13:31:32.196 - INFO - CDS - contig=contig_1, start=1107667, stop=1109100, strand=-, frame=2, truncated=no, start-type=ATG, RBS-motif=AGGAGG
13:31:32.196 - INFO - CDS - contig=contig_1, start=1109100, stop=1109573, strand=-, frame=3, truncated=no, start-type=ATG, RBS-motif=GGAG/GAGG
13:31:32.197 - INFO - CDS - contig=contig_1, start=1109703, stop=1110305, strand=-, frame=3, truncated=no, start-type=ATG, RBS-motif=GGAGG
13:31:32.197 - INFO - CDS - contig=contig_1, start=1110321, stop=1110968, strand=-, frame=3, truncated=no, start-type=ATG, RBS-motif=AGGA
13:31:32.197 - INFO - CDS - contig=contig_1, start=1111201, stop=1112424, strand=-, frame=2, truncated=no, start-type=ATG, RBS-motif=GGA/GAG/AGG
13:31:32.197 - INFO - CDS - contig=contig_1, start=1112636, stop=1113289, strand=+, frame=2, truncated=no, start-type=GTG, RBS-motif=AGGAGG
13:31:32.197 - INFO - CDS - contig=contig_1, start=1113346, stop=1114545, strand=+, frame=1, truncated=no, start-type=ATG, RBS-motif=AGGA
13:31:32.197 - INFO - CDS - contig=contig_1, start=1114581, stop=1115126, strand=+, frame=3, truncated=no, start-type=GTG, RBS-motif=AGxAGG/AGGxGG
13:31:32.197 - INFO - CDS - contig=contig_1, start=1115138, stop=1116124, strand=+, frame=2, truncated=no, start-type=ATG, RBS-motif=AGGAG
13:31:32.197 - INFO - CDS - contig=contig_1, start=1116162, stop=1117019, strand=+, frame=3, truncated=no, start-type=ATG, RBS-motif=AGGAG
13:31:32.197 - INFO - CDS - contig=contig_1, start=1117068, stop=1118336, strand=-, frame=3, truncated=no, start-type=TTG, RBS-motif=AGGAGG
13:31:32.197 - INFO - CDS - contig=contig_1, start=1118333, stop=1118659, strand=-, frame=1, truncated=no, start-type=GTG, RBS-motif=AGGAGG
13:31:32.197 - INFO - CDS - contig=contig_1, start=1118785, stop=1120446, strand=-, frame=2, truncated=no, start-type=ATG, RBS-motif=AGGAGG
13:31:32.197 - INFO - CDS - contig=contig_1, start=1120545, stop=1121225, strand=+, frame=3, truncated=no, start-type=ATG, RBS-motif=AGxAGG/AGGxGG
13:31:32.197 - INFO - CDS - contig=contig_1, start=1121321, stop=1122085, strand=+, frame=2, truncated=no, start-type=ATG, RBS-motif=AGGAGG
13:31:32.197 - INFO - CDS - contig=contig_1, start=1122213, stop=1122893, strand=+, frame=3, truncated=no, start-type=ATG, RBS-motif=GGAG/GAGG
13:31:32.197 - INFO - CDS - contig=contig_1, start=1122903, stop=1123409, strand=-, frame=3, truncated=no, start-type=ATG, RBS-motif=AGGAGG
13:31:32.197 - INFO - CDS - contig=contig_1, start=1123979, stop=1126435, strand=-, frame=1, truncated=no, start-type=ATG, RBS-motif=GGAGG
13:31:32.197 - INFO - CDS - contig=contig_1, start=1126422, stop=1126580, strand=-, frame=3, truncated=no, start-type=ATG, RBS-motif=GGAG/GAGG
13:31:32.197 - INFO - CDS - contig=contig_1, start=1126720, stop=1126890, strand=+, frame=1, truncated=no, start-type=ATG, RBS-motif=GGAGG
13:31:32.197 - INFO - CDS - contig=contig_1, start=1126975, stop=1127934, strand=-, frame=2, truncated=no, start-type=ATG, RBS-motif=GGAGG
13:31:32.197 - INFO - CDS - contig=contig_1, start=1128072, stop=1129358, strand=+, frame=3, truncated=no, start-type=ATG, RBS-motif=AGGAGG
13:31:32.197 - INFO - CDS - contig=contig_1, start=1129363, stop=1130061, strand=+, frame=1, truncated=no, start-type=ATG, RBS-motif=AGGAG
13:31:32.197 - INFO - CDS - contig=contig_1, start=1130299, stop=1131513, strand=+, frame=1, truncated=no, start-type=ATG, RBS-motif=GGAGG
13:31:32.197 - INFO - CDS - contig=contig_1, start=1131543, stop=1132925, strand=+, frame=3, truncated=no, start-type=ATG, RBS-motif=AGGAG
13:31:32.197 - INFO - CDS - contig=contig_1, start=1132922, stop=1133863, strand=+, frame=2, truncated=no, start-type=ATG, RBS-motif=AGGAG
13:31:32.197 - INFO - CDS - contig=contig_1, start=1134086, stop=1135309, strand=+, frame=2, truncated=no, start-type=ATG, RBS-motif=AGGAG/GGAGG
13:31:32.197 - INFO - CDS - contig=contig_1, start=1135355, stop=1136209, strand=+, frame=2, truncated=no, start-type=ATG, RBS-motif=AGxAGG/AGGxGG
13:31:32.197 - INFO - CDS - contig=contig_1, start=1136225, stop=1137403, strand=+, frame=2, truncated=no, start-type=ATG, RBS-motif=AGGAGG
13:31:32.197 - INFO - CDS - contig=contig_1, start=1137417, stop=1138334, strand=+, frame=3, truncated=no, start-type=ATG, RBS-motif=AGGAG
13:31:32.198 - INFO - CDS - contig=contig_1, start=1138418, stop=1139137, strand=-, frame=1, truncated=no, start-type=GTG, RBS-motif=GGAGG
13:31:32.198 - INFO - CDS - contig=contig_1, start=1139151, stop=1139930, strand=-, frame=3, truncated=no, start-type=GTG, RBS-motif=AGGAGG
13:31:32.198 - INFO - CDS - contig=contig_1, start=1139927, stop=1140622, strand=-, frame=1, truncated=no, start-type=ATG, RBS-motif=GGAGG
13:31:32.198 - INFO - CDS - contig=contig_1, start=1140993, stop=1142642, strand=+, frame=3, truncated=no, start-type=ATG, RBS-motif=GGAGG
13:31:32.198 - INFO - CDS - contig=contig_1, start=1142876, stop=1144267, strand=+, frame=2, truncated=no, start-type=ATG, RBS-motif=AGxAGG/AGGxGG
13:31:32.198 - INFO - CDS - contig=contig_1, start=1144412, stop=1145371, strand=-, frame=1, truncated=no, start-type=ATG, RBS-motif=GGA/GAG/AGG
13:31:32.198 - INFO - CDS - contig=contig_1, start=1145811, stop=1146929, strand=-, frame=3, truncated=no, start-type=ATG, RBS-motif=GGAG/GAGG
13:31:32.198 - INFO - CDS - contig=contig_1, start=1146975, stop=1148450, strand=-, frame=3, truncated=no, start-type=ATG, RBS-motif=AGGAGG
13:31:32.198 - INFO - CDS - contig=contig_1, start=1148898, stop=1150904, strand=+, frame=3, truncated=no, start-type=ATG, RBS-motif=AGGAGG
13:31:32.198 - INFO - CDS - contig=contig_1, start=1150992, stop=1151729, strand=+, frame=3, truncated=no, start-type=ATG, RBS-motif=AGGAG
13:31:32.198 - INFO - CDS - contig=contig_1, start=1151753, stop=1152391, strand=+, frame=2, truncated=no, start-type=ATG, RBS-motif=AGGAG
13:31:32.198 - INFO - CDS - contig=contig_1, start=1152388, stop=1152672, strand=+, frame=1, truncated=no, start-type=ATG, RBS-motif=AGGAGG
13:31:32.198 - INFO - CDS - contig=contig_1, start=1152826, stop=1153878, strand=-, frame=2, truncated=no, start-type=ATG, RBS-motif=AGGAG
13:31:32.198 - INFO - CDS - contig=contig_1, start=111, stop=1253, strand=+, nt=[ATGAATTTCG..TTTCCGTTAA]
13:31:32.198 - INFO - CDS - contig=contig_1, start=1381, stop=1809, strand=+, nt=[ATGCAACTGT..AGCGGAATGA]
13:31:32.198 - INFO - CDS - contig=contig_1, start=2220, stop=3314, strand=+, nt=[ATGAAACTCG..TAACGTGTAA]
13:31:32.198 - INFO - CDS - contig=contig_1, start=4650, stop=5858, strand=-, nt=[ATGGAAGTAT..GCTGCTTTAG]
13:31:32.198 - INFO - CDS - contig=contig_1, start=6049, stop=7011, strand=-, nt=[GTGGATTCCG..CTTCATATGA]
13:31:32.198 - INFO - CDS - contig=contig_1, start=7046, stop=8215, strand=-, nt=[ATGGGCTACG..GGTCATTTAG]
13:31:32.198 - INFO - CDS - contig=contig_1, start=8216, stop=8530, strand=-, nt=[ATGAATGAGA..AGAAAAATAA]
13:31:32.198 - INFO - CDS - contig=contig_1, start=8527, stop=9819, strand=-, nt=[ATGAAAGAAA..ACACATATGA]
13:31:32.198 - INFO - CDS - contig=contig_1, start=9925, stop=11127, strand=-, nt=[ATGAAGATTA..CGCACAGTAA]
13:31:32.198 - INFO - CDS - contig=contig_1, start=11180, stop=12358, strand=-, nt=[ATGAAAATCA..CATCCAGTAA]
13:31:32.198 - INFO - CDS - contig=contig_1, start=12385, stop=13659, strand=-, nt=[ATGGCAACCG..CCGCGGATAA]
13:31:32.198 - INFO - CDS - contig=contig_1, start=13659, stop=14234, strand=-, nt=[GTGAAGGATG..GAGTAAATAA]
13:31:32.198 - INFO - CDS - contig=contig_1, start=14316, stop=15428, strand=-, nt=[GTGAACAAGA..CCACAAATAA]
13:31:32.198 - INFO - CDS - contig=contig_1, start=15728, stop=16624, strand=+, nt=[ATGAACTACC..TTGGGTATAA]
13:31:32.198 - INFO - CDS - contig=contig_1, start=16744, stop=16992, strand=+, nt=[GTGAAAGGGA..AGGCAGATAA]
13:31:32.198 - INFO - CDS - contig=contig_1, start=17117, stop=17446, strand=-, nt=[ATGGATACGG..TACTATATAA]
13:31:32.199 - INFO - CDS - contig=contig_1, start=17692, stop=19827, strand=+, nt=[ATGAAATTGC..GAGGCGATGA]
13:31:32.199 - INFO - CDS - contig=contig_1, start=19889, stop=21046, strand=-, nt=[ATGAGAAAAA..GTCAGAGTGA]
13:31:32.199 - INFO - CDS - contig=contig_1, start=21414, stop=22739, strand=-, nt=[ATGTACTACA..CGGCTGGTAA]
13:31:32.199 - INFO - CDS - contig=contig_1, start=22859, stop=24040, strand=-, nt=[ATGAAGGAAC..CAGGGATTGA]
13:31:32.199 - INFO - CDS - contig=contig_1, start=24213, stop=25478, strand=-, nt=[ATGACAGAGA..ACAGGAGTAA]
13:31:32.199 - INFO - CDS - contig=contig_1, start=25519, stop=26505, strand=-, nt=[ATGCGGCTGG..AGGCGGGTGA]
13:31:32.199 - INFO - CDS - contig=contig_1, start=26507, stop=26830, strand=-, nt=[ATGAAACTGA..GCGGGTCTGA]
13:31:32.199 - INFO - CDS - contig=contig_1, start=26945, stop=28756, strand=-, nt=[ATGACAGACC..GGAGAACTGA]
13:31:32.199 - INFO - CDS - contig=contig_1, start=28810, stop=29523, strand=-, nt=[ATGGAAACCG..GAAAAAGTAA]
13:31:32.199 - INFO - CDS - contig=contig_1, start=29702, stop=30688, strand=+, nt=[ATGGAAAGTT..ACTGAGCTGA]
13:31:32.199 - INFO - CDS - contig=contig_1, start=30959, stop=31465, strand=+, nt=[GTGAATCAGA..AGGAAAATAA]
13:31:32.199 - INFO - CDS - contig=contig_1, start=31452, stop=32444, strand=+, nt=[ATGAAGGAAA..TCGTCCTTAA]
13:31:32.199 - INFO - CDS - contig=contig_1, start=32933, stop=34417, strand=+, nt=[GTGGATGAGA..TCTTCCCTGA]
13:31:32.199 - INFO - CDS - contig=contig_1, start=34469, stop=35365, strand=-, nt=[ATGCTGGAAC..GGTGGAGTGA]
13:31:32.199 - INFO - CDS - contig=contig_1, start=35562, stop=35825, strand=+, nt=[TTGCCGAACA..GCTGGCTTAA]
13:31:32.199 - INFO - CDS - contig=contig_1, start=35915, stop=36796, strand=+, nt=[TTGCGCAGGG..CCATGGATAA]
13:31:32.199 - INFO - CDS - contig=contig_1, start=36789, stop=37325, strand=+, nt=[ATGGATAAGC..CAAAAGGTGA]
13:31:32.199 - INFO - CDS - contig=contig_1, start=37633, stop=39051, strand=+, nt=[ATGAAAAACA..CCGGTTTTGA]
13:31:32.199 - INFO - CDS - contig=contig_1, start=39048, stop=40922, strand=+, nt=[TTGACGGGCC..AAACAGCTGA]
13:31:32.199 - INFO - CDS - contig=contig_1, start=40968, stop=41165, strand=-, nt=[ATGGATCAAG..GCAGAATTGA]
13:31:32.199 - INFO - CDS - contig=contig_1, start=41281, stop=41589, strand=+, nt=[ATGGAGATAG..ATCGGAATAA]
13:31:32.199 - INFO - CDS - contig=contig_1, start=41692, stop=43488, strand=-, nt=[GTGGAGAATA..ATCAATCTGA]
13:31:32.199 - INFO - CDS - contig=contig_1, start=43531, stop=44085, strand=-, nt=[GTGAAAACGC..CGTACACTAA]
13:31:32.199 - INFO - CDS - contig=contig_1, start=44120, stop=45100, strand=-, nt=[ATGAAACATC..GGCGGTGTAA]
13:31:32.199 - INFO - CDS - contig=contig_1, start=45143, stop=46486, strand=-, nt=[ATGGAACGAA..CCGGGAGTGA]
13:31:32.199 - INFO - CDS - contig=contig_1, start=46801, stop=47217, strand=-, nt=[ATGAATATCG..TCCCACTTGA]
13:31:32.199 - INFO - CDS - contig=contig_1, start=47293, stop=48030, strand=-, nt=[ATGGCAACCG..CATTCGGTAA]
13:31:32.199 - INFO - CDS - contig=contig_1, start=48164, stop=48886, strand=-, nt=[GTGAGAGAAA..GCCTCTTTGA]
13:31:32.199 - INFO - CDS - contig=contig_1, start=48897, stop=49217, strand=-, nt=[TTGAACGAAG..CCAACTGTGA]
13:31:32.199 - INFO - CDS - contig=contig_1, start=49237, stop=49656, strand=-, nt=[GTGTCTGCAA..GCAAGGCTGA]
13:31:32.199 - INFO - CDS - contig=contig_1, start=49748, stop=51061, strand=-, nt=[ATGCTGGATA..GGCAAAATAA]
13:31:32.199 - INFO - CDS - contig=contig_1, start=51131, stop=51658, strand=-, nt=[GTGAACGAAC..GCTGTTCTAA]
13:31:32.199 - INFO - CDS - contig=contig_1, start=51655, stop=52548, strand=-, nt=[ATGGCATTGG..CGTCCGGTGA]
13:31:32.199 - INFO - CDS - contig=contig_1, start=52615, stop=53373, strand=-, nt=[ATGGCAAAAC..GGGTACATAG]
13:31:32.199 - INFO - CDS - contig=contig_1, start=53572, stop=54369, strand=-, nt=[ATGGCGTTTC..TCCCCGCTGA]
13:31:32.199 - INFO - CDS - contig=contig_1, start=54540, stop=55397, strand=-, nt=[ATGAACACCA..CCGCGCCTGA]
13:31:32.199 - INFO - CDS - contig=contig_1, start=55439, stop=57064, strand=-, nt=[ATGGGCAAAC..CGCCCGTTGA]
13:31:32.199 - INFO - CDS - contig=contig_1, start=57341, stop=57916, strand=+, nt=[ATGAAACTAC..CTTCTGCTGA]
13:31:32.199 - INFO - CDS - contig=contig_1, start=58113, stop=59360, strand=+, nt=[ATGAACAAGA..CCAGGAGTAA]
13:31:32.199 - INFO - CDS - contig=contig_1, start=59579, stop=61162, strand=+, nt=[ATGATGTGTG..GGCAAAATGA]
13:31:32.199 - INFO - CDS - contig=contig_1, start=61159, stop=62253, strand=+, nt=[ATGAACGAGA..GGCAAAATGA]
13:31:32.199 - INFO - CDS - contig=contig_1, start=62250, stop=63233, strand=+, nt=[ATGAACGATC..AGAGCGCTGA]
13:31:32.200 - INFO - CDS - contig=contig_1, start=63705, stop=65054, strand=+, nt=[ATGGAACTGC..CAAAAAATAA]
13:31:32.200 - INFO - CDS - contig=contig_1, start=65113, stop=65244, strand=+, nt=[ATGGCAAAGC..AGAAAACTAA]
13:31:32.200 - INFO - CDS - contig=contig_1, start=65855, stop=66439, strand=+, nt=[ATGAGTAAAA..CAACATTTAG]
13:31:32.200 - INFO - CDS - contig=contig_1, start=66487, stop=67155, strand=+, nt=[GTGAAGCAAA..ATTGACCTAA]
13:31:32.200 - INFO - CDS - contig=contig_1, start=67205, stop=67783, strand=-, nt=[ATGAGCGGGC..CGCTGAATGA]
13:31:32.200 - INFO - CDS - contig=contig_1, start=67780, stop=69156, strand=-, nt=[ATGTCCATTC..CTGGCGATGA]
13:31:32.200 - INFO - CDS - contig=contig_1, start=69314, stop=71623, strand=+, nt=[ATGGAAGTTG..TCTCTCCTGA]
13:31:32.200 - INFO - CDS - contig=contig_1, start=71679, stop=72560, strand=+, nt=[GTGTACGATA..GCAGATATGA]
13:31:32.200 - INFO - CDS - contig=contig_1, start=72557, stop=73045, strand=+, nt=[ATGAGCATGG..GGGGAAATAA]
13:31:32.200 - INFO - CDS - contig=contig_1, start=73176, stop=73676, strand=+, nt=[ATGATCATAG..GACGCCGTAA]
13:31:32.200 - INFO - CDS - contig=contig_1, start=74048, stop=77545, strand=+, nt=[ATGAAGCTGC..CGGAACATGA]
13:31:32.200 - INFO - CDS - contig=contig_1, start=77594, stop=79414, strand=-, nt=[ATGACCTTTG..CGAGGATTAA]
13:31:32.200 - INFO - CDS - contig=contig_1, start=79693, stop=80196, strand=-, nt=[ATGCGCAACG..GCACTTTTAA]
13:31:32.200 - INFO - CDS - contig=contig_1, start=80343, stop=82373, strand=-, nt=[ATGGCGGGAC..GCTGGACTGA]
13:31:32.200 - INFO - CDS - contig=contig_1, start=82373, stop=84112, strand=-, nt=[ATGGTAAAAA..GAGCGAATAA]
13:31:32.200 - INFO - CDS - contig=contig_1, start=84106, stop=84591, strand=-, nt=[ATGTACTGCG..GGAATGGTAA]
13:31:32.200 - INFO - CDS - contig=contig_1, start=84759, stop=85370, strand=+, nt=[ATGGCCGCAC..CCGCTACTGA]
13:31:32.200 - INFO - CDS - contig=contig_1, start=85388, stop=85660, strand=+, nt=[ATGATGGCAG..CAAGGGGTAA]
13:31:32.200 - INFO - CDS - contig=contig_1, start=85732, stop=86172, strand=-, nt=[ATGAAAACTG..CAAAAAATAA]
13:31:32.200 - INFO - CDS - contig=contig_1, start=86169, stop=86507, strand=-, nt=[ATGAGGCGGC..AGAGCTATGA]
13:31:32.200 - INFO - CDS - contig=contig_1, start=86504, stop=86788, strand=-, nt=[ATGGGATTCT..GCAGACATGA]
13:31:32.200 - INFO - CDS - contig=contig_1, start=86792, stop=89311, strand=-, nt=[ATGAGTAAGA..GGGGGAGTAA]
13:31:32.200 - INFO - CDS - contig=contig_1, start=89377, stop=91326, strand=-, nt=[ATGACAGAAG..GGACTACTGA]
13:31:32.200 - INFO - CDS - contig=contig_1, start=91435, stop=91698, strand=-, nt=[ATGTATCTCC..CTTCGAGTGA]
13:31:32.200 - INFO - CDS - contig=contig_1, start=91714, stop=92025, strand=-, nt=[ATGCCCATCC..GCAAACGTAA]
13:31:32.200 - INFO - CDS - contig=contig_1, start=92036, stop=93139, strand=-, nt=[ATGATCGTCA..AACGGAATAA]
13:31:32.200 - INFO - CDS - contig=contig_1, start=93136, stop=93348, strand=-, nt=[ATGCGGGAAG..CATCCAATGA]
13:31:32.200 - INFO - CDS - contig=contig_1, start=93386, stop=94501, strand=-, nt=[ATGAAATTCT..CGCGGGCTGA]
13:31:32.200 - INFO - CDS - contig=contig_1, start=94777, stop=96090, strand=-, nt=[ATGAATTCCG..GTACGAGTGA]
13:31:32.200 - INFO - CDS - contig=contig_1, start=96433, stop=96567, strand=+, nt=[ATGGTTCGTA..GACTCACTGA]
13:31:32.200 - INFO - CDS - contig=contig_1, start=96661, stop=97011, strand=+, nt=[ATGCTGCACA..GACCACTTGA]
13:31:32.200 - INFO - CDS - contig=contig_1, start=97008, stop=97226, strand=+, nt=[TTGAAGCGTA..TGTTCCATAA]
13:31:32.200 - INFO - CDS - contig=contig_1, start=97290, stop=98648, strand=+, nt=[ATGGATTTCG..GGAAGATTGA]
13:31:32.200 - INFO - CDS - contig=contig_1, start=98678, stop=99439, strand=+, nt=[ATGCAGAAAT..CCGGAACTGA]
13:31:32.200 - INFO - CDS - contig=contig_1, start=99582, stop=100397, strand=-, nt=[ATGGCAGAAT..AACCCTGTAA]
13:31:32.200 - INFO - CDS - contig=contig_1, start=100431, stop=101369, strand=-, nt=[ATGGCTTATC..CTACAAATAA]
13:31:32.200 - INFO - CDS - contig=contig_1, start=101369, stop=102838, strand=-, nt=[ATGAAACTGA..AGTGCAGTAA]
13:31:32.200 - INFO - CDS - contig=contig_1, start=102876, stop=103484, strand=-, nt=[ATGGTGATCC..GGGCGAATAG]
13:31:32.200 - INFO - CDS - contig=contig_1, start=103497, stop=103940, strand=-, nt=[ATGCGGGCTG..CAGCCTGTAA]
13:31:32.200 - INFO - CDS - contig=contig_1, start=104146, stop=105570, strand=+, nt=[TTGGACCGAC..CCGGGGGTAA]
13:31:32.200 - INFO - CDS - contig=contig_1, start=105619, stop=108210, strand=+, nt=[ATGGCGGAAG..GCTGGGATGA]
13:31:32.200 - INFO - CDS - contig=contig_1, start=108251, stop=108943, strand=+, nt=[ATGTTCCGCC..CCTCCGCTGA]
13:31:32.200 - INFO - CDS - contig=contig_1, start=108987, stop=110954, strand=+, nt=[ATGCCCCATA..GCGGGCCTGA]
13:31:32.201 - INFO - CDS - contig=contig_1, start=111048, stop=111278, strand=+, nt=[ATGTCCAAAC..CGCTACATAA]
13:31:32.201 - INFO - CDS - contig=contig_1, start=111316, stop=112542, strand=+, nt=[ATGAAACAGG..CGTGACCTGA]
13:31:32.201 - INFO - CDS - contig=contig_1, start=112630, stop=113340, strand=+, nt=[ATGTCACTGG..GGCAGAGTGA]
13:31:32.201 - INFO - CDS - contig=contig_1, start=113367, stop=113876, strand=+, nt=[ATGGGATTTC..CTATTTCTAA]
13:31:32.201 - INFO - CDS - contig=contig_1, start=113926, stop=114648, strand=+, nt=[ATGCTGACAC..GATCAAATAA]
13:31:32.201 - INFO - CDS - contig=contig_1, start=114703, stop=115296, strand=-, nt=[ATGTTTTTTT..TTTCAACTGA]
13:31:32.201 - INFO - CDS - contig=contig_1, start=115375, stop=116334, strand=-, nt=[ATGATCGCGC..GTTCAACTGA]
13:31:32.201 - INFO - CDS - contig=contig_1, start=116397, stop=117560, strand=-, nt=[GTGGAAGCAC..GGCGGACTGA]
13:31:32.201 - INFO - CDS - contig=contig_1, start=117736, stop=118221, strand=-, nt=[ATGGTCACGA..GGCGGCCTGA]
13:31:32.201 - INFO - CDS - contig=contig_1, start=118430, stop=118810, strand=+, nt=[ATGATCAGCC..AGCGGAATGA]
13:31:32.201 - INFO - CDS - contig=contig_1, start=118807, stop=119709, strand=+, nt=[ATGATCGAGG..TATCCTCTAA]
13:31:32.201 - INFO - CDS - contig=contig_1, start=119684, stop=121594, strand=+, nt=[ATGCCGTCCG..CGACAACTGA]
13:31:32.201 - INFO - CDS - contig=contig_1, start=121788, stop=121970, strand=+, nt=[ATGGCAGGAG..GGGGCAGTGA]
13:31:32.201 - INFO - CDS - contig=contig_1, start=122239, stop=123498, strand=+, nt=[ATGAAGGAAG..GAAGTGCTGA]
13:31:32.201 - INFO - CDS - contig=contig_1, start=124066, stop=125274, strand=+, nt=[ATGAAGAAGA..CGGCAGCTGA]
13:31:32.201 - INFO - CDS - contig=contig_1, start=125452, stop=125823, strand=+, nt=[ATGAGACAGG..GGAATGTTAA]
13:31:32.201 - INFO - CDS - contig=contig_1, start=125824, stop=126513, strand=+, nt=[ATGGGGCCGA..TCCCTTGTAA]
13:31:32.201 - INFO - CDS - contig=contig_1, start=126573, stop=129218, strand=+, nt=[ATGAGCGCCT..GGTGGGATAG]
13:31:32.201 - INFO - CDS - contig=contig_1, start=129301, stop=130005, strand=+, nt=[ATGGATTTTT..CAAGGAGTAA]
13:31:32.201 - INFO - CDS - contig=contig_1, start=130349, stop=131866, strand=+, nt=[ATGGGATTTT..GCAGCAATGA]
13:31:32.201 - INFO - CDS - contig=contig_1, start=131863, stop=132825, strand=+, nt=[ATGAAGGGAA..GAGGAGCTGA]
13:31:32.201 - INFO - CDS - contig=contig_1, start=132809, stop=133900, strand=+, nt=[ATGAACGGAG..CAATGAGTAA]
13:31:32.201 - INFO - CDS - contig=contig_1, start=140732, stop=141421, strand=+, nt=[ATGAGGGAAG..GACGCCGTGA]
13:31:32.201 - INFO - CDS - contig=contig_1, start=141788, stop=142522, strand=+, nt=[ATGAATGAAA..ATCGGAATAA]
13:31:32.201 - INFO - CDS - contig=contig_1, start=142672, stop=145305, strand=+, nt=[ATGTCAAAGA..CCGCAAGTAA]
13:31:32.201 - INFO - CDS - contig=contig_1, start=145785, stop=146855, strand=-, nt=[GTGACTATGA..AGATGAGTAA]
13:31:32.201 - INFO - CDS - contig=contig_1, start=146836, stop=147267, strand=-, nt=[ATGATGCATT..AGTTTTATAA]
13:31:32.201 - INFO - CDS - contig=contig_1, start=147783, stop=148334, strand=+, nt=[TTGAAGCAAC..ACATGAGTGA]
13:31:32.201 - INFO - CDS - contig=contig_1, start=148327, stop=149202, strand=+, nt=[ATGAGTGAGT..CGAGCGATAA]
13:31:32.201 - INFO - CDS - contig=contig_1, start=149350, stop=150309, strand=+, nt=[ATGGAGAACT..CCAGGGGTGA]
13:31:32.201 - INFO - CDS - contig=contig_1, start=150314, stop=151438, strand=+, nt=[GTGAAGGCAA..GTCTGTGTGA]
13:31:32.201 - INFO - CDS - contig=contig_1, start=151584, stop=152765, strand=+, nt=[ATGATGAATT..CGCTCGATAA]
13:31:32.201 - INFO - CDS - contig=contig_1, start=152877, stop=153254, strand=+, nt=[ATGCCGAAAC..GAAGGAATAA]
13:31:32.201 - INFO - CDS - contig=contig_1, start=153336, stop=154103, strand=+, nt=[ATGGACTATG..GGGGGTGTGA]
13:31:32.201 - INFO - CDS - contig=contig_1, start=154109, stop=154588, strand=+, nt=[ATGGAGCTTG..ACGGCAGTGA]
13:31:32.201 - INFO - CDS - contig=contig_1, start=154585, stop=155277, strand=+, nt=[GTGACCGGAT..GGGGGTCTGA]
13:31:32.201 - INFO - CDS - contig=contig_1, start=155346, stop=156209, strand=+, nt=[TTGTCCCAAC..ACAAAATTGA]
13:31:32.201 - INFO - CDS - contig=contig_1, start=156229, stop=156684, strand=+, nt=[ATGAAAAAAA..AAAGGGCTGA]
13:31:32.201 - INFO - CDS - contig=contig_1, start=156871, stop=158154, strand=-, nt=[ATGGCAAGCA..TCAGCGCTGA]
13:31:32.201 - INFO - CDS - contig=contig_1, start=158233, stop=158517, strand=-, nt=[ATGCTGAAGA..CGCCCAGTAA]
13:31:32.201 - INFO - CDS - contig=contig_1, start=158522, stop=158851, strand=-, nt=[ATGATCACCG..GGAGGTGTAA]
13:31:32.201 - INFO - CDS - contig=contig_1, start=158851, stop=159162, strand=-, nt=[ATGCACGCGA..CTCTGTGTAA]
13:31:32.201 - INFO - CDS - contig=contig_1, start=159339, stop=160217, strand=-, nt=[ATGACCCGCT..GATGCTCTGA]
13:31:32.201 - INFO - CDS - contig=contig_1, start=160214, stop=161578, strand=-, nt=[ATGGGAGTAA..ACCGCTATGA]
13:31:32.201 - INFO - CDS - contig=contig_1, start=161569, stop=162372, strand=-, nt=[ATGACCCGTA..ATGGGAGTAA]
13:31:32.201 - INFO - CDS - contig=contig_1, start=162517, stop=163017, strand=+, nt=[ATGGGAGAGA..GAAGGACTGA]
13:31:32.201 - INFO - CDS - contig=contig_1, start=163345, stop=164727, strand=+, nt=[ATGCAAGGTG..GGAAGCGTAA]
13:31:32.201 - INFO - CDS - contig=contig_1, start=164851, stop=166086, strand=+, nt=[TTGAGAGGAA..TGGGGTGTAA]
13:31:32.201 - INFO - CDS - contig=contig_1, start=166172, stop=167383, strand=+, nt=[ATGAAATACG..CAACGCTTGA]
13:31:32.201 - INFO - CDS - contig=contig_1, start=167493, stop=168038, strand=+, nt=[ATGGCAAAGC..GCTGGGATAA]
13:31:32.201 - INFO - CDS - contig=contig_1, start=168121, stop=169062, strand=-, nt=[ATGGGTAAAC..CCGCCGGTAA]
13:31:32.202 - INFO - CDS - contig=contig_1, start=169174, stop=170373, strand=-, nt=[ATGGATAAGA..CTCCAAATAA]
13:31:32.202 - INFO - CDS - contig=contig_1, start=170511, stop=171893, strand=-, nt=[ATGGATTTTG..CATCAAATAA]
13:31:32.202 - INFO - CDS - contig=contig_1, start=171950, stop=173161, strand=-, nt=[ATGGAAACGA..CTGCTGCTGA]
13:31:32.202 - INFO - CDS - contig=contig_1, start=173371, stop=175923, strand=+, nt=[ATGTACACTT..CCGAAAGTGA]
13:31:32.202 - INFO - CDS - contig=contig_1, start=176057, stop=178231, strand=+, nt=[ATGAATATCC..CACCAAGTAA]
13:31:32.202 - INFO - CDS - contig=contig_1, start=178302, stop=179552, strand=-, nt=[ATGATGTACC..TTTGAGCTGA]
13:31:32.202 - INFO - CDS - contig=contig_1, start=179605, stop=180144, strand=-, nt=[ATGGACGTTC..GCTTGCTTGA]
13:31:32.202 - INFO - CDS - contig=contig_1, start=180284, stop=180874, strand=+, nt=[ATGAGCGGAA..TCGGGACTGA]
13:31:32.202 - INFO - CDS - contig=contig_1, start=180874, stop=182262, strand=+, nt=[ATGGAGGATC..AGCCGGCTGA]
13:31:32.202 - INFO - CDS - contig=contig_1, start=182342, stop=183367, strand=-, nt=[TTGAAGCCAA..CGCAAATTAA]
13:31:32.202 - INFO - CDS - contig=contig_1, start=183377, stop=184570, strand=-, nt=[ATGAAACGAA..GCTGAAATGA]
13:31:32.202 - INFO - CDS - contig=contig_1, start=184628, stop=186442, strand=-, nt=[ATGAATTTTG..TCAAAAGTAG]
13:31:32.202 - INFO - CDS - contig=contig_1, start=186447, stop=187343, strand=-, nt=[ATGGAAAAAC..CGGAACGTGA]
13:31:32.202 - INFO - CDS - contig=contig_1, start=187546, stop=188256, strand=+, nt=[ATGGATCGCA..CGGGGTATGA]
13:31:32.202 - INFO - CDS - contig=contig_1, start=188253, stop=188585, strand=+, nt=[ATGAGCCGAT..ATTCGTGTGA]
13:31:32.202 - INFO - CDS - contig=contig_1, start=188658, stop=189362, strand=-, nt=[ATGAGCAATA..AGAGGAATGA]
13:31:32.202 - INFO - CDS - contig=contig_1, start=189359, stop=190417, strand=-, nt=[ATGAAAACAC..GGACACATGA]
13:31:32.202 - INFO - CDS - contig=contig_1, start=191097, stop=192437, strand=+, nt=[ATGAGTACCG..AATCGGCTAA]
13:31:32.202 - INFO - CDS - contig=contig_1, start=193186, stop=194793, strand=+, nt=[TTGCCCAAAT..GGATGACTGA]
13:31:32.202 - INFO - CDS - contig=contig_1, start=194883, stop=195479, strand=+, nt=[ATGGAAGTAA..CGGCGTTTAA]
13:31:32.202 - INFO - CDS - contig=contig_1, start=195571, stop=196446, strand=-, nt=[ATGGATTGGA..AAAGCAGTGA]
13:31:32.202 - INFO - CDS - contig=contig_1, start=196547, stop=197815, strand=-, nt=[ATGATCTTCG..GGAAAATTAA]
13:31:32.202 - INFO - CDS - contig=contig_1, start=197812, stop=198936, strand=-, nt=[ATGCCCAGCC..GATGGGATGA]
13:31:32.202 - INFO - CDS - contig=contig_1, start=199102, stop=199584, strand=+, nt=[GTGGATGATT..GAAAGAATAG]
13:31:32.202 - INFO - CDS - contig=contig_1, start=199679, stop=200296, strand=-, nt=[ATGATGACCA..TCCCGACTGA]
13:31:32.202 - INFO - CDS - contig=contig_1, start=200293, stop=201075, strand=-, nt=[ATGCGGCTCT..CCCGCTATGA]
13:31:32.202 - INFO - CDS - contig=contig_1, start=201144, stop=201656, strand=-, nt=[ATGAGAGAGA..GGCAGGATAA]
13:31:32.202 - INFO - CDS - contig=contig_1, start=201772, stop=203148, strand=+, nt=[ATGACGGAAC..TCGGGACTGA]
13:31:32.202 - INFO - CDS - contig=contig_1, start=203226, stop=204500, strand=+, nt=[ATGGAGCTGA..CCTGACATGA]
13:31:32.202 - INFO - CDS - contig=contig_1, start=204542, stop=205306, strand=+, nt=[ATGACACAGG..TCTGCCATGA]
13:31:32.202 - INFO - CDS - contig=contig_1, start=205303, stop=205995, strand=+, nt=[ATGAAGATCG..AGGTATATAA]
13:31:32.202 - INFO - CDS - contig=contig_1, start=206112, stop=208487, strand=+, nt=[ATGTATCAGG..CCATGTATGA]
13:31:32.202 - INFO - CDS - contig=contig_1, start=208480, stop=209391, strand=+, nt=[ATGTATGACA..CGGGCTGTGA]
13:31:32.202 - INFO - CDS - contig=contig_1, start=209513, stop=210349, strand=-, nt=[ATGCCCAATT..CGCCCGCTGA]
13:31:32.202 - INFO - CDS - contig=contig_1, start=210499, stop=210684, strand=-, nt=[ATGAAAGTTG..GGACGAATAA]
13:31:32.202 - INFO - CDS - contig=contig_1, start=210880, stop=211230, strand=+, nt=[ATGAAGCTGC..CGTCGGCTGA]
13:31:32.202 - INFO - CDS - contig=contig_1, start=211250, stop=212875, strand=+, nt=[ATGATAACTA..CGCGGAATGA]
13:31:32.202 - INFO - CDS - contig=contig_1, start=212946, stop=213815, strand=+, nt=[ATGGAAAAGA..CCGCCGGTGA]
13:31:32.202 - INFO - CDS - contig=contig_1, start=213901, stop=215340, strand=+, nt=[ATGGCACAGG..GGCGTACTGA]
13:31:32.202 - INFO - CDS - contig=contig_1, start=215462, stop=215569, strand=+, nt=[ATGAACCGAT..GACGAAATGA]
13:31:32.202 - INFO - CDS - contig=contig_1, start=215678, stop=216697, strand=+, nt=[ATGGTAGTAG..GATCAAATAA]
13:31:32.202 - INFO - CDS - contig=contig_1, start=216725, stop=217786, strand=+, nt=[ATGAAAACCC..GCTTCTGTGA]
13:31:32.202 - INFO - CDS - contig=contig_1, start=217818, stop=219053, strand=+, nt=[ATGACCGTTA..CAAGGCGTGA]
13:31:32.202 - INFO - CDS - contig=contig_1, start=219087, stop=220130, strand=+, nt=[ATGAGATATA..GGGGATTTAG]
13:31:32.202 - INFO - CDS - contig=contig_1, start=220416, stop=221573, strand=+, nt=[ATGTCTCAGC..TCAGGAATGA]
13:31:32.202 - INFO - CDS - contig=contig_1, start=221570, stop=222061, strand=+, nt=[ATGAAAAACA..ATTGGAATGA]
13:31:32.202 - INFO - CDS - contig=contig_1, start=222058, stop=222489, strand=+, nt=[ATGAAATTTC..GGAGGGCTGA]
13:31:32.202 - INFO - CDS - contig=contig_1, start=222525, stop=223928, strand=+, nt=[ATGACCAACC..GAATACCTGA]
13:31:32.202 - INFO - CDS - contig=contig_1, start=223950, stop=224819, strand=+, nt=[ATGCGATACG..GGGGGTATAA]
13:31:32.203 - INFO - CDS - contig=contig_1, start=225204, stop=225518, strand=+, nt=[ATGGCAGCTC..CAAGCTGTAA]
13:31:32.203 - INFO - CDS - contig=contig_1, start=225646, stop=226371, strand=+, nt=[ATGGAAAAGG..CAAAGCTTAA]
13:31:32.203 - INFO - CDS - contig=contig_1, start=226390, stop=227004, strand=+, nt=[ATGCCTAAGG..GTTCGCGTAA]
13:31:32.203 - INFO - CDS - contig=contig_1, start=227004, stop=227303, strand=+, nt=[ATGGCTACCA..CATGGTGTAA]
13:31:32.203 - INFO - CDS - contig=contig_1, start=227318, stop=228151, strand=+, nt=[ATGGCGATCA..CGCGAAGTAA]
13:31:32.203 - INFO - CDS - contig=contig_1, start=228165, stop=228437, strand=+, nt=[ATGTCTAGAA..CGGTAAGTAA]
13:31:32.203 - INFO - CDS - contig=contig_1, start=228452, stop=228784, strand=+, nt=[ATGGAAGCGA..CGAGCGCTAA]
13:31:32.203 - INFO - CDS - contig=contig_1, start=228800, stop=229657, strand=+, nt=[ATGGGACAGA..CCAGAATTAA]
13:31:32.203 - INFO - CDS - contig=contig_1, start=229658, stop=230095, strand=+, nt=[ATGCTGCTGC..TGGTGAATGA]
13:31:32.203 - INFO - CDS - contig=contig_1, start=230092, stop=230295, strand=+, nt=[ATGAAGATGA..AGGCCGATAA]
13:31:32.203 - INFO - CDS - contig=contig_1, start=230312, stop=230575, strand=+, nt=[ATGAGCGAAG..AGCCAAATAA]
13:31:32.203 - INFO - CDS - contig=contig_1, start=230588, stop=230956, strand=+, nt=[ATGATTCAGC..AGTGCTGTAA]
13:31:32.203 - INFO - CDS - contig=contig_1, start=230974, stop=231291, strand=+, nt=[ATGAACACTA..CGAGATCTGA]
13:31:32.203 - INFO - CDS - contig=contig_1, start=231309, stop=231869, strand=+, nt=[ATGGCTGAAA..CCGCGCCTAA]
13:31:32.203 - INFO - CDS - contig=contig_1, start=231884, stop=232069, strand=+, nt=[ATGGCTAAGA..TTCCTGGTAA]
13:31:32.203 - INFO - CDS - contig=contig_1, start=232248, stop=232649, strand=+, nt=[ATGCACATTA..CGTGTGGTAA]
13:31:32.203 - INFO - CDS - contig=contig_1, start=232665, stop=233213, strand=+, nt=[ATGTCTAGAA..GAAGAAATAA]
13:31:32.203 - INFO - CDS - contig=contig_1, start=233231, stop=233590, strand=+, nt=[ATGATCAAGA..GGAATTTTAA]
13:31:32.203 - INFO - CDS - contig=contig_1, start=233609, stop=234109, strand=+, nt=[TTGGCTAGAT..CGTCGGTTAA]
13:31:32.203 - INFO - CDS - contig=contig_1, start=234125, stop=234307, strand=+, nt=[ATGGCTAACC..GGACAAGTAA]
13:31:32.203 - INFO - CDS - contig=contig_1, start=234321, stop=234761, strand=+, nt=[ATGAATTTGC..GGTGATCTGA]
13:31:32.203 - INFO - CDS - contig=contig_1, start=234763, stop=236112, strand=+, nt=[GTGATTCAGA..CCTTGAGTGA]
13:31:32.203 - INFO - CDS - contig=contig_1, start=236133, stop=236768, strand=+, nt=[ATGATGAAAC..GGGGAAGTGA]
13:31:32.203 - INFO - CDS - contig=contig_1, start=236779, stop=237534, strand=+, nt=[ATGATTTCCA..CGAGGGCTGA]
13:31:32.203 - INFO - CDS - contig=contig_1, start=237536, stop=237790, strand=+, nt=[ATGGAGTGGG..GAGGGTTTGA]
13:31:32.203 - INFO - CDS - contig=contig_1, start=237795, stop=238013, strand=+, nt=[TTGGCAAAGG..CACGAAATGA]
13:31:32.203 - INFO - CDS - contig=contig_1, start=238108, stop=238221, strand=+, nt=[ATGAAAGTAA..ACAAGGTTAA]
13:31:32.203 - INFO - CDS - contig=contig_1, start=238243, stop=238611, strand=+, nt=[ATGGCTCGTA..GAAGAAGTAA]
13:31:32.203 - INFO - CDS - contig=contig_1, start=238624, stop=239022, strand=+, nt=[ATGGCTGCGA..CAGAGTGTAA]
13:31:32.203 - INFO - CDS - contig=contig_1, start=239043, stop=239645, strand=+, nt=[ATGGCTAAGA..CTCCAAGTAA]
13:31:32.203 - INFO - CDS - contig=contig_1, start=239723, stop=240676, strand=+, nt=[ATGGTTGAAA..CAACAACTAA]
13:31:32.203 - INFO - CDS - contig=contig_1, start=240702, stop=241043, strand=+, nt=[ATGCCCGCGA..GCTGGTGTAA]
13:31:32.203 - INFO - CDS - contig=contig_1, start=241198, stop=241641, strand=+, nt=[ATGGATCAGT..TGATCGATGA]
13:31:32.203 - INFO - CDS - contig=contig_1, start=241638, stop=242135, strand=+, nt=[ATGAAATATT..GATGTCCTGA]
13:31:32.203 - INFO - CDS - contig=contig_1, start=242371, stop=245364, strand=+, nt=[ATGAACAACC..CTCTGATTAG]
13:31:32.203 - INFO - CDS - contig=contig_1, start=245595, stop=246008, strand=-, nt=[ATGTCAAGTC..CCTGTGCTGA]
13:31:32.203 - INFO - CDS - contig=contig_1, start=246243, stop=246647, strand=+, nt=[ATGTCAACCA..GATCCGGTGA]
13:31:32.203 - INFO - CDS - contig=contig_1, start=246732, stop=249494, strand=-, nt=[ATGAACAACC..GAACGGCTAA]
13:31:32.203 - INFO - CDS - contig=contig_1, start=249818, stop=250234, strand=+, nt=[ATGATGAAAC..TAAGGAGTAG]
13:31:32.203 - INFO - CDS - contig=contig_1, start=250238, stop=250651, strand=+, nt=[ATGGACAGTT..TCGAGCATAA]
13:31:32.203 - INFO - CDS - contig=contig_1, start=250698, stop=251843, strand=-, nt=[TTGGAGGCGG..TCCTCTGTAA]
13:31:32.203 - INFO - CDS - contig=contig_1, start=251869, stop=252912, strand=-, nt=[ATGATGGCGT..GCTGAAATGA]
13:31:32.203 - INFO - CDS - contig=contig_1, start=252912, stop=253601, strand=-, nt=[ATGGACTGGT..GGAGGTATAA]
13:31:32.203 - INFO - CDS - contig=contig_1, start=253669, stop=254487, strand=-, nt=[ATGAAAAAGC..GGCGAACTGA]
13:31:32.203 - INFO - CDS - contig=contig_1, start=254601, stop=255530, strand=-, nt=[ATGTCAAAGA..CGCCCGTTAA]
13:31:32.203 - INFO - CDS - contig=contig_1, start=255734, stop=256699, strand=-, nt=[ATGACGGACG..CGGGGGATAG]
13:31:32.203 - INFO - CDS - contig=contig_1, start=256699, stop=257190, strand=-, nt=[ATGCCTCTCA..GGAGGCCTGA]
13:31:32.203 - INFO - CDS - contig=contig_1, start=257193, stop=258221, strand=-, nt=[ATGAAGCTCA..GGGGTGGTGA]
13:31:32.203 - INFO - CDS - contig=contig_1, start=258218, stop=258709, strand=-, nt=[ATGCCCACCA..AACGCCATGA]
13:31:32.203 - INFO - CDS - contig=contig_1, start=259464, stop=260384, strand=-, nt=[ATGGACAAGA..CCTGAATTGA]
13:31:32.203 - INFO - CDS - contig=contig_1, start=260384, stop=261121, strand=-, nt=[ATGTTAGAGA..GGACCGCTGA]
13:31:32.204 - INFO - CDS - contig=contig_1, start=261262, stop=261978, strand=+, nt=[ATGAAAACTG..GGTGATTTGA]
13:31:32.204 - INFO - CDS - contig=contig_1, start=262088, stop=263323, strand=+, nt=[ATGAAGAAAC..GATGTTCTAA]
13:31:32.204 - INFO - CDS - contig=contig_1, start=263511, stop=264392, strand=+, nt=[TTGTTTTCCA..AAAAGTGTAA]
13:31:32.204 - INFO - CDS - contig=contig_1, start=264406, stop=265446, strand=+, nt=[ATGAGTGTCA..GGCGAAATGA]
13:31:32.204 - INFO - CDS - contig=contig_1, start=265443, stop=266291, strand=+, nt=[ATGAAAAAGT..GGAGGGCTGA]
13:31:32.204 - INFO - CDS - contig=contig_1, start=266295, stop=267002, strand=+, nt=[GTGGCACTGT..GGGCGGCTAA]
13:31:32.204 - INFO - CDS - contig=contig_1, start=267052, stop=267882, strand=-, nt=[TTGGAGAGCT..AACTCCCTGA]
13:31:32.204 - INFO - CDS - contig=contig_1, start=268220, stop=269776, strand=-, nt=[ATGTCTCTGC..GCCCCTGTGA]
13:31:32.204 - INFO - CDS - contig=contig_1, start=270114, stop=271388, strand=+, nt=[ATGGCACTGA..GTGCCCGTAA]
13:31:32.204 - INFO - CDS - contig=contig_1, start=271445, stop=272866, strand=+, nt=[ATGCCGCAGT..TATTCAGTGA]
13:31:32.204 - INFO - CDS - contig=contig_1, start=272916, stop=273722, strand=+, nt=[ATGAACATTC..TGTGATTTGA]
13:31:32.204 - INFO - CDS - contig=contig_1, start=273735, stop=274739, strand=+, nt=[ATGGAAACCA..GCGCGGCTAA]
13:31:32.204 - INFO - CDS - contig=contig_1, start=274773, stop=275915, strand=+, nt=[ATGAATTTCC..CGTCAAATAA]
13:31:32.204 - INFO - CDS - contig=contig_1, start=276078, stop=276779, strand=+, nt=[GTGGAAGAGA..GATGGGATAA]
13:31:32.204 - INFO - CDS - contig=contig_1, start=276820, stop=280737, strand=-, nt=[ATGCCTGATT..CGAGCAGTAG]
13:31:32.204 - INFO - CDS - contig=contig_1, start=280915, stop=281607, strand=-, nt=[ATGTCTGATT..GCTGCTCTGA]
13:31:32.204 - INFO - CDS - contig=contig_1, start=281600, stop=281995, strand=-, nt=[ATGGTACAGC..AAATGTCTGA]
13:31:32.204 - INFO - CDS - contig=contig_1, start=282094, stop=283134, strand=-, nt=[ATGGCAAAAC..GGAACAATAG]
13:31:32.204 - INFO - CDS - contig=contig_1, start=283277, stop=284638, strand=+, nt=[GTGCAGAACG..GGAGCGCTGA]
13:31:32.204 - INFO - CDS - contig=contig_1, start=284718, stop=285248, strand=-, nt=[ATGAAGAAAG..GCGGGCGTAA]
13:31:32.204 - INFO - CDS - contig=contig_1, start=285326, stop=285439, strand=-, nt=[ATGCTGATAT..TATGGTGTAG]
13:31:32.204 - INFO - CDS - contig=contig_1, start=285433, stop=286746, strand=-, nt=[GTGAAGAAAA..GAAATGCTGA]
13:31:32.204 - INFO - CDS - contig=contig_1, start=286837, stop=287571, strand=-, nt=[ATGGATGAGC..TCCATGTTAA]
13:31:32.204 - INFO - CDS - contig=contig_1, start=287564, stop=288487, strand=-, nt=[GTGACCACCT..CCATGGATGA]
13:31:32.204 - INFO - CDS - contig=contig_1, start=288532, stop=289014, strand=-, nt=[GTGAACGACT..GGTGCTCTGA]
13:31:32.204 - INFO - CDS - contig=contig_1, start=289001, stop=289252, strand=-, nt=[ATGGACTGGT..ACGACTGTGA]
13:31:32.204 - INFO - CDS - contig=contig_1, start=289252, stop=289836, strand=-, nt=[ATGAAAGAGA..CTCCCTCTGA]
13:31:32.204 - INFO - CDS - contig=contig_1, start=289833, stop=291617, strand=-, nt=[ATGCTGCTGT..GCAAGAATGA]
13:31:32.204 - INFO - CDS - contig=contig_1, start=291746, stop=296026, strand=-, nt=[ATGAGAAAAC..GGGGAAATAA]
13:31:32.204 - INFO - CDS - contig=contig_1, start=296390, stop=296563, strand=-, nt=[ATGTGGACCA..CAGATATTGA]
13:31:32.204 - INFO - CDS - contig=contig_1, start=296653, stop=297435, strand=-, nt=[GTGAGAAAAA..TCGGCAGTGA]
13:31:32.204 - INFO - CDS - contig=contig_1, start=297950, stop=298162, strand=+, nt=[ATGAATCAGG..GGCGCTGTAA]
13:31:32.204 - INFO - CDS - contig=contig_1, start=298267, stop=298953, strand=+, nt=[ATGGAAGAGA..GCAGGAGTAG]
13:31:32.204 - INFO - CDS - contig=contig_1, start=299079, stop=300092, strand=-, nt=[ATGGCCACTA..CCTCTTGTGA]
13:31:32.204 - INFO - CDS - contig=contig_1, start=300179, stop=301138, strand=-, nt=[ATGGTCAAAA..GATCCCTTAA]
13:31:32.204 - INFO - CDS - contig=contig_1, start=301285, stop=302496, strand=+, nt=[ATGGAGAAAA..GAGACTCTGA]
13:31:32.204 - INFO - CDS - contig=contig_1, start=302716, stop=303465, strand=-, nt=[ATGGAATATA..GAGCAAATAG]
13:31:32.204 - INFO - CDS - contig=contig_1, start=303619, stop=305073, strand=-, nt=[ATGAATCGAA..AGCCACCTGA]
13:31:32.204 - INFO - CDS - contig=contig_1, start=305099, stop=306463, strand=-, nt=[GTGAACATCA..TGCGGACTGA]
13:31:32.204 - INFO - CDS - contig=contig_1, start=306613, stop=307428, strand=+, nt=[ATGAACATTC..GTATCTGTAA]
13:31:32.204 - INFO - CDS - contig=contig_1, start=307486, stop=308088, strand=-, nt=[ATGTCCGTTT..GAAGCGCTGA]
13:31:32.204 - INFO - CDS - contig=contig_1, start=308146, stop=308673, strand=-, nt=[ATGTTTTGGA..AGCCATCTGA]
13:31:32.204 - INFO - CDS - contig=contig_1, start=308801, stop=309697, strand=-, nt=[ATGGGAAAAA..GTTTCTCTGA]
13:31:32.204 - INFO - CDS - contig=contig_1, start=309727, stop=311097, strand=-, nt=[ATGCGTAAGA..CAACGGCTGA]
13:31:32.204 - INFO - CDS - contig=contig_1, start=311090, stop=312952, strand=-, nt=[TTGGAAGCCC..CGATGCGTAA]
13:31:32.205 - INFO - CDS - contig=contig_1, start=313088, stop=314092, strand=+, nt=[ATGGAATGGG..GGCCGAGTGA]
13:31:32.205 - INFO - CDS - contig=contig_1, start=314108, stop=315652, strand=+, nt=[TTGAAGGTGC..ACAGTTTTAA]
13:31:32.205 - INFO - CDS - contig=contig_1, start=315664, stop=316677, strand=+, nt=[ATGACAAAAC..GAAGAAATAG]
13:31:32.205 - INFO - CDS - contig=contig_1, start=316731, stop=317003, strand=-, nt=[ATGAGGGAAC..CTGGCTTTAA]
13:31:32.205 - INFO - CDS - contig=contig_1, start=317264, stop=317500, strand=+, nt=[ATGGATCGTA..TGGGGAATAG]
13:31:32.205 - INFO - CDS - contig=contig_1, start=317552, stop=318550, strand=-, nt=[GTGAAACACA..CTGTCCATAG]
13:31:32.205 - INFO - CDS - contig=contig_1, start=318648, stop=318935, strand=+, nt=[ATGCTGACCA..GGATCTGTGA]
13:31:32.205 - INFO - CDS - contig=contig_1, start=318932, stop=319060, strand=+, nt=[GTGAGCGTAT..GGCGGGCTGA]
13:31:32.205 - INFO - CDS - contig=contig_1, start=319060, stop=319842, strand=+, nt=[ATGCGGGAGA..TGGAACATAA]
13:31:32.205 - INFO - CDS - contig=contig_1, start=319832, stop=320278, strand=+, nt=[ATGGAACATA..GCCCAAGTAG]
13:31:32.205 - INFO - CDS - contig=contig_1, start=320456, stop=321286, strand=+, nt=[ATGCCCAACA..GCGGGGATAA]
13:31:32.205 - INFO - CDS - contig=contig_1, start=321355, stop=322398, strand=+, nt=[TTGGACGAAG..CCGTGCATGA]
13:31:32.205 - INFO - CDS - contig=contig_1, start=322747, stop=325074, strand=-, nt=[ATGCGAATGA..AGTTGACTGA]
13:31:32.205 - INFO - CDS - contig=contig_1, start=325116, stop=326324, strand=-, nt=[GTGAATCTGA..GGCGGAGTGA]
13:31:32.205 - INFO - CDS - contig=contig_1, start=326321, stop=327028, strand=-, nt=[ATGGTGGCCG..TGGACTGTGA]
13:31:32.205 - INFO - CDS - contig=contig_1, start=327028, stop=328938, strand=-, nt=[ATGACCGAAC..CTGGGGCTGA]
13:31:32.205 - INFO - CDS - contig=contig_1, start=329183, stop=330910, strand=-, nt=[ATGACTTACC..AAAGGCCTGA]
13:31:32.205 - INFO - CDS - contig=contig_1, start=330907, stop=331215, strand=-, nt=[ATGTCCGCGG..AGTGCTATGA]
13:31:32.205 - INFO - CDS - contig=contig_1, start=331227, stop=331709, strand=-, nt=[ATGAGAAATA..CCACAAGTGA]
13:31:32.205 - INFO - CDS - contig=contig_1, start=331713, stop=332498, strand=-, nt=[TTGGAGATCC..CGAGGTATAA]
13:31:32.205 - INFO - CDS - contig=contig_1, start=332584, stop=333882, strand=-, nt=[TTGACGAAAT..GGTGGGCTGA]
13:31:32.205 - INFO - CDS - contig=contig_1, start=334200, stop=334754, strand=+, nt=[TTGAAACTGA..GACGAAATGA]
13:31:32.205 - INFO - CDS - contig=contig_1, start=334751, stop=335464, strand=+, nt=[ATGAGCAAGC..CGAGGGGTAA]
13:31:32.205 - INFO - CDS - contig=contig_1, start=335509, stop=337296, strand=+, nt=[TTGTTCCGCA..CAAGGCGTAA]
13:31:32.205 - INFO - CDS - contig=contig_1, start=337283, stop=338605, strand=+, nt=[ATGGCAAGGC..GGAGAATTAA]
13:31:32.205 - INFO - CDS - contig=contig_1, start=338618, stop=339442, strand=+, nt=[ATGCGCTGGT..GGAAGAATAG]
13:31:32.205 - INFO - CDS - contig=contig_1, start=339614, stop=339907, strand=+, nt=[ATGGAGAGCC..GGAGAAATAA]
13:31:32.205 - INFO - CDS - contig=contig_1, start=339908, stop=341161, strand=+, nt=[ATGCAGGTGG..ATGGAGATGA]
13:31:32.205 - INFO - CDS - contig=contig_1, start=341174, stop=342319, strand=+, nt=[ATGAAGTGGT..AACGGTTTGA]
13:31:32.205 - INFO - CDS - contig=contig_1, start=342363, stop=343283, strand=+, nt=[TTGAAGATCA..TTTGGTGTGA]
13:31:32.205 - INFO - CDS - contig=contig_1, start=343349, stop=343702, strand=+, nt=[ATGAGCAGCA..GAAAATGTAA]
13:31:32.205 - INFO - CDS - contig=contig_1, start=343718, stop=344749, strand=+, nt=[ATGGCTTATC..GACGGTGTGA]
13:31:32.205 - INFO - CDS - contig=contig_1, start=344843, stop=345190, strand=+, nt=[TTGATCGAGA..GCGGGGCTGA]
13:31:32.205 - INFO - CDS - contig=contig_1, start=345190, stop=345516, strand=+, nt=[ATGGACGGAT..CGGGGCATGA]
13:31:32.205 - INFO - CDS - contig=contig_1, start=345513, stop=346004, strand=+, nt=[ATGACGGGAA..CAAGGTGTGA]
13:31:32.205 - INFO - CDS - contig=contig_1, start=346001, stop=347023, strand=+, nt=[GTGAATGTGA..GACGGTATAA]
13:31:32.205 - INFO - CDS - contig=contig_1, start=347036, stop=347428, strand=+, nt=[ATGACGGTAT..GCTGAAATGA]
13:31:32.205 - INFO - CDS - contig=contig_1, start=347425, stop=347847, strand=+, nt=[ATGAGAGACA..CGGAAGATGA]
13:31:32.205 - INFO - CDS - contig=contig_1, start=347844, stop=348044, strand=+, nt=[ATGACCCACC..TGGGATTTGA]
13:31:32.205 - INFO - CDS - contig=contig_1, start=348041, stop=348586, strand=+, nt=[TTGATCGATT..GCTGTACTGA]
13:31:32.205 - INFO - CDS - contig=contig_1, start=348598, stop=349179, strand=+, nt=[ATGGAGCTTG..CGTCCGGTGA]
13:31:32.205 - INFO - CDS - contig=contig_1, start=349179, stop=350111, strand=+, nt=[ATGGAGGGAT..GCTGGGGTGA]
13:31:32.205 - INFO - CDS - contig=contig_1, start=350168, stop=350554, strand=+, nt=[ATGTTTCTAT..GGGCGTGTGA]
13:31:32.205 - INFO - CDS - contig=contig_1, start=350554, stop=350907, strand=+, nt=[ATGGCGCTGA..GAGCCTATGA]
13:31:32.205 - INFO - CDS - contig=contig_1, start=350904, stop=351959, strand=+, nt=[ATGAAAACGG..GAGCGCGTGA]
13:31:32.205 - INFO - CDS - contig=contig_1, start=351956, stop=352522, strand=+, nt=[GTGAGCTGTG..GGTGCGATAG]
13:31:32.205 - INFO - CDS - contig=contig_1, start=352537, stop=353037, strand=-, nt=[ATGCGCTCTT..CCGTTTTTGA]
13:31:32.206 - INFO - CDS - contig=contig_1, start=353102, stop=354058, strand=-, nt=[GTGGAAACGA..GGTCCTCTGA]
13:31:32.206 - INFO - CDS - contig=contig_1, start=354134, stop=357562, strand=-, nt=[TTGAGTGAGA..CATGAAATAA]
13:31:32.206 - INFO - CDS - contig=contig_1, start=357750, stop=359798, strand=+, nt=[ATGACGCCTG..CTTTAATTAA]
13:31:32.206 - INFO - CDS - contig=contig_1, start=359859, stop=360245, strand=+, nt=[ATGAGTCAGA..GGAGAAGTAA]
13:31:32.206 - INFO - CDS - contig=contig_1, start=360293, stop=361102, strand=-, nt=[ATGAACGCAG..CCTGTTTTAA]
13:31:32.206 - INFO - CDS - contig=contig_1, start=361106, stop=361903, strand=-, nt=[ATGACTTTTT..GGAGGCCTGA]
13:31:32.206 - INFO - CDS - contig=contig_1, start=361900, stop=362814, strand=-, nt=[ATGCTGACCC..GACCGCATGA]
13:31:32.206 - INFO - CDS - contig=contig_1, start=362942, stop=363877, strand=-, nt=[ATGTCTGATA..AATGCTGTAA]
13:31:32.206 - INFO - CDS - contig=contig_1, start=363870, stop=364916, strand=-, nt=[ATGCCAAACA..CCATGTCTGA]
13:31:32.206 - INFO - CDS - contig=contig_1, start=365116, stop=366189, strand=-, nt=[ATGGCTCTCT..CGTCAACTGA]
13:31:32.206 - INFO - CDS - contig=contig_1, start=366189, stop=367139, strand=-, nt=[ATGGCGAAAT..TGGGCGCTGA]
13:31:32.206 - INFO - CDS - contig=contig_1, start=367273, stop=369282, strand=-, nt=[ATGAAACATG..CGGACAATAA]
13:31:32.206 - INFO - CDS - contig=contig_1, start=369399, stop=370487, strand=-, nt=[TTGATCATCC..CTGGCACTGA]
13:31:32.206 - INFO - CDS - contig=contig_1, start=370721, stop=371704, strand=+, nt=[ATGGCAAGAC..GGAAACGTGA]
13:31:32.206 - INFO - CDS - contig=contig_1, start=371714, stop=372046, strand=-, nt=[ATGAACATTC..CTGGGAGTAA]
13:31:32.206 - INFO - CDS - contig=contig_1, start=372176, stop=374485, strand=+, nt=[ATGAAAGCAG..AGAAAAATGA]
13:31:32.206 - INFO - CDS - contig=contig_1, start=374785, stop=376443, strand=+, nt=[ATGGCAGAAA..GGAAGTGTGA]
13:31:32.206 - INFO - CDS - contig=contig_1, start=376505, stop=378934, strand=-, nt=[ATGGAACAAT..TCACCGCTGA]
13:31:32.206 - INFO - CDS - contig=contig_1, start=379110, stop=380546, strand=-, nt=[ATGAACATTT..AGGAAAATAG]
13:31:32.206 - INFO - CDS - contig=contig_1, start=380605, stop=381720, strand=-, nt=[ATGAACGATC..GATCGTGTGA]
13:31:32.206 - INFO - CDS - contig=contig_1, start=381717, stop=382901, strand=-, nt=[ATGCTCCTGG..GAAGATATGA]
13:31:32.206 - INFO - CDS - contig=contig_1, start=382956, stop=384908, strand=-, nt=[ATGAGAGACA..ACATACCTGA]
13:31:32.206 - INFO - CDS - contig=contig_1, start=385162, stop=385503, strand=-, nt=[ATGGCTGAAC..CGAAGCATGA]
13:31:32.206 - INFO - CDS - contig=contig_1, start=385582, stop=386082, strand=-, nt=[ATGCACAATG..CAAGTTTTGA]
13:31:32.206 - INFO - CDS - contig=contig_1, start=386328, stop=386702, strand=-, nt=[ATGAAAATTC..AAAAAAATGA]
13:31:32.206 - INFO - CDS - contig=contig_1, start=387084, stop=387932, strand=+, nt=[ATGCAAAAGA..CCGGAGCTGA]
13:31:32.206 - INFO - CDS - contig=contig_1, start=388042, stop=390327, strand=+, nt=[ATGACTCTTA..CGTCCTCTGA]
13:31:32.206 - INFO - CDS - contig=contig_1, start=390383, stop=390484, strand=-, nt=[ATGGTTTTTT..CGGCGAGTGA]
13:31:32.206 - INFO - CDS - contig=contig_1, start=390571, stop=391332, strand=-, nt=[ATGGCACTTT..CGGGTCTTGA]
13:31:32.206 - INFO - CDS - contig=contig_1, start=391345, stop=392013, strand=-, nt=[ATGCTCGCAA..CTTTAAATAA]
13:31:32.206 - INFO - CDS - contig=contig_1, start=392103, stop=392951, strand=-, nt=[ATGAATCCCA..CGAGCAGTGA]
13:31:32.206 - INFO - CDS - contig=contig_1, start=393161, stop=394297, strand=+, nt=[ATGAAAAAAT..GGGCAAATAG]
13:31:32.206 - INFO - CDS - contig=contig_1, start=394372, stop=395556, strand=-, nt=[ATGACGAATT..CCATTCTTAA]
13:31:32.206 - INFO - CDS - contig=contig_1, start=395632, stop=396813, strand=-, nt=[ATGGAATTTT..GATCTTCTGA]
13:31:32.206 - INFO - CDS - contig=contig_1, start=397283, stop=398041, strand=-, nt=[GTGAAAGCCC..ACGGCGCTGA]
13:31:32.206 - INFO - CDS - contig=contig_1, start=398062, stop=399597, strand=-, nt=[TTGAAAGCCA..GGTATCATGA]
13:31:32.206 - INFO - CDS - contig=contig_1, start=399834, stop=400544, strand=+, nt=[GTGGCCGCGG..GCTGAGCTGA]
13:31:32.206 - INFO - CDS - contig=contig_1, start=400878, stop=401654, strand=+, nt=[ATGGGATTTG..CGGAAAATAA]
13:31:32.206 - INFO - CDS - contig=contig_1, start=401712, stop=402569, strand=+, nt=[ATGAGCATCA..CAAGAAGTAA]
13:31:32.206 - INFO - CDS - contig=contig_1, start=402709, stop=403866, strand=+, nt=[ATGGATTTGC..CATTAAGTAA]
13:31:32.206 - INFO - CDS - contig=contig_1, start=403888, stop=404688, strand=+, nt=[ATGAAAGCAA..CATCATCTAA]
13:31:32.207 - INFO - CDS - contig=contig_1, start=404709, stop=405815, strand=+, nt=[ATGGCTGAAT..GTCCAAGTAA]
13:31:32.207 - INFO - CDS - contig=contig_1, start=406154, stop=406681, strand=+, nt=[ATGCGCAAAT..GGTCGTCTGA]
13:31:32.207 - INFO - CDS - contig=contig_1, start=406715, stop=407584, strand=+, nt=[ATGAAGGTAC..GACATTATAA]
13:31:32.207 - INFO - CDS - contig=contig_1, start=407640, stop=408473, strand=-, nt=[ATGTGGAAGC..CCGCGCCTGA]
13:31:32.207 - INFO - CDS - contig=contig_1, start=408454, stop=409764, strand=-, nt=[ATGGATTTTT..GGGGCTTTGA]
13:31:32.207 - INFO - CDS - contig=contig_1, start=409829, stop=410827, strand=+, nt=[ATGGATCTTA..CCTGGCATAA]
13:31:32.207 - INFO - CDS - contig=contig_1, start=410848, stop=413112, strand=-, nt=[ATGGAGCCAA..AAAGCCGTAA]
13:31:32.207 - INFO - CDS - contig=contig_1, start=413504, stop=413878, strand=+, nt=[ATGAAATTTT..TGAGGCCTGA]
13:31:32.207 - INFO - CDS - contig=contig_1, start=414058, stop=414300, strand=-, nt=[ATGCGACTGG..GGTCCTCTGA]
13:31:32.207 - INFO - CDS - contig=contig_1, start=414379, stop=414654, strand=-, nt=[ATGAACAAGG..TGCGAAATAA]
13:31:32.207 - INFO - CDS - contig=contig_1, start=414719, stop=415507, strand=-, nt=[ATGATAGATT..ACGGACTTAA]
13:31:32.207 - INFO - CDS - contig=contig_1, start=415545, stop=417173, strand=-, nt=[TTGTCAGAAT..TATCCATTGA]
13:31:32.207 - INFO - CDS - contig=contig_1, start=417197, stop=418498, strand=-, nt=[ATGGCAATTC..GCGGAACTGA]
13:31:32.207 - INFO - CDS - contig=contig_1, start=418661, stop=419485, strand=-, nt=[ATGAGCTATC..CAAAATGTGA]
13:31:32.207 - INFO - CDS - contig=contig_1, start=419639, stop=420124, strand=-, nt=[ATGGAATGCC..CATGGAATAA]
13:31:32.207 - INFO - CDS - contig=contig_1, start=420124, stop=421785, strand=-, nt=[ATGAAAAAGC..CAGCAAGTAA]
13:31:32.207 - INFO - CDS - contig=contig_1, start=421852, stop=422808, strand=-, nt=[ATGAGCGGCC..CCTGTACTGA]
13:31:32.207 - INFO - CDS - contig=contig_1, start=422805, stop=423824, strand=-, nt=[ATGGAACCCA..GGCGCGATGA]
13:31:32.207 - INFO - CDS - contig=contig_1, start=423833, stop=424981, strand=-, nt=[ATGGAAGACA..GAAAAAGTGA]
13:31:32.207 - INFO - CDS - contig=contig_1, start=424997, stop=425914, strand=-, nt=[TTGGTCAAAT..ATACGAATGA]
13:31:32.207 - INFO - CDS - contig=contig_1, start=426174, stop=426773, strand=-, nt=[ATGGAGCAGC..CGGCTCATGA]
13:31:32.207 - INFO - CDS - contig=contig_1, start=426776, stop=427639, strand=-, nt=[ATGCGGCAGC..GGGAGTGTGA]
13:31:32.207 - INFO - CDS - contig=contig_1, start=427848, stop=429188, strand=+, nt=[ATGAATTATC..CAAGCGGTAA]
13:31:32.207 - INFO - CDS - contig=contig_1, start=429269, stop=430027, strand=+, nt=[ATGGAATATA..AGAGCTCTGA]
13:31:32.207 - INFO - CDS - contig=contig_1, start=430210, stop=430794, strand=+, nt=[ATGGACATCA..GGCGGAGTAA]
13:31:32.207 - INFO - CDS - contig=contig_1, start=430869, stop=431666, strand=+, nt=[ATGAAACTCA..ACTGGAGTAA]
13:31:32.207 - INFO - CDS - contig=contig_1, start=432501, stop=433022, strand=-, nt=[ATGGCTCAAA..AAAGTCCTGA]
13:31:32.207 - INFO - CDS - contig=contig_1, start=433218, stop=433685, strand=-, nt=[ATGGACCGCA..CCGCTACTGA]
13:31:32.207 - INFO - CDS - contig=contig_1, start=433733, stop=434236, strand=-, nt=[ATGACCATCC..ACATTTTTGA]
13:31:32.207 - INFO - CDS - contig=contig_1, start=434396, stop=434557, strand=-, nt=[ATGAACGTTC..GGGAAAATAA]
13:31:32.207 - INFO - CDS - contig=contig_1, start=434570, stop=437038, strand=-, nt=[ATGGAGTGGA..CGCCAAATAA]
13:31:32.207 - INFO - CDS - contig=contig_1, start=437102, stop=437323, strand=-, nt=[ATGAAAACGC..GGTGGAGTGA]
13:31:32.207 - INFO - CDS - contig=contig_1, start=437339, stop=437548, strand=-, nt=[ATGCCGATTA..TTTGATCTGA]
13:31:32.207 - INFO - CDS - contig=contig_1, start=437626, stop=438840, strand=-, nt=[ATGTCTCATC..AAATGCTTGA]
13:31:32.207 - INFO - CDS - contig=contig_1, start=438996, stop=440873, strand=-, nt=[ATGAGACAGA..GAGCCTGTAA]
13:31:32.207 - INFO - CDS - contig=contig_1, start=441045, stop=441890, strand=-, nt=[ATGATGAAAC..GGCGCAGTAA]
13:31:32.207 - INFO - CDS - contig=contig_1, start=442006, stop=442482, strand=-, nt=[ATGGCAGAAG..CAGCAAGTGA]
13:31:32.207 - INFO - CDS - contig=contig_1, start=442553, stop=443599, strand=+, nt=[ATGAAGTGGG..CTGCGAATAA]
13:31:32.207 - INFO - CDS - contig=contig_1, start=443904, stop=445970, strand=+, nt=[ATGAAATACA..AGAACCGTGA]
13:31:32.207 - INFO - CDS - contig=contig_1, start=445987, stop=448224, strand=+, nt=[TTGGACCCTA..GGTGGGATAA]
13:31:32.207 - INFO - CDS - contig=contig_1, start=448263, stop=448442, strand=+, nt=[ATGGATGAAC..GTATTGCTGA]
13:31:32.207 - INFO - CDS - contig=contig_1, start=448442, stop=449653, strand=+, nt=[ATGGGACAGC..CAGGGACTGA]
13:31:32.207 - INFO - CDS - contig=contig_1, start=449687, stop=450370, strand=+, nt=[GTGCTGGGGG..GAATGTGTAG]
13:31:32.207 - INFO - CDS - contig=contig_1, start=450428, stop=450637, strand=+, nt=[ATGGAAATAT..CCAGCGCTGA]
13:31:32.208 - INFO - CDS - contig=contig_1, start=450790, stop=452304, strand=+, nt=[ATGGAACGTC..CGGAAGATGA]
13:31:32.208 - INFO - CDS - contig=contig_1, start=452369, stop=453001, strand=-, nt=[ATGTTTGACG..GCTGGGATAA]
13:31:32.208 - INFO - CDS - contig=contig_1, start=453096, stop=453302, strand=+, nt=[TTGGGGCGGC..CCCCAGTTGA]
13:31:32.208 - INFO - CDS - contig=contig_1, start=454037, stop=455425, strand=-, nt=[ATGGCATCTA..TGCTCTGTAA]
13:31:32.208 - INFO - CDS - contig=contig_1, start=455428, stop=455841, strand=-, nt=[ATGCAACAAG..GAGTTGCTGA]
13:31:32.208 - INFO - CDS - contig=contig_1, start=455953, stop=456177, strand=-, nt=[ATGTTTGAAG..AAAATCATAG]
13:31:32.208 - INFO - CDS - contig=contig_1, start=456209, stop=456589, strand=-, nt=[ATGAACGAAG..GGCACCATGA]
13:31:32.208 - INFO - CDS - contig=contig_1, start=457093, stop=457635, strand=-, nt=[ATGACAAGAG..GTTTATATAA]
13:31:32.208 - INFO - CDS - contig=contig_1, start=457940, stop=458476, strand=-, nt=[ATGAGAAAAG..TTCCGACTGA]
13:31:32.208 - INFO - CDS - contig=contig_1, start=458588, stop=459202, strand=-, nt=[TTGTCTGTTC..TCTTATTTAA]
13:31:32.208 - INFO - CDS - contig=contig_1, start=459217, stop=459576, strand=-, nt=[ATGACTTTCG..TCAGCATTAA]
13:31:32.208 - INFO - CDS - contig=contig_1, start=459722, stop=460684, strand=-, nt=[ATGCAAAGCC..GTTTATTTGA]
13:31:32.208 - INFO - CDS - contig=contig_1, start=460858, stop=461472, strand=-, nt=[GTGCTGGCCC..ACAAGAATAA]
13:31:32.208 - INFO - CDS - contig=contig_1, start=461585, stop=461986, strand=-, nt=[TTGGATTATG..GTGGGAGTGA]
13:31:32.208 - INFO - CDS - contig=contig_1, start=461964, stop=462281, strand=-, nt=[ATGACAACAC..TGAGCGATGA]
13:31:32.208 - INFO - CDS - contig=contig_1, start=462297, stop=467897, strand=-, nt=[ATGTATATCA..GTGGGATTGA]
13:31:32.208 - INFO - CDS - contig=contig_1, start=467913, stop=468263, strand=-, nt=[ATGAGCAAGG..GCCGGAATAA]
13:31:32.208 - INFO - CDS - contig=contig_1, start=468289, stop=469137, strand=-, nt=[ATGGATGTCG..CCGAAAGTAA]
13:31:32.208 - INFO - CDS - contig=contig_1, start=469151, stop=469519, strand=-, nt=[ATGAACAGCA..AAAAGACTGA]
13:31:32.208 - INFO - CDS - contig=contig_1, start=469572, stop=470141, strand=-, nt=[ATGAGAGAAA..ACAGCATTGA]
13:31:32.208 - INFO - CDS - contig=contig_1, start=470158, stop=471126, strand=-, nt=[ATGAACGAAA..GGCAATTTGA]
13:31:32.208 - INFO - CDS - contig=contig_1, start=471145, stop=471879, strand=-, nt=[ATGGAATCTA..GCTCGGATAG]
13:31:32.208 - INFO - CDS - contig=contig_1, start=471912, stop=472337, strand=-, nt=[ATGGATACAA..GAAACTATAG]
13:31:32.208 - INFO - CDS - contig=contig_1, start=472354, stop=473835, strand=-, nt=[ATGAAAGCCA..AGATTTTTGA]
13:31:32.208 - INFO - CDS - contig=contig_1, start=473851, stop=474087, strand=-, nt=[ATGGCTTGGG..GAACGGATGA]
13:31:32.208 - INFO - CDS - contig=contig_1, start=474096, stop=475055, strand=-, nt=[ATGGATTGGC..GGGTTTGTGA]
13:31:32.208 - INFO - CDS - contig=contig_1, start=475070, stop=475801, strand=-, nt=[ATGCCGACAG..GCAGGCGTAA]
13:31:32.208 - INFO - CDS - contig=contig_1, start=475838, stop=476185, strand=-, nt=[ATGTCCATTG..AGAGAGCTGA]
13:31:32.208 - INFO - CDS - contig=contig_1, start=476191, stop=476517, strand=-, nt=[ATGAAAACAT..GGACTGGTGA]
13:31:32.208 - INFO - CDS - contig=contig_1, start=476531, stop=477265, strand=-, nt=[ATGATGCACC..GGAAAAATGA]
13:31:32.208 - INFO - CDS - contig=contig_1, start=477278, stop=478123, strand=-, nt=[ATGAACATGA..GTGTTATTAA]
13:31:32.208 - INFO - CDS - contig=contig_1, start=478216, stop=478719, strand=-, nt=[ATGAAACTGA..TGAGAGCTAA]
13:31:32.208 - INFO - CDS - contig=contig_1, start=478733, stop=479572, strand=-, nt=[ATGTTTGAAG..TGAGGGGTAA]
13:31:32.208 - INFO - CDS - contig=contig_1, start=479587, stop=480177, strand=-, nt=[ATGACACAAG..ACTGCTGTAA]
13:31:32.208 - INFO - CDS - contig=contig_1, start=480190, stop=480414, strand=-, nt=[ATGAACAGTG..GGTACTGTAA]
13:31:32.208 - INFO - CDS - contig=contig_1, start=480433, stop=481275, strand=-, nt=[ATGAAAAAAA..GCAGGGATAA]
13:31:32.208 - INFO - CDS - contig=contig_1, start=481309, stop=482424, strand=-, nt=[ATGAGTTTGA..GCAGACCTGA]
13:31:32.208 - INFO - CDS - contig=contig_1, start=482722, stop=483378, strand=-, nt=[ATGTTGATAT..TCTCAGATGA]
13:31:32.208 - INFO - CDS - contig=contig_1, start=483420, stop=483734, strand=+, nt=[ATGGATGAGG..GGAGAGCTAA]
13:31:32.208 - INFO - CDS - contig=contig_1, start=483923, stop=485338, strand=-, nt=[GTGGCAACAA..CCAGCGGTGA]
13:31:32.209 - INFO - CDS - contig=contig_1, start=485428, stop=486261, strand=-, nt=[ATGAAAAGAA..GGATGACTGA]
13:31:32.209 - INFO - CDS - contig=contig_1, start=486772, stop=487083, strand=-, nt=[ATGAAGATAG..TTATGGATAA]
13:31:32.209 - INFO - CDS - contig=contig_1, start=487229, stop=487573, strand=-, nt=[ATGAGTACCC..ACTTTCGTAA]
13:31:32.209 - INFO - CDS - contig=contig_1, start=487570, stop=488634, strand=-, nt=[ATGAATACCA..GGAGCGATGA]
13:31:32.209 - INFO - CDS - contig=contig_1, start=488636, stop=496936, strand=-, nt=[GTGAAAACAT..GGTGCGATAA]
13:31:32.209 - INFO - CDS - contig=contig_1, start=496990, stop=497346, strand=-, nt=[ATGGAGAACA..TCACAGCTGA]
13:31:32.209 - INFO - CDS - contig=contig_1, start=498191, stop=498406, strand=-, nt=[ATGAACAACT..TGATGAATAA]
13:31:32.209 - INFO - CDS - contig=contig_1, start=498408, stop=501701, strand=-, nt=[ATGGCTGAAA..GGAGCTTTGA]
13:31:32.209 - INFO - CDS - contig=contig_1, start=501704, stop=501985, strand=-, nt=[ATGAAGCTCT..CAATGAGTAA]
13:31:32.209 - INFO - CDS - contig=contig_1, start=501982, stop=504081, strand=-, nt=[ATGAAGCTGG..CAAACGATGA]
13:31:32.209 - INFO - CDS - contig=contig_1, start=504287, stop=505060, strand=-, nt=[ATGAAGAATA..ACTGGAATGA]
13:31:32.209 - INFO - CDS - contig=contig_1, start=505050, stop=505307, strand=-, nt=[ATGGCTAAGA..TGAAGAATAA]
13:31:32.209 - INFO - CDS - contig=contig_1, start=505338, stop=507080, strand=-, nt=[GTGAATGGTT..GAACTGGTAA]
13:31:32.209 - INFO - CDS - contig=contig_1, start=507064, stop=507432, strand=-, nt=[ATGAAAACCA..GTTTGAATAA]
13:31:32.209 - INFO - CDS - contig=contig_1, start=507435, stop=509834, strand=-, nt=[GTGCAGCCGG..GGATGAATGA]
13:31:32.209 - INFO - CDS - contig=contig_1, start=509779, stop=510246, strand=-, nt=[TTGGCTTATG..AGCAGATTGA]
13:31:32.209 - INFO - CDS - contig=contig_1, start=510267, stop=511136, strand=-, nt=[ATGGATTTCT..CGCACACTAA]
13:31:32.209 - INFO - CDS - contig=contig_1, start=511220, stop=511438, strand=-, nt=[ATGGCATTTT..CACCGTCTGA]
13:31:32.209 - INFO - CDS - contig=contig_1, start=511655, stop=513484, strand=-, nt=[ATGAAAAAGC..GGGTTCGTAA]
13:31:32.209 - INFO - CDS - contig=contig_1, start=513481, stop=513981, strand=-, nt=[ATGCAGGAGG..GGAACGATGA]
13:31:32.209 - INFO - CDS - contig=contig_1, start=514068, stop=514814, strand=-, nt=[ATGAGTCAGA..GATGATATGA]
13:31:32.209 - INFO - CDS - contig=contig_1, start=514849, stop=515223, strand=-, nt=[ATGCCTGTCT..CGGCTGGTAA]
13:31:32.209 - INFO - CDS - contig=contig_1, start=515778, stop=515981, strand=-, nt=[ATGAATATGT..TCTTTTGTGA]
13:31:32.209 - INFO - CDS - contig=contig_1, start=516006, stop=516281, strand=-, nt=[ATGAGGGATA..TCACCCGTAA]
13:31:32.209 - INFO - CDS - contig=contig_1, start=516294, stop=517220, strand=-, nt=[TTGAAAAGCA..GGAACGATGA]
13:31:32.209 - INFO - CDS - contig=contig_1, start=517177, stop=517998, strand=-, nt=[ATGAATACGC..CAGTAGATGA]
13:31:32.209 - INFO - CDS - contig=contig_1, start=518623, stop=520014, strand=-, nt=[ATGGCATCTA..AGCAGGCTAA]
13:31:32.209 - INFO - CDS - contig=contig_1, start=520039, stop=520245, strand=-, nt=[ATGAGCCAGC..GGCGTTCTAA]
13:31:32.209 - INFO - CDS - contig=contig_1, start=520739, stop=520981, strand=-, nt=[ATGGCCCGAA..TCCGGTCTAA]
13:31:32.209 - INFO - CDS - contig=contig_1, start=520966, stop=521400, strand=-, nt=[ATGAAAGACT..CGAAATTTGA]
13:31:32.209 - INFO - CDS - contig=contig_1, start=521598, stop=521708, strand=-, nt=[ATGTCCTTTT..CATTATATAA]
13:31:32.209 - INFO - CDS - contig=contig_1, start=522386, stop=523177, strand=-, nt=[ATGGCTGGTT..TGAGGGGTGA]
13:31:32.209 - INFO - CDS - contig=contig_1, start=524245, stop=524574, strand=+, nt=[ATGGCGAACA..ACAACTCTGA]
13:31:32.209 - INFO - CDS - contig=contig_1, start=524535, stop=525878, strand=+, nt=[ATGGCAGTTA..ACGGGGATAG]
13:31:32.209 - INFO - CDS - contig=contig_1, start=526450, stop=528528, strand=-, nt=[ATGGCATACA..GGAACTGTGA]
13:31:32.209 - INFO - CDS - contig=contig_1, start=528541, stop=529251, strand=-, nt=[ATGCTTGACA..GGAGCGATAA]
13:31:32.209 - INFO - CDS - contig=contig_1, start=529251, stop=531341, strand=-, nt=[ATGAAACTGA..AGGGCGCTAA]
13:31:32.209 - INFO - CDS - contig=contig_1, start=531338, stop=532054, strand=-, nt=[ATGAAGAATA..AATCAAATGA]
13:31:32.209 - INFO - CDS - contig=contig_1, start=532044, stop=532298, strand=-, nt=[ATGGCAGCGA..TGAAGAATAA]
13:31:32.210 - INFO - CDS - contig=contig_1, start=532322, stop=534220, strand=-, nt=[ATGAAACAGT..GAACTGGTAA]
13:31:32.210 - INFO - CDS - contig=contig_1, start=534207, stop=535232, strand=-, nt=[ATGACGAGGC..AACAGTATAA]
13:31:32.210 - INFO - CDS - contig=contig_1, start=535229, stop=537604, strand=-, nt=[ATGGAAAAGA..CAGCGTATGA]
13:31:32.210 - INFO - CDS - contig=contig_1, start=537558, stop=537977, strand=-, nt=[ATGGCTTATG..CCGTGGATAA]
13:31:32.210 - INFO - CDS - contig=contig_1, start=537989, stop=538858, strand=-, nt=[ATGCAGAGCA..AACCCATTAA]
13:31:32.210 - INFO - CDS - contig=contig_1, start=538873, stop=539088, strand=-, nt=[ATGGAATTTT..CTTTGGATAA]
13:31:32.210 - INFO - CDS - contig=contig_1, start=539108, stop=540331, strand=-, nt=[GTGAGGGCCG..AAATGAATAG]
13:31:32.210 - INFO - CDS - contig=contig_1, start=540409, stop=540675, strand=-, nt=[ATGACCTACG..AACCTCATAA]
13:31:32.210 - INFO - CDS - contig=contig_1, start=540760, stop=541179, strand=-, nt=[GTGAACGGCA..GGGGGACTAA]
13:31:32.210 - INFO - CDS - contig=contig_1, start=541176, stop=542642, strand=-, nt=[TTGGCCCTGT..GGAGCGGTGA]
13:31:32.210 - INFO - CDS - contig=contig_1, start=542643, stop=542936, strand=-, nt=[ATGGACAAGT..AAGCGGATAA]
13:31:32.210 - INFO - CDS - contig=contig_1, start=543237, stop=545174, strand=-, nt=[ATGAAAATCA..GGACTTATAA]
13:31:32.210 - INFO - CDS - contig=contig_1, start=545614, stop=546558, strand=+, nt=[ATGGTGGAGC..ACGGCAGTAA]
13:31:32.210 - INFO - CDS - contig=contig_1, start=546610, stop=548970, strand=-, nt=[ATGAGGAAGC..AGTCAGCTAA]
13:31:32.210 - INFO - CDS - contig=contig_1, start=549016, stop=549567, strand=-, nt=[ATGAAACAGG..GTCACTATAA]
13:31:32.210 - INFO - CDS - contig=contig_1, start=549564, stop=550040, strand=-, nt=[ATGCAGGAAG..GGAGCTATGA]
13:31:32.210 - INFO - CDS - contig=contig_1, start=550044, stop=550934, strand=-, nt=[ATGGCAGTTT..AAGGAGGTAA]
13:31:32.210 - INFO - CDS - contig=contig_1, start=551097, stop=551618, strand=-, nt=[ATGAACCTAA..GGTGCTGTAA]
13:31:32.210 - INFO - CDS - contig=contig_1, start=552318, stop=553460, strand=-, nt=[ATGGACTTTT..TGTGAAGTAA]
13:31:32.210 - INFO - CDS - contig=contig_1, start=553668, stop=554675, strand=-, nt=[ATGGAAGCAA..TCGCGCCTGA]
13:31:32.210 - INFO - CDS - contig=contig_1, start=554692, stop=555495, strand=-, nt=[ATGAACATTC..CATCATCTAA]
13:31:32.210 - INFO - CDS - contig=contig_1, start=555492, stop=557183, strand=-, nt=[ATGGAGCTAT..ATATCTATGA]
13:31:32.210 - INFO - CDS - contig=contig_1, start=557248, stop=558486, strand=-, nt=[ATGAGTGAAC..GCAAAAGTAA]
13:31:32.210 - INFO - CDS - contig=contig_1, start=558510, stop=559631, strand=-, nt=[ATGAAACGCA..AGCTTTGTAA]
13:31:32.210 - INFO - CDS - contig=contig_1, start=559631, stop=560866, strand=-, nt=[ATGAGCGAAA..CGACCAGTGA]
13:31:32.210 - INFO - CDS - contig=contig_1, start=560868, stop=561653, strand=-, nt=[ATGCTCACAT..GGGAGTATGA]
13:31:32.210 - INFO - CDS - contig=contig_1, start=561678, stop=562805, strand=-, nt=[ATGATCATTA..GCTGAAATAA]
13:31:32.210 - INFO - CDS - contig=contig_1, start=562835, stop=564121, strand=-, nt=[ATGTTTTTCT..TCTGGTTTGA]
13:31:32.210 - INFO - CDS - contig=contig_1, start=564153, stop=565316, strand=-, nt=[ATGGATAAGA..GTCCAAGTAA]
13:31:32.210 - INFO - CDS - contig=contig_1, start=565340, stop=565999, strand=-, nt=[TTGAAACGAC..ATCGGTTTGA]
13:31:32.210 - INFO - CDS - contig=contig_1, start=566445, stop=567824, strand=-, nt=[GTGGGCAAGC..CAAAGAGTAA]
13:31:32.210 - INFO - CDS - contig=contig_1, start=568473, stop=569048, strand=-, nt=[ATGAAAGAAC..CGGCTCTTGA]
13:31:32.210 - INFO - CDS - contig=contig_1, start=569159, stop=569431, strand=-, nt=[ATGACCATGC..CCTGCGGTGA]
13:31:32.210 - INFO - CDS - contig=contig_1, start=569428, stop=569712, strand=-, nt=[ATGGAAAAGC..TGCCGTATGA]
13:31:32.210 - INFO - CDS - contig=contig_1, start=569861, stop=573427, strand=-, nt=[ATGGCGAGAC..GTACAAATAA]
13:31:32.210 - INFO - CDS - contig=contig_1, start=574503, stop=575504, strand=-, nt=[ATGAAAAAGG..ACATTTTTGA]
13:31:32.210 - INFO - CDS - contig=contig_1, start=575798, stop=576037, strand=-, nt=[ATGTCCACAA..AGCCGAATAA]
13:31:32.210 - INFO - CDS - contig=contig_1, start=576357, stop=576917, strand=-, nt=[ATGAAGTTGC..CCCGCTCTGA]
13:31:32.210 - INFO - CDS - contig=contig_1, start=577473, stop=577844, strand=-, nt=[ATGAAGAAAC..GGACGGGTAA]
13:31:32.211 - INFO - CDS - contig=contig_1, start=577969, stop=578703, strand=-, nt=[ATGAGACCGT..GACGAACTAA]
13:31:32.211 - INFO - CDS - contig=contig_1, start=578690, stop=579238, strand=-, nt=[ATGCTGATGT..GACCGTTTGA]
13:31:32.211 - INFO - CDS - contig=contig_1, start=579339, stop=580742, strand=+, nt=[ATGCGAGAAA..CAGCCGGTAA]
13:31:32.211 - INFO - CDS - contig=contig_1, start=580995, stop=582368, strand=+, nt=[ATGGAGGGAG..GGGGAAATAA]
13:31:32.211 - INFO - CDS - contig=contig_1, start=582458, stop=582940, strand=-, nt=[ATGCCCACCG..GGAAGTCTAA]
13:31:32.211 - INFO - CDS - contig=contig_1, start=583061, stop=583840, strand=-, nt=[ATGGCGCTTT..ATCCTTTTGA]
13:31:32.211 - INFO - CDS - contig=contig_1, start=583859, stop=585202, strand=-, nt=[ATGAGTGAGA..CTGCGACTGA]
13:31:32.211 - INFO - CDS - contig=contig_1, start=585250, stop=586041, strand=-, nt=[ATGGAGATCA..CGCCAACTGA]
13:31:32.211 - INFO - CDS - contig=contig_1, start=586043, stop=587782, strand=-, nt=[TTGGCCTACG..GGTACACTGA]
13:31:32.211 - INFO - CDS - contig=contig_1, start=588015, stop=588404, strand=-, nt=[ATGAACTGGC..AAAAACCTGA]
13:31:32.211 - INFO - CDS - contig=contig_1, start=588595, stop=589086, strand=+, nt=[ATGAAGCGGA..TCAGGAGTAA]
13:31:32.211 - INFO - CDS - contig=contig_1, start=589172, stop=590470, strand=+, nt=[ATGGATGTTT..CGTCGATTGA]
13:31:32.211 - INFO - CDS - contig=contig_1, start=590645, stop=592297, strand=+, nt=[ATGGGCGCTT..CGCCAAATAA]
13:31:32.211 - INFO - CDS - contig=contig_1, start=592407, stop=592922, strand=-, nt=[ATGGACAGCA..TCTGGAGTGA]
13:31:32.211 - INFO - CDS - contig=contig_1, start=593075, stop=593719, strand=+, nt=[GTGACCAAGG..GAAAGAGTGA]
13:31:32.211 - INFO - CDS - contig=contig_1, start=593726, stop=595138, strand=+, nt=[ATGGATCAAG..GTGCAAATGA]
13:31:32.211 - INFO - CDS - contig=contig_1, start=595157, stop=595873, strand=+, nt=[ATGAAAGAGC..GGCCCGTTAA]
13:31:32.211 - INFO - CDS - contig=contig_1, start=595939, stop=596550, strand=-, nt=[ATGCAGACAA..CCCGGCCTGA]
13:31:32.211 - INFO - CDS - contig=contig_1, start=596716, stop=596925, strand=+, nt=[ATGGCTGCTG..CCATGCGTAA]
13:31:32.211 - INFO - CDS - contig=contig_1, start=596918, stop=597547, strand=+, nt=[ATGCGTAAGC..TGGCCAATGA]
13:31:32.211 - INFO - CDS - contig=contig_1, start=597495, stop=597776, strand=+, nt=[ATGGAAGAGA..CTGCGCTTGA]
13:31:32.211 - INFO - CDS - contig=contig_1, start=597853, stop=599451, strand=-, nt=[ATGAAACTCA..GGACCGGTAA]
13:31:32.211 - INFO - CDS - contig=contig_1, start=599516, stop=600805, strand=-, nt=[GTGGGCGACC..GCACCCCTGA]
13:31:32.211 - INFO - CDS - contig=contig_1, start=601058, stop=602326, strand=+, nt=[ATGGAAGAGT..GCGCAAGTGA]
13:31:32.211 - INFO - CDS - contig=contig_1, start=602338, stop=603909, strand=+, nt=[ATGTCAATAC..GCCATCATGA]
13:31:32.211 - INFO - CDS - contig=contig_1, start=604004, stop=605449, strand=-, nt=[ATGAAAAAAT..CCTGGCTTAA]
13:31:32.211 - INFO - CDS - contig=contig_1, start=605655, stop=606305, strand=-, nt=[ATGACCAACC..CAGCCTGTGA]
13:31:32.211 - INFO - CDS - contig=contig_1, start=606305, stop=606772, strand=-, nt=[ATGAAAAAAT..GGACAGTTGA]
13:31:32.211 - INFO - CDS - contig=contig_1, start=606797, stop=607996, strand=-, nt=[ATGTTTCAAT..AGATTATTAA]
13:31:32.211 - INFO - CDS - contig=contig_1, start=608007, stop=608657, strand=-, nt=[GTGTTCACGG..CGGTTTTTAA]
13:31:32.211 - INFO - CDS - contig=contig_1, start=608638, stop=609744, strand=-, nt=[ATGGAGGAAC..GACTGGTTGA]
13:31:32.211 - INFO - CDS - contig=contig_1, start=610274, stop=610678, strand=-, nt=[ATGTATAAGA..CAAGCGCTGA]
13:31:32.211 - INFO - CDS - contig=contig_1, start=610698, stop=611129, strand=-, nt=[ATGTCCACTT..GATGAATTGA]
13:31:32.211 - INFO - CDS - contig=contig_1, start=611356, stop=612150, strand=+, nt=[ATGGAGAAAA..GAAGGCCTGA]
13:31:32.211 - INFO - CDS - contig=contig_1, start=612207, stop=613649, strand=-, nt=[ATGAAGCAGC..TCAGCGCTGA]
13:31:32.211 - INFO - CDS - contig=contig_1, start=613873, stop=614667, strand=-, nt=[ATGCTGTTTT..CCTGTCCTGA]
13:31:32.211 - INFO - CDS - contig=contig_1, start=614819, stop=616213, strand=-, nt=[ATGGAACGCA..GGACTTTTGA]
13:31:32.211 - INFO - CDS - contig=contig_1, start=616746, stop=617507, strand=-, nt=[GTGAAACTTT..CGTCTCCTAG]
13:31:32.211 - INFO - CDS - contig=contig_1, start=617650, stop=618729, strand=+, nt=[ATGACCCAGC..GGGGCTGTGA]
13:31:32.211 - INFO - CDS - contig=contig_1, start=618773, stop=619693, strand=+, nt=[ATGAAGCTCA..CGTCCTGTAA]
13:31:32.211 - INFO - CDS - contig=contig_1, start=619858, stop=620748, strand=-, nt=[ATGGAAAACA..TCGGCAGTGA]
13:31:32.211 - INFO - CDS - contig=contig_1, start=620853, stop=621968, strand=+, nt=[ATGCGCCCGA..CGGAGACTGA]
13:31:32.211 - INFO - CDS - contig=contig_1, start=622145, stop=624307, strand=+, nt=[ATGAAGATCA..CCATCTATGA]
13:31:32.211 - INFO - CDS - contig=contig_1, start=624304, stop=624828, strand=+, nt=[ATGAATTACG..GGACAAATAA]
13:31:32.212 - INFO - CDS - contig=contig_1, start=624978, stop=625463, strand=+, nt=[ATGCGTTCGC..CCCGGAATGA]
13:31:32.212 - INFO - CDS - contig=contig_1, start=625552, stop=626202, strand=-, nt=[ATGAAAAATA..GGAAAATTGA]
13:31:32.212 - INFO - CDS - contig=contig_1, start=626192, stop=626470, strand=-, nt=[ATGAGCTTTC..TGAAAAATAA]
13:31:32.212 - INFO - CDS - contig=contig_1, start=627149, stop=627427, strand=+, nt=[GTGCCCAAGC..CGCGATATAG]
13:31:32.212 - INFO - CDS - contig=contig_1, start=627408, stop=627737, strand=+, nt=[ATGAGCGGTA..GCCCCTGTAA]
13:31:32.212 - INFO - CDS - contig=contig_1, start=628217, stop=629488, strand=+, nt=[ATGGACCAAA..GGTGGGCTGA]
13:31:32.212 - INFO - CDS - contig=contig_1, start=629591, stop=630832, strand=+, nt=[ATGGCCGCCT..CAATTTCTAA]
13:31:32.212 - INFO - CDS - contig=contig_1, start=631025, stop=631912, strand=+, nt=[GTGGCGGAAG..AAAGGTGTAA]
13:31:32.212 - INFO - CDS - contig=contig_1, start=631916, stop=632974, strand=+, nt=[ATGACGAAAT..CAACGGTTGA]
13:31:32.212 - INFO - CDS - contig=contig_1, start=632990, stop=633760, strand=+, nt=[ATGGCATTTC..AGATGCTTAA]
13:31:32.212 - INFO - CDS - contig=contig_1, start=633753, stop=634457, strand=+, nt=[ATGCTTAAGA..CGCCATGTAA]
13:31:32.212 - INFO - CDS - contig=contig_1, start=634478, stop=635467, strand=+, nt=[ATGAAAAAAA..AGTGCTGTAA]
13:31:32.212 - INFO - CDS - contig=contig_1, start=635481, stop=636131, strand=+, nt=[ATGGGATTTC..GGAGGGTTGA]
13:31:32.212 - INFO - CDS - contig=contig_1, start=636147, stop=637820, strand=+, nt=[ATGCTGCTGG..ATTCCTATAA]
13:31:32.212 - INFO - CDS - contig=contig_1, start=637850, stop=638329, strand=+, nt=[ATGATTAAGA..GAAGGTCTGA]
13:31:32.212 - INFO - CDS - contig=contig_1, start=638487, stop=639833, strand=+, nt=[ATGGAGCTCA..GAAAAAATAA]
13:31:32.212 - INFO - CDS - contig=contig_1, start=639852, stop=640502, strand=+, nt=[ATGAAGTATC..CGGATTGTAA]
13:31:32.212 - INFO - CDS - contig=contig_1, start=640704, stop=641576, strand=+, nt=[ATGAAAAAGA..CAACAGCTGA]
13:31:32.212 - INFO - CDS - contig=contig_1, start=641684, stop=642607, strand=+, nt=[ATGACCCGCA..CAAAGGATAG]
13:31:32.212 - INFO - CDS - contig=contig_1, start=642635, stop=643492, strand=+, nt=[ATGGAAATGA..ACGAAAGTAA]
13:31:32.212 - INFO - CDS - contig=contig_1, start=643507, stop=644271, strand=+, nt=[ATGGAAGTGC..GTTCGGATAA]
13:31:32.212 - INFO - CDS - contig=contig_1, start=644284, stop=644931, strand=+, nt=[ATGAGAAAGA..GGTGGGGTAA]
13:31:32.212 - INFO - CDS - contig=contig_1, start=644954, stop=645622, strand=+, nt=[ATGGCGGACG..AATTCCCTGA]
13:31:32.212 - INFO - CDS - contig=contig_1, start=645738, stop=647471, strand=+, nt=[TTGAAAAAAC..GGAGGAATAA]
13:31:32.212 - INFO - CDS - contig=contig_1, start=647493, stop=647873, strand=-, nt=[ATGATCCTTT..GGGCAAATAG]
13:31:32.212 - INFO - CDS - contig=contig_1, start=647979, stop=648101, strand=+, nt=[ATGCAGAACC..CGGTGTGTGA]
13:31:32.212 - INFO - CDS - contig=contig_1, start=648122, stop=649531, strand=+, nt=[ATGAAGGAAA..GCGGTATTAA]
13:31:32.212 - INFO - CDS - contig=contig_1, start=649635, stop=651083, strand=-, nt=[ATGACCATCA..GGCCGCGTAG]
13:31:32.212 - INFO - CDS - contig=contig_1, start=651163, stop=653322, strand=-, nt=[ATGGGATCCA..GCCGAAATAG]
13:31:32.212 - INFO - CDS - contig=contig_1, start=653373, stop=654242, strand=-, nt=[ATGTGGATCG..GATCCGATAA]
13:31:32.212 - INFO - CDS - contig=contig_1, start=654487, stop=655494, strand=+, nt=[ATGGCAAATA..GAGCCGGTGA]
13:31:32.212 - INFO - CDS - contig=contig_1, start=655809, stop=656435, strand=+, nt=[TTGGAGACCA..AAAACGGTGA]
13:31:32.212 - INFO - CDS - contig=contig_1, start=656508, stop=658352, strand=+, nt=[ATGTGCGGCA..GCATCTTTAA]
13:31:32.212 - INFO - CDS - contig=contig_1, start=658568, stop=659335, strand=+, nt=[ATGAAAGCCA..TGTTTTGTGA]
13:31:32.212 - INFO - CDS - contig=contig_1, start=659325, stop=661205, strand=+, nt=[ATGTTTTGTG..GTTCCGGTAA]
13:31:32.212 - INFO - CDS - contig=contig_1, start=661271, stop=663718, strand=-, nt=[ATGAAACACA..AAAAGATTAA]
13:31:32.212 - INFO - CDS - contig=contig_1, start=663734, stop=665947, strand=-, nt=[TTGCTGGAAA..AAAACACTGA]
13:31:32.212 - INFO - CDS - contig=contig_1, start=666145, stop=666864, strand=+, nt=[ATGGAGGGAA..AGACAAATGA]
13:31:32.212 - INFO - CDS - contig=contig_1, start=666848, stop=668194, strand=+, nt=[ATGGCGCAGA..AGATCTGTGA]
13:31:32.212 - INFO - CDS - contig=contig_1, start=668720, stop=669337, strand=-, nt=[ATGCTTACAG..CAGATCCTAA]
13:31:32.212 - INFO - CDS - contig=contig_1, start=669417, stop=671648, strand=-, nt=[ATGATGGTAA..CGCCGGATAA]
13:31:32.212 - INFO - CDS - contig=contig_1, start=671871, stop=673430, strand=+, nt=[ATGAAAAAAT..GGCCGCGTGA]
13:31:32.212 - INFO - CDS - contig=contig_1, start=673502, stop=674350, strand=-, nt=[ATGGACTGGT..AAGGCTGTAA]
13:31:32.212 - INFO - CDS - contig=contig_1, start=674350, stop=675117, strand=-, nt=[GTGAGCGTCC..GGAGGCATGA]
13:31:32.212 - INFO - CDS - contig=contig_1, start=675114, stop=676094, strand=-, nt=[ATGAAAAAAC..GATGGAGTGA]
13:31:32.212 - INFO - CDS - contig=contig_1, start=676377, stop=677525, strand=+, nt=[GTGACGCTGC..AAAGCCGTAA]
13:31:32.212 - INFO - CDS - contig=contig_1, start=677685, stop=679823, strand=-, nt=[TTGCAAATTG..GATGGGCTGA]
13:31:32.213 - INFO - CDS - contig=contig_1, start=680099, stop=680767, strand=-, nt=[ATGAAAAAAA..GACCATCTGA]
13:31:32.213 - INFO - CDS - contig=contig_1, start=680940, stop=681710, strand=+, nt=[ATGCAGGAGC..CGAAATTTGA]
13:31:32.213 - INFO - CDS - contig=contig_1, start=681771, stop=682715, strand=-, nt=[ATGGTCAACA..CAAGCTGTAA]
13:31:32.213 - INFO - CDS - contig=contig_1, start=682927, stop=683295, strand=+, nt=[ATGGAAGACG..GGGAGAATAA]
13:31:32.213 - INFO - CDS - contig=contig_1, start=683310, stop=683528, strand=+, nt=[ATGAAGAAGC..CGAACGGTAA]
13:31:32.213 - INFO - CDS - contig=contig_1, start=683600, stop=685459, strand=+, nt=[ATGACCCCGA..CAAGCAGTAA]
13:31:32.213 - INFO - CDS - contig=contig_1, start=685523, stop=686068, strand=-, nt=[ATGAAACGAT..CGCCGCGTGA]
13:31:32.213 - INFO - CDS - contig=contig_1, start=686264, stop=686869, strand=-, nt=[ATGACAGAGC..GCATCCCTGA]
13:31:32.213 - INFO - CDS - contig=contig_1, start=686866, stop=687960, strand=-, nt=[ATGAGTGCTC..CGCGCGATGA]
13:31:32.213 - INFO - CDS - contig=contig_1, start=687957, stop=688373, strand=-, nt=[ATGCGTATTG..CGGCCGATGA]
13:31:32.213 - INFO - CDS - contig=contig_1, start=688588, stop=689202, strand=+, nt=[GTGGGAAAGA..GGCCCTTTGA]
13:31:32.213 - INFO - CDS - contig=contig_1, start=689337, stop=690425, strand=+, nt=[ATGTCAATCG..CCGGAAGTAA]
13:31:32.213 - INFO - CDS - contig=contig_1, start=690625, stop=691173, strand=+, nt=[ATGAAAAAAG..TACAAAATAA]
13:31:32.213 - INFO - CDS - contig=contig_1, start=691231, stop=691638, strand=-, nt=[ATGCTCACCG..CGTTGCATAA]
13:31:32.213 - INFO - CDS - contig=contig_1, start=691620, stop=692252, strand=-, nt=[ATGAACGCCG..GGAACGCTGA]
13:31:32.213 - INFO - CDS - contig=contig_1, start=692286, stop=693281, strand=-, nt=[GTGCTGAAAA..GCTGAAATGA]
13:31:32.213 - INFO - CDS - contig=contig_1, start=693275, stop=694204, strand=-, nt=[ATGCCTTTTT..GCCGTGCTGA]
13:31:32.213 - INFO - CDS - contig=contig_1, start=694263, stop=695603, strand=-, nt=[ATGCTGGAAC..CATGATGTGA]
13:31:32.213 - INFO - CDS - contig=contig_1, start=695605, stop=696228, strand=-, nt=[TTGGAGACAC..GGGAAAATGA]
13:31:32.213 - INFO - CDS - contig=contig_1, start=696305, stop=697375, strand=-, nt=[ATGAAAAACT..AATGGCCTGA]
13:31:32.213 - INFO - CDS - contig=contig_1, start=697453, stop=698223, strand=-, nt=[ATGGAAAACG..CTATCACTGA]
13:31:32.213 - INFO - CDS - contig=contig_1, start=698491, stop=698940, strand=+, nt=[ATGATTTATG..CAAGCTTTGA]
13:31:32.213 - INFO - CDS - contig=contig_1, start=699079, stop=700437, strand=+, nt=[ATGAAAAAAC..CGCGGGCTGA]
13:31:32.213 - INFO - CDS - contig=contig_1, start=700483, stop=701172, strand=+, nt=[GTGAAAAAGG..GGGATTCTGA]
13:31:32.213 - INFO - CDS - contig=contig_1, start=701442, stop=702872, strand=+, nt=[ATGACAAAGT..TGGAACATAA]
13:31:32.213 - INFO - CDS - contig=contig_1, start=702989, stop=703972, strand=+, nt=[ATGTTCAAAC..CCGCTGGTAA]
13:31:32.213 - INFO - CDS - contig=contig_1, start=704007, stop=704870, strand=+, nt=[GTGGCGACCA..CAACGAGTAA]
13:31:32.213 - INFO - CDS - contig=contig_1, start=704924, stop=706078, strand=+, nt=[ATGGCAGAAA..GGATCAGTAA]
13:31:32.213 - INFO - CDS - contig=contig_1, start=706065, stop=706709, strand=+, nt=[ATGCGGATCA..AGAGGAGTGA]
13:31:32.213 - INFO - CDS - contig=contig_1, start=706684, stop=708090, strand=+, nt=[ATGGCGCGGA..CGAAGCGTAA]
13:31:32.213 - INFO - CDS - contig=contig_1, start=708103, stop=708630, strand=+, nt=[GTGAATACAG..CAACCTGTAA]
13:31:32.213 - INFO - CDS - contig=contig_1, start=708690, stop=708902, strand=+, nt=[ATGCTGTTTC..CCTGGAGTGA]
13:31:32.213 - INFO - CDS - contig=contig_1, start=708953, stop=709402, strand=-, nt=[ATGGGGCAAA..GCAGGTATAA]
13:31:32.213 - INFO - CDS - contig=contig_1, start=709516, stop=710964, strand=-, nt=[ATGATGCGTA..AAAAGATTAA]
13:31:32.213 - INFO - CDS - contig=contig_1, start=711182, stop=712552, strand=+, nt=[ATGGACCCCG..GGGACTGTGA]
13:31:32.213 - INFO - CDS - contig=contig_1, start=712549, stop=714408, strand=+, nt=[GTGAGAGGGC..CGGGCCGTAA]
13:31:32.213 - INFO - CDS - contig=contig_1, start=714794, stop=715864, strand=+, nt=[ATGGAAAGCA..AAATGCCTGA]
13:31:32.213 - INFO - CDS - contig=contig_1, start=715919, stop=716878, strand=-, nt=[TTGCTGAAAG..CCAGCCATGA]
13:31:32.213 - INFO - CDS - contig=contig_1, start=717097, stop=717558, strand=+, nt=[ATGGAATCCA..AGCACGTTGA]
13:31:32.213 - INFO - CDS - contig=contig_1, start=717440, stop=717973, strand=-, nt=[TTGAGCAGCG..CCGACTCTGA]
13:31:32.213 - INFO - CDS - contig=contig_1, start=717970, stop=718200, strand=-, nt=[GTGCTTGAGC..CCACCCTTGA]
13:31:32.213 - INFO - CDS - contig=contig_1, start=718214, stop=719890, strand=-, nt=[ATGAAAAAAT..TGTGAAATAG]
13:31:32.213 - INFO - CDS - contig=contig_1, start=719892, stop=721352, strand=-, nt=[ATGAGAAAGA..GGTTTTTTAA]
13:31:32.213 - INFO - CDS - contig=contig_1, start=721349, stop=723238, strand=-, nt=[GTGATTCCGG..GCATGGATGA]
13:31:32.213 - INFO - CDS - contig=contig_1, start=723266, stop=730597, strand=-, nt=[ATGAAGAAAA..CGACTGCTGA]
13:31:32.213 - INFO - CDS - contig=contig_1, start=730840, stop=730962, strand=+, nt=[ATGAAACGCA..GTGTCCGTAG]
13:31:32.213 - INFO - CDS - contig=contig_1, start=731001, stop=732563, strand=+, nt=[GTGCTGTGTG..GAAGTTTTAA]
13:31:32.213 - INFO - CDS - contig=contig_1, start=732740, stop=733555, strand=+, nt=[TTGGGAACCC..TTTGACATAA]
13:31:32.214 - INFO - CDS - contig=contig_1, start=733834, stop=734766, strand=-, nt=[ATGGAAAAAA..GCCCGAGTGA]
13:31:32.214 - INFO - CDS - contig=contig_1, start=734827, stop=735339, strand=-, nt=[ATGAAACGCT..CCCTTATTGA]
13:31:32.214 - INFO - CDS - contig=contig_1, start=735629, stop=736699, strand=+, nt=[TTGAACAAGA..AAACTCCTAA]
13:31:32.214 - INFO - CDS - contig=contig_1, start=736845, stop=737603, strand=+, nt=[ATGGATAAGA..GGAGCAGTGA]
13:31:32.214 - INFO - CDS - contig=contig_1, start=738065, stop=738514, strand=-, nt=[ATGAATACAA..TATGCAGTAG]
13:31:32.214 - INFO - CDS - contig=contig_1, start=738514, stop=738978, strand=-, nt=[ATGAAAGAAA..AGGTACATGA]
13:31:32.214 - INFO - CDS - contig=contig_1, start=739077, stop=739769, strand=-, nt=[ATGGATCCTG..AAAGAAATGA]
13:31:32.214 - INFO - CDS - contig=contig_1, start=739823, stop=740257, strand=+, nt=[ATGCTCCAAT..GAAGGACTAA]
13:31:32.214 - INFO - CDS - contig=contig_1, start=740288, stop=741886, strand=+, nt=[ATGATGGAAA..GATGGCATAA]
13:31:32.214 - INFO - CDS - contig=contig_1, start=742008, stop=743504, strand=-, nt=[ATGAATGAAC..TTTGAACTGA]
13:31:32.214 - INFO - CDS - contig=contig_1, start=743497, stop=744039, strand=-, nt=[ATGGAGGAAC..ACATGAATGA]
13:31:32.214 - INFO - CDS - contig=contig_1, start=744144, stop=744629, strand=+, nt=[ATGGGCCTGT..CACATATTGA]
13:31:32.214 - INFO - CDS - contig=contig_1, start=744664, stop=744798, strand=-, nt=[ATGCCAAAGG..TGATGTATAA]
13:31:32.214 - INFO - CDS - contig=contig_1, start=744811, stop=744939, strand=-, nt=[ATGCCTGAAA..CAAGCGATAA]
13:31:32.214 - INFO - CDS - contig=contig_1, start=744951, stop=745190, strand=-, nt=[TTGTCAAAAG..CATCATGTAG]
13:31:32.214 - INFO - CDS - contig=contig_1, start=745388, stop=745990, strand=-, nt=[ATGGAGAATA..TCACCCGTGA]
13:31:32.214 - INFO - CDS - contig=contig_1, start=746003, stop=746431, strand=-, nt=[ATGGATTGCA..ACCGAAGTAA]
13:31:32.214 - INFO - CDS - contig=contig_1, start=747914, stop=748342, strand=+, nt=[ATGCGGGAAC..GGCCCAGTGA]
13:31:32.214 - INFO - CDS - contig=contig_1, start=748364, stop=749134, strand=+, nt=[ATGCTGTATC..CCTGACCTGA]
13:31:32.214 - INFO - CDS - contig=contig_1, start=749187, stop=750566, strand=-, nt=[ATGTTAGACA..GCATATCTGA]
13:31:32.214 - INFO - CDS - contig=contig_1, start=750906, stop=751547, strand=+, nt=[ATGAAGCAGA..TGGAGCCTGA]
13:31:32.214 - INFO - CDS - contig=contig_1, start=751679, stop=752419, strand=+, nt=[GTGAATCCGA..AGAGCATTGA]
13:31:32.214 - INFO - CDS - contig=contig_1, start=752514, stop=753860, strand=-, nt=[ATGAGTACAC..CGCGTTTTAA]
13:31:32.214 - INFO - CDS - contig=contig_1, start=754184, stop=755554, strand=+, nt=[TTGAAAGAGC..CCCGGGATAA]
13:31:32.214 - INFO - CDS - contig=contig_1, start=755627, stop=756343, strand=-, nt=[ATGGGAGAAA..GCGGGACTGA]
13:31:32.214 - INFO - CDS - contig=contig_1, start=756492, stop=756758, strand=+, nt=[TTGAAGCCGG..CCCCTGCTGA]
13:31:32.214 - INFO - CDS - contig=contig_1, start=756765, stop=757829, strand=-, nt=[ATGAATGGTG..TTACCGCTGA]
13:31:32.214 - INFO - CDS - contig=contig_1, start=757826, stop=758326, strand=-, nt=[ATGAATTGGC..CGGAGAATGA]
13:31:32.214 - INFO - CDS - contig=contig_1, start=758512, stop=758724, strand=+, nt=[GTGGAGCAAA..CGGAAACTGA]
13:31:32.214 - INFO - CDS - contig=contig_1, start=759306, stop=760007, strand=+, nt=[ATGTATACCA..GAAGGTATGA]
13:31:32.214 - INFO - CDS - contig=contig_1, start=760007, stop=762004, strand=+, nt=[ATGAAACACG..GATGAAATAG]
13:31:32.214 - INFO - CDS - contig=contig_1, start=762064, stop=762942, strand=-, nt=[ATGGAGGAAT..TTTGGACTGA]
13:31:32.214 - INFO - CDS - contig=contig_1, start=763051, stop=763641, strand=+, nt=[ATGAATTATC..TCGGGCATAG]
13:31:32.214 - INFO - CDS - contig=contig_1, start=763684, stop=764877, strand=+, nt=[ATGGGACGTC..TGTGCTATAA]
13:31:32.214 - INFO - CDS - contig=contig_1, start=764992, stop=766122, strand=+, nt=[ATGAATGAAA..GATCTCCTGA]
13:31:32.214 - INFO - CDS - contig=contig_1, start=766139, stop=767425, strand=-, nt=[ATGGATTCCT..GAAAAAATAA]
13:31:32.214 - INFO - CDS - contig=contig_1, start=767609, stop=767851, strand=+, nt=[ATGACCATTG..GTCCCGCTGA]
13:31:32.214 - INFO - CDS - contig=contig_1, start=768042, stop=768917, strand=+, nt=[ATGAATCGGC..GGAACACTAG]
13:31:32.214 - INFO - CDS - contig=contig_1, start=768883, stop=770160, strand=-, nt=[ATGGGCTTTA..AGCTCACTGA]
13:31:32.214 - INFO - CDS - contig=contig_1, start=770473, stop=772269, strand=-, nt=[TTGGACAGTT..AGAGGGCTGA]
13:31:32.214 - INFO - CDS - contig=contig_1, start=772502, stop=773638, strand=-, nt=[ATGACCCGAA..ATCAATCTGA]
13:31:32.214 - INFO - CDS - contig=contig_1, start=773678, stop=774589, strand=-, nt=[ATGGCTGACA..GCCCTGGTAA]
13:31:32.214 - INFO - CDS - contig=contig_1, start=774582, stop=775394, strand=-, nt=[GTGATCCCGG..GAATGGCTGA]
13:31:32.214 - INFO - CDS - contig=contig_1, start=775391, stop=775822, strand=-, nt=[ATGACCGAGG..GGAGCTGTGA]
13:31:32.214 - INFO - CDS - contig=contig_1, start=775853, stop=776776, strand=-, nt=[ATGTCCTTCG..GGTGCTGTAA]
13:31:32.214 - INFO - CDS - contig=contig_1, start=776777, stop=778060, strand=-, nt=[GTGAAACTAC..GGAAGCATAA]
13:31:32.214 - INFO - CDS - contig=contig_1, start=778240, stop=778410, strand=+, nt=[ATGAAGGAGC..GGGCTTTTAA]
13:31:32.214 - INFO - CDS - contig=contig_1, start=778703, stop=779122, strand=-, nt=[ATGGCTGTGG..CCCGTCCTGA]
13:31:32.215 - INFO - CDS - contig=contig_1, start=779154, stop=780770, strand=-, nt=[ATGGCAGCAT..ATTGCCATAG]
13:31:32.215 - INFO - CDS - contig=contig_1, start=780780, stop=781322, strand=-, nt=[GTGGATGAGC..GGTTGAGTGA]
13:31:32.215 - INFO - CDS - contig=contig_1, start=781338, stop=782246, strand=-, nt=[ATGAGTAAAC..ATTTTATTAA]
13:31:32.215 - INFO - CDS - contig=contig_1, start=782427, stop=782639, strand=-, nt=[ATGGCCGACT..ACGGGAGTGA]
13:31:32.215 - INFO - CDS - contig=contig_1, start=783108, stop=783440, strand=-, nt=[ATGAAAACGT..GAGACAATAA]
13:31:32.215 - INFO - CDS - contig=contig_1, start=783616, stop=783777, strand=+, nt=[ATGAAAATCA..GGTCATTTAA]
13:31:32.215 - INFO - CDS - contig=contig_1, start=783931, stop=784218, strand=+, nt=[ATGAACAAGA..AACGCGCTGA]
13:31:32.215 - INFO - CDS - contig=contig_1, start=784191, stop=784649, strand=+, nt=[ATGGACAAAA..GGAGGAATGA]
13:31:32.215 - INFO - CDS - contig=contig_1, start=784692, stop=784901, strand=+, nt=[ATGGCGTATG..AAATGCGTAG]
13:31:32.215 - INFO - CDS - contig=contig_1, start=784947, stop=785132, strand=+, nt=[GTGAAAAAAA..ATTATCATGA]
13:31:32.215 - INFO - CDS - contig=contig_1, start=785129, stop=785281, strand=+, nt=[ATGAGCCGCC..GCTCTGGTGA]
13:31:32.215 - INFO - CDS - contig=contig_1, start=785402, stop=786184, strand=+, nt=[ATGACAAAGG..GGTATGGTAG]
13:31:32.215 - INFO - CDS - contig=contig_1, start=786178, stop=787515, strand=+, nt=[ATGGTAGATC..CGCAATATGA]
13:31:32.215 - INFO - CDS - contig=contig_1, start=787512, stop=787691, strand=+, nt=[ATGACGAATC..TGCGCAATAA]
13:31:32.215 - INFO - CDS - contig=contig_1, start=787681, stop=787884, strand=+, nt=[ATGCGCAATA..CGATGCCTGA]
13:31:32.215 - INFO - CDS - contig=contig_1, start=787877, stop=788440, strand=+, nt=[ATGCCTGAAC..GGAGAAATGA]
13:31:32.215 - INFO - CDS - contig=contig_1, start=788444, stop=789823, strand=+, nt=[ATGGACTATA..AAGCGCGTGA]
13:31:32.215 - INFO - CDS - contig=contig_1, start=789820, stop=790749, strand=+, nt=[GTGAACAGCG..TTCGACATGA]
13:31:32.215 - INFO - CDS - contig=contig_1, start=790746, stop=791063, strand=+, nt=[ATGAGCGGGG..TGAAATTTGA]
13:31:32.215 - INFO - CDS - contig=contig_1, start=791533, stop=791775, strand=+, nt=[ATGGAGGACA..TTATGAATGA]
13:31:32.215 - INFO - CDS - contig=contig_1, start=791772, stop=792134, strand=+, nt=[ATGACTGACG..CACAACATGA]
13:31:32.215 - INFO - CDS - contig=contig_1, start=792131, stop=792442, strand=+, nt=[ATGAAGTGTA..CACCAAATGA]
13:31:32.215 - INFO - CDS - contig=contig_1, start=792439, stop=792840, strand=+, nt=[ATGAACGAAT..CCTGCGCTGA]
13:31:32.215 - INFO - CDS - contig=contig_1, start=792797, stop=793003, strand=+, nt=[ATGGCGAAAC..AACCGATTGA]
13:31:32.215 - INFO - CDS - contig=contig_1, start=792990, stop=793352, strand=+, nt=[ATGGAACCGA..GGAGCCTTAA]
13:31:32.215 - INFO - CDS - contig=contig_1, start=793521, stop=794291, strand=+, nt=[ATGAAGCGGA..AAAAGAATAG]
13:31:32.215 - INFO - CDS - contig=contig_1, start=795285, stop=795800, strand=+, nt=[ATGCCGACGG..CGGCGACTGA]
13:31:32.215 - INFO - CDS - contig=contig_1, start=795760, stop=797607, strand=+, nt=[ATGCCGCTGT..CAGTCTGTAA]
13:31:32.215 - INFO - CDS - contig=contig_1, start=797642, stop=797818, strand=+, nt=[ATGAACAAGC..TGGATCGTGA]
13:31:32.215 - INFO - CDS - contig=contig_1, start=797815, stop=799098, strand=+, nt=[GTGAACCGAT..TACGCAATGA]
13:31:32.215 - INFO - CDS - contig=contig_1, start=799095, stop=799898, strand=+, nt=[ATGAGAGTGA..TTTTATCTGA]
13:31:32.215 - INFO - CDS - contig=contig_1, start=799913, stop=801142, strand=+, nt=[ATGACACCGA..CGGCGGCTGA]
13:31:32.215 - INFO - CDS - contig=contig_1, start=801145, stop=801480, strand=+, nt=[ATGGCGCTGA..CGCCCCGTGA]
13:31:32.215 - INFO - CDS - contig=contig_1, start=801518, stop=802072, strand=+, nt=[ATGAGCGATT..GGAGCTGTAA]
13:31:32.215 - INFO - CDS - contig=contig_1, start=802072, stop=802560, strand=+, nt=[ATGCAGCGCA..GGAGCAATGA]
13:31:32.215 - INFO - CDS - contig=contig_1, start=802557, stop=802994, strand=+, nt=[ATGACCCTGA..CGCAGATTAA]
13:31:32.215 - INFO - CDS - contig=contig_1, start=803012, stop=804085, strand=+, nt=[ATGGGACTTC..GGATCTGTAA]
13:31:32.215 - INFO - CDS - contig=contig_1, start=804098, stop=804541, strand=+, nt=[ATGAGTTTGA..AACGGTCTGA]
13:31:32.215 - INFO - CDS - contig=contig_1, start=804917, stop=805294, strand=+, nt=[ATGAGTAAAC..AAACGCCTAG]
13:31:32.215 - INFO - CDS - contig=contig_1, start=805646, stop=807664, strand=+, nt=[ATGCCGGAGG..CCCGCAGTGA]
13:31:32.215 - INFO - CDS - contig=contig_1, start=807677, stop=808444, strand=+, nt=[GTGAAACGGT..GGGGTTTTGA]
13:31:32.215 - INFO - CDS - contig=contig_1, start=808441, stop=809433, strand=+, nt=[TTGAGCGTGA..GAAGGTATGA]
13:31:32.215 - INFO - CDS - contig=contig_1, start=809430, stop=809639, strand=+, nt=[ATGATCTTGG..GGCGGTATGA]
13:31:32.215 - INFO - CDS - contig=contig_1, start=809636, stop=810070, strand=+, nt=[ATGAGCCGGG..GGATGTTTGA]
13:31:32.215 - INFO - CDS - contig=contig_1, start=810063, stop=811109, strand=+, nt=[ATGTTTGAGG..GGTGACATGA]
13:31:32.215 - INFO - CDS - contig=contig_1, start=811106, stop=811642, strand=+, nt=[ATGAGCCTGA..TCTGAATTGA]
13:31:32.215 - INFO - CDS - contig=contig_1, start=811639, stop=812400, strand=+, nt=[TTGACGGAGA..GGTACGGTGA]
13:31:32.215 - INFO - CDS - contig=contig_1, start=812740, stop=813066, strand=+, nt=[ATGTACATTA..CGCGCTGTGA]
13:31:32.215 - INFO - CDS - contig=contig_1, start=813196, stop=814569, strand=+, nt=[ATGAGTAAGT..GCTGATTTGA]
13:31:32.215 - INFO - CDS - contig=contig_1, start=814583, stop=815041, strand=+, nt=[ATGGATCGTA..AACCGAATAG]
13:31:32.215 - INFO - CDS - contig=contig_1, start=815089, stop=815970, strand=-, nt=[ATGGTGATCC..CTGTCTATAA]
13:31:32.215 - INFO - CDS - contig=contig_1, start=815974, stop=816714, strand=-, nt=[ATGCCCATCA..TCTGGTGTGA]
13:31:32.216 - INFO - CDS - contig=contig_1, start=816831, stop=817097, strand=+, nt=[ATGGATACCC..GCGGGGATAA]
13:31:32.216 - INFO - CDS - contig=contig_1, start=817193, stop=819025, strand=+, nt=[ATGTGCGGTA..TGTGGAATAA]
13:31:32.216 - INFO - CDS - contig=contig_1, start=819216, stop=819758, strand=+, nt=[ATGAAAAAGT..CTTCGGCTAA]
13:31:32.216 - INFO - CDS - contig=contig_1, start=820035, stop=820235, strand=+, nt=[ATGCAGATCA..TCGTCTTTAG]
13:31:32.216 - INFO - CDS - contig=contig_1, start=820293, stop=821057, strand=+, nt=[ATGAAGGTTG..GGTATGGTGA]
13:31:32.216 - INFO - CDS - contig=contig_1, start=821060, stop=822031, strand=+, nt=[ATGGAGACTT..TTTGACCTAG]
13:31:32.216 - INFO - CDS - contig=contig_1, start=822041, stop=822952, strand=+, nt=[ATGAACAATG..AACGCTGTGA]
13:31:32.216 - INFO - CDS - contig=contig_1, start=822966, stop=824222, strand=+, nt=[TTGGAAGGGC..CGAAGCATAG]
13:31:32.216 - INFO - CDS - contig=contig_1, start=824233, stop=825168, strand=+, nt=[ATGGACAACT..CAGGATCTGA]
13:31:32.216 - INFO - CDS - contig=contig_1, start=825407, stop=825706, strand=+, nt=[ATGGCAAAAC..CGAGAAATAA]
13:31:32.216 - INFO - CDS - contig=contig_1, start=825721, stop=826182, strand=+, nt=[ATGCTCAACC..GCCGTTTTGA]
13:31:32.216 - INFO - CDS - contig=contig_1, start=826221, stop=826460, strand=+, nt=[ATGGCTATGG..GACCGACTAA]
13:31:32.216 - INFO - CDS - contig=contig_1, start=826515, stop=827846, strand=-, nt=[TTGGAACACT..TCATACATAA]
13:31:32.216 - INFO - CDS - contig=contig_1, start=827933, stop=828352, strand=-, nt=[ATGGAACCTG..CAAGATCTGA]
13:31:32.216 - INFO - CDS - contig=contig_1, start=828355, stop=828699, strand=-, nt=[ATGAATCTTT..AGAGGAATAA]
13:31:32.216 - INFO - CDS - contig=contig_1, start=828924, stop=830009, strand=+, nt=[ATGGGAAACC..GAATCACTGA]
13:31:32.216 - INFO - CDS - contig=contig_1, start=830092, stop=831261, strand=+, nt=[ATGTTCCGTA..CACCCACTGA]
13:31:32.216 - INFO - CDS - contig=contig_1, start=831392, stop=831688, strand=-, nt=[ATGATCCGAT..CCCCGACTGA]
13:31:32.216 - INFO - CDS - contig=contig_1, start=831858, stop=832370, strand=-, nt=[ATGGCCGACA..TATCTTCTGA]
13:31:32.216 - INFO - CDS - contig=contig_1, start=832372, stop=833019, strand=-, nt=[ATGCCTGACA..GGGAAAATAA]
13:31:32.216 - INFO - CDS - contig=contig_1, start=833056, stop=834216, strand=-, nt=[ATGAAAACAT..TCGGCTGTAA]
13:31:32.216 - INFO - CDS - contig=contig_1, start=834248, stop=835414, strand=-, nt=[ATGATCCCTA..CCTGTTGTAA]
13:31:32.216 - INFO - CDS - contig=contig_1, start=835621, stop=836538, strand=-, nt=[GTGCAGTTAC..GGACCACTGA]
13:31:32.216 - INFO - CDS - contig=contig_1, start=836680, stop=837054, strand=+, nt=[ATGGACATCA..GGAGGAATAG]
13:31:32.216 - INFO - CDS - contig=contig_1, start=837058, stop=837906, strand=+, nt=[ATGGAATACG..CTTGGGATGA]
13:31:32.216 - INFO - CDS - contig=contig_1, start=837903, stop=838514, strand=+, nt=[ATGAGGGGTT..GGAGCTTTGA]
13:31:32.216 - INFO - CDS - contig=contig_1, start=838568, stop=839752, strand=-, nt=[ATGTCAAACA..CTTTTCTTAA]
13:31:32.216 - INFO - CDS - contig=contig_1, start=839949, stop=841781, strand=+, nt=[ATGGAAGAAA..CGAAGCCTGA]
13:31:32.216 - INFO - CDS - contig=contig_1, start=841803, stop=842483, strand=+, nt=[ATGTTTCAAG..AGAGCCGTAA]
13:31:32.216 - INFO - CDS - contig=contig_1, start=842571, stop=843308, strand=+, nt=[TTGCGTTTGG..TTATCCGTAA]
13:31:32.216 - INFO - CDS - contig=contig_1, start=843434, stop=844465, strand=+, nt=[ATGGCACGCC..CAGCTTCTGA]
13:31:32.216 - INFO - CDS - contig=contig_1, start=844544, stop=844978, strand=-, nt=[ATGATCGCAC..GGAGGACTGA]
13:31:32.216 - INFO - CDS - contig=contig_1, start=845039, stop=845842, strand=-, nt=[ATGTTTCTCA..CCGGCTGTGA]
13:31:32.216 - INFO - CDS - contig=contig_1, start=845855, stop=847813, strand=-, nt=[ATGCAGTATA..GCCATTTTAA]
13:31:32.216 - INFO - CDS - contig=contig_1, start=847869, stop=849020, strand=-, nt=[ATGGCTGAAC..AAAGAAATAA]
13:31:32.216 - INFO - CDS - contig=contig_1, start=849298, stop=851166, strand=-, nt=[ATGTCTAAAA..CAAGAAATAA]
13:31:32.216 - INFO - CDS - contig=contig_1, start=851223, stop=851783, strand=-, nt=[TTGAGTAAAA..GGCCAATTAG]
13:31:32.216 - INFO - CDS - contig=contig_1, start=851818, stop=852864, strand=-, nt=[TTGGATCTGA..GGATCAGTGA]
13:31:32.216 - INFO - CDS - contig=contig_1, start=853086, stop=854462, strand=-, nt=[GTGTTTTCCT..GGTAGACTGA]
13:31:32.216 - INFO - CDS - contig=contig_1, start=854477, stop=855604, strand=-, nt=[ATGTCCATCT..CCTGCTGTAA]
13:31:32.216 - INFO - CDS - contig=contig_1, start=855813, stop=857291, strand=+, nt=[ATGAAAACGC..GGAGGGCTGA]
13:31:32.216 - INFO - CDS - contig=contig_1, start=857428, stop=858441, strand=-, nt=[ATGAGCATTA..CCACAAGTAA]
13:31:32.216 - INFO - CDS - contig=contig_1, start=858695, stop=859465, strand=+, nt=[ATGGAGACGC..TGTGGAGTGA]
13:31:32.216 - INFO - CDS - contig=contig_1, start=859634, stop=860803, strand=+, nt=[TTGATCGAGT..CACGGAATAG]
13:31:32.216 - INFO - CDS - contig=contig_1, start=860887, stop=861579, strand=+, nt=[GTGGCACAAA..CACGCCGTGA]
13:31:32.216 - INFO - CDS - contig=contig_1, start=861576, stop=863024, strand=+, nt=[GTGAAGAGCA..CATTGCCTGA]
13:31:32.216 - INFO - CDS - contig=contig_1, start=863051, stop=864382, strand=+, nt=[ATGCGCCGCA..GAGCCGGTGA]
13:31:32.216 - INFO - CDS - contig=contig_1, start=864581, stop=865423, strand=+, nt=[ATGCGTGAAA..TCTTTTATAA]
13:31:32.217 - INFO - CDS - contig=contig_1, start=865538, stop=866074, strand=+, nt=[ATGAAGTTCA..CGACACCTGA]
13:31:32.217 - INFO - CDS - contig=contig_1, start=866314, stop=867591, strand=-, nt=[ATGTCAAAAA..AGCCGCATAG]
13:31:32.217 - INFO - CDS - contig=contig_1, start=867671, stop=867874, strand=-, nt=[ATGAGTAATA..CACAATCTAG]
13:31:32.217 - INFO - CDS - contig=contig_1, start=868304, stop=868543, strand=-, nt=[ATGAAGGAAC..CTTGAAGTAA]
13:31:32.217 - INFO - CDS - contig=contig_1, start=868540, stop=868983, strand=-, nt=[ATGGAAACGA..ACGCGGATGA]
13:31:32.217 - INFO - CDS - contig=contig_1, start=869571, stop=870608, strand=-, nt=[ATGATAAAGT..TGCGAAATAA]
13:31:32.217 - INFO - CDS - contig=contig_1, start=870586, stop=871878, strand=-, nt=[ATGTACACAT..AGTTCCTTAA]
13:31:32.217 - INFO - CDS - contig=contig_1, start=871900, stop=873087, strand=-, nt=[ATGCAAATTA..AAGAGATTGA]
13:31:32.217 - INFO - CDS - contig=contig_1, start=873737, stop=874573, strand=-, nt=[ATGAAACAAA..GATCTCATAG]
13:31:32.217 - INFO - CDS - contig=contig_1, start=874951, stop=875280, strand=+, nt=[ATGGCAAACC..TCAACGCTGA]
13:31:32.217 - INFO - CDS - contig=contig_1, start=875241, stop=876575, strand=+, nt=[ATGGCAGTTA..GGAACGATGA]
13:31:32.217 - INFO - CDS - contig=contig_1, start=876572, stop=876943, strand=+, nt=[ATGAACATAC..AGGGCGGTAA]
13:31:32.217 - INFO - CDS - contig=contig_1, start=877169, stop=878092, strand=+, nt=[ATGAAGAAGA..CAATGAATAA]
13:31:32.217 - INFO - CDS - contig=contig_1, start=878115, stop=878861, strand=+, nt=[ATGAATCAAG..AATAGGCTAA]
13:31:32.217 - INFO - CDS - contig=contig_1, start=878934, stop=879134, strand=-, nt=[ATGTATTTCA..AGACGAGTGA]
13:31:32.217 - INFO - CDS - contig=contig_1, start=879138, stop=883076, strand=-, nt=[ATGAGCGAAG..GGAGGTATGA]
13:31:32.217 - INFO - CDS - contig=contig_1, start=883203, stop=885293, strand=-, nt=[ATGAGCTATC..CAAAAACTAA]
13:31:32.217 - INFO - CDS - contig=contig_1, start=885290, stop=886051, strand=-, nt=[ATGAAGAAAT..CGAAGTATGA]
13:31:32.217 - INFO - CDS - contig=contig_1, start=886038, stop=886295, strand=-, nt=[ATGGCAATGA..AGAAATCTAA]
13:31:32.217 - INFO - CDS - contig=contig_1, start=886319, stop=888274, strand=-, nt=[ATGGAACCCT..TTTGCCTTAA]
13:31:32.217 - INFO - CDS - contig=contig_1, start=888294, stop=890699, strand=-, nt=[TTGTCCAAAA..GACGGTATGA]
13:31:32.217 - INFO - CDS - contig=contig_1, start=891071, stop=891934, strand=-, nt=[ATGATCGGTG..TGCTCACTAA]
13:31:32.217 - INFO - CDS - contig=contig_1, start=892006, stop=892221, strand=-, nt=[ATGGAATTTT..GCTGGGATAA]
13:31:32.217 - INFO - CDS - contig=contig_1, start=892318, stop=892545, strand=-, nt=[ATGGGACACT..CGGCCAGTAA]
13:31:32.217 - INFO - CDS - contig=contig_1, start=892574, stop=894379, strand=-, nt=[ATGAAGCCGG..CGCGGAATAA]
13:31:32.217 - INFO - CDS - contig=contig_1, start=894376, stop=894852, strand=-, nt=[TTGCAGGAAG..GTCACGATGA]
13:31:32.217 - INFO - CDS - contig=contig_1, start=894895, stop=895107, strand=-, nt=[ATGAAACAGG..GCGGATTTAA]
13:31:32.217 - INFO - CDS - contig=contig_1, start=895209, stop=896354, strand=-, nt=[ATGTACTTTA..AAATCGGTGA]
13:31:32.217 - INFO - CDS - contig=contig_1, start=896793, stop=897545, strand=+, nt=[ATGAGTGAAT..AATGAGATGA]
13:31:32.217 - INFO - CDS - contig=contig_1, start=897542, stop=898348, strand=+, nt=[ATGAACGTAT..CAGCGACTGA]
13:31:32.217 - INFO - CDS - contig=contig_1, start=898360, stop=899118, strand=+, nt=[ATGGAAGGAA..GGGGGGCTGA]
13:31:32.217 - INFO - CDS - contig=contig_1, start=899300, stop=900334, strand=+, nt=[GTGAACGAAC..GGGACAGTAA]
13:31:32.217 - INFO - CDS - contig=contig_1, start=900363, stop=900932, strand=+, nt=[ATGGCAAAGC..CCCGAAATAA]
13:31:32.217 - INFO - CDS - contig=contig_1, start=900980, stop=902836, strand=+, nt=[ATGACCTTTG..ATCACCATGA]
13:31:32.217 - INFO - CDS - contig=contig_1, start=902833, stop=903384, strand=+, nt=[ATGAGGATCA..CTCACTGTGA]
13:31:32.217 - INFO - CDS - contig=contig_1, start=903417, stop=903914, strand=+, nt=[ATGAAAACAG..GAATCGATGA]
13:31:32.217 - INFO - CDS - contig=contig_1, start=903911, stop=904429, strand=+, nt=[ATGATGGCGA..GGAGAAGTAA]
13:31:32.217 - INFO - CDS - contig=contig_1, start=904610, stop=906373, strand=-, nt=[TTGAGTAACG..CGCTGAATGA]
13:31:32.217 - INFO - CDS - contig=contig_1, start=906647, stop=907720, strand=-, nt=[ATGAAAACCA..CGAGAAATAA]
13:31:32.217 - INFO - CDS - contig=contig_1, start=907839, stop=908693, strand=-, nt=[ATGGACAAAA..CGATAAATAA]
13:31:32.217 - INFO - CDS - contig=contig_1, start=908845, stop=909453, strand=+, nt=[ATGAACTACA..TCGCCAATAA]
13:31:32.217 - INFO - CDS - contig=contig_1, start=909425, stop=909856, strand=-, nt=[ATGGGCTTCG..AGTTCCTTGA]
13:31:32.217 - INFO - CDS - contig=contig_1, start=910025, stop=910255, strand=+, nt=[ATGCCGGTTG..CAGCGCATAA]
13:31:32.217 - INFO - CDS - contig=contig_1, start=910783, stop=911268, strand=-, nt=[ATGGGTTTGT..AGATCTTTGA]
13:31:32.217 - INFO - CDS - contig=contig_1, start=912073, stop=912231, strand=+, nt=[ATGGAGCAAG..CTCCCTTTAA]
13:31:32.217 - INFO - CDS - contig=contig_1, start=912530, stop=912847, strand=+, nt=[ATGAACGACA..GGGTCAGTGA]
13:31:32.218 - INFO - CDS - contig=contig_1, start=912844, stop=913626, strand=+, nt=[GTGAACGAAC..CGCCGTGTGA]
13:31:32.218 - INFO - CDS - contig=contig_1, start=913642, stop=913914, strand=+, nt=[ATGCCCTACA..CAAAAGTTAG]
13:31:32.218 - INFO - CDS - contig=contig_1, start=913926, stop=914453, strand=+, nt=[ATGAGCAAAT..ATGGAGATGA]
13:31:32.218 - INFO - CDS - contig=contig_1, start=914563, stop=915042, strand=+, nt=[GTGGAAAAAG..GTACGCCTGA]
13:31:32.218 - INFO - CDS - contig=contig_1, start=915067, stop=917004, strand=+, nt=[ATGAAACAAA..TGAAAATTAA]
13:31:32.218 - INFO - CDS - contig=contig_1, start=916994, stop=917605, strand=+, nt=[ATGAAAATTA..CCCGATATGA]
13:31:32.218 - INFO - CDS - contig=contig_1, start=917602, stop=918324, strand=+, nt=[ATGAAGTTTA..GAAACAATGA]
13:31:32.218 - INFO - CDS - contig=contig_1, start=918343, stop=919230, strand=+, nt=[ATGGCAAACG..CGATGCCTGA]
13:31:32.218 - INFO - CDS - contig=contig_1, start=919223, stop=919792, strand=+, nt=[ATGCCTGAAC..TTCGACATGA]
13:31:32.218 - INFO - CDS - contig=contig_1, start=919789, stop=920895, strand=+, nt=[ATGAGCGGGG..GCGCCTATGA]
13:31:32.218 - INFO - CDS - contig=contig_1, start=921372, stop=921626, strand=+, nt=[ATGGAGGACA..GGAGGCGTAA]
13:31:32.218 - INFO - CDS - contig=contig_1, start=921670, stop=922107, strand=+, nt=[ATGAACTGGA..GGAGACCTAA]
13:31:32.218 - INFO - CDS - contig=contig_1, start=922235, stop=922729, strand=+, nt=[ATGACAAGAA..AACAGATTAA]
13:31:32.218 - INFO - CDS - contig=contig_1, start=922704, stop=923966, strand=+, nt=[ATGACATCCC..GGGGCAATAA]
13:31:32.218 - INFO - CDS - contig=contig_1, start=923966, stop=925378, strand=+, nt=[ATGCTACAAC..GGAGGAGTAA]
13:31:32.218 - INFO - CDS - contig=contig_1, start=925382, stop=926911, strand=+, nt=[ATGCTCACCC..AGCACGGTGA]
13:31:32.218 - INFO - CDS - contig=contig_1, start=926895, stop=927098, strand=+, nt=[ATGAAAAAGC..AGATTATTAA]
13:31:32.218 - INFO - CDS - contig=contig_1, start=927264, stop=927854, strand=+, nt=[ATGAAACGCG..GAAGGAGTAA]
13:31:32.218 - INFO - CDS - contig=contig_1, start=927861, stop=928733, strand=+, nt=[ATGCCTAATG..CAAGGCGTAA]
13:31:32.218 - INFO - CDS - contig=contig_1, start=928745, stop=928912, strand=+, nt=[ATGGGTAAAA..GGAGCAGTAA]
13:31:32.218 - INFO - CDS - contig=contig_1, start=928931, stop=929287, strand=+, nt=[GTGCTGACAG..GGTGAGGTGA]
13:31:32.218 - INFO - CDS - contig=contig_1, start=929287, stop=929628, strand=+, nt=[ATGCTGGCCT..GGGCCAATGA]
13:31:32.218 - INFO - CDS - contig=contig_1, start=929625, stop=930050, strand=+, nt=[ATGAAAGTGA..ACCCAAATGA]
13:31:32.218 - INFO - CDS - contig=contig_1, start=930047, stop=930472, strand=+, nt=[ATGACCATTA..AGATAAGTGA]
13:31:32.218 - INFO - CDS - contig=contig_1, start=930476, stop=930982, strand=+, nt=[ATGAAACTTT..TGAGACGTAA]
13:31:32.218 - INFO - CDS - contig=contig_1, start=930997, stop=931368, strand=+, nt=[ATGCTTTTCC..CAAAGCGTGA]
13:31:32.218 - INFO - CDS - contig=contig_1, start=931365, stop=931979, strand=+, nt=[GTGAACATCC..TACCCATTGA]
13:31:32.218 - INFO - CDS - contig=contig_1, start=932166, stop=935057, strand=+, nt=[ATGGCAGCCG..GGATAAATGA]
13:31:32.218 - INFO - CDS - contig=contig_1, start=935072, stop=935449, strand=+, nt=[ATGGTCATCA..GAGCGCATGA]
13:31:32.218 - INFO - CDS - contig=contig_1, start=935446, stop=937116, strand=+, nt=[ATGAGTACCA..GGTAACATGA]
13:31:32.218 - INFO - CDS - contig=contig_1, start=937113, stop=937502, strand=+, nt=[ATGAGCATCA..GGAGGTCTAA]
13:31:32.218 - INFO - CDS - contig=contig_1, start=937505, stop=938734, strand=+, nt=[ATGAAAGATA..GGGCAGCTAA]
13:31:32.218 - INFO - CDS - contig=contig_1, start=938737, stop=939102, strand=+, nt=[ATGAAGGTAT..GAATGTTTGA]
13:31:32.218 - INFO - CDS - contig=contig_1, start=939095, stop=939220, strand=+, nt=[ATGTTTGAGA..CAAGAAATGA]
13:31:32.218 - INFO - CDS - contig=contig_1, start=939217, stop=940578, strand=+, nt=[ATGAGCAAGC..GCTGATTTGA]
13:31:32.218 - INFO - CDS - contig=contig_1, start=940595, stop=940864, strand=+, nt=[ATGGATTTCG..GGGAGAGTGA]
13:31:32.218 - INFO - CDS - contig=contig_1, start=940869, stop=941168, strand=+, nt=[ATGACGCCGG..GATCGCGTGA]
13:31:32.218 - INFO - CDS - contig=contig_1, start=941541, stop=942218, strand=-, nt=[ATGGAATATC..CGGAAATTAA]
13:31:32.218 - INFO - CDS - contig=contig_1, start=942244, stop=942786, strand=-, nt=[ATGAAAGGGA..CCGGGACTGA]
13:31:32.218 - INFO - CDS - contig=contig_1, start=942800, stop=943273, strand=-, nt=[ATGTCCATCG..TTCTGGCTGA]
13:31:32.218 - INFO - CDS - contig=contig_1, start=943273, stop=943668, strand=-, nt=[ATGTCTATTT..GAACAACTGA]
13:31:32.218 - INFO - CDS - contig=contig_1, start=943787, stop=947140, strand=-, nt=[ATGAAGCGAA..CGCCGAATAA]
13:31:32.218 - INFO - CDS - contig=contig_1, start=947425, stop=948492, strand=-, nt=[TTGAAAAAGA..CGAATCCTGA]
13:31:32.218 - INFO - CDS - contig=contig_1, start=948556, stop=949410, strand=-, nt=[GTGAAAAAGA..CGCCCAGTGA]
13:31:32.218 - INFO - CDS - contig=contig_1, start=949407, stop=950216, strand=-, nt=[ATGAAGAATA..GACCCTGTGA]
13:31:32.218 - INFO - CDS - contig=contig_1, start=950206, stop=951330, strand=-, nt=[ATGTCCAAAG..TGAAGAATAA]
13:31:32.218 - INFO - CDS - contig=contig_1, start=951461, stop=952435, strand=-, nt=[ATGAAGGAAT..TCGGCTGTGA]
13:31:32.218 - INFO - CDS - contig=contig_1, start=952604, stop=953125, strand=+, nt=[ATGCGTTTAG..AGAAACATGA]
13:31:32.218 - INFO - CDS - contig=contig_1, start=953165, stop=953359, strand=+, nt=[ATGGCAGTCC..CGCGAAGTAA]
13:31:32.218 - INFO - CDS - contig=contig_1, start=953551, stop=954879, strand=+, nt=[ATGGCGAGAC..GGAGGGGTAA]
13:31:32.219 - INFO - CDS - contig=contig_1, start=954884, stop=955591, strand=+, nt=[ATGCTGGAAT..AAAGGAATAA]
13:31:32.219 - INFO - CDS - contig=contig_1, start=955673, stop=956674, strand=+, nt=[ATGAAGATCA..CTGGGTTTGA]
13:31:32.219 - INFO - CDS - contig=contig_1, start=956821, stop=957720, strand=+, nt=[ATGGAAGGTT..GCCATGTTAA]
13:31:32.219 - INFO - CDS - contig=contig_1, start=957714, stop=958226, strand=+, nt=[ATGTTAAAAC..ACTGCTGTGA]
13:31:32.219 - INFO - CDS - contig=contig_1, start=958240, stop=958434, strand=+, nt=[ATGGACGTGG..TGGGCTGTGA]
13:31:32.219 - INFO - CDS - contig=contig_1, start=958441, stop=958824, strand=+, nt=[ATGGATATTT..TCTGCTGTGA]
13:31:32.219 - INFO - CDS - contig=contig_1, start=958878, stop=959969, strand=+, nt=[ATGATAAAGG..TGTGGGATGA]
13:31:32.219 - INFO - CDS - contig=contig_1, start=959966, stop=960445, strand=+, nt=[ATGACCTTTT..TGTGCCATGA]
13:31:32.219 - INFO - CDS - contig=contig_1, start=960442, stop=960954, strand=+, nt=[ATGAGCGGAA..GGGAAAGTGA]
13:31:32.219 - INFO - CDS - contig=contig_1, start=960965, stop=961540, strand=+, nt=[ATGAAACTCT..AGAAGGGTGA]
13:31:32.219 - INFO - CDS - contig=contig_1, start=961644, stop=962036, strand=+, nt=[ATGGCCGAAG..TCAGGTGTAA]
13:31:32.219 - INFO - CDS - contig=contig_1, start=962238, stop=962732, strand=+, nt=[ATGACCAGAA..CGGGGAGTGA]
13:31:32.219 - INFO - CDS - contig=contig_1, start=962735, stop=963670, strand=+, nt=[ATGGTCACCC..GGGGGAGTGA]
13:31:32.219 - INFO - CDS - contig=contig_1, start=963672, stop=964859, strand=+, nt=[ATGGCCCAGA..AGTGTTATAA]
13:31:32.219 - INFO - CDS - contig=contig_1, start=964908, stop=965144, strand=+, nt=[ATGGCACAGA..GGAGCCGTGA]
13:31:32.219 - INFO - CDS - contig=contig_1, start=965141, stop=966019, strand=+, nt=[GTGACTTACC..GATGAATTAG]
13:31:32.219 - INFO - CDS - contig=contig_1, start=966030, stop=966491, strand=+, nt=[ATGAATTTTG..TACCCGCTGA]
13:31:32.219 - INFO - CDS - contig=contig_1, start=966525, stop=968396, strand=+, nt=[TTGAATCTTC..TGCTCTTTGA]
13:31:32.219 - INFO - CDS - contig=contig_1, start=968362, stop=969171, strand=+, nt=[ATGGAGAAAA..AATGCCGTGA]
13:31:32.219 - INFO - CDS - contig=contig_1, start=969168, stop=970034, strand=+, nt=[GTGAAGATCG..GAGGATGTGA]
13:31:32.219 - INFO - CDS - contig=contig_1, start=970038, stop=970490, strand=+, nt=[ATGAAAAGCA..GCTGTCCTGA]
13:31:32.219 - INFO - CDS - contig=contig_1, start=970552, stop=972252, strand=+, nt=[ATGCTTTCAG..GGCAAATTGA]
13:31:32.219 - INFO - CDS - contig=contig_1, start=972339, stop=973283, strand=+, nt=[ATGGATCGCT..TTTATCGTGA]
13:31:32.219 - INFO - CDS - contig=contig_1, start=973268, stop=974131, strand=+, nt=[ATGGAATTTA..GGCCCAGTGA]
13:31:32.219 - INFO - CDS - contig=contig_1, start=974131, stop=975141, strand=+, nt=[ATGGAGACCC..GATATTTTGA]
13:31:32.219 - INFO - CDS - contig=contig_1, start=975206, stop=976102, strand=+, nt=[ATGTCTTTTT..AGAGGCGTGA]
13:31:32.219 - INFO - CDS - contig=contig_1, start=976118, stop=976444, strand=+, nt=[ATGTCGGTTG..GTTGGAGTGA]
13:31:32.219 - INFO - CDS - contig=contig_1, start=976609, stop=980094, strand=+, nt=[ATGGCCTTTG..CGTCAAATGA]
13:31:32.219 - INFO - CDS - contig=contig_1, start=980123, stop=981664, strand=+, nt=[ATGACGCTGA..TCTCATGTGA]
13:31:32.219 - INFO - CDS - contig=contig_1, start=981677, stop=982198, strand=+, nt=[ATGACACTGA..CAGCGGATAA]
13:31:32.219 - INFO - CDS - contig=contig_1, start=982247, stop=982735, strand=-, nt=[ATGAAATTGT..GTTCGGCTGA]
13:31:32.219 - INFO - CDS - contig=contig_1, start=982866, stop=983222, strand=+, nt=[ATGACCAGCT..TTCGGATTGA]
13:31:32.219 - INFO - CDS - contig=contig_1, start=983321, stop=984148, strand=+, nt=[ATGCCTGAAA..CTGCGGCTGA]
13:31:32.219 - INFO - CDS - contig=contig_1, start=984633, stop=985085, strand=+, nt=[ATGTTTAACT..GCCGGTCTGA]
13:31:32.219 - INFO - CDS - contig=contig_1, start=985105, stop=985572, strand=+, nt=[ATGGAACATG..GCAGATCTGA]
13:31:32.219 - INFO - CDS - contig=contig_1, start=985772, stop=986443, strand=+, nt=[ATGACCTATC..CGGGAAATAA]
13:31:32.219 - INFO - CDS - contig=contig_1, start=986470, stop=987147, strand=+, nt=[ATGTCCATAC..TTCGGGGTGA]
13:31:32.219 - INFO - CDS - contig=contig_1, start=987222, stop=989189, strand=+, nt=[ATGCCGGAAT..AGGAAGGTAA]
13:31:32.219 - INFO - CDS - contig=contig_1, start=989192, stop=989974, strand=+, nt=[ATGTCACAGT..CATCGCCTGA]
13:31:32.219 - INFO - CDS - contig=contig_1, start=990017, stop=992854, strand=+, nt=[ATGCTCGACC..CGGGGGCTGA]
13:31:32.219 - INFO - CDS - contig=contig_1, start=992932, stop=993417, strand=+, nt=[TTGGATTTAC..CATGATCTGA]
13:31:32.219 - INFO - CDS - contig=contig_1, start=993469, stop=993816, strand=+, nt=[ATGCGGGCAA..CGGGCATTGA]
13:31:32.219 - INFO - CDS - contig=contig_1, start=993887, stop=996100, strand=+, nt=[GTGGAAGAGA..GGGAGAGTGA]
13:31:32.219 - INFO - CDS - contig=contig_1, start=996373, stop=996567, strand=+, nt=[ATGCCCAAAA..CGGCGATTGA]
13:31:32.219 - INFO - CDS - contig=contig_1, start=996554, stop=997201, strand=+, nt=[ATGCCGGCGA..GGCCAGGTAA]
13:31:32.219 - INFO - CDS - contig=contig_1, start=997332, stop=998357, strand=+, nt=[ATGTTCAGTA..CAACGGATAA]
13:31:32.219 - INFO - CDS - contig=contig_1, start=998450, stop=999052, strand=+, nt=[ATGAAAGAGA..GCAGGGTTGA]
13:31:32.219 - INFO - CDS - contig=contig_1, start=999149, stop=1000525, strand=-, nt=[ATGACAAACA..CGGGGACTGA]
13:31:32.219 - INFO - CDS - contig=contig_1, start=1000645, stop=1001652, strand=+, nt=[ATGGCATGGA..CCACTCATGA]
13:31:32.219 - INFO - CDS - contig=contig_1, start=1001701, stop=1001979, strand=+, nt=[ATGGAGCGAA..GCTGACGTGA]
13:31:32.219 - INFO - CDS - contig=contig_1, start=1001992, stop=1003191, strand=+, nt=[GTGGGACGAG..GGCGGGATAG]
13:31:32.219 - INFO - CDS - contig=contig_1, start=1003230, stop=1004201, strand=+, nt=[TTGATCGAAC..GAAAAAGTGA]
13:31:32.219 - INFO - CDS - contig=contig_1, start=1004201, stop=1004743, strand=+, nt=[ATGGCAAAGC..AGAAAGTTGA]
13:31:32.219 - INFO - CDS - contig=contig_1, start=1004753, stop=1005646, strand=+, nt=[ATGGAAAAGA..GGACGATTAA]
13:31:32.219 - INFO - CDS - contig=contig_1, start=1005748, stop=1005855, strand=+, nt=[ATGACCTCGG..GAGCGCCTGA]
13:31:32.219 - INFO - CDS - contig=contig_1, start=1005870, stop=1006628, strand=+, nt=[ATGCACGTTG..GCCGGGATGA]
13:31:32.220 - INFO - CDS - contig=contig_1, start=1006690, stop=1006905, strand=+, nt=[ATGACATTGG..GGTGGCGTGA]
13:31:32.220 - INFO - CDS - contig=contig_1, start=1006907, stop=1008964, strand=+, nt=[ATGGCAAAGC..GCTGCTGTAA]
13:31:32.220 - INFO - CDS - contig=contig_1, start=1008990, stop=1011362, strand=+, nt=[ATGCAGGACG..GCTGAAATGA]
13:31:32.220 - INFO - CDS - contig=contig_1, start=1011531, stop=1011794, strand=+, nt=[ATGTACATGA..CGGAGATTGA]
13:31:32.220 - INFO - CDS - contig=contig_1, start=1011935, stop=1012738, strand=+, nt=[ATGCCGGCTC..GGGAGTGTGA]
13:31:32.220 - INFO - CDS - contig=contig_1, start=1012743, stop=1014119, strand=+, nt=[ATGCAGGGCG..GGAAAGCTGA]
13:31:32.220 - INFO - CDS - contig=contig_1, start=1014174, stop=1015394, strand=-, nt=[ATGCAAAAAA..GAACACCTGA]
13:31:32.220 - INFO - CDS - contig=contig_1, start=1015555, stop=1016442, strand=+, nt=[ATGGAGTATT..CGATATGTAG]
13:31:32.220 - INFO - CDS - contig=contig_1, start=1016473, stop=1017276, strand=-, nt=[ATGACCCCTG..CCTGGGCTAA]
13:31:32.220 - INFO - CDS - contig=contig_1, start=1017478, stop=1017870, strand=+, nt=[ATGGCTTTTT..CCAGGCGTAA]
13:31:32.220 - INFO - CDS - contig=contig_1, start=1018023, stop=1018934, strand=-, nt=[ATGCCTTTTT..GATCTTCTGA]
13:31:32.220 - INFO - CDS - contig=contig_1, start=1018981, stop=1019274, strand=-, nt=[ATGGCTGACA..CGGGAAATAA]
13:31:32.220 - INFO - CDS - contig=contig_1, start=1019435, stop=1020715, strand=+, nt=[ATGACTTTTT..GGTGATGTAA]
13:31:32.220 - INFO - CDS - contig=contig_1, start=1020771, stop=1022132, strand=-, nt=[ATGTTCGGGG..GGTCGATTAG]
13:31:32.220 - INFO - CDS - contig=contig_1, start=1022449, stop=1026147, strand=+, nt=[ATGGTCAAGG..CGACGAATAA]
13:31:32.220 - INFO - CDS - contig=contig_1, start=1026166, stop=1029963, strand=+, nt=[ATGAGTTACG..CGAAGAATAA]
13:31:32.220 - INFO - CDS - contig=contig_1, start=1030118, stop=1031197, strand=+, nt=[ATGTCCCGGA..ATTTTCGTGA]
13:31:32.220 - INFO - CDS - contig=contig_1, start=1031214, stop=1031720, strand=+, nt=[ATGCCGATCC..GGAACTTTGA]
13:31:32.220 - INFO - CDS - contig=contig_1, start=1031724, stop=1032926, strand=-, nt=[ATGGAACGGG..TTCCCCCTGA]
13:31:32.220 - INFO - CDS - contig=contig_1, start=1033425, stop=1034804, strand=+, nt=[ATGAAAACCA..GAATCGATAA]
13:31:32.220 - INFO - CDS - contig=contig_1, start=1034932, stop=1035375, strand=+, nt=[ATGGACATGA..CCTGACCTGA]
13:31:32.220 - INFO - CDS - contig=contig_1, start=1035498, stop=1035842, strand=+, nt=[ATGGCGCGTC..AGGGATCTGA]
13:31:32.220 - INFO - CDS - contig=contig_1, start=1035921, stop=1036325, strand=-, nt=[ATGAAAATTG..AAACCACTGA]
13:31:32.220 - INFO - CDS - contig=contig_1, start=1036451, stop=1037578, strand=-, nt=[ATGATCGGCT..CTATCGCTGA]
13:31:32.220 - INFO - CDS - contig=contig_1, start=1037580, stop=1039013, strand=-, nt=[ATGGCACTGT..GGAGGGATAA]
13:31:32.220 - INFO - CDS - contig=contig_1, start=1039089, stop=1040285, strand=-, nt=[GTGATACTTA..CCGCTGCTGA]
13:31:32.220 - INFO - CDS - contig=contig_1, start=1040266, stop=1041336, strand=-, nt=[ATGGACTATG..TGGAGGCTGA]
13:31:32.220 - INFO - CDS - contig=contig_1, start=1041326, stop=1041982, strand=-, nt=[ATGATGGACA..TGGACTATGA]
13:31:32.220 - INFO - CDS - contig=contig_1, start=1041988, stop=1042224, strand=-, nt=[ATGAGCAATT..GACGCTGTAA]
13:31:32.220 - INFO - CDS - contig=contig_1, start=1042299, stop=1043021, strand=-, nt=[ATGTCCGAAA..CCTGCGGTAA]
13:31:32.220 - INFO - CDS - contig=contig_1, start=1043282, stop=1043863, strand=+, nt=[ATGCAGCAGA..AACGGCCTGA]
13:31:32.220 - INFO - CDS - contig=contig_1, start=1043898, stop=1044326, strand=+, nt=[ATGAGCAAAA..GGCCGGCTAA]
13:31:32.220 - INFO - CDS - contig=contig_1, start=1044434, stop=1046200, strand=-, nt=[ATGGAAAAGA..CAACATCTGA]
13:31:32.220 - INFO - CDS - contig=contig_1, start=1046216, stop=1048018, strand=-, nt=[ATGAGTCGAA..GAAAATGTAA]
13:31:32.220 - INFO - CDS - contig=contig_1, start=1048032, stop=1048400, strand=-, nt=[TTGAAGAGCC..CGCAGAATGA]
13:31:32.220 - INFO - CDS - contig=contig_1, start=1048414, stop=1048950, strand=-, nt=[ATGAAAGAGC..CAACATTTGA]
13:31:32.220 - INFO - CDS - contig=contig_1, start=1048947, stop=1049441, strand=-, nt=[ATGCCCAATG..GTATAAATGA]
13:31:32.220 - INFO - CDS - contig=contig_1, start=1049546, stop=1050283, strand=-, nt=[ATGAGACTCT..ACGCACTTGA]
13:31:32.220 - INFO - CDS - contig=contig_1, start=1050283, stop=1050618, strand=-, nt=[ATGACCGTAA..GGGAACATGA]
13:31:32.220 - INFO - CDS - contig=contig_1, start=1051140, stop=1052057, strand=-, nt=[ATGCCCATCC..GCTCCTTTGA]
13:31:32.220 - INFO - CDS - contig=contig_1, start=1058389, stop=1059873, strand=-, nt=[ATGGATTTGG..GGGAGGCTGA]
13:31:32.220 - INFO - CDS - contig=contig_1, start=1060009, stop=1061007, strand=+, nt=[ATGAATAAAA..GCCCCGCTGA]
13:31:32.220 - INFO - CDS - contig=contig_1, start=1061084, stop=1062157, strand=+, nt=[ATGCCTATTT..AGAGAAATGA]
13:31:32.221 - INFO - CDS - contig=contig_1, start=1062154, stop=1063305, strand=+, nt=[ATGAAGTCCA..AGTACAATAA]
13:31:32.221 - INFO - CDS - contig=contig_1, start=1063354, stop=1064103, strand=+, nt=[TTGGAGCGCC..CGGGGGATAA]
13:31:32.221 - INFO - CDS - contig=contig_1, start=1064109, stop=1064342, strand=-, nt=[ATGTATAATC..CCTGCTGTGA]
13:31:32.221 - INFO - CDS - contig=contig_1, start=1064335, stop=1064811, strand=-, nt=[ATGGCGGATC..AGATGTATAA]
13:31:32.221 - INFO - CDS - contig=contig_1, start=1064842, stop=1065120, strand=-, nt=[ATGAATCCAA..GCAAAAATAA]
13:31:32.221 - INFO - CDS - contig=contig_1, start=1065190, stop=1065660, strand=+, nt=[ATGAAACTTT..AATCAAATGA]
13:31:32.221 - INFO - CDS - contig=contig_1, start=1065672, stop=1066448, strand=+, nt=[ATGTTACTGG..CCCGCGATAA]
13:31:32.221 - INFO - CDS - contig=contig_1, start=1066520, stop=1067266, strand=-, nt=[ATGCTGCTGA..CCGCAGCTGA]
13:31:32.221 - INFO - CDS - contig=contig_1, start=1067451, stop=1068749, strand=+, nt=[ATGAATCGAC..TTTATTTTGA]
13:31:32.221 - INFO - CDS - contig=contig_1, start=1068760, stop=1069038, strand=+, nt=[ATGGAATTTC..ACGAGACTGA]
13:31:32.221 - INFO - CDS - contig=contig_1, start=1069177, stop=1069602, strand=+, nt=[ATGGAAGAGG..TTTTTTATGA]
13:31:32.221 - INFO - CDS - contig=contig_1, start=1069610, stop=1069786, strand=+, nt=[ATGAAGATGG..GGCATTTTGA]
13:31:32.221 - INFO - CDS - contig=contig_1, start=1069922, stop=1070407, strand=+, nt=[GTGTACACCA..GGAGGAGTAA]
13:31:32.221 - INFO - CDS - contig=contig_1, start=1070472, stop=1071704, strand=-, nt=[ATGAAGCAAC..GGTGGTCTGA]
13:31:32.221 - INFO - CDS - contig=contig_1, start=1071712, stop=1072905, strand=-, nt=[ATGAACCGGA..CACGGAGTGA]
13:31:32.221 - INFO - CDS - contig=contig_1, start=1073074, stop=1074351, strand=-, nt=[ATGGTGAAAG..CCTGCACTGA]
13:31:32.221 - INFO - CDS - contig=contig_1, start=1074802, stop=1077324, strand=+, nt=[ATGACGGAAA..GCGGTCCTGA]
13:31:32.221 - INFO - CDS - contig=contig_1, start=1077573, stop=1078625, strand=+, nt=[TTGAAAATCG..AAAACCCTGA]
13:31:32.221 - INFO - CDS - contig=contig_1, start=1078642, stop=1080033, strand=+, nt=[ATGGAAGCTC..AGAGCAGTGA]
13:31:32.221 - INFO - CDS - contig=contig_1, start=1080089, stop=1081987, strand=+, nt=[ATGATCGACA..GAGGGGATGA]
13:31:32.221 - INFO - CDS - contig=contig_1, start=1081984, stop=1082613, strand=+, nt=[ATGAAAATGT..TGACCGATAA]
13:31:32.221 - INFO - CDS - contig=contig_1, start=1082625, stop=1083686, strand=+, nt=[ATGCTGGATA..GACCCAGTGA]
13:31:32.221 - INFO - CDS - contig=contig_1, start=1083749, stop=1084018, strand=+, nt=[ATGGAACTGC..CTACGAATAA]
13:31:32.221 - INFO - CDS - contig=contig_1, start=1084038, stop=1085054, strand=+, nt=[ATGGAAACCA..ACTGGGGTGA]
13:31:32.221 - INFO - CDS - contig=contig_1, start=1085051, stop=1085542, strand=+, nt=[GTGAGTCAAG..GACCTTTTGA]
13:31:32.221 - INFO - CDS - contig=contig_1, start=1085612, stop=1086211, strand=+, nt=[ATGTCCGTAC..CAACACCTGA]
13:31:32.221 - INFO - CDS - contig=contig_1, start=1086225, stop=1086707, strand=+, nt=[GTGCGGAAAA..GAAAGAATGA]
13:31:32.221 - INFO - CDS - contig=contig_1, start=1086704, stop=1087294, strand=+, nt=[ATGAAGATTC..GCTCCTGTGA]
13:31:32.221 - INFO - CDS - contig=contig_1, start=1087388, stop=1088797, strand=+, nt=[ATGGAAGAAA..GGCCCACTGA]
13:31:32.221 - INFO - CDS - contig=contig_1, start=1088912, stop=1089592, strand=+, nt=[ATGAGTGAGA..GCGCAGATGA]
13:31:32.221 - INFO - CDS - contig=contig_1, start=1089589, stop=1090146, strand=+, nt=[ATGAGCGGCG..CCGGCGTTGA]
13:31:32.221 - INFO - CDS - contig=contig_1, start=1090384, stop=1091001, strand=+, nt=[GTGAAAACAA..GGACGCATAA]
13:31:32.221 - INFO - CDS - contig=contig_1, start=1091003, stop=1091881, strand=+, nt=[ATGGAACATT..TTTCTCATGA]
13:31:32.221 - INFO - CDS - contig=contig_1, start=1091878, stop=1093305, strand=+, nt=[ATGAGCATCC..CGGCCTGTAA]
13:31:32.221 - INFO - CDS - contig=contig_1, start=1093280, stop=1093984, strand=+, nt=[ATGCGTACGC..GTGGAAGTAG]
13:31:32.221 - INFO - CDS - contig=contig_1, start=1094162, stop=1094473, strand=+, nt=[ATGAGTTCCA..TGGGATTTAA]
13:31:32.221 - INFO - CDS - contig=contig_1, start=1094452, stop=1095456, strand=+, nt=[ATGTCTGTGC..ACTCATTTAA]
13:31:32.221 - INFO - CDS - contig=contig_1, start=1095469, stop=1095807, strand=+, nt=[ATGAGACTGT..GAAGGCATGA]
13:31:32.221 - INFO - CDS - contig=contig_1, start=1095804, stop=1096235, strand=+, nt=[ATGAGAAAAC..CGGGGATTGA]
13:31:32.221 - INFO - CDS - contig=contig_1, start=1096250, stop=1096705, strand=+, nt=[ATGACAGATT..CTTTGACTGA]
13:31:32.221 - INFO - CDS - contig=contig_1, start=1096758, stop=1097183, strand=-, nt=[ATGAAGGAGA..AAAAAAATAA]
13:31:32.221 - INFO - CDS - contig=contig_1, start=1097267, stop=1097503, strand=+, nt=[ATGAGTCAGC..CGCGTCATAA]
13:31:32.221 - INFO - CDS - contig=contig_1, start=1097517, stop=1099664, strand=+, nt=[ATGGGGCTGA..ATTTGCCTGA]
13:31:32.221 - INFO - CDS - contig=contig_1, start=1100071, stop=1100901, strand=-, nt=[GTGGATGCCA..GCTGGCCTGA]
13:31:32.221 - INFO - CDS - contig=contig_1, start=1101168, stop=1102373, strand=+, nt=[GTGGGGGAAA..GGAAAAATAA]
13:31:32.221 - INFO - CDS - contig=contig_1, start=1102489, stop=1105542, strand=+, nt=[ATGAAGCACT..ACTGCGATAA]
13:31:32.221 - INFO - CDS - contig=contig_1, start=1105749, stop=1106519, strand=+, nt=[TTGCAGGGGA..GAATATTTAA]
13:31:32.221 - INFO - CDS - contig=contig_1, start=1106564, stop=1107418, strand=-, nt=[ATGGATTTTT..GCTTCCCTAA]
13:31:32.221 - INFO - CDS - contig=contig_1, start=1107667, stop=1109100, strand=-, nt=[ATGGAACGCA..GCTGAAATGA]
13:31:32.221 - INFO - CDS - contig=contig_1, start=1109100, stop=1109573, strand=-, nt=[ATGACTTTGG..GGGATTTTGA]
13:31:32.221 - INFO - CDS - contig=contig_1, start=1109703, stop=1110305, strand=-, nt=[ATGGAATACT..GGAAATGTGA]
13:31:32.221 - INFO - CDS - contig=contig_1, start=1110321, stop=1110968, strand=-, nt=[ATGGTCAAGA..CCGGGGCTGA]
13:31:32.222 - INFO - CDS - contig=contig_1, start=1111201, stop=1112424, strand=-, nt=[ATGGTCCCCA..CGGTTTCTGA]
13:31:32.222 - INFO - CDS - contig=contig_1, start=1112636, stop=1113289, strand=+, nt=[GTGGCAAAGG..GGGCGGCTGA]
13:31:32.222 - INFO - CDS - contig=contig_1, start=1113346, stop=1114545, strand=+, nt=[ATGTCTGAGA..GAGAGGTTAA]
13:31:32.222 - INFO - CDS - contig=contig_1, start=1114581, stop=1115126, strand=+, nt=[GTGAGCTTTT..CTACCGCTGA]
13:31:32.222 - INFO - CDS - contig=contig_1, start=1115138, stop=1116124, strand=+, nt=[ATGAAAAAAA..GGGTCGCTGA]
13:31:32.222 - INFO - CDS - contig=contig_1, start=1116162, stop=1117019, strand=+, nt=[ATGGGATTTA..ACCCTTCTGA]
13:31:32.222 - INFO - CDS - contig=contig_1, start=1117068, stop=1118336, strand=-, nt=[TTGAAGGAGA..TGGTTTTTAA]
13:31:32.222 - INFO - CDS - contig=contig_1, start=1118333, stop=1118659, strand=-, nt=[GTGGCGCGCA..ATTCTCTTGA]
13:31:32.222 - INFO - CDS - contig=contig_1, start=1118785, stop=1120446, strand=-, nt=[ATGCGCAGCG..ACTGGAGTAA]
13:31:32.222 - INFO - CDS - contig=contig_1, start=1120545, stop=1121225, strand=+, nt=[ATGGAGAAAA..GGAAAATTAA]
13:31:32.222 - INFO - CDS - contig=contig_1, start=1121321, stop=1122085, strand=+, nt=[ATGGAATCCA..GTACGAATAA]
13:31:32.222 - INFO - CDS - contig=contig_1, start=1122213, stop=1122893, strand=+, nt=[ATGAAGCGGA..GTTTTCCTGA]
13:31:32.222 - INFO - CDS - contig=contig_1, start=1122903, stop=1123409, strand=-, nt=[ATGGAATGGA..TGAGCCCTGA]
13:31:32.222 - INFO - CDS - contig=contig_1, start=1123979, stop=1126435, strand=-, nt=[ATGAGCGCCG..GGCTGGTTAA]
13:31:32.222 - INFO - CDS - contig=contig_1, start=1126422, stop=1126580, strand=-, nt=[ATGGCACGAC..GCGCCGTTGA]
13:31:32.222 - INFO - CDS - contig=contig_1, start=1126720, stop=1126890, strand=+, nt=[ATGGCTTATG..CCAGGGCTGA]
13:31:32.222 - INFO - CDS - contig=contig_1, start=1126975, stop=1127934, strand=-, nt=[ATGGAAACGC..GGAACTGTAA]
13:31:32.222 - INFO - CDS - contig=contig_1, start=1128072, stop=1129358, strand=+, nt=[ATGGCAAAAA..AGAGGAGTGA]
13:31:32.222 - INFO - CDS - contig=contig_1, start=1129363, stop=1130061, strand=+, nt=[ATGTCCTACT..TCATATGTAA]
13:31:32.222 - INFO - CDS - contig=contig_1, start=1130299, stop=1131513, strand=+, nt=[ATGGCTGAGA..CAAGCTGTAA]
13:31:32.222 - INFO - CDS - contig=contig_1, start=1131543, stop=1132925, strand=+, nt=[ATGAAATTAT..CGGGCAATGA]
13:31:32.222 - INFO - CDS - contig=contig_1, start=1132922, stop=1133863, strand=+, nt=[ATGAGCAAAC..GCTTTCTTGA]
13:31:32.222 - INFO - CDS - contig=contig_1, start=1134086, stop=1135309, strand=+, nt=[ATGAAAACAG..TCGGACATAA]
13:31:32.222 - INFO - CDS - contig=contig_1, start=1135355, stop=1136209, strand=+, nt=[ATGTCCTACA..GATCCTGTGA]
13:31:32.222 - INFO - CDS - contig=contig_1, start=1136225, stop=1137403, strand=+, nt=[ATGACACATG..GCTGGCATAA]
13:31:32.222 - INFO - CDS - contig=contig_1, start=1137417, stop=1138334, strand=+, nt=[ATGAATGATT..AAAGCTGTAA]
13:31:32.222 - INFO - CDS - contig=contig_1, start=1138418, stop=1139137, strand=-, nt=[GTGAGCTATC..CCCGGTCTGA]
13:31:32.222 - INFO - CDS - contig=contig_1, start=1139151, stop=1139930, strand=-, nt=[GTGAAGCCGA..CTGCCGCTGA]
13:31:32.222 - INFO - CDS - contig=contig_1, start=1139927, stop=1140622, strand=-, nt=[ATGAACCGCG..GGCCAAGTGA]
13:31:32.222 - INFO - CDS - contig=contig_1, start=1140993, stop=1142642, strand=+, nt=[ATGGACAAAA..CAACAAGTAA]
13:31:32.222 - INFO - CDS - contig=contig_1, start=1142876, stop=1144267, strand=+, nt=[ATGGCAGCTC..GATTGGCTGA]
13:31:32.222 - INFO - CDS - contig=contig_1, start=1144412, stop=1145371, strand=-, nt=[ATGAAATTCT..CCAGTGGTGA]
13:31:32.222 - INFO - CDS - contig=contig_1, start=1145811, stop=1146929, strand=-, nt=[ATGAGACAAT..CCTGTTTTGA]
13:31:32.222 - INFO - CDS - contig=contig_1, start=1146975, stop=1148450, strand=-, nt=[ATGAGCGAAA..GCAGGCCTGA]
13:31:32.222 - INFO - CDS - contig=contig_1, start=1148898, stop=1150904, strand=+, nt=[ATGTGGGTGG..GGAGGGCTGA]
13:31:32.222 - INFO - CDS - contig=contig_1, start=1150992, stop=1151729, strand=+, nt=[ATGGACAACA..CTGCTGCTGA]
13:31:32.222 - INFO - CDS - contig=contig_1, start=1151753, stop=1152391, strand=+, nt=[ATGGGCGCGG..GGCAATATGA]
13:31:32.222 - INFO - CDS - contig=contig_1, start=1152388, stop=1152672, strand=+, nt=[ATGAGCTGGC..CCCGGAATGA]
13:31:32.222 - INFO - CDS - contig=contig_1, start=1152826, stop=1153878, strand=-, nt=[ATGAAAACGA..ATGGACTTGA]
13:31:32.222 - INFO - CDS - contig=contig_2, start=546, stop=728, strand=-, frame=1, truncated=no, start-type=ATG, RBS-motif=GGAG/GAGG
13:31:32.222 - INFO - CDS - contig=contig_2, start=772, stop=936, strand=-, frame=3, truncated=no, start-type=ATG, RBS-motif=GGAG/GAGG
13:31:32.222 - INFO - CDS - contig=contig_2, start=1214, stop=1393, strand=+, frame=2, truncated=no, start-type=ATG, RBS-motif=GGAGG
13:31:32.222 - INFO - CDS - contig=contig_2, start=1670, stop=2362, strand=-, frame=2, truncated=no, start-type=ATG, RBS-motif=GGAG/GAGG
13:31:32.222 - INFO - CDS - contig=contig_2, start=2426, stop=2599, strand=-, frame=2, truncated=no, start-type=ATG, RBS-motif=AGGA
13:31:32.222 - INFO - CDS - contig=contig_2, start=2646, stop=2855, strand=-, frame=1, truncated=no, start-type=ATG, RBS-motif=AGxAGG/AGGxGG
13:31:32.223 - INFO - CDS - contig=contig_2, start=2855, stop=3004, strand=-, frame=2, truncated=no, start-type=ATG, RBS-motif=GGxGG
13:31:32.223 - INFO - CDS - contig=contig_2, start=3001, stop=3204, strand=-, frame=3, truncated=no, start-type=ATG, RBS-motif=AGGAG
13:31:32.223 - INFO - CDS - contig=contig_2, start=3201, stop=3410, strand=-, frame=1, truncated=no, start-type=GTG, RBS-motif=AGGAGG
13:31:32.223 - INFO - CDS - contig=contig_2, start=4129, stop=6642, strand=-, frame=3, truncated=no, start-type=TTG, RBS-motif=3Base/5BMM
13:31:32.223 - INFO - CDS - contig=contig_2, start=6727, stop=6993, strand=+, frame=1, truncated=no, start-type=ATG, RBS-motif=AGGAG
13:31:32.223 - INFO - CDS - contig=contig_2, start=546, stop=728, strand=-, nt=[ATGGATTTAC..ATCTGTATGA]
13:31:32.223 - INFO - CDS - contig=contig_2, start=772, stop=936, strand=-, nt=[ATGAAAAGAA..GGGGGAATAA]
13:31:32.223 - INFO - CDS - contig=contig_2, start=1214, stop=1393, strand=+, nt=[ATGCCCTACA..AAAAAATTGA]
13:31:32.223 - INFO - CDS - contig=contig_2, start=1670, stop=2362, strand=-, nt=[ATGGGATGCG..TGGAAAATGA]
13:31:32.223 - INFO - CDS - contig=contig_2, start=2426, stop=2599, strand=-, nt=[ATGACTGAAC..CCGGGGCTGA]
13:31:32.223 - INFO - CDS - contig=contig_2, start=2646, stop=2855, strand=-, nt=[ATGGCCGCTT..CCGTGGCTAA]
13:31:32.223 - INFO - CDS - contig=contig_2, start=2855, stop=3004, strand=-, nt=[ATGAATGATA..GTGTAAATAA]
13:31:32.223 - INFO - CDS - contig=contig_2, start=3001, stop=3204, strand=-, nt=[ATGAAAGAAC..GCTGAAATGA]
13:31:32.223 - INFO - CDS - contig=contig_2, start=3201, stop=3410, strand=-, nt=[GTGCAAGTGT..CGACAAATGA]
13:31:32.223 - INFO - CDS - contig=contig_2, start=4129, stop=6642, strand=-, nt=[TTGAAAGTAC..ACGCCTTTGA]
13:31:32.223 - INFO - CDS - contig=contig_2, start=6727, stop=6993, strand=+, nt=[ATGAAATTTA..GGGGGAATAA]
13:31:32.223 - INFO - CDS - contig=contig_3, start=49, stop=1407, strand=-, frame=2, truncated=no, start-type=ATG, RBS-motif=AGGAG/GGAGG
13:31:32.223 - INFO - CDS - contig=contig_3, start=1491, stop=1775, strand=-, frame=3, truncated=no, start-type=GTG, RBS-motif=GGA/GAG/AGG
13:31:32.223 - INFO - CDS - contig=contig_3, start=49, stop=1407, strand=-, nt=[ATGAACATGG..GGGCCTGTAA]
13:31:32.223 - INFO - CDS - contig=contig_3, start=1491, stop=1775, strand=-, nt=[GTGGACCAGG..GAAAAAATGA]
13:31:32.223 - INFO - CDS - contig=contig_4, start=237, stop=986, strand=-, frame=1, truncated=no, start-type=TTG, RBS-motif=GGA/GAG/AGG
13:31:32.223 - INFO - CDS - contig=contig_4, start=237, stop=986, strand=-, nt=[TTGGGCACCA..TCTTTTGTGA]
13:31:32.223 - INFO - CDS - contig=contig_77, start=42, stop=542, strand=+, frame=3, truncated=no, start-type=ATG, RBS-motif=GGA/GAG/AGG
13:31:32.223 - INFO - CDS - contig=contig_77, start=582, stop=2141, strand=+, frame=3, truncated=no, start-type=ATG, RBS-motif=AGGA
13:31:32.223 - INFO - CDS - contig=contig_77, start=2225, stop=3583, strand=+, frame=2, truncated=no, start-type=ATG, RBS-motif=AGGAG/GGAGG
13:31:32.224 - INFO - CDS - contig=contig_77, start=3758, stop=4900, strand=+, frame=2, truncated=no, start-type=ATG, RBS-motif=AGGA
13:31:32.224 - INFO - CDS - contig=contig_77, start=5028, stop=5456, strand=+, frame=3, truncated=no, start-type=ATG, RBS-motif=GGA/GAG/AGG
13:31:32.224 - INFO - CDS - contig=contig_77, start=5965, stop=6087, strand=-, frame=2, truncated=no, start-type=ATG, RBS-motif=GGA/GAG/AGG
13:31:32.224 - INFO - CDS - contig=contig_77, start=6084, stop=6476, strand=-, frame=3, truncated=no, start-type=TTG, RBS-motif=GGA/GAG/AGG
13:31:32.224 - INFO - CDS - contig=contig_77, start=6448, stop=6783, strand=-, frame=2, truncated=no, start-type=TTG, RBS-motif=None
13:31:32.224 - INFO - CDS - contig=contig_77, start=6908, stop=7429, strand=-, frame=1, truncated=no, start-type=GTG, RBS-motif=AGGAGG
13:31:32.224 - INFO - CDS - contig=contig_77, start=8312, stop=9853, strand=-, frame=1, truncated=no, start-type=ATG, RBS-motif=GGA/GAG/AGG
13:31:32.224 - INFO - CDS - contig=contig_77, start=10537, stop=11121, strand=-, frame=2, truncated=no, start-type=ATG, RBS-motif=AGGA
13:31:32.224 - INFO - CDS - contig=contig_77, start=11360, stop=12262, strand=+, frame=2, truncated=no, start-type=ATG, RBS-motif=GGAGG
13:31:32.224 - INFO - CDS - contig=contig_77, start=12336, stop=13073, strand=-, frame=3, truncated=no, start-type=ATG, RBS-motif=GGA/GAG/AGG
13:31:32.224 - INFO - CDS - contig=contig_77, start=13556, stop=14017, strand=-, frame=1, truncated=no, start-type=ATG, RBS-motif=3Base/5BMM
13:31:32.224 - INFO - CDS - contig=contig_77, start=14058, stop=14369, strand=+, frame=3, truncated=no, start-type=ATG, RBS-motif=GGAGG
13:31:32.224 - INFO - CDS - contig=contig_77, start=14777, stop=15775, strand=-, frame=1, truncated=no, start-type=ATG, RBS-motif=GGAGG
13:31:32.224 - INFO - CDS - contig=contig_77, start=16382, stop=17671, strand=+, frame=2, truncated=no, start-type=ATG, RBS-motif=GGA/GAG/AGG
13:31:32.224 - INFO - CDS - contig=contig_77, start=17783, stop=18715, strand=+, frame=2, truncated=no, start-type=ATG, RBS-motif=AGGAG
13:31:32.224 - INFO - CDS - contig=contig_77, start=18914, stop=20002, strand=+, frame=2, truncated=no, start-type=ATG, RBS-motif=GGA/GAG/AGG
13:31:32.224 - INFO - CDS - contig=contig_77, start=20005, stop=21141, strand=+, frame=1, truncated=no, start-type=ATG, RBS-motif=AGGAGG
13:31:32.224 - INFO - CDS - contig=contig_77, start=21138, stop=21989, strand=+, frame=3, truncated=no, start-type=ATG, RBS-motif=AGxAGG/AGGxGG
13:31:32.224 - INFO - CDS - contig=contig_77, start=24088, stop=25044, strand=-, frame=2, truncated=no, start-type=ATG, RBS-motif=AGGA
13:31:32.224 - INFO - CDS - contig=contig_77, start=25061, stop=25807, strand=-, frame=1, truncated=no, start-type=ATG, RBS-motif=GGAG/GAGG
13:31:32.224 - INFO - CDS - contig=contig_77, start=25797, stop=26459, strand=-, frame=3, truncated=no, start-type=TTG, RBS-motif=GGAGG
13:31:32.224 - INFO - CDS - contig=contig_77, start=26502, stop=27350, strand=-, frame=3, truncated=no, start-type=ATG, RBS-motif=GGAG/GAGG
13:31:32.224 - INFO - CDS - contig=contig_77, start=27389, stop=28609, strand=-, frame=1, truncated=no, start-type=ATG, RBS-motif=AGGA
13:31:32.224 - INFO - CDS - contig=contig_77, start=29372, stop=30295, strand=-, frame=1, truncated=no, start-type=ATG, RBS-motif=GGxGG
13:31:32.224 - INFO - CDS - contig=contig_77, start=31808, stop=33490, strand=+, frame=2, truncated=no, start-type=ATG, RBS-motif=GGAG/GAGG
13:31:32.224 - INFO - CDS - contig=contig_77, start=33508, stop=33858, strand=+, frame=1, truncated=no, start-type=ATG, RBS-motif=AGGAG
13:31:32.224 - INFO - CDS - contig=contig_77, start=33864, stop=34550, strand=+, frame=3, truncated=no, start-type=GTG, RBS-motif=None
13:31:32.224 - INFO - CDS - contig=contig_77, start=34547, stop=35563, strand=+, frame=2, truncated=no, start-type=ATG, RBS-motif=GGAGG
13:31:32.224 - INFO - CDS - contig=contig_77, start=35576, stop=36700, strand=+, frame=2, truncated=no, start-type=ATG, RBS-motif=AGGAG
13:31:32.225 - INFO - CDS - contig=contig_77, start=36745, stop=37410, strand=+, frame=1, truncated=no, start-type=ATG, RBS-motif=AGGA
13:31:32.225 - INFO - CDS - contig=contig_77, start=37625, stop=38761, strand=+, frame=2, truncated=no, start-type=ATG, RBS-motif=GGA/GAG/AGG
13:31:32.225 - INFO - CDS - contig=contig_77, start=38949, stop=42260, strand=+, frame=3, truncated=no, start-type=ATG, RBS-motif=AGGAGG
13:31:32.225 - INFO - CDS - contig=contig_77, start=42448, stop=46011, strand=+, frame=1, truncated=no, start-type=ATG, RBS-motif=AGGAGG
13:31:32.225 - INFO - CDS - contig=contig_77, start=46157, stop=46489, strand=+, frame=2, truncated=no, start-type=ATG, RBS-motif=AGGAGG
13:31:32.225 - INFO - CDS - contig=contig_77, start=46494, stop=47237, strand=+, frame=3, truncated=no, start-type=ATG, RBS-motif=None
13:31:32.225 - INFO - CDS - contig=contig_77, start=47237, stop=47887, strand=+, frame=2, truncated=no, start-type=ATG, RBS-motif=GGAGG
13:31:32.225 - INFO - CDS - contig=contig_77, start=47944, stop=48666, strand=+, frame=1, truncated=no, start-type=GTG, RBS-motif=GGxGG
13:31:32.225 - INFO - CDS - contig=contig_77, start=48663, stop=49331, strand=+, frame=3, truncated=no, start-type=GTG, RBS-motif=GGAGG
13:31:32.225 - INFO - CDS - contig=contig_77, start=49459, stop=49665, strand=+, frame=1, truncated=no, start-type=ATG, RBS-motif=GGAG/GAGG
13:31:32.225 - INFO - CDS - contig=contig_77, start=49743, stop=50243, strand=+, frame=3, truncated=no, start-type=ATG, RBS-motif=GGAGG
13:31:32.225 - INFO - CDS - contig=contig_77, start=50329, stop=51639, strand=+, frame=1, truncated=no, start-type=ATG, RBS-motif=GGAGG
13:31:32.225 - INFO - CDS - contig=contig_77, start=51640, stop=52185, strand=+, frame=1, truncated=no, start-type=ATG, RBS-motif=GGAGG
13:31:32.225 - INFO - CDS - contig=contig_77, start=52204, stop=52839, strand=+, frame=1, truncated=no, start-type=ATG, RBS-motif=GGAGG
13:31:32.225 - INFO - CDS - contig=contig_77, start=52928, stop=53932, strand=+, frame=2, truncated=no, start-type=ATG, RBS-motif=AGGAGG
13:31:32.225 - INFO - CDS - contig=contig_77, start=54034, stop=55815, strand=+, frame=1, truncated=no, start-type=GTG, RBS-motif=AGGAGG
13:31:32.225 - INFO - CDS - contig=contig_77, start=55812, stop=57158, strand=+, frame=3, truncated=no, start-type=ATG, RBS-motif=GGAGG
13:31:32.225 - INFO - CDS - contig=contig_77, start=57278, stop=57637, strand=+, frame=2, truncated=no, start-type=TTG, RBS-motif=AGGAG
13:31:32.225 - INFO - CDS - contig=contig_77, start=57639, stop=59642, strand=+, frame=3, truncated=no, start-type=ATG, RBS-motif=GGAGG
13:31:32.225 - INFO - CDS - contig=contig_77, start=59644, stop=60195, strand=+, frame=1, truncated=no, start-type=ATG, RBS-motif=AGGAG
13:31:32.225 - INFO - CDS - contig=contig_77, start=60397, stop=60801, strand=+, frame=1, truncated=no, start-type=ATG, RBS-motif=GGAGG
13:31:32.225 - INFO - CDS - contig=contig_77, start=60942, stop=61058, strand=+, frame=3, truncated=no, start-type=ATG, RBS-motif=GGAGG
13:31:32.225 - INFO - CDS - contig=contig_77, start=61108, stop=61614, strand=+, frame=1, truncated=no, start-type=ATG, RBS-motif=GGAGG
13:31:32.225 - INFO - CDS - contig=contig_77, start=61633, stop=62343, strand=+, frame=1, truncated=no, start-type=ATG, RBS-motif=AGGAG
13:31:32.225 - INFO - CDS - contig=contig_77, start=62345, stop=63793, strand=+, frame=2, truncated=no, start-type=ATG, RBS-motif=GGxGG
13:31:32.225 - INFO - CDS - contig=contig_77, start=63804, stop=64841, strand=+, frame=3, truncated=no, start-type=ATG, RBS-motif=AGGAG
13:31:32.226 - INFO - CDS - contig=contig_77, start=64835, stop=65470, strand=+, frame=2, truncated=no, start-type=ATG, RBS-motif=AGxAGG/AGGxGG
13:31:32.226 - INFO - CDS - contig=contig_77, start=65467, stop=65727, strand=+, frame=1, truncated=no, start-type=ATG, RBS-motif=GGAGG
13:31:32.226 - INFO - CDS - contig=contig_77, start=65711, stop=66412, strand=+, frame=2, truncated=no, start-type=ATG, RBS-motif=GGAG/GAGG
13:31:32.226 - INFO - CDS - contig=contig_77, start=66423, stop=67598, strand=+, frame=3, truncated=no, start-type=ATG, RBS-motif=AGGAGG
13:31:32.226 - INFO - CDS - contig=contig_77, start=67689, stop=68972, strand=+, frame=3, truncated=no, start-type=ATG, RBS-motif=GGAG/GAGG
13:31:32.226 - INFO - CDS - contig=contig_77, start=68982, stop=72671, strand=+, frame=3, truncated=no, start-type=ATG, RBS-motif=AGGAG
13:31:32.226 - INFO - CDS - contig=contig_77, start=72768, stop=73454, strand=-, frame=3, truncated=no, start-type=ATG, RBS-motif=GGAGG
13:31:32.226 - INFO - CDS - contig=contig_77, start=73833, stop=74483, strand=+, frame=3, truncated=no, start-type=ATG, RBS-motif=GGAGG
13:31:32.226 - INFO - CDS - contig=contig_77, start=74470, stop=75885, strand=+, frame=1, truncated=no, start-type=ATG, RBS-motif=AGGAG
13:31:32.226 - INFO - CDS - contig=contig_77, start=76095, stop=77480, strand=+, frame=3, truncated=no, start-type=ATG, RBS-motif=GGAG/GAGG
13:31:32.226 - INFO - CDS - contig=contig_77, start=77523, stop=77735, strand=-, frame=3, truncated=no, start-type=ATG, RBS-motif=AGGAGG
13:31:32.226 - INFO - CDS - contig=contig_77, start=77795, stop=78394, strand=-, frame=1, truncated=no, start-type=ATG, RBS-motif=AGGAG
13:31:32.226 - INFO - CDS - contig=contig_77, start=78515, stop=78724, strand=+, frame=2, truncated=no, start-type=ATG, RBS-motif=AGGA/GGAG/GAGG
13:31:32.226 - INFO - CDS - contig=contig_77, start=78781, stop=79176, strand=-, frame=2, truncated=no, start-type=ATG, RBS-motif=AGGAG
13:31:32.226 - INFO - CDS - contig=contig_77, start=79211, stop=80428, strand=-, frame=1, truncated=no, start-type=ATG, RBS-motif=AGGA
13:31:32.226 - INFO - CDS - contig=contig_77, start=80619, stop=81404, strand=+, frame=3, truncated=no, start-type=ATG, RBS-motif=AGGAG
13:31:32.226 - INFO - CDS - contig=contig_77, start=81497, stop=82198, strand=-, frame=1, truncated=no, start-type=ATG, RBS-motif=AGGAG
13:31:32.226 - INFO - CDS - contig=contig_77, start=82566, stop=83063, strand=+, frame=3, truncated=no, start-type=GTG, RBS-motif=AGGAGG
13:31:32.226 - INFO - CDS - contig=contig_77, start=83185, stop=83574, strand=+, frame=1, truncated=no, start-type=ATG, RBS-motif=AGxAGG/AGGxGG
13:31:32.226 - INFO - CDS - contig=contig_77, start=83574, stop=86201, strand=+, frame=3, truncated=no, start-type=ATG, RBS-motif=GGAGG
13:31:32.226 - INFO - CDS - contig=contig_77, start=86255, stop=88810, strand=-, frame=1, truncated=no, start-type=ATG, RBS-motif=AGGAG
13:31:32.226 - INFO - CDS - contig=contig_77, start=88928, stop=89476, strand=-, frame=1, truncated=no, start-type=GTG, RBS-motif=None
13:31:32.226 - INFO - CDS - contig=contig_77, start=89503, stop=90192, strand=-, frame=2, truncated=no, start-type=ATG, RBS-motif=AGGAGG
13:31:32.226 - INFO - CDS - contig=contig_77, start=90206, stop=91363, strand=-, frame=1, truncated=no, start-type=ATG, RBS-motif=GGxGG
13:31:32.226 - INFO - CDS - contig=contig_77, start=91365, stop=92132, strand=-, frame=3, truncated=no, start-type=ATG, RBS-motif=GGA/GAG/AGG
13:31:32.226 - INFO - CDS - contig=contig_77, start=92180, stop=92995, strand=-, frame=1, truncated=no, start-type=ATG, RBS-motif=AGxAGG/AGGxGG
13:31:32.227 - INFO - CDS - contig=contig_77, start=92996, stop=93862, strand=-, frame=1, truncated=no, start-type=TTG, RBS-motif=AGGA
13:31:32.227 - INFO - CDS - contig=contig_77, start=93946, stop=94788, strand=-, frame=2, truncated=no, start-type=ATG, RBS-motif=GGAG/GAGG
13:31:32.227 - INFO - CDS - contig=contig_77, start=94781, stop=95191, strand=-, frame=1, truncated=no, start-type=ATG, RBS-motif=GGA/GAG/AGG
13:31:32.227 - INFO - CDS - contig=contig_77, start=95219, stop=96082, strand=-, frame=1, truncated=no, start-type=ATG, RBS-motif=GGAG/GAGG
13:31:32.227 - INFO - CDS - contig=contig_77, start=96288, stop=97658, strand=+, frame=3, truncated=no, start-type=ATG, RBS-motif=GGA/GAG/AGG
13:31:32.227 - INFO - CDS - contig=contig_77, start=97951, stop=99309, strand=+, frame=1, truncated=no, start-type=ATG, RBS-motif=AGGAGG
13:31:32.227 - INFO - CDS - contig=contig_77, start=99397, stop=100020, strand=+, frame=1, truncated=no, start-type=ATG, RBS-motif=GGAG/GAGG
13:31:32.227 - INFO - CDS - contig=contig_77, start=100252, stop=101847, strand=+, frame=1, truncated=no, start-type=ATG, RBS-motif=GGA/GAG/AGG
13:31:32.227 - INFO - CDS - contig=contig_77, start=102018, stop=102392, strand=-, frame=3, truncated=no, start-type=ATG, RBS-motif=AGGAGG
13:31:32.227 - INFO - CDS - contig=contig_77, start=102437, stop=102979, strand=-, frame=1, truncated=no, start-type=ATG, RBS-motif=AGGAG/GGAGG
13:31:32.227 - INFO - CDS - contig=contig_77, start=103272, stop=103964, strand=-, frame=3, truncated=no, start-type=ATG, RBS-motif=AGGAGG
13:31:32.227 - INFO - CDS - contig=contig_77, start=103983, stop=104408, strand=-, frame=3, truncated=no, start-type=ATG, RBS-motif=AGGAGG
13:31:32.227 - INFO - CDS - contig=contig_77, start=104506, stop=105027, strand=-, frame=2, truncated=no, start-type=ATG, RBS-motif=GGA/GAG/AGG
13:31:32.227 - INFO - CDS - contig=contig_77, start=105038, stop=105355, strand=-, frame=1, truncated=no, start-type=ATG, RBS-motif=AGxAGG/AGGxGG
13:31:32.227 - INFO - CDS - contig=contig_77, start=105404, stop=105568, strand=-, frame=1, truncated=no, start-type=ATG, RBS-motif=AGGAGG
13:31:32.227 - INFO - CDS - contig=contig_77, start=105934, stop=106752, strand=+, frame=1, truncated=no, start-type=GTG, RBS-motif=AGxAGG/AGGxGG
13:31:32.227 - INFO - CDS - contig=contig_77, start=106811, stop=107533, strand=+, frame=2, truncated=no, start-type=ATG, RBS-motif=AGGAGG
13:31:32.227 - INFO - CDS - contig=contig_77, start=107662, stop=108144, strand=+, frame=1, truncated=no, start-type=ATG, RBS-motif=GGAG/GAGG
13:31:32.227 - INFO - CDS - contig=contig_77, start=108220, stop=109146, strand=-, frame=2, truncated=no, start-type=ATG, RBS-motif=3Base/5BMM
13:31:32.227 - INFO - CDS - contig=contig_77, start=109265, stop=110023, strand=+, frame=2, truncated=no, start-type=ATG, RBS-motif=GGA/GAG/AGG
13:31:32.227 - INFO - CDS - contig=contig_77, start=110097, stop=111356, strand=-, frame=3, truncated=no, start-type=ATG, RBS-motif=GGA/GAG/AGG
13:31:32.227 - INFO - CDS - contig=contig_77, start=111416, stop=112789, strand=-, frame=1, truncated=no, start-type=ATG, RBS-motif=GGAG/GAGG
13:31:32.227 - INFO - CDS - contig=contig_77, start=113157, stop=113585, strand=+, frame=3, truncated=no, start-type=ATG, RBS-motif=AGGAG
13:31:32.227 - INFO - CDS - contig=contig_77, start=113604, stop=113810, strand=-, frame=3, truncated=no, start-type=ATG, RBS-motif=GGAG/GAGG
13:31:32.227 - INFO - CDS - contig=contig_77, start=113901, stop=114104, strand=+, frame=3, truncated=no, start-type=ATG, RBS-motif=GGAG/GAGG
13:31:32.227 - INFO - CDS - contig=contig_77, start=114133, stop=116760, strand=+, frame=1, truncated=no, start-type=ATG, RBS-motif=AGGA/GGAG/GAGG
13:31:32.227 - INFO - CDS - contig=contig_77, start=116939, stop=117727, strand=+, frame=2, truncated=no, start-type=ATG, RBS-motif=GGAG/GAGG
13:31:32.227 - INFO - CDS - contig=contig_77, start=117789, stop=118580, strand=-, frame=3, truncated=no, start-type=TTG, RBS-motif=AGxAGG/AGGxGG
13:31:32.227 - INFO - CDS - contig=contig_77, start=118777, stop=119595, strand=-, frame=2, truncated=no, start-type=ATG, RBS-motif=AGGAGG
13:31:32.228 - INFO - CDS - contig=contig_77, start=119909, stop=120676, strand=-, frame=1, truncated=no, start-type=ATG, RBS-motif=AGGAG
13:31:32.228 - INFO - CDS - contig=contig_77, start=120798, stop=120983, strand=-, frame=3, truncated=no, start-type=ATG, RBS-motif=GGxGG
13:31:32.228 - INFO - CDS - contig=contig_77, start=121097, stop=121285, strand=-, frame=1, truncated=no, start-type=ATG, RBS-motif=AGGAGG
13:31:32.228 - INFO - CDS - contig=contig_77, start=121433, stop=122074, strand=-, frame=1, truncated=no, start-type=TTG, RBS-motif=AGxAGG/AGGxGG
13:31:32.228 - INFO - CDS - contig=contig_77, start=122196, stop=122507, strand=+, frame=3, truncated=no, start-type=ATG, RBS-motif=AGGAGG
13:31:32.228 - INFO - CDS - contig=contig_77, start=122494, stop=123246, strand=+, frame=1, truncated=no, start-type=ATG, RBS-motif=GGA/GAG/AGG
13:31:32.228 - INFO - CDS - contig=contig_77, start=123243, stop=124130, strand=+, frame=3, truncated=no, start-type=ATG, RBS-motif=GGAG/GAGG
13:31:32.228 - INFO - CDS - contig=contig_77, start=124967, stop=125494, strand=-, frame=1, truncated=no, start-type=ATG, RBS-motif=GGAG/GAGG
13:31:32.228 - INFO - CDS - contig=contig_77, start=125702, stop=127084, strand=+, frame=2, truncated=no, start-type=GTG, RBS-motif=GGAGG
13:31:32.228 - INFO - CDS - contig=contig_77, start=127100, stop=127783, strand=-, frame=1, truncated=no, start-type=ATG, RBS-motif=GGAGG
13:31:32.228 - INFO - CDS - contig=contig_77, start=127828, stop=128760, strand=-, frame=2, truncated=no, start-type=ATG, RBS-motif=AGxAGG/AGGxGG
13:31:32.228 - INFO - CDS - contig=contig_77, start=128848, stop=129933, strand=-, frame=2, truncated=no, start-type=ATG, RBS-motif=AGxAGG/AGGxGG
13:31:32.228 - INFO - CDS - contig=contig_77, start=129930, stop=132170, strand=-, frame=3, truncated=no, start-type=ATG, RBS-motif=GGAGG
13:31:32.228 - INFO - CDS - contig=contig_77, start=132374, stop=132919, strand=+, frame=2, truncated=no, start-type=ATG, RBS-motif=AGGAG
13:31:32.228 - INFO - CDS - contig=contig_77, start=133030, stop=133584, strand=+, frame=1, truncated=no, start-type=ATG, RBS-motif=AGxAGG/AGGxGG
13:31:32.228 - INFO - CDS - contig=contig_77, start=133836, stop=134075, strand=-, frame=3, truncated=no, start-type=ATG, RBS-motif=None
13:31:32.228 - INFO - CDS - contig=contig_77, start=134306, stop=135505, strand=+, frame=2, truncated=no, start-type=ATG, RBS-motif=GGAGG
13:31:32.228 - INFO - CDS - contig=contig_77, start=135555, stop=136136, strand=+, frame=3, truncated=no, start-type=ATG, RBS-motif=AGGAGG
13:31:32.228 - INFO - CDS - contig=contig_77, start=136261, stop=138036, strand=+, frame=1, truncated=no, start-type=ATG, RBS-motif=AGGAGG
13:31:32.228 - INFO - CDS - contig=contig_77, start=138181, stop=139530, strand=+, frame=1, truncated=no, start-type=ATG, RBS-motif=AGGAG
13:31:32.228 - INFO - CDS - contig=contig_77, start=139712, stop=140782, strand=+, frame=2, truncated=no, start-type=ATG, RBS-motif=GGAG/GAGG
13:31:32.228 - INFO - CDS - contig=contig_77, start=140769, stop=141113, strand=+, frame=3, truncated=no, start-type=ATG, RBS-motif=AGGAGG
13:31:32.228 - INFO - CDS - contig=contig_77, start=141545, stop=142432, strand=+, frame=2, truncated=no, start-type=ATG, RBS-motif=GGAGG
13:31:32.228 - INFO - CDS - contig=contig_77, start=142975, stop=143856, strand=-, frame=2, truncated=no, start-type=TTG, RBS-motif=AGGAG
13:31:32.228 - INFO - CDS - contig=contig_77, start=143916, stop=144497, strand=-, frame=3, truncated=no, start-type=ATG, RBS-motif=GGAGG
13:31:32.228 - INFO - CDS - contig=contig_77, start=144564, stop=144905, strand=-, frame=3, truncated=no, start-type=ATG, RBS-motif=AGGAG
13:31:32.229 - INFO - CDS - contig=contig_77, start=145832, stop=146890, strand=-, frame=1, truncated=no, start-type=ATG, RBS-motif=3Base/5BMM
13:31:32.229 - INFO - CDS - contig=contig_77, start=147046, stop=147591, strand=+, frame=1, truncated=no, start-type=ATG, RBS-motif=AGGAGG
13:31:32.229 - INFO - CDS - contig=contig_77, start=147595, stop=147807, strand=-, frame=2, truncated=no, start-type=ATG, RBS-motif=GGAGG
13:31:32.229 - INFO - CDS - contig=contig_77, start=147910, stop=148434, strand=+, frame=1, truncated=no, start-type=ATG, RBS-motif=AGGAG/GGAGG
13:31:32.229 - INFO - CDS - contig=contig_77, start=148431, stop=149252, strand=+, frame=3, truncated=no, start-type=GTG, RBS-motif=AGGAGG
13:31:32.229 - INFO - CDS - contig=contig_77, start=149332, stop=149529, strand=+, frame=1, truncated=no, start-type=ATG, RBS-motif=GGAGG
13:31:32.229 - INFO - CDS - contig=contig_77, start=149575, stop=150345, strand=+, frame=1, truncated=no, start-type=ATG, RBS-motif=AGxAGG/AGGxGG
13:31:32.229 - INFO - CDS - contig=contig_77, start=150472, stop=151800, strand=-, frame=2, truncated=no, start-type=ATG, RBS-motif=AGGAGG
13:31:32.229 - INFO - CDS - contig=contig_77, start=152386, stop=152955, strand=+, frame=1, truncated=no, start-type=ATG, RBS-motif=GGAGG
13:31:32.229 - INFO - CDS - contig=contig_77, start=153072, stop=153521, strand=+, frame=3, truncated=no, start-type=ATG, RBS-motif=AGGAG
13:31:32.229 - INFO - CDS - contig=contig_77, start=153639, stop=153785, strand=+, frame=3, truncated=no, start-type=ATG, RBS-motif=GGA/GAG/AGG
13:31:32.229 - INFO - CDS - contig=contig_77, start=153918, stop=154640, strand=+, frame=3, truncated=no, start-type=ATG, RBS-motif=GGxGG
13:31:32.229 - INFO - CDS - contig=contig_77, start=154734, stop=155063, strand=+, frame=3, truncated=no, start-type=ATG, RBS-motif=3Base/5BMM
13:31:32.229 - INFO - CDS - contig=contig_77, start=155139, stop=155540, strand=-, frame=3, truncated=no, start-type=ATG, RBS-motif=AGGAG
13:31:32.229 - INFO - CDS - contig=contig_77, start=155544, stop=155906, strand=-, frame=3, truncated=no, start-type=ATG, RBS-motif=GGAG/GAGG
13:31:32.229 - INFO - CDS - contig=contig_77, start=156268, stop=156615, strand=-, frame=2, truncated=no, start-type=ATG, RBS-motif=AGGA
13:31:32.229 - INFO - CDS - contig=contig_77, start=156612, stop=160214, strand=-, frame=3, truncated=no, start-type=ATG, RBS-motif=AGGA
13:31:32.229 - INFO - CDS - contig=contig_77, start=160309, stop=163356, strand=-, frame=2, truncated=no, start-type=ATG, RBS-motif=GGAGG
13:31:32.229 - INFO - CDS - contig=contig_77, start=163706, stop=164302, strand=-, frame=1, truncated=no, start-type=ATG, RBS-motif=GGAG/GAGG
13:31:32.229 - INFO - CDS - contig=contig_77, start=164311, stop=164883, strand=-, frame=2, truncated=no, start-type=ATG, RBS-motif=AGGAG
13:31:32.229 - INFO - CDS - contig=contig_77, start=164880, stop=165590, strand=-, frame=3, truncated=no, start-type=ATG, RBS-motif=AGxAGG/AGGxGG
13:31:32.229 - INFO - CDS - contig=contig_77, start=165590, stop=166264, strand=-, frame=1, truncated=no, start-type=ATG, RBS-motif=AGGAGG
13:31:32.229 - INFO - CDS - contig=contig_77, start=166277, stop=167341, strand=-, frame=1, truncated=no, start-type=ATG, RBS-motif=AGGA
13:31:32.229 - INFO - CDS - contig=contig_77, start=167364, stop=167582, strand=-, frame=3, truncated=no, start-type=ATG, RBS-motif=GGAG/GAGG
13:31:32.229 - INFO - CDS - contig=contig_77, start=167655, stop=167891, strand=+, frame=3, truncated=no, start-type=ATG, RBS-motif=GGAG/GAGG
13:31:32.229 - INFO - CDS - contig=contig_77, start=167886, stop=168605, strand=-, frame=3, truncated=no, start-type=GTG, RBS-motif=AGxAGG/AGGxGG
13:31:32.229 - INFO - CDS - contig=contig_77, start=168766, stop=169266, strand=-, frame=2, truncated=no, start-type=TTG, RBS-motif=GGAG/GAGG
13:31:32.230 - INFO - CDS - contig=contig_77, start=169369, stop=170166, strand=+, frame=1, truncated=no, start-type=ATG, RBS-motif=AGxAGG/AGGxGG
13:31:32.230 - INFO - CDS - contig=contig_77, start=170224, stop=170406, strand=-, frame=2, truncated=no, start-type=ATG, RBS-motif=GGAGG
13:31:32.230 - INFO - CDS - contig=contig_77, start=170591, stop=173029, strand=-, frame=1, truncated=no, start-type=TTG, RBS-motif=AGGA
13:31:32.230 - INFO - CDS - contig=contig_77, start=173289, stop=173711, strand=+, frame=3, truncated=no, start-type=GTG, RBS-motif=AGGA
13:31:32.230 - INFO - CDS - contig=contig_77, start=173771, stop=175681, strand=+, frame=2, truncated=no, start-type=ATG, RBS-motif=AGGAGG
13:31:32.230 - INFO - CDS - contig=contig_77, start=175709, stop=176920, strand=+, frame=2, truncated=no, start-type=ATG, RBS-motif=AGGAGG
13:31:32.230 - INFO - CDS - contig=contig_77, start=177018, stop=178007, strand=-, frame=3, truncated=no, start-type=ATG, RBS-motif=GGAG/GAGG
13:31:32.230 - INFO - CDS - contig=contig_77, start=178004, stop=178819, strand=-, frame=1, truncated=no, start-type=ATG, RBS-motif=AGGAG
13:31:32.230 - INFO - CDS - contig=contig_77, start=178812, stop=179570, strand=-, frame=3, truncated=no, start-type=ATG, RBS-motif=AGGAG/GGAGG
13:31:32.230 - INFO - CDS - contig=contig_77, start=179756, stop=180454, strand=-, frame=1, truncated=no, start-type=ATG, RBS-motif=GGA/GAG/AGG
13:31:32.230 - INFO - CDS - contig=contig_77, start=180552, stop=180671, strand=+, frame=3, truncated=no, start-type=ATG, RBS-motif=GGAG/GAGG
13:31:32.230 - INFO - CDS - contig=contig_77, start=180774, stop=181106, strand=+, frame=3, truncated=no, start-type=ATG, RBS-motif=AGGAG
13:31:32.230 - INFO - CDS - contig=contig_77, start=181167, stop=182087, strand=+, frame=3, truncated=no, start-type=ATG, RBS-motif=GGAG/GAGG
13:31:32.230 - INFO - CDS - contig=contig_77, start=182397, stop=183092, strand=-, frame=3, truncated=no, start-type=ATG, RBS-motif=AGGAGG
13:31:32.230 - INFO - CDS - contig=contig_77, start=183205, stop=183489, strand=-, frame=2, truncated=no, start-type=ATG, RBS-motif=AGGAGG
13:31:32.230 - INFO - CDS - contig=contig_77, start=183658, stop=184056, strand=+, frame=1, truncated=no, start-type=ATG, RBS-motif=AGGAG
13:31:32.230 - INFO - CDS - contig=contig_77, start=184141, stop=184674, strand=+, frame=1, truncated=no, start-type=ATG, RBS-motif=AGGAG
13:31:32.230 - INFO - CDS - contig=contig_77, start=184686, stop=185144, strand=+, frame=3, truncated=no, start-type=ATG, RBS-motif=GGA/GAG/AGG
13:31:32.230 - INFO - CDS - contig=contig_77, start=185296, stop=185697, strand=+, frame=1, truncated=no, start-type=ATG, RBS-motif=AGxAGG/AGGxGG
13:31:32.230 - INFO - CDS - contig=contig_77, start=185699, stop=187318, strand=+, frame=2, truncated=no, start-type=ATG, RBS-motif=GGAGG
13:31:32.230 - INFO - CDS - contig=contig_77, start=187331, stop=188020, strand=+, frame=2, truncated=no, start-type=ATG, RBS-motif=GGAG/GAGG
13:31:32.230 - INFO - CDS - contig=contig_77, start=188078, stop=188242, strand=-, frame=1, truncated=no, start-type=ATG, RBS-motif=AGGAGG
13:31:32.230 - INFO - CDS - contig=contig_77, start=188418, stop=189341, strand=+, frame=3, truncated=no, start-type=ATG, RBS-motif=GGAG/GAGG
13:31:32.230 - INFO - CDS - contig=contig_77, start=189334, stop=190089, strand=+, frame=1, truncated=no, start-type=ATG, RBS-motif=GGxGG
13:31:32.230 - INFO - CDS - contig=contig_77, start=190089, stop=190856, strand=+, frame=3, truncated=no, start-type=ATG, RBS-motif=GGA/GAG/AGG
13:31:32.230 - INFO - CDS - contig=contig_77, start=190874, stop=191764, strand=+, frame=2, truncated=no, start-type=ATG, RBS-motif=AGGAGG
13:31:32.230 - INFO - CDS - contig=contig_77, start=191897, stop=192754, strand=+, frame=2, truncated=no, start-type=ATG, RBS-motif=GGAG/GAGG
13:31:32.231 - INFO - CDS - contig=contig_77, start=192768, stop=194162, strand=+, frame=3, truncated=no, start-type=ATG, RBS-motif=AGGAGG
13:31:32.231 - INFO - CDS - contig=contig_77, start=194341, stop=194907, strand=-, frame=2, truncated=no, start-type=ATG, RBS-motif=AGGAGG
13:31:32.231 - INFO - CDS - contig=contig_77, start=195096, stop=195311, strand=-, frame=3, truncated=no, start-type=ATG, RBS-motif=GGxGG
13:31:32.231 - INFO - CDS - contig=contig_77, start=195350, stop=195547, strand=-, frame=1, truncated=no, start-type=ATG, RBS-motif=AGGAGG
13:31:32.231 - INFO - CDS - contig=contig_77, start=195606, stop=196973, strand=-, frame=3, truncated=no, start-type=ATG, RBS-motif=GGAG/GAGG
13:31:32.231 - INFO - CDS - contig=contig_77, start=197110, stop=198438, strand=-, frame=2, truncated=no, start-type=ATG, RBS-motif=AGGA
13:31:32.231 - INFO - CDS - contig=contig_77, start=198555, stop=201506, strand=-, frame=3, truncated=no, start-type=ATG, RBS-motif=GGAG/GAGG
13:31:32.231 - INFO - CDS - contig=contig_77, start=201695, stop=203014, strand=-, frame=1, truncated=no, start-type=ATG, RBS-motif=AGGAGG
13:31:32.231 - INFO - CDS - contig=contig_77, start=203189, stop=203758, strand=+, frame=2, truncated=no, start-type=ATG, RBS-motif=AGxAGG/AGGxGG
13:31:32.231 - INFO - CDS - contig=contig_77, start=203775, stop=203960, strand=+, frame=3, truncated=no, start-type=ATG, RBS-motif=AGGAGG
13:31:32.231 - INFO - CDS - contig=contig_77, start=203975, stop=204226, strand=+, frame=2, truncated=no, start-type=ATG, RBS-motif=AGGAGG
13:31:32.231 - INFO - CDS - contig=contig_77, start=204355, stop=205545, strand=+, frame=1, truncated=no, start-type=ATG, RBS-motif=AGGAG
13:31:32.231 - INFO - CDS - contig=contig_77, start=205564, stop=206001, strand=+, frame=1, truncated=no, start-type=ATG, RBS-motif=AGGAG
13:31:32.231 - INFO - CDS - contig=contig_77, start=206153, stop=207118, strand=+, frame=2, truncated=no, start-type=ATG, RBS-motif=AGGAGG
13:31:32.231 - INFO - CDS - contig=contig_77, start=207296, stop=208003, strand=+, frame=2, truncated=no, start-type=ATG, RBS-motif=AGGAGG
13:31:32.231 - INFO - CDS - contig=contig_77, start=208092, stop=209006, strand=+, frame=3, truncated=no, start-type=ATG, RBS-motif=GGAGG
13:31:32.231 - INFO - CDS - contig=contig_77, start=209406, stop=210119, strand=-, frame=3, truncated=no, start-type=ATG, RBS-motif=GGxGG
13:31:32.231 - INFO - CDS - contig=contig_77, start=210516, stop=211139, strand=+, frame=3, truncated=no, start-type=ATG, RBS-motif=AGGAGG
13:31:32.231 - INFO - CDS - contig=contig_77, start=211242, stop=211916, strand=-, frame=3, truncated=no, start-type=ATG, RBS-motif=GGA/GAG/AGG
13:31:32.231 - INFO - CDS - contig=contig_77, start=211927, stop=212316, strand=-, frame=2, truncated=no, start-type=GTG, RBS-motif=AGGAG
13:31:32.231 - INFO - CDS - contig=contig_77, start=212604, stop=213191, strand=-, frame=3, truncated=no, start-type=TTG, RBS-motif=AGxAGG/AGGxGG
13:31:32.231 - INFO - CDS - contig=contig_77, start=213323, stop=213763, strand=-, frame=1, truncated=no, start-type=ATG, RBS-motif=None
13:31:32.231 - INFO - CDS - contig=contig_77, start=214059, stop=214730, strand=-, frame=3, truncated=no, start-type=ATG, RBS-motif=AGGAG
13:31:32.231 - INFO - CDS - contig=contig_77, start=215659, stop=216510, strand=-, frame=2, truncated=no, start-type=ATG, RBS-motif=GGAG/GAGG
13:31:32.231 - INFO - CDS - contig=contig_77, start=217420, stop=217662, strand=-, frame=2, truncated=no, start-type=ATG, RBS-motif=AGGAG
13:31:32.231 - INFO - CDS - contig=contig_77, start=217865, stop=218743, strand=+, frame=2, truncated=no, start-type=ATG, RBS-motif=AGxAGG/AGGxGG
13:31:32.231 - INFO - CDS - contig=contig_77, start=218819, stop=219757, strand=-, frame=1, truncated=no, start-type=ATG, RBS-motif=GGA/GAG/AGG
13:31:32.231 - INFO - CDS - contig=contig_77, start=220205, stop=220579, strand=-, frame=1, truncated=no, start-type=ATG, RBS-motif=AGGAGG
13:31:32.232 - INFO - CDS - contig=contig_77, start=220590, stop=221162, strand=-, frame=3, truncated=no, start-type=GTG, RBS-motif=None
13:31:32.232 - INFO - CDS - contig=contig_77, start=221214, stop=221942, strand=-, frame=3, truncated=no, start-type=ATG, RBS-motif=AGxAGG/AGGxGG
13:31:32.232 - INFO - CDS - contig=contig_77, start=222119, stop=222715, strand=-, frame=1, truncated=no, start-type=ATG, RBS-motif=3Base/5BMM
13:31:32.232 - INFO - CDS - contig=contig_77, start=222712, stop=223107, strand=-, frame=2, truncated=no, start-type=ATG, RBS-motif=AGxAGG/AGGxGG
13:31:32.232 - INFO - CDS - contig=contig_77, start=223112, stop=223669, strand=-, frame=1, truncated=no, start-type=ATG, RBS-motif=GGAGG
13:31:32.232 - INFO - CDS - contig=contig_77, start=223683, stop=224117, strand=-, frame=3, truncated=no, start-type=ATG, RBS-motif=AGGAGG
13:31:32.232 - INFO - CDS - contig=contig_77, start=224114, stop=224611, strand=-, frame=1, truncated=no, start-type=ATG, RBS-motif=AGGAG
13:31:32.232 - INFO - CDS - contig=contig_77, start=224624, stop=225259, strand=-, frame=1, truncated=no, start-type=ATG, RBS-motif=GGAGG
13:31:32.232 - INFO - CDS - contig=contig_77, start=225262, stop=225582, strand=-, frame=2, truncated=no, start-type=ATG, RBS-motif=AGGAGG
13:31:32.232 - INFO - CDS - contig=contig_77, start=225584, stop=226492, strand=-, frame=1, truncated=no, start-type=ATG, RBS-motif=AGxAGG/AGGxGG
13:31:32.232 - INFO - CDS - contig=contig_77, start=226977, stop=227153, strand=+, frame=3, truncated=no, start-type=GTG, RBS-motif=GGxGG
13:31:32.232 - INFO - CDS - contig=contig_77, start=227160, stop=227909, strand=+, frame=3, truncated=no, start-type=ATG, RBS-motif=None
13:31:32.232 - INFO - CDS - contig=contig_77, start=227919, stop=228362, strand=+, frame=3, truncated=no, start-type=ATG, RBS-motif=GGA/GAG/AGG
13:31:32.232 - INFO - CDS - contig=contig_77, start=228400, stop=228672, strand=-, frame=2, truncated=no, start-type=TTG, RBS-motif=GGA/GAG/AGG
13:31:32.232 - INFO - CDS - contig=contig_77, start=228629, stop=232366, strand=-, frame=1, truncated=no, start-type=ATG, RBS-motif=None
13:31:32.232 - INFO - CDS - contig=contig_77, start=232625, stop=234535, strand=-, frame=1, truncated=no, start-type=ATG, RBS-motif=GGAGG
13:31:32.232 - INFO - CDS - contig=contig_77, start=235303, stop=236496, strand=-, frame=2, truncated=no, start-type=ATG, RBS-motif=AGGAGG
13:31:32.232 - INFO - CDS - contig=contig_77, start=237092, stop=238384, strand=-, frame=1, truncated=no, start-type=ATG, RBS-motif=AGGAGG
13:31:32.232 - INFO - CDS - contig=contig_77, start=238395, stop=240092, strand=-, frame=3, truncated=no, start-type=ATG, RBS-motif=AGGAG
13:31:32.232 - INFO - CDS - contig=contig_77, start=240117, stop=241295, strand=-, frame=3, truncated=no, start-type=ATG, RBS-motif=AGGAGG
13:31:32.232 - INFO - CDS - contig=contig_77, start=241376, stop=242932, strand=-, frame=1, truncated=no, start-type=ATG, RBS-motif=AGGAGG
13:31:32.232 - INFO - CDS - contig=contig_77, start=243013, stop=244200, strand=-, frame=2, truncated=no, start-type=TTG, RBS-motif=AGGAG
13:31:32.232 - INFO - CDS - contig=contig_77, start=244454, stop=246568, strand=-, frame=1, truncated=no, start-type=ATG, RBS-motif=AGxAGG/AGGxGG
13:31:32.232 - INFO - CDS - contig=contig_77, start=246766, stop=247944, strand=+, frame=1, truncated=no, start-type=ATG, RBS-motif=AGGAG
13:31:32.232 - INFO - CDS - contig=contig_77, start=248050, stop=248265, strand=+, frame=1, truncated=no, start-type=ATG, RBS-motif=None
13:31:32.232 - INFO - CDS - contig=contig_77, start=248726, stop=249442, strand=-, frame=1, truncated=no, start-type=GTG, RBS-motif=GGA/GAG/AGG
13:31:32.232 - INFO - CDS - contig=contig_77, start=249426, stop=250091, strand=-, frame=3, truncated=no, start-type=GTG, RBS-motif=GGA/GAG/AGG
13:31:32.233 - INFO - CDS - contig=contig_77, start=250095, stop=250577, strand=-, frame=3, truncated=no, start-type=GTG, RBS-motif=None
13:31:32.233 - INFO - CDS - contig=contig_77, start=250751, stop=252037, strand=-, frame=1, truncated=no, start-type=ATG, RBS-motif=AGGAG
13:31:32.233 - INFO - CDS - contig=contig_77, start=252241, stop=252687, strand=+, frame=1, truncated=no, start-type=GTG, RBS-motif=GGA/GAG/AGG
13:31:32.233 - INFO - CDS - contig=contig_77, start=252880, stop=253140, strand=+, frame=1, truncated=no, start-type=ATG, RBS-motif=AGGAG
13:31:32.233 - INFO - CDS - contig=contig_77, start=253222, stop=253836, strand=-, frame=2, truncated=no, start-type=TTG, RBS-motif=GGAG/GAGG
13:31:32.233 - INFO - CDS - contig=contig_77, start=254796, stop=255368, strand=-, frame=3, truncated=no, start-type=ATG, RBS-motif=AGGAGG
13:31:32.233 - INFO - CDS - contig=contig_77, start=255365, stop=256195, strand=-, frame=1, truncated=no, start-type=GTG, RBS-motif=AGGAGG
13:31:32.233 - INFO - CDS - contig=contig_77, start=256188, stop=256901, strand=-, frame=3, truncated=no, start-type=ATG, RBS-motif=AGGA/GGAG/GAGG
13:31:32.233 - INFO - CDS - contig=contig_77, start=256903, stop=258408, strand=-, frame=2, truncated=no, start-type=ATG, RBS-motif=GGAGG
13:31:32.233 - INFO - CDS - contig=contig_77, start=258506, stop=258817, strand=-, frame=1, truncated=no, start-type=ATG, RBS-motif=AGGAG
13:31:32.233 - INFO - CDS - contig=contig_77, start=258839, stop=259243, strand=-, frame=1, truncated=no, start-type=ATG, RBS-motif=AGGAGG
13:31:32.233 - INFO - CDS - contig=contig_77, start=259311, stop=260057, strand=-, frame=3, truncated=no, start-type=ATG, RBS-motif=AGGA
13:31:32.233 - INFO - CDS - contig=contig_77, start=260208, stop=260456, strand=-, frame=3, truncated=no, start-type=ATG, RBS-motif=GGA/GAG/AGG
13:31:32.233 - INFO - CDS - contig=contig_77, start=260647, stop=261390, strand=+, frame=1, truncated=no, start-type=GTG, RBS-motif=GGAGG
13:31:32.233 - INFO - CDS - contig=contig_77, start=261461, stop=262186, strand=+, frame=2, truncated=no, start-type=ATG, RBS-motif=AGGAGG
13:31:32.233 - INFO - CDS - contig=contig_77, start=262183, stop=262926, strand=+, frame=1, truncated=no, start-type=ATG, RBS-motif=AGGAGG
13:31:32.233 - INFO - CDS - contig=contig_77, start=263342, stop=263746, strand=+, frame=2, truncated=no, start-type=ATG, RBS-motif=GGxGG
13:31:32.233 - INFO - CDS - contig=contig_77, start=263763, stop=264479, strand=+, frame=3, truncated=no, start-type=ATG, RBS-motif=GGAGG
13:31:32.233 - INFO - CDS - contig=contig_77, start=265293, stop=266921, strand=-, frame=3, truncated=no, start-type=ATG, RBS-motif=AGGA/GGAG/GAGG
13:31:32.233 - INFO - CDS - contig=contig_77, start=267172, stop=267792, strand=-, frame=2, truncated=no, start-type=GTG, RBS-motif=GGAG/GAGG
13:31:32.233 - INFO - CDS - contig=contig_77, start=267848, stop=268201, strand=-, frame=1, truncated=no, start-type=ATG, RBS-motif=AGxAGG/AGGxGG
13:31:32.233 - INFO - CDS - contig=contig_77, start=268759, stop=269433, strand=-, frame=2, truncated=no, start-type=ATG, RBS-motif=AGxAGG/AGGxGG
13:31:32.233 - INFO - CDS - contig=contig_77, start=269804, stop=271402, strand=+, frame=2, truncated=no, start-type=ATG, RBS-motif=GGAG/GAGG
13:31:32.233 - INFO - CDS - contig=contig_77, start=271419, stop=272714, strand=+, frame=3, truncated=no, start-type=ATG, RBS-motif=GGAGG
13:31:32.233 - INFO - CDS - contig=contig_77, start=272711, stop=274699, strand=+, frame=2, truncated=no, start-type=ATG, RBS-motif=GGAG/GAGG
13:31:32.233 - INFO - CDS - contig=contig_77, start=274674, stop=275618, strand=+, frame=3, truncated=no, start-type=ATG, RBS-motif=3Base/5BMM
13:31:32.233 - INFO - CDS - contig=contig_77, start=276079, stop=276399, strand=+, frame=1, truncated=no, start-type=TTG, RBS-motif=3Base/5BMM
13:31:32.233 - INFO - CDS - contig=contig_77, start=276401, stop=276868, strand=+, frame=2, truncated=no, start-type=ATG, RBS-motif=GGAG/GAGG
13:31:32.233 - INFO - CDS - contig=contig_77, start=276874, stop=279144, strand=+, frame=1, truncated=no, start-type=ATG, RBS-motif=GGAG/GAGG
13:31:32.234 - INFO - CDS - contig=contig_77, start=279190, stop=279573, strand=+, frame=1, truncated=no, start-type=ATG, RBS-motif=GGA/GAG/AGG
13:31:32.234 - INFO - CDS - contig=contig_77, start=279635, stop=280168, strand=+, frame=2, truncated=no, start-type=ATG, RBS-motif=AGGA
13:31:32.234 - INFO - CDS - contig=contig_77, start=280165, stop=280545, strand=+, frame=1, truncated=no, start-type=ATG, RBS-motif=GGAGG
13:31:32.234 - INFO - CDS - contig=contig_77, start=280871, stop=282061, strand=+, frame=2, truncated=no, start-type=ATG, RBS-motif=GGA/GAG/AGG
13:31:32.234 - INFO - CDS - contig=contig_77, start=282148, stop=283113, strand=-, frame=2, truncated=no, start-type=ATG, RBS-motif=AGGAG
13:31:32.234 - INFO - CDS - contig=contig_77, start=283432, stop=283614, strand=+, frame=1, truncated=no, start-type=ATG, RBS-motif=AGGA
13:31:32.234 - INFO - CDS - contig=contig_77, start=283616, stop=283825, strand=+, frame=2, truncated=no, start-type=ATG, RBS-motif=GGAGG
13:31:32.234 - INFO - CDS - contig=contig_77, start=283822, stop=284262, strand=+, frame=1, truncated=no, start-type=ATG, RBS-motif=GGAGG
13:31:32.234 - INFO - CDS - contig=contig_77, start=284256, stop=284627, strand=+, frame=3, truncated=no, start-type=ATG, RBS-motif=AGGAG/GGAGG
13:31:32.234 - INFO - CDS - contig=contig_77, start=284961, stop=285371, strand=+, frame=3, truncated=no, start-type=ATG, RBS-motif=AGGAGG
13:31:32.234 - INFO - CDS - contig=contig_77, start=285368, stop=287158, strand=+, frame=2, truncated=no, start-type=ATG, RBS-motif=GGAG/GAGG
13:31:32.234 - INFO - CDS - contig=contig_77, start=287301, stop=287606, strand=+, frame=3, truncated=no, start-type=ATG, RBS-motif=AGGAGG
13:31:32.234 - INFO - CDS - contig=contig_77, start=287612, stop=287815, strand=+, frame=2, truncated=no, start-type=ATG, RBS-motif=AGGAGG
13:31:32.234 - INFO - CDS - contig=contig_77, start=287869, stop=289071, strand=+, frame=1, truncated=no, start-type=ATG, RBS-motif=GGAGG
13:31:32.234 - INFO - CDS - contig=contig_77, start=289035, stop=290663, strand=+, frame=3, truncated=no, start-type=ATG, RBS-motif=AGGAG
13:31:32.234 - INFO - CDS - contig=contig_77, start=290692, stop=290820, strand=+, frame=1, truncated=no, start-type=ATG, RBS-motif=AGGAGG
13:31:32.234 - INFO - CDS - contig=contig_77, start=291115, stop=291303, strand=+, frame=1, truncated=no, start-type=ATG, RBS-motif=GGAG/GAGG
13:31:32.234 - INFO - CDS - contig=contig_77, start=291564, stop=293096, strand=-, frame=3, truncated=no, start-type=ATG, RBS-motif=AGGAGG
13:31:32.234 - INFO - CDS - contig=contig_77, start=293096, stop=294781, strand=-, frame=1, truncated=no, start-type=ATG, RBS-motif=AGxAGG/AGGxGG
13:31:32.234 - INFO - CDS - contig=contig_77, start=296005, stop=296553, strand=+, frame=1, truncated=no, start-type=ATG, RBS-motif=GGAGG
13:31:32.234 - INFO - CDS - contig=contig_77, start=296648, stop=296806, strand=+, frame=2, truncated=no, start-type=ATG, RBS-motif=GGAGG
13:31:32.234 - INFO - CDS - contig=contig_77, start=296886, stop=297344, strand=-, frame=3, truncated=no, start-type=ATG, RBS-motif=AGGAGG
13:31:32.234 - INFO - CDS - contig=contig_77, start=297493, stop=298194, strand=+, frame=1, truncated=no, start-type=ATG, RBS-motif=GGAG/GAGG
13:31:32.234 - INFO - CDS - contig=contig_77, start=298467, stop=300152, strand=+, frame=3, truncated=no, start-type=ATG, RBS-motif=AGxAGG/AGGxGG
13:31:32.234 - INFO - CDS - contig=contig_77, start=300356, stop=300598, strand=+, frame=2, truncated=no, start-type=ATG, RBS-motif=AGGAGG
13:31:32.234 - INFO - CDS - contig=contig_77, start=300682, stop=301116, strand=+, frame=1, truncated=no, start-type=ATG, RBS-motif=AGGAGG
13:31:32.234 - INFO - CDS - contig=contig_77, start=301321, stop=301791, strand=+, frame=1, truncated=no, start-type=GTG, RBS-motif=AGGAGG
13:31:32.234 - INFO - CDS - contig=contig_77, start=301810, stop=303918, strand=+, frame=1, truncated=no, start-type=ATG, RBS-motif=AGGAG
13:31:32.234 - INFO - CDS - contig=contig_77, start=304030, stop=305232, strand=+, frame=1, truncated=no, start-type=ATG, RBS-motif=AGGAGG
13:31:32.234 - INFO - CDS - contig=contig_77, start=305467, stop=306021, strand=+, frame=1, truncated=no, start-type=ATG, RBS-motif=GGAG/GAGG
13:31:32.235 - INFO - CDS - contig=contig_77, start=306310, stop=307125, strand=+, frame=1, truncated=no, start-type=TTG, RBS-motif=GGAGG
13:31:32.235 - INFO - CDS - contig=contig_77, start=307155, stop=308591, strand=+, frame=3, truncated=no, start-type=ATG, RBS-motif=AGGA
13:31:32.235 - INFO - CDS - contig=contig_77, start=308640, stop=309986, strand=+, frame=3, truncated=no, start-type=ATG, RBS-motif=AGGAG
13:31:32.235 - INFO - CDS - contig=contig_77, start=310214, stop=311047, strand=+, frame=2, truncated=no, start-type=ATG, RBS-motif=AGxAGG/AGGxGG
13:31:32.235 - INFO - CDS - contig=contig_77, start=311063, stop=311632, strand=+, frame=2, truncated=no, start-type=ATG, RBS-motif=GGA/GAG/AGG
13:31:32.235 - INFO - CDS - contig=contig_77, start=311736, stop=312200, strand=-, frame=3, truncated=no, start-type=GTG, RBS-motif=GGAG/GAGG
13:31:32.235 - INFO - CDS - contig=contig_77, start=312305, stop=313051, strand=+, frame=2, truncated=no, start-type=ATG, RBS-motif=AGxAGG/AGGxGG
13:31:32.235 - INFO - CDS - contig=contig_77, start=313225, stop=314316, strand=+, frame=1, truncated=no, start-type=ATG, RBS-motif=AGGAGG
13:31:32.235 - INFO - CDS - contig=contig_77, start=314520, stop=315212, strand=+, frame=3, truncated=no, start-type=ATG, RBS-motif=AGGAG
13:31:32.235 - INFO - CDS - contig=contig_77, start=315196, stop=316095, strand=+, frame=1, truncated=no, start-type=ATG, RBS-motif=GGxGG
13:31:32.235 - INFO - CDS - contig=contig_77, start=316119, stop=317381, strand=+, frame=3, truncated=no, start-type=TTG, RBS-motif=GGAGG
13:31:32.235 - INFO - CDS - contig=contig_77, start=317509, stop=318609, strand=+, frame=1, truncated=no, start-type=TTG, RBS-motif=AGGA/GGAG/GAGG
13:31:32.235 - INFO - CDS - contig=contig_77, start=318758, stop=319486, strand=+, frame=2, truncated=no, start-type=ATG, RBS-motif=AGxAGG/AGGxGG
13:31:32.235 - INFO - CDS - contig=contig_77, start=319577, stop=320053, strand=+, frame=2, truncated=no, start-type=ATG, RBS-motif=GGA/GAG/AGG
13:31:32.235 - INFO - CDS - contig=contig_77, start=320102, stop=321604, strand=+, frame=2, truncated=no, start-type=ATG, RBS-motif=AGGAG
13:31:32.235 - INFO - CDS - contig=contig_77, start=321772, stop=323001, strand=-, frame=2, truncated=no, start-type=ATG, RBS-motif=GGAGG
13:31:32.235 - INFO - CDS - contig=contig_77, start=323059, stop=323259, strand=-, frame=2, truncated=no, start-type=ATG, RBS-motif=AGGAGG
13:31:32.235 - INFO - CDS - contig=contig_77, start=324180, stop=325244, strand=+, frame=3, truncated=no, start-type=ATG, RBS-motif=AGGAGG
13:31:32.235 - INFO - CDS - contig=contig_77, start=325261, stop=327534, strand=+, frame=1, truncated=no, start-type=GTG, RBS-motif=AGGAGG
13:31:32.235 - INFO - CDS - contig=contig_77, start=327604, stop=328623, strand=+, frame=1, truncated=no, start-type=ATG, RBS-motif=AGGAG
13:31:32.235 - INFO - CDS - contig=contig_77, start=328662, stop=330440, strand=+, frame=3, truncated=no, start-type=ATG, RBS-motif=GGAGG
13:31:32.235 - INFO - CDS - contig=contig_77, start=330437, stop=330700, strand=+, frame=2, truncated=no, start-type=ATG, RBS-motif=GGA/GAG/AGG
13:31:32.235 - INFO - CDS - contig=contig_77, start=330773, stop=331735, strand=+, frame=2, truncated=no, start-type=ATG, RBS-motif=AGGAG
13:31:32.235 - INFO - CDS - contig=contig_77, start=331747, stop=332298, strand=+, frame=1, truncated=no, start-type=ATG, RBS-motif=AGGAGG
13:31:32.235 - INFO - CDS - contig=contig_77, start=332295, stop=334487, strand=+, frame=3, truncated=no, start-type=TTG, RBS-motif=AGGA/GGAG/GAGG
13:31:32.235 - INFO - CDS - contig=contig_77, start=334553, stop=335035, strand=+, frame=2, truncated=no, start-type=TTG, RBS-motif=GGA/GAG/AGG
13:31:32.236 - INFO - CDS - contig=contig_77, start=335049, stop=335273, strand=+, frame=3, truncated=no, start-type=ATG, RBS-motif=AGGAG
13:31:32.236 - INFO - CDS - contig=contig_77, start=335270, stop=335590, strand=+, frame=2, truncated=no, start-type=ATG, RBS-motif=AGGAG
13:31:32.236 - INFO - CDS - contig=contig_77, start=335590, stop=337614, strand=+, frame=1, truncated=no, start-type=ATG, RBS-motif=AGGAGG
13:31:32.236 - INFO - CDS - contig=contig_77, start=337691, stop=337915, strand=+, frame=2, truncated=no, start-type=ATG, RBS-motif=GGAGG
13:31:32.236 - INFO - CDS - contig=contig_77, start=337936, stop=340056, strand=+, frame=1, truncated=no, start-type=GTG, RBS-motif=AGGAGG
13:31:32.236 - INFO - CDS - contig=contig_77, start=340053, stop=342518, strand=+, frame=3, truncated=no, start-type=ATG, RBS-motif=AGGAGG
13:31:32.236 - INFO - CDS - contig=contig_77, start=342523, stop=343155, strand=+, frame=1, truncated=no, start-type=ATG, RBS-motif=AGGAGG
13:31:32.236 - INFO - CDS - contig=contig_77, start=343333, stop=344244, strand=+, frame=1, truncated=no, start-type=ATG, RBS-motif=AGGAGG
13:31:32.236 - INFO - CDS - contig=contig_77, start=344244, stop=344678, strand=+, frame=3, truncated=no, start-type=ATG, RBS-motif=GGxGG
13:31:32.236 - INFO - CDS - contig=contig_77, start=344718, stop=345053, strand=-, frame=3, truncated=no, start-type=ATG, RBS-motif=GGAGG
13:31:32.236 - INFO - CDS - contig=contig_77, start=345956, stop=346165, strand=-, frame=1, truncated=no, start-type=ATG, RBS-motif=None
13:31:32.236 - INFO - CDS - contig=contig_77, start=346441, stop=348180, strand=-, frame=2, truncated=no, start-type=ATG, RBS-motif=AGGAGG
13:31:32.236 - INFO - CDS - contig=contig_77, start=348177, stop=349928, strand=-, frame=3, truncated=no, start-type=GTG, RBS-motif=AGGAG
13:31:32.236 - INFO - CDS - contig=contig_77, start=349999, stop=350619, strand=-, frame=2, truncated=no, start-type=ATG, RBS-motif=GGAGG
13:31:32.236 - INFO - CDS - contig=contig_77, start=350786, stop=351415, strand=+, frame=2, truncated=no, start-type=ATG, RBS-motif=GGAG/GAGG
13:31:32.236 - INFO - CDS - contig=contig_77, start=351491, stop=353236, strand=+, frame=2, truncated=no, start-type=ATG, RBS-motif=AGGAGG
13:31:32.236 - INFO - CDS - contig=contig_77, start=353233, stop=354963, strand=+, frame=1, truncated=no, start-type=ATG, RBS-motif=AGGAGG
13:31:32.236 - INFO - CDS - contig=contig_77, start=355330, stop=356049, strand=+, frame=1, truncated=no, start-type=ATG, RBS-motif=AGxAGG/AGGxGG
13:31:32.236 - INFO - CDS - contig=contig_77, start=356351, stop=356950, strand=+, frame=2, truncated=no, start-type=ATG, RBS-motif=AGGAG/GGAGG
13:31:32.236 - INFO - CDS - contig=contig_77, start=356973, stop=357647, strand=+, frame=3, truncated=no, start-type=TTG, RBS-motif=AGGAGG
13:31:32.236 - INFO - CDS - contig=contig_77, start=357641, stop=359023, strand=+, frame=2, truncated=no, start-type=ATG, RBS-motif=GGxGG
13:31:32.236 - INFO - CDS - contig=contig_77, start=359042, stop=360022, strand=+, frame=2, truncated=no, start-type=ATG, RBS-motif=AGGAG
13:31:32.236 - INFO - CDS - contig=contig_77, start=360121, stop=361878, strand=+, frame=1, truncated=no, start-type=GTG, RBS-motif=AGGAG
13:31:32.236 - INFO - CDS - contig=contig_77, start=361881, stop=363626, strand=+, frame=3, truncated=no, start-type=ATG, RBS-motif=AGGAGG
13:31:32.236 - INFO - CDS - contig=contig_77, start=363701, stop=364666, strand=-, frame=1, truncated=no, start-type=ATG, RBS-motif=AGGAG(G)/GGAGG
13:31:32.237 - INFO - CDS - contig=contig_77, start=364856, stop=365467, strand=+, frame=2, truncated=no, start-type=ATG, RBS-motif=AGGAGG
13:31:32.237 - INFO - CDS - contig=contig_77, start=365464, stop=366189, strand=+, frame=1, truncated=no, start-type=ATG, RBS-motif=GGA/GAG/AGG
13:31:32.237 - INFO - CDS - contig=contig_77, start=366186, stop=367706, strand=+, frame=3, truncated=no, start-type=ATG, RBS-motif=AGxAGG/AGGxGG
13:31:32.237 - INFO - CDS - contig=contig_77, start=367760, stop=368512, strand=-, frame=1, truncated=no, start-type=ATG, RBS-motif=AGGA
13:31:32.237 - INFO - CDS - contig=contig_77, start=368509, stop=369516, strand=-, frame=2, truncated=no, start-type=ATG, RBS-motif=AGxAGG/AGGxGG
13:31:32.237 - INFO - CDS - contig=contig_77, start=369686, stop=371449, strand=+, frame=2, truncated=no, start-type=ATG, RBS-motif=AGGAGG
13:31:32.237 - INFO - CDS - contig=contig_77, start=371442, stop=373151, strand=+, frame=3, truncated=no, start-type=ATG, RBS-motif=AGxAGG/AGGxGG
13:31:32.237 - INFO - CDS - contig=contig_77, start=373328, stop=373795, strand=-, frame=1, truncated=no, start-type=ATG, RBS-motif=AGGAG
13:31:32.237 - INFO - CDS - contig=contig_77, start=373812, stop=374432, strand=-, frame=3, truncated=no, start-type=ATG, RBS-motif=AGGA
13:31:32.237 - INFO - CDS - contig=contig_77, start=374452, stop=375060, strand=-, frame=2, truncated=no, start-type=ATG, RBS-motif=GGAGG
13:31:32.237 - INFO - CDS - contig=contig_77, start=375047, stop=375280, strand=-, frame=1, truncated=no, start-type=ATG, RBS-motif=GGAGG
13:31:32.237 - INFO - CDS - contig=contig_77, start=375490, stop=376464, strand=-, frame=2, truncated=no, start-type=ATG, RBS-motif=GGAGG
13:31:32.237 - INFO - CDS - contig=contig_77, start=376654, stop=377256, strand=+, frame=1, truncated=no, start-type=ATG, RBS-motif=AGGAGG
13:31:32.237 - INFO - CDS - contig=contig_77, start=377253, stop=377942, strand=+, frame=3, truncated=no, start-type=ATG, RBS-motif=3Base/5BMM
13:31:32.237 - INFO - CDS - contig=contig_77, start=377939, stop=379336, strand=+, frame=2, truncated=no, start-type=ATG, RBS-motif=AGxAGG/AGGxGG
13:31:32.237 - INFO - CDS - contig=contig_77, start=379382, stop=379750, strand=+, frame=2, truncated=no, start-type=ATG, RBS-motif=AGxAGG/AGGxGG
13:31:32.237 - INFO - CDS - contig=contig_77, start=379895, stop=380191, strand=+, frame=2, truncated=no, start-type=TTG, RBS-motif=GGAGG
13:31:32.237 - INFO - CDS - contig=contig_77, start=380445, stop=381080, strand=+, frame=3, truncated=no, start-type=ATG, RBS-motif=GGAGG
13:31:32.237 - INFO - CDS - contig=contig_77, start=381353, stop=383113, strand=+, frame=2, truncated=no, start-type=ATG, RBS-motif=GGAGG
13:31:32.237 - INFO - CDS - contig=contig_77, start=383106, stop=384872, strand=+, frame=3, truncated=no, start-type=ATG, RBS-motif=AGGAGG
13:31:32.237 - INFO - CDS - contig=contig_77, start=384869, stop=385804, strand=+, frame=2, truncated=no, start-type=ATG, RBS-motif=4Base/6BMM
13:31:32.237 - INFO - CDS - contig=contig_77, start=385801, stop=386619, strand=+, frame=1, truncated=no, start-type=ATG, RBS-motif=AGxAGG/AGGxGG
13:31:32.237 - INFO - CDS - contig=contig_77, start=386622, stop=387404, strand=+, frame=3, truncated=no, start-type=ATG, RBS-motif=GGAGG
13:31:32.237 - INFO - CDS - contig=contig_77, start=387398, stop=388177, strand=+, frame=2, truncated=no, start-type=ATG, RBS-motif=AGGAG
13:31:32.237 - INFO - CDS - contig=contig_77, start=388200, stop=389864, strand=+, frame=3, truncated=no, start-type=ATG, RBS-motif=AGGAG
13:31:32.237 - INFO - CDS - contig=contig_77, start=389878, stop=390246, strand=+, frame=1, truncated=no, start-type=ATG, RBS-motif=GGAGG
13:31:32.237 - INFO - CDS - contig=contig_77, start=390985, stop=391398, strand=+, frame=1, truncated=no, start-type=ATG, RBS-motif=GGAGG
13:31:32.237 - INFO - CDS - contig=contig_77, start=391388, stop=391570, strand=+, frame=2, truncated=no, start-type=ATG, RBS-motif=AGxAGG/AGGxGG
13:31:32.238 - INFO - CDS - contig=contig_77, start=391758, stop=391961, strand=+, frame=3, truncated=no, start-type=ATG, RBS-motif=AGGAGG
13:31:32.238 - INFO - CDS - contig=contig_77, start=391954, stop=392670, strand=+, frame=1, truncated=no, start-type=GTG, RBS-motif=AGGAG
13:31:32.238 - INFO - CDS - contig=contig_77, start=392706, stop=393125, strand=-, frame=3, truncated=no, start-type=ATG, RBS-motif=GGAG/GAGG
13:31:32.238 - INFO - CDS - contig=contig_77, start=393260, stop=393640, strand=-, frame=1, truncated=no, start-type=ATG, RBS-motif=AGGA
13:31:32.239 - INFO - CDS - contig=contig_77, start=394075, stop=395553, strand=-, frame=2, truncated=no, start-type=ATG, RBS-motif=AGGAGG
13:31:32.239 - INFO - CDS - contig=contig_77, start=395564, stop=396265, strand=-, frame=1, truncated=no, start-type=ATG, RBS-motif=AGxAGG/AGGxGG
13:31:32.239 - INFO - CDS - contig=contig_77, start=396262, stop=396873, strand=-, frame=2, truncated=no, start-type=ATG, RBS-motif=AGGAGG
13:31:32.239 - INFO - CDS - contig=contig_77, start=397000, stop=397956, strand=-, frame=2, truncated=no, start-type=GTG, RBS-motif=AGGAG
13:31:32.239 - INFO - CDS - contig=contig_77, start=398370, stop=399056, strand=-, frame=3, truncated=no, start-type=ATG, RBS-motif=AGGAGG
13:31:32.239 - INFO - CDS - contig=contig_77, start=399059, stop=399862, strand=-, frame=1, truncated=no, start-type=ATG, RBS-motif=GGAGG
13:31:32.239 - INFO - CDS - contig=contig_77, start=399978, stop=401105, strand=-, frame=3, truncated=no, start-type=ATG, RBS-motif=GGAGG
13:31:32.239 - INFO - CDS - contig=contig_77, start=401208, stop=401726, strand=-, frame=3, truncated=no, start-type=ATG, RBS-motif=GGAG/GAGG
13:31:32.239 - INFO - CDS - contig=contig_77, start=401723, stop=402280, strand=-, frame=1, truncated=no, start-type=ATG, RBS-motif=AGGAG/GGAGG
13:31:32.239 - INFO - CDS - contig=contig_77, start=403229, stop=403408, strand=-, frame=1, truncated=no, start-type=ATG, RBS-motif=AGGAGG
13:31:32.239 - INFO - CDS - contig=contig_77, start=403368, stop=404030, strand=-, frame=3, truncated=no, start-type=ATG, RBS-motif=GGAG/GAGG
13:31:32.239 - INFO - CDS - contig=contig_77, start=404366, stop=404971, strand=-, frame=1, truncated=no, start-type=TTG, RBS-motif=AGGAGG
13:31:32.239 - INFO - CDS - contig=contig_77, start=405052, stop=405525, strand=-, frame=2, truncated=no, start-type=ATG, RBS-motif=AGGAG
13:31:32.239 - INFO - CDS - contig=contig_77, start=405721, stop=406407, strand=-, frame=2, truncated=no, start-type=ATG, RBS-motif=GGAGG
13:31:32.239 - INFO - CDS - contig=contig_77, start=406495, stop=406740, strand=-, frame=2, truncated=no, start-type=ATG, RBS-motif=GGAGG
13:31:32.239 - INFO - CDS - contig=contig_77, start=406789, stop=407328, strand=-, frame=2, truncated=no, start-type=ATG, RBS-motif=GGAGG
13:31:32.239 - INFO - CDS - contig=contig_77, start=407430, stop=408275, strand=-, frame=3, truncated=no, start-type=ATG, RBS-motif=AGGAGG
13:31:32.239 - INFO - CDS - contig=contig_77, start=408314, stop=409387, strand=-, frame=1, truncated=no, start-type=ATG, RBS-motif=GGAG/GAGG
13:31:32.239 - INFO - CDS - contig=contig_77, start=409421, stop=410236, strand=-, frame=1, truncated=no, start-type=ATG, RBS-motif=AGGA
13:31:32.239 - INFO - CDS - contig=contig_77, start=410347, stop=410754, strand=-, frame=2, truncated=no, start-type=ATG, RBS-motif=AGGA
13:31:32.239 - INFO - CDS - contig=contig_77, start=411024, stop=411629, strand=-, frame=3, truncated=no, start-type=ATG, RBS-motif=AGGAGG
13:31:32.239 - INFO - CDS - contig=contig_77, start=411781, stop=412260, strand=-, frame=2, truncated=no, start-type=ATG, RBS-motif=AGGA
13:31:32.239 - INFO - CDS - contig=contig_77, start=412257, stop=412958, strand=-, frame=3, truncated=no, start-type=ATG, RBS-motif=AGGAGG
13:31:32.239 - INFO - CDS - contig=contig_77, start=413019, stop=413609, strand=-, frame=3, truncated=no, start-type=ATG, RBS-motif=AGxAGG/AGGxGG
13:31:32.239 - INFO - CDS - contig=contig_77, start=413609, stop=414025, strand=-, frame=1, truncated=no, start-type=ATG, RBS-motif=GGAGG
13:31:32.239 - INFO - CDS - contig=contig_77, start=414086, stop=414433, strand=-, frame=1, truncated=no, start-type=ATG, RBS-motif=GGAGG
13:31:32.239 - INFO - CDS - contig=contig_77, start=414520, stop=414741, strand=-, frame=2, truncated=no, start-type=ATG, RBS-motif=AGGAGG
13:31:32.239 - INFO - CDS - contig=contig_77, start=414790, stop=414936, strand=-, frame=2, truncated=no, start-type=ATG, RBS-motif=AGGAG
13:31:32.239 - INFO - CDS - contig=contig_77, start=415120, stop=415998, strand=-, frame=2, truncated=no, start-type=ATG, RBS-motif=GGAGG
13:31:32.239 - INFO - CDS - contig=contig_77, start=415995, stop=416927, strand=-, frame=3, truncated=no, start-type=TTG, RBS-motif=AGGAGG
13:31:32.240 - INFO - CDS - contig=contig_77, start=416931, stop=418307, strand=-, frame=3, truncated=no, start-type=ATG, RBS-motif=AGGAGG
13:31:32.240 - INFO - CDS - contig=contig_77, start=418300, stop=419106, strand=-, frame=2, truncated=no, start-type=ATG, RBS-motif=AGGAGG
13:31:32.240 - INFO - CDS - contig=contig_77, start=419126, stop=419965, strand=-, frame=1, truncated=no, start-type=ATG, RBS-motif=AGGAG
13:31:32.240 - INFO - CDS - contig=contig_77, start=419978, stop=420490, strand=-, frame=1, truncated=no, start-type=ATG, RBS-motif=GGAG/GAGG
13:31:32.240 - INFO - CDS - contig=contig_77, start=420462, stop=422156, strand=-, frame=3, truncated=no, start-type=TTG, RBS-motif=AGGA/GGAG/GAGG
13:31:32.240 - INFO - CDS - contig=contig_77, start=422243, stop=422815, strand=-, frame=1, truncated=no, start-type=ATG, RBS-motif=AGGAG/GGAGG
13:31:32.240 - INFO - CDS - contig=contig_77, start=422889, stop=423389, strand=-, frame=3, truncated=no, start-type=ATG, RBS-motif=GGAG/GAGG
13:31:32.240 - INFO - CDS - contig=contig_77, start=423398, stop=423877, strand=-, frame=1, truncated=no, start-type=TTG, RBS-motif=GGxGG
13:31:32.240 - INFO - CDS - contig=contig_77, start=424178, stop=424846, strand=+, frame=2, truncated=no, start-type=ATG, RBS-motif=AGGAG
13:31:32.240 - INFO - CDS - contig=contig_77, start=424827, stop=425780, strand=+, frame=3, truncated=no, start-type=ATG, RBS-motif=GGAGG
13:31:32.240 - INFO - CDS - contig=contig_77, start=425924, stop=427483, strand=-, frame=1, truncated=no, start-type=ATG, RBS-motif=AGGAGG
13:31:32.240 - INFO - CDS - contig=contig_77, start=427512, stop=429419, strand=-, frame=3, truncated=no, start-type=ATG, RBS-motif=None
13:31:32.240 - INFO - CDS - contig=contig_77, start=429431, stop=430417, strand=-, frame=1, truncated=no, start-type=GTG, RBS-motif=GGAG/GAGG
13:31:32.240 - INFO - CDS - contig=contig_77, start=430701, stop=431363, strand=-, frame=3, truncated=no, start-type=TTG, RBS-motif=AGGAGG
13:31:32.240 - INFO - CDS - contig=contig_77, start=431367, stop=431894, strand=-, frame=3, truncated=no, start-type=ATG, RBS-motif=AGGAGG
13:31:32.240 - INFO - CDS - contig=contig_77, start=432029, stop=435085, strand=-, frame=1, truncated=no, start-type=ATG, RBS-motif=GGAG/GAGG
13:31:32.240 - INFO - CDS - contig=contig_77, start=435116, stop=436492, strand=-, frame=1, truncated=no, start-type=ATG, RBS-motif=AGGA
13:31:32.240 - INFO - CDS - contig=contig_77, start=436493, stop=437485, strand=-, frame=1, truncated=no, start-type=ATG, RBS-motif=AGGAGG
13:31:32.240 - INFO - CDS - contig=contig_77, start=437497, stop=438207, strand=-, frame=2, truncated=no, start-type=ATG, RBS-motif=AGGAGG
13:31:32.240 - INFO - CDS - contig=contig_77, start=438247, stop=438645, strand=-, frame=2, truncated=no, start-type=TTG, RBS-motif=GGAGG
13:31:32.240 - INFO - CDS - contig=contig_77, start=438899, stop=439450, strand=-, frame=1, truncated=no, start-type=ATG, RBS-motif=AGGAGG
13:31:32.240 - INFO - CDS - contig=contig_77, start=439463, stop=440602, strand=-, frame=1, truncated=no, start-type=ATG, RBS-motif=AGGAG
13:31:32.240 - INFO - CDS - contig=contig_77, start=440964, stop=441080, strand=+, frame=3, truncated=no, start-type=ATG, RBS-motif=GGAGG
13:31:32.240 - INFO - CDS - contig=contig_77, start=441195, stop=442577, strand=+, frame=3, truncated=no, start-type=TTG, RBS-motif=AGGAG
13:31:32.240 - INFO - CDS - contig=contig_77, start=442661, stop=443320, strand=+, frame=2, truncated=no, start-type=ATG, RBS-motif=AGGAGG
13:31:32.240 - INFO - CDS - contig=contig_77, start=443320, stop=444084, strand=+, frame=1, truncated=no, start-type=ATG, RBS-motif=GGAG/GAGG
13:31:32.240 - INFO - CDS - contig=contig_77, start=444151, stop=445371, strand=+, frame=1, truncated=no, start-type=ATG, RBS-motif=AGGAG
13:31:32.240 - INFO - CDS - contig=contig_77, start=445394, stop=447781, strand=+, frame=2, truncated=no, start-type=GTG, RBS-motif=GGAGG
13:31:32.241 - INFO - CDS - contig=contig_77, start=447831, stop=449135, strand=+, frame=3, truncated=no, start-type=ATG, RBS-motif=AGGAG
13:31:32.241 - INFO - CDS - contig=contig_77, start=449170, stop=450219, strand=+, frame=1, truncated=no, start-type=ATG, RBS-motif=AGGAGG
13:31:32.241 - INFO - CDS - contig=contig_77, start=450302, stop=450535, strand=+, frame=2, truncated=no, start-type=ATG, RBS-motif=AGGA/GGAG/GAGG
13:31:32.241 - INFO - CDS - contig=contig_77, start=450538, stop=451206, strand=+, frame=1, truncated=no, start-type=ATG, RBS-motif=GGA/GAG/AGG
13:31:32.241 - INFO - CDS - contig=contig_77, start=451253, stop=451942, strand=-, frame=1, truncated=no, start-type=ATG, RBS-motif=AGGAGG
13:31:32.241 - INFO - CDS - contig=contig_77, start=451939, stop=452577, strand=-, frame=2, truncated=no, start-type=GTG, RBS-motif=GGAGG
13:31:32.241 - INFO - CDS - contig=contig_77, start=452731, stop=456303, strand=+, frame=1, truncated=no, start-type=GTG, RBS-motif=AGxAGG/AGGxGG
13:31:32.241 - INFO - CDS - contig=contig_77, start=456372, stop=456617, strand=+, frame=3, truncated=no, start-type=ATG, RBS-motif=GGAG/GAGG
13:31:32.241 - INFO - CDS - contig=contig_77, start=456651, stop=457550, strand=+, frame=3, truncated=no, start-type=ATG, RBS-motif=AGGA
13:31:32.241 - INFO - CDS - contig=contig_77, start=457597, stop=458313, strand=+, frame=1, truncated=no, start-type=ATG, RBS-motif=AGGAGG
13:31:32.241 - INFO - CDS - contig=contig_77, start=458318, stop=458917, strand=+, frame=2, truncated=no, start-type=ATG, RBS-motif=GGAGG
13:31:32.241 - INFO - CDS - contig=contig_77, start=458901, stop=459206, strand=+, frame=3, truncated=no, start-type=ATG, RBS-motif=GGAG/GAGG
13:31:32.241 - INFO - CDS - contig=contig_77, start=459244, stop=460443, strand=+, frame=1, truncated=no, start-type=ATG, RBS-motif=GGAGG
13:31:32.241 - INFO - CDS - contig=contig_77, start=460454, stop=461959, strand=+, frame=2, truncated=no, start-type=ATG, RBS-motif=4Base/6BMM
13:31:32.241 - INFO - CDS - contig=contig_77, start=461981, stop=462343, strand=+, frame=2, truncated=no, start-type=ATG, RBS-motif=AGGA/GGAG/GAGG
13:31:32.241 - INFO - CDS - contig=contig_77, start=462583, stop=465687, strand=+, frame=1, truncated=no, start-type=TTG, RBS-motif=GGAG/GAGG
13:31:32.241 - INFO - CDS - contig=contig_77, start=465823, stop=469713, strand=+, frame=1, truncated=no, start-type=ATG, RBS-motif=None
13:31:32.241 - INFO - CDS - contig=contig_77, start=469802, stop=470734, strand=-, frame=1, truncated=no, start-type=ATG, RBS-motif=AGGAG
13:31:32.241 - INFO - CDS - contig=contig_77, start=470828, stop=472141, strand=+, frame=2, truncated=no, start-type=ATG, RBS-motif=GGAGG
13:31:32.241 - INFO - CDS - contig=contig_77, start=472309, stop=473415, strand=+, frame=1, truncated=no, start-type=ATG, RBS-motif=AGGAGG
13:31:32.241 - INFO - CDS - contig=contig_77, start=473432, stop=474970, strand=+, frame=2, truncated=no, start-type=ATG, RBS-motif=GGAG/GAGG
13:31:32.241 - INFO - CDS - contig=contig_77, start=475011, stop=475649, strand=+, frame=3, truncated=no, start-type=GTG, RBS-motif=GGxGG
13:31:32.241 - INFO - CDS - contig=contig_77, start=475712, stop=478186, strand=+, frame=2, truncated=no, start-type=ATG, RBS-motif=GGAG/GAGG
13:31:32.241 - INFO - CDS - contig=contig_77, start=478152, stop=478853, strand=-, frame=3, truncated=no, start-type=ATG, RBS-motif=AGxAGG/AGGxGG
13:31:32.241 - INFO - CDS - contig=contig_77, start=478835, stop=479425, strand=-, frame=1, truncated=no, start-type=ATG, RBS-motif=GGAG/GAGG
13:31:32.241 - INFO - CDS - contig=contig_77, start=479479, stop=480387, strand=+, frame=1, truncated=no, start-type=ATG, RBS-motif=AGGAG/GGAGG
13:31:32.242 - INFO - CDS - contig=contig_77, start=480946, stop=481467, strand=+, frame=1, truncated=no, start-type=ATG, RBS-motif=AGGAGG
13:31:32.242 - INFO - CDS - contig=contig_77, start=481488, stop=484154, strand=+, frame=3, truncated=no, start-type=ATG, RBS-motif=AGGAG/GGAGG
13:31:32.242 - INFO - CDS - contig=contig_77, start=484277, stop=485050, strand=+, frame=2, truncated=no, start-type=ATG, RBS-motif=AGGAGG
13:31:32.242 - INFO - CDS - contig=contig_77, start=485136, stop=485444, strand=+, frame=3, truncated=no, start-type=ATG, RBS-motif=AGGAGG
13:31:32.242 - INFO - CDS - contig=contig_77, start=485462, stop=485899, strand=+, frame=2, truncated=no, start-type=ATG, RBS-motif=AGGAGG
13:31:32.242 - INFO - CDS - contig=contig_77, start=485896, stop=486600, strand=+, frame=1, truncated=no, start-type=GTG, RBS-motif=AGxAGG/AGGxGG
13:31:32.242 - INFO - CDS - contig=contig_77, start=486656, stop=487582, strand=-, frame=1, truncated=no, start-type=ATG, RBS-motif=AGGAG/GGAGG
13:31:32.242 - INFO - CDS - contig=contig_77, start=487789, stop=488739, strand=+, frame=1, truncated=no, start-type=GTG, RBS-motif=GGAG/GAGG
13:31:32.242 - INFO - CDS - contig=contig_77, start=488732, stop=489130, strand=+, frame=2, truncated=no, start-type=ATG, RBS-motif=GGAGG
13:31:32.242 - INFO - CDS - contig=contig_77, start=489180, stop=490463, strand=-, frame=3, truncated=no, start-type=TTG, RBS-motif=AGGAGG
13:31:32.242 - INFO - CDS - contig=contig_77, start=490586, stop=491779, strand=-, frame=1, truncated=no, start-type=GTG, RBS-motif=AGxAGG/AGGxGG
13:31:32.242 - INFO - CDS - contig=contig_77, start=491888, stop=492313, strand=+, frame=2, truncated=no, start-type=ATG, RBS-motif=GGAGG
13:31:32.242 - INFO - CDS - contig=contig_77, start=492310, stop=493023, strand=+, frame=1, truncated=no, start-type=ATG, RBS-motif=AGxAGG/AGGxGG
13:31:32.242 - INFO - CDS - contig=contig_77, start=493025, stop=493663, strand=+, frame=2, truncated=no, start-type=ATG, RBS-motif=GGA/GAG/AGG
13:31:32.242 - INFO - CDS - contig=contig_77, start=493978, stop=495456, strand=+, frame=1, truncated=no, start-type=ATG, RBS-motif=AGGAGG
13:31:32.242 - INFO - CDS - contig=contig_77, start=495483, stop=496403, strand=+, frame=3, truncated=no, start-type=ATG, RBS-motif=GGA/GAG/AGG
13:31:32.242 - INFO - CDS - contig=contig_77, start=496405, stop=497352, strand=+, frame=1, truncated=no, start-type=ATG, RBS-motif=AGxAGG/AGGxGG
13:31:32.242 - INFO - CDS - contig=contig_77, start=497349, stop=498179, strand=+, frame=3, truncated=no, start-type=TTG, RBS-motif=GGA/GAG/AGG
13:31:32.242 - INFO - CDS - contig=contig_77, start=498269, stop=498889, strand=-, frame=1, truncated=no, start-type=ATG, RBS-motif=AGGAGG
13:31:32.242 - INFO - CDS - contig=contig_77, start=498959, stop=500242, strand=-, frame=1, truncated=no, start-type=TTG, RBS-motif=GGA/GAG/AGG
13:31:32.242 - INFO - CDS - contig=contig_77, start=501071, stop=501715, strand=-, frame=1, truncated=no, start-type=ATG, RBS-motif=GGAG/GAGG
13:31:32.242 - INFO - CDS - contig=contig_77, start=501821, stop=503065, strand=+, frame=2, truncated=no, start-type=ATG, RBS-motif=AGxAGG/AGGxGG
13:31:32.242 - INFO - CDS - contig=contig_77, start=503224, stop=504501, strand=+, frame=1, truncated=no, start-type=ATG, RBS-motif=AGGAGG
13:31:32.242 - INFO - CDS - contig=contig_77, start=504582, stop=505514, strand=-, frame=3, truncated=no, start-type=TTG, RBS-motif=AGGA
13:31:32.242 - INFO - CDS - contig=contig_77, start=505658, stop=505852, strand=+, frame=2, truncated=no, start-type=ATG, RBS-motif=AGGAGG
13:31:32.242 - INFO - CDS - contig=contig_77, start=505849, stop=506916, strand=+, frame=1, truncated=no, start-type=ATG, RBS-motif=GGAGG
13:31:32.242 - INFO - CDS - contig=contig_77, start=506931, stop=507413, strand=+, frame=3, truncated=no, start-type=ATG, RBS-motif=AGxAGG/AGGxGG
13:31:32.242 - INFO - CDS - contig=contig_77, start=507480, stop=508700, strand=-, frame=3, truncated=no, start-type=TTG, RBS-motif=GGA/GAG/AGG
13:31:32.242 - INFO - CDS - contig=contig_77, start=508814, stop=509743, strand=+, frame=2, truncated=no, start-type=ATG, RBS-motif=GGA/GAG/AGG
13:31:32.242 - INFO - CDS - contig=contig_77, start=509811, stop=509963, strand=-, frame=3, truncated=no, start-type=ATG, RBS-motif=GGAG/GAGG
13:31:32.243 - INFO - CDS - contig=contig_77, start=510019, stop=510777, strand=-, frame=2, truncated=no, start-type=ATG, RBS-motif=AGxAGG/AGGxGG
13:31:32.243 - INFO - CDS - contig=contig_77, start=510840, stop=511091, strand=-, frame=3, truncated=no, start-type=ATG, RBS-motif=GGAGG
13:31:32.243 - INFO - CDS - contig=contig_77, start=511206, stop=513605, strand=-, frame=3, truncated=no, start-type=ATG, RBS-motif=AGGAGG
13:31:32.243 - INFO - CDS - contig=contig_77, start=513624, stop=514649, strand=-, frame=3, truncated=no, start-type=ATG, RBS-motif=AGGAG
13:31:32.243 - INFO - CDS - contig=contig_77, start=515071, stop=516597, strand=+, frame=1, truncated=no, start-type=ATG, RBS-motif=AGGAG
13:31:32.243 - INFO - CDS - contig=contig_77, start=516610, stop=517212, strand=+, frame=1, truncated=no, start-type=GTG, RBS-motif=AGGAGG
13:31:32.243 - INFO - CDS - contig=contig_77, start=517265, stop=518395, strand=+, frame=2, truncated=no, start-type=ATG, RBS-motif=None
13:31:32.243 - INFO - CDS - contig=contig_77, start=518594, stop=518959, strand=+, frame=2, truncated=no, start-type=GTG, RBS-motif=GGA/GAG/AGG
13:31:32.243 - INFO - CDS - contig=contig_77, start=519038, stop=519520, strand=+, frame=2, truncated=no, start-type=ATG, RBS-motif=AGGAGG
13:31:32.243 - INFO - CDS - contig=contig_77, start=519609, stop=520355, strand=-, frame=3, truncated=no, start-type=ATG, RBS-motif=GGA/GAG/AGG
13:31:32.243 - INFO - CDS - contig=contig_77, start=520513, stop=521067, strand=+, frame=1, truncated=no, start-type=ATG, RBS-motif=AGGAGG
13:31:32.243 - INFO - CDS - contig=contig_77, start=521025, stop=521393, strand=-, frame=3, truncated=no, start-type=ATG, RBS-motif=AGGA
13:31:32.243 - INFO - CDS - contig=contig_77, start=521409, stop=522422, strand=-, frame=3, truncated=no, start-type=ATG, RBS-motif=GGAGG
13:31:32.243 - INFO - CDS - contig=contig_77, start=522580, stop=523071, strand=+, frame=1, truncated=no, start-type=GTG, RBS-motif=GGAG/GAGG
13:31:32.243 - INFO - CDS - contig=contig_77, start=523105, stop=523722, strand=+, frame=1, truncated=no, start-type=ATG, RBS-motif=GGAG/GAGG
13:31:32.243 - INFO - CDS - contig=contig_77, start=523722, stop=524459, strand=+, frame=3, truncated=no, start-type=ATG, RBS-motif=AGGAGG
13:31:32.243 - INFO - CDS - contig=contig_77, start=524509, stop=525984, strand=+, frame=1, truncated=no, start-type=ATG, RBS-motif=AGGAG
13:31:32.243 - INFO - CDS - contig=contig_77, start=526086, stop=527537, strand=-, frame=3, truncated=no, start-type=ATG, RBS-motif=AGGAG
13:31:32.243 - INFO - CDS - contig=contig_77, start=527722, stop=528690, strand=-, frame=2, truncated=no, start-type=ATG, RBS-motif=AGGAGG
13:31:32.243 - INFO - CDS - contig=contig_77, start=528687, stop=529835, strand=-, frame=3, truncated=no, start-type=ATG, RBS-motif=GGxGG
13:31:32.243 - INFO - CDS - contig=contig_77, start=529832, stop=531367, strand=-, frame=1, truncated=no, start-type=ATG, RBS-motif=AGGAGG
13:31:32.243 - INFO - CDS - contig=contig_77, start=531545, stop=532717, strand=-, frame=1, truncated=no, start-type=ATG, RBS-motif=AGGAGG
13:31:32.243 - INFO - CDS - contig=contig_77, start=532854, stop=533936, strand=-, frame=3, truncated=no, start-type=ATG, RBS-motif=AGGAG
13:31:32.243 - INFO - CDS - contig=contig_77, start=533992, stop=534741, strand=-, frame=2, truncated=no, start-type=ATG, RBS-motif=AGGAGG
13:31:32.243 - INFO - CDS - contig=contig_77, start=534741, stop=535172, strand=-, frame=3, truncated=no, start-type=ATG, RBS-motif=GGAGG
13:31:32.243 - INFO - CDS - contig=contig_77, start=535172, stop=535831, strand=-, frame=1, truncated=no, start-type=ATG, RBS-motif=GGAGG
13:31:32.243 - INFO - CDS - contig=contig_77, start=535913, stop=536527, strand=-, frame=1, truncated=no, start-type=ATG, RBS-motif=GGAG/GAGG
13:31:32.243 - INFO - CDS - contig=contig_77, start=536619, stop=537881, strand=+, frame=3, truncated=no, start-type=ATG, RBS-motif=GGAGG
13:31:32.243 - INFO - CDS - contig=contig_77, start=537931, stop=538416, strand=+, frame=1, truncated=no, start-type=ATG, RBS-motif=AGGA
13:31:32.244 - INFO - CDS - contig=contig_77, start=538413, stop=539498, strand=+, frame=3, truncated=no, start-type=ATG, RBS-motif=AGGA/GGAG/GAGG
13:31:32.244 - INFO - CDS - contig=contig_77, start=539804, stop=540187, strand=+, frame=2, truncated=no, start-type=ATG, RBS-motif=AGGAG/GGAGG
13:31:32.244 - INFO - CDS - contig=contig_77, start=540311, stop=540517, strand=-, frame=1, truncated=no, start-type=ATG, RBS-motif=AGGAG
13:31:32.244 - INFO - CDS - contig=contig_77, start=540654, stop=542348, strand=-, frame=3, truncated=no, start-type=ATG, RBS-motif=AGGAGG
13:31:32.244 - INFO - CDS - contig=contig_77, start=542664, stop=544118, strand=-, frame=3, truncated=no, start-type=ATG, RBS-motif=AGGAGG
13:31:32.244 - INFO - CDS - contig=contig_77, start=544115, stop=545572, strand=-, frame=1, truncated=no, start-type=ATG, RBS-motif=AGxAGG/AGGxGG
13:31:32.244 - INFO - CDS - contig=contig_77, start=545574, stop=545861, strand=-, frame=3, truncated=no, start-type=ATG, RBS-motif=AGGAGG
13:31:32.244 - INFO - CDS - contig=contig_77, start=545882, stop=547204, strand=-, frame=1, truncated=no, start-type=ATG, RBS-motif=GGA/GAG/AGG
13:31:32.244 - INFO - CDS - contig=contig_77, start=547644, stop=548213, strand=+, frame=3, truncated=no, start-type=ATG, RBS-motif=AGxAGG/AGGxGG
13:31:32.244 - INFO - CDS - contig=contig_77, start=548220, stop=548558, strand=-, frame=3, truncated=no, start-type=ATG, RBS-motif=AGGAGG
13:31:32.244 - INFO - CDS - contig=contig_77, start=548560, stop=548853, strand=-, frame=2, truncated=no, start-type=ATG, RBS-motif=AGGAG/GGAGG
13:31:32.244 - INFO - CDS - contig=contig_77, start=549042, stop=549521, strand=+, frame=3, truncated=no, start-type=ATG, RBS-motif=GGAGG
13:31:32.244 - INFO - CDS - contig=contig_77, start=549518, stop=550708, strand=+, frame=2, truncated=no, start-type=ATG, RBS-motif=AGGAG/GGAGG
13:31:32.244 - INFO - CDS - contig=contig_77, start=550736, stop=552022, strand=+, frame=2, truncated=no, start-type=ATG, RBS-motif=AGGAG
13:31:32.244 - INFO - CDS - contig=contig_77, start=552034, stop=552894, strand=+, frame=1, truncated=no, start-type=ATG, RBS-motif=AGGAG
13:31:32.244 - INFO - CDS - contig=contig_77, start=552959, stop=553573, strand=+, frame=2, truncated=no, start-type=TTG, RBS-motif=GGA/GAG/AGG
13:31:32.244 - INFO - CDS - contig=contig_77, start=553656, stop=554711, strand=-, frame=3, truncated=no, start-type=ATG, RBS-motif=GGAGG
13:31:32.244 - INFO - CDS - contig=contig_77, start=554911, stop=556239, strand=+, frame=1, truncated=no, start-type=ATG, RBS-motif=AGGAG
13:31:32.244 - INFO - CDS - contig=contig_77, start=556318, stop=557355, strand=+, frame=1, truncated=no, start-type=ATG, RBS-motif=AGGAGG
13:31:32.244 - INFO - CDS - contig=contig_77, start=557395, stop=559269, strand=+, frame=1, truncated=no, start-type=ATG, RBS-motif=GGAG/GAGG
13:31:32.244 - INFO - CDS - contig=contig_77, start=559273, stop=559869, strand=+, frame=1, truncated=no, start-type=ATG, RBS-motif=GGAG/GAGG
13:31:32.244 - INFO - CDS - contig=contig_77, start=560153, stop=560767, strand=+, frame=2, truncated=no, start-type=ATG, RBS-motif=AGGAGG
13:31:32.244 - INFO - CDS - contig=contig_77, start=560906, stop=561679, strand=-, frame=1, truncated=no, start-type=ATG, RBS-motif=GGAGG
13:31:32.244 - INFO - CDS - contig=contig_77, start=561683, stop=562300, strand=-, frame=1, truncated=no, start-type=ATG, RBS-motif=GGA/GAG/AGG
13:31:32.244 - INFO - CDS - contig=contig_77, start=562400, stop=562705, strand=+, frame=2, truncated=no, start-type=ATG, RBS-motif=AGGAGG
13:31:32.244 - INFO - CDS - contig=contig_77, start=562902, stop=564008, strand=-, frame=3, truncated=no, start-type=ATG, RBS-motif=GGAG/GAGG
13:31:32.244 - INFO - CDS - contig=contig_77, start=564220, stop=564447, strand=-, frame=2, truncated=no, start-type=ATG, RBS-motif=GGAGG
13:31:32.244 - INFO - CDS - contig=contig_77, start=564586, stop=564786, strand=-, frame=2, truncated=no, start-type=ATG, RBS-motif=GGAGG
13:31:32.244 - INFO - CDS - contig=contig_77, start=564786, stop=564938, strand=-, frame=3, truncated=no, start-type=ATG, RBS-motif=AGGA/GGAG/GAGG
13:31:32.244 - INFO - CDS - contig=contig_77, start=565107, stop=565334, strand=-, frame=3, truncated=no, start-type=ATG, RBS-motif=GGAGG
13:31:32.245 - INFO - CDS - contig=contig_77, start=565486, stop=565758, strand=-, frame=2, truncated=no, start-type=ATG, RBS-motif=GGAG/GAGG
13:31:32.245 - INFO - CDS - contig=contig_77, start=566361, stop=567329, strand=+, frame=3, truncated=no, start-type=ATG, RBS-motif=AGxAGG/AGGxGG
13:31:32.245 - INFO - CDS - contig=contig_77, start=567326, stop=567940, strand=+, frame=2, truncated=no, start-type=ATG, RBS-motif=None
13:31:32.245 - INFO - CDS - contig=contig_77, start=568117, stop=568458, strand=+, frame=1, truncated=no, start-type=ATG, RBS-motif=AGGAGG
13:31:32.245 - INFO - CDS - contig=contig_77, start=568612, stop=569493, strand=+, frame=1, truncated=no, start-type=GTG, RBS-motif=AGxAGG/AGGxGG
13:31:32.245 - INFO - CDS - contig=contig_77, start=569490, stop=570095, strand=+, frame=3, truncated=no, start-type=ATG, RBS-motif=GGAGG
13:31:32.245 - INFO - CDS - contig=contig_77, start=570092, stop=570463, strand=+, frame=2, truncated=no, start-type=ATG, RBS-motif=GGAGG
13:31:32.245 - INFO - CDS - contig=contig_77, start=570460, stop=571395, strand=+, frame=1, truncated=no, start-type=ATG, RBS-motif=GGAG/GAGG
13:31:32.245 - INFO - CDS - contig=contig_77, start=571383, stop=572870, strand=+, frame=3, truncated=no, start-type=ATG, RBS-motif=GGA/GAG/AGG
13:31:32.245 - INFO - CDS - contig=contig_77, start=572870, stop=573571, strand=+, frame=2, truncated=no, start-type=ATG, RBS-motif=AGGA/GGAG/GAGG
13:31:32.245 - INFO - CDS - contig=contig_77, start=573704, stop=575140, strand=+, frame=2, truncated=no, start-type=ATG, RBS-motif=AGGAGG
13:31:32.245 - INFO - CDS - contig=contig_77, start=575217, stop=575798, strand=+, frame=3, truncated=no, start-type=ATG, RBS-motif=AGGAG/GGAGG
13:31:32.245 - INFO - CDS - contig=contig_77, start=575915, stop=577231, strand=+, frame=2, truncated=no, start-type=ATG, RBS-motif=GGAG/GAGG
13:31:32.245 - INFO - CDS - contig=contig_77, start=577294, stop=579696, strand=+, frame=1, truncated=no, start-type=GTG, RBS-motif=AGGA/GGAG/GAGG
13:31:32.245 - INFO - CDS - contig=contig_77, start=579704, stop=580303, strand=+, frame=2, truncated=no, start-type=ATG, RBS-motif=GGAG/GAGG
13:31:32.245 - INFO - CDS - contig=contig_77, start=580300, stop=581052, strand=+, frame=1, truncated=no, start-type=ATG, RBS-motif=GGAGG
13:31:32.245 - INFO - CDS - contig=contig_77, start=581182, stop=581895, strand=+, frame=1, truncated=no, start-type=ATG, RBS-motif=AGxAGG/AGGxGG
13:31:32.245 - INFO - CDS - contig=contig_77, start=581914, stop=582711, strand=+, frame=1, truncated=no, start-type=GTG, RBS-motif=GGxGG
13:31:32.245 - INFO - CDS - contig=contig_77, start=582724, stop=583398, strand=+, frame=1, truncated=no, start-type=TTG, RBS-motif=AGGAGG
13:31:32.245 - INFO - CDS - contig=contig_77, start=583395, stop=584000, strand=+, frame=3, truncated=no, start-type=ATG, RBS-motif=GGAGG
13:31:32.245 - INFO - CDS - contig=contig_77, start=584002, stop=584412, strand=+, frame=1, truncated=no, start-type=ATG, RBS-motif=GGAG/GAGG
13:31:32.245 - INFO - CDS - contig=contig_77, start=584454, stop=585587, strand=+, frame=3, truncated=no, start-type=ATG, RBS-motif=GGAG/GAGG
13:31:32.245 - INFO - CDS - contig=contig_77, start=585594, stop=586298, strand=+, frame=3, truncated=no, start-type=GTG, RBS-motif=GGAG/GAGG
13:31:32.245 - INFO - CDS - contig=contig_77, start=586315, stop=587295, strand=+, frame=1, truncated=no, start-type=TTG, RBS-motif=GGA/GAG/AGG
13:31:32.245 - INFO - CDS - contig=contig_77, start=587308, stop=588570, strand=+, frame=1, truncated=no, start-type=TTG, RBS-motif=AGGAG
13:31:32.245 - INFO - CDS - contig=contig_77, start=588560, stop=589234, strand=+, frame=2, truncated=no, start-type=ATG, RBS-motif=AGGAG
13:31:32.245 - INFO - CDS - contig=contig_77, start=589231, stop=589824, strand=+, frame=1, truncated=no, start-type=ATG, RBS-motif=AGGAG
13:31:32.245 - INFO - CDS - contig=contig_77, start=589821, stop=591767, strand=+, frame=3, truncated=no, start-type=GTG, RBS-motif=GGAGG
13:31:32.245 - INFO - CDS - contig=contig_77, start=591943, stop=592422, strand=+, frame=1, truncated=no, start-type=ATG, RBS-motif=GGAGG
13:31:32.246 - INFO - CDS - contig=contig_77, start=592630, stop=593358, strand=+, frame=1, truncated=no, start-type=GTG, RBS-motif=AGGAG
13:31:32.246 - INFO - CDS - contig=contig_77, start=593355, stop=593837, strand=+, frame=3, truncated=no, start-type=GTG, RBS-motif=AGGAGG
13:31:32.246 - INFO - CDS - contig=contig_77, start=593989, stop=594243, strand=+, frame=1, truncated=no, start-type=ATG, RBS-motif=AGGA/GGAG/GAGG
13:31:32.246 - INFO - CDS - contig=contig_77, start=594243, stop=595367, strand=+, frame=3, truncated=no, start-type=ATG, RBS-motif=AGGAGG
13:31:32.246 - INFO - CDS - contig=contig_77, start=595536, stop=597152, strand=+, frame=3, truncated=no, start-type=ATG, RBS-motif=AGxAGG/AGGxGG
13:31:32.246 - INFO - CDS - contig=contig_77, start=597146, stop=598420, strand=+, frame=2, truncated=no, start-type=ATG, RBS-motif=GGA/GAG/AGG
13:31:32.246 - INFO - CDS - contig=contig_77, start=598449, stop=599024, strand=+, frame=3, truncated=no, start-type=ATG, RBS-motif=AGGAGG
13:31:32.246 - INFO - CDS - contig=contig_77, start=599043, stop=599651, strand=+, frame=3, truncated=no, start-type=ATG, RBS-motif=GGAG/GAGG
13:31:32.246 - INFO - CDS - contig=contig_77, start=599648, stop=600370, strand=+, frame=2, truncated=no, start-type=ATG, RBS-motif=GGAG/GAGG
13:31:32.246 - INFO - CDS - contig=contig_77, start=600385, stop=601140, strand=+, frame=1, truncated=no, start-type=ATG, RBS-motif=GGxGG
13:31:32.246 - INFO - CDS - contig=contig_77, start=601153, stop=601488, strand=+, frame=1, truncated=no, start-type=ATG, RBS-motif=AGGAGG
13:31:32.246 - INFO - CDS - contig=contig_77, start=601481, stop=601807, strand=+, frame=2, truncated=no, start-type=ATG, RBS-motif=GGAGG
13:31:32.246 - INFO - CDS - contig=contig_77, start=601930, stop=603318, strand=+, frame=1, truncated=no, start-type=GTG, RBS-motif=AGGAGG
13:31:32.246 - INFO - CDS - contig=contig_77, start=603381, stop=604223, strand=-, frame=3, truncated=no, start-type=ATG, RBS-motif=AGGA
13:31:32.246 - INFO - CDS - contig=contig_77, start=604408, stop=605130, strand=+, frame=1, truncated=no, start-type=ATG, RBS-motif=GGA/GAG/AGG
13:31:32.246 - INFO - CDS - contig=contig_77, start=605132, stop=605686, strand=+, frame=2, truncated=no, start-type=ATG, RBS-motif=AGGAGG
13:31:32.246 - INFO - CDS - contig=contig_77, start=605779, stop=606519, strand=+, frame=1, truncated=no, start-type=ATG, RBS-motif=GGAGG
13:31:32.246 - INFO - CDS - contig=contig_77, start=606521, stop=607336, strand=+, frame=2, truncated=no, start-type=TTG, RBS-motif=GGAGG
13:31:32.246 - INFO - CDS - contig=contig_77, start=607340, stop=608476, strand=+, frame=2, truncated=no, start-type=ATG, RBS-motif=GGxGG
13:31:32.246 - INFO - CDS - contig=contig_77, start=608526, stop=609620, strand=+, frame=3, truncated=no, start-type=TTG, RBS-motif=GGAGG
13:31:32.246 - INFO - CDS - contig=contig_77, start=609626, stop=610663, strand=+, frame=2, truncated=no, start-type=TTG, RBS-motif=GGAG/GAGG
13:31:32.246 - INFO - CDS - contig=contig_77, start=610684, stop=614826, strand=+, frame=1, truncated=no, start-type=ATG, RBS-motif=GGA/GAG/AGG
13:31:32.246 - INFO - CDS - contig=contig_77, start=614922, stop=615263, strand=+, frame=3, truncated=no, start-type=ATG, RBS-motif=AGxAGG/AGGxGG
13:31:32.246 - INFO - CDS - contig=contig_77, start=615251, stop=615616, strand=+, frame=2, truncated=no, start-type=ATG, RBS-motif=GGA/GAG/AGG
13:31:32.246 - INFO - CDS - contig=contig_77, start=615650, stop=615814, strand=+, frame=2, truncated=no, start-type=ATG, RBS-motif=AGGA
13:31:32.246 - INFO - CDS - contig=contig_77, start=615811, stop=616311, strand=+, frame=1, truncated=no, start-type=TTG, RBS-motif=None
13:31:32.246 - INFO - CDS - contig=contig_77, start=616470, stop=616901, strand=-, frame=3, truncated=no, start-type=ATG, RBS-motif=GGAGG
13:31:32.246 - INFO - CDS - contig=contig_77, start=616903, stop=617814, strand=-, frame=2, truncated=no, start-type=GTG, RBS-motif=GGAGG
13:31:32.247 - INFO - CDS - contig=contig_77, start=617921, stop=618937, strand=+, frame=2, truncated=no, start-type=ATG, RBS-motif=GGAGG
13:31:32.247 - INFO - CDS - contig=contig_77, start=619006, stop=620379, strand=+, frame=1, truncated=no, start-type=ATG, RBS-motif=GGA/GAG/AGG
13:31:32.247 - INFO - CDS - contig=contig_77, start=620400, stop=621503, strand=+, frame=3, truncated=no, start-type=ATG, RBS-motif=AGGAGG
13:31:32.247 - INFO - CDS - contig=contig_77, start=621520, stop=622458, strand=+, frame=1, truncated=no, start-type=ATG, RBS-motif=AGxAGG/AGGxGG
13:31:32.247 - INFO - CDS - contig=contig_77, start=622549, stop=623124, strand=+, frame=1, truncated=no, start-type=ATG, RBS-motif=GGAGG
13:31:32.247 - INFO - CDS - contig=contig_77, start=623135, stop=623740, strand=+, frame=2, truncated=no, start-type=ATG, RBS-motif=AGGAG
13:31:32.247 - INFO - CDS - contig=contig_77, start=623740, stop=624096, strand=+, frame=1, truncated=no, start-type=ATG, RBS-motif=None
13:31:32.247 - INFO - CDS - contig=contig_77, start=624093, stop=625139, strand=+, frame=3, truncated=no, start-type=GTG, RBS-motif=AGxAGG/AGGxGG
13:31:32.247 - INFO - CDS - contig=contig_77, start=625176, stop=626528, strand=+, frame=3, truncated=no, start-type=ATG, RBS-motif=AGGA
13:31:32.247 - INFO - CDS - contig=contig_77, start=626615, stop=627247, strand=+, frame=2, truncated=no, start-type=ATG, RBS-motif=AGGAG
13:31:32.247 - INFO - CDS - contig=contig_77, start=627325, stop=627603, strand=+, frame=1, truncated=no, start-type=ATG, RBS-motif=GGAG/GAGG
13:31:32.247 - INFO - CDS - contig=contig_77, start=627703, stop=628506, strand=+, frame=1, truncated=no, start-type=TTG, RBS-motif=GGA/GAG/AGG
13:31:32.247 - INFO - CDS - contig=contig_77, start=628599, stop=629198, strand=+, frame=3, truncated=no, start-type=ATG, RBS-motif=AGGAGG
13:31:32.247 - INFO - CDS - contig=contig_77, start=629419, stop=630612, strand=+, frame=1, truncated=no, start-type=ATG, RBS-motif=GGAGG
13:31:32.247 - INFO - CDS - contig=contig_77, start=630662, stop=632098, strand=+, frame=2, truncated=no, start-type=ATG, RBS-motif=GGAG/GAGG
13:31:32.247 - INFO - CDS - contig=contig_77, start=632114, stop=633097, strand=+, frame=2, truncated=no, start-type=ATG, RBS-motif=GGAGG
13:31:32.247 - INFO - CDS - contig=contig_77, start=633140, stop=634075, strand=+, frame=2, truncated=no, start-type=ATG, RBS-motif=AGGAG
13:31:32.247 - INFO - CDS - contig=contig_77, start=634426, stop=635226, strand=-, frame=2, truncated=no, start-type=ATG, RBS-motif=GGA/GAG/AGG
13:31:32.247 - INFO - CDS - contig=contig_77, start=635455, stop=635907, strand=-, frame=2, truncated=no, start-type=ATG, RBS-motif=GGAGG
13:31:32.247 - INFO - CDS - contig=contig_77, start=635923, stop=636951, strand=-, frame=2, truncated=no, start-type=ATG, RBS-motif=GGA/GAG/AGG
13:31:32.247 - INFO - CDS - contig=contig_77, start=637087, stop=638778, strand=-, frame=2, truncated=no, start-type=ATG, RBS-motif=AGGAG
13:31:32.247 - INFO - CDS - contig=contig_77, start=638935, stop=639174, strand=+, frame=1, truncated=no, start-type=ATG, RBS-motif=GGAG/GAGG
13:31:32.247 - INFO - CDS - contig=contig_77, start=639564, stop=640559, strand=+, frame=3, truncated=no, start-type=ATG, RBS-motif=AGxAGG/AGGxGG
13:31:32.247 - INFO - CDS - contig=contig_77, start=640778, stop=640891, strand=+, frame=2, truncated=no, start-type=ATG, RBS-motif=AGGAG
13:31:32.247 - INFO - CDS - contig=contig_77, start=640961, stop=641227, strand=-, frame=1, truncated=no, start-type=ATG, RBS-motif=AGGAG
13:31:32.247 - INFO - CDS - contig=contig_77, start=42, stop=542, strand=+, nt=[ATGCCTCAGG..CGGCAAATAA]
13:31:32.247 - INFO - CDS - contig=contig_77, start=582, stop=2141, strand=+, nt=[ATGTCCCAAA..GAAAAAATGA]
13:31:32.247 - INFO - CDS - contig=contig_77, start=2225, stop=3583, strand=+, nt=[ATGAACATGG..GGGCCTGTAA]
13:31:32.247 - INFO - CDS - contig=contig_77, start=3758, stop=4900, strand=+, nt=[ATGAATTTCG..TTTCCGCTAA]
13:31:32.247 - INFO - CDS - contig=contig_77, start=5028, stop=5456, strand=+, nt=[ATGCAACTAT..AGCGGAATGA]
13:31:32.247 - INFO - CDS - contig=contig_77, start=5965, stop=6087, strand=-, nt=[ATGATCGTCA..TGCCGCATAA]
13:31:32.247 - INFO - CDS - contig=contig_77, start=6084, stop=6476, strand=-, nt=[TTGGTAAGGT..AAGAAAATGA]
13:31:32.247 - INFO - CDS - contig=contig_77, start=6448, stop=6783, strand=-, nt=[TTGCAGATTA..AGATATTTGA]
13:31:32.248 - INFO - CDS - contig=contig_77, start=6908, stop=7429, strand=-, nt=[GTGGCAGAAG..ACCTAAATGA]
13:31:32.248 - INFO - CDS - contig=contig_77, start=8312, stop=9853, strand=-, nt=[ATGAAGAAAA..GTCGCTTTAG]
13:31:32.248 - INFO - CDS - contig=contig_77, start=10537, stop=11121, strand=-, nt=[ATGGAGATTG..TTCAGCCTGA]
13:31:32.248 - INFO - CDS - contig=contig_77, start=11360, stop=12262, strand=+, nt=[ATGAAAAAGG..CGCCAGATAA]
13:31:32.248 - INFO - CDS - contig=contig_77, start=12336, stop=13073, strand=-, nt=[ATGCGCACCC..TTCAATATGA]
13:31:32.248 - INFO - CDS - contig=contig_77, start=13556, stop=14017, strand=-, nt=[ATGAAGAACA..TCACGGATGA]
13:31:32.248 - INFO - CDS - contig=contig_77, start=14058, stop=14369, strand=+, nt=[ATGCTGCTGG..ATACGCATAA]
13:31:32.248 - INFO - CDS - contig=contig_77, start=14777, stop=15775, strand=-, nt=[ATGAAATATC..GGATAAATAA]
13:31:32.248 - INFO - CDS - contig=contig_77, start=16382, stop=17671, strand=+, nt=[ATGATTATGT..TTTGAAATAA]
13:31:32.248 - INFO - CDS - contig=contig_77, start=17783, stop=18715, strand=+, nt=[ATGCCTAATA..TGCTGAATAA]
13:31:32.248 - INFO - CDS - contig=contig_77, start=18914, stop=20002, strand=+, nt=[ATGATAGAAC..GGCTTTCTAA]
13:31:32.248 - INFO - CDS - contig=contig_77, start=20005, stop=21141, strand=+, nt=[ATGATCTATC..CACCATATGA]
13:31:32.248 - INFO - CDS - contig=contig_77, start=21138, stop=21989, strand=+, nt=[ATGAGCCGCG..CAATTCCTGA]
13:31:32.248 - INFO - CDS - contig=contig_77, start=24088, stop=25044, strand=-, nt=[ATGCGCACAA..CAAAAAATAA]
13:31:32.248 - INFO - CDS - contig=contig_77, start=25061, stop=25807, strand=-, nt=[ATGAGCGATA..TCGAGTTTGA]
13:31:32.248 - INFO - CDS - contig=contig_77, start=25797, stop=26459, strand=-, nt=[TTGATTGAAA..TGAGCGATAA]
13:31:32.248 - INFO - CDS - contig=contig_77, start=26502, stop=27350, strand=-, nt=[ATGAAAAATG..CATTAAGTAA]
13:31:32.248 - INFO - CDS - contig=contig_77, start=27389, stop=28609, strand=-, nt=[ATGGAACAAA..TCGGCCCTGA]
13:31:32.248 - INFO - CDS - contig=contig_77, start=29372, stop=30295, strand=-, nt=[ATGTTTCGCA..AAATTCGTAA]
13:31:32.248 - INFO - CDS - contig=contig_77, start=31808, stop=33490, strand=+, nt=[ATGTATCAGG..TAAAGAATAA]
13:31:32.248 - INFO - CDS - contig=contig_77, start=33508, stop=33858, strand=+, nt=[ATGGCAAAGG..GGGCATGTAA]
13:31:32.248 - INFO - CDS - contig=contig_77, start=33864, stop=34550, strand=+, nt=[GTGAAGAAGC..AGAGACATGA]
13:31:32.248 - INFO - CDS - contig=contig_77, start=34547, stop=35563, strand=+, nt=[ATGAGCGGGA..CAGATCATAA]
13:31:32.248 - INFO - CDS - contig=contig_77, start=35576, stop=36700, strand=+, nt=[ATGGGCCCTT..GCCTATCTAA]
13:31:32.248 - INFO - CDS - contig=contig_77, start=36745, stop=37410, strand=+, nt=[ATGGAGCTTA..GGGATATTGA]
13:31:32.248 - INFO - CDS - contig=contig_77, start=37625, stop=38761, strand=+, nt=[ATGAAGAAGA..CGAGCAGTAA]
13:31:32.248 - INFO - CDS - contig=contig_77, start=38949, stop=42260, strand=+, nt=[ATGCTGAAGC..GCGGGAATGA]
13:31:32.248 - INFO - CDS - contig=contig_77, start=42448, stop=46011, strand=+, nt=[ATGGCCTTTC..GGAAGTTTAG]
13:31:32.248 - INFO - CDS - contig=contig_77, start=46157, stop=46489, strand=+, nt=[ATGAAAAAGA..ACTGGGGTAA]
13:31:32.248 - INFO - CDS - contig=contig_77, start=46494, stop=47237, strand=+, nt=[ATGGAACGGG..GGTGAGCTGA]
13:31:32.248 - INFO - CDS - contig=contig_77, start=47237, stop=47887, strand=+, nt=[ATGAAGCGGA..GTTCGGTTGA]
13:31:32.248 - INFO - CDS - contig=contig_77, start=47944, stop=48666, strand=+, nt=[GTGACCTGTG..GGCGGAGTGA]
13:31:32.248 - INFO - CDS - contig=contig_77, start=48663, stop=49331, strand=+, nt=[GTGAACCGGA..GGGGGATTAA]
13:31:32.248 - INFO - CDS - contig=contig_77, start=49459, stop=49665, strand=+, nt=[ATGAAGGAAG..CAAGCAGTAA]
13:31:32.248 - INFO - CDS - contig=contig_77, start=49743, stop=50243, strand=+, nt=[ATGTTTCAAA..GCAGAAATAA]
13:31:32.248 - INFO - CDS - contig=contig_77, start=50329, stop=51639, strand=+, nt=[ATGTTCGAAA..GGAGGACTGA]
13:31:32.248 - INFO - CDS - contig=contig_77, start=51640, stop=52185, strand=+, nt=[ATGGAACGGC..AATGAAATGA]
13:31:32.248 - INFO - CDS - contig=contig_77, start=52204, stop=52839, strand=+, nt=[ATGACGGAAT..GGACAGATAA]
13:31:32.248 - INFO - CDS - contig=contig_77, start=52928, stop=53932, strand=+, nt=[ATGACCATCC..GGTCAAATAG]
13:31:32.248 - INFO - CDS - contig=contig_77, start=54034, stop=55815, strand=+, nt=[GTGCCCATTC..TGGACAATGA]
13:31:32.248 - INFO - CDS - contig=contig_77, start=55812, stop=57158, strand=+, nt=[ATGAGCGAGA..TTTGAACTGA]
13:31:32.248 - INFO - CDS - contig=contig_77, start=57278, stop=57637, strand=+, nt=[TTGAAAATGA..GGAGGTCTGA]
13:31:32.248 - INFO - CDS - contig=contig_77, start=57639, stop=59642, strand=+, nt=[ATGAGGAGCC..GATTAGCTGA]
13:31:32.248 - INFO - CDS - contig=contig_77, start=59644, stop=60195, strand=+, nt=[ATGGGGCGGG..AACGGAATGA]
13:31:32.248 - INFO - CDS - contig=contig_77, start=60397, stop=60801, strand=+, nt=[ATGACAAGAG..CGAAATGTAA]
13:31:32.248 - INFO - CDS - contig=contig_77, start=60942, stop=61058, strand=+, nt=[ATGACCGGCA..AAGGACATGA]
13:31:32.248 - INFO - CDS - contig=contig_77, start=61108, stop=61614, strand=+, nt=[ATGAAAAAAG..CAACAATTAA]
13:31:32.248 - INFO - CDS - contig=contig_77, start=61633, stop=62343, strand=+, nt=[ATGGAGAAGA..GGGGGAATAA]
13:31:32.248 - INFO - CDS - contig=contig_77, start=62345, stop=63793, strand=+, nt=[ATGGAGCCGA..CGGAGATTGA]
13:31:32.248 - INFO - CDS - contig=contig_77, start=63804, stop=64841, strand=+, nt=[ATGGAGAAGA..GCTATGCTGA]
13:31:32.248 - INFO - CDS - contig=contig_77, start=64835, stop=65470, strand=+, nt=[ATGCTGAACA..GCTCGAATGA]
13:31:32.249 - INFO - CDS - contig=contig_77, start=65467, stop=65727, strand=+, nt=[ATGAAGACCA..AACTGACTGA]
13:31:32.249 - INFO - CDS - contig=contig_77, start=65711, stop=66412, strand=+, nt=[ATGGAACAAC..GCACGCTTGA]
13:31:32.249 - INFO - CDS - contig=contig_77, start=66423, stop=67598, strand=+, nt=[ATGACTGAAC..CCATCATTGA]
13:31:32.249 - INFO - CDS - contig=contig_77, start=67689, stop=68972, strand=+, nt=[ATGAAAGTTC..AGGGAAATGA]
13:31:32.249 - INFO - CDS - contig=contig_77, start=68982, stop=72671, strand=+, nt=[ATGGTTTATC..TTTCCAATAA]
13:31:32.249 - INFO - CDS - contig=contig_77, start=72768, stop=73454, strand=-, nt=[ATGAAACGAG..TCCGGTGTAA]
13:31:32.249 - INFO - CDS - contig=contig_77, start=73833, stop=74483, strand=+, nt=[ATGACACGAT..AGCTGTATAA]
13:31:32.249 - INFO - CDS - contig=contig_77, start=74470, stop=75885, strand=+, nt=[ATGAAGCTGT..AAAGGCGTGA]
13:31:32.249 - INFO - CDS - contig=contig_77, start=76095, stop=77480, strand=+, nt=[ATGGAGACAG..CGTCATATAA]
13:31:32.249 - INFO - CDS - contig=contig_77, start=77523, stop=77735, strand=-, nt=[ATGATCATGG..CCGGACCTGA]
13:31:32.249 - INFO - CDS - contig=contig_77, start=77795, stop=78394, strand=-, nt=[ATGAAATTTT..GAAGGTATAA]
13:31:32.249 - INFO - CDS - contig=contig_77, start=78515, stop=78724, strand=+, nt=[ATGCGGACCC..GAGGCGGTAA]
13:31:32.249 - INFO - CDS - contig=contig_77, start=78781, stop=79176, strand=-, nt=[ATGACCGACC..TCTGGTCTGA]
13:31:32.249 - INFO - CDS - contig=contig_77, start=79211, stop=80428, strand=-, nt=[ATGACACATC..GCCGAAGTGA]
13:31:32.249 - INFO - CDS - contig=contig_77, start=80619, stop=81404, strand=+, nt=[ATGGACAAGA..ACTGATGTGA]
13:31:32.249 - INFO - CDS - contig=contig_77, start=81497, stop=82198, strand=-, nt=[ATGCCTTCCG..GATCCTGTAA]
13:31:32.249 - INFO - CDS - contig=contig_77, start=82566, stop=83063, strand=+, nt=[GTGGAGAGGG..GGACGTGTAA]
13:31:32.249 - INFO - CDS - contig=contig_77, start=83185, stop=83574, strand=+, nt=[ATGGGAGAAG..GGGACCGTGA]
13:31:32.249 - INFO - CDS - contig=contig_77, start=83574, stop=86201, strand=+, nt=[ATGGAAAAAG..CCAGGAGTGA]
13:31:32.249 - INFO - CDS - contig=contig_77, start=86255, stop=88810, strand=-, nt=[ATGCAGCCTA..ATCTGATTAA]
13:31:32.249 - INFO - CDS - contig=contig_77, start=88928, stop=89476, strand=-, nt=[GTGAATCTTC..CAAAAAATAA]
13:31:32.249 - INFO - CDS - contig=contig_77, start=89503, stop=90192, strand=-, nt=[ATGTCCATCC..GCTGGTGTAG]
13:31:32.249 - INFO - CDS - contig=contig_77, start=90206, stop=91363, strand=-, nt=[ATGAGCGAGG..TCCCGACTGA]
13:31:32.249 - INFO - CDS - contig=contig_77, start=91365, stop=92132, strand=-, nt=[ATGAGAAATA..GCTGACATAG]
13:31:32.249 - INFO - CDS - contig=contig_77, start=92180, stop=92995, strand=-, nt=[ATGGCGCTCA..CGTATTCTGA]
13:31:32.249 - INFO - CDS - contig=contig_77, start=92996, stop=93862, strand=-, nt=[TTGGAATCCA..GGCGGTGTAA]
13:31:32.249 - INFO - CDS - contig=contig_77, start=93946, stop=94788, strand=-, nt=[ATGACTAACG..CCTGTCGTAA]
13:31:32.249 - INFO - CDS - contig=contig_77, start=94781, stop=95191, strand=-, nt=[ATGGAAGTGA..ACATGACTAA]
13:31:32.249 - INFO - CDS - contig=contig_77, start=95219, stop=96082, strand=-, nt=[ATGTGGATTT..GGCCGACTGA]
13:31:32.249 - INFO - CDS - contig=contig_77, start=96288, stop=97658, strand=+, nt=[ATGAGGAAGT..AAAAGCTTGA]
13:31:32.249 - INFO - CDS - contig=contig_77, start=97951, stop=99309, strand=+, nt=[ATGGAAGAAC..CGGTCTTTGA]
13:31:32.249 - INFO - CDS - contig=contig_77, start=99397, stop=100020, strand=+, nt=[ATGGGCAAAC..GTGCGAATAA]
13:31:32.249 - INFO - CDS - contig=contig_77, start=100252, stop=101847, strand=+, nt=[ATGCCTTATT..ACAGAAGTAG]
13:31:32.249 - INFO - CDS - contig=contig_77, start=102018, stop=102392, strand=-, nt=[ATGGCTAGCG..GCTGAAGTAA]
13:31:32.249 - INFO - CDS - contig=contig_77, start=102437, stop=102979, strand=-, nt=[ATGCCTAACG..TACTGAATAA]
13:31:32.249 - INFO - CDS - contig=contig_77, start=103272, stop=103964, strand=-, nt=[ATGTTTAGAG..GTTCGTGTAA]
13:31:32.249 - INFO - CDS - contig=contig_77, start=103983, stop=104408, strand=-, nt=[ATGGCACAGA..GGGCGAGTAA]
13:31:32.249 - INFO - CDS - contig=contig_77, start=104506, stop=105027, strand=-, nt=[ATGGAAGACG..CAGCGACTGA]
13:31:32.249 - INFO - CDS - contig=contig_77, start=105038, stop=105355, strand=-, nt=[ATGGCTGAAA..GCAGTTCTAA]
13:31:32.249 - INFO - CDS - contig=contig_77, start=105404, stop=105568, strand=-, nt=[ATGGCAAAGG..GACCAAGTAA]
13:31:32.249 - INFO - CDS - contig=contig_77, start=105934, stop=106752, strand=+, nt=[GTGACGGTCG..CGGGGCCTGA]
13:31:32.249 - INFO - CDS - contig=contig_77, start=106811, stop=107533, strand=+, nt=[ATGGGGGAGA..AATGATGTGA]
13:31:32.249 - INFO - CDS - contig=contig_77, start=107662, stop=108144, strand=+, nt=[ATGTATGAAG..GCACCAATAA]
13:31:32.249 - INFO - CDS - contig=contig_77, start=108220, stop=109146, strand=-, nt=[ATGGATTTTA..CCTGGTCTGA]
13:31:32.249 - INFO - CDS - contig=contig_77, start=109265, stop=110023, strand=+, nt=[ATGGACCTGG..GAGCCGGTGA]
13:31:32.249 - INFO - CDS - contig=contig_77, start=110097, stop=111356, strand=-, nt=[ATGAAAAAAA..CTTCGACTGA]
13:31:32.249 - INFO - CDS - contig=contig_77, start=111416, stop=112789, strand=-, nt=[ATGCGGCGAA..TCTCCCTTGA]
13:31:32.250 - INFO - CDS - contig=contig_77, start=113157, stop=113585, strand=+, nt=[ATGTTTGGTA..CATCCAGTAA]
13:31:32.250 - INFO - CDS - contig=contig_77, start=113604, stop=113810, strand=-, nt=[ATGCATACGT..CCTGGGCTGA]
13:31:32.250 - INFO - CDS - contig=contig_77, start=113901, stop=114104, strand=+, nt=[ATGTTTTTGC..AAAAATCTAA]
13:31:32.250 - INFO - CDS - contig=contig_77, start=114133, stop=116760, strand=+, nt=[ATGAACACCC..GGTGAACTGA]
13:31:32.250 - INFO - CDS - contig=contig_77, start=116939, stop=117727, strand=+, nt=[ATGAATGATT..GCTGGGCTGA]
13:31:32.250 - INFO - CDS - contig=contig_77, start=117789, stop=118580, strand=-, nt=[TTGAAAGAGG..CGCCTTTTAA]
13:31:32.250 - INFO - CDS - contig=contig_77, start=118777, stop=119595, strand=-, nt=[ATGAAGAAAC..CTTCGCATAA]
13:31:32.250 - INFO - CDS - contig=contig_77, start=119909, stop=120676, strand=-, nt=[ATGAAACGAC..TTACCTGTAA]
13:31:32.250 - INFO - CDS - contig=contig_77, start=120798, stop=120983, strand=-, nt=[ATGACCACCG..TATCATGTAG]
13:31:32.250 - INFO - CDS - contig=contig_77, start=121097, stop=121285, strand=-, nt=[ATGGCCAAAT..CGCTGTGTAA]
13:31:32.250 - INFO - CDS - contig=contig_77, start=121433, stop=122074, strand=-, nt=[TTGAAAAAGG..CGGAACGTGA]
13:31:32.250 - INFO - CDS - contig=contig_77, start=122196, stop=122507, strand=+, nt=[ATGACAAAAA..CAAGCTATGA]
13:31:32.250 - INFO - CDS - contig=contig_77, start=122494, stop=123246, strand=+, nt=[ATGGCAAGCT..AGTCCAATGA]
13:31:32.250 - INFO - CDS - contig=contig_77, start=123243, stop=124130, strand=+, nt=[ATGACAGATG..CACACACTGA]
13:31:32.250 - INFO - CDS - contig=contig_77, start=124967, stop=125494, strand=-, nt=[ATGATCCGCA..CGCCGAATGA]
13:31:32.250 - INFO - CDS - contig=contig_77, start=125702, stop=127084, strand=+, nt=[GTGCTGGAGC..GGCTCGATAG]
13:31:32.250 - INFO - CDS - contig=contig_77, start=127100, stop=127783, strand=-, nt=[ATGCAAGGTT..AGCTTTATAG]
13:31:32.250 - INFO - CDS - contig=contig_77, start=127828, stop=128760, strand=-, nt=[ATGCCGCTGC..GCTTCCATGA]
13:31:32.250 - INFO - CDS - contig=contig_77, start=128848, stop=129933, strand=-, nt=[ATGAGGCAAG..GCTGTTTTAA]
13:31:32.250 - INFO - CDS - contig=contig_77, start=129930, stop=132170, strand=-, nt=[ATGAAAGTCA..CGCGATATGA]
13:31:32.250 - INFO - CDS - contig=contig_77, start=132374, stop=132919, strand=+, nt=[ATGGATAAAA..CGCGGCGTAA]
13:31:32.250 - INFO - CDS - contig=contig_77, start=133030, stop=133584, strand=+, nt=[ATGCTGAGCG..GGAGCGGTAG]
13:31:32.250 - INFO - CDS - contig=contig_77, start=133836, stop=134075, strand=-, nt=[ATGGCCTATC..TACAAAATAA]
13:31:32.250 - INFO - CDS - contig=contig_77, start=134306, stop=135505, strand=+, nt=[ATGGACTACT..ACAACGTTAA]
13:31:32.250 - INFO - CDS - contig=contig_77, start=135555, stop=136136, strand=+, nt=[ATGTCTCAAA..GCCCCATTGA]
13:31:32.250 - INFO - CDS - contig=contig_77, start=136261, stop=138036, strand=+, nt=[ATGTATTATT..TGTCATCTGA]
13:31:32.250 - INFO - CDS - contig=contig_77, start=138181, stop=139530, strand=+, nt=[ATGGACTTTT..AAGTAAATAG]
13:31:32.250 - INFO - CDS - contig=contig_77, start=139712, stop=140782, strand=+, nt=[ATGGGAAAAA..AATATCCTAA]
13:31:32.250 - INFO - CDS - contig=contig_77, start=140769, stop=141113, strand=+, nt=[ATGGAATATC..GATTGGGTAG]
13:31:32.250 - INFO - CDS - contig=contig_77, start=141545, stop=142432, strand=+, nt=[ATGAGCGAAT..CAAGTACTGA]
13:31:32.250 - INFO - CDS - contig=contig_77, start=142975, stop=143856, strand=-, nt=[TTGAAAGTCA..AAGAAAATGA]
13:31:32.250 - INFO - CDS - contig=contig_77, start=143916, stop=144497, strand=-, nt=[ATGGCAGAGA..GCAAGGATGA]
13:31:32.250 - INFO - CDS - contig=contig_77, start=144564, stop=144905, strand=-, nt=[ATGCGCATTC..GGTCTTATAA]
13:31:32.250 - INFO - CDS - contig=contig_77, start=145832, stop=146890, strand=-, nt=[ATGCGGCATC..CCTGCGATAG]
13:31:32.250 - INFO - CDS - contig=contig_77, start=147046, stop=147591, strand=+, nt=[ATGGGGACGC..GTCGTCCTGA]
13:31:32.250 - INFO - CDS - contig=contig_77, start=147595, stop=147807, strand=-, nt=[ATGGATCTGA..GCAGATATAG]
13:31:32.250 - INFO - CDS - contig=contig_77, start=147910, stop=148434, strand=+, nt=[ATGCAGTATT..AATTCGGTGA]
13:31:32.250 - INFO - CDS - contig=contig_77, start=148431, stop=149252, strand=+, nt=[GTGAGACGAG..TCTCACATAA]
13:31:32.250 - INFO - CDS - contig=contig_77, start=149332, stop=149529, strand=+, nt=[ATGCAGCGCG..CTGCCGCTGA]
13:31:32.250 - INFO - CDS - contig=contig_77, start=149575, stop=150345, strand=+, nt=[ATGTCCTATT..GGACGCATGA]
13:31:32.250 - INFO - CDS - contig=contig_77, start=150472, stop=151800, strand=-, nt=[ATGTCAGCTT..ACGATCCTGA]
13:31:32.250 - INFO - CDS - contig=contig_77, start=152386, stop=152955, strand=+, nt=[ATGCCTACGA..CAAGGGCTGA]
13:31:32.250 - INFO - CDS - contig=contig_77, start=153072, stop=153521, strand=+, nt=[ATGACCATTT..AGACAAGTAA]
13:31:32.250 - INFO - CDS - contig=contig_77, start=153639, stop=153785, strand=+, nt=[ATGGACAAGG..TCACGCCTGA]
13:31:32.250 - INFO - CDS - contig=contig_77, start=153918, stop=154640, strand=+, nt=[ATGGAAGAAT..GCGCGCCTAA]
13:31:32.250 - INFO - CDS - contig=contig_77, start=154734, stop=155063, strand=+, nt=[ATGGGCGCAT..GGCTGGCTGA]
13:31:32.250 - INFO - CDS - contig=contig_77, start=155139, stop=155540, strand=-, nt=[ATGCTTGCAC..AAACCGCTGA]
13:31:32.250 - INFO - CDS - contig=contig_77, start=155544, stop=155906, strand=-, nt=[ATGGGAAACC..AGGAGTTTGA]
13:31:32.250 - INFO - CDS - contig=contig_77, start=156268, stop=156615, strand=-, nt=[ATGAATCCAA..GAAACGTTGA]
13:31:32.251 - INFO - CDS - contig=contig_77, start=156612, stop=160214, strand=-, nt=[ATGAGCTTAC..TGTAAAATGA]
13:31:32.251 - INFO - CDS - contig=contig_77, start=160309, stop=163356, strand=-, nt=[ATGCCGGTTA..CCAAAGCTGA]
13:31:32.251 - INFO - CDS - contig=contig_77, start=163706, stop=164302, strand=-, nt=[ATGAATCAGC..ATTTTTCTAA]
13:31:32.251 - INFO - CDS - contig=contig_77, start=164311, stop=164883, strand=-, nt=[ATGACTTTTA..TTTGGTGTGA]
13:31:32.251 - INFO - CDS - contig=contig_77, start=164880, stop=165590, strand=-, nt=[ATGGGCTTCC..CGACGAATGA]
13:31:32.251 - INFO - CDS - contig=contig_77, start=165590, stop=166264, strand=-, nt=[ATGGTACTGG..GGTGGTTTGA]
13:31:32.251 - INFO - CDS - contig=contig_77, start=166277, stop=167341, strand=-, nt=[ATGAACCATC..CATTTTGTAA]
13:31:32.251 - INFO - CDS - contig=contig_77, start=167364, stop=167582, strand=-, nt=[ATGTTTGATC..CCAGCCGTAA]
13:31:32.251 - INFO - CDS - contig=contig_77, start=167655, stop=167891, strand=+, nt=[ATGGATCAAC..GCTCCTATAA]
13:31:32.251 - INFO - CDS - contig=contig_77, start=167886, stop=168605, strand=-, nt=[GTGGGGGAAT..GGCGTTATAG]
13:31:32.251 - INFO - CDS - contig=contig_77, start=168766, stop=169266, strand=-, nt=[TTGGCCTTTC..CCGCCGCTGA]
13:31:32.251 - INFO - CDS - contig=contig_77, start=169369, stop=170166, strand=+, nt=[ATGACGCAAA..TCAAAATTAG]
13:31:32.251 - INFO - CDS - contig=contig_77, start=170224, stop=170406, strand=-, nt=[ATGTCGGAAA..GTTCTTCTAA]
13:31:32.251 - INFO - CDS - contig=contig_77, start=170591, stop=173029, strand=-, nt=[TTGGATTTGA..CCAGGCGTAA]
13:31:32.251 - INFO - CDS - contig=contig_77, start=173289, stop=173711, strand=+, nt=[GTGAACGGCT..GCAGGACTGA]
13:31:32.251 - INFO - CDS - contig=contig_77, start=173771, stop=175681, strand=+, nt=[ATGTTGTTCC..CGAGGCCTGA]
13:31:32.251 - INFO - CDS - contig=contig_77, start=175709, stop=176920, strand=+, nt=[ATGTATTGTG..CATGAAGTAA]
13:31:32.251 - INFO - CDS - contig=contig_77, start=177018, stop=178007, strand=-, nt=[ATGAAAAAAC..CAAGGACTGA]
13:31:32.251 - INFO - CDS - contig=contig_77, start=178004, stop=178819, strand=-, nt=[ATGCCTGATT..GACGGTATGA]
13:31:32.251 - INFO - CDS - contig=contig_77, start=178812, stop=179570, strand=-, nt=[ATGATTGTAG..CCATGCCTGA]
13:31:32.251 - INFO - CDS - contig=contig_77, start=179756, stop=180454, strand=-, nt=[ATGTTTATGG..CACCGACTGA]
13:31:32.251 - INFO - CDS - contig=contig_77, start=180552, stop=180671, strand=+, nt=[ATGAAAAATT..CCTCAAATAA]
13:31:32.251 - INFO - CDS - contig=contig_77, start=180774, stop=181106, strand=+, nt=[ATGATTGAAA..GGGGATTTGA]
13:31:32.251 - INFO - CDS - contig=contig_77, start=181167, stop=182087, strand=+, nt=[ATGGAAAAAC..GGAGCACTGA]
13:31:32.251 - INFO - CDS - contig=contig_77, start=182397, stop=183092, strand=-, nt=[ATGCTCTCCG..ACTCCGCTGA]
13:31:32.251 - INFO - CDS - contig=contig_77, start=183205, stop=183489, strand=-, nt=[ATGAATCGGA..CGTGCGGTAA]
13:31:32.251 - INFO - CDS - contig=contig_77, start=183658, stop=184056, strand=+, nt=[ATGGCCGGCA..AATGAATTGA]
13:31:32.251 - INFO - CDS - contig=contig_77, start=184141, stop=184674, strand=+, nt=[ATGGAACTCA..GAACTACTAA]
13:31:32.251 - INFO - CDS - contig=contig_77, start=184686, stop=185144, strand=+, nt=[ATGGCCAGCC..TGCGCAGTGA]
13:31:32.251 - INFO - CDS - contig=contig_77, start=185296, stop=185697, strand=+, nt=[ATGACTGATT..GGAGGAATAA]
13:31:32.251 - INFO - CDS - contig=contig_77, start=185699, stop=187318, strand=+, nt=[ATGGCGCTGG..GACCAAGTAA]
13:31:32.251 - INFO - CDS - contig=contig_77, start=187331, stop=188020, strand=+, nt=[ATGGAGAGCT..CGAGCCGTGA]
13:31:32.251 - INFO - CDS - contig=contig_77, start=188078, stop=188242, strand=-, nt=[ATGTTCACCC..CGCCGGCTGA]
13:31:32.251 - INFO - CDS - contig=contig_77, start=188418, stop=189341, strand=+, nt=[ATGGCGGAAA..CCATGCTTAA]
13:31:32.251 - INFO - CDS - contig=contig_77, start=189334, stop=190089, strand=+, nt=[ATGCTTAAAT..GATTTCCTGA]
13:31:32.251 - INFO - CDS - contig=contig_77, start=190089, stop=190856, strand=+, nt=[ATGCTCAACT..GATTCGATAA]
13:31:32.251 - INFO - CDS - contig=contig_77, start=190874, stop=191764, strand=+, nt=[ATGCTGCTGA..GAAAATATGA]
13:31:32.251 - INFO - CDS - contig=contig_77, start=191897, stop=192754, strand=+, nt=[ATGGCAAAAA..GATCCATTGA]
13:31:32.251 - INFO - CDS - contig=contig_77, start=192768, stop=194162, strand=+, nt=[ATGCCGAATA..GCGGGCCTGA]
13:31:32.251 - INFO - CDS - contig=contig_77, start=194341, stop=194907, strand=-, nt=[ATGTATTTTC..CAAGAAATAA]
13:31:32.251 - INFO - CDS - contig=contig_77, start=195096, stop=195311, strand=-, nt=[ATGGAAAAAT..GGCAGAATAA]
13:31:32.251 - INFO - CDS - contig=contig_77, start=195350, stop=195547, strand=-, nt=[ATGTCCCATT..AACCTTTTAG]
13:31:32.251 - INFO - CDS - contig=contig_77, start=195606, stop=196973, strand=-, nt=[ATGGACGAGA..GGAGCCGTGA]
13:31:32.251 - INFO - CDS - contig=contig_77, start=197110, stop=198438, strand=-, nt=[ATGGCAGAAC..TGCCCGGTAA]
13:31:32.251 - INFO - CDS - contig=contig_77, start=198555, stop=201506, strand=-, nt=[ATGAACCTGC..AAGCGGCTGA]
13:31:32.251 - INFO - CDS - contig=contig_77, start=201695, stop=203014, strand=-, nt=[ATGGCCACAG..GATCGGCTGA]
13:31:32.251 - INFO - CDS - contig=contig_77, start=203189, stop=203758, strand=+, nt=[ATGGAGTGGA..GGAATCTTGA]
13:31:32.251 - INFO - CDS - contig=contig_77, start=203775, stop=203960, strand=+, nt=[ATGGCTAATC..TTTACAGTAA]
13:31:32.252 - INFO - CDS - contig=contig_77, start=203975, stop=204226, strand=+, nt=[ATGAACGACC..GAAGCCCTGA]
13:31:32.252 - INFO - CDS - contig=contig_77, start=204355, stop=205545, strand=+, nt=[ATGACAAGGA..CGAAAAGTGA]
13:31:32.252 - INFO - CDS - contig=contig_77, start=205564, stop=206001, strand=+, nt=[ATGCTTTATT..CGGCCACTGA]
13:31:32.252 - INFO - CDS - contig=contig_77, start=206153, stop=207118, strand=+, nt=[ATGGAGAGCC..AGAAGAGTAG]
13:31:32.252 - INFO - CDS - contig=contig_77, start=207296, stop=208003, strand=+, nt=[ATGGCAGTCG..TGAGGCCTAA]
13:31:32.252 - INFO - CDS - contig=contig_77, start=208092, stop=209006, strand=+, nt=[ATGGCTGCAA..CCAGAAGTAA]
13:31:32.252 - INFO - CDS - contig=contig_77, start=209406, stop=210119, strand=-, nt=[ATGAATATCG..TCGGGATTGA]
13:31:32.252 - INFO - CDS - contig=contig_77, start=210516, stop=211139, strand=+, nt=[ATGAAAAAAA..ACTGGTTTGA]
13:31:32.252 - INFO - CDS - contig=contig_77, start=211242, stop=211916, strand=-, nt=[ATGCTCCTCA..TGCAAAGTAA]
13:31:32.252 - INFO - CDS - contig=contig_77, start=211927, stop=212316, strand=-, nt=[GTGCTTTTTG..TTGGCTTTAA]
13:31:32.252 - INFO - CDS - contig=contig_77, start=212604, stop=213191, strand=-, nt=[TTGAAAGCTG..GCGTGGCTGA]
13:31:32.252 - INFO - CDS - contig=contig_77, start=213323, stop=213763, strand=-, nt=[ATGGCGGCAT..AAATGACTGA]
13:31:32.252 - INFO - CDS - contig=contig_77, start=214059, stop=214730, strand=-, nt=[ATGAAAAGAA..TCCTGCGTGA]
13:31:32.252 - INFO - CDS - contig=contig_77, start=215659, stop=216510, strand=-, nt=[ATGAAGAGAA..GAACCCGTAG]
13:31:32.252 - INFO - CDS - contig=contig_77, start=217420, stop=217662, strand=-, nt=[ATGGAAAAAT..GGCAGGCTGA]
13:31:32.252 - INFO - CDS - contig=contig_77, start=217865, stop=218743, strand=+, nt=[ATGGACGAAA..AAAGGCATAA]
13:31:32.252 - INFO - CDS - contig=contig_77, start=218819, stop=219757, strand=-, nt=[ATGCCGGTGG..TGCAAGCTGA]
13:31:32.252 - INFO - CDS - contig=contig_77, start=220205, stop=220579, strand=-, nt=[ATGACTACGG..GGCCAAATAG]
13:31:32.252 - INFO - CDS - contig=contig_77, start=220590, stop=221162, strand=-, nt=[GTGACGGTGC..GAAAGTTTGA]
13:31:32.252 - INFO - CDS - contig=contig_77, start=221214, stop=221942, strand=-, nt=[ATGACAGAGA..TGGCGTTTGA]
13:31:32.252 - INFO - CDS - contig=contig_77, start=222119, stop=222715, strand=-, nt=[ATGAGCCGTG..AAAAGTATAA]
13:31:32.252 - INFO - CDS - contig=contig_77, start=222712, stop=223107, strand=-, nt=[ATGGTGACTT..GCTGAAATGA]
13:31:32.252 - INFO - CDS - contig=contig_77, start=223112, stop=223669, strand=-, nt=[ATGAATGGCT..GAAGGGGTAA]
13:31:32.252 - INFO - CDS - contig=contig_77, start=223683, stop=224117, strand=-, nt=[ATGAACGAGG..GTGGTTCTAA]
13:31:32.252 - INFO - CDS - contig=contig_77, start=224114, stop=224611, strand=-, nt=[ATGGAAATCA..CAACGGATGA]
13:31:32.252 - INFO - CDS - contig=contig_77, start=224624, stop=225259, strand=-, nt=[ATGGCCTTTG..GGCAGAATGA]
13:31:32.252 - INFO - CDS - contig=contig_77, start=225262, stop=225582, strand=-, nt=[ATGGCCTCTC..GAGGAAATGA]
13:31:32.252 - INFO - CDS - contig=contig_77, start=225584, stop=226492, strand=-, nt=[ATGAAAATGG..GAGGGATTGA]
13:31:32.252 - INFO - CDS - contig=contig_77, start=226977, stop=227153, strand=+, nt=[GTGGCCGGGC..AAAGCGGTGA]
13:31:32.252 - INFO - CDS - contig=contig_77, start=227160, stop=227909, strand=+, nt=[ATGAGTGATC..GAAACAGTAA]
13:31:32.252 - INFO - CDS - contig=contig_77, start=227919, stop=228362, strand=+, nt=[ATGAAAATCA..AGAGTTATGA]
13:31:32.252 - INFO - CDS - contig=contig_77, start=228400, stop=228672, strand=-, nt=[TTGATTCCCC..AAAAGGATAA]
13:31:32.252 - INFO - CDS - contig=contig_77, start=228629, stop=232366, strand=-, nt=[ATGGGGGCCT..TCTACGGTGA]
13:31:32.252 - INFO - CDS - contig=contig_77, start=232625, stop=234535, strand=-, nt=[ATGGCACAAC..TGTGCGGTGA]
13:31:32.252 - INFO - CDS - contig=contig_77, start=235303, stop=236496, strand=-, nt=[ATGGCCTGCA..CGCTGGGTAA]
13:31:32.252 - INFO - CDS - contig=contig_77, start=237092, stop=238384, strand=-, nt=[ATGCTGAACA..CGGTTGCTGA]
13:31:32.252 - INFO - CDS - contig=contig_77, start=238395, stop=240092, strand=-, nt=[ATGAAAGTTC..GAAGAAATAA]
13:31:32.252 - INFO - CDS - contig=contig_77, start=240117, stop=241295, strand=-, nt=[ATGCTGCCCA..CTACCTTTAA]
13:31:32.252 - INFO - CDS - contig=contig_77, start=241376, stop=242932, strand=-, nt=[ATGTCTAAGA..TCCTGCCTAA]
13:31:32.252 - INFO - CDS - contig=contig_77, start=243013, stop=244200, strand=-, nt=[TTGCAGTATG..GGGCCGCTAA]
13:31:32.252 - INFO - CDS - contig=contig_77, start=244454, stop=246568, strand=-, nt=[ATGGCGAAAC..GGAGATATAA]
13:31:32.252 - INFO - CDS - contig=contig_77, start=246766, stop=247944, strand=+, nt=[ATGTTGGAAA..CGCCGAATAA]
13:31:32.252 - INFO - CDS - contig=contig_77, start=248050, stop=248265, strand=+, nt=[ATGAGTCAGG..AGACTATTGA]
13:31:32.252 - INFO - CDS - contig=contig_77, start=248726, stop=249442, strand=-, nt=[GTGGAGAGGG..GGATATTTGA]
13:31:32.252 - INFO - CDS - contig=contig_77, start=249426, stop=250091, strand=-, nt=[GTGTCCGCCA..GGGGCGGTGA]
13:31:32.252 - INFO - CDS - contig=contig_77, start=250095, stop=250577, strand=-, nt=[GTGGATAGGT..GGACGGCTGA]
13:31:32.252 - INFO - CDS - contig=contig_77, start=250751, stop=252037, strand=-, nt=[ATGGGAAGAA..AGAGAAATGA]
13:31:32.253 - INFO - CDS - contig=contig_77, start=252241, stop=252687, strand=+, nt=[GTGATTTTTA..GAATCCTTAA]
13:31:32.253 - INFO - CDS - contig=contig_77, start=252880, stop=253140, strand=+, nt=[ATGCAGGAGT..CTCCATATAA]
13:31:32.253 - INFO - CDS - contig=contig_77, start=253222, stop=253836, strand=-, nt=[TTGGAATTCA..GACAAAGTGA]
13:31:32.253 - INFO - CDS - contig=contig_77, start=254796, stop=255368, strand=-, nt=[ATGAAAAAGC..CAGCCAATGA]
13:31:32.253 - INFO - CDS - contig=contig_77, start=255365, stop=256195, strand=-, nt=[GTGCTTAGCT..GCGGGGATGA]
13:31:32.253 - INFO - CDS - contig=contig_77, start=256188, stop=256901, strand=-, nt=[ATGTCCCTCT..AGGTGCTTAG]
13:31:32.253 - INFO - CDS - contig=contig_77, start=256903, stop=258408, strand=-, nt=[ATGAAACGAA..GCTGAACTGA]
13:31:32.253 - INFO - CDS - contig=contig_77, start=258506, stop=258817, strand=-, nt=[ATGAACGAGA..GAATAATTAA]
13:31:32.253 - INFO - CDS - contig=contig_77, start=258839, stop=259243, strand=-, nt=[ATGTCAAGAG..CGAACCATAA]
13:31:32.253 - INFO - CDS - contig=contig_77, start=259311, stop=260057, strand=-, nt=[ATGCTCAACG..GGGCGATTGA]
13:31:32.253 - INFO - CDS - contig=contig_77, start=260208, stop=260456, strand=-, nt=[ATGAAAATGT..GCTTGTTTGA]
13:31:32.253 - INFO - CDS - contig=contig_77, start=260647, stop=261390, strand=+, nt=[GTGAACACAT..GTATTCGTAA]
13:31:32.253 - INFO - CDS - contig=contig_77, start=261461, stop=262186, strand=+, nt=[ATGCAGGAAG..GGACGAATGA]
13:31:32.253 - INFO - CDS - contig=contig_77, start=262183, stop=262926, strand=+, nt=[ATGAGAACCT..GTGGGAGTAA]
13:31:32.253 - INFO - CDS - contig=contig_77, start=263342, stop=263746, strand=+, nt=[ATGCCACTGA..GCCGAACTGA]
13:31:32.253 - INFO - CDS - contig=contig_77, start=263763, stop=264479, strand=+, nt=[ATGAAACGGC..TATGGGATGA]
13:31:32.253 - INFO - CDS - contig=contig_77, start=265293, stop=266921, strand=-, nt=[ATGCGAATTA..TTTTGGATAA]
13:31:32.253 - INFO - CDS - contig=contig_77, start=267172, stop=267792, strand=-, nt=[GTGGCAGATA..GTTGAGATAG]
13:31:32.253 - INFO - CDS - contig=contig_77, start=267848, stop=268201, strand=-, nt=[ATGAGAATAC..CCAATTATAA]
13:31:32.253 - INFO - CDS - contig=contig_77, start=268759, stop=269433, strand=-, nt=[ATGCAAACTA..GAGCAGGTGA]
13:31:32.253 - INFO - CDS - contig=contig_77, start=269804, stop=271402, strand=+, nt=[ATGCGGGTAG..TTTTGCATAA]
13:31:32.253 - INFO - CDS - contig=contig_77, start=271419, stop=272714, strand=+, nt=[ATGGATGCCG..GCGGAGATGA]
13:31:32.253 - INFO - CDS - contig=contig_77, start=272711, stop=274699, strand=+, nt=[ATGAGCATCG..AAAATCTTAA]
13:31:32.253 - INFO - CDS - contig=contig_77, start=274674, stop=275618, strand=+, nt=[ATGTTAGACG..GCATATTTGA]
13:31:32.253 - INFO - CDS - contig=contig_77, start=276079, stop=276399, strand=+, nt=[TTGAAATATA..GGAGAACTAA]
13:31:32.253 - INFO - CDS - contig=contig_77, start=276401, stop=276868, strand=+, nt=[ATGCCGAATA..GCTGAGGTGA]
13:31:32.253 - INFO - CDS - contig=contig_77, start=276874, stop=279144, strand=+, nt=[ATGCCCTCCT..AATGAATTGA]
13:31:32.253 - INFO - CDS - contig=contig_77, start=279190, stop=279573, strand=+, nt=[ATGACTGAAG..TATTGAGTAA]
13:31:32.253 - INFO - CDS - contig=contig_77, start=279635, stop=280168, strand=+, nt=[ATGAAAGTCA..ACTCAGATGA]
13:31:32.253 - INFO - CDS - contig=contig_77, start=280165, stop=280545, strand=+, nt=[ATGAGACGAA..GGAGTCGTGA]
13:31:32.253 - INFO - CDS - contig=contig_77, start=280871, stop=282061, strand=+, nt=[ATGAATTTCG..CTTAATGTAA]
13:31:32.253 - INFO - CDS - contig=contig_77, start=282148, stop=283113, strand=-, nt=[ATGTGGTACG..GAACTCCTGA]
13:31:32.253 - INFO - CDS - contig=contig_77, start=283432, stop=283614, strand=+, nt=[ATGGTGATGG..GAGGTATTGA]
13:31:32.253 - INFO - CDS - contig=contig_77, start=283616, stop=283825, strand=+, nt=[ATGAAGATGT..TGCGAAATGA]
13:31:32.253 - INFO - CDS - contig=contig_77, start=283822, stop=284262, strand=+, nt=[ATGAGAAAGC..CGGATGCTGA]
13:31:32.253 - INFO - CDS - contig=contig_77, start=284256, stop=284627, strand=+, nt=[ATGCTGATGC..CGGCCTGTGA]
13:31:32.253 - INFO - CDS - contig=contig_77, start=284961, stop=285371, strand=+, nt=[ATGGTTATCG..CGAGGAATGA]
13:31:32.253 - INFO - CDS - contig=contig_77, start=285368, stop=287158, strand=+, nt=[ATGAAGGGTC..CGGGATGTAG]
13:31:32.253 - INFO - CDS - contig=contig_77, start=287301, stop=287606, strand=+, nt=[ATGAACGACT..GGAGGAGTGA]
13:31:32.253 - INFO - CDS - contig=contig_77, start=287612, stop=287815, strand=+, nt=[ATGACAAATC..TGTGAAATAG]
13:31:32.253 - INFO - CDS - contig=contig_77, start=287869, stop=289071, strand=+, nt=[ATGGCAAAGA..GGCACCATAA]
13:31:32.253 - INFO - CDS - contig=contig_77, start=289035, stop=290663, strand=+, nt=[ATGGCAAGGA..TATGGTATGA]
13:31:32.253 - INFO - CDS - contig=contig_77, start=290692, stop=290820, strand=+, nt=[ATGCCCCTGC..CGGGCTGTAA]
13:31:32.253 - INFO - CDS - contig=contig_77, start=291115, stop=291303, strand=+, nt=[ATGATGCCTT..TCGTCGTTAA]
13:31:32.253 - INFO - CDS - contig=contig_77, start=291564, stop=293096, strand=-, nt=[ATGCTATCTC..GAACAATTGA]
13:31:32.253 - INFO - CDS - contig=contig_77, start=293096, stop=294781, strand=-, nt=[ATGAAATTTG..AACACCGTAA]
13:31:32.253 - INFO - CDS - contig=contig_77, start=296005, stop=296553, strand=+, nt=[ATGCCAACGG..GGAGCAGTGA]
13:31:32.253 - INFO - CDS - contig=contig_77, start=296648, stop=296806, strand=+, nt=[ATGGGGTGCT..TGGCTGCTGA]
13:31:32.253 - INFO - CDS - contig=contig_77, start=296886, stop=297344, strand=-, nt=[ATGGTTACTA..GAAGCCCTGA]
13:31:32.253 - INFO - CDS - contig=contig_77, start=297493, stop=298194, strand=+, nt=[ATGAGATATC..CAGGCTGTAG]
13:31:32.253 - INFO - CDS - contig=contig_77, start=298467, stop=300152, strand=+, nt=[ATGTATTCCG..AGAGGAATAA]
13:31:32.254 - INFO - CDS - contig=contig_77, start=300356, stop=300598, strand=+, nt=[ATGCGCTCGG..TCTGGCGTGA]
13:31:32.254 - INFO - CDS - contig=contig_77, start=300682, stop=301116, strand=+, nt=[ATGCCTACGT..CAAGAAGTAA]
13:31:32.254 - INFO - CDS - contig=contig_77, start=301321, stop=301791, strand=+, nt=[GTGCCCAGAA..TCGCTGGTAA]
13:31:32.254 - INFO - CDS - contig=contig_77, start=301810, stop=303918, strand=+, nt=[ATGCCTAGAA..CGGGGAATAA]
13:31:32.254 - INFO - CDS - contig=contig_77, start=304030, stop=305232, strand=+, nt=[ATGGGTAAGC..CAACGAGTAA]
13:31:32.254 - INFO - CDS - contig=contig_77, start=305467, stop=306021, strand=+, nt=[ATGGATGAAC..CAGCTTTTGA]
13:31:32.254 - INFO - CDS - contig=contig_77, start=306310, stop=307125, strand=+, nt=[TTGGAACGCT..CGCGGAATAG]
13:31:32.254 - INFO - CDS - contig=contig_77, start=307155, stop=308591, strand=+, nt=[ATGGAAAACG..AAAGGTCTGA]
13:31:32.254 - INFO - CDS - contig=contig_77, start=308640, stop=309986, strand=+, nt=[ATGAAGGTTA..GGGGCAATAA]
13:31:32.254 - INFO - CDS - contig=contig_77, start=310214, stop=311047, strand=+, nt=[ATGCCCACGA..GATGAAGTAA]
13:31:32.254 - INFO - CDS - contig=contig_77, start=311063, stop=311632, strand=+, nt=[ATGGGAGAGA..CATCCGTTGA]
13:31:32.254 - INFO - CDS - contig=contig_77, start=311736, stop=312200, strand=-, nt=[GTGTTCATCT..GCCCACCTGA]
13:31:32.254 - INFO - CDS - contig=contig_77, start=312305, stop=313051, strand=+, nt=[ATGGAGCGTC..AAAAAATTGA]
13:31:32.254 - INFO - CDS - contig=contig_77, start=313225, stop=314316, strand=+, nt=[ATGTCCAATC..CGACAACTGA]
13:31:32.254 - INFO - CDS - contig=contig_77, start=314520, stop=315212, strand=+, nt=[ATGATACGCC..AACAATTTGA]
13:31:32.254 - INFO - CDS - contig=contig_77, start=315196, stop=316095, strand=+, nt=[ATGAAGAAAC..GCAGGTTTGA]
13:31:32.254 - INFO - CDS - contig=contig_77, start=316119, stop=317381, strand=+, nt=[TTGAAACAGC..TTTCCATTAA]
13:31:32.254 - INFO - CDS - contig=contig_77, start=317509, stop=318609, strand=+, nt=[TTGGCTGCTG..GGGGCAGTAA]
13:31:32.254 - INFO - CDS - contig=contig_77, start=318758, stop=319486, strand=+, nt=[ATGGTTGGAC..TACAGGATAA]
13:31:32.254 - INFO - CDS - contig=contig_77, start=319577, stop=320053, strand=+, nt=[ATGGCGAAAC..GAAGGCGTAA]
13:31:32.254 - INFO - CDS - contig=contig_77, start=320102, stop=321604, strand=+, nt=[ATGGCAGAGG..GGACAAGTAA]
13:31:32.254 - INFO - CDS - contig=contig_77, start=321772, stop=323001, strand=-, nt=[ATGCCCAAAA..GCTGATGTGA]
13:31:32.254 - INFO - CDS - contig=contig_77, start=323059, stop=323259, strand=-, nt=[ATGGAGAAAA..CTCATGCTGA]
13:31:32.254 - INFO - CDS - contig=contig_77, start=324180, stop=325244, strand=+, nt=[ATGCCGGATA..GGCGGCTTAA]
13:31:32.254 - INFO - CDS - contig=contig_77, start=325261, stop=327534, strand=+, nt=[GTGATCCATA..CGCAGGTTAA]
13:31:32.254 - INFO - CDS - contig=contig_77, start=327604, stop=328623, strand=+, nt=[ATGAACGAAA..GGCTGGCTGA]
13:31:32.254 - INFO - CDS - contig=contig_77, start=328662, stop=330440, strand=+, nt=[ATGGGCTCAT..AGGAGCATGA]
13:31:32.254 - INFO - CDS - contig=contig_77, start=330437, stop=330700, strand=+, nt=[ATGAGCAGAT..TGTGCTGTGA]
13:31:32.254 - INFO - CDS - contig=contig_77, start=330773, stop=331735, strand=+, nt=[ATGGGATATT..AGCTGGTTAA]
13:31:32.254 - INFO - CDS - contig=contig_77, start=331747, stop=332298, strand=+, nt=[ATGATCGCGT..AATGAATTGA]
13:31:32.254 - INFO - CDS - contig=contig_77, start=332295, stop=334487, strand=+, nt=[TTGAAGAAAT..AGCCGTGTGA]
13:31:32.254 - INFO - CDS - contig=contig_77, start=334553, stop=335035, strand=+, nt=[TTGAGCAAAT..TGTTGTGTGA]
13:31:32.254 - INFO - CDS - contig=contig_77, start=335049, stop=335273, strand=+, nt=[ATGAAACAGC..TGTCGCATGA]
13:31:32.254 - INFO - CDS - contig=contig_77, start=335270, stop=335590, strand=+, nt=[ATGATCGAAA..GGTAGCGTGA]
13:31:32.254 - INFO - CDS - contig=contig_77, start=335590, stop=337614, strand=+, nt=[ATGAATCAGG..CGTGGCCTGA]
13:31:32.254 - INFO - CDS - contig=contig_77, start=337691, stop=337915, strand=+, nt=[ATGGATAGAA..GCCCAGGTAA]
13:31:32.254 - INFO - CDS - contig=contig_77, start=337936, stop=340056, strand=+, nt=[GTGAATCAAG..AGCAGCATGA]
13:31:32.254 - INFO - CDS - contig=contig_77, start=340053, stop=342518, strand=+, nt=[ATGACCAATA..GGAGGAATGA]
13:31:32.254 - INFO - CDS - contig=contig_77, start=342523, stop=343155, strand=+, nt=[ATGAATGACC..ACACACATAA]
13:31:32.254 - INFO - CDS - contig=contig_77, start=343333, stop=344244, strand=+, nt=[ATGTTGATTG..GGGTAGGTGA]
13:31:32.254 - INFO - CDS - contig=contig_77, start=344244, stop=344678, strand=+, nt=[ATGGGTATGG..CCGTAGATAA]
13:31:32.254 - INFO - CDS - contig=contig_77, start=344718, stop=345053, strand=-, nt=[ATGGGTAAAT..AGAGGTATAG]
13:31:32.254 - INFO - CDS - contig=contig_77, start=345956, stop=346165, strand=-, nt=[ATGTTCACCG..TCTGGCCTGA]
13:31:32.254 - INFO - CDS - contig=contig_77, start=346441, stop=348180, strand=-, nt=[ATGATCGCGC..GTGCCGGTAA]
13:31:32.254 - INFO - CDS - contig=contig_77, start=348177, stop=349928, strand=-, nt=[GTGTTTCAAA..CGAGGCATGA]
13:31:32.254 - INFO - CDS - contig=contig_77, start=349999, stop=350619, strand=-, nt=[ATGGCAAAAC..AAAGGGGTGA]
13:31:32.254 - INFO - CDS - contig=contig_77, start=350786, stop=351415, strand=+, nt=[ATGGCAAAGC..CTTCCGGTAG]
13:31:32.254 - INFO - CDS - contig=contig_77, start=351491, stop=353236, strand=+, nt=[ATGCAGAAAA..AACGGTATGA]
13:31:32.254 - INFO - CDS - contig=contig_77, start=353233, stop=354963, strand=+, nt=[ATGATCGAGA..GAAGCTCTGA]
13:31:32.254 - INFO - CDS - contig=contig_77, start=355330, stop=356049, strand=+, nt=[ATGCACGAGT..GCTGAAATGA]
13:31:32.254 - INFO - CDS - contig=contig_77, start=356351, stop=356950, strand=+, nt=[ATGAATACGC..GATTCTGTAA]
13:31:32.254 - INFO - CDS - contig=contig_77, start=356973, stop=357647, strand=+, nt=[TTGGTGTTCG..TCCATGGTAG]
13:31:32.255 - INFO - CDS - contig=contig_77, start=357641, stop=359023, strand=+, nt=[ATGGTAGAAC..GGAACTTTGA]
13:31:32.255 - INFO - CDS - contig=contig_77, start=359042, stop=360022, strand=+, nt=[ATGGCATTGT..AACGGAGTGA]
13:31:32.255 - INFO - CDS - contig=contig_77, start=360121, stop=361878, strand=+, nt=[GTGAAACAAC..GGAGGCTTGA]
13:31:32.255 - INFO - CDS - contig=contig_77, start=361881, stop=363626, strand=+, nt=[ATGTTTCGGA..GCGGATATAA]
13:31:32.255 - INFO - CDS - contig=contig_77, start=363701, stop=364666, strand=-, nt=[ATGACCGGTA..GCGAAAGTGA]
13:31:32.255 - INFO - CDS - contig=contig_77, start=364856, stop=365467, strand=+, nt=[ATGAACAACC..CACCGCATGA]
13:31:32.255 - INFO - CDS - contig=contig_77, start=365464, stop=366189, strand=+, nt=[ATGATTGGCG..GCTGGGATGA]
13:31:32.255 - INFO - CDS - contig=contig_77, start=366186, stop=367706, strand=+, nt=[ATGATTGAGT..CGATTGCTGA]
13:31:32.255 - INFO - CDS - contig=contig_77, start=367760, stop=368512, strand=-, nt=[ATGAAAATAC..ACTTCAATAA]
13:31:32.255 - INFO - CDS - contig=contig_77, start=368509, stop=369516, strand=-, nt=[ATGGCGGCAT..TTCTTTATGA]
13:31:32.255 - INFO - CDS - contig=contig_77, start=369686, stop=371449, strand=+, nt=[ATGAAAGAAA..GCATGCGTGA]
13:31:32.255 - INFO - CDS - contig=contig_77, start=371442, stop=373151, strand=+, nt=[ATGCGTGAGG..GTCCAATTAA]
13:31:32.255 - INFO - CDS - contig=contig_77, start=373328, stop=373795, strand=-, nt=[ATGCCGCAGA..AGAATTCTGA]
13:31:32.255 - INFO - CDS - contig=contig_77, start=373812, stop=374432, strand=-, nt=[ATGAAACATA..CGTACAATGA]
13:31:32.255 - INFO - CDS - contig=contig_77, start=374452, stop=375060, strand=-, nt=[ATGCAGACCA..GGCGCAATGA]
13:31:32.255 - INFO - CDS - contig=contig_77, start=375047, stop=375280, strand=-, nt=[ATGGAAACCA..AGACCAATAA]
13:31:32.255 - INFO - CDS - contig=contig_77, start=375490, stop=376464, strand=-, nt=[ATGTCCAATA..TGACAATTAA]
13:31:32.255 - INFO - CDS - contig=contig_77, start=376654, stop=377256, strand=+, nt=[ATGTCTCAAT..GGCCCAATGA]
13:31:32.255 - INFO - CDS - contig=contig_77, start=377253, stop=377942, strand=+, nt=[ATGAGGAAGA..GCTACCATGA]
13:31:32.255 - INFO - CDS - contig=contig_77, start=377939, stop=379336, strand=+, nt=[ATGATTATCT..GCAGCCATGA]
13:31:32.255 - INFO - CDS - contig=contig_77, start=379382, stop=379750, strand=+, nt=[ATGCCTTTAC..AAAGAAGTAG]
13:31:32.255 - INFO - CDS - contig=contig_77, start=379895, stop=380191, strand=+, nt=[TTGACCGGAA..TGAAAAGTAG]
13:31:32.255 - INFO - CDS - contig=contig_77, start=380445, stop=381080, strand=+, nt=[ATGGCAAAGC..AAGCCGTTGA]
13:31:32.255 - INFO - CDS - contig=contig_77, start=381353, stop=383113, strand=+, nt=[ATGCAGAAAC..GTATGTTTGA]
13:31:32.255 - INFO - CDS - contig=contig_77, start=383106, stop=384872, strand=+, nt=[ATGTTTGATG..GGAGGTATGA]
13:31:32.255 - INFO - CDS - contig=contig_77, start=384869, stop=385804, strand=+, nt=[ATGAGCAAGA..CAGCCTATGA]
13:31:32.255 - INFO - CDS - contig=contig_77, start=385801, stop=386619, strand=+, nt=[ATGATCCGCA..GGAGGGATAG]
13:31:32.255 - INFO - CDS - contig=contig_77, start=386622, stop=387404, strand=+, nt=[ATGCTGACAG..ACTATGCTGA]
13:31:32.255 - INFO - CDS - contig=contig_77, start=387398, stop=388177, strand=+, nt=[ATGCTGAAAG..CTTGCAATAA]
13:31:32.255 - INFO - CDS - contig=contig_77, start=388200, stop=389864, strand=+, nt=[ATGAAAAAAT..TCTGAAATAA]
13:31:32.255 - INFO - CDS - contig=contig_77, start=389878, stop=390246, strand=+, nt=[ATGAAAATCC..AAAGAAGTAA]
13:31:32.255 - INFO - CDS - contig=contig_77, start=390985, stop=391398, strand=+, nt=[ATGTGGCAAC..TGACATTTGA]
13:31:32.255 - INFO - CDS - contig=contig_77, start=391388, stop=391570, strand=+, nt=[ATGACATTTG..CCGGATTTAA]
13:31:32.255 - INFO - CDS - contig=contig_77, start=391758, stop=391961, strand=+, nt=[ATGAGTCCAT..CCGTGTCTGA]
13:31:32.255 - INFO - CDS - contig=contig_77, start=391954, stop=392670, strand=+, nt=[GTGTCTGACC..CGAGGAATAA]
13:31:32.255 - INFO - CDS - contig=contig_77, start=392706, stop=393125, strand=-, nt=[ATGAAAAAGA..ACTAAAATAA]
13:31:32.255 - INFO - CDS - contig=contig_77, start=393260, stop=393640, strand=-, nt=[ATGAAACTTC..AATCTTATAA]
13:31:32.255 - INFO - CDS - contig=contig_77, start=394075, stop=395553, strand=-, nt=[ATGGGAAAAG..GGAGGGTTAG]
13:31:32.255 - INFO - CDS - contig=contig_77, start=395564, stop=396265, strand=-, nt=[ATGATGGCCG..TCTTTTATAG]
13:31:32.255 - INFO - CDS - contig=contig_77, start=396262, stop=396873, strand=-, nt=[ATGGAACAAA..TGTAGGATGA]
13:31:32.255 - INFO - CDS - contig=contig_77, start=397000, stop=397956, strand=-, nt=[GTGAAAGAGC..ATTGAATTAA]
13:31:32.255 - INFO - CDS - contig=contig_77, start=398370, stop=399056, strand=-, nt=[ATGAAACTGC..CTACCAGTAA]
13:31:32.255 - INFO - CDS - contig=contig_77, start=399059, stop=399862, strand=-, nt=[ATGCAGCCAA..GAGGACTTGA]
13:31:32.255 - INFO - CDS - contig=contig_77, start=399978, stop=401105, strand=-, nt=[ATGATCATAT..AAGCGCATAA]
13:31:32.255 - INFO - CDS - contig=contig_77, start=401208, stop=401726, strand=-, nt=[ATGACAAAAA..GACTCTTTGA]
13:31:32.255 - INFO - CDS - contig=contig_77, start=401723, stop=402280, strand=-, nt=[ATGGACGAAA..AGCCGCATGA]
13:31:32.255 - INFO - CDS - contig=contig_77, start=403229, stop=403408, strand=-, nt=[ATGATGCAGA..GCGTGGATAG]
13:31:32.255 - INFO - CDS - contig=contig_77, start=403368, stop=404030, strand=-, nt=[ATGAAGTATG..CGAACTCTAA]
13:31:32.255 - INFO - CDS - contig=contig_77, start=404366, stop=404971, strand=-, nt=[TTGAATTTCC..GTGTGAATAG]
13:31:32.255 - INFO - CDS - contig=contig_77, start=405052, stop=405525, strand=-, nt=[ATGAGTACAA..TGGTCTATGA]
13:31:32.256 - INFO - CDS - contig=contig_77, start=405721, stop=406407, strand=-, nt=[ATGGAAGATC..TTCAGAGTGA]
13:31:32.256 - INFO - CDS - contig=contig_77, start=406495, stop=406740, strand=-, nt=[ATGACGAAAT..GTGCGCGTAG]
13:31:32.256 - INFO - CDS - contig=contig_77, start=406789, stop=407328, strand=-, nt=[ATGTTGTGTG..CCGCGAGTAA]
13:31:32.256 - INFO - CDS - contig=contig_77, start=407430, stop=408275, strand=-, nt=[ATGTACGAAC..GCCGGCATAA]
13:31:32.256 - INFO - CDS - contig=contig_77, start=408314, stop=409387, strand=-, nt=[ATGAAATCCG..GGCCGCCTGA]
13:31:32.256 - INFO - CDS - contig=contig_77, start=409421, stop=410236, strand=-, nt=[ATGAGTAACG..CTCCTGGTAA]
13:31:32.256 - INFO - CDS - contig=contig_77, start=410347, stop=410754, strand=-, nt=[ATGGCACAGA..GCCGGGATAA]
13:31:32.256 - INFO - CDS - contig=contig_77, start=411024, stop=411629, strand=-, nt=[ATGCACAAGC..CATGTTGTAA]
13:31:32.256 - INFO - CDS - contig=contig_77, start=411781, stop=412260, strand=-, nt=[ATGAAAAAAC..CCTTGAATAA]
13:31:32.256 - INFO - CDS - contig=contig_77, start=412257, stop=412958, strand=-, nt=[ATGGAATTAA..CAGCACATGA]
13:31:32.256 - INFO - CDS - contig=contig_77, start=413019, stop=413609, strand=-, nt=[ATGGGGGGCG..TCTGCTTTGA]
13:31:32.256 - INFO - CDS - contig=contig_77, start=413609, stop=414025, strand=-, nt=[ATGATGAAGT..GGCAGCCTGA]
13:31:32.256 - INFO - CDS - contig=contig_77, start=414086, stop=414433, strand=-, nt=[ATGAATACAC..CGCCCCCTAA]
13:31:32.256 - INFO - CDS - contig=contig_77, start=414520, stop=414741, strand=-, nt=[ATGAAGAAGT..GTTCGCCTAA]
13:31:32.256 - INFO - CDS - contig=contig_77, start=414790, stop=414936, strand=-, nt=[ATGGCGAAGA..TCGCTCCTGA]
13:31:32.256 - INFO - CDS - contig=contig_77, start=415120, stop=415998, strand=-, nt=[ATGACGCTTC..CTTCGGCTGA]
13:31:32.256 - INFO - CDS - contig=contig_77, start=415995, stop=416927, strand=-, nt=[TTGCAGTGGG..CGGCGTATGA]
13:31:32.256 - INFO - CDS - contig=contig_77, start=416931, stop=418307, strand=-, nt=[ATGAATAACC..GGTGGATTAA]
13:31:32.256 - INFO - CDS - contig=contig_77, start=418300, stop=419106, strand=-, nt=[ATGGGAAAAG..CGATGAATAA]
13:31:32.256 - INFO - CDS - contig=contig_77, start=419126, stop=419965, strand=-, nt=[ATGAAATTGA..GGCTGAGTAA]
13:31:32.256 - INFO - CDS - contig=contig_77, start=419978, stop=420490, strand=-, nt=[ATGATGACTG..TTTGCATTAG]
13:31:32.256 - INFO - CDS - contig=contig_77, start=420462, stop=422156, strand=-, nt=[TTGAAACGAC..TCGAGAATAA]
13:31:32.256 - INFO - CDS - contig=contig_77, start=422243, stop=422815, strand=-, nt=[ATGAAAAAGT..CATGGGCTGA]
13:31:32.256 - INFO - CDS - contig=contig_77, start=422889, stop=423389, strand=-, nt=[ATGAAGCATT..CAAATTTTAG]
13:31:32.256 - INFO - CDS - contig=contig_77, start=423398, stop=423877, strand=-, nt=[TTGTCAGAAA..TTGGAAGTGA]
13:31:32.256 - INFO - CDS - contig=contig_77, start=424178, stop=424846, strand=+, nt=[ATGGAGAAGA..ACGAGGATAA]
13:31:32.256 - INFO - CDS - contig=contig_77, start=424827, stop=425780, strand=+, nt=[ATGAATCTGC..GCTTGCATGA]
13:31:32.256 - INFO - CDS - contig=contig_77, start=425924, stop=427483, strand=-, nt=[ATGGCAACCA..GAACCTGTAA]
13:31:32.256 - INFO - CDS - contig=contig_77, start=427512, stop=429419, strand=-, nt=[ATGATTGCCT..CCTTTCGTAA]
13:31:32.256 - INFO - CDS - contig=contig_77, start=429431, stop=430417, strand=-, nt=[GTGACCGATC..CTTCCCATAA]
13:31:32.256 - INFO - CDS - contig=contig_77, start=430701, stop=431363, strand=-, nt=[TTGGATCGAA..GGATTTTTGA]
13:31:32.256 - INFO - CDS - contig=contig_77, start=431367, stop=431894, strand=-, nt=[ATGAGGACCA..AGGCACATGA]
13:31:32.256 - INFO - CDS - contig=contig_77, start=432029, stop=435085, strand=-, nt=[ATGAGCAACA..GTCTGCATAA]
13:31:32.256 - INFO - CDS - contig=contig_77, start=435116, stop=436492, strand=-, nt=[ATGGGTGAAG..TATCGGTTGA]
13:31:32.256 - INFO - CDS - contig=contig_77, start=436493, stop=437485, strand=-, nt=[ATGAAAAAAC..CAAGATCTAA]
13:31:32.256 - INFO - CDS - contig=contig_77, start=437497, stop=438207, strand=-, nt=[ATGGGTATCC..TTCGCTTTAA]
13:31:32.256 - INFO - CDS - contig=contig_77, start=438247, stop=438645, strand=-, nt=[TTGAAGAAAC..GGCTGGATGA]
13:31:32.256 - INFO - CDS - contig=contig_77, start=438899, stop=439450, strand=-, nt=[ATGAAGAAAT..GGGCAAATAA]
13:31:32.256 - INFO - CDS - contig=contig_77, start=439463, stop=440602, strand=-, nt=[ATGCCAGCCT..AAACAAATAA]
13:31:32.256 - INFO - CDS - contig=contig_77, start=440964, stop=441080, strand=+, nt=[ATGAGATTTA..GCCCCTTTGA]
13:31:32.256 - INFO - CDS - contig=contig_77, start=441195, stop=442577, strand=+, nt=[TTGCTGGAAC..GATCGGTTAG]
13:31:32.256 - INFO - CDS - contig=contig_77, start=442661, stop=443320, strand=+, nt=[ATGAAAACTT..GGTGAAGTAA]
13:31:32.256 - INFO - CDS - contig=contig_77, start=443320, stop=444084, strand=+, nt=[ATGGAGCTCA..AATGAGATAG]
13:31:32.256 - INFO - CDS - contig=contig_77, start=444151, stop=445371, strand=+, nt=[ATGGCAAACC..CACTTCTTAA]
13:31:32.257 - INFO - CDS - contig=contig_77, start=445394, stop=447781, strand=+, nt=[GTGGCTTCCA..AGAGACTTGA]
13:31:32.257 - INFO - CDS - contig=contig_77, start=447831, stop=449135, strand=+, nt=[ATGGATCCCG..CACAGAGTGA]
13:31:32.257 - INFO - CDS - contig=contig_77, start=449170, stop=450219, strand=+, nt=[ATGAAGATCA..GAAAATTTGA]
13:31:32.257 - INFO - CDS - contig=contig_77, start=450302, stop=450535, strand=+, nt=[ATGATTTTTG..GGGCGAGTGA]
13:31:32.257 - INFO - CDS - contig=contig_77, start=450538, stop=451206, strand=+, nt=[ATGAAGACAT..GGGAGCATAA]
13:31:32.257 - INFO - CDS - contig=contig_77, start=451253, stop=451942, strand=-, nt=[ATGAGACCGT..ACTCCTGTAA]
13:31:32.257 - INFO - CDS - contig=contig_77, start=451939, stop=452577, strand=-, nt=[GTGACACGGT..ATCCTCATGA]
13:31:32.257 - INFO - CDS - contig=contig_77, start=452731, stop=456303, strand=+, nt=[GTGTACTTAA..AATTCAATAG]
13:31:32.257 - INFO - CDS - contig=contig_77, start=456372, stop=456617, strand=+, nt=[ATGAAATGGG..TCAGCCCTGA]
13:31:32.257 - INFO - CDS - contig=contig_77, start=456651, stop=457550, strand=+, nt=[ATGGGTTTTT..CCTGATCTGA]
13:31:32.257 - INFO - CDS - contig=contig_77, start=457597, stop=458313, strand=+, nt=[ATGTCCCGCA..GGGAGGTTGA]
13:31:32.257 - INFO - CDS - contig=contig_77, start=458318, stop=458917, strand=+, nt=[ATGAAGATGG..TGACCAGTAA]
13:31:32.257 - INFO - CDS - contig=contig_77, start=458901, stop=459206, strand=+, nt=[ATGGAACTGA..GTGTAAATAA]
13:31:32.257 - INFO - CDS - contig=contig_77, start=459244, stop=460443, strand=+, nt=[ATGAAGATCG..GAAAGGATAA]
13:31:32.257 - INFO - CDS - contig=contig_77, start=460454, stop=461959, strand=+, nt=[ATGAGTCAAC..CGGCGCATAA]
13:31:32.257 - INFO - CDS - contig=contig_77, start=461981, stop=462343, strand=+, nt=[ATGACACCGA..TGAGAACTGA]
13:31:32.257 - INFO - CDS - contig=contig_77, start=462583, stop=465687, strand=+, nt=[TTGCGGGGTG..TCTATTTTAA]
13:31:32.257 - INFO - CDS - contig=contig_77, start=465823, stop=469713, strand=+, nt=[ATGGAAAAAA..CCGGGGGTAG]
13:31:32.257 - INFO - CDS - contig=contig_77, start=469802, stop=470734, strand=-, nt=[ATGTCCTTTT..CATCCAGTGA]
13:31:32.257 - INFO - CDS - contig=contig_77, start=470828, stop=472141, strand=+, nt=[ATGAAACCCG..CGCGCTGTAA]
13:31:32.257 - INFO - CDS - contig=contig_77, start=472309, stop=473415, strand=+, nt=[ATGAAAGTAC..CAACGGCTGA]
13:31:32.257 - INFO - CDS - contig=contig_77, start=473432, stop=474970, strand=+, nt=[ATGACCGTAG..GGCGGTATGA]
13:31:32.257 - INFO - CDS - contig=contig_77, start=475011, stop=475649, strand=+, nt=[GTGAGACGAA..CGGGCGTTGA]
13:31:32.257 - INFO - CDS - contig=contig_77, start=475712, stop=478186, strand=+, nt=[ATGTTGGATG..GAAGCTGTGA]
13:31:32.257 - INFO - CDS - contig=contig_77, start=478152, stop=478853, strand=-, nt=[ATGGAGGTTT..GCGGATTTGA]
13:31:32.257 - INFO - CDS - contig=contig_77, start=478835, stop=479425, strand=-, nt=[ATGGAAAAAC..TTATCTGTGA]
13:31:32.257 - INFO - CDS - contig=contig_77, start=479479, stop=480387, strand=+, nt=[ATGAACGAAT..AAATGAGTAA]
13:31:32.257 - INFO - CDS - contig=contig_77, start=480946, stop=481467, strand=+, nt=[ATGGAATTCC..GAAGATTTGA]
13:31:32.257 - INFO - CDS - contig=contig_77, start=481488, stop=484154, strand=+, nt=[ATGGCGAAAG..GCTGGGCTAA]
13:31:32.257 - INFO - CDS - contig=contig_77, start=484277, stop=485050, strand=+, nt=[ATGAAAAAGT..CATATTCTGA]
13:31:32.257 - INFO - CDS - contig=contig_77, start=485136, stop=485444, strand=+, nt=[ATGTCGGTGA..TGCGGAATAA]
13:31:32.257 - INFO - CDS - contig=contig_77, start=485462, stop=485899, strand=+, nt=[ATGAGACCGA..GGGGGCGTGA]
13:31:32.257 - INFO - CDS - contig=contig_77, start=485896, stop=486600, strand=+, nt=[GTGAGCGCCG..GCTGGGCTGA]
13:31:32.257 - INFO - CDS - contig=contig_77, start=486656, stop=487582, strand=-, nt=[ATGAGCAAGA..ATATGTTTGA]
13:31:32.257 - INFO - CDS - contig=contig_77, start=487789, stop=488739, strand=+, nt=[GTGAAGGATA..CGATGAGTAA]
13:31:32.257 - INFO - CDS - contig=contig_77, start=488732, stop=489130, strand=+, nt=[ATGAGTAAGC..TCAGAAGTAA]
13:31:32.257 - INFO - CDS - contig=contig_77, start=489180, stop=490463, strand=-, nt=[TTGAAACGTC..CAGCTGGTGA]
13:31:32.257 - INFO - CDS - contig=contig_77, start=490586, stop=491779, strand=-, nt=[GTGTTTCCGC..CAAGCTGTGA]
13:31:32.257 - INFO - CDS - contig=contig_77, start=491888, stop=492313, strand=+, nt=[ATGGAGTACC..CGGGACATGA]
13:31:32.257 - INFO - CDS - contig=contig_77, start=492310, stop=493023, strand=+, nt=[ATGAAGATTT..GAATGACTGA]
13:31:32.257 - INFO - CDS - contig=contig_77, start=493025, stop=493663, strand=+, nt=[ATGGAACACA..CACCAAATAA]
13:31:32.257 - INFO - CDS - contig=contig_77, start=493978, stop=495456, strand=+, nt=[ATGAAAACCG..TCTGGAGTAA]
13:31:32.257 - INFO - CDS - contig=contig_77, start=495483, stop=496403, strand=+, nt=[ATGGAAGCGA..GGAGAACTGA]
13:31:32.257 - INFO - CDS - contig=contig_77, start=496405, stop=497352, strand=+, nt=[ATGGGAGAGA..GAAGTTTTGA]
13:31:32.257 - INFO - CDS - contig=contig_77, start=497349, stop=498179, strand=+, nt=[TTGAGTTCTG..AGACTGCTGA]
13:31:32.257 - INFO - CDS - contig=contig_77, start=498269, stop=498889, strand=-, nt=[ATGCAGGAAA..GGTTCAATGA]
13:31:32.257 - INFO - CDS - contig=contig_77, start=498959, stop=500242, strand=-, nt=[TTGAATGCGG..TCCCTCTTGA]
13:31:32.257 - INFO - CDS - contig=contig_77, start=501071, stop=501715, strand=-, nt=[ATGAAAAAGA..GAGTAAATGA]
13:31:32.257 - INFO - CDS - contig=contig_77, start=501821, stop=503065, strand=+, nt=[ATGCTGAAGC..CGAGGGCTGA]
13:31:32.257 - INFO - CDS - contig=contig_77, start=503224, stop=504501, strand=+, nt=[ATGACATATC..GGGCGGGTAA]
13:31:32.257 - INFO - CDS - contig=contig_77, start=504582, stop=505514, strand=-, nt=[TTGACGAGTT..TCATTCCTAA]
13:31:32.257 - INFO - CDS - contig=contig_77, start=505658, stop=505852, strand=+, nt=[ATGGATGTTC..GGACGCATGA]
13:31:32.257 - INFO - CDS - contig=contig_77, start=505849, stop=506916, strand=+, nt=[ATGAATGAAT..GCAGATCTGA]
13:31:32.257 - INFO - CDS - contig=contig_77, start=506931, stop=507413, strand=+, nt=[ATGTGGTACA..TTTAGCCTGA]
13:31:32.258 - INFO - CDS - contig=contig_77, start=507480, stop=508700, strand=-, nt=[TTGAATGTAA..GGAGCGCTGA]
13:31:32.258 - INFO - CDS - contig=contig_77, start=508814, stop=509743, strand=+, nt=[ATGGGAAAAC..TCGGCACTGA]
13:31:32.258 - INFO - CDS - contig=contig_77, start=509811, stop=509963, strand=-, nt=[ATGTCATCGG..AAAGCAATAG]
13:31:32.258 - INFO - CDS - contig=contig_77, start=510019, stop=510777, strand=-, nt=[ATGGACGCTA..TTTTTTCTAG]
13:31:32.258 - INFO - CDS - contig=contig_77, start=510840, stop=511091, strand=-, nt=[ATGGACGAGC..CTCCGAGTAA]
13:31:32.258 - INFO - CDS - contig=contig_77, start=511206, stop=513605, strand=-, nt=[ATGAATCTCT..CCTGCGCTGA]
13:31:32.258 - INFO - CDS - contig=contig_77, start=513624, stop=514649, strand=-, nt=[ATGAAGGAAA..ACAGTTTTAA]
13:31:32.258 - INFO - CDS - contig=contig_77, start=515071, stop=516597, strand=+, nt=[ATGCGCATCG..ACGTTTTTAA]
13:31:32.258 - INFO - CDS - contig=contig_77, start=516610, stop=517212, strand=+, nt=[GTGCGCAGAG..GCCCGCTTGA]
13:31:32.258 - INFO - CDS - contig=contig_77, start=517265, stop=518395, strand=+, nt=[ATGAACACGG..TCTCCACTGA]
13:31:32.258 - INFO - CDS - contig=contig_77, start=518594, stop=518959, strand=+, nt=[GTGGACAGCA..GTTGGTATGA]
13:31:32.258 - INFO - CDS - contig=contig_77, start=519038, stop=519520, strand=+, nt=[ATGAAGCCGA..GCTGAAGTGA]
13:31:32.258 - INFO - CDS - contig=contig_77, start=519609, stop=520355, strand=-, nt=[ATGGAATATC..CTTTGCATGA]
13:31:32.258 - INFO - CDS - contig=contig_77, start=520513, stop=521067, strand=+, nt=[ATGGAAGAGA..CACCAGGTAG]
13:31:32.258 - INFO - CDS - contig=contig_77, start=521025, stop=521393, strand=-, nt=[ATGGATATTT..AAAATCCTGA]
13:31:32.258 - INFO - CDS - contig=contig_77, start=521409, stop=522422, strand=-, nt=[ATGCCGACAA..CAGCAAATAG]
13:31:32.258 - INFO - CDS - contig=contig_77, start=522580, stop=523071, strand=+, nt=[GTGATACGAA..GGAAGCCTGA]
13:31:32.258 - INFO - CDS - contig=contig_77, start=523105, stop=523722, strand=+, nt=[ATGGAAGAAC..GGAGCACTGA]
13:31:32.258 - INFO - CDS - contig=contig_77, start=523722, stop=524459, strand=+, nt=[ATGGATGTCT..CAACTTGTGA]
13:31:32.258 - INFO - CDS - contig=contig_77, start=524509, stop=525984, strand=+, nt=[ATGGTCAACA..TCCCCAGTAA]
13:31:32.258 - INFO - CDS - contig=contig_77, start=526086, stop=527537, strand=-, nt=[ATGAACAAGA..TCACCAGTAA]
13:31:32.258 - INFO - CDS - contig=contig_77, start=527722, stop=528690, strand=-, nt=[ATGAACACCA..CAAACGGTAA]
13:31:32.258 - INFO - CDS - contig=contig_77, start=528687, stop=529835, strand=-, nt=[ATGAAACGGC..GCGTGTATGA]
13:31:32.258 - INFO - CDS - contig=contig_77, start=529832, stop=531367, strand=-, nt=[ATGGCAAATG..GCAGGCATGA]
13:31:32.258 - INFO - CDS - contig=contig_77, start=531545, stop=532717, strand=-, nt=[ATGAAACTGA..CGGCCTGTAA]
13:31:32.258 - INFO - CDS - contig=contig_77, start=532854, stop=533936, strand=-, nt=[ATGTCCGAGG..ACAACAGTGA]
13:31:32.258 - INFO - CDS - contig=contig_77, start=533992, stop=534741, strand=-, nt=[ATGGATTTTT..GAACTGCTGA]
13:31:32.258 - INFO - CDS - contig=contig_77, start=534741, stop=535172, strand=-, nt=[ATGGAACATA..GGAGCTGTGA]
13:31:32.258 - INFO - CDS - contig=contig_77, start=535172, stop=535831, strand=-, nt=[ATGGATCAGC..GGGTGTGTGA]
13:31:32.258 - INFO - CDS - contig=contig_77, start=535913, stop=536527, strand=-, nt=[ATGAAGCAGG..CGGGCCCTGA]
13:31:32.258 - INFO - CDS - contig=contig_77, start=536619, stop=537881, strand=+, nt=[ATGGGAATGA..CCTCTCCTGA]
13:31:32.258 - INFO - CDS - contig=contig_77, start=537931, stop=538416, strand=+, nt=[ATGAAACTAT..GGCGAAATGA]
13:31:32.258 - INFO - CDS - contig=contig_77, start=538413, stop=539498, strand=+, nt=[ATGAATTATA..GGCGCTGTAA]
13:31:32.258 - INFO - CDS - contig=contig_77, start=539804, stop=540187, strand=+, nt=[ATGAAGAATG..TCCCTGCTGA]
13:31:32.258 - INFO - CDS - contig=contig_77, start=540311, stop=540517, strand=-, nt=[ATGTATGCAA..GCGGACATAA]
13:31:32.258 - INFO - CDS - contig=contig_77, start=540654, stop=542348, strand=-, nt=[ATGAAGCAAG..CCGGGGCTGA]
13:31:32.258 - INFO - CDS - contig=contig_77, start=542664, stop=544118, strand=-, nt=[ATGACCTGGG..TGACAAATAA]
13:31:32.258 - INFO - CDS - contig=contig_77, start=544115, stop=545572, strand=-, nt=[ATGAAAAACA..CGCGGTATGA]
13:31:32.258 - INFO - CDS - contig=contig_77, start=545574, stop=545861, strand=-, nt=[ATGAAGATCA..GGTGGAGTGA]
13:31:32.258 - INFO - CDS - contig=contig_77, start=545882, stop=547204, strand=-, nt=[ATGAAAAAAA..GGAGCCGTGA]
13:31:32.258 - INFO - CDS - contig=contig_77, start=547644, stop=548213, strand=+, nt=[ATGAACGAGT..CACCTACTGA]
13:31:32.258 - INFO - CDS - contig=contig_77, start=548220, stop=548558, strand=-, nt=[ATGCGAATGA..GGACCTGTGA]
13:31:32.258 - INFO - CDS - contig=contig_77, start=548560, stop=548853, strand=-, nt=[ATGGAAATAC..GGACCTGTAA]
13:31:32.258 - INFO - CDS - contig=contig_77, start=549042, stop=549521, strand=+, nt=[ATGGCAAAAT..TTTCGTATGA]
13:31:32.258 - INFO - CDS - contig=contig_77, start=549518, stop=550708, strand=+, nt=[ATGAATTACG..CGAGGCCTGA]
13:31:32.258 - INFO - CDS - contig=contig_77, start=550736, stop=552022, strand=+, nt=[ATGTCCGAAC..GATCCGGTAA]
13:31:32.258 - INFO - CDS - contig=contig_77, start=552034, stop=552894, strand=+, nt=[ATGCCTTCCA..AACGCTCTAA]
13:31:32.258 - INFO - CDS - contig=contig_77, start=552959, stop=553573, strand=+, nt=[TTGGTACATG..CTTTCAGTGA]
13:31:32.259 - INFO - CDS - contig=contig_77, start=553656, stop=554711, strand=-, nt=[ATGGTTCAGC..AAAACTTTGA]
13:31:32.259 - INFO - CDS - contig=contig_77, start=554911, stop=556239, strand=+, nt=[ATGAAAGAAA..AATTTTATGA]
13:31:32.259 - INFO - CDS - contig=contig_77, start=556318, stop=557355, strand=+, nt=[ATGGCGGTAC..GGCGTCCTGA]
13:31:32.259 - INFO - CDS - contig=contig_77, start=557395, stop=559269, strand=+, nt=[ATGAATATTT..ACTGGAGTGA]
13:31:32.259 - INFO - CDS - contig=contig_77, start=559273, stop=559869, strand=+, nt=[ATGCTGCACA..GCCCAAATAA]
13:31:32.259 - INFO - CDS - contig=contig_77, start=560153, stop=560767, strand=+, nt=[ATGCCAAAAA..TCTGTACTGA]
13:31:32.259 - INFO - CDS - contig=contig_77, start=560906, stop=561679, strand=-, nt=[ATGAATGGCA..GATTATTTAA]
13:31:32.259 - INFO - CDS - contig=contig_77, start=561683, stop=562300, strand=-, nt=[ATGACCTTAT..GGAGGACTGA]
13:31:32.259 - INFO - CDS - contig=contig_77, start=562400, stop=562705, strand=+, nt=[ATGCAAGAGT..GATCATATAA]
13:31:32.259 - INFO - CDS - contig=contig_77, start=562902, stop=564008, strand=-, nt=[ATGAGGGAAT..AAATCAATGA]
13:31:32.259 - INFO - CDS - contig=contig_77, start=564220, stop=564447, strand=-, nt=[ATGAAAAAAG..AATGTTTTAA]
13:31:32.259 - INFO - CDS - contig=contig_77, start=564586, stop=564786, strand=-, nt=[ATGGCTAAAA..TCACTCTTGA]
13:31:32.259 - INFO - CDS - contig=contig_77, start=564786, stop=564938, strand=-, nt=[ATGAGCGACC..GGACATTTGA]
13:31:32.259 - INFO - CDS - contig=contig_77, start=565107, stop=565334, strand=-, nt=[ATGGAAAACC..CTGCCGGTAG]
13:31:32.259 - INFO - CDS - contig=contig_77, start=565486, stop=565758, strand=-, nt=[ATGTTTCAAG..CCGTCGATAA]
13:31:32.259 - INFO - CDS - contig=contig_77, start=566361, stop=567329, strand=+, nt=[ATGGAAAAGA..ACTTTCATGA]
13:31:32.259 - INFO - CDS - contig=contig_77, start=567326, stop=567940, strand=+, nt=[ATGACGGTTG..GGCCTGGTAA]
13:31:32.259 - INFO - CDS - contig=contig_77, start=568117, stop=568458, strand=+, nt=[ATGGATTTAA..GAAGCTGTAA]
13:31:32.259 - INFO - CDS - contig=contig_77, start=568612, stop=569493, strand=+, nt=[GTGAATATCC..GAACGCATGA]
13:31:32.259 - INFO - CDS - contig=contig_77, start=569490, stop=570095, strand=+, nt=[ATGAGCCTGT..CGGGAGATGA]
13:31:32.259 - INFO - CDS - contig=contig_77, start=570092, stop=570463, strand=+, nt=[ATGAGCGGGG..GTTTCAATGA]
13:31:32.259 - INFO - CDS - contig=contig_77, start=570460, stop=571395, strand=+, nt=[ATGAAGGTTT..TACTATGTAA]
13:31:32.259 - INFO - CDS - contig=contig_77, start=571383, stop=572870, strand=+, nt=[ATGTACTATG..GCTGTTGTAA]
13:31:32.259 - INFO - CDS - contig=contig_77, start=572870, stop=573571, strand=+, nt=[ATGGCCCTTT..CGGAAATTGA]
13:31:32.259 - INFO - CDS - contig=contig_77, start=573704, stop=575140, strand=+, nt=[ATGAATGTCA..CGAGGAATAA]
13:31:32.259 - INFO - CDS - contig=contig_77, start=575217, stop=575798, strand=+, nt=[ATGAGTTTGG..TCAGCGATAA]
13:31:32.259 - INFO - CDS - contig=contig_77, start=575915, stop=577231, strand=+, nt=[ATGCCGAAAA..CGCATCTTAA]
13:31:32.259 - INFO - CDS - contig=contig_77, start=577294, stop=579696, strand=+, nt=[GTGGCGGAGG..GATCCAGTGA]
13:31:32.259 - INFO - CDS - contig=contig_77, start=579704, stop=580303, strand=+, nt=[ATGGGACTGA..AACGGTATGA]
13:31:32.259 - INFO - CDS - contig=contig_77, start=580300, stop=581052, strand=+, nt=[ATGAAATATG..CATTATTTAA]
13:31:32.259 - INFO - CDS - contig=contig_77, start=581182, stop=581895, strand=+, nt=[ATGACGAATA..TTTGCACTGA]
13:31:32.259 - INFO - CDS - contig=contig_77, start=581914, stop=582711, strand=+, nt=[GTGGAGACAC..CGTTGATTAA]
13:31:32.259 - INFO - CDS - contig=contig_77, start=582724, stop=583398, strand=+, nt=[TTGGACGTAA..AAAGGGATGA]
13:31:32.259 - INFO - CDS - contig=contig_77, start=583395, stop=584000, strand=+, nt=[ATGAGTGCGC..GGCGATTTGA]
13:31:32.259 - INFO - CDS - contig=contig_77, start=584002, stop=584412, strand=+, nt=[ATGGAAAAGA..GGACTTCTGA]
13:31:32.259 - INFO - CDS - contig=contig_77, start=584454, stop=585587, strand=+, nt=[ATGAAACGAT..AATGAGGTGA]
13:31:32.259 - INFO - CDS - contig=contig_77, start=585594, stop=586298, strand=+, nt=[GTGGAAGAGC..CCTTTTGTGA]
13:31:32.259 - INFO - CDS - contig=contig_77, start=586315, stop=587295, strand=+, nt=[TTGCAAGTCC..GGACGAATAA]
13:31:32.259 - INFO - CDS - contig=contig_77, start=587308, stop=588570, strand=+, nt=[TTGTCATCCT..TGAAGTATAG]
13:31:32.259 - INFO - CDS - contig=contig_77, start=588560, stop=589234, strand=+, nt=[ATGAAGTATA..ATTAGCATGA]
13:31:32.259 - INFO - CDS - contig=contig_77, start=589231, stop=589824, strand=+, nt=[ATGAAAACAG..GGCGAGGTGA]
13:31:32.259 - INFO - CDS - contig=contig_77, start=589821, stop=591767, strand=+, nt=[GTGAGGATCA..CGAGGACTGA]
13:31:32.259 - INFO - CDS - contig=contig_77, start=591943, stop=592422, strand=+, nt=[ATGTTTCAGG..GGCCCAATAG]
13:31:32.259 - INFO - CDS - contig=contig_77, start=592630, stop=593358, strand=+, nt=[GTGGGACTTC..GGCGCTGTGA]
13:31:32.259 - INFO - CDS - contig=contig_77, start=593355, stop=593837, strand=+, nt=[GTGAGGATCG..CGACCGGTAA]
13:31:32.259 - INFO - CDS - contig=contig_77, start=593989, stop=594243, strand=+, nt=[ATGGTCTATT..GCTGCTTTGA]
13:31:32.259 - INFO - CDS - contig=contig_77, start=594243, stop=595367, strand=+, nt=[ATGATTTATC..CACCGCTTAG]
13:31:32.259 - INFO - CDS - contig=contig_77, start=595536, stop=597152, strand=+, nt=[ATGAGTGTGA..GCCATGCTGA]
13:31:32.259 - INFO - CDS - contig=contig_77, start=597146, stop=598420, strand=+, nt=[ATGCTGAATA..GTTTGAATGA]
13:31:32.259 - INFO - CDS - contig=contig_77, start=598449, stop=599024, strand=+, nt=[ATGAGGACTT..ACTTCTGTAA]
13:31:32.259 - INFO - CDS - contig=contig_77, start=599043, stop=599651, strand=+, nt=[ATGGGTTATA..GAGCCGATGA]
13:31:32.259 - INFO - CDS - contig=contig_77, start=599648, stop=600370, strand=+, nt=[ATGATTCTGC..TCAGAATTGA]
13:31:32.259 - INFO - CDS - contig=contig_77, start=600385, stop=601140, strand=+, nt=[ATGCTGGCAA..TGTGCGGTGA]
13:31:32.260 - INFO - CDS - contig=contig_77, start=601153, stop=601488, strand=+, nt=[ATGCTTGATC..CCATGGATAA]
13:31:32.260 - INFO - CDS - contig=contig_77, start=601481, stop=601807, strand=+, nt=[ATGGATAATA..GGACAGCTGA]
13:31:32.260 - INFO - CDS - contig=contig_77, start=601930, stop=603318, strand=+, nt=[GTGTCGGAAC..CTGCCCCTGA]
13:31:32.260 - INFO - CDS - contig=contig_77, start=603381, stop=604223, strand=-, nt=[ATGTCTATCA..CCACAAATAA]
13:31:32.260 - INFO - CDS - contig=contig_77, start=604408, stop=605130, strand=+, nt=[ATGTCAAACC..GGTAAAGTAA]
13:31:32.260 - INFO - CDS - contig=contig_77, start=605132, stop=605686, strand=+, nt=[ATGCAGGAAT..GGCGGTGTAA]
13:31:32.260 - INFO - CDS - contig=contig_77, start=605779, stop=606519, strand=+, nt=[ATGCCCCTGT..AGGGATTTGA]
13:31:32.260 - INFO - CDS - contig=contig_77, start=606521, stop=607336, strand=+, nt=[TTGCTCAAGC..GGTGAAATAA]
13:31:32.260 - INFO - CDS - contig=contig_77, start=607340, stop=608476, strand=+, nt=[ATGAAAACGA..GGGGGGGTAA]
13:31:32.260 - INFO - CDS - contig=contig_77, start=608526, stop=609620, strand=+, nt=[TTGGTACTTT..TGGAGTGTGA]
13:31:32.260 - INFO - CDS - contig=contig_77, start=609626, stop=610663, strand=+, nt=[TTGACAAGAC..AGAACTTTGA]
13:31:32.260 - INFO - CDS - contig=contig_77, start=610684, stop=614826, strand=+, nt=[ATGACGCAAA..CCTGTTTTAA]
13:31:32.260 - INFO - CDS - contig=contig_77, start=614922, stop=615263, strand=+, nt=[ATGGATGATC..CGGGTGCTGA]
13:31:32.260 - INFO - CDS - contig=contig_77, start=615251, stop=615616, strand=+, nt=[ATGCGGGTGC..GCTGTTTTAA]
13:31:32.260 - INFO - CDS - contig=contig_77, start=615650, stop=615814, strand=+, nt=[ATGTCTGATT..CATCTCTTGA]
13:31:32.260 - INFO - CDS - contig=contig_77, start=615811, stop=616311, strand=+, nt=[TTGAAAAAAA..TGCCGATTAA]
13:31:32.260 - INFO - CDS - contig=contig_77, start=616470, stop=616901, strand=-, nt=[ATGAACGTAG..GCACAGCTGA]
13:31:32.260 - INFO - CDS - contig=contig_77, start=616903, stop=617814, strand=-, nt=[GTGCGACATT..GGTGGAATAA]
13:31:32.260 - INFO - CDS - contig=contig_77, start=617921, stop=618937, strand=+, nt=[ATGTATAAAA..CTGCCGCTGA]
13:31:32.260 - INFO - CDS - contig=contig_77, start=619006, stop=620379, strand=+, nt=[ATGGACAAGA..CGCAAATTAA]
13:31:32.260 - INFO - CDS - contig=contig_77, start=620400, stop=621503, strand=+, nt=[ATGGCAAAAC..CAAGCGCTGA]
13:31:32.260 - INFO - CDS - contig=contig_77, start=621520, stop=622458, strand=+, nt=[ATGTCAAGAA..CCACGCCTGA]
13:31:32.260 - INFO - CDS - contig=contig_77, start=622549, stop=623124, strand=+, nt=[ATGATAAAAT..AAAGGAATAG]
13:31:32.260 - INFO - CDS - contig=contig_77, start=623135, stop=623740, strand=+, nt=[ATGTATTATT..GGTGAAATAA]
13:31:32.260 - INFO - CDS - contig=contig_77, start=623740, stop=624096, strand=+, nt=[ATGGCAAAGT..GGACGGGTGA]
13:31:32.260 - INFO - CDS - contig=contig_77, start=624093, stop=625139, strand=+, nt=[GTGAGCATCG..GACCCTCTGA]
13:31:32.260 - INFO - CDS - contig=contig_77, start=625176, stop=626528, strand=+, nt=[ATGGGTAAAC..AAACCTTTGA]
13:31:32.260 - INFO - CDS - contig=contig_77, start=626615, stop=627247, strand=+, nt=[ATGGAGCTGA..CATGAGCTGA]
13:31:32.260 - INFO - CDS - contig=contig_77, start=627325, stop=627603, strand=+, nt=[ATGTACGAAG..GCAGCAGTAA]
13:31:32.260 - INFO - CDS - contig=contig_77, start=627703, stop=628506, strand=+, nt=[TTGTGGAGTG..CCGGGGCTGA]
13:31:32.260 - INFO - CDS - contig=contig_77, start=628599, stop=629198, strand=+, nt=[ATGAATCAGA..CGCAGCCTGA]
13:31:32.260 - INFO - CDS - contig=contig_77, start=629419, stop=630612, strand=+, nt=[ATGGTGAAAG..GGCACAGTGA]
13:31:32.260 - INFO - CDS - contig=contig_77, start=630662, stop=632098, strand=+, nt=[ATGAACAGAA..GACTGTTTAA]
13:31:32.260 - INFO - CDS - contig=contig_77, start=632114, stop=633097, strand=+, nt=[ATGAGTACTG..GCCTGATTAA]
13:31:32.260 - INFO - CDS - contig=contig_77, start=633140, stop=634075, strand=+, nt=[ATGCCACTGG..CAAGGCATAA]
13:31:32.260 - INFO - CDS - contig=contig_77, start=634426, stop=635226, strand=-, nt=[ATGAGGAAGT..AACACAGTAA]
13:31:32.260 - INFO - CDS - contig=contig_77, start=635455, stop=635907, strand=-, nt=[ATGAGGGACC..CGTTCGCTGA]
13:31:32.260 - INFO - CDS - contig=contig_77, start=635923, stop=636951, strand=-, nt=[ATGTATAATT..GCTTCTTTAA]
13:31:32.260 - INFO - CDS - contig=contig_77, start=637087, stop=638778, strand=-, nt=[ATGCCGGAAG..TCACTCCTGA]
13:31:32.260 - INFO - CDS - contig=contig_77, start=638935, stop=639174, strand=+, nt=[ATGAAAATTA..TGTGCGGTGA]
13:31:32.260 - INFO - CDS - contig=contig_77, start=639564, stop=640559, strand=+, nt=[ATGGCTGACC..TCTTTTGTGA]
13:31:32.260 - INFO - CDS - contig=contig_77, start=640778, stop=640891, strand=+, nt=[ATGTATGAAT..CAAGCGCTAA]
13:31:32.260 - INFO - CDS - contig=contig_77, start=640961, stop=641227, strand=-, nt=[ATGAAATTTA..GGGGGAATAA]
13:31:32.260 - INFO - CDS - contig=contig_78, start=509, stop=1036, strand=+, frame=2, truncated=no, start-type=ATG, RBS-motif=GGA/GAG/AGG
13:31:32.260 - INFO - CDS - contig=contig_78, start=509, stop=1036, strand=+, nt=[ATGTTCCTTC..TAAGCTGTGA]
13:31:32.261 - INFO - CDS - contig=contig_116, start=30, stop=1025, strand=-, frame=2, truncated=no, start-type=ATG, RBS-motif=AGxAGG/AGGxGG
13:31:32.261 - INFO - CDS - contig=contig_116, start=1415, stop=1654, strand=-, frame=3, truncated=no, start-type=ATG, RBS-motif=GGAG/GAGG
13:31:32.261 - INFO - CDS - contig=contig_116, start=1832, stop=4594, strand=+, frame=2, truncated=no, start-type=ATG, RBS-motif=GGA/GAG/AGG
13:31:32.261 - INFO - CDS - contig=contig_116, start=4662, stop=5471, strand=+, frame=3, truncated=no, start-type=ATG, RBS-motif=AGGAG
13:31:32.261 - INFO - CDS - contig=contig_116, start=5482, stop=7017, strand=+, frame=1, truncated=no, start-type=ATG, RBS-motif=AGGAG
13:31:32.261 - INFO - CDS - contig=contig_116, start=7100, stop=7789, strand=+, frame=2, truncated=no, start-type=ATG, RBS-motif=AGGAGG
13:31:32.261 - INFO - CDS - contig=contig_116, start=8623, stop=8823, strand=+, frame=1, truncated=no, start-type=ATG, RBS-motif=GGAG/GAGG
13:31:32.261 - INFO - CDS - contig=contig_116, start=8780, stop=8986, strand=+, frame=2, truncated=no, start-type=TTG, RBS-motif=AGGAG/GGAGG
13:31:32.261 - INFO - CDS - contig=contig_116, start=9460, stop=9699, strand=+, frame=1, truncated=no, start-type=ATG, RBS-motif=None
13:31:32.261 - INFO - CDS - contig=contig_116, start=9958, stop=10722, strand=-, frame=1, truncated=no, start-type=ATG, RBS-motif=GGA/GAG/AGG
13:31:32.261 - INFO - CDS - contig=contig_116, start=11477, stop=12064, strand=+, frame=2, truncated=no, start-type=ATG, RBS-motif=AGGAGG
13:31:32.261 - INFO - CDS - contig=contig_116, start=12072, stop=12656, strand=-, frame=2, truncated=no, start-type=ATG, RBS-motif=AGGAG
13:31:32.261 - INFO - CDS - contig=contig_116, start=12717, stop=13898, strand=-, frame=2, truncated=no, start-type=ATG, RBS-motif=AGGAG
13:31:32.261 - INFO - CDS - contig=contig_116, start=14246, stop=14806, strand=-, frame=3, truncated=no, start-type=ATG, RBS-motif=AGGAG
13:31:32.261 - INFO - CDS - contig=contig_116, start=14833, stop=15318, strand=-, frame=1, truncated=no, start-type=ATG, RBS-motif=AGGAGG
13:31:32.261 - INFO - CDS - contig=contig_116, start=15331, stop=16239, strand=-, frame=1, truncated=no, start-type=ATG, RBS-motif=AGGAG/GGAGG
13:31:32.261 - INFO - CDS - contig=contig_116, start=16431, stop=17225, strand=+, frame=3, truncated=no, start-type=ATG, RBS-motif=GGAGG
13:31:32.261 - INFO - CDS - contig=contig_116, start=17456, stop=18010, strand=+, frame=2, truncated=no, start-type=ATG, RBS-motif=AGGAGG
13:31:32.261 - INFO - CDS - contig=contig_116, start=18073, stop=18639, strand=+, frame=1, truncated=no, start-type=ATG, RBS-motif=AGGAGG
13:31:32.261 - INFO - CDS - contig=contig_116, start=18710, stop=19381, strand=+, frame=2, truncated=no, start-type=ATG, RBS-motif=AGGAG
13:31:32.261 - INFO - CDS - contig=contig_116, start=19538, stop=20203, strand=+, frame=2, truncated=no, start-type=ATG, RBS-motif=AGxAGG/AGGxGG
13:31:32.261 - INFO - CDS - contig=contig_116, start=20221, stop=23796, strand=+, frame=1, truncated=no, start-type=ATG, RBS-motif=AGGAGG
13:31:32.261 - INFO - CDS - contig=contig_116, start=23814, stop=24386, strand=+, frame=3, truncated=no, start-type=ATG, RBS-motif=AGGAGG
13:31:32.261 - INFO - CDS - contig=contig_116, start=24400, stop=25350, strand=+, frame=1, truncated=no, start-type=ATG, RBS-motif=AGGAGG
13:31:32.261 - INFO - CDS - contig=contig_116, start=25444, stop=25998, strand=+, frame=1, truncated=no, start-type=ATG, RBS-motif=GGA/GAG/AGG
13:31:32.261 - INFO - CDS - contig=contig_116, start=26569, stop=27690, strand=+, frame=1, truncated=no, start-type=ATG, RBS-motif=GGA/GAG/AGG
13:31:32.261 - INFO - CDS - contig=contig_116, start=27753, stop=28253, strand=+, frame=3, truncated=no, start-type=ATG, RBS-motif=GGAGG
13:31:32.262 - INFO - CDS - contig=contig_116, start=28389, stop=32444, strand=+, frame=3, truncated=no, start-type=ATG, RBS-motif=AGxAGG/AGGxGG
13:31:32.262 - INFO - CDS - contig=contig_116, start=32611, stop=33858, strand=-, frame=1, truncated=no, start-type=ATG, RBS-motif=GGAG/GAGG
13:31:32.262 - INFO - CDS - contig=contig_116, start=33928, stop=34749, strand=-, frame=1, truncated=no, start-type=ATG, RBS-motif=AGGAGG
13:31:32.262 - INFO - CDS - contig=contig_116, start=34853, stop=35488, strand=+, frame=2, truncated=no, start-type=ATG, RBS-motif=4Base/6BMM
13:31:32.262 - INFO - CDS - contig=contig_116, start=35506, stop=36699, strand=+, frame=1, truncated=no, start-type=ATG, RBS-motif=AGGAGG
13:31:32.262 - INFO - CDS - contig=contig_116, start=36842, stop=37615, strand=+, frame=2, truncated=no, start-type=ATG, RBS-motif=AGGAG
13:31:32.262 - INFO - CDS - contig=contig_116, start=37682, stop=39196, strand=+, frame=2, truncated=no, start-type=ATG, RBS-motif=GGAG/GAGG
13:31:32.262 - INFO - CDS - contig=contig_116, start=39327, stop=40631, strand=+, frame=3, truncated=no, start-type=ATG, RBS-motif=AGGAG
13:31:32.262 - INFO - CDS - contig=contig_116, start=40691, stop=42607, strand=-, frame=3, truncated=no, start-type=ATG, RBS-motif=AGGAGG
13:31:32.262 - INFO - CDS - contig=contig_116, start=42921, stop=45545, strand=-, frame=2, truncated=no, start-type=ATG, RBS-motif=AGGAG
13:31:32.262 - INFO - CDS - contig=contig_116, start=46148, stop=46924, strand=-, frame=3, truncated=no, start-type=ATG, RBS-motif=AGGAGG
13:31:32.262 - INFO - CDS - contig=contig_116, start=47236, stop=48198, strand=+, frame=1, truncated=no, start-type=ATG, RBS-motif=AGGAGG
13:31:32.262 - INFO - CDS - contig=contig_116, start=48260, stop=48547, strand=+, frame=2, truncated=no, start-type=ATG, RBS-motif=AGGAG
13:31:32.262 - INFO - CDS - contig=contig_116, start=48563, stop=49726, strand=+, frame=2, truncated=no, start-type=ATG, RBS-motif=AGGAGG
13:31:32.262 - INFO - CDS - contig=contig_116, start=49745, stop=50617, strand=+, frame=2, truncated=no, start-type=ATG, RBS-motif=GGAGG
13:31:32.262 - INFO - CDS - contig=contig_116, start=50639, stop=51529, strand=+, frame=2, truncated=no, start-type=ATG, RBS-motif=GGAG/GAGG
13:31:32.262 - INFO - CDS - contig=contig_116, start=52119, stop=52979, strand=-, frame=2, truncated=no, start-type=ATG, RBS-motif=GGA/GAG/AGG
13:31:32.262 - INFO - CDS - contig=contig_116, start=52994, stop=54160, strand=-, frame=3, truncated=no, start-type=ATG, RBS-motif=GGA/GAG/AGG
13:31:32.262 - INFO - CDS - contig=contig_116, start=54265, stop=55155, strand=-, frame=1, truncated=no, start-type=ATG, RBS-motif=AGGAGG
13:31:32.262 - INFO - CDS - contig=contig_116, start=55213, stop=56001, strand=-, frame=1, truncated=no, start-type=TTG, RBS-motif=GGAG/GAGG
13:31:32.262 - INFO - CDS - contig=contig_116, start=56177, stop=58135, strand=+, frame=2, truncated=no, start-type=ATG, RBS-motif=AGxAGG/AGGxGG
13:31:32.262 - INFO - CDS - contig=contig_116, start=58420, stop=60114, strand=+, frame=1, truncated=no, start-type=ATG, RBS-motif=GGAG/GAGG
13:31:32.262 - INFO - CDS - contig=contig_116, start=60165, stop=61508, strand=+, frame=3, truncated=no, start-type=ATG, RBS-motif=AGGAGG
13:31:32.262 - INFO - CDS - contig=contig_116, start=61542, stop=62096, strand=+, frame=3, truncated=no, start-type=ATG, RBS-motif=4Base/6BMM
13:31:32.262 - INFO - CDS - contig=contig_116, start=62093, stop=62491, strand=+, frame=2, truncated=no, start-type=ATG, RBS-motif=None
13:31:32.262 - INFO - CDS - contig=contig_116, start=63194, stop=64351, strand=-, frame=3, truncated=no, start-type=ATG, RBS-motif=GGA/GAG/AGG
13:31:32.263 - INFO - CDS - contig=contig_116, start=64415, stop=65398, strand=-, frame=3, truncated=no, start-type=ATG, RBS-motif=AGGAGG
13:31:32.263 - INFO - CDS - contig=contig_116, start=65533, stop=66072, strand=+, frame=1, truncated=no, start-type=ATG, RBS-motif=GGAG/GAGG
13:31:32.263 - INFO - CDS - contig=contig_116, start=66151, stop=66432, strand=+, frame=1, truncated=no, start-type=ATG, RBS-motif=AGxAGG/AGGxGG
13:31:32.263 - INFO - CDS - contig=contig_116, start=66927, stop=67202, strand=+, frame=3, truncated=no, start-type=ATG, RBS-motif=AGGAGG
13:31:32.263 - INFO - CDS - contig=contig_116, start=67238, stop=67702, strand=+, frame=2, truncated=no, start-type=TTG, RBS-motif=AGGA
13:31:32.263 - INFO - CDS - contig=contig_116, start=67760, stop=69202, strand=-, frame=3, truncated=no, start-type=ATG, RBS-motif=GGAGG
13:31:32.263 - INFO - CDS - contig=contig_116, start=69385, stop=70593, strand=-, frame=1, truncated=no, start-type=ATG, RBS-motif=AGGAG
13:31:32.263 - INFO - CDS - contig=contig_116, start=70590, stop=71972, strand=-, frame=2, truncated=no, start-type=ATG, RBS-motif=AGGAGG
13:31:32.263 - INFO - CDS - contig=contig_116, start=72003, stop=73427, strand=-, frame=2, truncated=no, start-type=GTG, RBS-motif=AGGAGG
13:31:32.263 - INFO - CDS - contig=contig_116, start=73690, stop=74760, strand=-, frame=1, truncated=no, start-type=ATG, RBS-motif=GGA/GAG/AGG
13:31:32.263 - INFO - CDS - contig=contig_116, start=74760, stop=75134, strand=-, frame=2, truncated=no, start-type=ATG, RBS-motif=AGGAG
13:31:32.263 - INFO - CDS - contig=contig_116, start=75218, stop=76528, strand=-, frame=3, truncated=no, start-type=ATG, RBS-motif=GGAG/GAGG
13:31:32.263 - INFO - CDS - contig=contig_116, start=76651, stop=77229, strand=+, frame=1, truncated=no, start-type=ATG, RBS-motif=AGGAG
13:31:32.263 - INFO - CDS - contig=contig_116, start=77245, stop=77514, strand=+, frame=1, truncated=no, start-type=ATG, RBS-motif=AGGAGG
13:31:32.263 - INFO - CDS - contig=contig_116, start=77525, stop=78889, strand=+, frame=2, truncated=no, start-type=ATG, RBS-motif=GGAG/GAGG
13:31:32.263 - INFO - CDS - contig=contig_116, start=79053, stop=80387, strand=+, frame=3, truncated=no, start-type=ATG, RBS-motif=AGGAGG
13:31:32.263 - INFO - CDS - contig=contig_116, start=80546, stop=80959, strand=+, frame=2, truncated=no, start-type=ATG, RBS-motif=AGGAG
13:31:32.263 - INFO - CDS - contig=contig_116, start=81020, stop=81604, strand=-, frame=3, truncated=no, start-type=GTG, RBS-motif=GGAG/GAGG
13:31:32.263 - INFO - CDS - contig=contig_116, start=81723, stop=83954, strand=-, frame=2, truncated=no, start-type=ATG, RBS-motif=GGAGG
13:31:32.263 - INFO - CDS - contig=contig_116, start=83951, stop=85033, strand=-, frame=3, truncated=no, start-type=ATG, RBS-motif=AGGAG
13:31:32.263 - INFO - CDS - contig=contig_116, start=85079, stop=85858, strand=-, frame=3, truncated=no, start-type=ATG, RBS-motif=GGAGG
13:31:32.263 - INFO - CDS - contig=contig_116, start=86002, stop=87672, strand=+, frame=1, truncated=no, start-type=ATG, RBS-motif=AGGAG
13:31:32.263 - INFO - CDS - contig=contig_116, start=87810, stop=89723, strand=+, frame=3, truncated=no, start-type=ATG, RBS-motif=AGGAGG
13:31:32.263 - INFO - CDS - contig=contig_116, start=89915, stop=91288, strand=-, frame=3, truncated=no, start-type=ATG, RBS-motif=AGGAG
13:31:32.263 - INFO - CDS - contig=contig_116, start=91358, stop=91762, strand=+, frame=2, truncated=no, start-type=ATG, RBS-motif=GGA/GAG/AGG
13:31:32.263 - INFO - CDS - contig=contig_116, start=91759, stop=92445, strand=+, frame=1, truncated=no, start-type=ATG, RBS-motif=GGAGG
13:31:32.263 - INFO - CDS - contig=contig_116, start=92495, stop=93931, strand=+, frame=2, truncated=no, start-type=ATG, RBS-motif=AGxAGG/AGGxGG
13:31:32.264 - INFO - CDS - contig=contig_116, start=93928, stop=94851, strand=+, frame=1, truncated=no, start-type=ATG, RBS-motif=GGAGG
13:31:32.264 - INFO - CDS - contig=contig_116, start=94989, stop=96272, strand=+, frame=3, truncated=no, start-type=ATG, RBS-motif=AGGA
13:31:32.264 - INFO - CDS - contig=contig_116, start=96377, stop=98878, strand=+, frame=2, truncated=no, start-type=ATG, RBS-motif=GGAG/GAGG
13:31:32.264 - INFO - CDS - contig=contig_116, start=98964, stop=100574, strand=-, frame=2, truncated=no, start-type=ATG, RBS-motif=GGAGG
13:31:32.264 - INFO - CDS - contig=contig_116, start=100828, stop=102309, strand=-, frame=1, truncated=no, start-type=ATG, RBS-motif=GGA/GAG/AGG
13:31:32.264 - INFO - CDS - contig=contig_116, start=102405, stop=103175, strand=+, frame=3, truncated=no, start-type=ATG, RBS-motif=GGAGG
13:31:32.264 - INFO - CDS - contig=contig_116, start=103244, stop=103333, strand=-, frame=3, truncated=no, start-type=ATG, RBS-motif=None
13:31:32.264 - INFO - CDS - contig=contig_116, start=103330, stop=103572, strand=-, frame=1, truncated=no, start-type=ATG, RBS-motif=GGA/GAG/AGG
13:31:32.264 - INFO - CDS - contig=contig_116, start=103851, stop=104984, strand=-, frame=2, truncated=no, start-type=ATG, RBS-motif=AGGAGG
13:31:32.264 - INFO - CDS - contig=contig_116, start=104997, stop=106400, strand=-, frame=2, truncated=no, start-type=ATG, RBS-motif=GGxGG
13:31:32.264 - INFO - CDS - contig=contig_116, start=106527, stop=107198, strand=-, frame=2, truncated=no, start-type=ATG, RBS-motif=AGGAG
13:31:32.264 - INFO - CDS - contig=contig_116, start=107293, stop=108552, strand=-, frame=1, truncated=no, start-type=ATG, RBS-motif=GGA/GAG/AGG
13:31:32.264 - INFO - CDS - contig=contig_116, start=108549, stop=110636, strand=-, frame=2, truncated=no, start-type=ATG, RBS-motif=GGAG/GAGG
13:31:32.264 - INFO - CDS - contig=contig_116, start=110758, stop=110994, strand=-, frame=1, truncated=no, start-type=GTG, RBS-motif=AGGA
13:31:32.264 - INFO - CDS - contig=contig_116, start=111124, stop=112299, strand=-, frame=1, truncated=no, start-type=ATG, RBS-motif=AGGAG/GGAGG
13:31:32.264 - INFO - CDS - contig=contig_116, start=112412, stop=113026, strand=+, frame=2, truncated=no, start-type=ATG, RBS-motif=GGxGG
13:31:32.264 - INFO - CDS - contig=contig_116, start=113099, stop=114286, strand=-, frame=3, truncated=no, start-type=ATG, RBS-motif=AGGAGG
13:31:32.264 - INFO - CDS - contig=contig_116, start=114364, stop=115227, strand=-, frame=1, truncated=no, start-type=ATG, RBS-motif=AGGAGG
13:31:32.264 - INFO - CDS - contig=contig_116, start=115399, stop=116079, strand=-, frame=1, truncated=no, start-type=GTG, RBS-motif=GGAGG
13:31:32.264 - INFO - CDS - contig=contig_116, start=116072, stop=117100, strand=-, frame=3, truncated=no, start-type=ATG, RBS-motif=GGAG/GAGG
13:31:32.264 - INFO - CDS - contig=contig_116, start=118119, stop=125789, strand=-, frame=2, truncated=no, start-type=ATG, RBS-motif=AGGAG
13:31:32.264 - INFO - CDS - contig=contig_116, start=126178, stop=126492, strand=-, frame=1, truncated=no, start-type=ATG, RBS-motif=GGAGG
13:31:32.264 - INFO - CDS - contig=contig_116, start=126530, stop=128914, strand=-, frame=3, truncated=no, start-type=ATG, RBS-motif=GGA/GAG/AGG
13:31:32.264 - INFO - CDS - contig=contig_116, start=129578, stop=130066, strand=+, frame=2, truncated=no, start-type=ATG, RBS-motif=AGGAGG
13:31:32.264 - INFO - CDS - contig=contig_116, start=130346, stop=130798, strand=+, frame=2, truncated=no, start-type=ATG, RBS-motif=None
13:31:32.264 - INFO - CDS - contig=contig_116, start=130758, stop=131189, strand=+, frame=3, truncated=no, start-type=GTG, RBS-motif=4Base/6BMM
13:31:32.265 - INFO - CDS - contig=contig_116, start=131674, stop=132300, strand=-, frame=1, truncated=no, start-type=ATG, RBS-motif=GGAG/GAGG
13:31:32.265 - INFO - CDS - contig=contig_116, start=132597, stop=133919, strand=+, frame=3, truncated=no, start-type=ATG, RBS-motif=AGGAGG
13:31:32.265 - INFO - CDS - contig=contig_116, start=134120, stop=134971, strand=+, frame=2, truncated=no, start-type=ATG, RBS-motif=GGAGG
13:31:32.265 - INFO - CDS - contig=contig_116, start=134971, stop=135813, strand=+, frame=1, truncated=no, start-type=ATG, RBS-motif=AGGAGG
13:31:32.265 - INFO - CDS - contig=contig_116, start=135912, stop=136937, strand=+, frame=3, truncated=no, start-type=ATG, RBS-motif=AGGAGG
13:31:32.265 - INFO - CDS - contig=contig_116, start=136952, stop=138043, strand=+, frame=2, truncated=no, start-type=ATG, RBS-motif=AGGAGG
13:31:32.265 - INFO - CDS - contig=contig_116, start=138058, stop=138282, strand=+, frame=1, truncated=no, start-type=ATG, RBS-motif=AGGAG
13:31:32.265 - INFO - CDS - contig=contig_116, start=138298, stop=139782, strand=+, frame=1, truncated=no, start-type=ATG, RBS-motif=GGA/GAG/AGG
13:31:32.265 - INFO - CDS - contig=contig_116, start=140009, stop=140314, strand=+, frame=2, truncated=no, start-type=ATG, RBS-motif=AGGAG
13:31:32.265 - INFO - CDS - contig=contig_116, start=140761, stop=140928, strand=+, frame=1, truncated=no, start-type=ATG, RBS-motif=AGGA
13:31:32.265 - INFO - CDS - contig=contig_116, start=141094, stop=142113, strand=-, frame=1, truncated=no, start-type=ATG, RBS-motif=AGGAG
13:31:32.265 - INFO - CDS - contig=contig_116, start=142209, stop=142766, strand=-, frame=2, truncated=no, start-type=ATG, RBS-motif=AGGAGG
13:31:32.265 - INFO - CDS - contig=contig_116, start=142783, stop=144492, strand=-, frame=1, truncated=no, start-type=ATG, RBS-motif=AGGAGG
13:31:32.265 - INFO - CDS - contig=contig_116, start=145066, stop=146421, strand=+, frame=1, truncated=no, start-type=ATG, RBS-motif=GGAG/GAGG
13:31:32.265 - INFO - CDS - contig=contig_116, start=146418, stop=147479, strand=+, frame=3, truncated=no, start-type=ATG, RBS-motif=AGGAGG
13:31:32.265 - INFO - CDS - contig=contig_116, start=147476, stop=148030, strand=+, frame=2, truncated=no, start-type=ATG, RBS-motif=AGxAGG/AGGxGG
13:31:32.265 - INFO - CDS - contig=contig_116, start=148044, stop=148691, strand=+, frame=3, truncated=no, start-type=ATG, RBS-motif=AGGAGG
13:31:32.265 - INFO - CDS - contig=contig_116, start=148691, stop=149278, strand=+, frame=2, truncated=no, start-type=ATG, RBS-motif=AGGAGG
13:31:32.265 - INFO - CDS - contig=contig_116, start=149292, stop=150206, strand=+, frame=3, truncated=no, start-type=ATG, RBS-motif=AGxAGG/AGGxGG
13:31:32.265 - INFO - CDS - contig=contig_116, start=150284, stop=151123, strand=-, frame=3, truncated=no, start-type=ATG, RBS-motif=GGAG/GAGG
13:31:32.265 - INFO - CDS - contig=contig_116, start=151221, stop=151973, strand=-, frame=2, truncated=no, start-type=ATG, RBS-motif=GGA/GAG/AGG
13:31:32.265 - INFO - CDS - contig=contig_116, start=151973, stop=152470, strand=-, frame=3, truncated=no, start-type=ATG, RBS-motif=AGGAG
13:31:32.265 - INFO - CDS - contig=contig_116, start=152525, stop=152755, strand=-, frame=3, truncated=no, start-type=ATG, RBS-motif=GGAGG
13:31:32.265 - INFO - CDS - contig=contig_116, start=152773, stop=153012, strand=-, frame=1, truncated=no, start-type=ATG, RBS-motif=GGAGG
13:31:32.265 - INFO - CDS - contig=contig_116, start=153082, stop=154449, strand=-, frame=1, truncated=no, start-type=ATG, RBS-motif=AGGAG
13:31:32.265 - INFO - CDS - contig=contig_116, start=154454, stop=154822, strand=-, frame=3, truncated=no, start-type=GTG, RBS-motif=GGAGG
13:31:32.265 - INFO - CDS - contig=contig_116, start=154949, stop=156040, strand=-, frame=3, truncated=no, start-type=ATG, RBS-motif=AGGAG
13:31:32.265 - INFO - CDS - contig=contig_116, start=156251, stop=156793, strand=+, frame=2, truncated=no, start-type=ATG, RBS-motif=AGGAGG
13:31:32.265 - INFO - CDS - contig=contig_116, start=157039, stop=157305, strand=+, frame=1, truncated=no, start-type=GTG, RBS-motif=AGGAGG
13:31:32.266 - INFO - CDS - contig=contig_116, start=157376, stop=159253, strand=-, frame=3, truncated=no, start-type=ATG, RBS-motif=AGGAG/GGAGG
13:31:32.266 - INFO - CDS - contig=contig_116, start=159270, stop=160502, strand=-, frame=2, truncated=no, start-type=ATG, RBS-motif=AGxAGG/AGGxGG
13:31:32.266 - INFO - CDS - contig=contig_116, start=160499, stop=161248, strand=-, frame=3, truncated=no, start-type=TTG, RBS-motif=GGAGG
13:31:32.266 - INFO - CDS - contig=contig_116, start=161253, stop=162959, strand=-, frame=2, truncated=no, start-type=ATG, RBS-motif=AGGAG
13:31:32.266 - INFO - CDS - contig=contig_116, start=163055, stop=163282, strand=-, frame=3, truncated=no, start-type=ATG, RBS-motif=AGGAGG
13:31:32.266 - INFO - CDS - contig=contig_116, start=163433, stop=164146, strand=+, frame=2, truncated=no, start-type=ATG, RBS-motif=GGAGG
13:31:32.266 - INFO - CDS - contig=contig_116, start=164262, stop=164807, strand=-, frame=2, truncated=no, start-type=GTG, RBS-motif=GGA/GAG/AGG
13:31:32.266 - INFO - CDS - contig=contig_116, start=164841, stop=165038, strand=-, frame=2, truncated=no, start-type=ATG, RBS-motif=AGxAGG/AGGxGG
13:31:32.266 - INFO - CDS - contig=contig_116, start=165119, stop=166333, strand=-, frame=3, truncated=no, start-type=ATG, RBS-motif=GGAG/GAGG
13:31:32.266 - INFO - CDS - contig=contig_116, start=166519, stop=168654, strand=-, frame=1, truncated=no, start-type=ATG, RBS-motif=AGxAGG/AGGxGG
13:31:32.266 - INFO - CDS - contig=contig_116, start=168880, stop=169656, strand=+, frame=1, truncated=no, start-type=ATG, RBS-motif=AGxAGG/AGGxGG
13:31:32.266 - INFO - CDS - contig=contig_116, start=169698, stop=171917, strand=+, frame=3, truncated=no, start-type=ATG, RBS-motif=GGA/GAG/AGG
13:31:32.266 - INFO - CDS - contig=contig_116, start=171973, stop=172299, strand=-, frame=1, truncated=no, start-type=TTG, RBS-motif=AGxAGG/AGGxGG
13:31:32.266 - INFO - CDS - contig=contig_116, start=172468, stop=172713, strand=+, frame=1, truncated=no, start-type=ATG, RBS-motif=AGGAG
13:31:32.266 - INFO - CDS - contig=contig_116, start=173078, stop=174838, strand=+, frame=2, truncated=no, start-type=ATG, RBS-motif=AGGAGG
13:31:32.266 - INFO - CDS - contig=contig_116, start=175238, stop=176551, strand=-, frame=3, truncated=no, start-type=TTG, RBS-motif=AGxAGG/AGGxGG
13:31:32.266 - INFO - CDS - contig=contig_116, start=176808, stop=177875, strand=+, frame=3, truncated=no, start-type=ATG, RBS-motif=AGGAGG
13:31:32.266 - INFO - CDS - contig=contig_116, start=177921, stop=178949, strand=-, frame=2, truncated=no, start-type=ATG, RBS-motif=GGAGG
13:31:32.266 - INFO - CDS - contig=contig_116, start=178954, stop=180120, strand=-, frame=1, truncated=no, start-type=ATG, RBS-motif=AGGAG
13:31:32.266 - INFO - CDS - contig=contig_116, start=180221, stop=180751, strand=-, frame=3, truncated=no, start-type=ATG, RBS-motif=AGGAG
13:31:32.266 - INFO - CDS - contig=contig_116, start=180903, stop=181106, strand=-, frame=2, truncated=no, start-type=ATG, RBS-motif=AGGAG
13:31:32.266 - INFO - CDS - contig=contig_116, start=181320, stop=181736, strand=-, frame=2, truncated=no, start-type=ATG, RBS-motif=AGxAGG/AGGxGG
13:31:32.266 - INFO - CDS - contig=contig_116, start=181938, stop=182756, strand=+, frame=3, truncated=no, start-type=ATG, RBS-motif=GGAG/GAGG
13:31:32.266 - INFO - CDS - contig=contig_116, start=182883, stop=183329, strand=+, frame=3, truncated=no, start-type=ATG, RBS-motif=GGAG/GAGG
13:31:32.266 - INFO - CDS - contig=contig_116, start=183411, stop=185159, strand=+, frame=3, truncated=no, start-type=ATG, RBS-motif=AGGAG
13:31:32.266 - INFO - CDS - contig=contig_116, start=185472, stop=186752, strand=+, frame=3, truncated=no, start-type=ATG, RBS-motif=GGAGG
13:31:32.266 - INFO - CDS - contig=contig_116, start=186952, stop=188160, strand=+, frame=1, truncated=no, start-type=ATG, RBS-motif=AGGAG
13:31:32.266 - INFO - CDS - contig=contig_116, start=188338, stop=188964, strand=+, frame=1, truncated=no, start-type=GTG, RBS-motif=GGAGG
13:31:32.267 - INFO - CDS - contig=contig_116, start=188961, stop=189566, strand=+, frame=3, truncated=no, start-type=ATG, RBS-motif=GGAGG
13:31:32.267 - INFO - CDS - contig=contig_116, start=189563, stop=190192, strand=+, frame=2, truncated=no, start-type=GTG, RBS-motif=GGxGG
13:31:32.267 - INFO - CDS - contig=contig_116, start=190209, stop=191042, strand=+, frame=3, truncated=no, start-type=ATG, RBS-motif=AGGAGG
13:31:32.267 - INFO - CDS - contig=contig_116, start=191238, stop=191480, strand=-, frame=2, truncated=no, start-type=GTG, RBS-motif=AGGAG
13:31:32.267 - INFO - CDS - contig=contig_116, start=191679, stop=192257, strand=+, frame=3, truncated=no, start-type=ATG, RBS-motif=AGGAGG
13:31:32.267 - INFO - CDS - contig=contig_116, start=192260, stop=192781, strand=+, frame=2, truncated=no, start-type=ATG, RBS-motif=GGAGG
13:31:32.267 - INFO - CDS - contig=contig_116, start=192852, stop=193769, strand=+, frame=3, truncated=no, start-type=ATG, RBS-motif=GGA/GAG/AGG
13:31:32.267 - INFO - CDS - contig=contig_116, start=193862, stop=194290, strand=-, frame=3, truncated=no, start-type=ATG, RBS-motif=AGGAGG
13:31:32.267 - INFO - CDS - contig=contig_116, start=194597, stop=195613, strand=+, frame=2, truncated=no, start-type=ATG, RBS-motif=AGGAG
13:31:32.267 - INFO - CDS - contig=contig_116, start=195647, stop=196507, strand=+, frame=2, truncated=no, start-type=GTG, RBS-motif=GGAGG
13:31:32.267 - INFO - CDS - contig=contig_116, start=196580, stop=197653, strand=-, frame=3, truncated=no, start-type=GTG, RBS-motif=GGA/GAG/AGG
13:31:32.267 - INFO - CDS - contig=contig_116, start=197764, stop=198048, strand=-, frame=1, truncated=no, start-type=ATG, RBS-motif=AGGAGG
13:31:32.267 - INFO - CDS - contig=contig_116, start=198170, stop=199213, strand=+, frame=2, truncated=no, start-type=ATG, RBS-motif=AGGA
13:31:32.267 - INFO - CDS - contig=contig_116, start=199238, stop=199963, strand=+, frame=2, truncated=no, start-type=GTG, RBS-motif=AGGA/GGAG/GAGG
13:31:32.267 - INFO - CDS - contig=contig_116, start=199924, stop=200511, strand=+, frame=1, truncated=no, start-type=ATG, RBS-motif=GGAG/GAGG
13:31:32.267 - INFO - CDS - contig=contig_116, start=200587, stop=201903, strand=-, frame=1, truncated=no, start-type=ATG, RBS-motif=AGxAGG/AGGxGG
13:31:32.267 - INFO - CDS - contig=contig_116, start=201923, stop=202831, strand=-, frame=3, truncated=no, start-type=TTG, RBS-motif=GGAG/GAGG
13:31:32.267 - INFO - CDS - contig=contig_116, start=202835, stop=203710, strand=-, frame=3, truncated=no, start-type=ATG, RBS-motif=GGAGG
13:31:32.267 - INFO - CDS - contig=contig_116, start=203712, stop=204680, strand=-, frame=2, truncated=no, start-type=ATG, RBS-motif=AGGAGG
13:31:32.267 - INFO - CDS - contig=contig_116, start=204706, stop=205044, strand=-, frame=1, truncated=no, start-type=ATG, RBS-motif=AGGAGG
13:31:32.267 - INFO - CDS - contig=contig_116, start=205138, stop=207528, strand=-, frame=1, truncated=no, start-type=TTG, RBS-motif=GGAGG
13:31:32.267 - INFO - CDS - contig=contig_116, start=207637, stop=208098, strand=-, frame=1, truncated=no, start-type=ATG, RBS-motif=AGGAG/GGAGG
13:31:32.267 - INFO - CDS - contig=contig_116, start=208091, stop=208366, strand=-, frame=3, truncated=no, start-type=ATG, RBS-motif=AGGAG
13:31:32.267 - INFO - CDS - contig=contig_116, start=208440, stop=209585, strand=-, frame=2, truncated=no, start-type=ATG, RBS-motif=AGGAG
13:31:32.267 - INFO - CDS - contig=contig_116, start=209609, stop=210064, strand=-, frame=3, truncated=no, start-type=ATG, RBS-motif=4Base/6BMM
13:31:32.267 - INFO - CDS - contig=contig_116, start=210512, stop=211900, strand=+, frame=2, truncated=no, start-type=ATG, RBS-motif=AGGAG
13:31:32.267 - INFO - CDS - contig=contig_116, start=212282, stop=213661, strand=+, frame=2, truncated=no, start-type=ATG, RBS-motif=AGGAGG
13:31:32.267 - INFO - CDS - contig=contig_116, start=213880, stop=214527, strand=+, frame=1, truncated=no, start-type=ATG, RBS-motif=GGAGG
13:31:32.267 - INFO - CDS - contig=contig_116, start=214614, stop=216692, strand=-, frame=2, truncated=no, start-type=ATG, RBS-motif=AGGAG
13:31:32.268 - INFO - CDS - contig=contig_116, start=216901, stop=217692, strand=-, frame=1, truncated=no, start-type=ATG, RBS-motif=AGGAGG
13:31:32.268 - INFO - CDS - contig=contig_116, start=217717, stop=218307, strand=-, frame=1, truncated=no, start-type=ATG, RBS-motif=GGA/GAG/AGG
13:31:32.268 - INFO - CDS - contig=contig_116, start=218365, stop=219351, strand=-, frame=1, truncated=no, start-type=TTG, RBS-motif=AGGAG
13:31:32.268 - INFO - CDS - contig=contig_116, start=219554, stop=221890, strand=+, frame=2, truncated=no, start-type=ATG, RBS-motif=AGGAGG
13:31:32.268 - INFO - CDS - contig=contig_116, start=222109, stop=222765, strand=+, frame=1, truncated=no, start-type=ATG, RBS-motif=AGxAGG/AGGxGG
13:31:32.268 - INFO - CDS - contig=contig_116, start=223472, stop=223858, strand=+, frame=2, truncated=no, start-type=ATG, RBS-motif=GGAG/GAGG
13:31:32.268 - INFO - CDS - contig=contig_116, start=224008, stop=225312, strand=-, frame=1, truncated=no, start-type=ATG, RBS-motif=GGA/GAG/AGG
13:31:32.268 - INFO - CDS - contig=contig_116, start=225383, stop=225670, strand=-, frame=3, truncated=no, start-type=ATG, RBS-motif=GGAGG
13:31:32.268 - INFO - CDS - contig=contig_116, start=225860, stop=227311, strand=-, frame=3, truncated=no, start-type=ATG, RBS-motif=AGGA
13:31:32.268 - INFO - CDS - contig=contig_116, start=227452, stop=228861, strand=-, frame=1, truncated=no, start-type=GTG, RBS-motif=AGGA
13:31:32.268 - INFO - CDS - contig=contig_116, start=229194, stop=230654, strand=-, frame=2, truncated=no, start-type=ATG, RBS-motif=AGGAGG
13:31:32.268 - INFO - CDS - contig=contig_116, start=230706, stop=231902, strand=-, frame=2, truncated=no, start-type=ATG, RBS-motif=GGAGG
13:31:32.268 - INFO - CDS - contig=contig_116, start=232094, stop=232777, strand=+, frame=2, truncated=no, start-type=ATG, RBS-motif=GGAG/GAGG
13:31:32.268 - INFO - CDS - contig=contig_116, start=232996, stop=234039, strand=+, frame=1, truncated=no, start-type=ATG, RBS-motif=AGxAGG/AGGxGG
13:31:32.268 - INFO - CDS - contig=contig_116, start=234169, stop=235239, strand=+, frame=1, truncated=no, start-type=ATG, RBS-motif=AGGAGG
13:31:32.268 - INFO - CDS - contig=contig_116, start=235373, stop=235894, strand=+, frame=2, truncated=no, start-type=ATG, RBS-motif=AGGAGG
13:31:32.268 - INFO - CDS - contig=contig_116, start=235911, stop=237254, strand=+, frame=3, truncated=no, start-type=ATG, RBS-motif=AGGAGG
13:31:32.268 - INFO - CDS - contig=contig_116, start=237314, stop=238291, strand=+, frame=2, truncated=no, start-type=ATG, RBS-motif=AGGA
13:31:32.268 - INFO - CDS - contig=contig_116, start=238366, stop=239379, strand=+, frame=1, truncated=no, start-type=ATG, RBS-motif=GGAGG
13:31:32.268 - INFO - CDS - contig=contig_116, start=239393, stop=240154, strand=+, frame=2, truncated=no, start-type=ATG, RBS-motif=AGGAGG
13:31:32.268 - INFO - CDS - contig=contig_116, start=240363, stop=240722, strand=+, frame=3, truncated=no, start-type=ATG, RBS-motif=AGGAG
13:31:32.268 - INFO - CDS - contig=contig_116, start=240738, stop=241580, strand=+, frame=3, truncated=no, start-type=ATG, RBS-motif=AGGAGG
13:31:32.268 - INFO - CDS - contig=contig_116, start=241660, stop=242460, strand=+, frame=1, truncated=no, start-type=ATG, RBS-motif=AGGA
13:31:32.268 - INFO - CDS - contig=contig_116, start=242474, stop=243433, strand=+, frame=2, truncated=no, start-type=ATG, RBS-motif=AGxAGG/AGGxGG
13:31:32.268 - INFO - CDS - contig=contig_116, start=243448, stop=244083, strand=+, frame=1, truncated=no, start-type=ATG, RBS-motif=AGGAG
13:31:32.268 - INFO - CDS - contig=contig_116, start=244130, stop=244807, strand=-, frame=3, truncated=no, start-type=ATG, RBS-motif=AGGAG
13:31:32.268 - INFO - CDS - contig=contig_116, start=244996, stop=246807, strand=+, frame=1, truncated=no, start-type=ATG, RBS-motif=GGA/GAG/AGG
13:31:32.268 - INFO - CDS - contig=contig_116, start=246882, stop=247790, strand=-, frame=2, truncated=no, start-type=ATG, RBS-motif=AGGA
13:31:32.268 - INFO - CDS - contig=contig_116, start=247818, stop=248501, strand=-, frame=2, truncated=no, start-type=ATG, RBS-motif=AGxAGG/AGGxGG
13:31:32.269 - INFO - CDS - contig=contig_116, start=248585, stop=250339, strand=+, frame=2, truncated=no, start-type=ATG, RBS-motif=AGxAGG/AGGxGG
13:31:32.269 - INFO - CDS - contig=contig_116, start=250567, stop=251046, strand=+, frame=1, truncated=no, start-type=GTG, RBS-motif=AGxAGG/AGGxGG
13:31:32.269 - INFO - CDS - contig=contig_116, start=251051, stop=251407, strand=+, frame=2, truncated=no, start-type=ATG, RBS-motif=GGAGG
13:31:32.269 - INFO - CDS - contig=contig_116, start=251404, stop=252465, strand=+, frame=1, truncated=no, start-type=ATG, RBS-motif=GGAGG
13:31:32.269 - INFO - CDS - contig=contig_116, start=252537, stop=253577, strand=+, frame=3, truncated=no, start-type=ATG, RBS-motif=GGAG/GAGG
13:31:32.269 - INFO - CDS - contig=contig_116, start=253595, stop=254905, strand=+, frame=2, truncated=no, start-type=ATG, RBS-motif=GGAG/GAGG
13:31:32.269 - INFO - CDS - contig=contig_116, start=254902, stop=255873, strand=+, frame=1, truncated=no, start-type=GTG, RBS-motif=AGGAGG
13:31:32.269 - INFO - CDS - contig=contig_116, start=255870, stop=256409, strand=+, frame=3, truncated=no, start-type=ATG, RBS-motif=AGGAGG
13:31:32.269 - INFO - CDS - contig=contig_116, start=256406, stop=256840, strand=+, frame=2, truncated=no, start-type=ATG, RBS-motif=GGxGG
13:31:32.269 - INFO - CDS - contig=contig_116, start=257325, stop=258947, strand=-, frame=2, truncated=no, start-type=ATG, RBS-motif=GGA/GAG/AGG
13:31:32.269 - INFO - CDS - contig=contig_116, start=259023, stop=259235, strand=-, frame=2, truncated=no, start-type=ATG, RBS-motif=AGGAGG
13:31:32.269 - INFO - CDS - contig=contig_116, start=259864, stop=260283, strand=-, frame=1, truncated=no, start-type=ATG, RBS-motif=GGAGG
13:31:32.269 - INFO - CDS - contig=contig_116, start=261019, stop=261804, strand=-, frame=1, truncated=no, start-type=ATG, RBS-motif=AGxAGG/AGGxGG
13:31:32.269 - INFO - CDS - contig=contig_116, start=261817, stop=262611, strand=-, frame=1, truncated=no, start-type=ATG, RBS-motif=AGGAGG
13:31:32.269 - INFO - CDS - contig=contig_116, start=262626, stop=263513, strand=-, frame=2, truncated=no, start-type=ATG, RBS-motif=AGGAGG
13:31:32.269 - INFO - CDS - contig=contig_116, start=263510, stop=264127, strand=-, frame=3, truncated=no, start-type=TTG, RBS-motif=AGGAGG
13:31:32.269 - INFO - CDS - contig=contig_116, start=264380, stop=264739, strand=+, frame=2, truncated=no, start-type=ATG, RBS-motif=None
13:31:32.269 - INFO - CDS - contig=contig_116, start=264930, stop=266237, strand=-, frame=2, truncated=no, start-type=GTG, RBS-motif=AGGA/GGAG/GAGG
13:31:32.269 - INFO - CDS - contig=contig_116, start=266430, stop=266723, strand=-, frame=2, truncated=no, start-type=ATG, RBS-motif=AGGAGG
13:31:32.269 - INFO - CDS - contig=contig_116, start=266896, stop=267252, strand=+, frame=1, truncated=no, start-type=ATG, RBS-motif=AGGAGG
13:31:32.269 - INFO - CDS - contig=contig_116, start=267526, stop=268746, strand=-, frame=1, truncated=no, start-type=ATG, RBS-motif=AGGAGG
13:31:32.269 - INFO - CDS - contig=contig_116, start=269287, stop=269634, strand=-, frame=1, truncated=no, start-type=TTG, RBS-motif=GGA/GAG/AGG
13:31:32.269 - INFO - CDS - contig=contig_116, start=269631, stop=269795, strand=-, frame=2, truncated=no, start-type=ATG, RBS-motif=AGGAG
13:31:32.269 - INFO - CDS - contig=contig_116, start=269804, stop=270148, strand=-, frame=3, truncated=no, start-type=GTG, RBS-motif=AGGAG
13:31:32.269 - INFO - CDS - contig=contig_116, start=270282, stop=270737, strand=-, frame=2, truncated=no, start-type=ATG, RBS-motif=GGAG/GAGG
13:31:32.269 - INFO - CDS - contig=contig_116, start=270734, stop=271411, strand=-, frame=3, truncated=no, start-type=ATG, RBS-motif=AGGAG
13:31:32.269 - INFO - CDS - contig=contig_116, start=271408, stop=271656, strand=-, frame=1, truncated=no, start-type=ATG, RBS-motif=AGGAGG
13:31:32.269 - INFO - CDS - contig=contig_116, start=271672, stop=273321, strand=-, frame=1, truncated=no, start-type=ATG, RBS-motif=GGAGG
13:31:32.269 - INFO - CDS - contig=contig_116, start=273302, stop=275665, strand=-, frame=3, truncated=no, start-type=TTG, RBS-motif=AGGAGG
13:31:32.270 - INFO - CDS - contig=contig_116, start=275619, stop=275999, strand=-, frame=2, truncated=no, start-type=TTG, RBS-motif=AGGAGG
13:31:32.270 - INFO - CDS - contig=contig_116, start=275987, stop=276484, strand=-, frame=3, truncated=no, start-type=ATG, RBS-motif=4Base/6BMM
13:31:32.270 - INFO - CDS - contig=contig_116, start=276645, stop=276980, strand=-, frame=2, truncated=no, start-type=ATG, RBS-motif=GGA/GAG/AGG
13:31:32.270 - INFO - CDS - contig=contig_116, start=276973, stop=277227, strand=-, frame=1, truncated=no, start-type=ATG, RBS-motif=GGAG/GAGG
13:31:32.270 - INFO - CDS - contig=contig_116, start=277299, stop=278189, strand=-, frame=2, truncated=no, start-type=ATG, RBS-motif=AGGA
13:31:32.270 - INFO - CDS - contig=contig_116, start=278207, stop=279073, strand=-, frame=3, truncated=no, start-type=ATG, RBS-motif=GGA/GAG/AGG
13:31:32.270 - INFO - CDS - contig=contig_116, start=279086, stop=279298, strand=-, frame=3, truncated=no, start-type=ATG, RBS-motif=GGAGG
13:31:32.270 - INFO - CDS - contig=contig_116, start=279495, stop=281333, strand=-, frame=2, truncated=no, start-type=ATG, RBS-motif=AGGAGG
13:31:32.270 - INFO - CDS - contig=contig_116, start=281320, stop=281700, strand=-, frame=1, truncated=no, start-type=GTG, RBS-motif=None
13:31:32.270 - INFO - CDS - contig=contig_116, start=281952, stop=282668, strand=-, frame=2, truncated=no, start-type=ATG, RBS-motif=GGA/GAG/AGG
13:31:32.270 - INFO - CDS - contig=contig_116, start=282668, stop=283009, strand=-, frame=3, truncated=no, start-type=ATG, RBS-motif=GGAGG
13:31:32.270 - INFO - CDS - contig=contig_116, start=283405, stop=284790, strand=-, frame=1, truncated=no, start-type=ATG, RBS-motif=AGGAGG
13:31:32.270 - INFO - CDS - contig=contig_116, start=284938, stop=285969, strand=-, frame=1, truncated=no, start-type=ATG, RBS-motif=AGGAGG
13:31:32.270 - INFO - CDS - contig=contig_116, start=286290, stop=287906, strand=-, frame=2, truncated=no, start-type=ATG, RBS-motif=AGGA
13:31:32.270 - INFO - CDS - contig=contig_116, start=287980, stop=288192, strand=-, frame=1, truncated=no, start-type=ATG, RBS-motif=AGGAGG
13:31:32.270 - INFO - CDS - contig=contig_116, start=288326, stop=288526, strand=-, frame=3, truncated=no, start-type=ATG, RBS-motif=GGAG/GAGG
13:31:32.270 - INFO - CDS - contig=contig_116, start=288721, stop=289143, strand=-, frame=1, truncated=no, start-type=ATG, RBS-motif=GGAGG
13:31:32.270 - INFO - CDS - contig=contig_116, start=289620, stop=290858, strand=-, frame=2, truncated=no, start-type=ATG, RBS-motif=GGAGG
13:31:32.270 - INFO - CDS - contig=contig_116, start=290953, stop=291603, strand=-, frame=1, truncated=no, start-type=ATG, RBS-motif=GGAGG
13:31:32.270 - INFO - CDS - contig=contig_116, start=291777, stop=292136, strand=+, frame=3, truncated=no, start-type=ATG, RBS-motif=GGA/GAG/AGG
13:31:32.270 - INFO - CDS - contig=contig_116, start=292339, stop=293685, strand=-, frame=1, truncated=no, start-type=ATG, RBS-motif=None
13:31:32.270 - INFO - CDS - contig=contig_116, start=294055, stop=294258, strand=+, frame=1, truncated=no, start-type=ATG, RBS-motif=AGGAGG
13:31:32.270 - INFO - CDS - contig=contig_116, start=294274, stop=294639, strand=-, frame=1, truncated=no, start-type=GTG, RBS-motif=GGAGG
13:31:32.270 - INFO - CDS - contig=contig_116, start=294636, stop=294800, strand=-, frame=2, truncated=no, start-type=ATG, RBS-motif=AGGAGG
13:31:32.270 - INFO - CDS - contig=contig_116, start=294811, stop=295410, strand=-, frame=1, truncated=no, start-type=ATG, RBS-motif=AGGAG
13:31:32.270 - INFO - CDS - contig=contig_116, start=295573, stop=295893, strand=-, frame=1, truncated=no, start-type=ATG, RBS-motif=AGGAGG
13:31:32.270 - INFO - CDS - contig=contig_116, start=296048, stop=296224, strand=-, frame=3, truncated=no, start-type=ATG, RBS-motif=AGGAGG
13:31:32.270 - INFO - CDS - contig=contig_116, start=296221, stop=297000, strand=-, frame=1, truncated=no, start-type=ATG, RBS-motif=AGGAGG
13:31:32.270 - INFO - CDS - contig=contig_116, start=297003, stop=297257, strand=-, frame=2, truncated=no, start-type=ATG, RBS-motif=AGGAGG
13:31:32.270 - INFO - CDS - contig=contig_116, start=297272, stop=298966, strand=-, frame=3, truncated=no, start-type=ATG, RBS-motif=GGAGG
13:31:32.271 - INFO - CDS - contig=contig_116, start=298947, stop=301310, strand=-, frame=2, truncated=no, start-type=TTG, RBS-motif=AGGAGG
13:31:32.271 - INFO - CDS - contig=contig_116, start=301264, stop=301668, strand=-, frame=1, truncated=no, start-type=GTG, RBS-motif=GGA/GAG/AGG
13:31:32.271 - INFO - CDS - contig=contig_116, start=301722, stop=301949, strand=-, frame=2, truncated=no, start-type=GTG, RBS-motif=None
13:31:32.271 - INFO - CDS - contig=contig_116, start=301946, stop=302458, strand=-, frame=3, truncated=no, start-type=ATG, RBS-motif=GGA/GAG/AGG
13:31:32.271 - INFO - CDS - contig=contig_116, start=302780, stop=303253, strand=-, frame=3, truncated=no, start-type=ATG, RBS-motif=None
13:31:32.271 - INFO - CDS - contig=contig_116, start=303359, stop=304225, strand=-, frame=3, truncated=no, start-type=ATG, RBS-motif=GGAG/GAGG
13:31:32.271 - INFO - CDS - contig=contig_116, start=304237, stop=304449, strand=-, frame=1, truncated=no, start-type=ATG, RBS-motif=GGAGG
13:31:32.271 - INFO - CDS - contig=contig_116, start=304545, stop=306398, strand=-, frame=2, truncated=no, start-type=ATG, RBS-motif=AGGAGG
13:31:32.271 - INFO - CDS - contig=contig_116, start=306385, stop=306861, strand=-, frame=1, truncated=no, start-type=TTG, RBS-motif=AGxAGG/AGGxGG
13:31:32.271 - INFO - CDS - contig=contig_116, start=306922, stop=307635, strand=-, frame=1, truncated=no, start-type=ATG, RBS-motif=GGxGG
13:31:32.271 - INFO - CDS - contig=contig_116, start=307637, stop=307978, strand=-, frame=3, truncated=no, start-type=ATG, RBS-motif=GGAGG
13:31:32.271 - INFO - CDS - contig=contig_116, start=308047, stop=309528, strand=-, frame=1, truncated=no, start-type=ATG, RBS-motif=AGGAGG
13:31:32.271 - INFO - CDS - contig=contig_116, start=309771, stop=310793, strand=+, frame=3, truncated=no, start-type=ATG, RBS-motif=AGGAGG
13:31:32.271 - INFO - CDS - contig=contig_116, start=310886, stop=311929, strand=+, frame=2, truncated=no, start-type=ATG, RBS-motif=GGAG/GAGG
13:31:32.271 - INFO - CDS - contig=contig_116, start=312372, stop=312788, strand=+, frame=3, truncated=no, start-type=ATG, RBS-motif=GGxGG
13:31:32.271 - INFO - CDS - contig=contig_116, start=312788, stop=313792, strand=+, frame=2, truncated=no, start-type=ATG, RBS-motif=AGGAG(G)/GGAGG
13:31:32.271 - INFO - CDS - contig=contig_116, start=313761, stop=314300, strand=+, frame=3, truncated=no, start-type=ATG, RBS-motif=GGAG/GAGG
13:31:32.271 - INFO - CDS - contig=contig_116, start=314408, stop=316801, strand=+, frame=2, truncated=no, start-type=ATG, RBS-motif=GGA/GAG/AGG
13:31:32.271 - INFO - CDS - contig=contig_116, start=316844, stop=318271, strand=+, frame=2, truncated=no, start-type=ATG, RBS-motif=GGxGG
13:31:32.271 - INFO - CDS - contig=contig_116, start=318386, stop=319396, strand=+, frame=2, truncated=no, start-type=ATG, RBS-motif=GGAGG
13:31:32.271 - INFO - CDS - contig=contig_116, start=319439, stop=320641, strand=+, frame=2, truncated=no, start-type=ATG, RBS-motif=AGGAGG
13:31:32.271 - INFO - CDS - contig=contig_116, start=320770, stop=321888, strand=+, frame=1, truncated=no, start-type=ATG, RBS-motif=AGxAGG/AGGxGG
13:31:32.271 - INFO - CDS - contig=contig_116, start=321970, stop=323232, strand=+, frame=1, truncated=no, start-type=ATG, RBS-motif=GGAGG
13:31:32.271 - INFO - CDS - contig=contig_116, start=323327, stop=324232, strand=+, frame=2, truncated=no, start-type=ATG, RBS-motif=AGGA
13:31:32.271 - INFO - CDS - contig=contig_116, start=324246, stop=324971, strand=+, frame=3, truncated=no, start-type=ATG, RBS-motif=GGA/GAG/AGG
13:31:32.271 - INFO - CDS - contig=contig_116, start=324972, stop=325358, strand=+, frame=3, truncated=no, start-type=GTG, RBS-motif=AGxAGG/AGGxGG
13:31:32.271 - INFO - CDS - contig=contig_116, start=325410, stop=326513, strand=+, frame=3, truncated=no, start-type=ATG, RBS-motif=AGGAGG
13:31:32.271 - INFO - CDS - contig=contig_116, start=326576, stop=327073, strand=-, frame=3, truncated=no, start-type=ATG, RBS-motif=GGxGG
13:31:32.271 - INFO - CDS - contig=contig_116, start=327078, stop=327470, strand=-, frame=2, truncated=no, start-type=TTG, RBS-motif=GGAGG
13:31:32.272 - INFO - CDS - contig=contig_116, start=327473, stop=328483, strand=-, frame=3, truncated=no, start-type=TTG, RBS-motif=AGxAGG/AGGxGG
13:31:32.272 - INFO - CDS - contig=contig_116, start=328690, stop=329457, strand=+, frame=1, truncated=no, start-type=ATG, RBS-motif=GGAGG
13:31:32.272 - INFO - CDS - contig=contig_116, start=329530, stop=331197, strand=+, frame=1, truncated=no, start-type=ATG, RBS-motif=AGGA
13:31:32.272 - INFO - CDS - contig=contig_116, start=331254, stop=331721, strand=-, frame=2, truncated=no, start-type=ATG, RBS-motif=AGGAG
13:31:32.272 - INFO - CDS - contig=contig_116, start=331742, stop=332896, strand=-, frame=3, truncated=no, start-type=ATG, RBS-motif=GGAG/GAGG
13:31:32.272 - INFO - CDS - contig=contig_116, start=332893, stop=334014, strand=-, frame=1, truncated=no, start-type=TTG, RBS-motif=AGGAGG
13:31:32.272 - INFO - CDS - contig=contig_116, start=334053, stop=335897, strand=-, frame=2, truncated=no, start-type=TTG, RBS-motif=AGGA/GGAG/GAGG
13:31:32.272 - INFO - CDS - contig=contig_116, start=335934, stop=336491, strand=-, frame=2, truncated=no, start-type=ATG, RBS-motif=AGGA
13:31:32.272 - INFO - CDS - contig=contig_116, start=336485, stop=337864, strand=-, frame=3, truncated=no, start-type=ATG, RBS-motif=AGGAG
13:31:32.272 - INFO - CDS - contig=contig_116, start=337921, stop=339264, strand=-, frame=1, truncated=no, start-type=ATG, RBS-motif=GGAGG
13:31:32.272 - INFO - CDS - contig=contig_116, start=339327, stop=339776, strand=-, frame=2, truncated=no, start-type=ATG, RBS-motif=AGGAG
13:31:32.272 - INFO - CDS - contig=contig_116, start=339841, stop=341835, strand=-, frame=1, truncated=no, start-type=ATG, RBS-motif=GGAGG
13:31:32.272 - INFO - CDS - contig=contig_116, start=342058, stop=342996, strand=-, frame=1, truncated=no, start-type=ATG, RBS-motif=AGGAG
13:31:32.272 - INFO - CDS - contig=contig_116, start=343001, stop=343450, strand=-, frame=3, truncated=no, start-type=ATG, RBS-motif=AGGAG
13:31:32.272 - INFO - CDS - contig=contig_116, start=343657, stop=344793, strand=+, frame=1, truncated=no, start-type=GTG, RBS-motif=AGGAGG
13:31:32.272 - INFO - CDS - contig=contig_116, start=344790, stop=345911, strand=+, frame=3, truncated=no, start-type=ATG, RBS-motif=GGAG/GAGG
13:31:32.272 - INFO - CDS - contig=contig_116, start=345908, stop=346867, strand=+, frame=2, truncated=no, start-type=TTG, RBS-motif=GGxGG
13:31:32.272 - INFO - CDS - contig=contig_116, start=347082, stop=347366, strand=+, frame=3, truncated=no, start-type=ATG, RBS-motif=AGGAGG
13:31:32.272 - INFO - CDS - contig=contig_116, start=347457, stop=349082, strand=+, frame=3, truncated=no, start-type=ATG, RBS-motif=GGAGG
13:31:32.272 - INFO - CDS - contig=contig_116, start=349366, stop=350763, strand=-, frame=1, truncated=no, start-type=ATG, RBS-motif=AGGA
13:31:32.272 - INFO - CDS - contig=contig_116, start=351237, stop=352043, strand=+, frame=3, truncated=no, start-type=ATG, RBS-motif=GGAGG
13:31:32.272 - INFO - CDS - contig=contig_116, start=352127, stop=353443, strand=+, frame=2, truncated=no, start-type=ATG, RBS-motif=AGGAGG
13:31:32.272 - INFO - CDS - contig=contig_116, start=353527, stop=354762, strand=+, frame=1, truncated=no, start-type=ATG, RBS-motif=GGAGG
13:31:32.272 - INFO - CDS - contig=contig_116, start=354877, stop=356022, strand=+, frame=1, truncated=no, start-type=ATG, RBS-motif=AGGA
13:31:32.272 - INFO - CDS - contig=contig_116, start=356037, stop=356837, strand=+, frame=3, truncated=no, start-type=ATG, RBS-motif=GGAGG
13:31:32.272 - INFO - CDS - contig=contig_116, start=356850, stop=357998, strand=+, frame=3, truncated=no, start-type=ATG, RBS-motif=AGxAGG/AGGxGG
13:31:32.272 - INFO - CDS - contig=contig_116, start=358349, stop=359572, strand=+, frame=2, truncated=no, start-type=ATG, RBS-motif=GGA/GAG/AGG
13:31:32.273 - INFO - CDS - contig=contig_116, start=359574, stop=360302, strand=+, frame=3, truncated=no, start-type=GTG, RBS-motif=GGAG/GAGG
13:31:32.273 - INFO - CDS - contig=contig_116, start=360299, stop=361204, strand=+, frame=2, truncated=no, start-type=ATG, RBS-motif=AGGAG
13:31:32.273 - INFO - CDS - contig=contig_116, start=361275, stop=362267, strand=+, frame=3, truncated=no, start-type=ATG, RBS-motif=AGxAGG/AGGxGG
13:31:32.273 - INFO - CDS - contig=contig_116, start=362313, stop=362573, strand=+, frame=3, truncated=no, start-type=TTG, RBS-motif=GGxGG
13:31:32.273 - INFO - CDS - contig=contig_116, start=362592, stop=363056, strand=+, frame=3, truncated=no, start-type=GTG, RBS-motif=AGGAGG
13:31:32.273 - INFO - CDS - contig=contig_116, start=363053, stop=363370, strand=+, frame=2, truncated=no, start-type=GTG, RBS-motif=GGAG/GAGG
13:31:32.273 - INFO - CDS - contig=contig_116, start=363360, stop=363797, strand=+, frame=3, truncated=no, start-type=ATG, RBS-motif=GGAGG
13:31:32.273 - INFO - CDS - contig=contig_116, start=363794, stop=364855, strand=+, frame=2, truncated=no, start-type=ATG, RBS-motif=GGAGG
13:31:32.273 - INFO - CDS - contig=contig_116, start=364857, stop=365267, strand=+, frame=3, truncated=no, start-type=ATG, RBS-motif=AGGAGG
13:31:32.273 - INFO - CDS - contig=contig_116, start=365414, stop=366754, strand=-, frame=3, truncated=no, start-type=ATG, RBS-motif=GGAG/GAGG
13:31:32.273 - INFO - CDS - contig=contig_116, start=366765, stop=367619, strand=-, frame=2, truncated=no, start-type=ATG, RBS-motif=GGAGG
13:31:32.273 - INFO - CDS - contig=contig_116, start=367677, stop=368453, strand=-, frame=2, truncated=no, start-type=ATG, RBS-motif=GGA/GAG/AGG
13:31:32.273 - INFO - CDS - contig=contig_116, start=368455, stop=369714, strand=-, frame=1, truncated=no, start-type=ATG, RBS-motif=AGGAGG
13:31:32.273 - INFO - CDS - contig=contig_116, start=369908, stop=370330, strand=-, frame=3, truncated=no, start-type=ATG, RBS-motif=GGA/GAG/AGG
13:31:32.273 - INFO - CDS - contig=contig_116, start=370450, stop=371595, strand=-, frame=1, truncated=no, start-type=ATG, RBS-motif=AGGA
13:31:32.273 - INFO - CDS - contig=contig_116, start=372022, stop=372825, strand=+, frame=1, truncated=no, start-type=ATG, RBS-motif=AGGAG/GGAGG
13:31:32.273 - INFO - CDS - contig=contig_116, start=372841, stop=373842, strand=+, frame=1, truncated=no, start-type=TTG, RBS-motif=GGAG/GAGG
13:31:32.273 - INFO - CDS - contig=contig_116, start=373933, stop=375360, strand=-, frame=1, truncated=no, start-type=ATG, RBS-motif=GGAGG
13:31:32.273 - INFO - CDS - contig=contig_116, start=375667, stop=376809, strand=+, frame=1, truncated=no, start-type=ATG, RBS-motif=AGGAGG
13:31:32.273 - INFO - CDS - contig=contig_116, start=376860, stop=377741, strand=+, frame=3, truncated=no, start-type=ATG, RBS-motif=AGGA
13:31:32.273 - INFO - CDS - contig=contig_116, start=378005, stop=378784, strand=+, frame=2, truncated=no, start-type=ATG, RBS-motif=GGAGG
13:31:32.273 - INFO - CDS - contig=contig_116, start=378824, stop=380383, strand=+, frame=2, truncated=no, start-type=ATG, RBS-motif=AGGA
13:31:32.273 - INFO - CDS - contig=contig_116, start=30, stop=1025, strand=-, nt=[ATGGCTGACC..TCTTTTGTGA]
13:31:32.273 - INFO - CDS - contig=contig_116, start=1415, stop=1654, strand=-, nt=[ATGAAAATTA..TGTGCGGTGA]
13:31:32.273 - INFO - CDS - contig=contig_116, start=1832, stop=4594, strand=+, nt=[ATGGGTATTT..AGATTTGTAA]
13:31:32.273 - INFO - CDS - contig=contig_116, start=4662, stop=5471, strand=+, nt=[ATGGAGCTTA..CCTGCTGTGA]
13:31:32.273 - INFO - CDS - contig=contig_116, start=5482, stop=7017, strand=+, nt=[ATGAAGCGCG..ACAGTTCTGA]
13:31:32.273 - INFO - CDS - contig=contig_116, start=7100, stop=7789, strand=+, nt=[ATGGAAGCTA..GGTGGAGTGA]
13:31:32.273 - INFO - CDS - contig=contig_116, start=8623, stop=8823, strand=+, nt=[ATGCCAGAGA..AGCATTTTGA]
13:31:32.273 - INFO - CDS - contig=contig_116, start=8780, stop=8986, strand=+, nt=[TTGCAGAGCC..GGCACCGTGA]
13:31:32.273 - INFO - CDS - contig=contig_116, start=9460, stop=9699, strand=+, nt=[ATGGTCACGA..CGGAATTTAG]
13:31:32.273 - INFO - CDS - contig=contig_116, start=9958, stop=10722, strand=-, nt=[ATGAAGAAAA..CCAGCAGTAA]
13:31:32.273 - INFO - CDS - contig=contig_116, start=11477, stop=12064, strand=+, nt=[ATGGATCAAA..GCGGCAGTGA]
13:31:32.273 - INFO - CDS - contig=contig_116, start=12072, stop=12656, strand=-, nt=[ATGAGCAATT..GAAGCTGTAA]
13:31:32.274 - INFO - CDS - contig=contig_116, start=12717, stop=13898, strand=-, nt=[ATGGAACAGA..CGGAGCGTAG]
13:31:32.274 - INFO - CDS - contig=contig_116, start=14246, stop=14806, strand=-, nt=[ATGTACCTGG..CCTGCTGTAA]
13:31:32.274 - INFO - CDS - contig=contig_116, start=14833, stop=15318, strand=-, nt=[ATGAAGGCAA..TCGGGCCTGA]
13:31:32.274 - INFO - CDS - contig=contig_116, start=15331, stop=16239, strand=-, nt=[ATGAGCTACG..CGCAATCTGA]
13:31:32.274 - INFO - CDS - contig=contig_116, start=16431, stop=17225, strand=+, nt=[ATGGCGGAGC..GGAGAAATAG]
13:31:32.274 - INFO - CDS - contig=contig_116, start=17456, stop=18010, strand=+, nt=[ATGAATCCGA..TCCGCGTTGA]
13:31:32.274 - INFO - CDS - contig=contig_116, start=18073, stop=18639, strand=+, nt=[ATGAAAAAGA..CGCCGCATAA]
13:31:32.274 - INFO - CDS - contig=contig_116, start=18710, stop=19381, strand=+, nt=[ATGAAGAAGA..CGACGCCTGA]
13:31:32.274 - INFO - CDS - contig=contig_116, start=19538, stop=20203, strand=+, nt=[ATGAAGAAAA..TAACACTTGA]
13:31:32.274 - INFO - CDS - contig=contig_116, start=20221, stop=23796, strand=+, nt=[ATGAAACTGA..AAAGGGCTGA]
13:31:32.274 - INFO - CDS - contig=contig_116, start=23814, stop=24386, strand=+, nt=[ATGAGAGGAA..CGCGAATTAA]
13:31:32.274 - INFO - CDS - contig=contig_116, start=24400, stop=25350, strand=+, nt=[ATGAAACGGA..AACGAACTAA]
13:31:32.274 - INFO - CDS - contig=contig_116, start=25444, stop=25998, strand=+, nt=[ATGCCAAGGA..CAGGATTTGA]
13:31:32.274 - INFO - CDS - contig=contig_116, start=26569, stop=27690, strand=+, nt=[ATGCTGCAAT..CACAAAATAA]
13:31:32.274 - INFO - CDS - contig=contig_116, start=27753, stop=28253, strand=+, nt=[ATGAAAAGAC..CTGGTTCTAA]
13:31:32.274 - INFO - CDS - contig=contig_116, start=28389, stop=32444, strand=+, nt=[ATGAAGCAAA..CGCCGCCTGA]
13:31:32.274 - INFO - CDS - contig=contig_116, start=32611, stop=33858, strand=-, nt=[ATGACTCTTT..GGTGCGCTGA]
13:31:32.274 - INFO - CDS - contig=contig_116, start=33928, stop=34749, strand=-, nt=[ATGGAGTCAC..GGCTCAATAA]
13:31:32.274 - INFO - CDS - contig=contig_116, start=34853, stop=35488, strand=+, nt=[ATGAAAGAAA..CACCATCTGA]
13:31:32.274 - INFO - CDS - contig=contig_116, start=35506, stop=36699, strand=+, nt=[ATGAACTACA..GGACAAATAA]
13:31:32.274 - INFO - CDS - contig=contig_116, start=36842, stop=37615, strand=+, nt=[ATGAATAGAA..CCAGGAATGA]
13:31:32.274 - INFO - CDS - contig=contig_116, start=37682, stop=39196, strand=+, nt=[ATGAGTAAAA..CGTCTCTTAA]
13:31:32.274 - INFO - CDS - contig=contig_116, start=39327, stop=40631, strand=+, nt=[ATGAAGCAGA..GAAGAAGTAA]
13:31:32.274 - INFO - CDS - contig=contig_116, start=40691, stop=42607, strand=-, nt=[ATGCGGGACG..CCAGCTGTGA]
13:31:32.274 - INFO - CDS - contig=contig_116, start=42921, stop=45545, strand=-, nt=[ATGTCAGAAG..AGTAAACTGA]
13:31:32.274 - INFO - CDS - contig=contig_116, start=46148, stop=46924, strand=-, nt=[ATGCCGCAGG..GGCCACATAG]
13:31:32.274 - INFO - CDS - contig=contig_116, start=47236, stop=48198, strand=+, nt=[ATGATTATGA..GCCCCAGTAA]
13:31:32.274 - INFO - CDS - contig=contig_116, start=48260, stop=48547, strand=+, nt=[ATGGTCAACG..CGCGAAATAA]
13:31:32.274 - INFO - CDS - contig=contig_116, start=48563, stop=49726, strand=+, nt=[ATGAAGTTTT..TTACGTGTAA]
13:31:32.274 - INFO - CDS - contig=contig_116, start=49745, stop=50617, strand=+, nt=[ATGAGATTCG..CGTCCGATAA]
13:31:32.274 - INFO - CDS - contig=contig_116, start=50639, stop=51529, strand=+, nt=[ATGAAAGCAC..CATTCTGTAA]
13:31:32.274 - INFO - CDS - contig=contig_116, start=52119, stop=52979, strand=-, nt=[ATGAAAAAAA..TTTTGAATAA]
13:31:32.274 - INFO - CDS - contig=contig_116, start=52994, stop=54160, strand=-, nt=[ATGGCAAACA..CGGCTTCTGA]
13:31:32.274 - INFO - CDS - contig=contig_116, start=54265, stop=55155, strand=-, nt=[ATGGCGGTAA..GCAGGAATGA]
13:31:32.274 - INFO - CDS - contig=contig_116, start=55213, stop=56001, strand=-, nt=[TTGAAGCCTA..CTGCGTATGA]
13:31:32.274 - INFO - CDS - contig=contig_116, start=56177, stop=58135, strand=+, nt=[ATGGTACGTA..TGAAAAATAG]
13:31:32.274 - INFO - CDS - contig=contig_116, start=58420, stop=60114, strand=+, nt=[ATGAACGACA..TGATAAATAA]
13:31:32.274 - INFO - CDS - contig=contig_116, start=60165, stop=61508, strand=+, nt=[ATGCAAATCG..TTTGTACTGA]
13:31:32.274 - INFO - CDS - contig=contig_116, start=61542, stop=62096, strand=+, nt=[ATGCCGCACC..GGAAAGATGA]
13:31:32.274 - INFO - CDS - contig=contig_116, start=62093, stop=62491, strand=+, nt=[ATGAACTTCA..CCTGACTTAA]
13:31:32.274 - INFO - CDS - contig=contig_116, start=63194, stop=64351, strand=-, nt=[ATGACACCTG..GGAAGGCTGA]
13:31:32.274 - INFO - CDS - contig=contig_116, start=64415, stop=65398, strand=-, nt=[ATGCGGAAGG..CTATGTGTGA]
13:31:32.274 - INFO - CDS - contig=contig_116, start=65533, stop=66072, strand=+, nt=[ATGAGAAATC..GCGGGCATAA]
13:31:32.274 - INFO - CDS - contig=contig_116, start=66151, stop=66432, strand=+, nt=[ATGCCCTATG..GCTGCACTGA]
13:31:32.274 - INFO - CDS - contig=contig_116, start=66927, stop=67202, strand=+, nt=[ATGAAAATGA..CACCGACTGA]
13:31:32.274 - INFO - CDS - contig=contig_116, start=67238, stop=67702, strand=+, nt=[TTGAAGGAGG..CAGAAAATAA]
13:31:32.274 - INFO - CDS - contig=contig_116, start=67760, stop=69202, strand=-, nt=[ATGGACATGA..GCGGGTGTGA]
13:31:32.274 - INFO - CDS - contig=contig_116, start=69385, stop=70593, strand=-, nt=[ATGACGCCGA..AAAGCGCTGA]
13:31:32.274 - INFO - CDS - contig=contig_116, start=70590, stop=71972, strand=-, nt=[ATGTCCGCCC..GGCCCGATGA]
13:31:32.275 - INFO - CDS - contig=contig_116, start=72003, stop=73427, strand=-, nt=[GTGCTCTTTT..TCATTTTTAA]
13:31:32.275 - INFO - CDS - contig=contig_116, start=73690, stop=74760, strand=-, nt=[ATGGCCCAGA..GCTCACCTGA]
13:31:32.275 - INFO - CDS - contig=contig_116, start=74760, stop=75134, strand=-, nt=[ATGTTTCGAT..AAAGAAGTAA]
13:31:32.275 - INFO - CDS - contig=contig_116, start=75218, stop=76528, strand=-, nt=[ATGAAGATAG..GCCGGTCTGA]
13:31:32.275 - INFO - CDS - contig=contig_116, start=76651, stop=77229, strand=+, nt=[ATGGCCAGCC..GCTGCAATAA]
13:31:32.275 - INFO - CDS - contig=contig_116, start=77245, stop=77514, strand=+, nt=[ATGAGAGCCA..TCGGATCTGA]
13:31:32.275 - INFO - CDS - contig=contig_116, start=77525, stop=78889, strand=+, nt=[ATGGCTATGT..GAAAAACTGA]
13:31:32.275 - INFO - CDS - contig=contig_116, start=79053, stop=80387, strand=+, nt=[ATGCTCAATC..GGACAGCTGA]
13:31:32.275 - INFO - CDS - contig=contig_116, start=80546, stop=80959, strand=+, nt=[ATGGTGAGAG..GTACTTCTAA]
13:31:32.275 - INFO - CDS - contig=contig_116, start=81020, stop=81604, strand=-, nt=[GTGGCAGATG..GGTCGGTTGA]
13:31:32.275 - INFO - CDS - contig=contig_116, start=81723, stop=83954, strand=-, nt=[ATGAAGCTGA..ATCTGTCTGA]
13:31:32.275 - INFO - CDS - contig=contig_116, start=83951, stop=85033, strand=-, nt=[ATGCTTCACA..CACGCCATGA]
13:31:32.275 - INFO - CDS - contig=contig_116, start=85079, stop=85858, strand=-, nt=[ATGCTGTTTC..CCGGGAGTAA]
13:31:32.275 - INFO - CDS - contig=contig_116, start=86002, stop=87672, strand=+, nt=[ATGAAAAAAT..GCGGAGGTAA]
13:31:32.275 - INFO - CDS - contig=contig_116, start=87810, stop=89723, strand=+, nt=[ATGGCAAAGA..GATGAACTGA]
13:31:32.275 - INFO - CDS - contig=contig_116, start=89915, stop=91288, strand=-, nt=[ATGAAAAAAT..CAGACGATAA]
13:31:32.275 - INFO - CDS - contig=contig_116, start=91358, stop=91762, strand=+, nt=[ATGGGGGAGC..GAACGAATGA]
13:31:32.275 - INFO - CDS - contig=contig_116, start=91759, stop=92445, strand=+, nt=[ATGAAGATCC..CGGCGGCTGA]
13:31:32.275 - INFO - CDS - contig=contig_116, start=92495, stop=93931, strand=+, nt=[ATGGAGACGG..GAGAGGATGA]
13:31:32.275 - INFO - CDS - contig=contig_116, start=93928, stop=94851, strand=+, nt=[ATGAGAAGAA..CCAGGATTGA]
13:31:32.275 - INFO - CDS - contig=contig_116, start=94989, stop=96272, strand=+, nt=[ATGTCAGACT..GGCGGTGTAA]
13:31:32.275 - INFO - CDS - contig=contig_116, start=96377, stop=98878, strand=+, nt=[ATGCTCATGA..GAAGGGCTGA]
13:31:32.275 - INFO - CDS - contig=contig_116, start=98964, stop=100574, strand=-, nt=[ATGGCAACCA..GGGCGAATGA]
13:31:32.275 - INFO - CDS - contig=contig_116, start=100828, stop=102309, strand=-, nt=[ATGAGAGTAG..TCACGGCTGA]
13:31:32.275 - INFO - CDS - contig=contig_116, start=102405, stop=103175, strand=+, nt=[ATGGAAGTCA..GGTGGCCTGA]
13:31:32.275 - INFO - CDS - contig=contig_116, start=103244, stop=103333, strand=-, nt=[ATGAGCATGA..TCAGCGGTGA]
13:31:32.275 - INFO - CDS - contig=contig_116, start=103330, stop=103572, strand=-, nt=[ATGGATAATG..AAGCCAATGA]
13:31:32.275 - INFO - CDS - contig=contig_116, start=103851, stop=104984, strand=-, nt=[ATGTTGAAAA..GGGACGGTGA]
13:31:32.275 - INFO - CDS - contig=contig_116, start=104997, stop=106400, strand=-, nt=[ATGGTCTTTT..CCGTTTTTAA]
13:31:32.275 - INFO - CDS - contig=contig_116, start=106527, stop=107198, strand=-, nt=[ATGAAGTACA..TACAAAGTAA]
13:31:32.275 - INFO - CDS - contig=contig_116, start=107293, stop=108552, strand=-, nt=[ATGACAAAAC..CCTCCCCTAG]
13:31:32.275 - INFO - CDS - contig=contig_116, start=108549, stop=110636, strand=-, nt=[ATGACAGGAG..GAAAAAATGA]
13:31:32.275 - INFO - CDS - contig=contig_116, start=110758, stop=110994, strand=-, nt=[GTGGATATCC..TTTGGTGTAA]
13:31:32.275 - INFO - CDS - contig=contig_116, start=111124, stop=112299, strand=-, nt=[ATGGATTATG..GCGGGGATAA]
13:31:32.275 - INFO - CDS - contig=contig_116, start=112412, stop=113026, strand=+, nt=[ATGGAAACCA..GGAAGCGTGA]
13:31:32.275 - INFO - CDS - contig=contig_116, start=113099, stop=114286, strand=-, nt=[ATGGGATTTT..CATCCAATAA]
13:31:32.275 - INFO - CDS - contig=contig_116, start=114364, stop=115227, strand=-, nt=[ATGGACAAGA..CGCGTATTGA]
13:31:32.275 - INFO - CDS - contig=contig_116, start=115399, stop=116079, strand=-, nt=[GTGGCTGATT..CACCCACTAA]
13:31:32.275 - INFO - CDS - contig=contig_116, start=116072, stop=117100, strand=-, nt=[ATGATCCAGC..GCGTGGCTGA]
13:31:32.275 - INFO - CDS - contig=contig_116, start=118119, stop=125789, strand=-, nt=[ATGAGCGTAA..AGATAAATAA]
13:31:32.275 - INFO - CDS - contig=contig_116, start=126178, stop=126492, strand=-, nt=[ATGGAATTTC..GGACGTATGA]
13:31:32.275 - INFO - CDS - contig=contig_116, start=126530, stop=128914, strand=-, nt=[ATGCTGGAGG..GCTGAAATAA]
13:31:32.275 - INFO - CDS - contig=contig_116, start=129578, stop=130066, strand=+, nt=[ATGGATCGCT..GCGATGTTGA]
13:31:32.275 - INFO - CDS - contig=contig_116, start=130346, stop=130798, strand=+, nt=[ATGTGGCTCT..GAGAAATTAA]
13:31:32.275 - INFO - CDS - contig=contig_116, start=130758, stop=131189, strand=+, nt=[GTGACCAAGC..GGCTATGTAA]
13:31:32.275 - INFO - CDS - contig=contig_116, start=131674, stop=132300, strand=-, nt=[ATGGCCTTTG..GGGGGATTGA]
13:31:32.276 - INFO - CDS - contig=contig_116, start=132597, stop=133919, strand=+, nt=[ATGAAGAAAA..CAACGGCTGA]
13:31:32.276 - INFO - CDS - contig=contig_116, start=134120, stop=134971, strand=+, nt=[ATGGAACACG..GCAGCAGTAA]
13:31:32.276 - INFO - CDS - contig=contig_116, start=134971, stop=135813, strand=+, nt=[ATGGCAAAAC..CAAGGGCTGA]
13:31:32.276 - INFO - CDS - contig=contig_116, start=135912, stop=136937, strand=+, nt=[ATGACCATTA..AGTGAAATGA]
13:31:32.276 - INFO - CDS - contig=contig_116, start=136952, stop=138043, strand=+, nt=[ATGGCGGGAA..AAGAATCTGA]
13:31:32.276 - INFO - CDS - contig=contig_116, start=138058, stop=138282, strand=+, nt=[ATGGAGCTGA..CCGCGTGTGA]
13:31:32.276 - INFO - CDS - contig=contig_116, start=138298, stop=139782, strand=+, nt=[ATGAGAAACA..CCGGCGGTGA]
13:31:32.276 - INFO - CDS - contig=contig_116, start=140009, stop=140314, strand=+, nt=[ATGCTGCTCA..GAACGGCTGA]
13:31:32.276 - INFO - CDS - contig=contig_116, start=140761, stop=140928, strand=+, nt=[ATGGCCGAAG..CAGCGAATAA]
13:31:32.276 - INFO - CDS - contig=contig_116, start=141094, stop=142113, strand=-, nt=[ATGGCGAAGA..TTCCAAGTAA]
13:31:32.276 - INFO - CDS - contig=contig_116, start=142209, stop=142766, strand=-, nt=[ATGAAGAGCG..CGTCTTTTAA]
13:31:32.276 - INFO - CDS - contig=contig_116, start=142783, stop=144492, strand=-, nt=[ATGCGGATGA..GCTGGACTGA]
13:31:32.276 - INFO - CDS - contig=contig_116, start=145066, stop=146421, strand=+, nt=[ATGTTGCATC..CAAAGCATGA]
13:31:32.276 - INFO - CDS - contig=contig_116, start=146418, stop=147479, strand=+, nt=[ATGAATGAAA..TGCGGCATGA]
13:31:32.276 - INFO - CDS - contig=contig_116, start=147476, stop=148030, strand=+, nt=[ATGAGCGAGG..GCTGAGTTAA]
13:31:32.276 - INFO - CDS - contig=contig_116, start=148044, stop=148691, strand=+, nt=[ATGAATTTGA..GGCCAAGTAA]
13:31:32.276 - INFO - CDS - contig=contig_116, start=148691, stop=149278, strand=+, nt=[ATGGGTGTGG..CTTCGGCTAA]
13:31:32.276 - INFO - CDS - contig=contig_116, start=149292, stop=150206, strand=+, nt=[ATGACAAAAG..GGAGGAGTAA]
13:31:32.276 - INFO - CDS - contig=contig_116, start=150284, stop=151123, strand=-, nt=[ATGAGTTTTA..CGCCTTTTAG]
13:31:32.276 - INFO - CDS - contig=contig_116, start=151221, stop=151973, strand=-, nt=[ATGTATCGGA..AGATTTTTAA]
13:31:32.276 - INFO - CDS - contig=contig_116, start=151973, stop=152470, strand=-, nt=[ATGAAGCAGC..GGACAGCTGA]
13:31:32.276 - INFO - CDS - contig=contig_116, start=152525, stop=152755, strand=-, nt=[ATGAAAGAGC..CACCGATTGA]
13:31:32.276 - INFO - CDS - contig=contig_116, start=152773, stop=153012, strand=-, nt=[ATGGTTAAAA..CGCCATCTAA]
13:31:32.276 - INFO - CDS - contig=contig_116, start=153082, stop=154449, strand=-, nt=[ATGGCTTTTG..CCCCTTCTGA]
13:31:32.276 - INFO - CDS - contig=contig_116, start=154454, stop=154822, strand=-, nt=[GTGAAAAACC..GCAGGAGTGA]
13:31:32.276 - INFO - CDS - contig=contig_116, start=154949, stop=156040, strand=-, nt=[ATGGATCTGC..TGCGGACTGA]
13:31:32.276 - INFO - CDS - contig=contig_116, start=156251, stop=156793, strand=+, nt=[ATGAAAGCGA..GGAGAGCTGA]
13:31:32.276 - INFO - CDS - contig=contig_116, start=157039, stop=157305, strand=+, nt=[GTGATCAAAG..GCTGCTGTAA]
13:31:32.276 - INFO - CDS - contig=contig_116, start=157376, stop=159253, strand=-, nt=[ATGAATACAA..TCCCCAGTAA]
13:31:32.276 - INFO - CDS - contig=contig_116, start=159270, stop=160502, strand=-, nt=[ATGAACTTCG..CTACGATTAA]
13:31:32.276 - INFO - CDS - contig=contig_116, start=160499, stop=161248, strand=-, nt=[TTGGAACACC..ACCCACATGA]
13:31:32.276 - INFO - CDS - contig=contig_116, start=161253, stop=162959, strand=-, nt=[ATGGCCGAAC..GGGAGGCTGA]
13:31:32.276 - INFO - CDS - contig=contig_116, start=163055, stop=163282, strand=-, nt=[ATGGACAGCG..ACTTAAGTGA]
13:31:32.276 - INFO - CDS - contig=contig_116, start=163433, stop=164146, strand=+, nt=[ATGAAAAGAC..GCCCCAATGA]
13:31:32.276 - INFO - CDS - contig=contig_116, start=164262, stop=164807, strand=-, nt=[GTGGGAGAGG..ATTTGAGTAA]
13:31:32.276 - INFO - CDS - contig=contig_116, start=164841, stop=165038, strand=-, nt=[ATGGAACGAG..GGCGCTGTAA]
13:31:32.276 - INFO - CDS - contig=contig_116, start=165119, stop=166333, strand=-, nt=[ATGGATTTTC..GGGTGTATAA]
13:31:32.276 - INFO - CDS - contig=contig_116, start=166519, stop=168654, strand=-, nt=[ATGCCCAATC..CGCCCAATAA]
13:31:32.276 - INFO - CDS - contig=contig_116, start=168880, stop=169656, strand=+, nt=[ATGGCGGAGA..CATGGGCTGA]
13:31:32.276 - INFO - CDS - contig=contig_116, start=169698, stop=171917, strand=+, nt=[ATGTCAAAAC..TCAATACTGA]
13:31:32.276 - INFO - CDS - contig=contig_116, start=171973, stop=172299, strand=-, nt=[TTGGAAATGG..GGACATTTAA]
13:31:32.276 - INFO - CDS - contig=contig_116, start=172468, stop=172713, strand=+, nt=[ATGGTAGAAA..TACGGGCTGA]
13:31:32.276 - INFO - CDS - contig=contig_116, start=173078, stop=174838, strand=+, nt=[ATGGCAGAAG..GATCAAATGA]
13:31:32.276 - INFO - CDS - contig=contig_116, start=175238, stop=176551, strand=-, nt=[TTGCGCGCTT..AGCTCACTGA]
13:31:32.276 - INFO - CDS - contig=contig_116, start=176808, stop=177875, strand=+, nt=[ATGCAGGAAT..GGTTTGCTGA]
13:31:32.276 - INFO - CDS - contig=contig_116, start=177921, stop=178949, strand=-, nt=[ATGGAGAAGA..ATTCAACTGA]
13:31:32.276 - INFO - CDS - contig=contig_116, start=178954, stop=180120, strand=-, nt=[ATGGCACACT..GGGAGGCTGA]
13:31:32.276 - INFO - CDS - contig=contig_116, start=180221, stop=180751, strand=-, nt=[ATGACCAATA..ATTTTGCTGA]
13:31:32.277 - INFO - CDS - contig=contig_116, start=180903, stop=181106, strand=-, nt=[ATGAGTAACA..CATGAAGTAA]
13:31:32.277 - INFO - CDS - contig=contig_116, start=181320, stop=181736, strand=-, nt=[ATGAAGTTAG..AAATCTCTGA]
13:31:32.277 - INFO - CDS - contig=contig_116, start=181938, stop=182756, strand=+, nt=[ATGGACCAGA..CGGGAAATAG]
13:31:32.277 - INFO - CDS - contig=contig_116, start=182883, stop=183329, strand=+, nt=[ATGGCTGAAA..TTCCCAGTGA]
13:31:32.277 - INFO - CDS - contig=contig_116, start=183411, stop=185159, strand=+, nt=[ATGTCCAATC..GCGGATGTGA]
13:31:32.277 - INFO - CDS - contig=contig_116, start=185472, stop=186752, strand=+, nt=[ATGAGTATGA..TATGGCTTGA]
13:31:32.277 - INFO - CDS - contig=contig_116, start=186952, stop=188160, strand=+, nt=[ATGAGAGAAA..AGACGGCTGA]
13:31:32.277 - INFO - CDS - contig=contig_116, start=188338, stop=188964, strand=+, nt=[GTGACGGTGG..GGCTTTATGA]
13:31:32.277 - INFO - CDS - contig=contig_116, start=188961, stop=189566, strand=+, nt=[ATGACCTATG..GCGTCTGTGA]
13:31:32.277 - INFO - CDS - contig=contig_116, start=189563, stop=190192, strand=+, nt=[GTGAGGGGCG..TCTGATTTGA]
13:31:32.277 - INFO - CDS - contig=contig_116, start=190209, stop=191042, strand=+, nt=[ATGGCCGGAA..GGAGAGATAG]
13:31:32.277 - INFO - CDS - contig=contig_116, start=191238, stop=191480, strand=-, nt=[GTGAAATCAA..TGCGCTGTAA]
13:31:32.277 - INFO - CDS - contig=contig_116, start=191679, stop=192257, strand=+, nt=[ATGGCAATGT..GAGGGAATAG]
13:31:32.277 - INFO - CDS - contig=contig_116, start=192260, stop=192781, strand=+, nt=[ATGGATCTTC..CTTCGGTTAG]
13:31:32.277 - INFO - CDS - contig=contig_116, start=192852, stop=193769, strand=+, nt=[ATGAACACTG..TCAAAAGTGA]
13:31:32.277 - INFO - CDS - contig=contig_116, start=193862, stop=194290, strand=-, nt=[ATGAAGATTT..CTCCGCCTGA]
13:31:32.277 - INFO - CDS - contig=contig_116, start=194597, stop=195613, strand=+, nt=[ATGGTCGTCA..CACGCTGTAA]
13:31:32.277 - INFO - CDS - contig=contig_116, start=195647, stop=196507, strand=+, nt=[GTGGAGAAAA..GCTGGGGTAA]
13:31:32.277 - INFO - CDS - contig=contig_116, start=196580, stop=197653, strand=-, nt=[GTGTCATCCA..GGGAGATTGA]
13:31:32.277 - INFO - CDS - contig=contig_116, start=197764, stop=198048, strand=-, nt=[ATGACCAGGC..GACACCCTAG]
13:31:32.277 - INFO - CDS - contig=contig_116, start=198170, stop=199213, strand=+, nt=[ATGAAAAAGA..AGACGCGTAA]
13:31:32.277 - INFO - CDS - contig=contig_116, start=199238, stop=199963, strand=+, nt=[GTGGGGCTGC..CGAAAGGTGA]
13:31:32.277 - INFO - CDS - contig=contig_116, start=199924, stop=200511, strand=+, nt=[ATGGGCCCTC..GGAAATGTAG]
13:31:32.277 - INFO - CDS - contig=contig_116, start=200587, stop=201903, strand=-, nt=[ATGCGCTATA..CAAAAAATAG]
13:31:32.277 - INFO - CDS - contig=contig_116, start=201923, stop=202831, strand=-, nt=[TTGAATACAA..CGCAAACTGA]
13:31:32.277 - INFO - CDS - contig=contig_116, start=202835, stop=203710, strand=-, nt=[ATGCCCAGCG..CGAGGTGTAG]
13:31:32.277 - INFO - CDS - contig=contig_116, start=203712, stop=204680, strand=-, nt=[ATGGCAATGA..GAGGGACTGA]
13:31:32.277 - INFO - CDS - contig=contig_116, start=204706, stop=205044, strand=-, nt=[ATGCCCAACA..GGACAAATAA]
13:31:32.277 - INFO - CDS - contig=contig_116, start=205138, stop=207528, strand=-, nt=[TTGCTGAATA..CCAACAGTAA]
13:31:32.277 - INFO - CDS - contig=contig_116, start=207637, stop=208098, strand=-, nt=[ATGGATAACA..CGGATCATGA]
13:31:32.277 - INFO - CDS - contig=contig_116, start=208091, stop=208366, strand=-, nt=[ATGCCGAAAA..AGATGGATAA]
13:31:32.277 - INFO - CDS - contig=contig_116, start=208440, stop=209585, strand=-, nt=[ATGCCGAAGA..CGAGGAATAA]
13:31:32.277 - INFO - CDS - contig=contig_116, start=209609, stop=210064, strand=-, nt=[ATGGCAAAGG..GCGCGTTTGA]
13:31:32.277 - INFO - CDS - contig=contig_116, start=210512, stop=211900, strand=+, nt=[ATGGAACGTG..GCTGCTGTAA]
13:31:32.277 - INFO - CDS - contig=contig_116, start=212282, stop=213661, strand=+, nt=[ATGATGGAAA..GTCAGCCTAA]
13:31:32.277 - INFO - CDS - contig=contig_116, start=213880, stop=214527, strand=+, nt=[ATGTCTGAAA..TATGGAATAA]
13:31:32.277 - INFO - CDS - contig=contig_116, start=214614, stop=216692, strand=-, nt=[ATGAGCTATT..GGACGCCTGA]
13:31:32.277 - INFO - CDS - contig=contig_116, start=216901, stop=217692, strand=-, nt=[ATGCCCAACT..ATCTCCCTAA]
13:31:32.277 - INFO - CDS - contig=contig_116, start=217717, stop=218307, strand=-, nt=[ATGACGGAGC..CAAAGACTGA]
13:31:32.277 - INFO - CDS - contig=contig_116, start=218365, stop=219351, strand=-, nt=[TTGAAGATCG..GCCGTCATAA]
13:31:32.277 - INFO - CDS - contig=contig_116, start=219554, stop=221890, strand=+, nt=[ATGGCGGCAA..AAAGCGGTGA]
13:31:32.277 - INFO - CDS - contig=contig_116, start=222109, stop=222765, strand=+, nt=[ATGAAGCGGG..CCCGCAATAG]
13:31:32.277 - INFO - CDS - contig=contig_116, start=223472, stop=223858, strand=+, nt=[ATGAAACAGC..AAGAAAATAA]
13:31:32.277 - INFO - CDS - contig=contig_116, start=224008, stop=225312, strand=-, nt=[ATGGATTGGA..CGAAGCCTGA]
13:31:32.277 - INFO - CDS - contig=contig_116, start=225383, stop=225670, strand=-, nt=[ATGGCTACAT..TCATTCCTGA]
13:31:32.277 - INFO - CDS - contig=contig_116, start=225860, stop=227311, strand=-, nt=[ATGGCACTGA..CAAGGAGTAA]
13:31:32.277 - INFO - CDS - contig=contig_116, start=227452, stop=228861, strand=-, nt=[GTGGTCTACA..CAAGGAGTAA]
13:31:32.277 - INFO - CDS - contig=contig_116, start=229194, stop=230654, strand=-, nt=[ATGGCAACCC..TGAAATGTGA]
13:31:32.277 - INFO - CDS - contig=contig_116, start=230706, stop=231902, strand=-, nt=[ATGGAATTGA..TCTGGCCTGA]
13:31:32.278 - INFO - CDS - contig=contig_116, start=232094, stop=232777, strand=+, nt=[ATGGCAAACG..GCAGGAATAA]
13:31:32.278 - INFO - CDS - contig=contig_116, start=232996, stop=234039, strand=+, nt=[ATGCCGAGCC..AAAAGGGTGA]
13:31:32.278 - INFO - CDS - contig=contig_116, start=234169, stop=235239, strand=+, nt=[ATGACCAGTA..GCTGCGGTAA]
13:31:32.278 - INFO - CDS - contig=contig_116, start=235373, stop=235894, strand=+, nt=[ATGCAAGCGT..CACCATGTAA]
13:31:32.278 - INFO - CDS - contig=contig_116, start=235911, stop=237254, strand=+, nt=[ATGGAACAAG..GGGCGGCTGA]
13:31:32.278 - INFO - CDS - contig=contig_116, start=237314, stop=238291, strand=+, nt=[ATGGAACTCA..CAAAAAATAA]
13:31:32.278 - INFO - CDS - contig=contig_116, start=238366, stop=239379, strand=+, nt=[ATGCAGGCAA..CTTTGACTGA]
13:31:32.278 - INFO - CDS - contig=contig_116, start=239393, stop=240154, strand=+, nt=[ATGACGAATT..CTCCAGATAA]
13:31:32.278 - INFO - CDS - contig=contig_116, start=240363, stop=240722, strand=+, nt=[ATGGACGTAA..GAAGGCTTAA]
13:31:32.278 - INFO - CDS - contig=contig_116, start=240738, stop=241580, strand=+, nt=[ATGGATATTC..CCTGCGGTGA]
13:31:32.278 - INFO - CDS - contig=contig_116, start=241660, stop=242460, strand=+, nt=[ATGATTACCG..ACAGCCCTAA]
13:31:32.278 - INFO - CDS - contig=contig_116, start=242474, stop=243433, strand=+, nt=[ATGGAAGCAA..GAACTGCTGA]
13:31:32.278 - INFO - CDS - contig=contig_116, start=243448, stop=244083, strand=+, nt=[ATGGAGATGG..GCGGGCATAA]
13:31:32.278 - INFO - CDS - contig=contig_116, start=244130, stop=244807, strand=-, nt=[ATGAATTACG..GCTTAAATAA]
13:31:32.278 - INFO - CDS - contig=contig_116, start=244996, stop=246807, strand=+, nt=[ATGAACAAGC..GCGGGAATAA]
13:31:32.278 - INFO - CDS - contig=contig_116, start=246882, stop=247790, strand=-, nt=[ATGAACACCG..TAAGCCCTGA]
13:31:32.278 - INFO - CDS - contig=contig_116, start=247818, stop=248501, strand=-, nt=[ATGGCGGACA..TGTGGTCTAA]
13:31:32.278 - INFO - CDS - contig=contig_116, start=248585, stop=250339, strand=+, nt=[ATGGGGAGAG..AGAGGAATGA]
13:31:32.278 - INFO - CDS - contig=contig_116, start=250567, stop=251046, strand=+, nt=[GTGGTTGTGA..GGAGGGCTGA]
13:31:32.278 - INFO - CDS - contig=contig_116, start=251051, stop=251407, strand=+, nt=[ATGCTGGAGA..CACTCAATGA]
13:31:32.278 - INFO - CDS - contig=contig_116, start=251404, stop=252465, strand=+, nt=[ATGAACATGA..CGCTCAGTGA]
13:31:32.278 - INFO - CDS - contig=contig_116, start=252537, stop=253577, strand=+, nt=[ATGAAAAAAC..CCGAACTTGA]
13:31:32.278 - INFO - CDS - contig=contig_116, start=253595, stop=254905, strand=+, nt=[ATGCCACGCT..AAAGCCGTGA]
13:31:32.278 - INFO - CDS - contig=contig_116, start=254902, stop=255873, strand=+, nt=[GTGAAACTGA..CGCGGCATGA]
13:31:32.278 - INFO - CDS - contig=contig_116, start=255870, stop=256409, strand=+, nt=[ATGAGAGAAT..TTGGGAATGA]
13:31:32.278 - INFO - CDS - contig=contig_116, start=256406, stop=256840, strand=+, nt=[ATGAAGGGAA..GTTATTTTAA]
13:31:32.278 - INFO - CDS - contig=contig_116, start=257325, stop=258947, strand=-, nt=[ATGGAAAATC..CGCCGCATAA]
13:31:32.278 - INFO - CDS - contig=contig_116, start=259023, stop=259235, strand=-, nt=[ATGCCAAAAG..TGTACCTTGA]
13:31:32.278 - INFO - CDS - contig=contig_116, start=259864, stop=260283, strand=-, nt=[ATGACTACGA..TTCTCTCTAA]
13:31:32.278 - INFO - CDS - contig=contig_116, start=261019, stop=261804, strand=-, nt=[ATGAAAACAT..TGAGTTGTAA]
13:31:32.278 - INFO - CDS - contig=contig_116, start=261817, stop=262611, strand=-, nt=[ATGGTCATTT..CCGCTCATGA]
13:31:32.278 - INFO - CDS - contig=contig_116, start=262626, stop=263513, strand=-, nt=[ATGAGTGAAC..CTATGAATAA]
13:31:32.278 - INFO - CDS - contig=contig_116, start=263510, stop=264127, strand=-, nt=[TTGGATAAAT..TTTGAAATGA]
13:31:32.278 - INFO - CDS - contig=contig_116, start=264380, stop=264739, strand=+, nt=[ATGCAATTTG..GGAAGCGTAA]
13:31:32.278 - INFO - CDS - contig=contig_116, start=264930, stop=266237, strand=-, nt=[GTGTCCTCCT..GACCCGATAG]
13:31:32.278 - INFO - CDS - contig=contig_116, start=266430, stop=266723, strand=-, nt=[ATGCGGATCA..CACAGGCTGA]
13:31:32.278 - INFO - CDS - contig=contig_116, start=266896, stop=267252, strand=+, nt=[ATGTTACGGC..GATTGAATAA]
13:31:32.278 - INFO - CDS - contig=contig_116, start=267526, stop=268746, strand=-, nt=[ATGAATACTT..CAGTGAGTAA]
13:31:32.278 - INFO - CDS - contig=contig_116, start=269287, stop=269634, strand=-, nt=[TTGACCAAGA..GACGCTCTGA]
13:31:32.278 - INFO - CDS - contig=contig_116, start=269631, stop=269795, strand=-, nt=[ATGGAACATA..GGATCGTTGA]
13:31:32.278 - INFO - CDS - contig=contig_116, start=269804, stop=270148, strand=-, nt=[GTGGAGAAAA..GGACAGATAG]
13:31:32.278 - INFO - CDS - contig=contig_116, start=270282, stop=270737, strand=-, nt=[ATGAGCCGGG..CCGGGGCTGA]
13:31:32.278 - INFO - CDS - contig=contig_116, start=270734, stop=271411, strand=-, nt=[ATGAGAAAGT..CGAGGAATGA]
13:31:32.278 - INFO - CDS - contig=contig_116, start=271408, stop=271656, strand=-, nt=[ATGGCAATTA..GGCAGAATGA]
13:31:32.278 - INFO - CDS - contig=contig_116, start=271672, stop=273321, strand=-, nt=[ATGGAAAACA..ATTACCGTAA]
13:31:32.278 - INFO - CDS - contig=contig_116, start=273302, stop=275665, strand=-, nt=[TTGAGCAGAA..GGCAGAGTAG]
13:31:32.278 - INFO - CDS - contig=contig_116, start=275619, stop=275999, strand=-, nt=[TTGCCGTATG..GGGCCGGTAA]
13:31:32.278 - INFO - CDS - contig=contig_116, start=275987, stop=276484, strand=-, nt=[ATGGGGATTG..CCGTATGTGA]
13:31:32.279 - INFO - CDS - contig=contig_116, start=276645, stop=276980, strand=-, nt=[ATGAATAATT..AACCGAATAA]
13:31:32.279 - INFO - CDS - contig=contig_116, start=276973, stop=277227, strand=-, nt=[ATGCCAAACA..ACATGAATAA]
13:31:32.279 - INFO - CDS - contig=contig_116, start=277299, stop=278189, strand=-, nt=[ATGCAAGACA..GGGAAAATAG]
13:31:32.279 - INFO - CDS - contig=contig_116, start=278207, stop=279073, strand=-, nt=[ATGGGTATTC..CGCCCATTGA]
13:31:32.279 - INFO - CDS - contig=contig_116, start=279086, stop=279298, strand=-, nt=[ATGGCTTTTT..CCTGTTTTAA]
13:31:32.279 - INFO - CDS - contig=contig_116, start=279495, stop=281333, strand=-, nt=[ATGGGGACAG..CTTTGTATAA]
13:31:32.279 - INFO - CDS - contig=contig_116, start=281320, stop=281700, strand=-, nt=[GTGGGCCGCC..GGACAGATAA]
13:31:32.279 - INFO - CDS - contig=contig_116, start=281952, stop=282668, strand=-, nt=[ATGTCAGCCC..GGACAGATAG]
13:31:32.279 - INFO - CDS - contig=contig_116, start=282668, stop=283009, strand=-, nt=[ATGAAAAGGC..CCACCGCTGA]
13:31:32.279 - INFO - CDS - contig=contig_116, start=283405, stop=284790, strand=-, nt=[ATGGCAGAAG..GGAGAAGTAA]
13:31:32.279 - INFO - CDS - contig=contig_116, start=284938, stop=285969, strand=-, nt=[ATGGCGGATA..AGTTTCATAA]
13:31:32.279 - INFO - CDS - contig=contig_116, start=286290, stop=287906, strand=-, nt=[ATGGAAAATC..TGCCGCATAA]
13:31:32.279 - INFO - CDS - contig=contig_116, start=287980, stop=288192, strand=-, nt=[ATGCCAAAGG..TGTACCTTGA]
13:31:32.279 - INFO - CDS - contig=contig_116, start=288326, stop=288526, strand=-, nt=[ATGGACTATG..CCCTTACTGA]
13:31:32.279 - INFO - CDS - contig=contig_116, start=288721, stop=289143, strand=-, nt=[ATGACAACGA..AAATTTCTAA]
13:31:32.279 - INFO - CDS - contig=contig_116, start=289620, stop=290858, strand=-, nt=[ATGCAGACAA..CAACAAATAG]
13:31:32.279 - INFO - CDS - contig=contig_116, start=290953, stop=291603, strand=-, nt=[ATGGCAAGAA..TACAGTTTAA]
13:31:32.279 - INFO - CDS - contig=contig_116, start=291777, stop=292136, strand=+, nt=[ATGAAGATTG..GGATGCGTAA]
13:31:32.279 - INFO - CDS - contig=contig_116, start=292339, stop=293685, strand=-, nt=[ATGGAGGAGC..GGAGCGTTAG]
13:31:32.279 - INFO - CDS - contig=contig_116, start=294055, stop=294258, strand=+, nt=[ATGTCAGGGA..GAAAAAATAA]
13:31:32.279 - INFO - CDS - contig=contig_116, start=294274, stop=294639, strand=-, nt=[GTGACAAAGA..GAGCAGGTGA]
13:31:32.279 - INFO - CDS - contig=contig_116, start=294636, stop=294800, strand=-, nt=[ATGGACAAGA..GGAGCGGTGA]
13:31:32.279 - INFO - CDS - contig=contig_116, start=294811, stop=295410, strand=-, nt=[ATGGACAAAA..CGACAGATAG]
13:31:32.279 - INFO - CDS - contig=contig_116, start=295573, stop=295893, strand=-, nt=[ATGAGTGAGC..TGACAATTAG]
13:31:32.279 - INFO - CDS - contig=contig_116, start=296048, stop=296224, strand=-, nt=[ATGAGGTTTA..CGGGAGGTGA]
13:31:32.279 - INFO - CDS - contig=contig_116, start=296221, stop=297000, strand=-, nt=[ATGAAACGCT..GGACAAATGA]
13:31:32.279 - INFO - CDS - contig=contig_116, start=297003, stop=297257, strand=-, nt=[ATGGCGGCAA..GGAAAATTGA]
13:31:32.279 - INFO - CDS - contig=contig_116, start=297272, stop=298966, strand=-, nt=[ATGAAACGAA..TTTACCCTGA]
13:31:32.279 - INFO - CDS - contig=contig_116, start=298947, stop=301310, strand=-, nt=[TTGAAAACAG..AACCGAATAA]
13:31:32.279 - INFO - CDS - contig=contig_116, start=301264, stop=301668, strand=-, nt=[GTGAGCAAAA..AGGCCGCTAA]
13:31:32.279 - INFO - CDS - contig=contig_116, start=301722, stop=301949, strand=-, nt=[GTGACGCCCT..GCTGCGCTGA]
13:31:32.279 - INFO - CDS - contig=contig_116, start=301946, stop=302458, strand=-, nt=[ATGATCTATA..GGAACAGTGA]
13:31:32.279 - INFO - CDS - contig=contig_116, start=302780, stop=303253, strand=-, nt=[ATGAGGATCG..GGGCCTGTGA]
13:31:32.279 - INFO - CDS - contig=contig_116, start=303359, stop=304225, strand=-, nt=[ATGGGATTTC..CGCACATTGA]
13:31:32.279 - INFO - CDS - contig=contig_116, start=304237, stop=304449, strand=-, nt=[ATGGAGTTCT..CCTGTTCTGA]
13:31:32.279 - INFO - CDS - contig=contig_116, start=304545, stop=306398, strand=-, nt=[ATGAGGACAG..CTATGAATAA]
13:31:32.279 - INFO - CDS - contig=contig_116, start=306385, stop=306861, strand=-, nt=[TTGGTTGACG..GGACAGATAG]
13:31:32.279 - INFO - CDS - contig=contig_116, start=306922, stop=307635, strand=-, nt=[ATGCCCGCGC..TGACCGATAG]
13:31:32.279 - INFO - CDS - contig=contig_116, start=307637, stop=307978, strand=-, nt=[ATGAAGCGTC..GCGGCGCTGA]
13:31:32.279 - INFO - CDS - contig=contig_116, start=308047, stop=309528, strand=-, nt=[ATGGCAGATG..GGAAAAGTAA]
13:31:32.279 - INFO - CDS - contig=contig_116, start=309771, stop=310793, strand=+, nt=[ATGCAATACG..CAATTTGTAA]
13:31:32.279 - INFO - CDS - contig=contig_116, start=310886, stop=311929, strand=+, nt=[ATGGATAAAA..TAAGGACTAA]
13:31:32.279 - INFO - CDS - contig=contig_116, start=312372, stop=312788, strand=+, nt=[ATGACCGGCA..GGGCTTCTGA]
13:31:32.279 - INFO - CDS - contig=contig_116, start=312788, stop=313792, strand=+, nt=[ATGAGTGAGC..AAACCTATGA]
13:31:32.279 - INFO - CDS - contig=contig_116, start=313761, stop=314300, strand=+, nt=[ATGGCCAGTG..ATATTTTTGA]
13:31:32.279 - INFO - CDS - contig=contig_116, start=314408, stop=316801, strand=+, nt=[ATGAAAGGCA..GGTGGATTGA]
13:31:32.280 - INFO - CDS - contig=contig_116, start=316844, stop=318271, strand=+, nt=[ATGCGGCTGA..TTTCTCCTGA]
13:31:32.280 - INFO - CDS - contig=contig_116, start=318386, stop=319396, strand=+, nt=[ATGACATCGA..TCTCGTTTAA]
13:31:32.280 - INFO - CDS - contig=contig_116, start=319439, stop=320641, strand=+, nt=[ATGCCAAAAC..GCAGGGCTGA]
13:31:32.280 - INFO - CDS - contig=contig_116, start=320770, stop=321888, strand=+, nt=[ATGAACGTTT..CCTGCTCTGA]
13:31:32.280 - INFO - CDS - contig=contig_116, start=321970, stop=323232, strand=+, nt=[ATGAGCGTTT..GGATTCTTAA]
13:31:32.280 - INFO - CDS - contig=contig_116, start=323327, stop=324232, strand=+, nt=[ATGGCGGCGA..GGCGGCCTAA]
13:31:32.280 - INFO - CDS - contig=contig_116, start=324246, stop=324971, strand=+, nt=[ATGTCGGTGG..GGTGGGCTGA]
13:31:32.280 - INFO - CDS - contig=contig_116, start=324972, stop=325358, strand=+, nt=[GTGCTGGAGC..CACAAAATGA]
13:31:32.280 - INFO - CDS - contig=contig_116, start=325410, stop=326513, strand=+, nt=[ATGCCGTTTG..CGAGCAGTAA]
13:31:32.280 - INFO - CDS - contig=contig_116, start=326576, stop=327073, strand=-, nt=[ATGAAGCAGA..GATCCCCTGA]
13:31:32.280 - INFO - CDS - contig=contig_116, start=327078, stop=327470, strand=-, nt=[TTGAAAAAAA..GGTGGGGTGA]
13:31:32.280 - INFO - CDS - contig=contig_116, start=327473, stop=328483, strand=-, nt=[TTGAAACGAC..GGAGGAATGA]
13:31:32.280 - INFO - CDS - contig=contig_116, start=328690, stop=329457, strand=+, nt=[ATGCGGATTG..CAGAATGTAA]
13:31:32.280 - INFO - CDS - contig=contig_116, start=329530, stop=331197, strand=+, nt=[ATGCAGACCG..ACTGTTTTAA]
13:31:32.280 - INFO - CDS - contig=contig_116, start=331254, stop=331721, strand=-, nt=[ATGTCCAATT..TACGCTGTAG]
13:31:32.280 - INFO - CDS - contig=contig_116, start=331742, stop=332896, strand=-, nt=[ATGAAACGAA..CTCAAATTGA]
13:31:32.280 - INFO - CDS - contig=contig_116, start=332893, stop=334014, strand=-, nt=[TTGAAAAAGC..GGAATTATGA]
13:31:32.280 - INFO - CDS - contig=contig_116, start=334053, stop=335897, strand=-, nt=[TTGAACAAAA..AGAGTCCTGA]
13:31:32.280 - INFO - CDS - contig=contig_116, start=335934, stop=336491, strand=-, nt=[ATGCTGAAAG..CTCCGACTGA]
13:31:32.280 - INFO - CDS - contig=contig_116, start=336485, stop=337864, strand=-, nt=[ATGCTGGAAG..GTTATGCTGA]
13:31:32.280 - INFO - CDS - contig=contig_116, start=337921, stop=339264, strand=-, nt=[ATGGACGAGC..CGAATACTGA]
13:31:32.280 - INFO - CDS - contig=contig_116, start=339327, stop=339776, strand=-, nt=[ATGAAAGTGA..GAGCAACTGA]
13:31:32.280 - INFO - CDS - contig=contig_116, start=339841, stop=341835, strand=-, nt=[ATGCACAAAA..AGACGAGTGA]
13:31:32.280 - INFO - CDS - contig=contig_116, start=342058, stop=342996, strand=-, nt=[ATGCTGAAAA..GGCTCCGTAA]
13:31:32.280 - INFO - CDS - contig=contig_116, start=343001, stop=343450, strand=-, nt=[ATGCCCTGGC..AAAGGAGTAA]
13:31:32.280 - INFO - CDS - contig=contig_116, start=343657, stop=344793, strand=+, nt=[GTGGAACAGT..GAGAAAATGA]
13:31:32.280 - INFO - CDS - contig=contig_116, start=344790, stop=345911, strand=+, nt=[ATGAGGAGAC..CCTCTTTTGA]
13:31:32.280 - INFO - CDS - contig=contig_116, start=345908, stop=346867, strand=+, nt=[TTGAGCGTGC..TAAAAAGTAA]
13:31:32.280 - INFO - CDS - contig=contig_116, start=347082, stop=347366, strand=+, nt=[ATGAAACTCA..GGTCGAGTAA]
13:31:32.280 - INFO - CDS - contig=contig_116, start=347457, stop=349082, strand=+, nt=[ATGTCCAAAC..CATGTATTAA]
13:31:32.280 - INFO - CDS - contig=contig_116, start=349366, stop=350763, strand=-, nt=[ATGGATGAAA..ATTGGAATAG]
13:31:32.280 - INFO - CDS - contig=contig_116, start=351237, stop=352043, strand=+, nt=[ATGAACGAAG..AAACAGGTAA]
13:31:32.280 - INFO - CDS - contig=contig_116, start=352127, stop=353443, strand=+, nt=[ATGACCGCAT..ATTGCCCTAA]
13:31:32.280 - INFO - CDS - contig=contig_116, start=353527, stop=354762, strand=+, nt=[ATGTTTCAGC..ATTCAAATAA]
13:31:32.280 - INFO - CDS - contig=contig_116, start=354877, stop=356022, strand=+, nt=[ATGGATTTTT..TGGGAAATAA]
13:31:32.280 - INFO - CDS - contig=contig_116, start=356037, stop=356837, strand=+, nt=[ATGAAAGCAA..TATCATTTAA]
13:31:32.280 - INFO - CDS - contig=contig_116, start=356850, stop=357998, strand=+, nt=[ATGAGTAAAT..ACTGGCATAA]
13:31:32.280 - INFO - CDS - contig=contig_116, start=358349, stop=359572, strand=+, nt=[ATGAAGCTGA..GCTGAGCTGA]
13:31:32.280 - INFO - CDS - contig=contig_116, start=359574, stop=360302, strand=+, nt=[GTGGGACGAA..ATCTGCATGA]
13:31:32.280 - INFO - CDS - contig=contig_116, start=360299, stop=361204, strand=+, nt=[ATGAAGAAGA..CGCCTATTGA]
13:31:32.280 - INFO - CDS - contig=contig_116, start=361275, stop=362267, strand=+, nt=[ATGCCCAAAC..GGGGGGCTGA]
13:31:32.280 - INFO - CDS - contig=contig_116, start=362313, stop=362573, strand=+, nt=[TTGGCGGGGG..CAGATCTTGA]
13:31:32.280 - INFO - CDS - contig=contig_116, start=362592, stop=363056, strand=+, nt=[GTGCGCAGGG..TGCGCTGTGA]
13:31:32.280 - INFO - CDS - contig=contig_116, start=363053, stop=363370, strand=+, nt=[GTGAGGGGCG..TGAGGGCTGA]
13:31:32.280 - INFO - CDS - contig=contig_116, start=363360, stop=363797, strand=+, nt=[ATGAGGGCTG..GAAACCATGA]
13:31:32.280 - INFO - CDS - contig=contig_116, start=363794, stop=364855, strand=+, nt=[ATGAAACTGA..AGGAAAATAA]
13:31:32.280 - INFO - CDS - contig=contig_116, start=364857, stop=365267, strand=+, nt=[ATGACACAAA..GGGGCTTTAA]
13:31:32.280 - INFO - CDS - contig=contig_116, start=365414, stop=366754, strand=-, nt=[ATGAATTACA..CAACCGCTGA]
13:31:32.280 - INFO - CDS - contig=contig_116, start=366765, stop=367619, strand=-, nt=[ATGAGCATCA..TTCCAAGTGA]
13:31:32.281 - INFO - CDS - contig=contig_116, start=367677, stop=368453, strand=-, nt=[ATGAGTTTTG..CGGAAAATAA]
13:31:32.281 - INFO - CDS - contig=contig_116, start=368455, stop=369714, strand=-, nt=[ATGAAAGAAG..GAAGTGCTGA]
13:31:32.281 - INFO - CDS - contig=contig_116, start=369908, stop=370330, strand=-, nt=[ATGGAACTGC..GTTGTCCTAG]
13:31:32.281 - INFO - CDS - contig=contig_116, start=370450, stop=371595, strand=-, nt=[ATGAATTTCG..CCGCAGTTGA]
13:31:32.281 - INFO - CDS - contig=contig_116, start=372022, stop=372825, strand=+, nt=[ATGAATGTGC..AATTCTCTGA]
13:31:32.281 - INFO - CDS - contig=contig_116, start=372841, stop=373842, strand=+, nt=[TTGGAAAGCA..TCGTATGTAG]
13:31:32.281 - INFO - CDS - contig=contig_116, start=373933, stop=375360, strand=-, nt=[ATGACTGAGG..AGGAGACTGA]
13:31:32.281 - INFO - CDS - contig=contig_116, start=375667, stop=376809, strand=+, nt=[ATGCATTTTA..GCTGAAGTGA]
13:31:32.281 - INFO - CDS - contig=contig_116, start=376860, stop=377741, strand=+, nt=[ATGGAAAAGA..GTGGAAGTAA]
13:31:32.281 - INFO - CDS - contig=contig_116, start=378005, stop=378784, strand=+, nt=[ATGAACAATC..CGGCAAATAA]
13:31:32.281 - INFO - CDS - contig=contig_116, start=378824, stop=380383, strand=+, nt=[ATGTCCCAAA..GAAAAAATGA]
13:31:32.281 - INFO - CDS - contig=contig_117, start=205, stop=354, strand=-, frame=2, truncated=no, start-type=ATG, RBS-motif=GGxGG
13:31:32.281 - INFO - CDS - contig=contig_117, start=351, stop=554, strand=-, frame=3, truncated=no, start-type=ATG, RBS-motif=AGGAG
13:31:32.281 - INFO - CDS - contig=contig_117, start=551, stop=760, strand=-, frame=1, truncated=no, start-type=GTG, RBS-motif=AGGAGG
13:31:32.281 - INFO - CDS - contig=contig_117, start=1479, stop=3338, strand=-, frame=3, truncated=no, start-type=ATG, RBS-motif=GGA/GAG/AGG
13:31:32.281 - INFO - CDS - contig=contig_117, start=205, stop=354, strand=-, nt=[ATGAATGATA..GTGTAAATAA]
13:31:32.281 - INFO - CDS - contig=contig_117, start=351, stop=554, strand=-, nt=[ATGAAAGAAC..GCTGAAATGA]
13:31:32.281 - INFO - CDS - contig=contig_117, start=551, stop=760, strand=-, nt=[GTGCAAGTGT..CGACAAATGA]
13:31:32.281 - INFO - CDS - contig=contig_117, start=1479, stop=3338, strand=-, nt=[ATGCTTCAGA..ACGCCTTTGA]
13:31:32.281 - INFO - CDS - contig=contig_120, start=109, stop=303, strand=+, frame=1, truncated=no, start-type=ATG, RBS-motif=AGGAG
13:31:32.281 - INFO - CDS - contig=contig_120, start=109, stop=303, strand=+, nt=[ATGATAAAAC..TCACGACTAA]
13:31:32.281 - INFO - CDS - contig=contig_157, start=746, stop=955, strand=+, frame=2, truncated=no, start-type=GTG, RBS-motif=AGGAGG
13:31:32.281 - INFO - CDS - contig=contig_157, start=952, stop=1155, strand=+, frame=1, truncated=no, start-type=ATG, RBS-motif=AGGAG
13:31:32.281 - INFO - CDS - contig=contig_157, start=1152, stop=1301, strand=+, frame=3, truncated=no, start-type=ATG, RBS-motif=GGxGG
13:31:32.281 - INFO - CDS - contig=contig_157, start=1301, stop=1510, strand=+, frame=2, truncated=no, start-type=ATG, RBS-motif=AGxAGG/AGGxGG
13:31:32.281 - INFO - CDS - contig=contig_157, start=1557, stop=1730, strand=+, frame=3, truncated=no, start-type=ATG, RBS-motif=AGGA
13:31:32.281 - INFO - CDS - contig=contig_157, start=1794, stop=2486, strand=+, frame=3, truncated=no, start-type=ATG, RBS-motif=GGAG/GAGG
13:31:32.281 - INFO - CDS - contig=contig_157, start=3144, stop=4196, strand=+, frame=3, truncated=no, start-type=ATG, RBS-motif=AGGAG
13:31:32.281 - INFO - CDS - contig=contig_157, start=4246, stop=4374, strand=-, frame=2, truncated=no, start-type=ATG, RBS-motif=AGGAG
13:31:32.281 - INFO - CDS - contig=contig_157, start=4508, stop=6475, strand=-, frame=1, truncated=no, start-type=ATG, RBS-motif=GGAGG
13:31:32.281 - INFO - CDS - contig=contig_157, start=6468, stop=7304, strand=-, frame=3, truncated=no, start-type=ATG, RBS-motif=GGAG/GAGG
13:31:32.282 - INFO - CDS - contig=contig_157, start=7551, stop=9146, strand=-, frame=3, truncated=no, start-type=ATG, RBS-motif=AGGAG
13:31:32.282 - INFO - CDS - contig=contig_157, start=9391, stop=10971, strand=+, frame=1, truncated=no, start-type=ATG, RBS-motif=GGAGG
13:31:32.282 - INFO - CDS - contig=contig_157, start=10999, stop=12795, strand=+, frame=1, truncated=no, start-type=ATG, RBS-motif=AGGAGG
13:31:32.282 - INFO - CDS - contig=contig_157, start=12795, stop=13691, strand=+, frame=3, truncated=no, start-type=ATG, RBS-motif=GGAGG
13:31:32.282 - INFO - CDS - contig=contig_157, start=13708, stop=14709, strand=+, frame=1, truncated=no, start-type=ATG, RBS-motif=GGxGG
13:31:32.282 - INFO - CDS - contig=contig_157, start=14870, stop=16012, strand=+, frame=2, truncated=no, start-type=ATG, RBS-motif=AGGAGG
13:31:32.282 - INFO - CDS - contig=contig_157, start=16205, stop=17704, strand=+, frame=2, truncated=no, start-type=ATG, RBS-motif=AGGAGG
13:31:32.282 - INFO - CDS - contig=contig_157, start=17720, stop=18781, strand=+, frame=2, truncated=no, start-type=ATG, RBS-motif=GGAGG
13:31:32.282 - INFO - CDS - contig=contig_157, start=18880, stop=20175, strand=+, frame=1, truncated=no, start-type=ATG, RBS-motif=AGGA
13:31:32.282 - INFO - CDS - contig=contig_157, start=20186, stop=21682, strand=+, frame=2, truncated=no, start-type=ATG, RBS-motif=GGAG/GAGG
13:31:32.282 - INFO - CDS - contig=contig_157, start=21687, stop=22730, strand=+, frame=3, truncated=no, start-type=ATG, RBS-motif=GGA/GAG/AGG
13:31:32.282 - INFO - CDS - contig=contig_157, start=22791, stop=23339, strand=-, frame=3, truncated=no, start-type=ATG, RBS-motif=AGGAGG
13:31:32.282 - INFO - CDS - contig=contig_157, start=23336, stop=23914, strand=-, frame=1, truncated=no, start-type=ATG, RBS-motif=GGAGG
13:31:32.282 - INFO - CDS - contig=contig_157, start=24159, stop=24617, strand=+, frame=3, truncated=no, start-type=ATG, RBS-motif=GGAG/GAGG
13:31:32.282 - INFO - CDS - contig=contig_157, start=24936, stop=25877, strand=+, frame=3, truncated=no, start-type=ATG, RBS-motif=GGAGG
13:31:32.282 - INFO - CDS - contig=contig_157, start=25892, stop=26812, strand=+, frame=2, truncated=no, start-type=ATG, RBS-motif=AGGAGG
13:31:32.282 - INFO - CDS - contig=contig_157, start=26881, stop=28485, strand=+, frame=1, truncated=no, start-type=ATG, RBS-motif=AGGAG
13:31:32.282 - INFO - CDS - contig=contig_157, start=28631, stop=29623, strand=+, frame=2, truncated=no, start-type=ATG, RBS-motif=AGGAGG
13:31:32.282 - INFO - CDS - contig=contig_157, start=29620, stop=31215, strand=+, frame=1, truncated=no, start-type=ATG, RBS-motif=AGGAGG
13:31:32.282 - INFO - CDS - contig=contig_157, start=31212, stop=32840, strand=+, frame=3, truncated=no, start-type=ATG, RBS-motif=AGGAG
13:31:32.282 - INFO - CDS - contig=contig_157, start=32901, stop=33656, strand=-, frame=3, truncated=no, start-type=ATG, RBS-motif=AGGAGG
13:31:32.282 - INFO - CDS - contig=contig_157, start=33744, stop=35084, strand=-, frame=3, truncated=no, start-type=GTG, RBS-motif=AGxAGG/AGGxGG
13:31:32.282 - INFO - CDS - contig=contig_157, start=35435, stop=37036, strand=+, frame=2, truncated=no, start-type=ATG, RBS-motif=GGAGG
13:31:32.282 - INFO - CDS - contig=contig_157, start=37042, stop=38106, strand=+, frame=1, truncated=no, start-type=ATG, RBS-motif=GGAG/GAGG
13:31:32.282 - INFO - CDS - contig=contig_157, start=38216, stop=39145, strand=+, frame=2, truncated=no, start-type=TTG, RBS-motif=AGGAGG
13:31:32.282 - INFO - CDS - contig=contig_157, start=39158, stop=39997, strand=+, frame=2, truncated=no, start-type=ATG, RBS-motif=AGxAGG/AGGxGG
13:31:32.283 - INFO - CDS - contig=contig_157, start=40002, stop=40973, strand=+, frame=3, truncated=no, start-type=ATG, RBS-motif=GGA/GAG/AGG
13:31:32.283 - INFO - CDS - contig=contig_157, start=40966, stop=41946, strand=+, frame=1, truncated=no, start-type=ATG, RBS-motif=GGAGG
13:31:32.283 - INFO - CDS - contig=contig_157, start=41970, stop=43340, strand=+, frame=3, truncated=no, start-type=ATG, RBS-motif=AGGA/GGAG/GAGG
13:31:32.283 - INFO - CDS - contig=contig_157, start=43378, stop=44493, strand=+, frame=1, truncated=no, start-type=ATG, RBS-motif=AGGAGG
13:31:32.283 - INFO - CDS - contig=contig_157, start=44641, stop=45339, strand=+, frame=1, truncated=no, start-type=ATG, RBS-motif=AGGAGG
13:31:32.283 - INFO - CDS - contig=contig_157, start=45500, stop=46486, strand=+, frame=2, truncated=no, start-type=ATG, RBS-motif=AGGAGG
13:31:32.283 - INFO - CDS - contig=contig_157, start=46564, stop=47898, strand=-, frame=2, truncated=no, start-type=ATG, RBS-motif=AGGAG
13:31:32.283 - INFO - CDS - contig=contig_157, start=48012, stop=49226, strand=-, frame=3, truncated=no, start-type=ATG, RBS-motif=AGGAGG
13:31:32.283 - INFO - CDS - contig=contig_157, start=49396, stop=50109, strand=-, frame=2, truncated=no, start-type=ATG, RBS-motif=AGGAGG
13:31:32.283 - INFO - CDS - contig=contig_157, start=50113, stop=51495, strand=-, frame=2, truncated=no, start-type=ATG, RBS-motif=GGAGG
13:31:32.283 - INFO - CDS - contig=contig_157, start=51492, stop=53264, strand=-, frame=3, truncated=no, start-type=TTG, RBS-motif=AGxAGG/AGGxGG
13:31:32.283 - INFO - CDS - contig=contig_157, start=53334, stop=53525, strand=-, frame=3, truncated=no, start-type=ATG, RBS-motif=GGAG/GAGG
13:31:32.283 - INFO - CDS - contig=contig_157, start=53557, stop=53871, strand=-, frame=2, truncated=no, start-type=ATG, RBS-motif=AGGA/GGAG/GAGG
13:31:32.283 - INFO - CDS - contig=contig_157, start=53864, stop=54853, strand=-, frame=1, truncated=no, start-type=GTG, RBS-motif=AGGAGG
13:31:32.283 - INFO - CDS - contig=contig_157, start=54881, stop=55573, strand=-, frame=1, truncated=no, start-type=ATG, RBS-motif=AGxAGG/AGGxGG
13:31:32.283 - INFO - CDS - contig=contig_157, start=55604, stop=56089, strand=-, frame=1, truncated=no, start-type=ATG, RBS-motif=AGGAGG
13:31:32.283 - INFO - CDS - contig=contig_157, start=56104, stop=58041, strand=-, frame=2, truncated=no, start-type=ATG, RBS-motif=None
13:31:32.283 - INFO - CDS - contig=contig_157, start=58043, stop=58357, strand=-, frame=1, truncated=no, start-type=ATG, RBS-motif=AGxAGG/AGGxGG
13:31:32.283 - INFO - CDS - contig=contig_157, start=58684, stop=59781, strand=-, frame=2, truncated=no, start-type=GTG, RBS-motif=AGGAGG
13:31:32.283 - INFO - CDS - contig=contig_157, start=59865, stop=60290, strand=-, frame=3, truncated=no, start-type=ATG, RBS-motif=GGA/GAG/AGG
13:31:32.283 - INFO - CDS - contig=contig_157, start=60412, stop=61032, strand=-, frame=2, truncated=no, start-type=ATG, RBS-motif=AGxAGG/AGGxGG
13:31:32.283 - INFO - CDS - contig=contig_157, start=61108, stop=62919, strand=-, frame=2, truncated=no, start-type=TTG, RBS-motif=GGAG/GAGG
13:31:32.283 - INFO - CDS - contig=contig_157, start=62953, stop=65037, strand=-, frame=2, truncated=no, start-type=ATG, RBS-motif=AGGA/GGAG/GAGG
13:31:32.283 - INFO - CDS - contig=contig_157, start=65053, stop=65565, strand=-, frame=2, truncated=no, start-type=GTG, RBS-motif=AGGAGG
13:31:32.283 - INFO - CDS - contig=contig_157, start=65590, stop=66444, strand=-, frame=2, truncated=no, start-type=GTG, RBS-motif=AGGAG
13:31:32.283 - INFO - CDS - contig=contig_157, start=66473, stop=67063, strand=-, frame=1, truncated=no, start-type=ATG, RBS-motif=AGGA/GGAG/GAGG
13:31:32.283 - INFO - CDS - contig=contig_157, start=67085, stop=67543, strand=-, frame=1, truncated=no, start-type=ATG, RBS-motif=AGGA/GGAG/GAGG
13:31:32.283 - INFO - CDS - contig=contig_157, start=67597, stop=69678, strand=-, frame=2, truncated=no, start-type=ATG, RBS-motif=AGxAGG/AGGxGG
13:31:32.284 - INFO - CDS - contig=contig_157, start=69680, stop=69997, strand=-, frame=1, truncated=no, start-type=GTG, RBS-motif=AGGAGG
13:31:32.284 - INFO - CDS - contig=contig_157, start=70197, stop=71168, strand=+, frame=3, truncated=no, start-type=GTG, RBS-motif=AGGAGG
13:31:32.284 - INFO - CDS - contig=contig_157, start=71169, stop=72173, strand=+, frame=3, truncated=no, start-type=ATG, RBS-motif=AGGAGG
13:31:32.284 - INFO - CDS - contig=contig_157, start=72283, stop=74610, strand=+, frame=1, truncated=no, start-type=ATG, RBS-motif=GGAGG
13:31:32.284 - INFO - CDS - contig=contig_157, start=74668, stop=77283, strand=-, frame=2, truncated=no, start-type=ATG, RBS-motif=AGGAG
13:31:32.284 - INFO - CDS - contig=contig_157, start=77407, stop=77877, strand=-, frame=2, truncated=no, start-type=ATG, RBS-motif=AGGA
13:31:32.284 - INFO - CDS - contig=contig_157, start=77923, stop=78363, strand=-, frame=2, truncated=no, start-type=ATG, RBS-motif=GGAGG
13:31:32.284 - INFO - CDS - contig=contig_157, start=78364, stop=79614, strand=-, frame=2, truncated=no, start-type=ATG, RBS-motif=AGGAGG
13:31:32.284 - INFO - CDS - contig=contig_157, start=79629, stop=80357, strand=-, frame=3, truncated=no, start-type=ATG, RBS-motif=GGA/GAG/AGG
13:31:32.284 - INFO - CDS - contig=contig_157, start=80354, stop=81289, strand=-, frame=1, truncated=no, start-type=ATG, RBS-motif=GGA/GAG/AGG
13:31:32.284 - INFO - CDS - contig=contig_157, start=81286, stop=82215, strand=-, frame=2, truncated=no, start-type=ATG, RBS-motif=AGGAGG
13:31:32.284 - INFO - CDS - contig=contig_157, start=82283, stop=83230, strand=-, frame=1, truncated=no, start-type=GTG, RBS-motif=GGAG/GAGG
13:31:32.284 - INFO - CDS - contig=contig_157, start=83227, stop=84045, strand=-, frame=2, truncated=no, start-type=ATG, RBS-motif=AGxAGG/AGGxGG
13:31:32.284 - INFO - CDS - contig=contig_157, start=84042, stop=84899, strand=-, frame=3, truncated=no, start-type=ATG, RBS-motif=AGGAGG
13:31:32.284 - INFO - CDS - contig=contig_157, start=84896, stop=86278, strand=-, frame=1, truncated=no, start-type=ATG, RBS-motif=GGxGG
13:31:32.284 - INFO - CDS - contig=contig_157, start=86282, stop=86692, strand=-, frame=1, truncated=no, start-type=ATG, RBS-motif=AGGAG
13:31:32.284 - INFO - CDS - contig=contig_157, start=86759, stop=86989, strand=-, frame=1, truncated=no, start-type=ATG, RBS-motif=AGGAGG
13:31:32.284 - INFO - CDS - contig=contig_157, start=87153, stop=87758, strand=+, frame=3, truncated=no, start-type=ATG, RBS-motif=AGGAG
13:31:32.284 - INFO - CDS - contig=contig_157, start=87836, stop=89977, strand=-, frame=1, truncated=no, start-type=ATG, RBS-motif=AGGAGG
13:31:32.284 - INFO - CDS - contig=contig_157, start=90162, stop=90428, strand=-, frame=3, truncated=no, start-type=ATG, RBS-motif=AGxAGG/AGGxGG
13:31:32.284 - INFO - CDS - contig=contig_157, start=90617, stop=91675, strand=-, frame=1, truncated=no, start-type=GTG, RBS-motif=AGGAGG
13:31:32.284 - INFO - CDS - contig=contig_157, start=91728, stop=92327, strand=-, frame=3, truncated=no, start-type=ATG, RBS-motif=GGAG/GAGG
13:31:32.284 - INFO - CDS - contig=contig_157, start=92361, stop=93230, strand=-, frame=3, truncated=no, start-type=ATG, RBS-motif=GGAGG
13:31:32.284 - INFO - CDS - contig=contig_157, start=93232, stop=95481, strand=-, frame=2, truncated=no, start-type=ATG, RBS-motif=AGGA
13:31:32.284 - INFO - CDS - contig=contig_157, start=95536, stop=97122, strand=-, frame=2, truncated=no, start-type=ATG, RBS-motif=AGGA
13:31:32.284 - INFO - CDS - contig=contig_157, start=97168, stop=98727, strand=-, frame=2, truncated=no, start-type=ATG, RBS-motif=AGGAGG
13:31:32.284 - INFO - CDS - contig=contig_157, start=98873, stop=100972, strand=-, frame=1, truncated=no, start-type=ATG, RBS-motif=AGGAGG
13:31:32.285 - INFO - CDS - contig=contig_157, start=101033, stop=103021, strand=-, frame=1, truncated=no, start-type=ATG, RBS-motif=GGAGG
13:31:32.285 - INFO - CDS - contig=contig_157, start=103167, stop=104417, strand=+, frame=3, truncated=no, start-type=ATG, RBS-motif=AGGA
13:31:32.285 - INFO - CDS - contig=contig_157, start=104579, stop=105391, strand=+, frame=2, truncated=no, start-type=GTG, RBS-motif=GGxGG
13:31:32.285 - INFO - CDS - contig=contig_157, start=105963, stop=106739, strand=-, frame=3, truncated=no, start-type=ATG, RBS-motif=GGAG/GAGG
13:31:32.285 - INFO - CDS - contig=contig_157, start=106742, stop=107422, strand=-, frame=1, truncated=no, start-type=ATG, RBS-motif=AGGAGG
13:31:32.285 - INFO - CDS - contig=contig_157, start=107716, stop=108921, strand=+, frame=1, truncated=no, start-type=ATG, RBS-motif=GGAG/GAGG
13:31:32.285 - INFO - CDS - contig=contig_157, start=109070, stop=109621, strand=-, frame=1, truncated=no, start-type=ATG, RBS-motif=GGAGG
13:31:32.285 - INFO - CDS - contig=contig_157, start=109910, stop=110821, strand=-, frame=1, truncated=no, start-type=ATG, RBS-motif=AGxAGG/AGGxGG
13:31:32.285 - INFO - CDS - contig=contig_157, start=110834, stop=111502, strand=-, frame=1, truncated=no, start-type=ATG, RBS-motif=AGGAG
13:31:32.285 - INFO - CDS - contig=contig_157, start=111512, stop=112735, strand=-, frame=1, truncated=no, start-type=ATG, RBS-motif=GGAGG
13:31:32.285 - INFO - CDS - contig=contig_157, start=112900, stop=113796, strand=+, frame=1, truncated=no, start-type=ATG, RBS-motif=AGGAGG
13:31:32.285 - INFO - CDS - contig=contig_157, start=114062, stop=114667, strand=+, frame=2, truncated=no, start-type=GTG, RBS-motif=GGAGG
13:31:32.285 - INFO - CDS - contig=contig_157, start=114822, stop=116339, strand=+, frame=3, truncated=no, start-type=ATG, RBS-motif=AGxAGG/AGGxGG
13:31:32.285 - INFO - CDS - contig=contig_157, start=116403, stop=117578, strand=+, frame=3, truncated=no, start-type=TTG, RBS-motif=GGAG/GAGG
13:31:32.285 - INFO - CDS - contig=contig_157, start=117662, stop=118921, strand=+, frame=2, truncated=no, start-type=ATG, RBS-motif=AGGA
13:31:32.285 - INFO - CDS - contig=contig_157, start=119148, stop=120956, strand=+, frame=3, truncated=no, start-type=TTG, RBS-motif=AGGA
13:31:32.285 - INFO - CDS - contig=contig_157, start=121026, stop=122003, strand=-, frame=3, truncated=no, start-type=ATG, RBS-motif=GGAGG
13:31:32.285 - INFO - CDS - contig=contig_157, start=122184, stop=122558, strand=+, frame=3, truncated=no, start-type=ATG, RBS-motif=AGGAGG
13:31:32.285 - INFO - CDS - contig=contig_157, start=122788, stop=124215, strand=+, frame=1, truncated=no, start-type=ATG, RBS-motif=GGAG/GAGG
13:31:32.285 - INFO - CDS - contig=contig_157, start=124285, stop=124926, strand=-, frame=2, truncated=no, start-type=ATG, RBS-motif=AGGAGG
13:31:32.285 - INFO - CDS - contig=contig_157, start=125322, stop=126662, strand=+, frame=3, truncated=no, start-type=ATG, RBS-motif=AGGAGG
13:31:32.285 - INFO - CDS - contig=contig_157, start=126710, stop=129727, strand=+, frame=2, truncated=no, start-type=ATG, RBS-motif=GGAGG
13:31:32.285 - INFO - CDS - contig=contig_157, start=129790, stop=130536, strand=-, frame=2, truncated=no, start-type=GTG, RBS-motif=AGGAGG
13:31:32.285 - INFO - CDS - contig=contig_157, start=130520, stop=131257, strand=-, frame=1, truncated=no, start-type=ATG, RBS-motif=AGGAG
13:31:32.285 - INFO - CDS - contig=contig_157, start=131351, stop=132241, strand=-, frame=1, truncated=no, start-type=ATG, RBS-motif=AGGAG
13:31:32.285 - INFO - CDS - contig=contig_157, start=132446, stop=133021, strand=-, frame=1, truncated=no, start-type=ATG, RBS-motif=AGGAG
13:31:32.285 - INFO - CDS - contig=contig_157, start=133155, stop=133865, strand=-, frame=3, truncated=no, start-type=ATG, RBS-motif=AGGAGG
13:31:32.285 - INFO - CDS - contig=contig_157, start=133850, stop=135022, strand=-, frame=1, truncated=no, start-type=TTG, RBS-motif=GGAGG
13:31:32.285 - INFO - CDS - contig=contig_157, start=135044, stop=135646, strand=-, frame=1, truncated=no, start-type=ATG, RBS-motif=AGGAG
13:31:32.286 - INFO - CDS - contig=contig_157, start=135851, stop=137629, strand=-, frame=1, truncated=no, start-type=ATG, RBS-motif=GGAGG
13:31:32.286 - INFO - CDS - contig=contig_157, start=137835, stop=138860, strand=-, frame=3, truncated=no, start-type=ATG, RBS-motif=AGxAGG/AGGxGG
13:31:32.286 - INFO - CDS - contig=contig_157, start=138853, stop=139875, strand=-, frame=2, truncated=no, start-type=ATG, RBS-motif=AGGAGG
13:31:32.286 - INFO - CDS - contig=contig_157, start=139895, stop=141199, strand=-, frame=1, truncated=no, start-type=ATG, RBS-motif=AGGAG
13:31:32.286 - INFO - CDS - contig=contig_157, start=141201, stop=142136, strand=-, frame=3, truncated=no, start-type=ATG, RBS-motif=GGAG/GAGG
13:31:32.286 - INFO - CDS - contig=contig_157, start=142427, stop=143305, strand=-, frame=1, truncated=no, start-type=ATG, RBS-motif=AGGA
13:31:32.286 - INFO - CDS - contig=contig_157, start=143360, stop=144280, strand=-, frame=1, truncated=no, start-type=ATG, RBS-motif=AGGAG/GGAGG
13:31:32.286 - INFO - CDS - contig=contig_157, start=144315, stop=145484, strand=-, frame=3, truncated=no, start-type=ATG, RBS-motif=3Base/5BMM
13:31:32.286 - INFO - CDS - contig=contig_157, start=145809, stop=146735, strand=-, frame=3, truncated=no, start-type=ATG, RBS-motif=GGA/GAG/AGG
13:31:32.286 - INFO - CDS - contig=contig_157, start=146823, stop=147059, strand=+, frame=3, truncated=no, start-type=ATG, RBS-motif=3Base/5BMM
13:31:32.286 - INFO - CDS - contig=contig_157, start=147059, stop=147373, strand=+, frame=2, truncated=no, start-type=GTG, RBS-motif=None
13:31:32.286 - INFO - CDS - contig=contig_157, start=147357, stop=148034, strand=+, frame=3, truncated=no, start-type=GTG, RBS-motif=GGAG/GAGG
13:31:32.286 - INFO - CDS - contig=contig_157, start=148588, stop=150336, strand=+, frame=1, truncated=no, start-type=ATG, RBS-motif=GGAGG
13:31:32.286 - INFO - CDS - contig=contig_157, start=150375, stop=150845, strand=+, frame=3, truncated=no, start-type=ATG, RBS-motif=AGGA
13:31:32.286 - INFO - CDS - contig=contig_157, start=150832, stop=151743, strand=+, frame=1, truncated=no, start-type=ATG, RBS-motif=AGGAGG
13:31:32.286 - INFO - CDS - contig=contig_157, start=152022, stop=152603, strand=+, frame=3, truncated=no, start-type=ATG, RBS-motif=AGGAG/GGAGG
13:31:32.286 - INFO - CDS - contig=contig_157, start=152618, stop=153424, strand=+, frame=2, truncated=no, start-type=TTG, RBS-motif=AGGAGG
13:31:32.286 - INFO - CDS - contig=contig_157, start=153616, stop=154383, strand=+, frame=1, truncated=no, start-type=ATG, RBS-motif=AGGAGG
13:31:32.286 - INFO - CDS - contig=contig_157, start=154635, stop=155375, strand=-, frame=3, truncated=no, start-type=ATG, RBS-motif=AGGAGG
13:31:32.286 - INFO - CDS - contig=contig_157, start=155377, stop=156213, strand=-, frame=2, truncated=no, start-type=ATG, RBS-motif=AGGAG
13:31:32.286 - INFO - CDS - contig=contig_157, start=156293, stop=157216, strand=-, frame=1, truncated=no, start-type=ATG, RBS-motif=AGGA
13:31:32.286 - INFO - CDS - contig=contig_157, start=157579, stop=157854, strand=-, frame=2, truncated=no, start-type=ATG, RBS-motif=AGGA
13:31:32.286 - INFO - CDS - contig=contig_157, start=157900, stop=158646, strand=-, frame=2, truncated=no, start-type=TTG, RBS-motif=AGGAGG
13:31:32.286 - INFO - CDS - contig=contig_157, start=158776, stop=159576, strand=-, frame=2, truncated=no, start-type=GTG, RBS-motif=AGGAG/GGAGG
13:31:32.286 - INFO - CDS - contig=contig_157, start=159564, stop=160280, strand=-, frame=3, truncated=no, start-type=ATG, RBS-motif=AGGA/GGAG/GAGG
13:31:32.286 - INFO - CDS - contig=contig_157, start=160284, stop=160841, strand=-, frame=3, truncated=no, start-type=TTG, RBS-motif=AGxAGG/AGGxGG
13:31:32.286 - INFO - CDS - contig=contig_157, start=161054, stop=161515, strand=+, frame=2, truncated=no, start-type=ATG, RBS-motif=GGAGG
13:31:32.286 - INFO - CDS - contig=contig_157, start=162161, stop=162355, strand=+, frame=2, truncated=no, start-type=ATG, RBS-motif=GGAGG
13:31:32.286 - INFO - CDS - contig=contig_157, start=162384, stop=165200, strand=+, frame=3, truncated=no, start-type=ATG, RBS-motif=AGGAG
13:31:32.287 - INFO - CDS - contig=contig_157, start=165193, stop=165975, strand=+, frame=1, truncated=no, start-type=GTG, RBS-motif=GGxGG
13:31:32.287 - INFO - CDS - contig=contig_157, start=165988, stop=166203, strand=+, frame=1, truncated=no, start-type=ATG, RBS-motif=AGGAG
13:31:32.287 - INFO - CDS - contig=contig_157, start=166245, stop=166454, strand=+, frame=3, truncated=no, start-type=ATG, RBS-motif=AGGAG
13:31:32.287 - INFO - CDS - contig=contig_157, start=166570, stop=168087, strand=-, frame=2, truncated=no, start-type=ATG, RBS-motif=AGxAGG/AGGxGG
13:31:32.287 - INFO - CDS - contig=contig_157, start=168084, stop=168725, strand=-, frame=3, truncated=no, start-type=ATG, RBS-motif=GGxGG
13:31:32.287 - INFO - CDS - contig=contig_157, start=168722, stop=169834, strand=-, frame=1, truncated=no, start-type=ATG, RBS-motif=AGGAGG
13:31:32.287 - INFO - CDS - contig=contig_157, start=169821, stop=170471, strand=-, frame=3, truncated=no, start-type=ATG, RBS-motif=AGGAG
13:31:32.287 - INFO - CDS - contig=contig_157, start=170657, stop=170926, strand=-, frame=1, truncated=no, start-type=ATG, RBS-motif=GGAGG
13:31:32.287 - INFO - CDS - contig=contig_157, start=170990, stop=171610, strand=-, frame=1, truncated=no, start-type=TTG, RBS-motif=GGAGG
13:31:32.287 - INFO - CDS - contig=contig_157, start=172245, stop=172610, strand=+, frame=3, truncated=no, start-type=ATG, RBS-motif=AGGAGG
13:31:32.287 - INFO - CDS - contig=contig_157, start=172661, stop=173542, strand=+, frame=2, truncated=no, start-type=ATG, RBS-motif=AGGA
13:31:32.287 - INFO - CDS - contig=contig_157, start=746, stop=955, strand=+, nt=[GTGCAAGTGT..CGACAAATGA]
13:31:32.287 - INFO - CDS - contig=contig_157, start=952, stop=1155, strand=+, nt=[ATGAAAGAAC..GCTGAAATGA]
13:31:32.287 - INFO - CDS - contig=contig_157, start=1152, stop=1301, strand=+, nt=[ATGAATGATA..GTGTAAATAA]
13:31:32.287 - INFO - CDS - contig=contig_157, start=1301, stop=1510, strand=+, nt=[ATGGCCGCTT..CCGTGGCTAA]
13:31:32.287 - INFO - CDS - contig=contig_157, start=1557, stop=1730, strand=+, nt=[ATGACTGAAC..CCGGGGCTGA]
13:31:32.287 - INFO - CDS - contig=contig_157, start=1794, stop=2486, strand=+, nt=[ATGGGATGCG..TGGAAAATGA]
13:31:32.287 - INFO - CDS - contig=contig_157, start=3144, stop=4196, strand=+, nt=[ATGAAAACGA..ATGGACTTGA]
13:31:32.287 - INFO - CDS - contig=contig_157, start=4246, stop=4374, strand=-, nt=[ATGACAGAAT..GGCGGCATAA]
13:31:32.287 - INFO - CDS - contig=contig_157, start=4508, stop=6475, strand=-, nt=[ATGTCTGAAA..GCTCTGCTGA]
13:31:32.287 - INFO - CDS - contig=contig_157, start=6468, stop=7304, strand=-, nt=[ATGCGAAAAA..TCATGTCTGA]
13:31:32.287 - INFO - CDS - contig=contig_157, start=7551, stop=9146, strand=-, nt=[ATGATCACAG..CCAGGGCTGA]
13:31:32.287 - INFO - CDS - contig=contig_157, start=9391, stop=10971, strand=+, nt=[ATGGGTTTCT..CCGGAAGTAG]
13:31:32.287 - INFO - CDS - contig=contig_157, start=10999, stop=12795, strand=+, nt=[ATGGGGAAAA..GGAGTCGTAA]
13:31:32.287 - INFO - CDS - contig=contig_157, start=12795, stop=13691, strand=+, nt=[ATGCGGAGGG..CAACTATTGA]
13:31:32.287 - INFO - CDS - contig=contig_157, start=13708, stop=14709, strand=+, nt=[ATGTCCATCA..CCGAAAATAA]
13:31:32.287 - INFO - CDS - contig=contig_157, start=14870, stop=16012, strand=+, nt=[ATGAATCTGA..CGCGGACTGA]
13:31:32.287 - INFO - CDS - contig=contig_157, start=16205, stop=17704, strand=+, nt=[ATGGAAGGAA..ATATGTGTAA]
13:31:32.287 - INFO - CDS - contig=contig_157, start=17720, stop=18781, strand=+, nt=[ATGAGTCAGG..CAAGAAATAA]
13:31:32.287 - INFO - CDS - contig=contig_157, start=18880, stop=20175, strand=+, nt=[ATGACCACCT..GATCGGGTGA]
13:31:32.287 - INFO - CDS - contig=contig_157, start=20186, stop=21682, strand=+, nt=[ATGACAGATC..GCAGGTGTGA]
13:31:32.287 - INFO - CDS - contig=contig_157, start=21687, stop=22730, strand=+, nt=[ATGGATCTGA..CACCTGCTGA]
13:31:32.287 - INFO - CDS - contig=contig_157, start=22791, stop=23339, strand=-, nt=[ATGAATCTGC..GGGGGCCTGA]
13:31:32.287 - INFO - CDS - contig=contig_157, start=23336, stop=23914, strand=-, nt=[ATGAAGCGGC..GTCCAAATGA]
13:31:32.287 - INFO - CDS - contig=contig_157, start=24159, stop=24617, strand=+, nt=[ATGAAAAGCA..CCGCATCTGA]
13:31:32.287 - INFO - CDS - contig=contig_157, start=24936, stop=25877, strand=+, nt=[ATGCGAAAAT..ATATGAATAA]
13:31:32.287 - INFO - CDS - contig=contig_157, start=25892, stop=26812, strand=+, nt=[ATGGATGAGA..GAAGGACTGA]
13:31:32.287 - INFO - CDS - contig=contig_157, start=26881, stop=28485, strand=+, nt=[ATGAAATCCT..CGCGGCCTGA]
13:31:32.287 - INFO - CDS - contig=contig_157, start=28631, stop=29623, strand=+, nt=[ATGGGGAAAA..TCACAGATGA]
13:31:32.287 - INFO - CDS - contig=contig_157, start=29620, stop=31215, strand=+, nt=[ATGAGCGGAG..CCACTCATGA]
13:31:32.287 - INFO - CDS - contig=contig_157, start=31212, stop=32840, strand=+, nt=[ATGAATACCG..CTGCTTCTGA]
13:31:32.287 - INFO - CDS - contig=contig_157, start=32901, stop=33656, strand=-, nt=[ATGAAAATGA..TCCAGGCTGA]
13:31:32.287 - INFO - CDS - contig=contig_157, start=33744, stop=35084, strand=-, nt=[GTGGAGCAGG..GCGGGTCTGA]
13:31:32.287 - INFO - CDS - contig=contig_157, start=35435, stop=37036, strand=+, nt=[ATGAAATTTT..GCGGGAGTGA]
13:31:32.288 - INFO - CDS - contig=contig_157, start=37042, stop=38106, strand=+, nt=[ATGGAGACAC..GCGCATTTAA]
13:31:32.288 - INFO - CDS - contig=contig_157, start=38216, stop=39145, strand=+, nt=[TTGAGCGACG..TATGGAATAA]
13:31:32.288 - INFO - CDS - contig=contig_157, start=39158, stop=39997, strand=+, nt=[ATGAAATGGA..GAAGGTGTGA]
13:31:32.288 - INFO - CDS - contig=contig_157, start=40002, stop=40973, strand=+, nt=[ATGGAAGAGA..GCATGTCTGA]
13:31:32.288 - INFO - CDS - contig=contig_157, start=40966, stop=41946, strand=+, nt=[ATGTCTGAGA..AAACCGCTGA]
13:31:32.288 - INFO - CDS - contig=contig_157, start=41970, stop=43340, strand=+, nt=[ATGTATGATA..TACAAACTGA]
13:31:32.288 - INFO - CDS - contig=contig_157, start=43378, stop=44493, strand=+, nt=[ATGGAGTACA..TCTGTGCTGA]
13:31:32.288 - INFO - CDS - contig=contig_157, start=44641, stop=45339, strand=+, nt=[ATGATACGGA..GATTCTGTAA]
13:31:32.288 - INFO - CDS - contig=contig_157, start=45500, stop=46486, strand=+, nt=[ATGAAAACCA..CGGGAAGTAA]
13:31:32.288 - INFO - CDS - contig=contig_157, start=46564, stop=47898, strand=-, nt=[ATGACGAAAA..GTTGGAGTAA]
13:31:32.288 - INFO - CDS - contig=contig_157, start=48012, stop=49226, strand=-, nt=[ATGTACTGTG..GCAGGGATAA]
13:31:32.288 - INFO - CDS - contig=contig_157, start=49396, stop=50109, strand=-, nt=[ATGCCCGCGA..GCCCATCTGA]
13:31:32.288 - INFO - CDS - contig=contig_157, start=50113, stop=51495, strand=-, nt=[ATGATTCGAG..GGAGGGGTAA]
13:31:32.288 - INFO - CDS - contig=contig_157, start=51492, stop=53264, strand=-, nt=[TTGAGCGGAA..GGACGTATGA]
13:31:32.288 - INFO - CDS - contig=contig_157, start=53334, stop=53525, strand=-, nt=[ATGTTTTTTG..GCATCTGTAA]
13:31:32.288 - INFO - CDS - contig=contig_157, start=53557, stop=53871, strand=-, nt=[ATGTCTGAGT..CATTTTGTAA]
13:31:32.288 - INFO - CDS - contig=contig_157, start=53864, stop=54853, strand=-, nt=[GTGAAAGATA..CTATGTCTGA]
13:31:32.288 - INFO - CDS - contig=contig_157, start=54881, stop=55573, strand=-, nt=[ATGAACGGAT..CCGGGAATGA]
13:31:32.288 - INFO - CDS - contig=contig_157, start=55604, stop=56089, strand=-, nt=[ATGTTTTTGG..CAGTGCATAA]
13:31:32.288 - INFO - CDS - contig=contig_157, start=56104, stop=58041, strand=-, nt=[ATGGCTATCG..ACAAGAATAA]
13:31:32.288 - INFO - CDS - contig=contig_157, start=58043, stop=58357, strand=-, nt=[ATGTCGATGG..GAATACCTGA]
13:31:32.288 - INFO - CDS - contig=contig_157, start=58684, stop=59781, strand=-, nt=[GTGCGAAGGA..CCCCGCGTAG]
13:31:32.288 - INFO - CDS - contig=contig_157, start=59865, stop=60290, strand=-, nt=[ATGGACCACG..GGAGGAATAG]
13:31:32.288 - INFO - CDS - contig=contig_157, start=60412, stop=61032, strand=-, nt=[ATGCGGCTGA..GGCGGGATGA]
13:31:32.288 - INFO - CDS - contig=contig_157, start=61108, stop=62919, strand=-, nt=[TTGACGCAGT..GTTTTTATAA]
13:31:32.288 - INFO - CDS - contig=contig_157, start=62953, stop=65037, strand=-, nt=[ATGGATGGGA..GGCGCGGTAA]
13:31:32.288 - INFO - CDS - contig=contig_157, start=65053, stop=65565, strand=-, nt=[GTGACGACCA..GGTCCTGTGA]
13:31:32.288 - INFO - CDS - contig=contig_157, start=65590, stop=66444, strand=-, nt=[GTGAAAGATT..GGTGGAATAA]
13:31:32.288 - INFO - CDS - contig=contig_157, start=66473, stop=67063, strand=-, nt=[ATGGAGATCA..CCGGCGGTGA]
13:31:32.288 - INFO - CDS - contig=contig_157, start=67085, stop=67543, strand=-, nt=[ATGGAATTGA..CAAGGCGTAA]
13:31:32.288 - INFO - CDS - contig=contig_157, start=67597, stop=69678, strand=-, nt=[ATGTTGGAGC..CGTGGAATGA]
13:31:32.288 - INFO - CDS - contig=contig_157, start=69680, stop=69997, strand=-, nt=[GTGAAAAACA..GAAGGGCTGA]
13:31:32.288 - INFO - CDS - contig=contig_157, start=70197, stop=71168, strand=+, nt=[GTGTCTGATC..GGGGAATTAA]
13:31:32.288 - INFO - CDS - contig=contig_157, start=71169, stop=72173, strand=+, nt=[ATGGCATACG..AAAGCTGTGA]
13:31:32.288 - INFO - CDS - contig=contig_157, start=72283, stop=74610, strand=+, nt=[ATGAAGCTGA..CAAGCAGTGA]
13:31:32.288 - INFO - CDS - contig=contig_157, start=74668, stop=77283, strand=-, nt=[ATGGACAAGC..AGAGAAGTAG]
13:31:32.288 - INFO - CDS - contig=contig_157, start=77407, stop=77877, strand=-, nt=[ATGGCGGGGG..AAAGAATTGA]
13:31:32.288 - INFO - CDS - contig=contig_157, start=77923, stop=78363, strand=-, nt=[ATGGGTTTGC..CCCAAAATAA]
13:31:32.288 - INFO - CDS - contig=contig_157, start=78364, stop=79614, strand=-, nt=[ATGGACAGAC..GGGGAAATGA]
13:31:32.288 - INFO - CDS - contig=contig_157, start=79629, stop=80357, strand=-, nt=[ATGACATTGG..GGCGGTCTGA]
13:31:32.288 - INFO - CDS - contig=contig_157, start=80354, stop=81289, strand=-, nt=[ATGAAGCTTG..AGAGAGATGA]
13:31:32.288 - INFO - CDS - contig=contig_157, start=81286, stop=82215, strand=-, nt=[ATGAATTTGA..GGCAGAATGA]
13:31:32.288 - INFO - CDS - contig=contig_157, start=82283, stop=83230, strand=-, nt=[GTGAGTGGAA..GCTTGCCTGA]
13:31:32.288 - INFO - CDS - contig=contig_157, start=83227, stop=84045, strand=-, nt=[ATGAGCGGGC..ACGCGCGTGA]
13:31:32.288 - INFO - CDS - contig=contig_157, start=84042, stop=84899, strand=-, nt=[ATGAACGGAG..AAAGCCATGA]
13:31:32.289 - INFO - CDS - contig=contig_157, start=84896, stop=86278, strand=-, nt=[ATGTTTCAGC..CGGGGCATGA]
13:31:32.289 - INFO - CDS - contig=contig_157, start=86282, stop=86692, strand=-, nt=[ATGACCAACG..GGCGGTGTAA]
13:31:32.289 - INFO - CDS - contig=contig_157, start=86759, stop=86989, strand=-, nt=[ATGGAATTTG..CGCCAACTGA]
13:31:32.289 - INFO - CDS - contig=contig_157, start=87153, stop=87758, strand=+, nt=[ATGACACAGC..TCTGCTGTGA]
13:31:32.289 - INFO - CDS - contig=contig_157, start=87836, stop=89977, strand=-, nt=[ATGTCAACCG..GAAAAAGTAA]
13:31:32.289 - INFO - CDS - contig=contig_157, start=90162, stop=90428, strand=-, nt=[ATGATCCGCA..CCGTAAGTAA]
13:31:32.289 - INFO - CDS - contig=contig_157, start=90617, stop=91675, strand=-, nt=[GTGAAACTGC..GGCGGGATGA]
13:31:32.289 - INFO - CDS - contig=contig_157, start=91728, stop=92327, strand=-, nt=[ATGATCCAAT..GGGCTATTGA]
13:31:32.289 - INFO - CDS - contig=contig_157, start=92361, stop=93230, strand=-, nt=[ATGAAGCGTT..CGAGCTGTAA]
13:31:32.289 - INFO - CDS - contig=contig_157, start=93232, stop=95481, strand=-, nt=[ATGGCTAAGA..GGAGGAGTAA]
13:31:32.289 - INFO - CDS - contig=contig_157, start=95536, stop=97122, strand=-, nt=[ATGAAAAAGC..GCCCGACTGA]
13:31:32.289 - INFO - CDS - contig=contig_157, start=97168, stop=98727, strand=-, nt=[ATGAGAAAGA..GGCCGAGTAA]
13:31:32.289 - INFO - CDS - contig=contig_157, start=98873, stop=100972, strand=-, nt=[ATGAAACGCA..GGAGCTGTGA]
13:31:32.289 - INFO - CDS - contig=contig_157, start=101033, stop=103021, strand=-, nt=[ATGGCAAGGG..TATTTCGTAA]
13:31:32.289 - INFO - CDS - contig=contig_157, start=103167, stop=104417, strand=+, nt=[ATGCCGAAAC..AGACCTGTAA]
13:31:32.289 - INFO - CDS - contig=contig_157, start=104579, stop=105391, strand=+, nt=[GTGCTCTCTC..CGCCTCATGA]
13:31:32.289 - INFO - CDS - contig=contig_157, start=105963, stop=106739, strand=-, nt=[ATGATCCTCG..CGCTGTCTGA]
13:31:32.289 - INFO - CDS - contig=contig_157, start=106742, stop=107422, strand=-, nt=[ATGAACCACG..CGAGGTCTGA]
13:31:32.289 - INFO - CDS - contig=contig_157, start=107716, stop=108921, strand=+, nt=[ATGTTGAGCG..GGGTATGTAA]
13:31:32.289 - INFO - CDS - contig=contig_157, start=109070, stop=109621, strand=-, nt=[ATGAAACTTT..AAGTGAATGA]
13:31:32.289 - INFO - CDS - contig=contig_157, start=109910, stop=110821, strand=-, nt=[ATGGATTTCA..GAGCAAGTAA]
13:31:32.289 - INFO - CDS - contig=contig_157, start=110834, stop=111502, strand=-, nt=[ATGGCATTTA..GCAGCCGTAA]
13:31:32.289 - INFO - CDS - contig=contig_157, start=111512, stop=112735, strand=-, nt=[ATGGAAAAGA..GGAGGCGTAA]
13:31:32.289 - INFO - CDS - contig=contig_157, start=112900, stop=113796, strand=+, nt=[ATGGAGATCC..CGCCGTTTGA]
13:31:32.289 - INFO - CDS - contig=contig_157, start=114062, stop=114667, strand=+, nt=[GTGAAAAAAC..CCTTGGATAG]
13:31:32.289 - INFO - CDS - contig=contig_157, start=114822, stop=116339, strand=+, nt=[ATGATGACCC..GACCCGATAA]
13:31:32.289 - INFO - CDS - contig=contig_157, start=116403, stop=117578, strand=+, nt=[TTGAACGAGA..GGCAGAGTAA]
13:31:32.289 - INFO - CDS - contig=contig_157, start=117662, stop=118921, strand=+, nt=[ATGTCTCATA..GCCCCTGTGA]
13:31:32.289 - INFO - CDS - contig=contig_157, start=119148, stop=120956, strand=+, nt=[TTGAGAAACG..GAAAAAGTAA]
13:31:32.289 - INFO - CDS - contig=contig_157, start=121026, stop=122003, strand=-, nt=[ATGGACAGTT..TTTTGCATAG]
13:31:32.289 - INFO - CDS - contig=contig_157, start=122184, stop=122558, strand=+, nt=[ATGAACAAGA..AGTCAAGTAA]
13:31:32.289 - INFO - CDS - contig=contig_157, start=122788, stop=124215, strand=+, nt=[ATGTCTACTT..TCAGAAGTAA]
13:31:32.289 - INFO - CDS - contig=contig_157, start=124285, stop=124926, strand=-, nt=[ATGTCGGAAG..GGAGAACTGA]
13:31:32.289 - INFO - CDS - contig=contig_157, start=125322, stop=126662, strand=+, nt=[ATGCTTCTGC..CGCTTACTGA]
13:31:32.289 - INFO - CDS - contig=contig_157, start=126710, stop=129727, strand=+, nt=[ATGAGCGATA..GATCCGCTGA]
13:31:32.289 - INFO - CDS - contig=contig_157, start=129790, stop=130536, strand=-, nt=[GTGGAGACCA..AGTCCTGTAA]
13:31:32.289 - INFO - CDS - contig=contig_157, start=130520, stop=131257, strand=-, nt=[ATGTTTGACG..CCAGAGATAA]
13:31:32.289 - INFO - CDS - contig=contig_157, start=131351, stop=132241, strand=-, nt=[ATGAAAAACT..CATGAGCTGA]
13:31:32.289 - INFO - CDS - contig=contig_157, start=132446, stop=133021, strand=-, nt=[ATGGAAACCG..CGCAGCCTAA]
13:31:32.289 - INFO - CDS - contig=contig_157, start=133155, stop=133865, strand=-, nt=[ATGGACGCAG..AGAGGGGTAA]
13:31:32.289 - INFO - CDS - contig=contig_157, start=133850, stop=135022, strand=-, nt=[TTGGGTAGCC..GCAGCCTTGA]
13:31:32.289 - INFO - CDS - contig=contig_157, start=135044, stop=135646, strand=-, nt=[ATGGAAAGGA..CCGGGGCTGA]
13:31:32.289 - INFO - CDS - contig=contig_157, start=135851, stop=137629, strand=-, nt=[ATGAAGAAAC..CAAGGGCTGA]
13:31:32.289 - INFO - CDS - contig=contig_157, start=137835, stop=138860, strand=-, nt=[ATGGCTGAAA..GCTGGACTGA]
13:31:32.289 - INFO - CDS - contig=contig_157, start=138853, stop=139875, strand=-, nt=[ATGAGCGAAA..GAATGGCTGA]
13:31:32.289 - INFO - CDS - contig=contig_157, start=139895, stop=141199, strand=-, nt=[ATGGATGAAA..GAAGAAATAA]
13:31:32.290 - INFO - CDS - contig=contig_157, start=141201, stop=142136, strand=-, nt=[ATGGCAAAAT..GAACGGCTGA]
13:31:32.290 - INFO - CDS - contig=contig_157, start=142427, stop=143305, strand=-, nt=[ATGGTGGAAA..ATTCGACTAA]
13:31:32.290 - INFO - CDS - contig=contig_157, start=143360, stop=144280, strand=-, nt=[ATGATCACAT..GGAGGCCTGA]
13:31:32.290 - INFO - CDS - contig=contig_157, start=144315, stop=145484, strand=-, nt=[ATGGAAATCA..GATCCATTAA]
13:31:32.290 - INFO - CDS - contig=contig_157, start=145809, stop=146735, strand=-, nt=[ATGCTGGAGC..GGGGGGGTAG]
13:31:32.290 - INFO - CDS - contig=contig_157, start=146823, stop=147059, strand=+, nt=[ATGCTGATGC..GTTAGGATAG]
13:31:32.290 - INFO - CDS - contig=contig_157, start=147059, stop=147373, strand=+, nt=[GTGAAGAACG..TTCTAAGTAA]
13:31:32.290 - INFO - CDS - contig=contig_157, start=147357, stop=148034, strand=+, nt=[GTGGATATTC..TCGGTCCTAA]
13:31:32.290 - INFO - CDS - contig=contig_157, start=148588, stop=150336, strand=+, nt=[ATGACTGCCC..ACTGTCCTGA]
13:31:32.290 - INFO - CDS - contig=contig_157, start=150375, stop=150845, strand=+, nt=[ATGCTGTATT..CGCCCCTTGA]
13:31:32.290 - INFO - CDS - contig=contig_157, start=150832, stop=151743, strand=+, nt=[ATGACGCCCC..GCGGAAATGA]
13:31:32.290 - INFO - CDS - contig=contig_157, start=152022, stop=152603, strand=+, nt=[ATGGAAAACA..CCTCCGTTAA]
13:31:32.290 - INFO - CDS - contig=contig_157, start=152618, stop=153424, strand=+, nt=[TTGGGAAAAT..AACTTATTAA]
13:31:32.290 - INFO - CDS - contig=contig_157, start=153616, stop=154383, strand=+, nt=[ATGGAGACCA..GCGCCCCTGA]
13:31:32.290 - INFO - CDS - contig=contig_157, start=154635, stop=155375, strand=-, nt=[ATGGCCGAAC..GGAAAACTAA]
13:31:32.290 - INFO - CDS - contig=contig_157, start=155377, stop=156213, strand=-, nt=[ATGGAGATCT..GAGGATGTGA]
13:31:32.290 - INFO - CDS - contig=contig_157, start=156293, stop=157216, strand=-, nt=[ATGAAAAAGA..CGAGATTTAA]
13:31:32.290 - INFO - CDS - contig=contig_157, start=157579, stop=157854, strand=-, nt=[ATGAAGGAAA..CAAAAGCTGA]
13:31:32.290 - INFO - CDS - contig=contig_157, start=157900, stop=158646, strand=-, nt=[TTGTCCCGTC..GCGCCAGTGA]
13:31:32.290 - INFO - CDS - contig=contig_157, start=158776, stop=159576, strand=-, nt=[GTGCTGGTTT..AAAGCTTTGA]
13:31:32.290 - INFO - CDS - contig=contig_157, start=159564, stop=160280, strand=-, nt=[ATGGGGATGT..CTGGTTTTGA]
13:31:32.290 - INFO - CDS - contig=contig_157, start=160284, stop=160841, strand=-, nt=[TTGGTCGAGA..AGCGGCGTGA]
13:31:32.290 - INFO - CDS - contig=contig_157, start=161054, stop=161515, strand=+, nt=[ATGACCGACG..AGAGGAGTAG]
13:31:32.290 - INFO - CDS - contig=contig_157, start=162161, stop=162355, strand=+, nt=[ATGAAGTGCC..CAAGTATTAA]
13:31:32.290 - INFO - CDS - contig=contig_157, start=162384, stop=165200, strand=+, nt=[ATGGACTACA..CGGTGAATAA]
13:31:32.290 - INFO - CDS - contig=contig_157, start=165193, stop=165975, strand=+, nt=[GTGAATAAGA..GTATCTGTGA]
13:31:32.290 - INFO - CDS - contig=contig_157, start=165988, stop=166203, strand=+, nt=[ATGTACGAGT..GGAAACTTGA]
13:31:32.290 - INFO - CDS - contig=contig_157, start=166245, stop=166454, strand=+, nt=[ATGATTACGG..GAAGGATTGA]
13:31:32.290 - INFO - CDS - contig=contig_157, start=166570, stop=168087, strand=-, nt=[ATGAGCTGGG..GCTGCTGTAA]
13:31:32.290 - INFO - CDS - contig=contig_157, start=168084, stop=168725, strand=-, nt=[ATGAGTACCA..GGGCAGATGA]
13:31:32.290 - INFO - CDS - contig=contig_157, start=168722, stop=169834, strand=-, nt=[ATGATCCAAT..CGGAGAATGA]
13:31:32.290 - INFO - CDS - contig=contig_157, start=169821, stop=170471, strand=-, nt=[ATGAGATCAA..TCCAATTTGA]
13:31:32.290 - INFO - CDS - contig=contig_157, start=170657, stop=170926, strand=-, nt=[ATGAAGTATC..CGGAAAATAA]
13:31:32.290 - INFO - CDS - contig=contig_157, start=170990, stop=171610, strand=-, nt=[TTGAACAGCA..CCCGCTGTAA]
13:31:32.290 - INFO - CDS - contig=contig_157, start=172245, stop=172610, strand=+, nt=[ATGCATTTTA..GCTGAAGTGA]
13:31:32.290 - INFO - CDS - contig=contig_157, start=172661, stop=173542, strand=+, nt=[ATGGAAAAGA..GTGGAAGTAA]
13:31:32.290 - INFO - CDS - contig=contig_158, start=13, stop=279, strand=-, frame=3, truncated=no, start-type=ATG, RBS-motif=AGGAG
13:31:32.290 - INFO - CDS - contig=contig_158, start=13, stop=279, strand=-, nt=[ATGAAATTTA..GGGGGAATAA]
13:31:32.290 - INFO - CDS - contig=contig_160, start=18, stop=776, strand=+, frame=3, truncated=no, start-type=TTG, RBS-motif=None
13:31:32.290 - INFO - CDS - contig=contig_160, start=18, stop=776, strand=+, nt=[TTGAAAGCAT..TCTTTTGTGA]
13:31:32.290 - INFO - CDS - contig=contig_161, start=54, stop=188, strand=+, frame=3, truncated=no, start-type=ATG, RBS-motif=4Base/6BMM
13:31:32.290 - INFO - CDS - contig=contig_161, start=54, stop=188, strand=+, nt=[ATGGATACCG..CGGCAAATAA]
13:31:32.290 - INFO - CDS - contig=contig_164, start=160, stop=354, strand=+, frame=1, truncated=no, start-type=ATG, RBS-motif=AGGAG
13:31:32.290 - INFO - CDS - contig=contig_164, start=160, stop=354, strand=+, nt=[ATGATAAAAC..TCACGACTAA]
13:31:32.370 - INFO - CDS - contig=contig_342, start=3, stop=419, strand=+, frame=3, truncated=5-prime, start-type=Edge, RBS-motif=None
13:31:32.370 - INFO - CDS - contig=contig_342, start=487, stop=1209, strand=+, frame=1, truncated=no, start-type=ATG, RBS-motif=AGGAGG
13:31:32.370 - INFO - CDS - contig=contig_342, start=1254, stop=1622, strand=+, frame=3, truncated=no, start-type=GTG, RBS-motif=GGAGG
13:31:32.370 - INFO - CDS - contig=contig_342, start=1622, stop=2026, strand=+, frame=2, truncated=no, start-type=ATG, RBS-motif=None
13:31:32.371 - INFO - CDS - contig=contig_342, start=1980, stop=2402, strand=-, frame=2, truncated=no, start-type=ATG, RBS-motif=3Base/5BMM
13:31:32.371 - INFO - CDS - contig=contig_342, start=2404, stop=2724, strand=-, frame=1, truncated=no, start-type=ATG, RBS-motif=AGGA
13:31:32.371 - INFO - CDS - contig=contig_342, start=2754, stop=3611, strand=-, frame=2, truncated=no, start-type=ATG, RBS-motif=AGGAGG
13:31:32.371 - INFO - CDS - contig=contig_342, start=3608, stop=3892, strand=-, frame=3, truncated=no, start-type=GTG, RBS-motif=GGAGG
13:31:32.371 - INFO - CDS - contig=contig_342, start=4048, stop=4902, strand=+, frame=1, truncated=no, start-type=ATG, RBS-motif=GGAG/GAGG
13:31:32.371 - INFO - CDS - contig=contig_342, start=5119, stop=6012, strand=+, frame=1, truncated=no, start-type=GTG, RBS-motif=AGGA
13:31:32.371 - INFO - CDS - contig=contig_342, start=6063, stop=7394, strand=-, frame=2, truncated=no, start-type=ATG, RBS-motif=GGAG/GAGG
13:31:32.371 - INFO - CDS - contig=contig_342, start=7524, stop=9002, strand=-, frame=2, truncated=no, start-type=ATG, RBS-motif=AGxAGG/AGGxGG
13:31:32.371 - INFO - CDS - contig=contig_342, start=9016, stop=10539, strand=-, frame=1, truncated=no, start-type=ATG, RBS-motif=AGGAG/GGAGG
13:31:32.371 - INFO - CDS - contig=contig_342, start=10740, stop=10910, strand=-, frame=2, truncated=no, start-type=TTG, RBS-motif=AGxAGG/AGGxGG
13:31:32.371 - INFO - CDS - contig=contig_342, start=10982, stop=11629, strand=-, frame=3, truncated=no, start-type=ATG, RBS-motif=AGGAGG
13:31:32.371 - INFO - CDS - contig=contig_342, start=11614, stop=12492, strand=-, frame=1, truncated=no, start-type=ATG, RBS-motif=GGA/GAG/AGG
13:31:32.371 - INFO - CDS - contig=contig_342, start=12492, stop=14519, strand=-, frame=2, truncated=no, start-type=ATG, RBS-motif=AGxAGG/AGGxGG
13:31:32.371 - INFO - CDS - contig=contig_342, start=14534, stop=15268, strand=-, frame=3, truncated=no, start-type=ATG, RBS-motif=GGAGG
13:31:32.371 - INFO - CDS - contig=contig_342, start=15265, stop=16293, strand=-, frame=1, truncated=no, start-type=GTG, RBS-motif=AGGAGG
13:31:32.371 - INFO - CDS - contig=contig_342, start=16310, stop=17626, strand=-, frame=3, truncated=no, start-type=ATG, RBS-motif=GGAG/GAGG
13:31:32.371 - INFO - CDS - contig=contig_342, start=17626, stop=18549, strand=-, frame=1, truncated=no, start-type=ATG, RBS-motif=AGGA/GGAG/GAGG
13:31:32.371 - INFO - CDS - contig=contig_342, start=18555, stop=19064, strand=-, frame=2, truncated=no, start-type=ATG, RBS-motif=AGGAGG
13:31:32.371 - INFO - CDS - contig=contig_342, start=19078, stop=21552, strand=-, frame=1, truncated=no, start-type=ATG, RBS-motif=GGAG/GAGG
13:31:32.371 - INFO - CDS - contig=contig_342, start=21619, stop=21819, strand=-, frame=1, truncated=no, start-type=ATG, RBS-motif=AGGAG
13:31:32.371 - INFO - CDS - contig=contig_342, start=21825, stop=22433, strand=-, frame=2, truncated=no, start-type=GTG, RBS-motif=AGGAGG
13:31:32.371 - INFO - CDS - contig=contig_342, start=22430, stop=22699, strand=-, frame=3, truncated=no, start-type=ATG, RBS-motif=GGxGG
13:31:32.371 - INFO - CDS - contig=contig_342, start=22721, stop=23587, strand=-, frame=3, truncated=no, start-type=ATG, RBS-motif=3Base/5BMM
13:31:32.371 - INFO - CDS - contig=contig_342, start=23694, stop=24287, strand=-, frame=2, truncated=no, start-type=ATG, RBS-motif=AGGAG
13:31:32.371 - INFO - CDS - contig=contig_342, start=24284, stop=25159, strand=-, frame=3, truncated=no, start-type=GTG, RBS-motif=GGAG/GAGG
13:31:32.371 - INFO - CDS - contig=contig_342, start=25162, stop=25587, strand=-, frame=1, truncated=no, start-type=ATG, RBS-motif=AGGAG
13:31:32.371 - INFO - CDS - contig=contig_342, start=25602, stop=26837, strand=-, frame=2, truncated=no, start-type=ATG, RBS-motif=AGGAGG
13:31:32.371 - INFO - CDS - contig=contig_342, start=26815, stop=27705, strand=-, frame=1, truncated=no, start-type=ATG, RBS-motif=AGGAGG
13:31:32.372 - INFO - CDS - contig=contig_342, start=27958, stop=28263, strand=-, frame=1, truncated=no, start-type=GTG, RBS-motif=None
13:31:32.372 - INFO - CDS - contig=contig_342, start=28321, stop=29418, strand=-, frame=1, truncated=no, start-type=ATG, RBS-motif=AGGAGG
13:31:32.372 - INFO - CDS - contig=contig_342, start=29418, stop=33953, strand=-, frame=2, truncated=no, start-type=ATG, RBS-motif=GGA/GAG/AGG
13:31:32.372 - INFO - CDS - contig=contig_342, start=34011, stop=35228, strand=-, frame=2, truncated=no, start-type=ATG, RBS-motif=AGGAGG
13:31:32.372 - INFO - CDS - contig=contig_342, start=35242, stop=36045, strand=-, frame=1, truncated=no, start-type=ATG, RBS-motif=AGGAGG
13:31:32.372 - INFO - CDS - contig=contig_342, start=36186, stop=36728, strand=-, frame=2, truncated=no, start-type=ATG, RBS-motif=AGGAG
13:31:32.372 - INFO - CDS - contig=contig_342, start=36811, stop=38142, strand=-, frame=1, truncated=no, start-type=ATG, RBS-motif=GGAG/GAGG
13:31:32.372 - INFO - CDS - contig=contig_342, start=38492, stop=39049, strand=+, frame=2, truncated=no, start-type=ATG, RBS-motif=GGA/GAG/AGG
13:31:32.372 - INFO - CDS - contig=contig_342, start=39081, stop=39449, strand=+, frame=3, truncated=no, start-type=ATG, RBS-motif=AGGAGG
13:31:32.372 - INFO - CDS - contig=contig_342, start=39468, stop=40352, strand=+, frame=3, truncated=no, start-type=ATG, RBS-motif=GGAGG
13:31:32.372 - INFO - CDS - contig=contig_342, start=40447, stop=42399, strand=+, frame=1, truncated=no, start-type=ATG, RBS-motif=GGAGG
13:31:32.372 - INFO - CDS - contig=contig_342, start=42840, stop=43529, strand=+, frame=3, truncated=no, start-type=ATG, RBS-motif=AGGAGG
13:31:32.372 - INFO - CDS - contig=contig_342, start=43513, stop=44733, strand=-, frame=1, truncated=no, start-type=ATG, RBS-motif=GGAGG
13:31:32.372 - INFO - CDS - contig=contig_342, start=44920, stop=46119, strand=+, frame=1, truncated=no, start-type=ATG, RBS-motif=AGGAG
13:31:32.372 - INFO - CDS - contig=contig_342, start=46449, stop=47795, strand=-, frame=2, truncated=no, start-type=ATG, RBS-motif=AGGAG
13:31:32.372 - INFO - CDS - contig=contig_342, start=47994, stop=49352, strand=-, frame=2, truncated=no, start-type=ATG, RBS-motif=GGAG/GAGG
13:31:32.372 - INFO - CDS - contig=contig_342, start=49590, stop=51188, strand=+, frame=3, truncated=no, start-type=TTG, RBS-motif=None
13:31:32.372 - INFO - CDS - contig=contig_342, start=51319, stop=52452, strand=+, frame=1, truncated=no, start-type=ATG, RBS-motif=AGGA
13:31:32.372 - INFO - CDS - contig=contig_342, start=52499, stop=52873, strand=-, frame=3, truncated=no, start-type=ATG, RBS-motif=GGAG/GAGG
13:31:32.372 - INFO - CDS - contig=contig_342, start=52899, stop=54269, strand=-, frame=2, truncated=no, start-type=ATG, RBS-motif=AGGAGG
13:31:32.372 - INFO - CDS - contig=contig_342, start=54493, stop=55287, strand=-, frame=1, truncated=no, start-type=ATG, RBS-motif=AGGAGG
13:31:32.372 - INFO - CDS - contig=contig_342, start=55280, stop=56224, strand=-, frame=3, truncated=no, start-type=ATG, RBS-motif=GGxGG
13:31:32.372 - INFO - CDS - contig=contig_342, start=56321, stop=57322, strand=-, frame=3, truncated=no, start-type=ATG, RBS-motif=GGAGG
13:31:32.372 - INFO - CDS - contig=contig_342, start=57488, stop=58177, strand=+, frame=2, truncated=no, start-type=ATG, RBS-motif=AGGAGG
13:31:32.372 - INFO - CDS - contig=contig_342, start=58263, stop=58991, strand=+, frame=3, truncated=no, start-type=TTG, RBS-motif=AGGAGG
13:31:32.372 - INFO - CDS - contig=contig_342, start=58988, stop=59677, strand=+, frame=2, truncated=no, start-type=ATG, RBS-motif=AGGAGG
13:31:32.373 - INFO - CDS - contig=contig_342, start=59692, stop=60237, strand=+, frame=1, truncated=no, start-type=ATG, RBS-motif=AGGAGG
13:31:32.373 - INFO - CDS - contig=contig_342, start=60593, stop=61738, strand=+, frame=2, truncated=no, start-type=ATG, RBS-motif=AGGAG
13:31:32.373 - INFO - CDS - contig=contig_342, start=61731, stop=62945, strand=+, frame=3, truncated=no, start-type=ATG, RBS-motif=GGA/GAG/AGG
13:31:32.373 - INFO - CDS - contig=contig_342, start=62942, stop=64057, strand=+, frame=2, truncated=no, start-type=TTG, RBS-motif=GGAGG
13:31:32.373 - INFO - CDS - contig=contig_342, start=64352, stop=67030, strand=+, frame=2, truncated=no, start-type=ATG, RBS-motif=AGGAGG
13:31:32.373 - INFO - CDS - contig=contig_342, start=67044, stop=67373, strand=+, frame=3, truncated=no, start-type=ATG, RBS-motif=GGxGG
13:31:32.373 - INFO - CDS - contig=contig_342, start=67396, stop=67734, strand=+, frame=1, truncated=no, start-type=ATG, RBS-motif=AGGAG
13:31:32.373 - INFO - CDS - contig=contig_342, start=67742, stop=69754, strand=+, frame=2, truncated=no, start-type=ATG, RBS-motif=None
13:31:32.373 - INFO - CDS - contig=contig_342, start=70043, stop=70267, strand=-, frame=3, truncated=no, start-type=ATG, RBS-motif=GGAGG
13:31:32.373 - INFO - CDS - contig=contig_342, start=70361, stop=70600, strand=-, frame=3, truncated=no, start-type=ATG, RBS-motif=GGAG/GAGG
13:31:32.373 - INFO - CDS - contig=contig_342, start=70827, stop=72587, strand=-, frame=2, truncated=no, start-type=ATG, RBS-motif=AGGAG/GGAGG
13:31:32.373 - INFO - CDS - contig=contig_342, start=72581, stop=74419, strand=-, frame=3, truncated=no, start-type=ATG, RBS-motif=AGGAG
13:31:32.373 - INFO - CDS - contig=contig_342, start=74682, stop=75692, strand=-, frame=2, truncated=no, start-type=ATG, RBS-motif=GGAGG
13:31:32.373 - INFO - CDS - contig=contig_342, start=75689, stop=76276, strand=-, frame=3, truncated=no, start-type=ATG, RBS-motif=AGGAGG
13:31:32.373 - INFO - CDS - contig=contig_342, start=76269, stop=76736, strand=-, frame=2, truncated=no, start-type=ATG, RBS-motif=GGAG/GAGG
13:31:32.373 - INFO - CDS - contig=contig_342, start=76733, stop=79465, strand=-, frame=3, truncated=no, start-type=ATG, RBS-motif=AGGAGG
13:31:32.373 - INFO - CDS - contig=contig_342, start=79556, stop=80914, strand=-, frame=3, truncated=no, start-type=GTG, RBS-motif=AGxAGG/AGGxGG
13:31:32.373 - INFO - CDS - contig=contig_342, start=81007, stop=82179, strand=+, frame=1, truncated=no, start-type=ATG, RBS-motif=AGGA
13:31:32.373 - INFO - CDS - contig=contig_342, start=82246, stop=83007, strand=-, frame=1, truncated=no, start-type=ATG, RBS-motif=AGGAGG
13:31:32.373 - INFO - CDS - contig=contig_342, start=83137, stop=83493, strand=-, frame=1, truncated=no, start-type=ATG, RBS-motif=AGGAGG
13:31:32.373 - INFO - CDS - contig=contig_342, start=83532, stop=83735, strand=-, frame=2, truncated=no, start-type=ATG, RBS-motif=AGGAG
13:31:32.373 - INFO - CDS - contig=contig_342, start=83769, stop=84404, strand=-, frame=2, truncated=no, start-type=ATG, RBS-motif=GGA/GAG/AGG
13:31:32.373 - INFO - CDS - contig=contig_342, start=84592, stop=84831, strand=+, frame=1, truncated=no, start-type=ATG, RBS-motif=GGAG/GAGG
13:31:32.373 - INFO - CDS - contig=contig_342, start=85221, stop=86216, strand=+, frame=3, truncated=no, start-type=ATG, RBS-motif=AGxAGG/AGGxGG
13:31:32.373 - INFO - CDS - contig=contig_342, start=86435, stop=86548, strand=+, frame=2, truncated=no, start-type=ATG, RBS-motif=AGGAG
13:31:32.373 - INFO - CDS - contig=contig_342, start=86618, stop=86884, strand=-, frame=3, truncated=no, start-type=ATG, RBS-motif=AGGAG
13:31:32.374 - INFO - CDS - contig=contig_342, start=86969, stop=89482, strand=+, frame=2, truncated=no, start-type=TTG, RBS-motif=3Base/5BMM
13:31:32.374 - INFO - CDS - contig=contig_342, start=90201, stop=90410, strand=+, frame=3, truncated=no, start-type=GTG, RBS-motif=AGGAGG
13:31:32.374 - INFO - CDS - contig=contig_342, start=90407, stop=90610, strand=+, frame=2, truncated=no, start-type=ATG, RBS-motif=AGGAG
13:31:32.374 - INFO - CDS - contig=contig_342, start=90607, stop=90756, strand=+, frame=1, truncated=no, start-type=ATG, RBS-motif=GGxGG
13:31:32.374 - INFO - CDS - contig=contig_342, start=90756, stop=90965, strand=+, frame=3, truncated=no, start-type=ATG, RBS-motif=AGxAGG/AGGxGG
13:31:32.374 - INFO - CDS - contig=contig_342, start=91012, stop=91185, strand=+, frame=1, truncated=no, start-type=ATG, RBS-motif=AGGA
13:31:32.374 - INFO - CDS - contig=contig_342, start=91249, stop=91941, strand=+, frame=1, truncated=no, start-type=ATG, RBS-motif=GGAG/GAGG
13:31:32.374 - INFO - CDS - contig=contig_342, start=92599, stop=93651, strand=+, frame=1, truncated=no, start-type=ATG, RBS-motif=AGGAG
13:31:32.374 - INFO - CDS - contig=contig_342, start=93666, stop=94019, strand=-, frame=2, truncated=no, start-type=ATG, RBS-motif=AGGAGG
13:31:32.374 - INFO - CDS - contig=contig_342, start=94424, stop=95650, strand=+, frame=2, truncated=no, start-type=ATG, RBS-motif=AGGAG
13:31:32.374 - INFO - CDS - contig=contig_342, start=95693, stop=96880, strand=+, frame=2, truncated=no, start-type=TTG, RBS-motif=AGxAGG/AGGxGG
13:31:32.374 - INFO - CDS - contig=contig_342, start=96933, stop=97694, strand=-, frame=2, truncated=no, start-type=ATG, RBS-motif=AGGA
13:31:32.374 - INFO - CDS - contig=contig_342, start=97721, stop=98611, strand=-, frame=3, truncated=no, start-type=ATG, RBS-motif=AGGA
13:31:32.374 - INFO - CDS - contig=contig_342, start=98627, stop=99712, strand=-, frame=3, truncated=no, start-type=ATG, RBS-motif=GGAGG
13:31:32.374 - INFO - CDS - contig=contig_342, start=100085, stop=101737, strand=+, frame=2, truncated=no, start-type=ATG, RBS-motif=AGGAG
13:31:32.374 - INFO - CDS - contig=contig_342, start=101758, stop=102786, strand=+, frame=1, truncated=no, start-type=ATG, RBS-motif=GGA/GAG/AGG
13:31:32.374 - INFO - CDS - contig=contig_342, start=102824, stop=103954, strand=+, frame=2, truncated=no, start-type=GTG, RBS-motif=AGGAG
13:31:32.374 - INFO - CDS - contig=contig_342, start=104041, stop=104325, strand=+, frame=1, truncated=no, start-type=TTG, RBS-motif=GGAGG
13:31:32.374 - INFO - CDS - contig=contig_342, start=104394, stop=104825, strand=+, frame=3, truncated=no, start-type=ATG, RBS-motif=GGAGG
13:31:32.374 - INFO - CDS - contig=contig_342, start=105229, stop=105855, strand=+, frame=1, truncated=no, start-type=ATG, RBS-motif=GGAGG
13:31:32.374 - INFO - CDS - contig=contig_342, start=105886, stop=106764, strand=+, frame=1, truncated=no, start-type=ATG, RBS-motif=AGxAGG/AGGxGG
13:31:32.374 - INFO - CDS - contig=contig_342, start=106890, stop=107096, strand=+, frame=3, truncated=no, start-type=ATG, RBS-motif=GGAGG
13:31:32.374 - INFO - CDS - contig=contig_342, start=107176, stop=107892, strand=+, frame=1, truncated=no, start-type=ATG, RBS-motif=GGAGG
13:31:32.374 - INFO - CDS - contig=contig_342, start=107880, stop=108674, strand=+, frame=3, truncated=no, start-type=GTG, RBS-motif=AGGAG
13:31:32.374 - INFO - CDS - contig=contig_342, start=108740, stop=109468, strand=+, frame=2, truncated=no, start-type=ATG, RBS-motif=GGA/GAG/AGG
13:31:32.374 - INFO - CDS - contig=contig_342, start=109561, stop=111381, strand=+, frame=1, truncated=no, start-type=GTG, RBS-motif=AGGAGG
13:31:32.374 - INFO - CDS - contig=contig_342, start=111381, stop=113222, strand=+, frame=3, truncated=no, start-type=ATG, RBS-motif=AGxAGG/AGGxGG
13:31:32.374 - INFO - CDS - contig=contig_342, start=113777, stop=115174, strand=+, frame=2, truncated=no, start-type=ATG, RBS-motif=AGGAGG
13:31:32.375 - INFO - CDS - contig=contig_342, start=115192, stop=116229, strand=+, frame=1, truncated=no, start-type=ATG, RBS-motif=AGGA
13:31:32.375 - INFO - CDS - contig=contig_342, start=116230, stop=117261, strand=+, frame=1, truncated=no, start-type=ATG, RBS-motif=AGGAGG
13:31:32.375 - INFO - CDS - contig=contig_342, start=117263, stop=118255, strand=+, frame=2, truncated=no, start-type=ATG, RBS-motif=GGAGG
13:31:32.375 - INFO - CDS - contig=contig_342, start=118274, stop=119524, strand=+, frame=2, truncated=no, start-type=ATG, RBS-motif=AGGAG/GGAGG
13:31:32.375 - INFO - CDS - contig=contig_342, start=119568, stop=120260, strand=+, frame=3, truncated=no, start-type=ATG, RBS-motif=AGxAGG/AGGxGG
13:31:32.375 - INFO - CDS - contig=contig_342, start=120277, stop=120879, strand=+, frame=1, truncated=no, start-type=TTG, RBS-motif=AGGAGG
13:31:32.375 - INFO - CDS - contig=contig_342, start=120896, stop=122884, strand=+, frame=2, truncated=no, start-type=ATG, RBS-motif=GGA/GAG/AGG
13:31:32.375 - INFO - CDS - contig=contig_342, start=122944, stop=123447, strand=-, frame=1, truncated=no, start-type=ATG, RBS-motif=AGGAGG
13:31:32.375 - INFO - CDS - contig=contig_342, start=123586, stop=124218, strand=+, frame=1, truncated=no, start-type=ATG, RBS-motif=GGA/GAG/AGG
13:31:32.375 - INFO - CDS - contig=contig_342, start=124215, stop=125306, strand=+, frame=3, truncated=no, start-type=ATG, RBS-motif=GGAGG
13:31:32.375 - INFO - CDS - contig=contig_342, start=125408, stop=125965, strand=+, frame=2, truncated=no, start-type=TTG, RBS-motif=AGGAGG
13:31:32.375 - INFO - CDS - contig=contig_342, start=125919, stop=126968, strand=-, frame=2, truncated=no, start-type=TTG, RBS-motif=GGxGG
13:31:32.375 - INFO - CDS - contig=contig_342, start=127092, stop=128465, strand=-, frame=2, truncated=no, start-type=ATG, RBS-motif=AGGAG
13:31:32.375 - INFO - CDS - contig=contig_342, start=128477, stop=128728, strand=-, frame=3, truncated=no, start-type=ATG, RBS-motif=AGGAG
13:31:32.375 - INFO - CDS - contig=contig_342, start=128805, stop=129527, strand=-, frame=2, truncated=no, start-type=GTG, RBS-motif=GGAGG
13:31:32.375 - INFO - CDS - contig=contig_342, start=129681, stop=130139, strand=+, frame=3, truncated=no, start-type=TTG, RBS-motif=AGGAGG
13:31:32.375 - INFO - CDS - contig=contig_342, start=130143, stop=130361, strand=+, frame=3, truncated=no, start-type=ATG, RBS-motif=AGGAG(G)/GGAGG
13:31:32.375 - INFO - CDS - contig=contig_342, start=130733, stop=131971, strand=-, frame=3, truncated=no, start-type=ATG, RBS-motif=GGA/GAG/AGG
13:31:32.375 - INFO - CDS - contig=contig_342, start=131968, stop=133725, strand=-, frame=1, truncated=no, start-type=ATG, RBS-motif=GGAGG
13:31:32.375 - INFO - CDS - contig=contig_342, start=133716, stop=135464, strand=-, frame=2, truncated=no, start-type=GTG, RBS-motif=GGAGG
13:31:32.375 - INFO - CDS - contig=contig_342, start=136154, stop=136333, strand=-, frame=3, truncated=no, start-type=ATG, RBS-motif=AGGAGG
13:31:32.375 - INFO - CDS - contig=contig_342, start=136950, stop=138560, strand=+, frame=3, truncated=no, start-type=ATG, RBS-motif=GGAG/GAGG
13:31:32.375 - INFO - CDS - contig=contig_342, start=138611, stop=138997, strand=+, frame=2, truncated=no, start-type=ATG, RBS-motif=None
13:31:32.375 - INFO - CDS - contig=contig_342, start=138967, stop=139224, strand=-, frame=1, truncated=no, start-type=ATG, RBS-motif=None
13:31:32.375 - INFO - CDS - contig=contig_342, start=139318, stop=139710, strand=+, frame=1, truncated=no, start-type=TTG, RBS-motif=AGGAGG
13:31:32.375 - INFO - CDS - contig=contig_342, start=139723, stop=140940, strand=+, frame=1, truncated=no, start-type=ATG, RBS-motif=AGGAGG
13:31:32.375 - INFO - CDS - contig=contig_342, start=140944, stop=141537, strand=+, frame=1, truncated=no, start-type=ATG, RBS-motif=AGGAGG
13:31:32.376 - INFO - CDS - contig=contig_342, start=141601, stop=142833, strand=-, frame=1, truncated=no, start-type=ATG, RBS-motif=AGxAGG/AGGxGG
13:31:32.376 - INFO - CDS - contig=contig_342, start=142891, stop=144108, strand=-, frame=1, truncated=no, start-type=ATG, RBS-motif=AGGAG
13:31:32.376 - INFO - CDS - contig=contig_342, start=144148, stop=144588, strand=-, frame=1, truncated=no, start-type=ATG, RBS-motif=AGGAG/GGAGG
13:31:32.376 - INFO - CDS - contig=contig_342, start=144791, stop=147472, strand=-, frame=3, truncated=no, start-type=GTG, RBS-motif=GGAGG
13:31:32.376 - INFO - CDS - contig=contig_342, start=147707, stop=148015, strand=+, frame=2, truncated=no, start-type=ATG, RBS-motif=GGAG/GAGG
13:31:32.376 - INFO - CDS - contig=contig_342, start=148410, stop=149753, strand=+, frame=3, truncated=3-prime, start-type=ATG, RBS-motif=GGAG/GAGG
13:31:32.376 - INFO - CDS - truncated CDS: contig=contig_342, start=3, stop=419, strand=+, frame=3, truncated=5-prime, start-type=Edge, RBS-motif=None, aa-hexdigest=59e6ec58b9dc79ad0a5d6ed363c11821, aa=[SVSKGGEYTF..APEVSKSPAA]
13:31:32.376 - INFO - CDS - truncated CDS: contig=contig_342, start=148410, stop=149753, strand=+, frame=3, truncated=3-prime, start-type=ATG, RBS-motif=GGAG/GAGG, aa-hexdigest=b2e3d7e59debe454364c25a5a002e57d, aa=[MSASDKKQQR..KLARENSEDP]
13:31:32.376 - INFO - CDS - contig=contig_342, start=487, stop=1209, strand=+, nt=[ATGGGAGACG..ACACGGATAA]
13:31:32.376 - INFO - CDS - contig=contig_342, start=1254, stop=1622, strand=+, nt=[GTGTCAATAG..TTTCTCCTGA]
13:31:32.376 - INFO - CDS - contig=contig_342, start=1622, stop=2026, strand=+, nt=[ATGGCGGCCT..TCCAAAATGA]
13:31:32.376 - INFO - CDS - contig=contig_342, start=1980, stop=2402, strand=-, nt=[ATGCGGATCA..TCCGGACTGA]
13:31:32.376 - INFO - CDS - contig=contig_342, start=2404, stop=2724, strand=-, nt=[ATGGCACTGA..CAATCTGTAA]
13:31:32.376 - INFO - CDS - contig=contig_342, start=2754, stop=3611, strand=-, nt=[ATGAGTTACG..ACAAAAATAA]
13:31:32.376 - INFO - CDS - contig=contig_342, start=3608, stop=3892, strand=-, nt=[GTGGAGGAGG..AGAAAAATGA]
13:31:32.376 - INFO - CDS - contig=contig_342, start=4048, stop=4902, strand=+, nt=[ATGGGAGAAC..CATTCTGTGA]
13:31:32.376 - INFO - CDS - contig=contig_342, start=5119, stop=6012, strand=+, nt=[GTGAACTGGT..ACAGGAATAA]
13:31:32.376 - INFO - CDS - contig=contig_342, start=6063, stop=7394, strand=-, nt=[ATGTCCGACG..CGGTATCTGA]
13:31:32.376 - INFO - CDS - contig=contig_342, start=7524, stop=9002, strand=-, nt=[ATGGAAGAAA..CATACTGTGA]
13:31:32.376 - INFO - CDS - contig=contig_342, start=9016, stop=10539, strand=-, nt=[ATGGAATTAG..GAAACGGTAA]
13:31:32.376 - INFO - CDS - contig=contig_342, start=10740, stop=10910, strand=-, nt=[TTGCTGTCGG..GCGGCGTTGA]
13:31:32.376 - INFO - CDS - contig=contig_342, start=10982, stop=11629, strand=-, nt=[ATGGGAGCGG..CACAAACTGA]
13:31:32.376 - INFO - CDS - contig=contig_342, start=11614, stop=12492, strand=-, nt=[ATGGAGGGAA..GCGGAAATGA]
13:31:32.376 - INFO - CDS - contig=contig_342, start=12492, stop=14519, strand=-, nt=[ATGGATCAGT..TTCCGCGTGA]
13:31:32.376 - INFO - CDS - contig=contig_342, start=14534, stop=15268, strand=-, nt=[ATGATACGAG..AATTGCGTAA]
13:31:32.376 - INFO - CDS - contig=contig_342, start=15265, stop=16293, strand=-, nt=[GTGATCGATC..AGCGGAATGA]
13:31:32.376 - INFO - CDS - contig=contig_342, start=16310, stop=17626, strand=-, nt=[ATGGCCCCGT..CAGGGCGTAG]
13:31:32.376 - INFO - CDS - contig=contig_342, start=17626, stop=18549, strand=-, nt=[ATGCGGATCC..CGTCCTCTGA]
13:31:32.376 - INFO - CDS - contig=contig_342, start=18555, stop=19064, strand=-, nt=[ATGGCCATTC..GGACCGGTGA]
13:31:32.376 - INFO - CDS - contig=contig_342, start=19078, stop=21552, strand=-, nt=[ATGTCGGTTC..CATGAATTGA]
13:31:32.376 - INFO - CDS - contig=contig_342, start=21619, stop=21819, strand=-, nt=[ATGATGCTCG..AGAGACCTAA]
13:31:32.376 - INFO - CDS - contig=contig_342, start=21825, stop=22433, strand=-, nt=[GTGATACGAA..AGGAGTTTGA]
13:31:32.376 - INFO - CDS - contig=contig_342, start=22430, stop=22699, strand=-, nt=[ATGAAACTGA..GGCCACGTGA]
13:31:32.376 - INFO - CDS - contig=contig_342, start=22721, stop=23587, strand=-, nt=[ATGACCGGAT..TCTGGAATGA]
13:31:32.376 - INFO - CDS - contig=contig_342, start=23694, stop=24287, strand=-, nt=[ATGAACGATC..CTGCTGCTGA]
13:31:32.376 - INFO - CDS - contig=contig_342, start=24284, stop=25159, strand=-, nt=[GTGTTCGGCT..CGGCCCATGA]
13:31:32.376 - INFO - CDS - contig=contig_342, start=25162, stop=25587, strand=-, nt=[ATGAAGCAAA..CGAGGATTGA]
13:31:32.376 - INFO - CDS - contig=contig_342, start=25602, stop=26837, strand=-, nt=[ATGGAGACAA..CAGCAGATAA]
13:31:32.376 - INFO - CDS - contig=contig_342, start=26815, stop=27705, strand=-, nt=[ATGGATCAGG..AAAAGGATAA]
13:31:32.376 - INFO - CDS - contig=contig_342, start=27958, stop=28263, strand=-, nt=[GTGAAGCTGG..ATTGAATTGA]
13:31:32.377 - INFO - CDS - contig=contig_342, start=28321, stop=29418, strand=-, nt=[ATGGGAAAGC..GATCTACTAA]
13:31:32.377 - INFO - CDS - contig=contig_342, start=29418, stop=33953, strand=-, nt=[ATGGCAGAGA..CGTCCGGTAA]
13:31:32.377 - INFO - CDS - contig=contig_342, start=34011, stop=35228, strand=-, nt=[ATGGCCCATA..CGTCCTGTAA]
13:31:32.377 - INFO - CDS - contig=contig_342, start=35242, stop=36045, strand=-, nt=[ATGAAATTCA..CGAGAAATAA]
13:31:32.377 - INFO - CDS - contig=contig_342, start=36186, stop=36728, strand=-, nt=[ATGGAAAAGG..GACTCTGTGA]
13:31:32.377 - INFO - CDS - contig=contig_342, start=36811, stop=38142, strand=-, nt=[ATGGCTTACA..CAACTATTGA]
13:31:32.377 - INFO - CDS - contig=contig_342, start=38492, stop=39049, strand=+, nt=[ATGAGTGAGC..AAGGGGCTGA]
13:31:32.377 - INFO - CDS - contig=contig_342, start=39081, stop=39449, strand=+, nt=[ATGAACTGGA..CTTATTTTGA]
13:31:32.377 - INFO - CDS - contig=contig_342, start=39468, stop=40352, strand=+, nt=[ATGACAAAAA..GAACGCATGA]
13:31:32.377 - INFO - CDS - contig=contig_342, start=40447, stop=42399, strand=+, nt=[ATGACAGATC..GGGCGAATAA]
13:31:32.377 - INFO - CDS - contig=contig_342, start=42840, stop=43529, strand=+, nt=[ATGCAGAAGA..AGAGAAGTAG]
13:31:32.377 - INFO - CDS - contig=contig_342, start=43513, stop=44733, strand=-, nt=[ATGAAAGCCG..TCTTTTTTGA]
13:31:32.377 - INFO - CDS - contig=contig_342, start=44920, stop=46119, strand=+, nt=[ATGAAAATCC..CAGCCTGTAA]
13:31:32.377 - INFO - CDS - contig=contig_342, start=46449, stop=47795, strand=-, nt=[ATGGCATTGA..CGTGATGTAA]
13:31:32.377 - INFO - CDS - contig=contig_342, start=47994, stop=49352, strand=-, nt=[ATGGGAGCTA..GCACAAGTGA]
13:31:32.377 - INFO - CDS - contig=contig_342, start=49590, stop=51188, strand=+, nt=[TTGATCAAAA..TGCCGTATAA]
13:31:32.377 - INFO - CDS - contig=contig_342, start=51319, stop=52452, strand=+, nt=[ATGGGCAGAA..CCTCAAATAG]
13:31:32.377 - INFO - CDS - contig=contig_342, start=52499, stop=52873, strand=-, nt=[ATGAAGTTCT..AGAGATTTGA]
13:31:32.377 - INFO - CDS - contig=contig_342, start=52899, stop=54269, strand=-, nt=[ATGGCAAGTA..CCGGTCTTAA]
13:31:32.377 - INFO - CDS - contig=contig_342, start=54493, stop=55287, strand=-, nt=[ATGCTTGAGA..GCTGTCGTAG]
13:31:32.377 - INFO - CDS - contig=contig_342, start=55280, stop=56224, strand=-, nt=[ATGGACTTTC..TCATGCTTGA]
13:31:32.377 - INFO - CDS - contig=contig_342, start=56321, stop=57322, strand=-, nt=[ATGGAAAAGA..GGCCAAGTAA]
13:31:32.377 - INFO - CDS - contig=contig_342, start=57488, stop=58177, strand=+, nt=[ATGAAAACCA..ACTGGGTTGA]
13:31:32.377 - INFO - CDS - contig=contig_342, start=58263, stop=58991, strand=+, nt=[TTGAAAACAG..ACGGGCATGA]
13:31:32.377 - INFO - CDS - contig=contig_342, start=58988, stop=59677, strand=+, nt=[ATGAAAGGAA..AACACATTAA]
13:31:32.377 - INFO - CDS - contig=contig_342, start=59692, stop=60237, strand=+, nt=[ATGGTTTGTA..CCACGGCTGA]
13:31:32.377 - INFO - CDS - contig=contig_342, start=60593, stop=61738, strand=+, nt=[ATGTCTCAGG..CAATGGATAA]
13:31:32.377 - INFO - CDS - contig=contig_342, start=61731, stop=62945, strand=+, nt=[ATGGATAAGA..GCAAGCTTGA]
13:31:32.377 - INFO - CDS - contig=contig_342, start=62942, stop=64057, strand=+, nt=[TTGAAGCGCC..CAACCCTTGA]
13:31:32.377 - INFO - CDS - contig=contig_342, start=64352, stop=67030, strand=+, nt=[ATGGAACCCA..GGGCCTGTAA]
13:31:32.377 - INFO - CDS - contig=contig_342, start=67044, stop=67373, strand=+, nt=[ATGATCCTGG..GGAGCAGTGA]
13:31:32.377 - INFO - CDS - contig=contig_342, start=67396, stop=67734, strand=+, nt=[ATGAGCGATT..TCCGGGCTGA]
13:31:32.377 - INFO - CDS - contig=contig_342, start=67742, stop=69754, strand=+, nt=[ATGACCCAAC..CGTGCCCTGA]
13:31:32.377 - INFO - CDS - contig=contig_342, start=70043, stop=70267, strand=-, nt=[ATGGAGCAAA..GATGATCTGA]
13:31:32.377 - INFO - CDS - contig=contig_342, start=70361, stop=70600, strand=-, nt=[ATGAAACGAA..TCTCAACTGA]
13:31:32.377 - INFO - CDS - contig=contig_342, start=70827, stop=72587, strand=-, nt=[ATGGTAACGA..AGAGAAGTAA]
13:31:32.377 - INFO - CDS - contig=contig_342, start=72581, stop=74419, strand=-, nt=[ATGAGTCGGT..GAAATGGTAA]
13:31:32.377 - INFO - CDS - contig=contig_342, start=74682, stop=75692, strand=-, nt=[ATGAATATCC..CCTGGGCTGA]
13:31:32.377 - INFO - CDS - contig=contig_342, start=75689, stop=76276, strand=-, nt=[ATGTCTGACA..GGAGGAATGA]
13:31:32.377 - INFO - CDS - contig=contig_342, start=76269, stop=76736, strand=-, nt=[ATGAAAAATT..AAATGTCTGA]
13:31:32.377 - INFO - CDS - contig=contig_342, start=76733, stop=79465, strand=-, nt=[ATGAAGCTCA..GAAGGAATGA]
13:31:32.377 - INFO - CDS - contig=contig_342, start=79556, stop=80914, strand=-, nt=[GTGGCGCAAA..CGGCACGTGA]
13:31:32.377 - INFO - CDS - contig=contig_342, start=81007, stop=82179, strand=+, nt=[ATGTCTTTTC..TCTCGAATAA]
13:31:32.377 - INFO - CDS - contig=contig_342, start=82246, stop=83007, strand=-, nt=[ATGGAATACA..CGGACGCTAG]
13:31:32.377 - INFO - CDS - contig=contig_342, start=83137, stop=83493, strand=-, nt=[ATGGCTAGAG..CCGGGCCTGA]
13:31:32.377 - INFO - CDS - contig=contig_342, start=83532, stop=83735, strand=-, nt=[ATGCCTAAAC..TTACAAATAA]
13:31:32.377 - INFO - CDS - contig=contig_342, start=83769, stop=84404, strand=-, nt=[ATGGTATCTC..CAAAAAGTAA]
13:31:32.378 - INFO - CDS - contig=contig_342, start=84592, stop=84831, strand=+, nt=[ATGAAAATTA..TGTGCGGTGA]
13:31:32.378 - INFO - CDS - contig=contig_342, start=85221, stop=86216, strand=+, nt=[ATGGCTGACC..TCTTTTGTGA]
13:31:32.378 - INFO - CDS - contig=contig_342, start=86435, stop=86548, strand=+, nt=[ATGTATGAAT..CAAGCGCTAA]
13:31:32.378 - INFO - CDS - contig=contig_342, start=86618, stop=86884, strand=-, nt=[ATGAAATTTA..GGGGGAATAA]
13:31:32.378 - INFO - CDS - contig=contig_342, start=86969, stop=89482, strand=+, nt=[TTGAAAGTAC..ACGCCTTTGA]
13:31:32.378 - INFO - CDS - contig=contig_342, start=90201, stop=90410, strand=+, nt=[GTGCAAGTGT..CGACAAATGA]
13:31:32.378 - INFO - CDS - contig=contig_342, start=90407, stop=90610, strand=+, nt=[ATGAAAGAAC..GCTGAAATGA]
13:31:32.378 - INFO - CDS - contig=contig_342, start=90607, stop=90756, strand=+, nt=[ATGAATGATA..GTGTAAATAA]
13:31:32.378 - INFO - CDS - contig=contig_342, start=90756, stop=90965, strand=+, nt=[ATGGCCGCTT..CCGTGGCTAA]
13:31:32.378 - INFO - CDS - contig=contig_342, start=91012, stop=91185, strand=+, nt=[ATGACTGAAC..CCGGGGCTGA]
13:31:32.378 - INFO - CDS - contig=contig_342, start=91249, stop=91941, strand=+, nt=[ATGGGATGCG..TGGAAAATGA]
13:31:32.378 - INFO - CDS - contig=contig_342, start=92599, stop=93651, strand=+, nt=[ATGAAAACGA..ATGGACTTGA]
13:31:32.378 - INFO - CDS - contig=contig_342, start=93666, stop=94019, strand=-, nt=[ATGCTGTTTA..CCCGTCATAA]
13:31:32.378 - INFO - CDS - contig=contig_342, start=94424, stop=95650, strand=+, nt=[ATGACTGTCT..GACAGAATAA]
13:31:32.378 - INFO - CDS - contig=contig_342, start=95693, stop=96880, strand=+, nt=[TTGCGCAAAC..GGAGGACTGA]
13:31:32.378 - INFO - CDS - contig=contig_342, start=96933, stop=97694, strand=-, nt=[ATGCTCAAGG..GATCATCTGA]
13:31:32.378 - INFO - CDS - contig=contig_342, start=97721, stop=98611, strand=-, nt=[ATGCGCGAAC..TTTACAGTAA]
13:31:32.378 - INFO - CDS - contig=contig_342, start=98627, stop=99712, strand=-, nt=[ATGGAGAAAT..CCACCAGTAA]
13:31:32.378 - INFO - CDS - contig=contig_342, start=100085, stop=101737, strand=+, nt=[ATGAGACAAA..AATTCGCTGA]
13:31:32.378 - INFO - CDS - contig=contig_342, start=101758, stop=102786, strand=+, nt=[ATGAAAACCT..CATCTCCTGA]
13:31:32.378 - INFO - CDS - contig=contig_342, start=102824, stop=103954, strand=+, nt=[GTGTTTGAAG..CAGGATTTAA]
13:31:32.378 - INFO - CDS - contig=contig_342, start=104041, stop=104325, strand=+, nt=[TTGGACCAGA..CACCAAGTAA]
13:31:32.378 - INFO - CDS - contig=contig_342, start=104394, stop=104825, strand=+, nt=[ATGCGAAAAA..GCGGCGCTGA]
13:31:32.378 - INFO - CDS - contig=contig_342, start=105229, stop=105855, strand=+, nt=[ATGCGCAGAG..GCTGTCTTGA]
13:31:32.378 - INFO - CDS - contig=contig_342, start=105886, stop=106764, strand=+, nt=[ATGGATCTGA..CCGTACATAA]
13:31:32.378 - INFO - CDS - contig=contig_342, start=106890, stop=107096, strand=+, nt=[ATGGCTCAGA..CGAGCAGTAA]
13:31:32.378 - INFO - CDS - contig=contig_342, start=107176, stop=107892, strand=+, nt=[ATGAAACGAC..GCAAGCGTAG]
13:31:32.378 - INFO - CDS - contig=contig_342, start=107880, stop=108674, strand=+, nt=[GTGGCAAGCG..TTCCCTTTGA]
13:31:32.378 - INFO - CDS - contig=contig_342, start=108740, stop=109468, strand=+, nt=[ATGTCGGGAC..ACAGGAGTGA]
13:31:32.378 - INFO - CDS - contig=contig_342, start=109561, stop=111381, strand=+, nt=[GTGAAACCCC..GGAGGCGTGA]
13:31:32.378 - INFO - CDS - contig=contig_342, start=111381, stop=113222, strand=+, nt=[ATGGCCACCG..CGAGGCGTAA]
13:31:32.378 - INFO - CDS - contig=contig_342, start=113777, stop=115174, strand=+, nt=[ATGCACCTCA..GGAAGCGTAA]
13:31:32.378 - INFO - CDS - contig=contig_342, start=115192, stop=116229, strand=+, nt=[ATGGATCTGT..GGGGGCGTAA]
13:31:32.378 - INFO - CDS - contig=contig_342, start=116230, stop=117261, strand=+, nt=[ATGCTGCTGG..GAGGATTTAA]
13:31:32.378 - INFO - CDS - contig=contig_342, start=117263, stop=118255, strand=+, nt=[ATGGAAACAT..TAAACTATAA]
13:31:32.378 - INFO - CDS - contig=contig_342, start=118274, stop=119524, strand=+, nt=[ATGCCTTTAC..GCGGTCCTAA]
13:31:32.378 - INFO - CDS - contig=contig_342, start=119568, stop=120260, strand=+, nt=[ATGCGCAGAC..AAATTCCTGA]
13:31:32.378 - INFO - CDS - contig=contig_342, start=120277, stop=120879, strand=+, nt=[TTGGTGACCG..CAAGCTGTAA]
13:31:32.378 - INFO - CDS - contig=contig_342, start=120896, stop=122884, strand=+, nt=[ATGAATGAAC..CCAGGGGTGA]
13:31:32.378 - INFO - CDS - contig=contig_342, start=122944, stop=123447, strand=-, nt=[ATGCTTCAGG..GAAGAGCTGA]
13:31:32.378 - INFO - CDS - contig=contig_342, start=123586, stop=124218, strand=+, nt=[ATGAAACGGG..GGCACCATGA]
13:31:32.378 - INFO - CDS - contig=contig_342, start=124215, stop=125306, strand=+, nt=[ATGAAACGAA..AAGACTGTAA]
13:31:32.378 - INFO - CDS - contig=contig_342, start=125408, stop=125965, strand=+, nt=[TTGAAATCTC..CGCCCCTTGA]
13:31:32.378 - INFO - CDS - contig=contig_342, start=125919, stop=126968, strand=-, nt=[TTGACCCGCT..GGAGGCGTGA]
13:31:32.378 - INFO - CDS - contig=contig_342, start=127092, stop=128465, strand=-, nt=[ATGGCCAAGG..GGTGCTGTGA]
13:31:32.378 - INFO - CDS - contig=contig_342, start=128477, stop=128728, strand=-, nt=[ATGCTGGAAT..CCAGGGCTGA]
13:31:32.378 - INFO - CDS - contig=contig_342, start=128805, stop=129527, strand=-, nt=[GTGAAAAATT..CGCCGGATAA]
13:31:32.378 - INFO - CDS - contig=contig_342, start=129681, stop=130139, strand=+, nt=[TTGTATCCCG..CAAAGCGTAA]
13:31:32.378 - INFO - CDS - contig=contig_342, start=130143, stop=130361, strand=+, nt=[ATGTTTGTCT..ATATCAATAA]
13:31:32.379 - INFO - CDS - contig=contig_342, start=130733, stop=131971, strand=-, nt=[ATGAGTAATG..ACTAGCATAA]
13:31:32.379 - INFO - CDS - contig=contig_342, start=131968, stop=133725, strand=-, nt=[ATGGCTTTAA..TTTACAATGA]
13:31:32.379 - INFO - CDS - contig=contig_342, start=133716, stop=135464, strand=-, nt=[GTGACCGGTT..ATGGCTTTAA]
13:31:32.379 - INFO - CDS - contig=contig_342, start=136154, stop=136333, strand=-, nt=[ATGATTGAGC..CAAGGTGTAA]
13:31:32.379 - INFO - CDS - contig=contig_342, start=136950, stop=138560, strand=+, nt=[ATGCCCTTTA..GCCGTATTAA]
13:31:32.379 - INFO - CDS - contig=contig_342, start=138611, stop=138997, strand=+, nt=[ATGATCGGAA..CGACAAGTAA]
13:31:32.379 - INFO - CDS - contig=contig_342, start=138967, stop=139224, strand=-, nt=[ATGGTGCGCC..GACGAAATAG]
13:31:32.379 - INFO - CDS - contig=contig_342, start=139318, stop=139710, strand=+, nt=[TTGTACCAGA..GCTCACATAA]
13:31:32.379 - INFO - CDS - contig=contig_342, start=139723, stop=140940, strand=+, nt=[ATGGCACCGA..AGGGTTTTAA]
13:31:32.379 - INFO - CDS - contig=contig_342, start=140944, stop=141537, strand=+, nt=[ATGGCGCTCG..CTCCCGGTGA]
13:31:32.379 - INFO - CDS - contig=contig_342, start=141601, stop=142833, strand=-, nt=[ATGGGACTCA..CGCCCTGTAA]
13:31:32.379 - INFO - CDS - contig=contig_342, start=142891, stop=144108, strand=-, nt=[ATGGCAAAGG..GACCGACTGA]
13:31:32.379 - INFO - CDS - contig=contig_342, start=144148, stop=144588, strand=-, nt=[ATGGGAAAAC..GGCTGGCTGA]
13:31:32.379 - INFO - CDS - contig=contig_342, start=144791, stop=147472, strand=-, nt=[GTGGCTGAAC..CGGGGCCTGA]
13:31:32.379 - INFO - CDS - contig=contig_342, start=147707, stop=148015, strand=+, nt=[ATGAGCGAGG..CGAGGAGTAA]
13:31:32.379 - INFO - CDS - contig=contig_342, start=3, stop=419, strand=+, nt=[TCCGTCTCCA..GGCGGCGTAA]
13:31:32.379 - INFO - CDS - contig=contig_342, start=148410, stop=149753, strand=+, nt=[ATGAGCGCAT..CGAGGATCCC]
13:31:32.379 - INFO - CDS - contig=contig_343, start=2, stop=1264, strand=+, frame=2, truncated=5-prime, start-type=Edge, RBS-motif=None
13:31:32.379 - INFO - CDS - contig=contig_343, start=1318, stop=2241, strand=-, frame=2, truncated=no, start-type=ATG, RBS-motif=AGxAGG/AGGxGG
13:31:32.379 - INFO - CDS - contig=contig_343, start=2439, stop=3368, strand=+, frame=3, truncated=no, start-type=ATG, RBS-motif=AGGAG/GGAGG
13:31:32.379 - INFO - CDS - contig=contig_343, start=3352, stop=5496, strand=+, frame=1, truncated=no, start-type=ATG, RBS-motif=AGxAGG/AGGxGG
13:31:32.379 - INFO - CDS - contig=contig_343, start=6110, stop=6688, strand=+, frame=2, truncated=no, start-type=ATG, RBS-motif=AGGAG
13:31:32.379 - INFO - CDS - contig=contig_343, start=6685, stop=8517, strand=+, frame=1, truncated=no, start-type=ATG, RBS-motif=AGGAG
13:31:32.379 - INFO - CDS - contig=contig_343, start=8867, stop=9385, strand=+, frame=2, truncated=no, start-type=ATG, RBS-motif=AGGAGG
13:31:32.379 - INFO - CDS - contig=contig_343, start=9389, stop=9514, strand=+, frame=2, truncated=no, start-type=ATG, RBS-motif=AGxAGG/AGGxGG
13:31:32.379 - INFO - CDS - contig=contig_343, start=9693, stop=9911, strand=+, frame=3, truncated=no, start-type=ATG, RBS-motif=AGGA/GGAG/GAGG
13:31:32.379 - INFO - CDS - contig=contig_343, start=10165, stop=11253, strand=+, frame=1, truncated=no, start-type=ATG, RBS-motif=GGA/GAG/AGG
13:31:32.379 - INFO - CDS - contig=contig_343, start=11564, stop=11941, strand=-, frame=1, truncated=no, start-type=TTG, RBS-motif=3Base/5BMM
13:31:32.379 - INFO - CDS - contig=contig_343, start=11960, stop=14686, strand=-, frame=1, truncated=no, start-type=ATG, RBS-motif=AGGA
13:31:32.379 - INFO - CDS - contig=contig_343, start=14792, stop=14905, strand=+, frame=2, truncated=no, start-type=ATG, RBS-motif=GGAG/GAGG
13:31:32.379 - INFO - CDS - contig=contig_343, start=14851, stop=15696, strand=-, frame=2, truncated=no, start-type=TTG, RBS-motif=GGAGG
13:31:32.379 - INFO - CDS - contig=contig_343, start=15809, stop=16507, strand=-, frame=1, truncated=no, start-type=ATG, RBS-motif=AGGAGG
13:31:32.380 - INFO - CDS - contig=contig_343, start=16941, stop=17801, strand=-, frame=3, truncated=no, start-type=ATG, RBS-motif=AGGAG
13:31:32.380 - INFO - CDS - contig=contig_343, start=17806, stop=18342, strand=-, frame=2, truncated=no, start-type=ATG, RBS-motif=AGGAG
13:31:32.380 - INFO - CDS - contig=contig_343, start=18349, stop=19005, strand=-, frame=2, truncated=no, start-type=ATG, RBS-motif=GGAG/GAGG
13:31:32.380 - INFO - CDS - contig=contig_343, start=19362, stop=20357, strand=+, frame=3, truncated=no, start-type=ATG, RBS-motif=AGxAGG/AGGxGG
13:31:32.380 - INFO - CDS - contig=contig_343, start=20576, stop=20689, strand=+, frame=2, truncated=no, start-type=ATG, RBS-motif=AGGAG
13:31:32.380 - INFO - CDS - contig=contig_343, start=20759, stop=21025, strand=-, frame=1, truncated=no, start-type=ATG, RBS-motif=AGGAG
13:31:32.380 - INFO - CDS - contig=contig_343, start=21110, stop=23623, strand=+, frame=2, truncated=no, start-type=TTG, RBS-motif=3Base/5BMM
13:31:32.380 - INFO - CDS - contig=contig_343, start=24342, stop=24551, strand=+, frame=3, truncated=no, start-type=GTG, RBS-motif=AGGAGG
13:31:32.380 - INFO - CDS - contig=contig_343, start=24548, stop=24751, strand=+, frame=2, truncated=no, start-type=ATG, RBS-motif=AGGAG
13:31:32.380 - INFO - CDS - contig=contig_343, start=24748, stop=24897, strand=+, frame=1, truncated=no, start-type=ATG, RBS-motif=GGxGG
13:31:32.380 - INFO - CDS - contig=contig_343, start=24897, stop=25106, strand=+, frame=3, truncated=no, start-type=ATG, RBS-motif=AGxAGG/AGGxGG
13:31:32.380 - INFO - CDS - contig=contig_343, start=25153, stop=25326, strand=+, frame=1, truncated=no, start-type=ATG, RBS-motif=AGGA
13:31:32.380 - INFO - CDS - contig=contig_343, start=25390, stop=26082, strand=+, frame=1, truncated=no, start-type=ATG, RBS-motif=GGAG/GAGG
13:31:32.380 - INFO - CDS - contig=contig_343, start=26359, stop=26544, strand=-, frame=2, truncated=no, start-type=ATG, RBS-motif=GGA/GAG/AGG
13:31:32.380 - INFO - CDS - contig=contig_343, start=26814, stop=27002, strand=+, frame=3, truncated=no, start-type=ATG, RBS-motif=GGAG/GAGG
13:31:32.380 - INFO - CDS - contig=contig_343, start=27101, stop=27712, strand=+, frame=2, truncated=no, start-type=ATG, RBS-motif=GGAG/GAGG
13:31:32.380 - INFO - CDS - contig=contig_343, start=27942, stop=28994, strand=+, frame=3, truncated=no, start-type=ATG, RBS-motif=AGGAG
13:31:32.380 - INFO - CDS - contig=contig_343, start=29018, stop=30370, strand=-, frame=1, truncated=no, start-type=ATG, RBS-motif=GGAGG
13:31:32.380 - INFO - CDS - contig=contig_343, start=30479, stop=32998, strand=-, frame=1, truncated=no, start-type=ATG, RBS-motif=GGAG/GAGG
13:31:32.380 - INFO - CDS - contig=contig_343, start=33025, stop=33285, strand=-, frame=2, truncated=no, start-type=ATG, RBS-motif=AGGA/GGAG/GAGG
13:31:32.380 - INFO - CDS - contig=contig_343, start=33442, stop=34410, strand=-, frame=2, truncated=no, start-type=GTG, RBS-motif=AGGAGG
13:31:32.380 - INFO - CDS - contig=contig_343, start=34407, stop=35543, strand=-, frame=3, truncated=no, start-type=GTG, RBS-motif=GGxGG
13:31:32.380 - INFO - CDS - contig=contig_343, start=35605, stop=37134, strand=-, frame=2, truncated=no, start-type=ATG, RBS-motif=GGA/GAG/AGG
13:31:32.380 - INFO - CDS - contig=contig_343, start=37305, stop=38066, strand=-, frame=3, truncated=no, start-type=ATG, RBS-motif=GGA/GAG/AGG
13:31:32.380 - INFO - CDS - contig=contig_343, start=38259, stop=38714, strand=+, frame=3, truncated=no, start-type=ATG, RBS-motif=AGGAGG
13:31:32.380 - INFO - CDS - contig=contig_343, start=38780, stop=39022, strand=-, frame=1, truncated=no, start-type=GTG, RBS-motif=GGxGG
13:31:32.380 - INFO - CDS - contig=contig_343, start=39339, stop=40016, strand=+, frame=3, truncated=no, start-type=ATG, RBS-motif=AGxAGG/AGGxGG
13:31:32.380 - INFO - CDS - contig=contig_343, start=40013, stop=41281, strand=+, frame=2, truncated=no, start-type=ATG, RBS-motif=GGAGG
13:31:32.381 - INFO - CDS - contig=contig_343, start=41623, stop=41838, strand=-, frame=2, truncated=no, start-type=ATG, RBS-motif=None
13:31:32.381 - INFO - CDS - contig=contig_343, start=41904, stop=42095, strand=+, frame=3, truncated=no, start-type=TTG, RBS-motif=GGA/GAG/AGG
13:31:32.381 - INFO - CDS - contig=contig_343, start=42543, stop=43061, strand=-, frame=3, truncated=no, start-type=ATG, RBS-motif=GGAG/GAGG
13:31:32.381 - INFO - CDS - contig=contig_343, start=43089, stop=44228, strand=-, frame=3, truncated=no, start-type=ATG, RBS-motif=AGGAGG
13:31:32.381 - INFO - CDS - contig=contig_343, start=44706, stop=45581, strand=-, frame=3, truncated=no, start-type=ATG, RBS-motif=AGGAG
13:31:32.381 - INFO - CDS - contig=contig_343, start=45529, stop=46515, strand=-, frame=2, truncated=no, start-type=ATG, RBS-motif=AGGAG
13:31:32.381 - INFO - CDS - contig=contig_343, start=46560, stop=46763, strand=-, frame=3, truncated=no, start-type=ATG, RBS-motif=GGA/GAG/AGG
13:31:32.381 - INFO - CDS - contig=contig_343, start=46861, stop=47334, strand=-, frame=2, truncated=no, start-type=TTG, RBS-motif=AGGAGG
13:31:32.381 - INFO - CDS - contig=contig_343, start=47814, stop=48059, strand=-, frame=3, truncated=no, start-type=ATG, RBS-motif=GGAGG
13:31:32.381 - INFO - CDS - contig=contig_343, start=48516, stop=49691, strand=-, frame=3, truncated=no, start-type=ATG, RBS-motif=AGGAGG
13:31:32.381 - INFO - CDS - contig=contig_343, start=49681, stop=50016, strand=-, frame=2, truncated=no, start-type=ATG, RBS-motif=GGA/GAG/AGG
13:31:32.381 - INFO - CDS - contig=contig_343, start=50019, stop=51092, strand=-, frame=3, truncated=no, start-type=ATG, RBS-motif=AGGAGG
13:31:32.381 - INFO - CDS - contig=contig_343, start=51095, stop=51289, strand=-, frame=1, truncated=no, start-type=ATG, RBS-motif=GGA/GAG/AGG
13:31:32.381 - INFO - CDS - contig=contig_343, start=51592, stop=52080, strand=+, frame=1, truncated=no, start-type=ATG, RBS-motif=GGAG/GAGG
13:31:32.381 - INFO - CDS - contig=contig_343, start=52278, stop=53819, strand=-, frame=3, truncated=no, start-type=ATG, RBS-motif=GGAG/GAGG
13:31:32.381 - INFO - CDS - contig=contig_343, start=53909, stop=57184, strand=-, frame=1, truncated=no, start-type=ATG, RBS-motif=AGxAGG/AGGxGG
13:31:32.381 - INFO - CDS - contig=contig_343, start=57184, stop=58272, strand=-, frame=2, truncated=no, start-type=ATG, RBS-motif=GGAGG
13:31:32.381 - INFO - CDS - contig=contig_343, start=58427, stop=59260, strand=-, frame=1, truncated=no, start-type=GTG, RBS-motif=AGGAGG
13:31:32.381 - INFO - CDS - contig=contig_343, start=59393, stop=60073, strand=+, frame=2, truncated=no, start-type=ATG, RBS-motif=GGAGG
13:31:32.381 - INFO - CDS - contig=contig_343, start=60070, stop=60450, strand=+, frame=1, truncated=no, start-type=ATG, RBS-motif=GGAGG
13:31:32.381 - INFO - CDS - contig=contig_343, start=60530, stop=60985, strand=-, frame=1, truncated=no, start-type=ATG, RBS-motif=AGGAG
13:31:32.381 - INFO - CDS - contig=contig_343, start=61054, stop=61896, strand=-, frame=2, truncated=no, start-type=ATG, RBS-motif=GGAGG
13:31:32.381 - INFO - CDS - contig=contig_343, start=61883, stop=62851, strand=-, frame=1, truncated=no, start-type=ATG, RBS-motif=GGAGG
13:31:32.381 - INFO - CDS - contig=contig_343, start=62848, stop=64128, strand=-, frame=2, truncated=no, start-type=ATG, RBS-motif=GGAGG
13:31:32.381 - INFO - CDS - contig=contig_343, start=64131, stop=65411, strand=-, frame=3, truncated=no, start-type=ATG, RBS-motif=AGGA
13:31:32.381 - INFO - CDS - contig=contig_343, start=65515, stop=72648, strand=-, frame=2, truncated=no, start-type=ATG, RBS-motif=AGxAGG/AGGxGG
13:31:32.381 - INFO - CDS - contig=contig_343, start=72827, stop=73369, strand=+, frame=2, truncated=no, start-type=ATG, RBS-motif=AGGAGG
13:31:32.382 - INFO - CDS - contig=contig_343, start=73366, stop=73506, strand=+, frame=1, truncated=no, start-type=ATG, RBS-motif=AGGA
13:31:32.382 - INFO - CDS - contig=contig_343, start=73520, stop=74383, strand=+, frame=2, truncated=no, start-type=ATG, RBS-motif=GGA/GAG/AGG
13:31:32.382 - INFO - CDS - contig=contig_343, start=74392, stop=75888, strand=+, frame=1, truncated=no, start-type=ATG, RBS-motif=GGA/GAG/AGG
13:31:32.382 - INFO - CDS - contig=contig_343, start=75958, stop=76197, strand=+, frame=1, truncated=no, start-type=ATG, RBS-motif=GGAGG
13:31:32.382 - INFO - CDS - contig=contig_343, start=76320, stop=76541, strand=+, frame=3, truncated=no, start-type=ATG, RBS-motif=4Base/6BMM
13:31:32.382 - INFO - CDS - contig=contig_343, start=76534, stop=78804, strand=+, frame=1, truncated=no, start-type=GTG, RBS-motif=GGA/GAG/AGG
13:31:32.382 - INFO - CDS - contig=contig_343, start=78821, stop=79573, strand=+, frame=2, truncated=no, start-type=ATG, RBS-motif=GGAG/GAGG
13:31:32.382 - INFO - CDS - contig=contig_343, start=79680, stop=80327, strand=+, frame=3, truncated=3-prime, start-type=ATG, RBS-motif=GGAGG
13:31:32.382 - INFO - CDS - truncated CDS: contig=contig_343, start=2, stop=1264, strand=+, frame=2, truncated=5-prime, start-type=Edge, RBS-motif=None, aa-hexdigest=cdcd03b6f39e8c6aa75765878f4d8715, aa=[LRSNTGGVTE..LLSYVDILPA]
13:31:32.382 - INFO - CDS - truncated CDS: contig=contig_343, start=79680, stop=80327, strand=+, frame=3, truncated=3-prime, start-type=ATG, RBS-motif=GGAGG, aa-hexdigest=e9c1531e2a9f7e1e6fe0808717df6192, aa=[MKKILLPRLT..YKDQATAWIV]
13:31:32.382 - INFO - CDS - contig=contig_343, start=1318, stop=2241, strand=-, nt=[ATGCTCTCCA..TCTGTTCTAG]
13:31:32.382 - INFO - CDS - contig=contig_343, start=2439, stop=3368, strand=+, nt=[ATGGCCACTT..GGCGGGATGA]
13:31:32.382 - INFO - CDS - contig=contig_343, start=3352, stop=5496, strand=+, nt=[ATGTCCAGGC..CAGAGGCTAA]
13:31:32.382 - INFO - CDS - contig=contig_343, start=6110, stop=6688, strand=+, nt=[ATGAGAAATC..CGCCCAATGA]
13:31:32.382 - INFO - CDS - contig=contig_343, start=6685, stop=8517, strand=+, nt=[ATGACAGAGA..GCTGAAATAG]
13:31:32.382 - INFO - CDS - contig=contig_343, start=8867, stop=9385, strand=+, nt=[ATGACAGAAG..GAAGGACTGA]
13:31:32.382 - INFO - CDS - contig=contig_343, start=9389, stop=9514, strand=+, nt=[ATGGCCGATT..ATTTGTATGA]
13:31:32.382 - INFO - CDS - contig=contig_343, start=9693, stop=9911, strand=+, nt=[ATGAAAACGA..CGAGAAGTAG]
13:31:32.382 - INFO - CDS - contig=contig_343, start=10165, stop=11253, strand=+, nt=[ATGTTCTTAT..ATTTGTATAA]
13:31:32.382 - INFO - CDS - contig=contig_343, start=11564, stop=11941, strand=-, nt=[TTGCGCCAGA..GGAGTTCTGA]
13:31:32.382 - INFO - CDS - contig=contig_343, start=11960, stop=14686, strand=-, nt=[ATGGCCACTA..GGATTTTTAA]
13:31:32.382 - INFO - CDS - contig=contig_343, start=14792, stop=14905, strand=+, nt=[ATGGAAAAGG..CCAGCAGTAG]
13:31:32.382 - INFO - CDS - contig=contig_343, start=14851, stop=15696, strand=-, nt=[TTGACATATC..GGTCGGATAA]
13:31:32.382 - INFO - CDS - contig=contig_343, start=15809, stop=16507, strand=-, nt=[ATGGAAGAGG..CGGGGGGTGA]
13:31:32.382 - INFO - CDS - contig=contig_343, start=16941, stop=17801, strand=-, nt=[ATGACCGAGC..AAGGGAATAG]
13:31:32.382 - INFO - CDS - contig=contig_343, start=17806, stop=18342, strand=-, nt=[ATGGCCCGAT..CGAGGAGTGA]
13:31:32.382 - INFO - CDS - contig=contig_343, start=18349, stop=19005, strand=-, nt=[ATGCCCGAAA..GAAGGAGTAA]
13:31:32.382 - INFO - CDS - contig=contig_343, start=19362, stop=20357, strand=+, nt=[ATGGCTGACC..TCTTTTGTGA]
13:31:32.382 - INFO - CDS - contig=contig_343, start=20576, stop=20689, strand=+, nt=[ATGTATGAAT..CAAGCGCTAA]
13:31:32.382 - INFO - CDS - contig=contig_343, start=20759, stop=21025, strand=-, nt=[ATGAAATTTA..GGGGGAATAA]
13:31:32.382 - INFO - CDS - contig=contig_343, start=21110, stop=23623, strand=+, nt=[TTGAAAGTAC..ACGCCTTTGA]
13:31:32.382 - INFO - CDS - contig=contig_343, start=24342, stop=24551, strand=+, nt=[GTGCAAGTGT..CGACAAATGA]
13:31:32.382 - INFO - CDS - contig=contig_343, start=24548, stop=24751, strand=+, nt=[ATGAAAGAAC..GCTGAAATGA]
13:31:32.382 - INFO - CDS - contig=contig_343, start=24748, stop=24897, strand=+, nt=[ATGAATGATA..GTGTAAATAA]
13:31:32.382 - INFO - CDS - contig=contig_343, start=24897, stop=25106, strand=+, nt=[ATGGCCGCTT..CCGTGGCTAA]
13:31:32.382 - INFO - CDS - contig=contig_343, start=25153, stop=25326, strand=+, nt=[ATGACTGAAC..CCGGGGCTGA]
13:31:32.382 - INFO - CDS - contig=contig_343, start=25390, stop=26082, strand=+, nt=[ATGGGATGCG..TGGAAAATGA]
13:31:32.382 - INFO - CDS - contig=contig_343, start=26359, stop=26544, strand=-, nt=[ATGGCATCAA..AGAAAATTGA]
13:31:32.382 - INFO - CDS - contig=contig_343, start=26814, stop=27002, strand=+, nt=[ATGAAAAACT..TGGCATCTAA]
13:31:32.383 - INFO - CDS - contig=contig_343, start=27101, stop=27712, strand=+, nt=[ATGACAGTTT..TATTGCGTAA]
13:31:32.383 - INFO - CDS - contig=contig_343, start=27942, stop=28994, strand=+, nt=[ATGAAAACGA..ATGGACTTGA]
13:31:32.383 - INFO - CDS - contig=contig_343, start=29018, stop=30370, strand=-, nt=[ATGTCCACGC..GCGCCGGTAA]
13:31:32.383 - INFO - CDS - contig=contig_343, start=30479, stop=32998, strand=-, nt=[ATGAGACAAA..CATTCGATAA]
13:31:32.383 - INFO - CDS - contig=contig_343, start=33025, stop=33285, strand=-, nt=[ATGGCAGACA..ATTGAAGTGA]
13:31:32.383 - INFO - CDS - contig=contig_343, start=33442, stop=34410, strand=-, nt=[GTGAGCGGAC..CGAGCGCTGA]
13:31:32.383 - INFO - CDS - contig=contig_343, start=34407, stop=35543, strand=-, nt=[GTGAAAACCA..GGCGCAGTGA]
13:31:32.383 - INFO - CDS - contig=contig_343, start=35605, stop=37134, strand=-, nt=[ATGAGTGAGT..GGTGGGCTGA]
13:31:32.383 - INFO - CDS - contig=contig_343, start=37305, stop=38066, strand=-, nt=[ATGGGCTCTG..TGGCAAGTAG]
13:31:32.383 - INFO - CDS - contig=contig_343, start=38259, stop=38714, strand=+, nt=[ATGAACCATT..AGCGGTTTAA]
13:31:32.383 - INFO - CDS - contig=contig_343, start=38780, stop=39022, strand=-, nt=[GTGGGGCTGG..CAGGGGCTGA]
13:31:32.383 - INFO - CDS - contig=contig_343, start=39339, stop=40016, strand=+, nt=[ATGCGGATCC..GACGGTATGA]
13:31:32.383 - INFO - CDS - contig=contig_343, start=40013, stop=41281, strand=+, nt=[ATGATCCGGA..AAAGAAATGA]
13:31:32.383 - INFO - CDS - contig=contig_343, start=41623, stop=41838, strand=-, nt=[ATGGCCGGTA..AACGGAATAG]
13:31:32.383 - INFO - CDS - contig=contig_343, start=41904, stop=42095, strand=+, nt=[TTGCAGGTGG..CCTTATCTGA]
13:31:32.383 - INFO - CDS - contig=contig_343, start=42543, stop=43061, strand=-, nt=[ATGTATAGTG..AAGCGTGTAA]
13:31:32.383 - INFO - CDS - contig=contig_343, start=43089, stop=44228, strand=-, nt=[ATGAATAGTG..TTTGCAATAA]
13:31:32.383 - INFO - CDS - contig=contig_343, start=44706, stop=45581, strand=-, nt=[ATGGATGCAT..GACTGTATAA]
13:31:32.383 - INFO - CDS - contig=contig_343, start=45529, stop=46515, strand=-, nt=[ATGCAGCGTC..GGTTATTTGA]
13:31:32.383 - INFO - CDS - contig=contig_343, start=46560, stop=46763, strand=-, nt=[ATGCCAGTCA..AGATGAGTGA]
13:31:32.383 - INFO - CDS - contig=contig_343, start=46861, stop=47334, strand=-, nt=[TTGGGCGGAA..TCTCACATAA]
13:31:32.383 - INFO - CDS - contig=contig_343, start=47814, stop=48059, strand=-, nt=[ATGAGAAAGA..GTTAGATTGA]
13:31:32.383 - INFO - CDS - contig=contig_343, start=48516, stop=49691, strand=-, nt=[ATGACCAATG..AATCGAGTAA]
13:31:32.383 - INFO - CDS - contig=contig_343, start=49681, stop=50016, strand=-, nt=[ATGTCAGCAA..TGACCAATGA]
13:31:32.383 - INFO - CDS - contig=contig_343, start=50019, stop=51092, strand=-, nt=[ATGGCGGTCT..GGGTAATTAA]
13:31:32.383 - INFO - CDS - contig=contig_343, start=51095, stop=51289, strand=-, nt=[ATGCAGGCAC..GGAGGGCTAA]
13:31:32.383 - INFO - CDS - contig=contig_343, start=51592, stop=52080, strand=+, nt=[ATGGCGATTG..CCTCTTTTGA]
13:31:32.383 - INFO - CDS - contig=contig_343, start=52278, stop=53819, strand=-, nt=[ATGTCTCACC..GTGGGAATGA]
13:31:32.383 - INFO - CDS - contig=contig_343, start=53909, stop=57184, strand=-, nt=[ATGCCGAAGG..CGGGATCTGA]
13:31:32.383 - INFO - CDS - contig=contig_343, start=57184, stop=58272, strand=-, nt=[ATGAGAGCGA..CGCGCAGTAA]
13:31:32.383 - INFO - CDS - contig=contig_343, start=58427, stop=59260, strand=-, nt=[GTGGCGGGGA..GGCGCTTTGA]
13:31:32.383 - INFO - CDS - contig=contig_343, start=59393, stop=60073, strand=+, nt=[ATGATCATTG..AGAGAAATGA]
13:31:32.383 - INFO - CDS - contig=contig_343, start=60070, stop=60450, strand=+, nt=[ATGAAACGAG..CATTTTATGA]
13:31:32.383 - INFO - CDS - contig=contig_343, start=60530, stop=60985, strand=-, nt=[ATGAAGTGTC..GGAGAAGTAA]
13:31:32.383 - INFO - CDS - contig=contig_343, start=61054, stop=61896, strand=-, nt=[ATGATCCTGC..AGCCCACTGA]
13:31:32.383 - INFO - CDS - contig=contig_343, start=61883, stop=62851, strand=-, nt=[ATGAACACGG..TCCTGCTTGA]
13:31:32.383 - INFO - CDS - contig=contig_343, start=62848, stop=64128, strand=-, nt=[ATGGAAGAAA..CGCCCAATGA]
13:31:32.383 - INFO - CDS - contig=contig_343, start=64131, stop=65411, strand=-, nt=[ATGAGCGCTG..GGAGGCGTGA]
13:31:32.383 - INFO - CDS - contig=contig_343, start=65515, stop=72648, strand=-, nt=[ATGGATCGGA..ATCCGAATGA]
13:31:32.383 - INFO - CDS - contig=contig_343, start=72827, stop=73369, strand=+, nt=[ATGAAACGAA..GCAGAAATGA]
13:31:32.383 - INFO - CDS - contig=contig_343, start=73366, stop=73506, strand=+, nt=[ATGATGCGCC..CCTTGGGTAG]
13:31:32.383 - INFO - CDS - contig=contig_343, start=73520, stop=74383, strand=+, nt=[ATGAAGACCC..GAAAGGCTGA]
13:31:32.383 - INFO - CDS - contig=contig_343, start=74392, stop=75888, strand=+, nt=[ATGGGAAATT..CGGCACCTGA]
13:31:32.383 - INFO - CDS - contig=contig_343, start=75958, stop=76197, strand=+, nt=[ATGTGCATGA..CCGGGGCTGA]
13:31:32.383 - INFO - CDS - contig=contig_343, start=76320, stop=76541, strand=+, nt=[ATGATGTACT..CCGTGCGTAA]
13:31:32.384 - INFO - CDS - contig=contig_343, start=76534, stop=78804, strand=+, nt=[GTGCGTAAGC..ATTCAAATGA]
13:31:32.384 - INFO - CDS - contig=contig_343, start=78821, stop=79573, strand=+, nt=[ATGAAACTGG..CCTTCTGTAA]
13:31:32.384 - INFO - CDS - contig=contig_343, start=2, stop=1264, strand=+, nt=[CTGCGATCCA..CCCGGCATAA]
13:31:32.384 - INFO - CDS - contig=contig_343, start=79680, stop=80327, strand=+, nt=[ATGAAAAAAA..CTGGATCGTA]
13:31:32.384 - INFO - CDS - predicted=2530
13:31:33.407 - INFO - ORF - discarded=0
13:32:09.414 - INFO - UPS - looked-up=201
13:32:11.179 - INFO - IPS - looked-up=201
13:32:11.180 - INFO - ORF - write internal aa seqs: # seqs=2329, path=/tmp/slurm-687208/tmp9pf2gfza/cds.psc.faa
13:53:46.612 - INFO - PSC - found: PSC=245, PSCC=1810
13:53:55.380 - INFO - PSC - looked-up=2256
13:53:58.261 - INFO - PSCC - looked-up=2177
13:53:58.263 - INFO - ORF - write internal aa seqs: # seqs=2530, path=/tmp/slurm-687208/tmp9pf2gfza/cds.expert.faa
13:54:18.872 - INFO - EXPERT-AMRFINDER - found=2
13:54:27.144 - INFO - EXPERT_AA_SEQ - found=0
13:54:27.145 - INFO - ANNOTATION - fix gene: extract symbol from protein name. symbol=marR
13:54:27.145 - INFO - ANNOTATION - fix gene: extract symbol from protein name. symbol=ychF
13:54:27.145 - INFO - ANNOTATION - fix product: revise DUF. new=DUF401 domain-containing protein, old=DUF401 family protein
13:54:27.145 - INFO - ANNOTATION - marked as hypothetical: contig=contig_1, start=6049, stop=7011, strand=-
13:54:27.145 - INFO - ANNOTATION - marked as hypothetical: contig=contig_1, start=9925, stop=11127, strand=-
13:54:27.145 - INFO - ANNOTATION - fix gene: extract symbol from protein name. symbol=dctM
13:54:27.145 - INFO - ANNOTATION - fix gene: extract symbol from protein name. symbol=dctP
13:54:27.145 - INFO - ANNOTATION - marked as hypothetical: contig=contig_1, start=15728, stop=16624, strand=+
13:54:27.145 - INFO - ANNOTATION - marked as hypothetical: contig=contig_1, start=17117, stop=17446, strand=-
13:54:27.145 - INFO - ANNOTATION - marked as hypothetical: contig=contig_1, start=17692, stop=19827, strand=+
13:54:27.145 - INFO - ANNOTATION - fix gene: extract symbol from protein name. symbol=ytvI
13:54:27.145 - INFO - ANNOTATION - marked as hypothetical: contig=contig_1, start=24213, stop=25478, strand=-
13:54:27.146 - INFO - ANNOTATION - fix gene: lowercase first char. new=darA, old=DarA
13:54:27.146 - INFO - ANNOTATION - fix gene: lowercase first char. new=darA, old=DarA
13:54:27.146 - INFO - ANNOTATION - fix gene: extract symbol from protein name. symbol=rsiW
13:54:27.146 - INFO - ANNOTATION - fix gene: extract symbol from protein name. symbol=nlpD
13:54:27.146 - INFO - ANNOTATION - marked as hypothetical: contig=contig_1, start=40968, stop=41165, strand=-
13:54:27.146 - INFO - ANNOTATION - marked as hypothetical: contig=contig_1, start=43531, stop=44085, strand=-
13:54:27.146 - INFO - ANNOTATION - fix gene: extract symbol from protein name. symbol=minD
13:54:27.146 - INFO - ANNOTATION - marked as hypothetical: contig=contig_1, start=48897, stop=49217, strand=-
13:54:27.146 - INFO - ANNOTATION - marked as hypothetical: contig=contig_1, start=51131, stop=51658, strand=-
13:54:27.146 - INFO - ANNOTATION - fix gene: extract symbol from protein name. symbol=mglA
13:54:27.146 - INFO - ANNOTATION - marked as hypothetical: contig=contig_1, start=65113, stop=65244, strand=+
13:54:27.147 - INFO - ANNOTATION - marked as hypothetical: contig=contig_1, start=65855, stop=66439, strand=+
13:54:27.147 - INFO - ANNOTATION - marked as hypothetical: contig=contig_1, start=66487, stop=67155, strand=+
13:54:27.147 - INFO - ANNOTATION - marked as hypothetical: contig=contig_1, start=67205, stop=67783, strand=-
13:54:27.147 - INFO - ANNOTATION - fix gene: extract symbol from protein name. symbol=xdhC
13:54:27.147 - INFO - ANNOTATION - fix gene: extract symbol from protein name. symbol=rhlE
13:54:27.147 - INFO - ANNOTATION - fix gene: extract symbol from protein name. symbol=msbA
13:54:27.147 - INFO - ANNOTATION - fix gene: extract symbol from protein name. symbol=marR
13:54:27.147 - INFO - ANNOTATION - fix gene: extract symbol from protein name. symbol=lexA
13:54:27.147 - INFO - ANNOTATION - marked as hypothetical: contig=contig_1, start=85388, stop=85660, strand=+
13:54:27.147 - INFO - ANNOTATION - marked as hypothetical: contig=contig_1, start=86504, stop=86788, strand=-
13:54:27.147 - INFO - ANNOTATION - fix gene: extract symbol from protein name. symbol=recF
13:54:27.147 - INFO - ANNOTATION - fix gene: extract symbol from protein name. symbol=dnaA
13:54:27.147 - INFO - ANNOTATION - fix gene: extract symbol from protein name. symbol=khpB
13:54:27.148 - INFO - ANNOTATION - fix gene: extract symbol from protein name. symbol=hemZ
13:54:27.148 - INFO - ANNOTATION - fix gene: extract symbol from protein name. symbol=mutS
13:54:27.148 - INFO - ANNOTATION - fix gene: extract symbol from protein name. symbol=mutL
13:54:27.148 - INFO - ANNOTATION - fix gene: extract symbol from protein name. symbol=hlyD
13:54:27.148 - INFO - ANNOTATION - fix gene: extract symbol from protein name. symbol=sepF
13:54:27.148 - INFO - ANNOTATION - fix gene: extract symbol from protein name. symbol=drrA
13:54:27.148 - INFO - ANNOTATION - marked as hypothetical: contig=contig_1, start=119684, stop=121594, strand=+
13:54:27.148 - INFO - ANNOTATION - marked as hypothetical: contig=contig_1, start=121788, stop=121970, strand=+
13:54:27.148 - INFO - ANNOTATION - marked as hypothetical: contig=contig_1, start=125824, stop=126513, strand=+
13:54:27.148 - INFO - ANNOTATION - marked as hypothetical: contig=contig_1, start=131863, stop=132825, strand=+
13:54:27.148 - INFO - ANNOTATION - marked as hypothetical: contig=contig_1, start=132809, stop=133900, strand=+
13:54:27.148 - INFO - ANNOTATION - fix gene: extract symbol from protein name. symbol=trmO
13:54:27.148 - INFO - ANNOTATION - marked as hypothetical: contig=contig_1, start=142672, stop=145305, strand=+
13:54:27.148 - INFO - ANNOTATION - fix gene: extract symbol from protein name. symbol=degV
13:54:27.149 - INFO - ANNOTATION - marked as hypothetical: contig=contig_1, start=152877, stop=153254, strand=+
13:54:27.149 - INFO - ANNOTATION - fix gene: extract symbol from protein name. symbol=thrE
13:54:27.149 - INFO - ANNOTATION - fix gene: extract symbol from protein name. symbol=yjjG
13:54:27.149 - INFO - ANNOTATION - fix product: replace putative synonyms. new=putative ribosomal protein, old=Predicted ribosomal protein
13:54:27.149 - INFO - ANNOTATION - fix gene: extract symbol from protein name. symbol=corA
13:54:27.149 - INFO - ANNOTATION - fix gene: extract symbol from protein name. symbol=rlmD
13:54:27.149 - INFO - ANNOTATION - fix gene: extract symbol from protein name. symbol=rsiV
13:54:27.149 - INFO - ANNOTATION - fix gene: extract symbol from protein name. symbol=marR
13:54:27.149 - INFO - ANNOTATION - fix product: revise DUF. new=DUF401 domain-containing protein, old=DUF401 family protein
13:54:27.149 - INFO - ANNOTATION - fix gene: extract symbol from protein name. symbol=patB
13:54:27.149 - INFO - ANNOTATION - fix gene: extract symbol from protein name. symbol=ygeW
13:54:27.149 - INFO - ANNOTATION - fix gene: extract symbol from protein name. symbol=ygeY
13:54:27.150 - INFO - ANNOTATION - fix gene: extract symbol from protein name. symbol=ytaF
13:54:27.150 - INFO - ANNOTATION - fix gene: extract symbol from protein name. symbol=mepA
13:54:27.150 - INFO - ANNOTATION - fix gene: extract symbol from protein name. symbol=mnmA
13:54:27.150 - INFO - ANNOTATION - marked as hypothetical: contig=contig_1, start=183377, stop=184570, strand=-
13:54:27.150 - INFO - ANNOTATION - fix gene: extract symbol from protein name. symbol=mnmG
13:54:27.150 - INFO - ANNOTATION - fix gene: extract symbol from protein name. symbol=azlC
13:54:27.150 - INFO - ANNOTATION - fix gene: extract symbol from protein name. symbol=azlD
13:54:27.150 - INFO - ANNOTATION - fix product: replace Homolog. new=Stage 0 sporulation  A-like protein, old=Stage 0 sporulation protein A homolog
13:54:27.150 - INFO - ANNOTATION - fix product: revise whitespaces. new=Stage 0 sporulation A-like protein, old=Stage 0 sporulation  A-like protein
13:54:27.150 - INFO - ANNOTATION - marked as hypothetical: contig=contig_1, start=199102, stop=199584, strand=+
13:54:27.150 - INFO - ANNOTATION - marked as hypothetical: contig=contig_1, start=200293, stop=201075, strand=-
13:54:27.150 - INFO - ANNOTATION - fix gene: extract symbol from protein name. symbol=dhaL
13:54:27.150 - INFO - ANNOTATION - marked as hypothetical: contig=contig_1, start=215462, stop=215569, strand=+
13:54:27.151 - INFO - ANNOTATION - marked as hypothetical: contig=contig_1, start=215678, stop=216697, strand=+
13:54:27.151 - INFO - ANNOTATION - marked as hypothetical: contig=contig_1, start=232248, stop=232649, strand=+
13:54:27.151 - INFO - ANNOTATION - fix gene: extract symbol from protein name. symbol=secY
13:54:27.151 - INFO - ANNOTATION - fix gene: lowercase first char. new=rpoA, old=RpoA
13:54:27.151 - INFO - ANNOTATION - fix gene: lowercase first char. new=rpoA, old=RpoA
13:54:27.152 - INFO - ANNOTATION - marked as hypothetical: contig=contig_1, start=242371, stop=245364, strand=+
13:54:27.152 - INFO - ANNOTATION - marked as hypothetical: contig=contig_1, start=245595, stop=246008, strand=-
13:54:27.152 - INFO - ANNOTATION - marked as hypothetical: contig=contig_1, start=246243, stop=246647, strand=+
13:54:27.152 - INFO - ANNOTATION - marked as hypothetical: contig=contig_1, start=246732, stop=249494, strand=-
13:54:27.152 - INFO - ANNOTATION - fix gene: extract symbol from protein name. symbol=pspE
13:54:27.152 - INFO - ANNOTATION - marked as hypothetical: contig=contig_1, start=250698, stop=251843, strand=-
13:54:27.152 - INFO - ANNOTATION - fix gene: extract symbol from protein name. symbol=sufB
13:54:27.152 - INFO - ANNOTATION - fix gene: extract symbol from protein name. symbol=fabG
13:54:27.152 - INFO - ANNOTATION - fix gene: extract symbol from protein name. symbol=livG
13:54:27.152 - INFO - ANNOTATION - marked as hypothetical: contig=contig_1, start=266295, stop=267002, strand=+
13:54:27.152 - INFO - ANNOTATION - marked as hypothetical: contig=contig_1, start=276820, stop=280737, strand=-
13:54:27.153 - INFO - ANNOTATION - marked as hypothetical: contig=contig_1, start=283277, stop=284638, strand=+
13:54:27.153 - INFO - ANNOTATION - marked as hypothetical: contig=contig_1, start=285326, stop=285439, strand=-
13:54:27.153 - INFO - ANNOTATION - fix gene: extract symbol from protein name. symbol=yedF
13:54:27.153 - INFO - ANNOTATION - marked as hypothetical: contig=contig_1, start=291746, stop=296026, strand=-
13:54:27.153 - INFO - ANNOTATION - marked as hypothetical: contig=contig_1, start=296390, stop=296563, strand=-
13:54:27.153 - INFO - ANNOTATION - marked as hypothetical: contig=contig_1, start=296653, stop=297435, strand=-
13:54:27.153 - INFO - ANNOTATION - marked as hypothetical: contig=contig_1, start=297950, stop=298162, strand=+
13:54:27.153 - INFO - ANNOTATION - marked as hypothetical: contig=contig_1, start=301285, stop=302496, strand=+
13:54:27.153 - INFO - ANNOTATION - fix gene: extract symbol from protein name. symbol=kefA
13:54:27.153 - INFO - ANNOTATION - fix gene: extract symbol from protein name. symbol=trkA
13:54:27.153 - INFO - ANNOTATION - fix gene: extract symbol from protein name. symbol=ftsI
13:54:27.153 - INFO - ANNOTATION - marked as hypothetical: contig=contig_1, start=317264, stop=317500, strand=+
13:54:27.153 - INFO - ANNOTATION - fix gene: extract symbol from protein name. symbol=xkdX
13:54:27.154 - INFO - ANNOTATION - fix gene: extract symbol from protein name. symbol=spoU
13:54:27.154 - INFO - ANNOTATION - fix product: replace Homolog. new=S-layer-like y domain-containing protein, old=S-layer homology domain-containing protein
13:54:27.154 - INFO - ANNOTATION - fix gene: extract symbol from protein name. symbol=yvrO
13:54:27.154 - INFO - ANNOTATION - marked as hypothetical: contig=contig_1, start=330907, stop=331215, strand=-
13:54:27.154 - INFO - ANNOTATION - fix gene: extract symbol from protein name. symbol=yycJ
13:54:27.154 - INFO - ANNOTATION - fix product: replace Homolog. new=Stage 0 sporulation  A-like protein, old=Stage 0 sporulation protein A homolog
13:54:27.154 - INFO - ANNOTATION - fix product: revise whitespaces. new=Stage 0 sporulation A-like protein, old=Stage 0 sporulation  A-like protein
13:54:27.154 - INFO - ANNOTATION - marked as hypothetical: contig=contig_1, start=337283, stop=338605, strand=+
13:54:27.154 - INFO - ANNOTATION - marked as hypothetical: contig=contig_1, start=338618, stop=339442, strand=+
13:54:27.154 - INFO - ANNOTATION - marked as hypothetical: contig=contig_1, start=342363, stop=343283, strand=+
13:54:27.154 - INFO - ANNOTATION - marked as hypothetical: contig=contig_1, start=344843, stop=345190, strand=+
13:54:27.154 - INFO - ANNOTATION - marked as hypothetical: contig=contig_1, start=345190, stop=345516, strand=+
13:54:27.154 - INFO - ANNOTATION - marked as hypothetical: contig=contig_1, start=345513, stop=346004, strand=+
13:54:27.154 - INFO - ANNOTATION - marked as hypothetical: contig=contig_1, start=347425, stop=347847, strand=+
13:54:27.154 - INFO - ANNOTATION - marked as hypothetical: contig=contig_1, start=348041, stop=348586, strand=+
13:54:27.154 - INFO - ANNOTATION - fix gene: extract symbol from protein name. symbol=lysM
13:54:27.154 - INFO - ANNOTATION - marked as hypothetical: contig=contig_1, start=349179, stop=350111, strand=+
13:54:27.155 - INFO - ANNOTATION - fix gene: extract symbol from protein name. symbol=recG
13:54:27.155 - INFO - ANNOTATION - fix gene: extract symbol from protein name. symbol=oppF
13:54:27.155 - INFO - ANNOTATION - fix gene: extract symbol from protein name. symbol=arsC
13:54:27.155 - INFO - ANNOTATION - fix gene: extract symbol from protein name. symbol=glgD
13:54:27.155 - INFO - ANNOTATION - fix gene: extract symbol from protein name. symbol=glgB
13:54:27.155 - INFO - ANNOTATION - marked as hypothetical: contig=contig_1, start=385162, stop=385503, strand=-
13:54:27.155 - INFO - ANNOTATION - fix gene: extract symbol from protein name. symbol=greA
13:54:27.155 - INFO - ANNOTATION - marked as hypothetical: contig=contig_1, start=390383, stop=390484, strand=-
13:54:27.155 - INFO - ANNOTATION - fix gene: extract symbol from protein name. symbol=tcyC
13:54:27.155 - INFO - ANNOTATION - fix gene: extract symbol from protein name. symbol=tcyB
13:54:27.155 - INFO - ANNOTATION - fix gene: extract symbol from protein name. symbol=yxeP
13:54:27.156 - INFO - ANNOTATION - fix product: revise DUF. new=DUF819 domain-containing protein, old=DUF819 family protein
13:54:27.156 - INFO - ANNOTATION - fix product: replace putative synonyms. new=putative 3-hydroxybutyryl-CoA dehydrogenase, old=Probable 3-hydroxybutyryl-CoA dehydrogenase
13:54:27.156 - INFO - ANNOTATION - fix gene: extract symbol from protein name. symbol=aidB
13:54:27.156 - INFO - ANNOTATION - fix gene: lowercase first char. new=caiA, old=CaiA
13:54:27.156 - INFO - ANNOTATION - fix gene: lowercase first char. new=caiA, old=CaiA
13:54:27.156 - INFO - ANNOTATION - fix gene: extract symbol from protein name. symbol=carD
13:54:27.156 - INFO - ANNOTATION - fix gene: extract symbol from protein name. symbol=queT
13:54:27.156 - INFO - ANNOTATION - marked as hypothetical: contig=contig_1, start=410848, stop=413112, strand=-
13:54:27.156 - INFO - ANNOTATION - fix gene: extract symbol from protein name. symbol=mazG
13:54:27.156 - INFO - ANNOTATION - marked as hypothetical: contig=contig_1, start=426776, stop=427639, strand=-
13:54:27.156 - INFO - ANNOTATION - marked as hypothetical: contig=contig_1, start=429269, stop=430027, strand=+
13:54:27.156 - INFO - ANNOTATION - marked as hypothetical: contig=contig_1, start=430210, stop=430794, strand=+
13:54:27.156 - INFO - ANNOTATION - marked as hypothetical: contig=contig_1, start=430869, stop=431666, strand=+
13:54:27.157 - INFO - ANNOTATION - fix gene: extract symbol from protein name. symbol=feoA
13:54:27.157 - INFO - ANNOTATION - fix gene: extract symbol from protein name. symbol=feoA
13:54:27.157 - INFO - ANNOTATION - marked as hypothetical: contig=contig_1, start=441045, stop=441890, strand=-
13:54:27.157 - INFO - ANNOTATION - fix gene: extract symbol from protein name. symbol=recJ
13:54:27.157 - INFO - ANNOTATION - marked as hypothetical: contig=contig_1, start=448263, stop=448442, strand=+
13:54:27.157 - INFO - ANNOTATION - marked as hypothetical: contig=contig_1, start=453096, stop=453302, strand=+
13:54:27.157 - INFO - ANNOTATION - marked as hypothetical: contig=contig_1, start=457940, stop=458476, strand=-
13:54:27.157 - INFO - ANNOTATION - fix gene: extract symbol from protein name. symbol=ylbF
13:54:27.157 - INFO - ANNOTATION - fix product: revise DUF. new=DUF6547 domain-containing protein, old=Family of unknown function (DUF6547)
13:54:27.157 - INFO - ANNOTATION - marked as hypothetical: contig=contig_1, start=471912, stop=472337, strand=-
13:54:27.158 - INFO - ANNOTATION - marked as hypothetical: contig=contig_1, start=473851, stop=474087, strand=-
13:54:27.158 - INFO - ANNOTATION - marked as hypothetical: contig=contig_1, start=475838, stop=476185, strand=-
13:54:27.158 - INFO - ANNOTATION - fix gene: extract symbol from protein name. symbol=mazG
13:54:27.158 - INFO - ANNOTATION - fix product: revise DUF. new=DUF1273 domain-containing protein, old=DUF1273 family protein
13:54:27.158 - INFO - ANNOTATION - marked as hypothetical: contig=contig_1, start=485428, stop=486261, strand=-
13:54:27.158 - INFO - ANNOTATION - fix gene: extract symbol from protein name. symbol=tnpV
13:54:27.158 - INFO - ANNOTATION - fix product: revise DUF. new=DUF4315 domain-containing protein, old=DUF4315 family protein
13:54:27.158 - INFO - ANNOTATION - fix gene: extract symbol from protein name. symbol=virB4
13:54:27.158 - INFO - ANNOTATION - fix gene: lowercase first char. new=virB4, old=VirB4
13:54:27.158 - INFO - ANNOTATION - fix gene: lowercase first char. new=virB4, old=VirB4
13:54:27.158 - INFO - ANNOTATION - fix gene: extract symbol from protein name. symbol=prgI
13:54:27.159 - INFO - ANNOTATION - fix gene: extract symbol from protein name. symbol=pcfB
13:54:27.159 - INFO - ANNOTATION - marked as hypothetical: contig=contig_1, start=514849, stop=515223, strand=-
13:54:27.159 - INFO - ANNOTATION - fix gene: extract symbol from protein name. symbol=bcsQ
13:54:27.159 - INFO - ANNOTATION - fix gene: lowercase first char. new=parA, old=ParA
13:54:27.159 - INFO - ANNOTATION - fix gene: lowercase first char. new=parA, old=ParA
13:54:27.159 - INFO - ANNOTATION - fix gene: extract symbol from protein name. symbol=alpA
13:54:27.159 - INFO - ANNOTATION - marked as hypothetical: contig=contig_1, start=521598, stop=521708, strand=-
13:54:27.159 - INFO - ANNOTATION - fix gene: extract symbol from protein name. symbol=mobC
13:54:27.159 - INFO - ANNOTATION - fix gene: extract symbol from protein name. symbol=ardA
13:54:27.159 - INFO - ANNOTATION - fix gene: extract symbol from protein name. symbol=ardA
13:54:27.159 - INFO - ANNOTATION - fix product: revise DUF. new=DUF4315 domain-containing protein, old=DUF4315 family protein
13:54:27.159 - INFO - ANNOTATION - fix gene: extract symbol from protein name. symbol=traE
13:54:27.159 - INFO - ANNOTATION - fix gene: extract symbol from protein name. symbol=prgI
13:54:27.160 - INFO - ANNOTATION - fix gene: extract symbol from protein name. symbol=mobQ
13:54:27.160 - INFO - ANNOTATION - fix gene: extract symbol from protein name. symbol=virD4
13:54:27.160 - INFO - ANNOTATION - fix gene: extract symbol from protein name. symbol=pcfB
13:54:27.160 - INFO - ANNOTATION - fix product: revise DUF. new=DUF5720 domain-containing protein, old=DUF5720 family protein
13:54:27.160 - INFO - ANNOTATION - fix gene: extract symbol from protein name. symbol=carD
13:54:27.160 - INFO - ANNOTATION - marked as hypothetical: contig=contig_1, start=557248, stop=558486, strand=-
13:54:27.160 - INFO - ANNOTATION - marked as hypothetical: contig=contig_1, start=564153, stop=565316, strand=-
13:54:27.160 - INFO - ANNOTATION - fix product: revise DUF. new=DUF6198 domain-containing protein, old=DUF6198 family protein
13:54:27.160 - INFO - ANNOTATION - fix gene: extract symbol from protein name. symbol=bofA
13:54:27.160 - INFO - ANNOTATION - marked as hypothetical: contig=contig_1, start=574503, stop=575504, strand=-
13:54:27.160 - INFO - ANNOTATION - marked as hypothetical: contig=contig_1, start=575798, stop=576037, strand=-
13:54:27.160 - INFO - ANNOTATION - marked as hypothetical: contig=contig_1, start=576357, stop=576917, strand=-
13:54:27.160 - INFO - ANNOTATION - marked as hypothetical: contig=contig_1, start=577473, stop=577844, strand=-
13:54:27.160 - INFO - ANNOTATION - marked as hypothetical: contig=contig_1, start=577969, stop=578703, strand=-
13:54:27.161 - INFO - ANNOTATION - fix gene: extract symbol from protein name. symbol=mnmE
13:54:27.161 - INFO - ANNOTATION - fix gene: extract symbol from protein name. symbol=nadR
13:54:27.161 - INFO - ANNOTATION - marked as hypothetical: contig=contig_1, start=595157, stop=595873, strand=+
13:54:27.161 - INFO - ANNOTATION - fix gene: extract symbol from protein name. symbol=ribD
13:54:27.161 - INFO - ANNOTATION - fix gene: extract symbol from protein name. symbol=marR
13:54:27.161 - INFO - ANNOTATION - marked as hypothetical: contig=contig_1, start=619858, stop=620748, strand=-
13:54:27.161 - INFO - ANNOTATION - marked as hypothetical: contig=contig_1, start=624978, stop=625463, strand=+
13:54:27.162 - INFO - ANNOTATION - fix gene: extract symbol from protein name. symbol=sdpI
13:54:27.162 - INFO - ANNOTATION - fix product: revise DUF. new=DUF2508 domain-containing protein, old=DUF2508 family protein
13:54:27.162 - INFO - ANNOTATION - fix gene: extract symbol from protein name. symbol=lptB
13:54:27.162 - INFO - ANNOTATION - fix gene: extract symbol from protein name. symbol=dhaK
13:54:27.162 - INFO - ANNOTATION - marked as hypothetical: contig=contig_1, start=636147, stop=637820, strand=+
13:54:27.162 - INFO - ANNOTATION - fix gene: extract symbol from protein name. symbol=pstA
13:54:27.162 - INFO - ANNOTATION - fix gene: extract symbol from protein name. symbol=pstB
13:54:27.162 - INFO - ANNOTATION - fix gene: extract symbol from protein name. symbol=phoU
13:54:27.162 - INFO - ANNOTATION - fix product: replace Homolog. new=Stage 0 sporulation  A-like protein, old=Stage 0 sporulation protein A homolog
13:54:27.162 - INFO - ANNOTATION - fix product: revise whitespaces. new=Stage 0 sporulation A-like protein, old=Stage 0 sporulation  A-like protein
13:54:27.162 - INFO - ANNOTATION - marked as hypothetical: contig=contig_1, start=647493, stop=647873, strand=-
13:54:27.162 - INFO - ANNOTATION - marked as hypothetical: contig=contig_1, start=647979, stop=648101, strand=+
13:54:27.162 - INFO - ANNOTATION - marked as hypothetical: contig=contig_1, start=649635, stop=651083, strand=-
13:54:27.162 - INFO - ANNOTATION - fix gene: extract symbol from protein name. symbol=eamA
13:54:27.162 - INFO - ANNOTATION - marked as hypothetical: contig=contig_1, start=654487, stop=655494, strand=+
13:54:27.162 - INFO - ANNOTATION - marked as hypothetical: contig=contig_1, start=655809, stop=656435, strand=+
13:54:27.163 - INFO - ANNOTATION - fix gene: extract symbol from protein name. symbol=hrtA
13:54:27.163 - INFO - ANNOTATION - fix product: replace Homolog. new=Stage 0 sporulation  A-like protein, old=Stage 0 sporulation protein A homolog
13:54:27.163 - INFO - ANNOTATION - fix product: revise whitespaces. new=Stage 0 sporulation A-like protein, old=Stage 0 sporulation  A-like protein
13:54:27.163 - INFO - ANNOTATION - marked as hypothetical: contig=contig_1, start=668720, stop=669337, strand=-
13:54:27.163 - INFO - ANNOTATION - fix gene: extract symbol from protein name. symbol=znuB
13:54:27.163 - INFO - ANNOTATION - marked as hypothetical: contig=contig_1, start=676377, stop=677525, strand=+
13:54:27.163 - INFO - ANNOTATION - fix product: revise DUF. new=DUF3842 domain-containing protein, old=DUF3842 family protein
13:54:27.163 - INFO - ANNOTATION - fix gene: extract symbol from protein name. symbol=gldA
13:54:27.163 - INFO - ANNOTATION - fix gene: extract symbol from protein name. symbol=kdsD
13:54:27.163 - INFO - ANNOTATION - fix gene: extract symbol from protein name. symbol=iclR
13:54:27.164 - INFO - ANNOTATION - fix gene: extract symbol from protein name. symbol=recA
13:54:27.164 - INFO - ANNOTATION - fix gene: extract symbol from protein name. symbol=recX
13:54:27.164 - INFO - ANNOTATION - fix gene: extract symbol from protein name. symbol=rimO
13:54:27.164 - INFO - ANNOTATION - marked as hypothetical: contig=contig_1, start=708953, stop=709402, strand=-
13:54:27.164 - INFO - ANNOTATION - marked as hypothetical: contig=contig_1, start=712549, stop=714408, strand=+
13:54:27.164 - INFO - ANNOTATION - marked as hypothetical: contig=contig_1, start=714794, stop=715864, strand=+
13:54:27.164 - INFO - ANNOTATION - marked as hypothetical: contig=contig_1, start=717097, stop=717558, strand=+
13:54:27.164 - INFO - ANNOTATION - marked as hypothetical: contig=contig_1, start=717440, stop=717973, strand=-
13:54:27.164 - INFO - ANNOTATION - marked as hypothetical: contig=contig_1, start=717970, stop=718200, strand=-
13:54:27.164 - INFO - ANNOTATION - fix product: replace Homolog. new=Stage 0 sporulation  A-like protein, old=Stage 0 sporulation protein A homolog
13:54:27.164 - INFO - ANNOTATION - fix product: revise whitespaces. new=Stage 0 sporulation A-like protein, old=Stage 0 sporulation  A-like protein
13:54:27.164 - INFO - ANNOTATION - marked as hypothetical: contig=contig_1, start=730840, stop=730962, strand=+
13:54:27.164 - INFO - ANNOTATION - marked as hypothetical: contig=contig_1, start=734827, stop=735339, strand=-
13:54:27.164 - INFO - ANNOTATION - fix product: replace Homolog. new=Stage 0 sporulation  A-like protein, old=Stage 0 sporulation protein A homolog
13:54:27.164 - INFO - ANNOTATION - fix product: revise whitespaces. new=Stage 0 sporulation A-like protein, old=Stage 0 sporulation  A-like protein
13:54:27.165 - INFO - ANNOTATION - marked as hypothetical: contig=contig_1, start=742008, stop=743504, strand=-
13:54:27.165 - INFO - ANNOTATION - marked as hypothetical: contig=contig_1, start=744144, stop=744629, strand=+
13:54:27.165 - INFO - ANNOTATION - marked as hypothetical: contig=contig_1, start=744811, stop=744939, strand=-
13:54:27.165 - INFO - ANNOTATION - marked as hypothetical: contig=contig_1, start=745388, stop=745990, strand=-
13:54:27.165 - INFO - ANNOTATION - marked as hypothetical: contig=contig_1, start=746003, stop=746431, strand=-
13:54:27.165 - INFO - ANNOTATION - fix product: replace putative synonyms. new=putative membrane transporter protein, old=Probable membrane transporter protein
13:54:27.165 - INFO - ANNOTATION - marked as hypothetical: contig=contig_1, start=750906, stop=751547, strand=+
13:54:27.165 - INFO - ANNOTATION - marked as hypothetical: contig=contig_1, start=751679, stop=752419, strand=+
13:54:27.165 - INFO - ANNOTATION - fix gene: extract symbol from protein name. symbol=ybhL
13:54:27.165 - INFO - ANNOTATION - marked as hypothetical: contig=contig_1, start=756492, stop=756758, strand=+
13:54:27.165 - INFO - ANNOTATION - fix product: replace Homolog. new=Stage 0 sporulation  A-like protein, old=Stage 0 sporulation protein A homolog
13:54:27.165 - INFO - ANNOTATION - fix product: revise whitespaces. new=Stage 0 sporulation A-like protein, old=Stage 0 sporulation  A-like protein
13:54:27.165 - INFO - ANNOTATION - fix gene: extract symbol from protein name. symbol=degV
13:54:27.165 - INFO - ANNOTATION - fix gene: extract symbol from protein name. symbol=kstR2
13:54:27.165 - INFO - ANNOTATION - marked as hypothetical: contig=contig_1, start=766139, stop=767425, strand=-
13:54:27.165 - INFO - ANNOTATION - fix gene: extract symbol from protein name. symbol=eamA
13:54:27.165 - INFO - ANNOTATION - fix gene: extract symbol from protein name. symbol=phoU
13:54:27.166 - INFO - ANNOTATION - marked as hypothetical: contig=contig_1, start=775391, stop=775822, strand=-
13:54:27.166 - INFO - ANNOTATION - marked as hypothetical: contig=contig_1, start=778240, stop=778410, strand=+
13:54:27.166 - INFO - ANNOTATION - marked as hypothetical: contig=contig_1, start=780780, stop=781322, strand=-
13:54:27.166 - INFO - ANNOTATION - marked as hypothetical: contig=contig_1, start=782427, stop=782639, strand=-
13:54:27.166 - INFO - ANNOTATION - marked as hypothetical: contig=contig_1, start=783108, stop=783440, strand=-
13:54:27.166 - INFO - ANNOTATION - marked as hypothetical: contig=contig_1, start=783616, stop=783777, strand=+
13:54:27.166 - INFO - ANNOTATION - marked as hypothetical: contig=contig_1, start=783931, stop=784218, strand=+
13:54:27.166 - INFO - ANNOTATION - marked as hypothetical: contig=contig_1, start=784191, stop=784649, strand=+
13:54:27.166 - INFO - ANNOTATION - marked as hypothetical: contig=contig_1, start=784692, stop=784901, strand=+
13:54:27.166 - INFO - ANNOTATION - marked as hypothetical: contig=contig_1, start=784947, stop=785132, strand=+
13:54:27.166 - INFO - ANNOTATION - marked as hypothetical: contig=contig_1, start=785129, stop=785281, strand=+
13:54:27.166 - INFO - ANNOTATION - marked as hypothetical: contig=contig_1, start=787512, stop=787691, strand=+
13:54:27.166 - INFO - ANNOTATION - marked as hypothetical: contig=contig_1, start=787681, stop=787884, strand=+
13:54:27.166 - INFO - ANNOTATION - marked as hypothetical: contig=contig_1, start=787877, stop=788440, strand=+
13:54:27.166 - INFO - ANNOTATION - marked as hypothetical: contig=contig_1, start=790746, stop=791063, strand=+
13:54:27.166 - INFO - ANNOTATION - marked as hypothetical: contig=contig_1, start=791533, stop=791775, strand=+
13:54:27.166 - INFO - ANNOTATION - marked as hypothetical: contig=contig_1, start=791772, stop=792134, strand=+
13:54:27.166 - INFO - ANNOTATION - marked as hypothetical: contig=contig_1, start=792131, stop=792442, strand=+
13:54:27.166 - INFO - ANNOTATION - marked as hypothetical: contig=contig_1, start=792439, stop=792840, strand=+
13:54:27.166 - INFO - ANNOTATION - marked as hypothetical: contig=contig_1, start=792797, stop=793003, strand=+
13:54:27.166 - INFO - ANNOTATION - marked as hypothetical: contig=contig_1, start=792990, stop=793352, strand=+
13:54:27.166 - INFO - ANNOTATION - marked as hypothetical: contig=contig_1, start=797642, stop=797818, strand=+
13:54:27.166 - INFO - ANNOTATION - marked as hypothetical: contig=contig_1, start=797815, stop=799098, strand=+
13:54:27.166 - INFO - ANNOTATION - marked as hypothetical: contig=contig_1, start=799095, stop=799898, strand=+
13:54:27.166 - INFO - ANNOTATION - marked as hypothetical: contig=contig_1, start=799913, stop=801142, strand=+
13:54:27.166 - INFO - ANNOTATION - marked as hypothetical: contig=contig_1, start=801145, stop=801480, strand=+
13:54:27.166 - INFO - ANNOTATION - marked as hypothetical: contig=contig_1, start=801518, stop=802072, strand=+
13:54:27.166 - INFO - ANNOTATION - marked as hypothetical: contig=contig_1, start=802072, stop=802560, strand=+
13:54:27.166 - INFO - ANNOTATION - marked as hypothetical: contig=contig_1, start=802557, stop=802994, strand=+
13:54:27.166 - INFO - ANNOTATION - fix gene: extract symbol from protein name. symbol=lysM
13:54:27.166 - INFO - ANNOTATION - marked as hypothetical: contig=contig_1, start=809430, stop=809639, strand=+
13:54:27.167 - INFO - ANNOTATION - marked as hypothetical: contig=contig_1, start=811639, stop=812400, strand=+
13:54:27.167 - INFO - ANNOTATION - marked as hypothetical: contig=contig_1, start=812740, stop=813066, strand=+
13:54:27.167 - INFO - ANNOTATION - fix gene: extract symbol from protein name. symbol=lysM
13:54:27.167 - INFO - ANNOTATION - fix gene: lowercase first char. new=yotD, old=YotD
13:54:27.167 - INFO - ANNOTATION - fix gene: lowercase first char. new=yotD, old=YotD
13:54:27.167 - INFO - ANNOTATION - marked as hypothetical: contig=contig_1, start=820035, stop=820235, strand=+
13:54:27.167 - INFO - ANNOTATION - fix gene: extract symbol from protein name. symbol=yfnF
13:54:27.167 - INFO - ANNOTATION - marked as hypothetical: contig=contig_1, start=822966, stop=824222, strand=+
13:54:27.167 - INFO - ANNOTATION - fix gene: extract symbol from protein name. symbol=yfnD
13:54:27.167 - INFO - ANNOTATION - marked as hypothetical: contig=contig_1, start=831392, stop=831688, strand=-
13:54:27.167 - INFO - ANNOTATION - marked as hypothetical: contig=contig_1, start=837903, stop=838514, strand=+
13:54:27.167 - INFO - ANNOTATION - fix gene: extract symbol from protein name. symbol=vanW
13:54:27.168 - INFO - ANNOTATION - fix gene: extract symbol from protein name. symbol=hisJ
13:54:27.168 - INFO - ANNOTATION - marked as hypothetical: contig=contig_1, start=847869, stop=849020, strand=-
13:54:27.168 - INFO - ANNOTATION - fix gene: extract symbol from protein name. symbol=dnaK
13:54:27.168 - INFO - ANNOTATION - fix gene: extract symbol from protein name. symbol=grpE
13:54:27.168 - INFO - ANNOTATION - fix gene: extract symbol from protein name. symbol=hrcA
13:54:27.168 - INFO - ANNOTATION - fix gene: extract symbol from protein name. symbol=iscS
13:54:27.168 - INFO - ANNOTATION - fix gene: extract symbol from protein name. symbol=xerD
13:54:27.168 - INFO - ANNOTATION - fix gene: lowercase first char. new=xerD, old=XerD
13:54:27.168 - INFO - ANNOTATION - fix gene: lowercase first char. new=xerD, old=XerD
13:54:27.168 - INFO - ANNOTATION - fix gene: lowercase first char. new=manB2, old=ManB2
13:54:27.168 - INFO - ANNOTATION - fix gene: lowercase first char. new=manB2, old=ManB2
13:54:27.168 - INFO - ANNOTATION - fix gene: lowercase first char. new=bcsA, old=BcsA
13:54:27.168 - INFO - ANNOTATION - fix gene: lowercase first char. new=bcsA, old=BcsA
13:54:27.168 - INFO - ANNOTATION - fix gene: lowercase first char. new=ugd, old=Ugd
13:54:27.168 - INFO - ANNOTATION - fix gene: lowercase first char. new=ugd, old=Ugd
13:54:27.168 - INFO - ANNOTATION - fix gene: extract symbol from protein name. symbol=xerD
13:54:27.168 - INFO - ANNOTATION - fix gene: lowercase first char. new=xerD, old=XerD
13:54:27.168 - INFO - ANNOTATION - fix gene: lowercase first char. new=xerD, old=XerD
13:54:27.169 - INFO - ANNOTATION - marked as hypothetical: contig=contig_1, start=878115, stop=878861, strand=+
13:54:27.169 - INFO - ANNOTATION - fix gene: extract symbol from protein name. symbol=ardA
13:54:27.169 - INFO - ANNOTATION - fix product: revise DUF. new=DUF4315 domain-containing protein, old=DUF4315 family protein
13:54:27.169 - INFO - ANNOTATION - fix product: replace putative synonyms. new=putative endopeptidase p60, old=Probable endopeptidase p60
13:54:27.169 - INFO - ANNOTATION - fix gene: extract symbol from protein name. symbol=traG
13:54:27.169 - INFO - ANNOTATION - fix product: revise DUF. new=DUF3801 domain-containing protein, old=Protein of uncharacterized function (DUF3801)
13:54:27.169 - INFO - ANNOTATION - fix gene: extract symbol from protein name. symbol=rsmD
13:54:27.169 - INFO - ANNOTATION - fix gene: extract symbol from protein name. symbol=cvpA
13:54:27.169 - INFO - ANNOTATION - marked as hypothetical: contig=contig_1, start=909425, stop=909856, strand=-
13:54:27.169 - INFO - ANNOTATION - marked as hypothetical: contig=contig_1, start=910025, stop=910255, strand=+
13:54:27.169 - INFO - ANNOTATION - marked as hypothetical: contig=contig_1, start=910783, stop=911268, strand=-
13:54:27.170 - INFO - ANNOTATION - marked as hypothetical: contig=contig_1, start=912073, stop=912231, strand=+
13:54:27.170 - INFO - ANNOTATION - marked as hypothetical: contig=contig_1, start=912530, stop=912847, strand=+
13:54:27.170 - INFO - ANNOTATION - marked as hypothetical: contig=contig_1, start=913642, stop=913914, strand=+
13:54:27.170 - INFO - ANNOTATION - marked as hypothetical: contig=contig_1, start=913926, stop=914453, strand=+
13:54:27.170 - INFO - ANNOTATION - marked as hypothetical: contig=contig_1, start=915067, stop=917004, strand=+
13:54:27.170 - INFO - ANNOTATION - marked as hypothetical: contig=contig_1, start=916994, stop=917605, strand=+
13:54:27.170 - INFO - ANNOTATION - marked as hypothetical: contig=contig_1, start=917602, stop=918324, strand=+
13:54:27.170 - INFO - ANNOTATION - marked as hypothetical: contig=contig_1, start=918343, stop=919230, strand=+
13:54:27.170 - INFO - ANNOTATION - marked as hypothetical: contig=contig_1, start=919223, stop=919792, strand=+
13:54:27.170 - INFO - ANNOTATION - marked as hypothetical: contig=contig_1, start=921372, stop=921626, strand=+
13:54:27.170 - INFO - ANNOTATION - fix gene: extract symbol from protein name. symbol=rinA
13:54:27.170 - INFO - ANNOTATION - marked as hypothetical: contig=contig_1, start=928745, stop=928912, strand=+
13:54:27.170 - INFO - ANNOTATION - marked as hypothetical: contig=contig_1, start=929287, stop=929628, strand=+
13:54:27.170 - INFO - ANNOTATION - marked as hypothetical: contig=contig_1, start=935072, stop=935449, strand=+
13:54:27.170 - INFO - ANNOTATION - marked as hypothetical: contig=contig_1, start=935446, stop=937116, strand=+
13:54:27.170 - INFO - ANNOTATION - marked as hypothetical: contig=contig_1, start=937113, stop=937502, strand=+
13:54:27.170 - INFO - ANNOTATION - marked as hypothetical: contig=contig_1, start=937505, stop=938734, strand=+
13:54:27.170 - INFO - ANNOTATION - marked as hypothetical: contig=contig_1, start=938737, stop=939102, strand=+
13:54:27.170 - INFO - ANNOTATION - marked as hypothetical: contig=contig_1, start=939095, stop=939220, strand=+
13:54:27.170 - INFO - ANNOTATION - fix gene: extract symbol from protein name. symbol=xhlA
13:54:27.170 - INFO - ANNOTATION - marked as hypothetical: contig=contig_1, start=943787, stop=947140, strand=-
13:54:27.171 - INFO - ANNOTATION - fix gene: lowercase first char. new=potB, old=PotB
13:54:27.171 - INFO - ANNOTATION - fix gene: lowercase first char. new=potB, old=PotB
13:54:27.171 - INFO - ANNOTATION - fix gene: lowercase first char. new=potA, old=PotA
13:54:27.171 - INFO - ANNOTATION - fix gene: lowercase first char. new=potA, old=PotA
13:54:27.171 - INFO - ANNOTATION - marked as hypothetical: contig=contig_1, start=957714, stop=958226, strand=+
13:54:27.171 - INFO - ANNOTATION - marked as hypothetical: contig=contig_1, start=958441, stop=958824, strand=+
13:54:27.171 - INFO - ANNOTATION - marked as hypothetical: contig=contig_1, start=959966, stop=960445, strand=+
13:54:27.171 - INFO - ANNOTATION - fix gene: extract symbol from protein name. symbol=nusB
13:54:27.171 - INFO - ANNOTATION - fix gene: extract symbol from protein name. symbol=tlyA
13:54:27.171 - INFO - ANNOTATION - fix gene: extract symbol from protein name. symbol=recN
13:54:27.171 - INFO - ANNOTATION - fix gene: extract symbol from protein name. symbol=rapZ
13:54:27.171 - INFO - ANNOTATION - fix product: replace putative synonyms. new=putative cell division protein WhiA, old=Probable cell division protein WhiA
13:54:27.171 - INFO - ANNOTATION - fix gene: extract symbol from protein name. symbol=whiA
13:54:27.172 - INFO - ANNOTATION - marked as hypothetical: contig=contig_1, start=976118, stop=976444, strand=+
13:54:27.172 - INFO - ANNOTATION - fix gene: extract symbol from protein name. symbol=sipL
13:54:27.172 - INFO - ANNOTATION - marked as hypothetical: contig=contig_1, start=984633, stop=985085, strand=+
13:54:27.172 - INFO - ANNOTATION - marked as hypothetical: contig=contig_1, start=985105, stop=985572, strand=+
13:54:27.172 - INFO - ANNOTATION - fix gene: extract symbol from protein name. symbol=radC
13:54:27.172 - INFO - ANNOTATION - marked as hypothetical: contig=contig_1, start=989192, stop=989974, strand=+
13:54:27.172 - INFO - ANNOTATION - marked as hypothetical: contig=contig_1, start=993469, stop=993816, strand=+
13:54:27.172 - INFO - ANNOTATION - fix gene: extract symbol from protein name. symbol=mreB
13:54:27.172 - INFO - ANNOTATION - marked as hypothetical: contig=contig_1, start=998450, stop=999052, strand=+
13:54:27.172 - INFO - ANNOTATION - marked as hypothetical: contig=contig_1, start=1001701, stop=1001979, strand=+
13:54:27.172 - INFO - ANNOTATION - fix gene: extract symbol from protein name. symbol=ybeY
13:54:27.172 - INFO - ANNOTATION - marked as hypothetical: contig=contig_1, start=1005748, stop=1005855, strand=+
13:54:27.172 - INFO - ANNOTATION - fix gene: extract symbol from protein name. symbol=recO
13:54:27.172 - INFO - ANNOTATION - fix gene: extract symbol from protein name. symbol=feoA
13:54:27.172 - INFO - ANNOTATION - fix gene: extract symbol from protein name. symbol=mutS2
13:54:27.172 - INFO - ANNOTATION - fix gene: lowercase first char. new=ptsH, old=PtsH
13:54:27.172 - INFO - ANNOTATION - fix gene: lowercase first char. new=ptsH, old=PtsH
13:54:27.173 - INFO - ANNOTATION - fix gene: extract symbol from protein name. symbol=cotA
13:54:27.173 - INFO - ANNOTATION - fix gene: extract symbol from protein name. symbol=rusA
13:54:27.173 - INFO - ANNOTATION - fix gene: extract symbol from protein name. symbol=traL
13:54:27.173 - INFO - ANNOTATION - fix gene: extract symbol from protein name. symbol=yerB
13:54:27.173 - INFO - ANNOTATION - marked as hypothetical: contig=contig_1, start=1034932, stop=1035375, strand=+
13:54:27.173 - INFO - ANNOTATION - marked as hypothetical: contig=contig_1, start=1036451, stop=1037578, strand=-
13:54:27.173 - INFO - ANNOTATION - fix gene: extract symbol from protein name. symbol=luxE
13:54:27.173 - INFO - ANNOTATION - fix gene: extract symbol from protein name. symbol=fabZ
13:54:27.173 - INFO - ANNOTATION - fix gene: extract symbol from protein name. symbol=hndC
13:54:27.173 - INFO - ANNOTATION - fix gene: extract symbol from protein name. symbol=nuoF
13:54:27.173 - INFO - ANNOTATION - fix gene: extract symbol from protein name. symbol=hydC
13:54:27.174 - INFO - ANNOTATION - marked as hypothetical: contig=contig_1, start=1064109, stop=1064342, strand=-
13:54:27.174 - INFO - ANNOTATION - marked as hypothetical: contig=contig_1, start=1064335, stop=1064811, strand=-
13:54:27.174 - INFO - ANNOTATION - marked as hypothetical: contig=contig_1, start=1064842, stop=1065120, strand=-
13:54:27.174 - INFO - ANNOTATION - marked as hypothetical: contig=contig_1, start=1069610, stop=1069786, strand=+
13:54:27.174 - INFO - ANNOTATION - marked as hypothetical: contig=contig_1, start=1069922, stop=1070407, strand=+
13:54:27.174 - INFO - ANNOTATION - marked as hypothetical: contig=contig_1, start=1077573, stop=1078625, strand=+
13:54:27.174 - INFO - ANNOTATION - marked as hypothetical: contig=contig_1, start=1083749, stop=1084018, strand=+
13:54:27.174 - INFO - ANNOTATION - marked as hypothetical: contig=contig_1, start=1086225, stop=1086707, strand=+
13:54:27.174 - INFO - ANNOTATION - marked as hypothetical: contig=contig_1, start=1088912, stop=1089592, strand=+
13:54:27.174 - INFO - ANNOTATION - fix gene: extract symbol from protein name. symbol=tcyC
13:54:27.174 - INFO - ANNOTATION - fix gene: extract symbol from protein name. symbol=ykoE
13:54:27.174 - INFO - ANNOTATION - fix gene: extract symbol from protein name. symbol=ykoC
13:54:27.174 - INFO - ANNOTATION - marked as hypothetical: contig=contig_1, start=1095804, stop=1096235, strand=+
13:54:27.175 - INFO - ANNOTATION - fix gene: extract symbol from protein name. symbol=feoA
13:54:27.175 - INFO - ANNOTATION - fix gene: extract symbol from protein name. symbol=sigG
13:54:27.175 - INFO - ANNOTATION - marked as hypothetical: contig=contig_1, start=1107667, stop=1109100, strand=-
13:54:27.175 - INFO - ANNOTATION - fix gene: extract symbol from protein name. symbol=sigV
13:54:27.175 - INFO - ANNOTATION - fix gene: extract symbol from protein name. symbol=recR
13:54:27.175 - INFO - ANNOTATION - fix gene: extract symbol from protein name. symbol=tdcB
13:54:27.175 - INFO - ANNOTATION - marked as hypothetical: contig=contig_1, start=1114581, stop=1115126, strand=+
13:54:27.175 - INFO - ANNOTATION - marked as hypothetical: contig=contig_1, start=1115138, stop=1116124, strand=+
13:54:27.175 - INFO - ANNOTATION - fix product: revise DUF. new=DUF975 domain-containing protein, old=DUF975 family protein
13:54:27.175 - INFO - ANNOTATION - marked as hypothetical: contig=contig_1, start=1117068, stop=1118336, strand=-
13:54:27.175 - INFO - ANNOTATION - fix gene: extract symbol from protein name. symbol=padR
13:54:27.175 - INFO - ANNOTATION - fix gene: extract symbol from protein name. symbol=yitT
13:54:27.175 - INFO - ANNOTATION - marked as hypothetical: contig=contig_1, start=1126422, stop=1126580, strand=-
13:54:27.175 - INFO - ANNOTATION - marked as hypothetical: contig=contig_1, start=1126720, stop=1126890, strand=+
13:54:27.176 - INFO - ANNOTATION - fix gene: extract symbol from protein name. symbol=argJ
13:54:27.176 - INFO - ANNOTATION - marked as hypothetical: contig=contig_1, start=1138418, stop=1139137, strand=-
13:54:27.176 - INFO - ANNOTATION - marked as hypothetical: contig=contig_1, start=1139151, stop=1139930, strand=-
13:54:27.176 - INFO - ANNOTATION - marked as hypothetical: contig=contig_1, start=1148898, stop=1150904, strand=+
13:54:27.176 - INFO - ANNOTATION - marked as hypothetical: contig=contig_1, start=1150992, stop=1151729, strand=+
13:54:27.176 - INFO - ANNOTATION - marked as hypothetical: contig=contig_1, start=1151753, stop=1152391, strand=+
13:54:27.176 - INFO - ANNOTATION - marked as hypothetical: contig=contig_1, start=1152388, stop=1152672, strand=+
13:54:27.176 - INFO - ANNOTATION - marked as hypothetical: contig=contig_2, start=546, stop=728, strand=-
13:54:27.176 - INFO - ANNOTATION - marked as hypothetical: contig=contig_2, start=772, stop=936, strand=-
13:54:27.176 - INFO - ANNOTATION - marked as hypothetical: contig=contig_2, start=2426, stop=2599, strand=-
13:54:27.176 - INFO - ANNOTATION - marked as hypothetical: contig=contig_2, start=2646, stop=2855, strand=-
13:54:27.176 - INFO - ANNOTATION - marked as hypothetical: contig=contig_2, start=2855, stop=3004, strand=-
13:54:27.176 - INFO - ANNOTATION - marked as hypothetical: contig=contig_2, start=3001, stop=3204, strand=-
13:54:27.176 - INFO - ANNOTATION - marked as hypothetical: contig=contig_2, start=3201, stop=3410, strand=-
13:54:27.176 - INFO - ANNOTATION - marked as hypothetical: contig=contig_2, start=4129, stop=6642, strand=-
13:54:27.176 - INFO - ANNOTATION - marked as hypothetical: contig=contig_2, start=6727, stop=6993, strand=+
13:54:27.176 - INFO - ANNOTATION - fix gene: extract symbol from protein name. symbol=ydiF
13:54:27.176 - INFO - ANNOTATION - fix gene: extract symbol from protein name. symbol=marR
13:54:27.176 - INFO - ANNOTATION - marked as hypothetical: contig=contig_77, start=5965, stop=6087, strand=-
13:54:27.176 - INFO - ANNOTATION - marked as hypothetical: contig=contig_77, start=6084, stop=6476, strand=-
13:54:27.176 - INFO - ANNOTATION - marked as hypothetical: contig=contig_77, start=6448, stop=6783, strand=-
13:54:27.176 - INFO - ANNOTATION - marked as hypothetical: contig=contig_77, start=6908, stop=7429, strand=-
13:54:27.177 - INFO - ANNOTATION - marked as hypothetical: contig=contig_77, start=10537, stop=11121, strand=-
13:54:27.177 - INFO - ANNOTATION - marked as hypothetical: contig=contig_77, start=11360, stop=12262, strand=+
13:54:27.177 - INFO - ANNOTATION - marked as hypothetical: contig=contig_77, start=12336, stop=13073, strand=-
13:54:27.177 - INFO - ANNOTATION - marked as hypothetical: contig=contig_77, start=13556, stop=14017, strand=-
13:54:27.177 - INFO - ANNOTATION - marked as hypothetical: contig=contig_77, start=14058, stop=14369, strand=+
13:54:27.177 - INFO - ANNOTATION - fix gene: extract symbol from protein name. symbol=mnmA
13:54:27.177 - INFO - ANNOTATION - fix gene: extract symbol from protein name. symbol=iscS
13:54:27.177 - INFO - ANNOTATION - marked as hypothetical: contig=contig_77, start=29372, stop=30295, strand=-
13:54:27.177 - INFO - ANNOTATION - fix gene: extract symbol from protein name. symbol=yqjI
13:54:27.177 - INFO - ANNOTATION - marked as hypothetical: contig=contig_77, start=46494, stop=47237, strand=+
13:54:27.177 - INFO - ANNOTATION - marked as hypothetical: contig=contig_77, start=47237, stop=47887, strand=+
13:54:27.177 - INFO - ANNOTATION - marked as hypothetical: contig=contig_77, start=47944, stop=48666, strand=+
13:54:27.177 - INFO - ANNOTATION - marked as hypothetical: contig=contig_77, start=48663, stop=49331, strand=+
13:54:27.177 - INFO - ANNOTATION - fix gene: extract symbol from protein name. symbol=hflX
13:54:27.178 - INFO - ANNOTATION - fix gene: extract symbol from protein name. symbol=sigA
13:54:27.178 - INFO - ANNOTATION - marked as hypothetical: contig=contig_77, start=59644, stop=60195, strand=+
13:54:27.178 - INFO - ANNOTATION - marked as hypothetical: contig=contig_77, start=60397, stop=60801, strand=+
13:54:27.178 - INFO - ANNOTATION - marked as hypothetical: contig=contig_77, start=60942, stop=61058, strand=+
13:54:27.178 - INFO - ANNOTATION - marked as hypothetical: contig=contig_77, start=65467, stop=65727, strand=+
13:54:27.178 - INFO - ANNOTATION - marked as hypothetical: contig=contig_77, start=65711, stop=66412, strand=+
13:54:27.178 - INFO - ANNOTATION - fix gene: extract symbol from protein name. symbol=purH
13:54:27.178 - INFO - ANNOTATION - marked as hypothetical: contig=contig_77, start=72768, stop=73454, strand=-
13:54:27.178 - INFO - ANNOTATION - marked as hypothetical: contig=contig_77, start=77795, stop=78394, strand=-
13:54:27.178 - INFO - ANNOTATION - fix product: replace Homolog. new=NodB-like y domain-containing protein, old=NodB homology domain-containing protein
13:54:27.178 - INFO - ANNOTATION - marked as hypothetical: contig=contig_77, start=80619, stop=81404, strand=+
13:54:27.178 - INFO - ANNOTATION - fix product: revise DUF. new=DUF1273 domain-containing protein, old=DUF1273 family protein
13:54:27.178 - INFO - ANNOTATION - marked as hypothetical: contig=contig_77, start=83574, stop=86201, strand=+
13:54:27.178 - INFO - ANNOTATION - fix gene: extract symbol from protein name. symbol=clpC
13:54:27.178 - INFO - ANNOTATION - fix gene: extract symbol from protein name. symbol=cvpA
13:54:27.178 - INFO - ANNOTATION - fix product: revise DUF. new=DUF5711 domain-containing protein, old=DUF5711 family protein
13:54:27.179 - INFO - ANNOTATION - fix gene: extract symbol from protein name. symbol=ecfT
13:54:27.179 - INFO - ANNOTATION - fix gene: extract symbol from protein name. symbol=ecfA2
13:54:27.179 - INFO - ANNOTATION - fix gene: extract symbol from protein name. symbol=ecfA1
13:54:27.179 - INFO - ANNOTATION - marked as hypothetical: contig=contig_77, start=94781, stop=95191, strand=-
13:54:27.179 - INFO - ANNOTATION - fix gene: extract symbol from protein name. symbol=mepA
13:54:27.179 - INFO - ANNOTATION - fix gene: extract symbol from protein name. symbol=mgtE
13:54:27.179 - INFO - ANNOTATION - fix gene: extract symbol from protein name. symbol=yfiR
13:54:27.179 - INFO - ANNOTATION - fix gene: extract symbol from protein name. symbol=nusG
13:54:27.179 - INFO - ANNOTATION - fix gene: extract symbol from protein name. symbol=secE
13:54:27.179 - INFO - ANNOTATION - marked as hypothetical: contig=contig_77, start=109265, stop=110023, strand=+
13:54:27.179 - INFO - ANNOTATION - fix gene: extract symbol from protein name. symbol=mepA
13:54:27.179 - INFO - ANNOTATION - marked as hypothetical: contig=contig_77, start=113604, stop=113810, strand=-
13:54:27.179 - INFO - ANNOTATION - fix gene: extract symbol from protein name. symbol=clpB
13:54:27.179 - INFO - ANNOTATION - marked as hypothetical: contig=contig_77, start=117789, stop=118580, strand=-
13:54:27.179 - INFO - ANNOTATION - marked as hypothetical: contig=contig_77, start=119909, stop=120676, strand=-
13:54:27.179 - INFO - ANNOTATION - marked as hypothetical: contig=contig_77, start=120798, stop=120983, strand=-
13:54:27.180 - INFO - ANNOTATION - marked as hypothetical: contig=contig_77, start=121433, stop=122074, strand=-
13:54:27.180 - INFO - ANNOTATION - marked as hypothetical: contig=contig_77, start=122494, stop=123246, strand=+
13:54:27.180 - INFO - ANNOTATION - fix gene: extract symbol from protein name. symbol=alsT
13:54:27.180 - INFO - ANNOTATION - fix gene: extract symbol from protein name. symbol=csaB
13:54:27.180 - INFO - ANNOTATION - fix product: revise DUF. new=DUF4330 domain-containing protein, old=DUF4330 family protein
13:54:27.180 - INFO - ANNOTATION - fix gene: extract symbol from protein name. symbol=ybjG
13:54:27.180 - INFO - ANNOTATION - marked as hypothetical: contig=contig_77, start=133836, stop=134075, strand=-
13:54:27.180 - INFO - ANNOTATION - fix gene: extract symbol from protein name. symbol=dhaS
13:54:27.180 - INFO - ANNOTATION - marked as hypothetical: contig=contig_77, start=140769, stop=141113, strand=+
13:54:27.180 - INFO - ANNOTATION - fix gene: extract symbol from protein name. symbol=degV
13:54:27.180 - INFO - ANNOTATION - marked as hypothetical: contig=contig_77, start=142975, stop=143856, strand=-
13:54:27.180 - INFO - ANNOTATION - marked as hypothetical: contig=contig_77, start=149575, stop=150345, strand=+
13:54:27.180 - INFO - ANNOTATION - marked as hypothetical: contig=contig_77, start=153639, stop=153785, strand=+
13:54:27.180 - INFO - ANNOTATION - marked as hypothetical: contig=contig_77, start=154734, stop=155063, strand=+
13:54:27.181 - INFO - ANNOTATION - marked as hypothetical: contig=contig_77, start=156612, stop=160214, strand=-
13:54:27.181 - INFO - ANNOTATION - marked as hypothetical: contig=contig_77, start=164311, stop=164883, strand=-
13:54:27.181 - INFO - ANNOTATION - fix product: replace putative synonyms. new=putative transcriptional regulator, old=Predicted transcriptional regulator
13:54:27.181 - INFO - ANNOTATION - marked as hypothetical: contig=contig_77, start=167655, stop=167891, strand=+
13:54:27.181 - INFO - ANNOTATION - marked as hypothetical: contig=contig_77, start=169369, stop=170166, strand=+
13:54:27.181 - INFO - ANNOTATION - fix gene: extract symbol from protein name. symbol=ytlD
13:54:27.181 - INFO - ANNOTATION - fix gene: extract symbol from protein name. symbol=ssuB
13:54:27.181 - INFO - ANNOTATION - marked as hypothetical: contig=contig_77, start=180552, stop=180671, strand=+
13:54:27.181 - INFO - ANNOTATION - marked as hypothetical: contig=contig_77, start=183205, stop=183489, strand=-
13:54:27.181 - INFO - ANNOTATION - fix gene: lowercase first char. new=yotD, old=YotD
13:54:27.181 - INFO - ANNOTATION - fix gene: lowercase first char. new=yotD, old=YotD
13:54:27.181 - INFO - ANNOTATION - marked as hypothetical: contig=contig_77, start=184686, stop=185144, strand=+
13:54:27.181 - INFO - ANNOTATION - fix product: replace Homolog. new=Rqc2-like protein RqcH, old=Rqc2 homolog RqcH
13:54:27.181 - INFO - ANNOTATION - fix gene: extract symbol from protein name. symbol=rqcH
13:54:27.181 - INFO - ANNOTATION - fix product: replace Homolog. new=Stage 0 sporulation  A-like protein, old=Stage 0 sporulation protein A homolog
13:54:27.181 - INFO - ANNOTATION - fix product: revise whitespaces. new=Stage 0 sporulation A-like protein, old=Stage 0 sporulation  A-like protein
13:54:27.181 - INFO - ANNOTATION - marked as hypothetical: contig=contig_77, start=188078, stop=188242, strand=-
13:54:27.181 - INFO - ANNOTATION - fix gene: extract symbol from protein name. symbol=yxlF
13:54:27.182 - INFO - ANNOTATION - marked as hypothetical: contig=contig_77, start=190089, stop=190856, strand=+
13:54:27.182 - INFO - ANNOTATION - fix gene: extract symbol from protein name. symbol=sudB
13:54:27.182 - INFO - ANNOTATION - marked as hypothetical: contig=contig_77, start=195350, stop=195547, strand=-
13:54:27.182 - INFO - ANNOTATION - fix gene: extract symbol from protein name. symbol=mepA
13:54:27.182 - INFO - ANNOTATION - marked as hypothetical: contig=contig_77, start=203189, stop=203758, strand=+
13:54:27.182 - INFO - ANNOTATION - fix gene: extract symbol from protein name. symbol=iscS
13:54:27.182 - INFO - ANNOTATION - fix gene: extract symbol from protein name. symbol=iscU
13:54:27.182 - INFO - ANNOTATION - marked as hypothetical: contig=contig_77, start=210516, stop=211139, strand=+
13:54:27.182 - INFO - ANNOTATION - marked as hypothetical: contig=contig_77, start=211927, stop=212316, strand=-
13:54:27.182 - INFO - ANNOTATION - marked as hypothetical: contig=contig_77, start=212604, stop=213191, strand=-
13:54:27.182 - INFO - ANNOTATION - marked as hypothetical: contig=contig_77, start=215659, stop=216510, strand=-
13:54:27.182 - INFO - ANNOTATION - marked as hypothetical: contig=contig_77, start=217420, stop=217662, strand=-
13:54:27.182 - INFO - ANNOTATION - marked as hypothetical: contig=contig_77, start=218819, stop=219757, strand=-
13:54:27.182 - INFO - ANNOTATION - fix gene: extract symbol from protein name. symbol=tfoX
13:54:27.183 - INFO - ANNOTATION - fix gene: extract symbol from protein name. symbol=yafY
13:54:27.183 - INFO - ANNOTATION - marked as hypothetical: contig=contig_77, start=228629, stop=232366, strand=-
13:54:27.183 - INFO - ANNOTATION - fix gene: extract symbol from protein name. symbol=ltrA
13:54:27.183 - INFO - ANNOTATION - marked as hypothetical: contig=contig_77, start=235303, stop=236496, strand=-
13:54:27.183 - INFO - ANNOTATION - fix gene: extract symbol from protein name. symbol=abgT
13:54:27.183 - INFO - ANNOTATION - marked as hypothetical: contig=contig_77, start=248050, stop=248265, strand=+
13:54:27.183 - INFO - ANNOTATION - marked as hypothetical: contig=contig_77, start=248726, stop=249442, strand=-
13:54:27.183 - INFO - ANNOTATION - marked as hypothetical: contig=contig_77, start=249426, stop=250091, strand=-
13:54:27.183 - INFO - ANNOTATION - marked as hypothetical: contig=contig_77, start=250095, stop=250577, strand=-
13:54:27.183 - INFO - ANNOTATION - fix gene: extract symbol from protein name. symbol=acrR
13:54:27.183 - INFO - ANNOTATION - marked as hypothetical: contig=contig_77, start=256188, stop=256901, strand=-
13:54:27.183 - INFO - ANNOTATION - fix gene: extract symbol from protein name. symbol=zinT
13:54:27.183 - INFO - ANNOTATION - marked as hypothetical: contig=contig_77, start=258506, stop=258817, strand=-
13:54:27.183 - INFO - ANNOTATION - marked as hypothetical: contig=contig_77, start=258839, stop=259243, strand=-
13:54:27.183 - INFO - ANNOTATION - marked as hypothetical: contig=contig_77, start=259311, stop=260057, strand=-
13:54:27.183 - INFO - ANNOTATION - fix gene: lowercase first char. new=xRE, old=XRE
13:54:27.183 - INFO - ANNOTATION - fix gene: lowercase first char. new=xRE, old=XRE
13:54:27.183 - INFO - ANNOTATION - fix gene: extract symbol from protein name. symbol=merR
13:54:27.184 - INFO - ANNOTATION - fix gene: extract symbol from protein name. symbol=insH
13:54:27.184 - INFO - ANNOTATION - fix gene: extract symbol from protein name. symbol=rapA
13:54:27.184 - INFO - ANNOTATION - fix product: revise DUF. new=DUF6076 domain-containing protein, old=Family of unknown function (DUF6076)
13:54:27.184 - INFO - ANNOTATION - marked as hypothetical: contig=contig_77, start=283432, stop=283614, strand=+
13:54:27.184 - INFO - ANNOTATION - marked as hypothetical: contig=contig_77, start=284256, stop=284627, strand=+
13:54:27.184 - INFO - ANNOTATION - fix gene: extract symbol from protein name. symbol=copG
13:54:27.184 - INFO - ANNOTATION - marked as hypothetical: contig=contig_77, start=291115, stop=291303, strand=+
13:54:27.184 - INFO - ANNOTATION - fix gene: extract symbol from protein name. symbol=uvrD
13:54:27.184 - INFO - ANNOTATION - marked as hypothetical: contig=contig_77, start=296648, stop=296806, strand=+
13:54:27.184 - INFO - ANNOTATION - fix product: replace Homolog. new=Sugar fermentation stimulation -like protein, old=Sugar fermentation stimulation protein homolog
13:54:27.185 - INFO - ANNOTATION - marked as hypothetical: contig=contig_77, start=311063, stop=311632, strand=+
13:54:27.185 - INFO - ANNOTATION - fix gene: extract symbol from protein name. symbol=ftsE
13:54:27.185 - INFO - ANNOTATION - fix gene: extract symbol from protein name. symbol=ftsX
13:54:27.185 - INFO - ANNOTATION - marked as hypothetical: contig=contig_77, start=318758, stop=319486, strand=+
13:54:27.185 - INFO - ANNOTATION - fix gene: extract symbol from protein name. symbol=greA
13:54:27.185 - INFO - ANNOTATION - marked as hypothetical: contig=contig_77, start=327604, stop=328623, strand=+
13:54:27.185 - INFO - ANNOTATION - marked as hypothetical: contig=contig_77, start=330437, stop=330700, strand=+
13:54:27.185 - INFO - ANNOTATION - marked as hypothetical: contig=contig_77, start=334553, stop=335035, strand=+
13:54:27.185 - INFO - ANNOTATION - marked as hypothetical: contig=contig_77, start=335270, stop=335590, strand=+
13:54:27.185 - INFO - ANNOTATION - fix gene: extract symbol from protein name. symbol=ligA
13:54:27.185 - INFO - ANNOTATION - marked as hypothetical: contig=contig_77, start=337691, stop=337915, strand=+
13:54:27.185 - INFO - ANNOTATION - fix product: revise DUF. new=DUF4120 domain-containing protein, old=DUF4120 family protein
13:54:27.186 - INFO - ANNOTATION - fix gene: extract symbol from protein name. symbol=parR
13:54:27.186 - INFO - ANNOTATION - fix gene: extract symbol from protein name. symbol=msbA
13:54:27.186 - INFO - ANNOTATION - fix gene: extract symbol from protein name. symbol=ttgW
13:54:27.186 - INFO - ANNOTATION - fix gene: extract symbol from protein name. symbol=yvdT
13:54:27.186 - INFO - ANNOTATION - fix gene: extract symbol from protein name. symbol=ecfT
13:54:27.186 - INFO - ANNOTATION - fix gene: extract symbol from protein name. symbol=ccmA
13:54:27.186 - INFO - ANNOTATION - fix gene: extract symbol from protein name. symbol=rhaS
13:54:27.186 - INFO - ANNOTATION - fix gene: extract symbol from protein name. symbol=ecfT
13:54:27.186 - INFO - ANNOTATION - fix gene: extract symbol from protein name. symbol=ccmA
13:54:27.186 - INFO - ANNOTATION - fix gene: extract symbol from protein name. symbol=msbA
13:54:27.187 - INFO - ANNOTATION - fix gene: extract symbol from protein name. symbol=abrB
13:54:27.187 - INFO - ANNOTATION - fix gene: extract symbol from protein name. symbol=ccmA
13:54:27.187 - INFO - ANNOTATION - fix gene: extract symbol from protein name. symbol=yfiR
13:54:27.187 - INFO - ANNOTATION - fix gene: extract symbol from protein name. symbol=msbA
13:54:27.187 - INFO - ANNOTATION - fix gene: extract symbol from protein name. symbol=nikB
13:54:27.187 - INFO - ANNOTATION - fix gene: extract symbol from protein name. symbol=nikC
13:54:27.187 - INFO - ANNOTATION - fix gene: extract symbol from protein name. symbol=gsiA
13:54:27.187 - INFO - ANNOTATION - fix gene: extract symbol from protein name. symbol=vbhA
13:54:27.187 - INFO - ANNOTATION - fix gene: extract symbol from protein name. symbol=cseB
13:54:27.187 - INFO - ANNOTATION - fix gene: extract symbol from protein name. symbol=ccmA
13:54:27.188 - INFO - ANNOTATION - fix gene: extract symbol from protein name. symbol=soxS
13:54:27.188 - INFO - ANNOTATION - marked as hypothetical: contig=contig_77, start=403229, stop=403408, strand=-
13:54:27.188 - INFO - ANNOTATION - marked as hypothetical: contig=contig_77, start=403368, stop=404030, strand=-
13:54:27.188 - INFO - ANNOTATION - fix product: revise DUF. new=DUF6809 domain-containing protein, old=Family of unknown function (DUF6809)
13:54:27.188 - INFO - ANNOTATION - marked as hypothetical: contig=contig_77, start=405052, stop=405525, strand=-
13:54:27.188 - INFO - ANNOTATION - marked as hypothetical: contig=contig_77, start=407430, stop=408275, strand=-
13:54:27.188 - INFO - ANNOTATION - fix gene: extract symbol from protein name. symbol=ftsK
13:54:27.188 - INFO - ANNOTATION - marked as hypothetical: contig=contig_77, start=414086, stop=414433, strand=-
13:54:27.188 - INFO - ANNOTATION - marked as hypothetical: contig=contig_77, start=414790, stop=414936, strand=-
13:54:27.188 - INFO - ANNOTATION - fix gene: extract symbol from protein name. symbol=tadB
13:54:27.188 - INFO - ANNOTATION - fix gene: lowercase first char. new=mrp, old=Mrp
13:54:27.188 - INFO - ANNOTATION - fix gene: lowercase first char. new=mrp, old=Mrp
13:54:27.188 - INFO - ANNOTATION - fix gene: extract symbol from protein name. symbol=cpaB
13:54:27.189 - INFO - ANNOTATION - fix product: revise DUF. new=DUF4320 domain-containing protein, old=DUF4320 family protein
13:54:27.189 - INFO - ANNOTATION - fix gene: extract symbol from protein name. symbol=virD4
13:54:27.189 - INFO - ANNOTATION - fix gene: lowercase first char. new=virD4, old=VirD4
13:54:27.189 - INFO - ANNOTATION - fix gene: lowercase first char. new=virD4, old=VirD4
13:54:27.189 - INFO - ANNOTATION - fix gene: extract symbol from protein name. symbol=sseB
13:54:27.189 - INFO - ANNOTATION - fix product: revise DUF. new=DUF6100 domain-containing protein, old=Family of unknown function (DUF6100)
13:54:27.189 - INFO - ANNOTATION - fix product: revise DUF. new=DUF5697 domain-containing protein, old=Family of unknown function (DUF5697)
13:54:27.189 - INFO - ANNOTATION - fix gene: extract symbol from protein name. symbol=virB4
13:54:27.189 - INFO - ANNOTATION - fix gene: lowercase first char. new=virB4, old=VirB4
13:54:27.189 - INFO - ANNOTATION - fix gene: lowercase first char. new=virB4, old=VirB4
13:54:27.189 - INFO - ANNOTATION - fix gene: extract symbol from protein name. symbol=traG
13:54:27.189 - INFO - ANNOTATION - fix gene: extract symbol from protein name. symbol=trbL
13:54:27.189 - INFO - ANNOTATION - marked as hypothetical: contig=contig_77, start=438899, stop=439450, strand=-
13:54:27.189 - INFO - ANNOTATION - fix gene: extract symbol from protein name. symbol=marR
13:54:27.189 - INFO - ANNOTATION - marked as hypothetical: contig=contig_77, start=440964, stop=441080, strand=+
13:54:27.189 - INFO - ANNOTATION - fix gene: extract symbol from protein name. symbol=trkA
13:54:27.189 - INFO - ANNOTATION - fix gene: extract symbol from protein name. symbol=rlmB
13:54:27.189 - INFO - ANNOTATION - fix gene: extract symbol from protein name. symbol=dprA
13:54:27.190 - INFO - ANNOTATION - fix product: replace putative synonyms. new=putative membrane protein, old=Predicted membrane protein
13:54:27.190 - INFO - ANNOTATION - marked as hypothetical: contig=contig_77, start=456372, stop=456617, strand=+
13:54:27.190 - INFO - ANNOTATION - fix gene: extract symbol from protein name. symbol=ftsY
13:54:27.190 - INFO - ANNOTATION - fix product: replace putative synonyms. new=putative nicotinate-nucleotide adenylyltransferase, old=Probable nicotinate-nucleotide adenylyltransferase
13:54:27.190 - INFO - ANNOTATION - fix gene: extract symbol from protein name. symbol=rsfS
13:54:27.190 - INFO - ANNOTATION - marked as hypothetical: contig=contig_77, start=465823, stop=469713, strand=+
13:54:27.190 - INFO - ANNOTATION - fix gene: extract symbol from protein name. symbol=eamA
13:54:27.190 - INFO - ANNOTATION - marked as hypothetical: contig=contig_77, start=480946, stop=481467, strand=+
13:54:27.190 - INFO - ANNOTATION - marked as hypothetical: contig=contig_77, start=484277, stop=485050, strand=+
13:54:27.190 - INFO - ANNOTATION - fix gene: lowercase first char. new=wcaA, old=WcaA
13:54:27.190 - INFO - ANNOTATION - fix gene: lowercase first char. new=wcaA, old=WcaA
13:54:27.190 - INFO - ANNOTATION - marked as hypothetical: contig=contig_77, start=490586, stop=491779, strand=-
13:54:27.190 - INFO - ANNOTATION - fix gene: extract symbol from protein name. symbol=tsaE
13:54:27.191 - INFO - ANNOTATION - marked as hypothetical: contig=contig_77, start=496405, stop=497352, strand=+
13:54:27.191 - INFO - ANNOTATION - marked as hypothetical: contig=contig_77, start=509811, stop=509963, strand=-
13:54:27.191 - INFO - ANNOTATION - fix gene: extract symbol from protein name. symbol=traX
13:54:27.191 - INFO - ANNOTATION - fix gene: extract symbol from protein name. symbol=ireB
13:54:27.191 - INFO - ANNOTATION - marked as hypothetical: contig=contig_77, start=516610, stop=517212, strand=+
13:54:27.191 - INFO - ANNOTATION - fix gene: extract symbol from protein name. symbol=pilP
13:54:27.191 - INFO - ANNOTATION - marked as hypothetical: contig=contig_77, start=519609, stop=520355, strand=-
13:54:27.191 - INFO - ANNOTATION - marked as hypothetical: contig=contig_77, start=523722, stop=524459, strand=+
13:54:27.192 - INFO - ANNOTATION - marked as hypothetical: contig=contig_77, start=536619, stop=537881, strand=+
13:54:27.192 - INFO - ANNOTATION - marked as hypothetical: contig=contig_77, start=540311, stop=540517, strand=-
13:54:27.192 - INFO - ANNOTATION - marked as hypothetical: contig=contig_77, start=548220, stop=548558, strand=-
13:54:27.192 - INFO - ANNOTATION - fix gene: extract symbol from protein name. symbol=bapA
13:54:27.192 - INFO - ANNOTATION - fix gene: extract symbol from protein name. symbol=folT
13:54:27.192 - INFO - ANNOTATION - fix gene: extract symbol from protein name. symbol=padR
13:54:27.192 - INFO - ANNOTATION - marked as hypothetical: contig=contig_77, start=564220, stop=564447, strand=-
13:54:27.192 - INFO - ANNOTATION - marked as hypothetical: contig=contig_77, start=564786, stop=564938, strand=-
13:54:27.192 - INFO - ANNOTATION - fix product: replace putative synonyms. new=putative zinc-binding domain-containing protein, old=Probable zinc-binding domain-containing protein
13:54:27.192 - INFO - ANNOTATION - fix gene: extract symbol from protein name. symbol=mepM
13:54:27.193 - INFO - ANNOTATION - fix gene: extract symbol from protein name. symbol=clpX
13:54:27.193 - INFO - ANNOTATION - fix product: replace putative synonyms. new=putative GTP-binding protein EngB, old=Probable GTP-binding protein EngB
13:54:27.193 - INFO - ANNOTATION - fix gene: extract symbol from protein name. symbol=engB
13:54:27.193 - INFO - ANNOTATION - marked as hypothetical: contig=contig_77, start=580300, stop=581052, strand=+
13:54:27.193 - INFO - ANNOTATION - fix gene: extract symbol from protein name. symbol=ytfJ
13:54:27.193 - INFO - ANNOTATION - fix gene: extract symbol from protein name. symbol=sufS
13:54:27.193 - INFO - ANNOTATION - fix gene: extract symbol from protein name. symbol=hisH
13:54:27.193 - INFO - ANNOTATION - fix gene: extract symbol from protein name. symbol=hisF
13:54:27.193 - INFO - ANNOTATION - fix gene: extract symbol from protein name. symbol=mepA
13:54:27.193 - INFO - ANNOTATION - fix gene: extract symbol from protein name. symbol=degV
13:54:27.194 - INFO - ANNOTATION - fix gene: extract symbol from protein name. symbol=rseP
13:54:27.194 - INFO - ANNOTATION - marked as hypothetical: contig=contig_77, start=614922, stop=615263, strand=+
13:54:27.194 - INFO - ANNOTATION - marked as hypothetical: contig=contig_77, start=615251, stop=615616, strand=+
13:54:27.194 - INFO - ANNOTATION - marked as hypothetical: contig=contig_77, start=615650, stop=615814, strand=+
13:54:27.194 - INFO - ANNOTATION - marked as hypothetical: contig=contig_77, start=615811, stop=616311, strand=+
13:54:27.194 - INFO - ANNOTATION - fix gene: extract symbol from protein name. symbol=ruvC
13:54:27.194 - INFO - ANNOTATION - fix gene: extract symbol from protein name. symbol=ruvA
13:54:27.194 - INFO - ANNOTATION - fix gene: extract symbol from protein name. symbol=ruvB
13:54:27.194 - INFO - ANNOTATION - fix gene: extract symbol from protein name. symbol=sigS
13:54:27.194 - INFO - ANNOTATION - fix product: replace putative synonyms. new=putative zinc-binding domain-containing protein, old=Probable zinc-binding domain-containing protein
13:54:27.194 - INFO - ANNOTATION - marked as hypothetical: contig=contig_77, start=630662, stop=632098, strand=+
13:54:27.194 - INFO - ANNOTATION - fix gene: extract symbol from protein name. symbol=vanW
13:54:27.194 - INFO - ANNOTATION - marked as hypothetical: contig=contig_77, start=640778, stop=640891, strand=+
13:54:27.194 - INFO - ANNOTATION - marked as hypothetical: contig=contig_77, start=640961, stop=641227, strand=-
13:54:27.194 - INFO - ANNOTATION - marked as hypothetical: contig=contig_78, start=509, stop=1036, strand=+
13:54:27.195 - INFO - ANNOTATION - fix gene: extract symbol from protein name. symbol=secA
13:54:27.195 - INFO - ANNOTATION - marked as hypothetical: contig=contig_116, start=8623, stop=8823, strand=+
13:54:27.195 - INFO - ANNOTATION - marked as hypothetical: contig=contig_116, start=8780, stop=8986, strand=+
13:54:27.195 - INFO - ANNOTATION - marked as hypothetical: contig=contig_116, start=9460, stop=9699, strand=+
13:54:27.195 - INFO - ANNOTATION - marked as hypothetical: contig=contig_116, start=11477, stop=12064, strand=+
13:54:27.195 - INFO - ANNOTATION - marked as hypothetical: contig=contig_116, start=18073, stop=18639, strand=+
13:54:27.195 - INFO - ANNOTATION - marked as hypothetical: contig=contig_116, start=18710, stop=19381, strand=+
13:54:27.195 - INFO - ANNOTATION - marked as hypothetical: contig=contig_116, start=19538, stop=20203, strand=+
13:54:27.195 - INFO - ANNOTATION - marked as hypothetical: contig=contig_116, start=20221, stop=23796, strand=+
13:54:27.195 - INFO - ANNOTATION - marked as hypothetical: contig=contig_116, start=23814, stop=24386, strand=+
13:54:27.195 - INFO - ANNOTATION - marked as hypothetical: contig=contig_116, start=24400, stop=25350, strand=+
13:54:27.195 - INFO - ANNOTATION - marked as hypothetical: contig=contig_116, start=25444, stop=25998, strand=+
13:54:27.195 - INFO - ANNOTATION - marked as hypothetical: contig=contig_116, start=27753, stop=28253, strand=+
13:54:27.195 - INFO - ANNOTATION - marked as hypothetical: contig=contig_116, start=46148, stop=46924, strand=-
13:54:27.195 - INFO - ANNOTATION - fix gene: extract symbol from protein name. symbol=kdgT
13:54:27.195 - INFO - ANNOTATION - marked as hypothetical: contig=contig_116, start=48260, stop=48547, strand=+
13:54:27.195 - INFO - ANNOTATION - marked as hypothetical: contig=contig_116, start=49745, stop=50617, strand=+
13:54:27.196 - INFO - ANNOTATION - fix gene: extract symbol from protein name. symbol=kdgR
13:54:27.196 - INFO - ANNOTATION - fix gene: extract symbol from protein name. symbol=ygbN
13:54:27.196 - INFO - ANNOTATION - marked as hypothetical: contig=contig_116, start=61542, stop=62096, strand=+
13:54:27.196 - INFO - ANNOTATION - marked as hypothetical: contig=contig_116, start=62093, stop=62491, strand=+
13:54:27.196 - INFO - ANNOTATION - fix gene: extract symbol from protein name. symbol=birA
13:54:27.196 - INFO - ANNOTATION - fix gene: extract symbol from protein name. symbol=yabP
13:54:27.196 - INFO - ANNOTATION - fix gene: extract symbol from protein name. symbol=mtaB
13:54:27.196 - INFO - ANNOTATION - fix gene: extract symbol from protein name. symbol=pilT
13:54:27.196 - INFO - ANNOTATION - fix gene: extract symbol from protein name. symbol=htpG
13:54:27.196 - INFO - ANNOTATION - marked as hypothetical: contig=contig_116, start=92495, stop=93931, strand=+
13:54:27.196 - INFO - ANNOTATION - marked as hypothetical: contig=contig_116, start=93928, stop=94851, strand=+
13:54:27.196 - INFO - ANNOTATION - marked as hypothetical: contig=contig_116, start=96377, stop=98878, strand=+
13:54:27.197 - INFO - ANNOTATION - fix product: replace putative synonyms. new=putative membrane transporter protein, old=Probable membrane transporter protein
13:54:27.197 - INFO - ANNOTATION - marked as hypothetical: contig=contig_116, start=103244, stop=103333, strand=-
13:54:27.197 - INFO - ANNOTATION - fix gene: extract symbol from protein name. symbol=secG
13:54:27.197 - INFO - ANNOTATION - fix product: replace Homolog. new=S-layer-like y domain-containing protein, old=S-layer homology domain-containing protein
13:54:27.197 - INFO - ANNOTATION - fix gene: extract symbol from protein name. symbol=copG
13:54:27.197 - INFO - ANNOTATION - fix gene: extract symbol from protein name. symbol=xerD
13:54:27.197 - INFO - ANNOTATION - marked as hypothetical: contig=contig_116, start=131674, stop=132300, strand=-
13:54:27.197 - INFO - ANNOTATION - fix gene: extract symbol from protein name. symbol=ugpC
13:54:27.197 - INFO - ANNOTATION - marked as hypothetical: contig=contig_116, start=140009, stop=140314, strand=+
13:54:27.197 - INFO - ANNOTATION - marked as hypothetical: contig=contig_116, start=140761, stop=140928, strand=+
13:54:27.198 - INFO - ANNOTATION - fix gene: extract symbol from protein name. symbol=rnfA
13:54:27.198 - INFO - ANNOTATION - fix gene: extract symbol from protein name. symbol=degV
13:54:27.198 - INFO - ANNOTATION - marked as hypothetical: contig=contig_116, start=151221, stop=151973, strand=-
13:54:27.198 - INFO - ANNOTATION - fix gene: extract symbol from protein name. symbol=rimM
13:54:27.198 - INFO - ANNOTATION - fix gene: extract symbol from protein name. symbol=khpA
13:54:27.198 - INFO - ANNOTATION - marked as hypothetical: contig=contig_116, start=154949, stop=156040, strand=-
13:54:27.198 - INFO - ANNOTATION - fix product: replace Homolog. new=S-layer-like y domain-containing protein, old=S-layer homology domain-containing protein
13:54:27.198 - INFO - ANNOTATION - fix gene: extract symbol from protein name. symbol=macB
13:54:27.198 - INFO - ANNOTATION - fix product: replace putative synonyms. new=putative ABC transporter, ATP binding protein, old=Possible ABC transporter, ATP binding protein
13:54:27.198 - INFO - ANNOTATION - fix gene: extract symbol from protein name. symbol=macA
13:54:27.198 - INFO - ANNOTATION - marked as hypothetical: contig=contig_116, start=164262, stop=164807, strand=-
13:54:27.198 - INFO - ANNOTATION - marked as hypothetical: contig=contig_116, start=164841, stop=165038, strand=-
13:54:27.198 - INFO - ANNOTATION - fix product: revise DUF. new=DUF401 domain-containing protein, old=DUF401 family protein
13:54:27.198 - INFO - ANNOTATION - fix gene: extract symbol from protein name. symbol=ftsH
13:54:27.198 - INFO - ANNOTATION - fix gene: extract symbol from protein name. symbol=rlmB
13:54:27.198 - INFO - ANNOTATION - marked as hypothetical: contig=contig_116, start=169698, stop=171917, strand=+
13:54:27.198 - INFO - ANNOTATION - marked as hypothetical: contig=contig_116, start=172468, stop=172713, strand=+
13:54:27.198 - INFO - ANNOTATION - fix gene: extract symbol from protein name. symbol=corB
13:54:27.198 - INFO - ANNOTATION - fix gene: extract symbol from protein name. symbol=epsH
13:54:27.199 - INFO - ANNOTATION - marked as hypothetical: contig=contig_116, start=186952, stop=188160, strand=+
13:54:27.199 - INFO - ANNOTATION - marked as hypothetical: contig=contig_116, start=197764, stop=198048, strand=-
13:54:27.199 - INFO - ANNOTATION - fix gene: extract symbol from protein name. symbol=nrnA
13:54:27.199 - INFO - ANNOTATION - fix gene: extract symbol from protein name. symbol=ylxR
13:54:27.199 - INFO - ANNOTATION - fix gene: extract symbol from protein name. symbol=nusA
13:54:27.199 - INFO - ANNOTATION - fix gene: extract symbol from protein name. symbol=rimP
13:54:27.199 - INFO - ANNOTATION - marked as hypothetical: contig=contig_116, start=216901, stop=217692, strand=-
13:54:27.200 - INFO - ANNOTATION - fix gene: extract symbol from protein name. symbol=nifU
13:54:27.200 - INFO - ANNOTATION - fix gene: lowercase first char. new=yoaI, old=YoaI
13:54:27.200 - INFO - ANNOTATION - fix gene: lowercase first char. new=yoaI, old=YoaI
13:54:27.200 - INFO - ANNOTATION - fix gene: extract symbol from protein name. symbol=fadR
13:54:27.200 - INFO - ANNOTATION - marked as hypothetical: contig=contig_116, start=232996, stop=234039, strand=+
13:54:27.200 - INFO - ANNOTATION - fix gene: extract symbol from protein name. symbol=dctP
13:54:27.200 - INFO - ANNOTATION - fix gene: extract symbol from protein name. symbol=siaQ
13:54:27.200 - INFO - ANNOTATION - marked as hypothetical: contig=contig_116, start=242474, stop=243433, strand=+
13:54:27.200 - INFO - ANNOTATION - marked as hypothetical: contig=contig_116, start=244130, stop=244807, strand=-
13:54:27.200 - INFO - ANNOTATION - fix product: replace Homolog. new=Stage 0 sporulation  A-like protein, old=Stage 0 sporulation protein A homolog
13:54:27.200 - INFO - ANNOTATION - fix product: revise whitespaces. new=Stage 0 sporulation A-like protein, old=Stage 0 sporulation  A-like protein
13:54:27.200 - INFO - ANNOTATION - fix gene: extract symbol from protein name. symbol=rnfG
13:54:27.200 - INFO - ANNOTATION - marked as hypothetical: contig=contig_116, start=256406, stop=256840, strand=+
13:54:27.200 - INFO - ANNOTATION - marked as hypothetical: contig=contig_116, start=259023, stop=259235, strand=-
13:54:27.201 - INFO - ANNOTATION - fix gene: extract symbol from protein name. symbol=tetR
13:54:27.201 - INFO - ANNOTATION - fix product: revise DUF. new=DUF5699 domain-containing protein, old=Family of unknown function (DUF5699)
13:54:27.201 - INFO - ANNOTATION - fix gene: extract symbol from protein name. symbol=mobC
13:54:27.201 - INFO - ANNOTATION - fix product: revise DUF. new=DUF4315 domain-containing protein, old=DUF4315 family protein
13:54:27.201 - INFO - ANNOTATION - fix gene: extract symbol from protein name. symbol=nlpC
13:54:27.201 - INFO - ANNOTATION - fix gene: extract symbol from protein name. symbol=herA
13:54:27.201 - INFO - ANNOTATION - fix gene: extract symbol from protein name. symbol=prgI
13:54:27.201 - INFO - ANNOTATION - fix gene: extract symbol from protein name. symbol=pcfB
13:54:27.201 - INFO - ANNOTATION - marked as hypothetical: contig=contig_116, start=287980, stop=288192, strand=-
13:54:27.202 - INFO - ANNOTATION - fix gene: lowercase first char. new=xRE, old=XRE
13:54:27.202 - INFO - ANNOTATION - fix gene: lowercase first char. new=xRE, old=XRE
13:54:27.202 - INFO - ANNOTATION - marked as hypothetical: contig=contig_116, start=294055, stop=294258, strand=+
13:54:27.202 - INFO - ANNOTATION - marked as hypothetical: contig=contig_116, start=295573, stop=295893, strand=-
13:54:27.202 - INFO - ANNOTATION - fix product: revise DUF. new=DUF4315 domain-containing protein, old=DUF4315 family protein
13:54:27.202 - INFO - ANNOTATION - fix gene: extract symbol from protein name. symbol=virB4
13:54:27.202 - INFO - ANNOTATION - fix gene: lowercase first char. new=virB4, old=VirB4
13:54:27.202 - INFO - ANNOTATION - fix gene: lowercase first char. new=virB4, old=VirB4
13:54:27.202 - INFO - ANNOTATION - fix gene: extract symbol from protein name. symbol=prgI
13:54:27.202 - INFO - ANNOTATION - marked as hypothetical: contig=contig_116, start=301946, stop=302458, strand=-
13:54:27.202 - INFO - ANNOTATION - fix gene: extract symbol from protein name. symbol=pcfB
13:54:27.202 - INFO - ANNOTATION - fix gene: extract symbol from protein name. symbol=ardA
13:54:27.202 - INFO - ANNOTATION - fix gene: extract symbol from protein name. symbol=mraZ
13:54:27.203 - INFO - ANNOTATION - fix gene: extract symbol from protein name. symbol=ftsL
13:54:27.203 - INFO - ANNOTATION - fix gene: extract symbol from protein name. symbol=ftsI
13:54:27.203 - INFO - ANNOTATION - fix gene: extract symbol from protein name. symbol=ftsW
13:54:27.203 - INFO - ANNOTATION - fix gene: extract symbol from protein name. symbol=ftsZ
13:54:27.203 - INFO - ANNOTATION - fix gene: extract symbol from protein name. symbol=nusG
13:54:27.203 - INFO - ANNOTATION - marked as hypothetical: contig=contig_116, start=328690, stop=329457, strand=+
13:54:27.203 - INFO - ANNOTATION - marked as hypothetical: contig=contig_116, start=332893, stop=334014, strand=-
13:54:27.203 - INFO - ANNOTATION - fix gene: extract symbol from protein name. symbol=ftsH
13:54:27.203 - INFO - ANNOTATION - fix product: replace Homolog. new=Membrane protease subunits, stomatin/prohibitin-like proteins, old=Membrane protease subunits, stomatin/prohibitin homologs
13:54:27.204 - INFO - ANNOTATION - fix gene: extract symbol from protein name. symbol=carD
13:54:27.204 - INFO - ANNOTATION - marked as hypothetical: contig=contig_116, start=361275, stop=362267, strand=+
13:54:27.204 - INFO - ANNOTATION - marked as hypothetical: contig=contig_116, start=362313, stop=362573, strand=+
13:54:27.204 - INFO - ANNOTATION - marked as hypothetical: contig=contig_116, start=362592, stop=363056, strand=+
13:54:27.204 - INFO - ANNOTATION - marked as hypothetical: contig=contig_116, start=363053, stop=363370, strand=+
13:54:27.204 - INFO - ANNOTATION - fix gene: extract symbol from protein name. symbol=pilX
13:54:27.204 - INFO - ANNOTATION - marked as hypothetical: contig=contig_116, start=364857, stop=365267, strand=+
13:54:27.204 - INFO - ANNOTATION - fix product: replace putative synonyms. new=putative 3-hydroxybutyryl-CoA dehydrogenase, old=Probable 3-hydroxybutyryl-CoA dehydrogenase
13:54:27.204 - INFO - ANNOTATION - fix gene: extract symbol from protein name. symbol=marR
13:54:27.204 - INFO - ANNOTATION - fix gene: extract symbol from protein name. symbol=carD
13:54:27.204 - INFO - ANNOTATION - fix gene: extract symbol from protein name. symbol=maoC
13:54:27.204 - INFO - ANNOTATION - fix gene: extract symbol from protein name. symbol=ydiF
13:54:27.204 - INFO - ANNOTATION - marked as hypothetical: contig=contig_117, start=205, stop=354, strand=-
13:54:27.204 - INFO - ANNOTATION - marked as hypothetical: contig=contig_117, start=351, stop=554, strand=-
13:54:27.204 - INFO - ANNOTATION - marked as hypothetical: contig=contig_117, start=551, stop=760, strand=-
13:54:27.204 - INFO - ANNOTATION - marked as hypothetical: contig=contig_117, start=1479, stop=3338, strand=-
13:54:27.204 - INFO - ANNOTATION - marked as hypothetical: contig=contig_120, start=109, stop=303, strand=+
13:54:27.204 - INFO - ANNOTATION - marked as hypothetical: contig=contig_157, start=746, stop=955, strand=+
13:54:27.204 - INFO - ANNOTATION - marked as hypothetical: contig=contig_157, start=952, stop=1155, strand=+
13:54:27.204 - INFO - ANNOTATION - marked as hypothetical: contig=contig_157, start=1152, stop=1301, strand=+
13:54:27.204 - INFO - ANNOTATION - marked as hypothetical: contig=contig_157, start=1301, stop=1510, strand=+
13:54:27.204 - INFO - ANNOTATION - marked as hypothetical: contig=contig_157, start=1557, stop=1730, strand=+
13:54:27.205 - INFO - ANNOTATION - marked as hypothetical: contig=contig_157, start=4246, stop=4374, strand=-
13:54:27.205 - INFO - ANNOTATION - marked as hypothetical: contig=contig_157, start=6468, stop=7304, strand=-
13:54:27.205 - INFO - ANNOTATION - fix product: replace Homolog. new=Stage 0 sporulation  A-like protein, old=Stage 0 sporulation protein A homolog
13:54:27.205 - INFO - ANNOTATION - fix product: revise whitespaces. new=Stage 0 sporulation A-like protein, old=Stage 0 sporulation  A-like protein
13:54:27.205 - INFO - ANNOTATION - fix gene: extract symbol from protein name. symbol=mglB
13:54:27.205 - INFO - ANNOTATION - fix gene: extract symbol from protein name. symbol=mglB
13:54:27.205 - INFO - ANNOTATION - fix gene: lowercase first char. new=mglA, old=MglA
13:54:27.205 - INFO - ANNOTATION - fix gene: lowercase first char. new=mglA, old=MglA
13:54:27.205 - INFO - ANNOTATION - fix gene: extract symbol from protein name. symbol=gsiA
13:54:27.205 - INFO - ANNOTATION - fix product: replace Homolog. new=NodB-like y domain-containing protein, old=NodB homology domain-containing protein
13:54:27.205 - INFO - ANNOTATION - fix gene: extract symbol from protein name. symbol=oppF
13:54:27.206 - INFO - ANNOTATION - marked as hypothetical: contig=contig_157, start=53334, stop=53525, strand=-
13:54:27.206 - INFO - ANNOTATION - marked as hypothetical: contig=contig_157, start=58043, stop=58357, strand=-
13:54:27.206 - INFO - ANNOTATION - fix product: replace Homolog. new=S-layer-like y domain-containing protein, old=S-layer homology domain-containing protein
13:54:27.206 - INFO - ANNOTATION - fix gene: extract symbol from protein name. symbol=mreD
13:54:27.206 - INFO - ANNOTATION - fix gene: extract symbol from protein name. symbol=mreC
13:54:27.206 - INFO - ANNOTATION - fix gene: extract symbol from protein name. symbol=zapA
13:54:27.206 - INFO - ANNOTATION - fix gene: extract symbol from protein name. symbol=dnaD
13:54:27.206 - INFO - ANNOTATION - fix product: replace Homolog. new=S-layer-like y domain-containing protein, old=S-layer homology domain-containing protein
13:54:27.206 - INFO - ANNOTATION - marked as hypothetical: contig=contig_157, start=77407, stop=77877, strand=-
13:54:27.206 - INFO - ANNOTATION - fix gene: extract symbol from protein name. symbol=fabZ
13:54:27.207 - INFO - ANNOTATION - marked as hypothetical: contig=contig_157, start=90617, stop=91675, strand=-
13:54:27.207 - INFO - ANNOTATION - marked as hypothetical: contig=contig_157, start=95536, stop=97122, strand=-
13:54:27.207 - INFO - ANNOTATION - marked as hypothetical: contig=contig_157, start=98873, stop=100972, strand=-
13:54:27.207 - INFO - ANNOTATION - fix gene: extract symbol from protein name. symbol=queH
13:54:27.207 - INFO - ANNOTATION - fix gene: extract symbol from protein name. symbol=lysM
13:54:27.207 - INFO - ANNOTATION - fix product: replace putative synonyms. new=putative tRNA sulfurtransferase, old=Probable tRNA sulfurtransferase
13:54:27.207 - INFO - ANNOTATION - fix gene: extract symbol from protein name. symbol=typA
13:54:27.207 - INFO - ANNOTATION - fix gene: extract symbol from protein name. symbol=ssnA
13:54:27.207 - INFO - ANNOTATION - fix gene: extract symbol from protein name. symbol=gluA
13:54:27.207 - INFO - ANNOTATION - marked as hypothetical: contig=contig_157, start=132446, stop=133021, strand=-
13:54:27.207 - INFO - ANNOTATION - fix product: replace Homolog. new=Stage 0 sporulation  A-like protein, old=Stage 0 sporulation protein A homolog
13:54:27.208 - INFO - ANNOTATION - fix product: revise whitespaces. new=Stage 0 sporulation A-like protein, old=Stage 0 sporulation  A-like protein
13:54:27.208 - INFO - ANNOTATION - fix gene: extract symbol from protein name. symbol=ykfD
13:54:27.208 - INFO - ANNOTATION - fix gene: extract symbol from protein name. symbol=gsiA
13:54:27.208 - INFO - ANNOTATION - fix gene: extract symbol from protein name. symbol=deaD
13:54:27.208 - INFO - ANNOTATION - marked as hypothetical: contig=contig_157, start=146823, stop=147059, strand=+
13:54:27.208 - INFO - ANNOTATION - marked as hypothetical: contig=contig_157, start=147059, stop=147373, strand=+
13:54:27.208 - INFO - ANNOTATION - marked as hypothetical: contig=contig_157, start=147357, stop=148034, strand=+
13:54:27.208 - INFO - ANNOTATION - fix gene: extract symbol from protein name. symbol=yuaJ
13:54:27.208 - INFO - ANNOTATION - fix gene: extract symbol from protein name. symbol=fabG
13:54:27.208 - INFO - ANNOTATION - fix gene: extract symbol from protein name. symbol=artM
13:54:27.208 - INFO - ANNOTATION - fix gene: extract symbol from protein name. symbol=glnP
13:54:27.208 - INFO - ANNOTATION - fix gene: extract symbol from protein name. symbol=yqeC
13:54:27.208 - INFO - ANNOTATION - fix gene: extract symbol from protein name. symbol=mntP
13:54:27.209 - INFO - ANNOTATION - fix gene: extract symbol from protein name. symbol=gntR
13:54:27.209 - INFO - ANNOTATION - marked as hypothetical: contig=contig_157, start=170990, stop=171610, strand=-
13:54:27.209 - INFO - ANNOTATION - marked as hypothetical: contig=contig_157, start=172245, stop=172610, strand=+
13:54:27.209 - INFO - ANNOTATION - fix gene: extract symbol from protein name. symbol=maoC
13:54:27.209 - INFO - ANNOTATION - marked as hypothetical: contig=contig_158, start=13, stop=279, strand=-
13:54:27.209 - INFO - ANNOTATION - marked as hypothetical: contig=contig_161, start=54, stop=188, strand=+
13:54:27.209 - INFO - ANNOTATION - marked as hypothetical: contig=contig_164, start=160, stop=354, strand=+
13:54:27.209 - INFO - ANNOTATION - fix product: replace putative synonyms. new=putative membrane transporter protein, old=Probable membrane transporter protein
13:54:27.209 - INFO - ANNOTATION - fix product: replace putative synonyms. new=putative membrane transporter protein, old=Probable membrane transporter protein
13:54:27.209 - INFO - ANNOTATION - fix gene: extract symbol from protein name. symbol=epsJ
13:54:27.209 - INFO - ANNOTATION - fix gene: extract symbol from protein name. symbol=eamA
13:54:27.209 - INFO - ANNOTATION - marked as hypothetical: contig=contig_342, start=10740, stop=10910, strand=-
13:54:27.209 - INFO - ANNOTATION - fix gene: extract symbol from protein name. symbol=rsgA
13:54:27.209 - INFO - ANNOTATION - fix product: replace putative synonyms. new=putative dual-specificity RNA methyltransferase RlmN, old=Probable dual-specificity RNA methyltransferase RlmN
13:54:27.209 - INFO - ANNOTATION - fix gene: extract symbol from protein name. symbol=rlmN
13:54:27.210 - INFO - ANNOTATION - fix gene: extract symbol from protein name. symbol=yicC
13:54:27.210 - INFO - ANNOTATION - fix gene: extract symbol from protein name. symbol=dnaJ
13:54:27.210 - INFO - ANNOTATION - fix product: revise DUF. new=DUF5685 domain-containing protein, old=DUF5685 family protein
13:54:27.210 - INFO - ANNOTATION - fix gene: extract symbol from protein name. symbol=soxR
13:54:27.210 - INFO - ANNOTATION - fix gene: extract symbol from protein name. symbol=rseC
13:54:27.210 - INFO - ANNOTATION - fix gene: extract symbol from protein name. symbol=cdaR
13:54:27.210 - INFO - ANNOTATION - marked as hypothetical: contig=contig_342, start=28321, stop=29418, strand=-
13:54:27.210 - INFO - ANNOTATION - marked as hypothetical: contig=contig_342, start=36186, stop=36728, strand=-
13:54:27.210 - INFO - ANNOTATION - marked as hypothetical: contig=contig_342, start=44920, stop=46119, strand=+
13:54:27.210 - INFO - ANNOTATION - fix gene: extract symbol from protein name. symbol=metN
13:54:27.210 - INFO - ANNOTATION - marked as hypothetical: contig=contig_342, start=59692, stop=60237, strand=+
13:54:27.210 - INFO - ANNOTATION - fix gene: extract symbol from protein name. symbol=yhbU
13:54:27.211 - INFO - ANNOTATION - marked as hypothetical: contig=contig_342, start=67742, stop=69754, strand=+
13:54:27.211 - INFO - ANNOTATION - marked as hypothetical: contig=contig_342, start=70043, stop=70267, strand=-
13:54:27.211 - INFO - ANNOTATION - marked as hypothetical: contig=contig_342, start=70361, stop=70600, strand=-
13:54:27.211 - INFO - ANNOTATION - fix gene: extract symbol from protein name. symbol=mepA
13:54:27.211 - INFO - ANNOTATION - fix gene: extract symbol from protein name. symbol=yxeP
13:54:27.211 - INFO - ANNOTATION - marked as hypothetical: contig=contig_342, start=86435, stop=86548, strand=+
13:54:27.211 - INFO - ANNOTATION - marked as hypothetical: contig=contig_342, start=86618, stop=86884, strand=-
13:54:27.211 - INFO - ANNOTATION - marked as hypothetical: contig=contig_342, start=86969, stop=89482, strand=+
13:54:27.211 - INFO - ANNOTATION - marked as hypothetical: contig=contig_342, start=90201, stop=90410, strand=+
13:54:27.211 - INFO - ANNOTATION - marked as hypothetical: contig=contig_342, start=90407, stop=90610, strand=+
13:54:27.211 - INFO - ANNOTATION - marked as hypothetical: contig=contig_342, start=90607, stop=90756, strand=+
13:54:27.211 - INFO - ANNOTATION - marked as hypothetical: contig=contig_342, start=90756, stop=90965, strand=+
13:54:27.211 - INFO - ANNOTATION - marked as hypothetical: contig=contig_342, start=91012, stop=91185, strand=+
13:54:27.211 - INFO - ANNOTATION - marked as hypothetical: contig=contig_342, start=95693, stop=96880, strand=+
13:54:27.211 - INFO - ANNOTATION - fix gene: extract symbol from protein name. symbol=yajC
13:54:27.211 - INFO - ANNOTATION - fix gene: extract symbol from protein name. symbol=xerC
13:54:27.212 - INFO - ANNOTATION - fix product: replace Homolog. new=GTP cyclohydrolase 1 type 2-like protein, old=GTP cyclohydrolase 1 type 2 homolog
13:54:27.212 - INFO - ANNOTATION - fix product: replace putative synonyms. new=putative transcriptional regulatory protein SAMEA3545403_02262, old=Probable transcriptional regulatory protein SAMEA3545403_02262
13:54:27.212 - INFO - ANNOTATION - fix gene: extract symbol from protein name. symbol=yheH
13:54:27.212 - INFO - ANNOTATION - fix gene: extract symbol from protein name. symbol=ysdC
13:54:27.212 - INFO - ANNOTATION - fix gene: extract symbol from protein name. symbol=ysdC
13:54:27.212 - INFO - ANNOTATION - marked as hypothetical: contig=contig_342, start=119568, stop=120260, strand=+
13:54:27.212 - INFO - ANNOTATION - fix gene: extract symbol from protein name. symbol=vanZ
13:54:27.212 - INFO - ANNOTATION - marked as hypothetical: contig=contig_342, start=124215, stop=125306, strand=+
13:54:27.212 - INFO - ANNOTATION - fix gene: extract symbol from protein name. symbol=xerC
13:54:27.212 - INFO - ANNOTATION - fix gene: extract symbol from protein name. symbol=radA
13:54:27.212 - INFO - ANNOTATION - marked as hypothetical: contig=contig_342, start=136154, stop=136333, strand=-
13:54:27.212 - INFO - ANNOTATION - marked as hypothetical: contig=contig_342, start=138967, stop=139224, strand=-
13:54:27.213 - INFO - ANNOTATION - fix product: replace domain name underscores. new=UPF0735 ACT domain-containing protein BN469-01312, old=UPF0735 ACT domain-containing protein BN469_01312
13:54:27.213 - INFO - ANNOTATION - marked as hypothetical: contig=contig_342, start=3, stop=419, strand=+
13:54:27.213 - INFO - ANNOTATION - marked as hypothetical: contig=contig_342, start=148410, stop=149753, strand=+
13:54:27.213 - INFO - ANNOTATION - marked as hypothetical: contig=contig_343, start=9389, stop=9514, strand=+
13:54:27.213 - INFO - ANNOTATION - marked as hypothetical: contig=contig_343, start=9693, stop=9911, strand=+
13:54:27.213 - INFO - ANNOTATION - marked as hypothetical: contig=contig_343, start=10165, stop=11253, strand=+
13:54:27.213 - INFO - ANNOTATION - fix gene: extract symbol from protein name. symbol=ftsK
13:54:27.213 - INFO - ANNOTATION - marked as hypothetical: contig=contig_343, start=14792, stop=14905, strand=+
13:54:27.213 - INFO - ANNOTATION - marked as hypothetical: contig=contig_343, start=18349, stop=19005, strand=-
13:54:27.213 - INFO - ANNOTATION - marked as hypothetical: contig=contig_343, start=20576, stop=20689, strand=+
13:54:27.213 - INFO - ANNOTATION - marked as hypothetical: contig=contig_343, start=20759, stop=21025, strand=-
13:54:27.213 - INFO - ANNOTATION - marked as hypothetical: contig=contig_343, start=21110, stop=23623, strand=+
13:54:27.213 - INFO - ANNOTATION - marked as hypothetical: contig=contig_343, start=24342, stop=24551, strand=+
13:54:27.213 - INFO - ANNOTATION - marked as hypothetical: contig=contig_343, start=24548, stop=24751, strand=+
13:54:27.213 - INFO - ANNOTATION - marked as hypothetical: contig=contig_343, start=24748, stop=24897, strand=+
13:54:27.213 - INFO - ANNOTATION - marked as hypothetical: contig=contig_343, start=24897, stop=25106, strand=+
13:54:27.213 - INFO - ANNOTATION - marked as hypothetical: contig=contig_343, start=25153, stop=25326, strand=+
13:54:27.213 - INFO - ANNOTATION - fix gene: extract symbol from protein name. symbol=copB
13:54:27.213 - INFO - ANNOTATION - marked as hypothetical: contig=contig_343, start=26814, stop=27002, strand=+
13:54:27.213 - INFO - ANNOTATION - fix gene: extract symbol from protein name. symbol=csoR
13:54:27.214 - INFO - ANNOTATION - marked as hypothetical: contig=contig_343, start=38780, stop=39022, strand=-
13:54:27.214 - INFO - ANNOTATION - fix product: replace Homolog. new=Stage 0 sporulation  A-like protein, old=Stage 0 sporulation protein A homolog
13:54:27.214 - INFO - ANNOTATION - fix product: revise whitespaces. new=Stage 0 sporulation A-like protein, old=Stage 0 sporulation  A-like protein
13:54:27.214 - INFO - ANNOTATION - fix gene: lowercase first char. new=repA, old=RepA
13:54:27.214 - INFO - ANNOTATION - fix gene: lowercase first char. new=repA, old=RepA
13:54:27.214 - INFO - ANNOTATION - fix gene: extract symbol from protein name. symbol=xerC
13:54:27.214 - INFO - ANNOTATION - fix gene: lowercase first char. new=xerC, old=XerC
13:54:27.214 - INFO - ANNOTATION - fix gene: lowercase first char. new=xerC, old=XerC
13:54:27.214 - INFO - ANNOTATION - fix gene: lowercase first char. new=hipB, old=HipB
13:54:27.214 - INFO - ANNOTATION - fix gene: lowercase first char. new=hipB, old=HipB
13:54:27.214 - INFO - ANNOTATION - fix product: revise DUF. new=DUF4363 domain-containing protein, old=DUF4363 family protein
13:54:27.214 - INFO - ANNOTATION - fix gene: extract symbol from protein name. symbol=nrdR
13:54:27.214 - INFO - ANNOTATION - fix gene: extract symbol from protein name. symbol=folD
13:54:27.214 - INFO - ANNOTATION - marked as hypothetical: contig=contig_343, start=72827, stop=73369, strand=+
13:54:27.215 - INFO - ANNOTATION - fix gene: extract symbol from protein name. symbol=yccM
13:54:27.215 - INFO - ANNOTATION - marked as hypothetical: contig=contig_343, start=75958, stop=76197, strand=+
13:54:27.215 - INFO - ANNOTATION - marked as hypothetical: contig=contig_343, start=2, stop=1264, strand=+
13:54:27.215 - INFO - ANNOTATION - marked as hypothetical: contig=contig_343, start=79680, stop=80327, strand=+
13:54:27.215 - INFO - ORF - write internal aa seqs: # seqs=433, path=/tmp/slurm-687208/tmp9pf2gfza/cds.pseudo.candidates.faa
14:03:16.646 - INFO - CDS - found: pseudogene-candidates=5
14:03:17.016 - INFO - CDS - pseudogene observation: contig=contig_77, start=5965, stop=6087, strand=-, cause=deletion, position=6110
14:03:17.016 - INFO - CDS - pseudogene: contig=contig_77, start=5965, stop=6087, strand=-, insertions=[], deletions=[6110], mutations=[], effect=
14:03:17.016 - INFO - CDS - pseudogene observation: contig=contig_342, start=28321, stop=29418, strand=-, effect=stop, cause=mutation, position=28323
14:03:17.017 - INFO - CDS - pseudogene: contig=contig_342, start=28321, stop=29418, strand=-, insertions=[], deletions=[], mutations=[28323], effect=Internal stop codon at 28323
14:03:17.017 - INFO - CDS - pseudogene observation: contig=contig_343, start=9693, stop=9911, strand=+, effect=stop, cause=mutation, position=9909
14:03:17.017 - INFO - CDS - pseudogene: contig=contig_343, start=9693, stop=9911, strand=+, insertions=[], deletions=[], mutations=[9909], effect=Internal stop codon at 9909
14:03:17.017 - INFO - CDS - found: pseudogenes=3
14:03:17.025 - INFO - PSC - looked-up=3
14:03:17.049 - INFO - PSCC - looked-up=3
14:03:17.049 - INFO - ANNOTATION - marked as hypothetical: contig=contig_77, start=5965, stop=6087, strand=-
14:03:17.049 - INFO - ANNOTATION - marked as hypothetical: contig=contig_343, start=9693, stop=9911, strand=+
14:03:17.085 - INFO - CDS - pfam detected: contig=contig_77, start=523722, stop=524459, strand=+, pfam-id=PF13279.10, length=113, aa-start=14, aa-stop=123, aa-cov=0.4, hmm-cov=1.0, evalue=3.6e-14, bitscore=48.0, name=4HBT_2
14:03:17.136 - INFO - CDS - pfam detected: contig=contig_1, start=1148898, stop=1150904, strand=+, pfam-id=PF00004.33, length=147, aa-start=361, aa-stop=491, aa-cov=0.2, hmm-cov=0.8, evalue=5.7e-06, bitscore=21.6, name=AAA
14:03:17.177 - INFO - CDS - pfam detected: contig=contig_77, start=256188, stop=256901, strand=-, pfam-id=PF13304.10, length=70, aa-start=128, aa-stop=194, aa-cov=0.3, hmm-cov=1.0, evalue=5.8e-15, bitscore=50.7, name=AAA_21
14:03:17.177 - INFO - CDS - pfam detected: contig=contig_1, start=266295, stop=267002, strand=+, pfam-id=PF13304.10, length=67, aa-start=127, aa-stop=190, aa-cov=0.3, hmm-cov=1.0, evalue=4.7e-13, bitscore=44.4, name=AAA_21
14:03:17.179 - INFO - CDS - pfam detected: contig=contig_1, start=915067, stop=917004, strand=+, pfam-id=PF13476.10, length=348, aa-start=8, aa-stop=288, aa-cov=0.4, hmm-cov=0.6, evalue=6.8e-13, bitscore=44.4, name=AAA_23
14:03:17.194 - INFO - CDS - pfam detected: contig=contig_1, start=1148898, stop=1150904, strand=+, pfam-id=PF07728.18, length=148, aa-start=360, aa-stop=498, aa-cov=0.2, hmm-cov=0.9, evalue=1.6e-09, bitscore=32.7, name=AAA_5
14:03:17.194 - INFO - CDS - pfam detected: contig=contig_1, start=717097, stop=717558, strand=+, pfam-id=PF07728.18, length=36, aa-start=35, aa-stop=70, aa-cov=0.2, hmm-cov=0.9, evalue=1.2e-06, bitscore=23.3, name=AAA_5
14:03:17.228 - INFO - CDS - pfam detected: contig=contig_77, start=190089, stop=190856, strand=+, pfam-id=PF12679.11, length=216, aa-start=53, aa-stop=253, aa-cov=0.8, hmm-cov=1.0, evalue=1.8e-12, bitscore=41.8, name=ABC2_membrane_2
14:03:17.230 - INFO - CDS - pfam detected: contig=contig_1, start=266295, stop=267002, strand=+, pfam-id=PF00005.31, length=148, aa-start=20, aa-stop=163, aa-cov=0.6, hmm-cov=0.9, evalue=4.8e-32, bitscore=106.2, name=ABC_tran
14:03:17.230 - INFO - CDS - pfam detected: contig=contig_77, start=256188, stop=256901, strand=-, pfam-id=PF00005.31, length=155, aa-start=20, aa-stop=162, aa-cov=0.6, hmm-cov=0.9, evalue=5.4e-27, bitscore=89.9, name=ABC_tran
14:03:17.247 - INFO - CDS - pfam detected: contig=contig_116, start=96377, stop=98878, strand=+, pfam-id=PF00561.24, length=110, aa-start=249, aa-stop=357, aa-cov=0.1, hmm-cov=0.9, evalue=4.0e-20, bitscore=67.2, name=Abhydrolase_1
14:03:17.248 - INFO - CDS - pfam detected: contig=contig_116, start=96377, stop=98878, strand=+, pfam-id=PF20408.2, length=108, aa-start=250, aa-stop=354, aa-cov=0.1, hmm-cov=0.9, evalue=1.8e-11, bitscore=38.9, name=Abhydrolase_11
14:03:17.252 - INFO - CDS - pfam detected: contig=contig_116, start=96377, stop=98878, strand=+, pfam-id=PF12697.11, length=220, aa-start=269, aa-stop=475, aa-cov=0.2, hmm-cov=0.9, evalue=1.3e-14, bitscore=50.0, name=Abhydrolase_6
14:03:17.279 - INFO - CDS - pfam detected: contig=contig_77, start=210516, stop=211139, strand=+, pfam-id=PF13508.11, length=85, aa-start=55, aa-stop=136, aa-cov=0.4, hmm-cov=0.9, evalue=2.0e-10, bitscore=35.7, name=Acetyltransf_7
14:03:17.279 - INFO - CDS - pfam detected: contig=contig_1, start=1139151, stop=1139930, strand=-, pfam-id=PF13508.11, length=78, aa-start=174, aa-stop=246, aa-cov=0.3, hmm-cov=0.9, evalue=2.4e-08, bitscore=29.0, name=Acetyltransf_7
14:03:17.281 - INFO - CDS - pfam detected: contig=contig_77, start=210516, stop=211139, strand=+, pfam-id=PF13527.11, length=131, aa-start=7, aa-stop=136, aa-cov=0.6, hmm-cov=0.9, evalue=7.4e-10, bitscore=33.7, name=Acetyltransf_9
14:03:17.285 - INFO - CDS - pfam detected: contig=contig_1, start=717440, stop=717973, strand=-, pfam-id=PF01648.24, length=90, aa-start=75, aa-stop=155, aa-cov=0.5, hmm-cov=1.0, evalue=1.9e-15, bitscore=51.7, name=ACPS
14:03:17.295 - INFO - CDS - pfam detected: contig=contig_77, start=523722, stop=524459, strand=+, pfam-id=PF01643.21, length=122, aa-start=5, aa-stop=125, aa-cov=0.5, hmm-cov=1.0, evalue=8.4e-19, bitscore=62.4, name=Acyl-ACP_TE
14:03:17.297 - INFO - CDS - pfam detected: contig=contig_77, start=523722, stop=524459, strand=+, pfam-id=PF20791.1, length=57, aa-start=157, aa-stop=213, aa-cov=0.2, hmm-cov=1.0, evalue=6.7e-13, bitscore=43.5, name=Acyl-ACP_TE_C
14:03:17.298 - INFO - CDS - pfam detected: contig=contig_157, start=172245, stop=172610, strand=+, pfam-id=PF00441.28, length=77, aa-start=44, aa-stop=120, aa-cov=0.6, hmm-cov=1.0, evalue=8.1e-31, bitscore=102.0, name=Acyl-CoA_dh_1
14:03:17.298 - INFO - CDS - pfam detected: contig=contig_157, start=172245, stop=172610, strand=+, pfam-id=PF08028.15, length=73, aa-start=42, aa-stop=108, aa-cov=0.6, hmm-cov=1.0, evalue=3.5e-14, bitscore=47.9, name=Acyl-CoA_dh_2
14:03:17.302 - INFO - CDS - pfam detected: contig=contig_157, start=172245, stop=172610, strand=+, pfam-id=PF02771.20, length=41, aa-start=5, aa-stop=45, aa-cov=0.3, hmm-cov=1.0, evalue=2.9e-09, bitscore=32.1, name=Acyl-CoA_dh_N
14:03:17.334 - INFO - CDS - pfam detected: contig=contig_116, start=328690, stop=329457, strand=+, pfam-id=PF00106.29, length=190, aa-start=5, aa-stop=189, aa-cov=0.7, hmm-cov=1.0, evalue=5.1e-39, bitscore=128.5, name=adh_short
14:03:17.334 - INFO - CDS - pfam detected: contig=contig_116, start=328690, stop=329457, strand=+, pfam-id=PF13561.10, length=220, aa-start=8, aa-stop=216, aa-cov=0.8, hmm-cov=1.0, evalue=3.6e-30, bitscore=100.0, name=adh_short_C2
14:03:17.343 - INFO - CDS - pfam detected: contig=contig_77, start=630662, stop=632098, strand=+, pfam-id=PF10397.13, length=84, aa-start=371, aa-stop=453, aa-cov=0.2, hmm-cov=0.9, evalue=2.9e-24, bitscore=80.0, name=ADSL_C
14:03:17.371 - INFO - CDS - pfam detected: contig=contig_343, start=72827, stop=73369, strand=+, pfam-id=PF00578.25, length=125, aa-start=32, aa-stop=151, aa-cov=0.7, hmm-cov=0.9, evalue=5.5e-12, bitscore=40.5, name=AhpC-TSA
14:03:17.443 - INFO - CDS - pfam detected: contig=contig_116, start=62093, stop=62491, strand=+, pfam-id=PF01979.24, length=119, aa-start=7, aa-stop=121, aa-cov=0.9, hmm-cov=0.9, evalue=7.4e-12, bitscore=39.8, name=Amidohydro_1
14:03:17.446 - INFO - CDS - pfam detected: contig=contig_116, start=62093, stop=62491, strand=+, pfam-id=PF07969.15, length=72, aa-start=50, aa-stop=121, aa-cov=0.5, hmm-cov=0.9, evalue=4.9e-11, bitscore=37.4, name=Amidohydro_3
14:03:17.480 - INFO - CDS - pfam detected: contig=contig_342, start=36186, stop=36728, strand=-, pfam-id=PF03861.18, length=51, aa-start=124, aa-stop=174, aa-cov=0.3, hmm-cov=1.0, evalue=1.9e-20, bitscore=67.2, name=ANTAR
14:03:17.950 - INFO - CDS - pfam detected: contig=contig_77, start=249426, stop=250091, strand=-, pfam-id=PF12733.11, length=94, aa-start=104, aa-stop=187, aa-cov=0.4, hmm-cov=0.9, evalue=1.5e-16, bitscore=55.4, name=Cadherin-like
14:03:18.290 - INFO - CDS - pfam detected: contig=contig_1, start=283277, stop=284638, strand=+, pfam-id=PF00285.25, length=398, aa-start=45, aa-stop=437, aa-cov=0.9, hmm-cov=0.9, evalue=5.7e-112, bitscore=369.0, name=Citrate_synt
14:03:18.305 - INFO - CDS - pfam detected: contig=contig_1, start=799095, stop=799898, strand=+, pfam-id=PF00574.27, length=142, aa-start=37, aa-stop=176, aa-cov=0.5, hmm-cov=1.0, evalue=1.3e-26, bitscore=88.3, name=CLP_protease
14:03:18.441 - INFO - CDS - pfam detected: contig=contig_1, start=1077573, stop=1078625, strand=+, pfam-id=PF02786.21, length=171, aa-start=153, aa-stop=311, aa-cov=0.5, hmm-cov=1.0, evalue=8.3e-10, bitscore=33.2, name=CPSase_L_D2
14:03:18.486 - INFO - CDS - pfam detected: contig=contig_1, start=297950, stop=298162, strand=+, pfam-id=PF00313.26, length=67, aa-start=3, aa-stop=69, aa-cov=1.0, hmm-cov=1.0, evalue=4.5e-29, bitscore=94.9, name=CSD
14:03:18.553 - INFO - CDS - pfam detected: contig=contig_77, start=10537, stop=11121, strand=-, pfam-id=PF07883.15, length=57, aa-start=116, aa-stop=172, aa-cov=0.3, hmm-cov=1.0, evalue=2.8e-15, bitscore=50.6, name=Cupin_2
14:03:18.553 - INFO - CDS - pfam detected: contig=contig_77, start=10537, stop=11121, strand=-, pfam-id=PF05899.16, length=37, aa-start=120, aa-stop=155, aa-cov=0.2, hmm-cov=1.0, evalue=1.0e-07, bitscore=26.4, name=Cupin_3
14:03:18.568 - INFO - CDS - pfam detected: contig=contig_157, start=95536, stop=97122, strand=-, pfam-id=PF07833.15, length=88, aa-start=245, aa-stop=331, aa-cov=0.2, hmm-cov=1.0, evalue=1.3e-29, bitscore=97.1, name=Cu_amine_oxidN1
14:03:18.568 - INFO - CDS - pfam detected: contig=contig_77, start=119909, stop=120676, strand=-, pfam-id=PF07833.15, length=91, aa-start=42, aa-stop=129, aa-cov=0.3, hmm-cov=1.0, evalue=3.3e-19, bitscore=63.7, name=Cu_amine_oxidN1
14:03:18.636 - INFO - CDS - pfam detected: contig=contig_1, start=215678, stop=216697, strand=+, pfam-id=PF18152.5, length=67, aa-start=1, aa-stop=67, aa-cov=0.2, hmm-cov=1.0, evalue=1.6e-21, bitscore=70.7, name=DAHP_snth_FXD
14:03:18.637 - INFO - CDS - pfam detected: contig=contig_1, start=215678, stop=216697, strand=+, pfam-id=PF00793.24, length=254, aa-start=87, aa-stop=324, aa-cov=0.7, hmm-cov=1.0, evalue=1.5e-82, bitscore=271.3, name=DAHP_synth_1
14:03:18.685 - INFO - CDS - pfam detected: contig=contig_77, start=259311, stop=260057, strand=-, pfam-id=PF01609.25, length=108, aa-start=57, aa-stop=162, aa-cov=0.4, hmm-cov=1.0, evalue=1.6e-19, bitscore=65.2, name=DDE_Tnp_1
14:03:18.775 - INFO - CDS - pfam detected: contig=contig_342, start=59692, stop=60237, strand=+, pfam-id=PF01965.28, length=162, aa-start=2, aa-stop=162, aa-cov=0.9, hmm-cov=1.0, evalue=7.5e-41, bitscore=134.4, name=DJ-1_PfpI
14:03:18.781 - INFO - CDS - pfam detected: contig=contig_116, start=96377, stop=98878, strand=+, pfam-id=PF01738.22, length=130, aa-start=236, aa-stop=352, aa-cov=0.1, hmm-cov=1.0, evalue=1.6e-12, bitscore=42.1, name=DLH
14:03:18.808 - INFO - CDS - pfam detected: contig=contig_1, start=847869, stop=849020, strand=-, pfam-id=PF00226.35, length=63, aa-start=7, aa-stop=69, aa-cov=0.2, hmm-cov=1.0, evalue=3.9e-31, bitscore=101.8, name=DnaJ
14:03:18.811 - INFO - CDS - pfam detected: contig=contig_1, start=847869, stop=849020, strand=-, pfam-id=PF01556.22, length=217, aa-start=129, aa-stop=345, aa-cov=0.6, hmm-cov=0.7, evalue=1.6e-53, bitscore=175.6, name=DnaJ_C
14:03:18.811 - INFO - CDS - pfam detected: contig=contig_1, start=847869, stop=849020, strand=-, pfam-id=PF00684.23, length=65, aa-start=155, aa-stop=219, aa-cov=0.2, hmm-cov=1.0, evalue=1.6e-15, bitscore=51.9, name=DnaJ_CXXCXGXG
14:03:18.865 - INFO - CDS - pfam detected: contig=contig_1, start=426776, stop=427639, strand=-, pfam-id=PF16924.9, length=116, aa-start=6, aa-stop=117, aa-cov=0.4, hmm-cov=1.0, evalue=1.7e-25, bitscore=84.1, name=DpaA_N
14:03:19.154 - INFO - CDS - pfam detected: contig=contig_1, start=655809, stop=656435, strand=+, pfam-id=PF04015.16, length=101, aa-start=99, aa-stop=196, aa-cov=0.5, hmm-cov=1.0, evalue=2.0e-13, bitscore=45.5, name=DUF362
14:03:19.162 - INFO - CDS - pfam detected: contig=contig_1, start=152877, stop=153254, strand=+, pfam-id=PF12646.11, length=56, aa-start=65, aa-stop=120, aa-cov=0.4, hmm-cov=1.0, evalue=4.9e-21, bitscore=69.2, name=DUF3783
14:03:19.270 - INFO - CDS - pfam detected: contig=contig_1, start=654487, stop=655494, strand=+, pfam-id=PF13660.10, length=56, aa-start=268, aa-stop=323, aa-cov=0.2, hmm-cov=1.0, evalue=6.8e-19, bitscore=62.9, name=DUF4147
14:03:19.310 - INFO - CDS - pfam detected: contig=contig_1, start=577969, stop=578703, strand=-, pfam-id=PF14285.10, length=113, aa-start=132, aa-stop=240, aa-cov=0.4, hmm-cov=1.0, evalue=2.8e-12, bitscore=41.8, name=DUF4367
14:03:19.365 - INFO - CDS - pfam detected: contig=contig_1, start=17692, stop=19827, strand=+, pfam-id=PF16244.9, length=99, aa-start=352, aa-stop=450, aa-cov=0.1, hmm-cov=1.0, evalue=2.5e-15, bitscore=51.6, name=DUF4901
14:03:19.440 - INFO - CDS - pfam detected: contig=contig_1, start=1107667, stop=1109100, strand=-, pfam-id=PF18705.5, length=112, aa-start=246, aa-stop=354, aa-cov=0.2, hmm-cov=0.9, evalue=3.8e-16, bitscore=53.8, name=DUF5643
14:03:19.495 - INFO - CDS - pfam detected: contig=contig_1, start=514849, stop=515223, strand=-, pfam-id=PF19481.3, length=122, aa-start=1, aa-stop=122, aa-cov=1.0, hmm-cov=1.0, evalue=3.6e-72, bitscore=236.1, name=DUF6017
14:03:19.592 - INFO - CDS - pfam detected: contig=contig_1, start=802557, stop=802994, strand=+, pfam-id=PF20765.1, length=95, aa-start=5, aa-stop=99, aa-cov=0.7, hmm-cov=0.9, evalue=1.4e-12, bitscore=42.7, name=DUF6838
14:03:19.683 - INFO - CDS - pfam detected: contig=contig_1, start=410848, stop=413112, strand=-, pfam-id=PF00563.24, length=233, aa-start=507, aa-stop=738, aa-cov=0.3, hmm-cov=1.0, evalue=8.6e-72, bitscore=236.0, name=EAL
14:03:19.915 - INFO - CDS - pfam detected: contig=contig_1, start=750906, stop=751547, strand=+, pfam-id=PF07729.16, length=123, aa-start=78, aa-stop=198, aa-cov=0.6, hmm-cov=1.0, evalue=2.5e-19, bitscore=64.7, name=FCD
14:03:19.915 - INFO - CDS - pfam detected: contig=contig_116, start=164262, stop=164807, strand=-, pfam-id=PF07729.16, length=137, aa-start=34, aa-stop=168, aa-cov=0.7, hmm-cov=0.9, evalue=6.7e-14, bitscore=47.1, name=FCD
14:03:19.929 - INFO - CDS - pfam detected: contig=contig_1, start=1126720, stop=1126890, strand=+, pfam-id=PF00037.31, length=24, aa-start=31, aa-stop=54, aa-cov=0.4, hmm-cov=1.0, evalue=3.9e-19, bitscore=62.5, name=Fer4
14:03:19.929 - INFO - CDS - pfam detected: contig=contig_1, start=1126720, stop=1126890, strand=+, pfam-id=PF13237.10, length=54, aa-start=3, aa-stop=49, aa-cov=0.8, hmm-cov=1.0, evalue=1.6e-13, bitscore=45.3, name=Fer4_10
14:03:19.933 - INFO - CDS - pfam detected: contig=contig_1, start=1126720, stop=1126890, strand=+, pfam-id=PF13484.10, length=31, aa-start=9, aa-stop=39, aa-cov=0.6, hmm-cov=1.0, evalue=2.5e-13, bitscore=45.4, name=Fer4_16
14:03:19.934 - INFO - CDS - pfam detected: contig=contig_1, start=1126720, stop=1126890, strand=+, pfam-id=PF13534.10, length=19, aa-start=33, aa-stop=51, aa-cov=0.3, hmm-cov=1.0, evalue=7.6e-07, bitscore=24.4, name=Fer4_17
14:03:19.937 - INFO - CDS - pfam detected: contig=contig_1, start=1126720, stop=1126890, strand=+, pfam-id=PF12797.11, length=19, aa-start=32, aa-stop=50, aa-cov=0.3, hmm-cov=1.0, evalue=7.7e-14, bitscore=45.5, name=Fer4_2
14:03:19.945 - INFO - CDS - pfam detected: contig=contig_1, start=1126720, stop=1126890, strand=+, pfam-id=PF12800.11, length=15, aa-start=7, aa-stop=21, aa-cov=0.3, hmm-cov=1.0, evalue=6.3e-10, bitscore=33.5, name=Fer4_4
14:03:19.948 - INFO - CDS - pfam detected: contig=contig_1, start=1126720, stop=1126890, strand=+, pfam-id=PF12837.11, length=22, aa-start=32, aa-stop=53, aa-cov=0.4, hmm-cov=1.0, evalue=1.2e-13, bitscore=45.2, name=Fer4_6
14:03:19.950 - INFO - CDS - pfam detected: contig=contig_1, start=1126720, stop=1126890, strand=+, pfam-id=PF12838.11, length=52, aa-start=8, aa-stop=52, aa-cov=0.8, hmm-cov=1.0, evalue=1.1e-12, bitscore=43.0, name=Fer4_7
14:03:19.952 - INFO - CDS - pfam detected: contig=contig_1, start=1126720, stop=1126890, strand=+, pfam-id=PF13183.10, length=22, aa-start=7, aa-stop=28, aa-cov=0.4, hmm-cov=1.0, evalue=1.0e-08, bitscore=30.4, name=Fer4_8
14:03:20.006 - INFO - CDS - pfam detected: contig=contig_1, start=291746, stop=296026, strand=-, pfam-id=PF07554.17, length=70, aa-start=1158, aa-stop=1220, aa-cov=0.0, hmm-cov=1.0, evalue=3.8e-10, bitscore=35.1, name=FIVAR
14:03:20.035 - INFO - CDS - pfam detected: contig=contig_1, start=291746, stop=296026, strand=-, pfam-id=PF18998.4, length=78, aa-start=1231, aa-stop=1308, aa-cov=0.1, hmm-cov=0.9, evalue=2.7e-11, bitscore=38.1, name=Flg_new_2
14:03:20.098 - INFO - CDS - pfam detected: contig=contig_77, start=29372, stop=30295, strand=-, pfam-id=PF08867.15, length=42, aa-start=36, aa-stop=77, aa-cov=0.1, hmm-cov=0.9, evalue=9.2e-11, bitscore=37.3, name=FRG
14:03:20.167 - INFO - CDS - pfam detected: contig=contig_1, start=636147, stop=637820, strand=+, pfam-id=PF01590.30, length=137, aa-start=10, aa-stop=135, aa-cov=0.2, hmm-cov=0.9, evalue=2.5e-08, bitscore=29.3, name=GAF
14:03:20.168 - INFO - CDS - pfam detected: contig=contig_1, start=1148898, stop=1150904, strand=+, pfam-id=PF01590.30, length=99, aa-start=116, aa-stop=199, aa-cov=0.1, hmm-cov=1.0, evalue=2.4e-06, bitscore=22.9, name=GAF
14:03:20.260 - INFO - CDS - pfam detected: contig=contig_116, start=93928, stop=94851, strand=+, pfam-id=PF10646.13, length=112, aa-start=41, aa-stop=149, aa-cov=0.4, hmm-cov=0.9, evalue=1.9e-35, bitscore=116.6, name=Germane
14:03:20.269 - INFO - CDS - pfam detected: contig=contig_1, start=676377, stop=677525, strand=+, pfam-id=PF00990.25, length=156, aa-start=226, aa-stop=376, aa-cov=0.4, hmm-cov=1.0, evalue=9.7e-38, bitscore=124.2, name=GGDEF
14:03:20.269 - INFO - CDS - pfam detected: contig=contig_77, start=109265, stop=110023, strand=+, pfam-id=PF00990.25, length=160, aa-start=102, aa-stop=248, aa-cov=0.6, hmm-cov=1.0, evalue=4.9e-36, bitscore=118.7, name=GGDEF
14:03:20.269 - INFO - CDS - pfam detected: contig=contig_77, start=77795, stop=78394, strand=-, pfam-id=PF00990.25, length=158, aa-start=45, aa-stop=195, aa-cov=0.8, hmm-cov=1.0, evalue=3.5e-30, bitscore=99.6, name=GGDEF
14:03:20.269 - INFO - CDS - pfam detected: contig=contig_1, start=410848, stop=413112, strand=-, pfam-id=PF00990.25, length=127, aa-start=332, aa-stop=449, aa-cov=0.2, hmm-cov=1.0, evalue=1.3e-25, bitscore=84.8, name=GGDEF
14:03:20.269 - INFO - CDS - pfam detected: contig=contig_343, start=10165, stop=11253, strand=+, pfam-id=PF00990.25, length=158, aa-start=205, aa-stop=354, aa-cov=0.4, hmm-cov=1.0, evalue=9.3e-23, bitscore=75.5, name=GGDEF
14:03:20.285 - INFO - CDS - pfam detected: contig=contig_77, start=149575, stop=150345, strand=+, pfam-id=PF01541.28, length=71, aa-start=3, aa-stop=70, aa-cov=0.3, hmm-cov=1.0, evalue=4.6e-18, bitscore=60.1, name=GIY-YIG
14:03:20.473 - INFO - CDS - pfam detected: contig=contig_1, start=822966, stop=824222, strand=+, pfam-id=PF13641.10, length=109, aa-start=10, aa-stop=112, aa-cov=0.2, hmm-cov=1.0, evalue=1.4e-15, bitscore=52.5, name=Glyco_tranf_2_3
14:03:20.507 - INFO - CDS - pfam detected: contig=contig_1, start=750906, stop=751547, strand=+, pfam-id=PF00392.25, length=64, aa-start=5, aa-stop=67, aa-cov=0.3, hmm-cov=1.0, evalue=6.0e-17, bitscore=55.9, name=GntR
14:03:20.507 - INFO - CDS - pfam detected: contig=contig_116, start=164841, stop=165038, strand=-, pfam-id=PF00392.25, length=43, aa-start=23, aa-stop=65, aa-cov=0.7, hmm-cov=1.0, evalue=4.9e-14, bitscore=46.5, name=GntR
14:03:20.579 - INFO - CDS - pfam detected: contig=contig_1, start=712549, stop=714408, strand=+, pfam-id=PF00009.31, length=182, aa-start=4, aa-stop=165, aa-cov=0.3, hmm-cov=1.0, evalue=4.9e-29, bitscore=96.0, name=GTP_EFTU
14:03:20.580 - INFO - CDS - pfam detected: contig=contig_1, start=712549, stop=714408, strand=+, pfam-id=PF03144.29, length=72, aa-start=193, aa-stop=259, aa-cov=0.1, hmm-cov=1.0, evalue=2.2e-13, bitscore=45.2, name=GTP_EFTU_D2
14:03:20.619 - INFO - CDS - pfam detected: contig=contig_116, start=92495, stop=93931, strand=+, pfam-id=PF00672.29, length=51, aa-start=195, aa-stop=245, aa-cov=0.1, hmm-cov=1.0, evalue=4.6e-11, bitscore=37.7, name=HAMP
14:03:20.629 - INFO - CDS - pfam detected: contig=contig_116, start=92495, stop=93931, strand=+, pfam-id=PF02518.30, length=110, aa-start=363, aa-stop=472, aa-cov=0.2, hmm-cov=1.0, evalue=1.3e-30, bitscore=100.9, name=HATPase_c
14:03:20.629 - INFO - CDS - pfam detected: contig=contig_77, start=156612, stop=160214, strand=-, pfam-id=PF02518.30, length=113, aa-start=928, aa-stop=1040, aa-cov=0.1, hmm-cov=0.9, evalue=4.9e-30, bitscore=99.0, name=HATPase_c
14:03:20.629 - INFO - CDS - pfam detected: contig=contig_1, start=276820, stop=280737, strand=-, pfam-id=PF02518.30, length=116, aa-start=903, aa-stop=1018, aa-cov=0.1, hmm-cov=0.9, evalue=2.2e-29, bitscore=96.9, name=HATPase_c
14:03:20.629 - INFO - CDS - pfam detected: contig=contig_77, start=465823, stop=469713, strand=+, pfam-id=PF02518.30, length=117, aa-start=894, aa-stop=1010, aa-cov=0.1, hmm-cov=0.9, evalue=6.4e-28, bitscore=92.2, name=HATPase_c
14:03:20.742 - INFO - CDS - pfam detected: contig=contig_77, start=156612, stop=160214, strand=-, pfam-id=PF00512.29, length=69, aa-start=812, aa-stop=880, aa-cov=0.1, hmm-cov=0.9, evalue=5.6e-20, bitscore=66.0, name=HisKA
14:03:20.742 - INFO - CDS - pfam detected: contig=contig_116, start=92495, stop=93931, strand=+, pfam-id=PF00512.29, length=66, aa-start=251, aa-stop=316, aa-cov=0.1, hmm-cov=1.0, evalue=6.7e-18, bitscore=59.3, name=HisKA
14:03:20.742 - INFO - CDS - pfam detected: contig=contig_77, start=465823, stop=469713, strand=+, pfam-id=PF00512.29, length=67, aa-start=781, aa-stop=847, aa-cov=0.1, hmm-cov=1.0, evalue=3.3e-17, bitscore=57.1, name=HisKA
14:03:20.743 - INFO - CDS - pfam detected: contig=contig_1, start=276820, stop=280737, strand=-, pfam-id=PF00512.29, length=67, aa-start=790, aa-stop=856, aa-cov=0.1, hmm-cov=1.0, evalue=3.3e-16, bitscore=53.9, name=HisKA
14:03:20.743 - INFO - CDS - pfam detected: contig=contig_77, start=12336, stop=13073, strand=-, pfam-id=PF00512.29, length=54, aa-start=1, aa-stop=54, aa-cov=0.2, hmm-cov=1.0, evalue=3.4e-10, bitscore=34.6, name=HisKA
14:03:20.826 - INFO - CDS - pfam detected: contig=contig_1, start=15728, stop=16624, strand=+, pfam-id=PF00126.31, length=58, aa-start=4, aa-stop=61, aa-cov=0.2, hmm-cov=1.0, evalue=1.2e-21, bitscore=71.2, name=HTH_1
14:03:20.826 - INFO - CDS - pfam detected: contig=contig_1, start=655809, stop=656435, strand=+, pfam-id=PF00126.31, length=59, aa-start=4, aa-stop=62, aa-cov=0.3, hmm-cov=1.0, evalue=1.3e-18, bitscore=61.5, name=HTH_1
14:03:20.835 - INFO - CDS - pfam detected: contig=contig_1, start=787877, stop=788440, strand=+, pfam-id=PF13384.10, length=31, aa-start=141, aa-stop=171, aa-cov=0.2, hmm-cov=1.0, evalue=1.1e-11, bitscore=39.0, name=HTH_23
14:03:20.835 - INFO - CDS - pfam detected: contig=contig_1, start=919223, stop=919792, strand=+, pfam-id=PF13384.10, length=32, aa-start=140, aa-stop=171, aa-cov=0.2, hmm-cov=1.0, evalue=1.3e-11, bitscore=38.8, name=HTH_23
14:03:20.835 - INFO - CDS - pfam detected: contig=contig_1, start=636147, stop=637820, strand=+, pfam-id=PF13384.10, length=40, aa-start=515, aa-stop=554, aa-cov=0.1, hmm-cov=1.0, evalue=2.4e-08, bitscore=28.4, name=HTH_23
14:03:20.835 - INFO - CDS - pfam detected: contig=contig_1, start=783931, stop=784218, strand=+, pfam-id=PF13412.10, length=23, aa-start=9, aa-stop=31, aa-cov=0.2, hmm-cov=1.0, evalue=1.5e-06, bitscore=22.5, name=HTH_24
14:03:20.836 - INFO - CDS - pfam detected: contig=contig_1, start=783931, stop=784218, strand=+, pfam-id=PF13443.10, length=60, aa-start=3, aa-stop=61, aa-cov=0.6, hmm-cov=1.0, evalue=3.5e-13, bitscore=44.4, name=HTH_26
14:03:20.836 - INFO - CDS - pfam detected: contig=contig_1, start=909425, stop=909856, strand=-, pfam-id=PF13443.10, length=55, aa-start=7, aa-stop=61, aa-cov=0.4, hmm-cov=1.0, evalue=4.1e-13, bitscore=44.2, name=HTH_26
14:03:20.836 - INFO - CDS - pfam detected: contig=contig_77, start=10537, stop=11121, strand=-, pfam-id=PF13443.10, length=54, aa-start=12, aa-stop=64, aa-cov=0.3, hmm-cov=1.0, evalue=8.8e-11, bitscore=36.7, name=HTH_26
14:03:20.838 - INFO - CDS - pfam detected: contig=contig_157, start=77407, stop=77877, strand=-, pfam-id=PF13463.10, length=67, aa-start=38, aa-stop=103, aa-cov=0.4, hmm-cov=1.0, evalue=2.2e-08, bitscore=29.1, name=HTH_27
14:03:20.838 - INFO - CDS - pfam detected: contig=contig_77, start=184686, stop=185144, strand=+, pfam-id=PF13463.10, length=64, aa-start=40, aa-stop=99, aa-cov=0.4, hmm-cov=1.0, evalue=8.4e-08, bitscore=27.2, name=HTH_27
14:03:20.838 - INFO - CDS - pfam detected: contig=contig_1, start=787877, stop=788440, strand=+, pfam-id=PF13518.10, length=28, aa-start=143, aa-stop=170, aa-cov=0.1, hmm-cov=1.0, evalue=1.1e-07, bitscore=26.6, name=HTH_28
14:03:20.839 - INFO - CDS - pfam detected: contig=contig_1, start=783931, stop=784218, strand=+, pfam-id=PF01381.26, length=55, aa-start=4, aa-stop=58, aa-cov=0.6, hmm-cov=1.0, evalue=1.1e-16, bitscore=55.4, name=HTH_3
14:03:20.839 - INFO - CDS - pfam detected: contig=contig_77, start=10537, stop=11121, strand=-, pfam-id=PF01381.26, length=55, aa-start=9, aa-stop=63, aa-cov=0.3, hmm-cov=1.0, evalue=2.9e-15, bitscore=50.8, name=HTH_3
14:03:20.839 - INFO - CDS - pfam detected: contig=contig_1, start=909425, stop=909856, strand=-, pfam-id=PF01381.26, length=54, aa-start=8, aa-stop=61, aa-cov=0.4, hmm-cov=1.0, evalue=5.1e-15, bitscore=50.1, name=HTH_3
14:03:20.839 - INFO - CDS - pfam detected: contig=contig_1, start=784191, stop=784649, strand=+, pfam-id=PF01381.26, length=44, aa-start=9, aa-stop=52, aa-cov=0.3, hmm-cov=1.0, evalue=5.1e-12, bitscore=40.5, name=HTH_3
14:03:20.839 - INFO - CDS - pfam detected: contig=contig_1, start=792990, stop=793352, strand=+, pfam-id=PF13556.10, length=40, aa-start=34, aa-stop=73, aa-cov=0.3, hmm-cov=1.0, evalue=6.4e-11, bitscore=36.7, name=HTH_30
14:03:20.840 - INFO - CDS - pfam detected: contig=contig_1, start=783931, stop=784218, strand=+, pfam-id=PF13560.10, length=58, aa-start=4, aa-stop=60, aa-cov=0.6, hmm-cov=1.0, evalue=2.8e-13, bitscore=44.8, name=HTH_31
14:03:20.841 - INFO - CDS - pfam detected: contig=contig_77, start=10537, stop=11121, strand=-, pfam-id=PF13560.10, length=57, aa-start=4, aa-stop=59, aa-cov=0.3, hmm-cov=1.0, evalue=3.3e-09, bitscore=31.7, name=HTH_31
14:03:20.841 - INFO - CDS - pfam detected: contig=contig_1, start=909425, stop=909856, strand=-, pfam-id=PF13560.10, length=51, aa-start=9, aa-stop=59, aa-cov=0.4, hmm-cov=1.0, evalue=1.4e-08, bitscore=29.7, name=HTH_31
14:03:20.844 - INFO - CDS - pfam detected: contig=contig_1, start=787877, stop=788440, strand=+, pfam-id=PF13936.10, length=25, aa-start=142, aa-stop=166, aa-cov=0.1, hmm-cov=1.0, evalue=1.1e-08, bitscore=29.5, name=HTH_38
14:03:20.852 - INFO - CDS - pfam detected: contig=contig_1, start=636147, stop=637820, strand=+, pfam-id=PF18024.5, length=41, aa-start=515, aa-stop=555, aa-cov=0.1, hmm-cov=1.0, evalue=1.4e-08, bitscore=29.1, name=HTH_50
14:03:20.869 - INFO - CDS - pfam detected: contig=contig_1, start=636147, stop=637820, strand=+, pfam-id=PF02796.19, length=32, aa-start=519, aa-stop=550, aa-cov=0.1, hmm-cov=1.0, evalue=7.9e-09, bitscore=30.3, name=HTH_7
14:03:20.869 - INFO - CDS - pfam detected: contig=contig_1, start=1148898, stop=1150904, strand=+, pfam-id=PF02954.23, length=42, aa-start=616, aa-stop=657, aa-cov=0.1, hmm-cov=1.0, evalue=4.1e-13, bitscore=43.7, name=HTH_8
14:03:20.869 - INFO - CDS - pfam detected: contig=contig_1, start=636147, stop=637820, strand=+, pfam-id=PF02954.23, length=41, aa-start=515, aa-stop=554, aa-cov=0.1, hmm-cov=1.0, evalue=1.2e-10, bitscore=35.8, name=HTH_8
14:03:20.875 - INFO - CDS - pfam detected: contig=contig_116, start=46148, stop=46924, strand=-, pfam-id=PF09339.14, length=47, aa-start=10, aa-stop=56, aa-cov=0.2, hmm-cov=1.0, evalue=3.2e-14, bitscore=47.3, name=HTH_IclR
14:03:20.875 - INFO - CDS - pfam detected: contig=contig_77, start=117789, stop=118580, strand=-, pfam-id=PF09339.14, length=48, aa-start=13, aa-stop=60, aa-cov=0.2, hmm-cov=1.0, evalue=2.3e-13, bitscore=44.5, name=HTH_IclR
14:03:20.981 - INFO - CDS - pfam detected: contig=contig_77, start=65711, stop=66412, strand=+, pfam-id=PF07826.15, length=210, aa-start=13, aa-stop=218, aa-cov=0.9, hmm-cov=0.9, evalue=1.1e-64, bitscore=212.3, name=IMP_cyclohyd
14:03:21.045 - INFO - CDS - pfam detected: contig=contig_1, start=301285, stop=302496, strand=+, pfam-id=PF00180.24, length=378, aa-start=7, aa-stop=377, aa-cov=0.9, hmm-cov=0.9, evalue=6.5e-55, bitscore=181.4, name=Iso_dh
14:03:21.148 - INFO - CDS - pfam detected: contig=contig_116, start=232996, stop=234039, strand=+, pfam-id=PF00356.25, length=47, aa-start=12, aa-stop=58, aa-cov=0.1, hmm-cov=1.0, evalue=1.1e-19, bitscore=64.8, name=LacI
14:03:21.151 - INFO - CDS - pfam detected: contig=contig_1, start=917602, stop=918324, strand=+, pfam-id=PF12706.11, length=181, aa-start=46, aa-stop=202, aa-cov=0.7, hmm-cov=0.9, evalue=4.6e-12, bitscore=40.7, name=Lactamase_B_2
14:03:21.168 - INFO - CDS - pfam detected: contig=contig_1, start=291746, stop=296026, strand=-, pfam-id=PF02210.28, length=78, aa-start=1001, aa-stop=1076, aa-cov=0.1, hmm-cov=0.9, evalue=1.0e-09, bitscore=33.7, name=Laminin_G_2
14:03:21.168 - INFO - CDS - pfam detected: contig=contig_1, start=291746, stop=296026, strand=-, pfam-id=PF13385.10, length=180, aa-start=910, aa-stop=1087, aa-cov=0.1, hmm-cov=0.8, evalue=2.5e-23, bitscore=77.7, name=Laminin_G_3
14:03:21.239 - INFO - CDS - pfam detected: contig=contig_1, start=918343, stop=919230, strand=+, pfam-id=PF14297.10, length=74, aa-start=11, aa-stop=84, aa-cov=0.3, hmm-cov=1.0, evalue=5.1e-14, bitscore=47.6, name=Lin1244_N
14:03:21.248 - INFO - CDS - pfam detected: contig=contig_77, start=164311, stop=164883, strand=-, pfam-id=PF13472.10, length=182, aa-start=5, aa-stop=174, aa-cov=0.9, hmm-cov=1.0, evalue=1.5e-20, bitscore=69.2, name=Lipase_GDSL_2
14:03:21.264 - INFO - CDS - pfam detected: contig=contig_1, start=1095804, stop=1096235, strand=+, pfam-id=PF01451.25, length=139, aa-start=6, aa-stop=123, aa-cov=0.8, hmm-cov=1.0, evalue=9.4e-16, bitscore=53.2, name=LMWPc
14:03:21.325 - INFO - CDS - pfam detected: contig=contig_77, start=630662, stop=632098, strand=+, pfam-id=PF00206.24, length=219, aa-start=91, aa-stop=305, aa-cov=0.4, hmm-cov=1.0, evalue=2.0e-23, bitscore=78.0, name=Lyase_1
14:03:21.398 - INFO - CDS - pfam detected: contig=contig_77, start=184686, stop=185144, strand=+, pfam-id=PF01047.26, length=52, aa-start=39, aa-stop=88, aa-cov=0.3, hmm-cov=1.0, evalue=6.2e-12, bitscore=40.0, name=MarR
14:03:21.398 - INFO - CDS - pfam detected: contig=contig_157, start=77407, stop=77877, strand=-, pfam-id=PF01047.26, length=58, aa-start=38, aa-stop=95, aa-cov=0.4, hmm-cov=1.0, evalue=2.3e-11, bitscore=38.2, name=MarR
14:03:21.502 - INFO - CDS - pfam detected: contig=contig_77, start=250095, stop=250577, strand=-, pfam-id=PF00149.32, length=137, aa-start=27, aa-stop=152, aa-cov=0.8, hmm-cov=0.9, evalue=6.4e-09, bitscore=31.2, name=Metallophos
14:03:21.508 - INFO - CDS - pfam detected: contig=contig_77, start=122494, stop=123246, strand=+, pfam-id=PF08241.16, length=100, aa-start=42, aa-stop=140, aa-cov=0.4, hmm-cov=0.9, evalue=4.6e-15, bitscore=50.8, name=Methyltransf_11
14:03:21.509 - INFO - CDS - pfam detected: contig=contig_77, start=122494, stop=123246, strand=+, pfam-id=PF08242.16, length=102, aa-start=42, aa-stop=138, aa-cov=0.4, hmm-cov=1.0, evalue=8.1e-13, bitscore=43.7, name=Methyltransf_12
14:03:21.513 - INFO - CDS - pfam detected: contig=contig_77, start=122494, stop=123246, strand=+, pfam-id=PF13489.10, length=131, aa-start=22, aa-stop=146, aa-cov=0.5, hmm-cov=0.9, evalue=3.0e-13, bitscore=44.5, name=Methyltransf_23
14:03:21.514 - INFO - CDS - pfam detected: contig=contig_77, start=122494, stop=123246, strand=+, pfam-id=PF13649.10, length=99, aa-start=41, aa-stop=136, aa-cov=0.4, hmm-cov=1.0, evalue=2.0e-20, bitscore=68.1, name=Methyltransf_25
14:03:21.516 - INFO - CDS - pfam detected: contig=contig_77, start=122494, stop=123246, strand=+, pfam-id=PF13847.10, length=115, aa-start=40, aa-stop=143, aa-cov=0.4, hmm-cov=0.9, evalue=6.3e-12, bitscore=40.2, name=Methyltransf_31
14:03:21.546 - INFO - CDS - pfam detected: contig=contig_1, start=1148898, stop=1150904, strand=+, pfam-id=PF01078.25, length=38, aa-start=343, aa-stop=380, aa-cov=0.1, hmm-cov=0.9, evalue=2.3e-08, bitscore=28.4, name=Mg_chelatase
14:03:21.609 - INFO - CDS - pfam detected: contig=contig_1, start=250698, stop=251843, strand=-, pfam-id=PF00994.28, length=152, aa-start=162, aa-stop=301, aa-cov=0.4, hmm-cov=0.9, evalue=8.9e-26, bitscore=85.1, name=MoCF_biosynth
14:03:21.655 - INFO - CDS - pfam detected: contig=contig_1, start=9925, stop=11127, strand=-, pfam-id=PF13378.10, length=233, aa-start=150, aa-stop=379, aa-cov=0.6, hmm-cov=0.9, evalue=5.8e-54, bitscore=177.8, name=MR_MLE_C
14:03:21.655 - INFO - CDS - pfam detected: contig=contig_1, start=9925, stop=11127, strand=-, pfam-id=PF02746.20, length=95, aa-start=24, aa-stop=118, aa-cov=0.2, hmm-cov=0.9, evalue=8.5e-17, bitscore=56.2, name=MR_MLE_N
14:03:21.833 - INFO - CDS - pfam detected: contig=contig_1, start=215678, stop=216697, strand=+, pfam-id=PF03102.18, length=181, aa-start=158, aa-stop=335, aa-cov=0.5, hmm-cov=0.9, evalue=1.0e-08, bitscore=29.7, name=NeuB
14:03:21.934 - INFO - CDS - pfam detected: contig=contig_1, start=67205, stop=67783, strand=-, pfam-id=PF12804.11, length=158, aa-start=8, aa-stop=165, aa-cov=0.8, hmm-cov=1.0, evalue=2.4e-39, bitscore=129.8, name=NTP_transf_3
14:03:22.138 - INFO - CDS - pfam detected: contig=contig_1, start=276820, stop=280737, strand=-, pfam-id=PF00989.29, length=95, aa-start=278, aa-stop=369, aa-cov=0.1, hmm-cov=0.9, evalue=1.1e-16, bitscore=55.6, name=PAS
14:03:22.138 - INFO - CDS - pfam detected: contig=contig_77, start=156612, stop=160214, strand=-, pfam-id=PF00989.29, length=101, aa-start=168, aa-stop=264, aa-cov=0.1, hmm-cov=0.9, evalue=3.6e-09, bitscore=31.4, name=PAS
14:03:22.142 - INFO - CDS - pfam detected: contig=contig_77, start=156612, stop=160214, strand=-, pfam-id=PF08447.16, length=86, aa-start=175, aa-stop=259, aa-cov=0.1, hmm-cov=1.0, evalue=3.2e-30, bitscore=99.0, name=PAS_3
14:03:22.142 - INFO - CDS - pfam detected: contig=contig_1, start=276820, stop=280737, strand=-, pfam-id=PF08447.16, length=86, aa-start=278, aa-stop=363, aa-cov=0.1, hmm-cov=1.0, evalue=1.0e-28, bitscore=94.3, name=PAS_3
14:03:22.142 - INFO - CDS - pfam detected: contig=contig_77, start=465823, stop=469713, strand=+, pfam-id=PF08447.16, length=83, aa-start=144, aa-stop=225, aa-cov=0.1, hmm-cov=1.0, evalue=8.4e-14, bitscore=46.4, name=PAS_3
14:03:22.143 - INFO - CDS - pfam detected: contig=contig_1, start=276820, stop=280737, strand=-, pfam-id=PF08448.14, length=65, aa-start=439, aa-stop=503, aa-cov=0.0, hmm-cov=1.0, evalue=9.6e-15, bitscore=49.6, name=PAS_4
14:03:22.143 - INFO - CDS - pfam detected: contig=contig_77, start=465823, stop=469713, strand=+, pfam-id=PF08448.14, length=69, aa-start=426, aa-stop=494, aa-cov=0.1, hmm-cov=1.0, evalue=3.5e-10, bitscore=34.9, name=PAS_4
14:03:22.143 - INFO - CDS - pfam detected: contig=contig_77, start=156612, stop=160214, strand=-, pfam-id=PF08448.14, length=111, aa-start=289, aa-stop=398, aa-cov=0.1, hmm-cov=0.9, evalue=1.3e-07, bitscore=26.6, name=PAS_4
14:03:22.143 - INFO - CDS - pfam detected: contig=contig_1, start=1148898, stop=1150904, strand=+, pfam-id=PF08448.14, length=44, aa-start=226, aa-stop=269, aa-cov=0.1, hmm-cov=1.0, evalue=2.8e-07, bitscore=25.5, name=PAS_4
14:03:22.146 - INFO - CDS - pfam detected: contig=contig_1, start=276820, stop=280737, strand=-, pfam-id=PF13188.11, length=50, aa-start=134, aa-stop=183, aa-cov=0.0, hmm-cov=0.9, evalue=2.9e-08, bitscore=28.2, name=PAS_8
14:03:22.147 - INFO - CDS - pfam detected: contig=contig_1, start=276820, stop=280737, strand=-, pfam-id=PF13426.11, length=97, aa-start=151, aa-stop=239, aa-cov=0.1, hmm-cov=1.0, evalue=9.9e-23, bitscore=75.2, name=PAS_9
14:03:22.147 - INFO - CDS - pfam detected: contig=contig_77, start=156612, stop=160214, strand=-, pfam-id=PF13426.11, length=103, aa-start=166, aa-stop=265, aa-cov=0.1, hmm-cov=0.9, evalue=6.0e-19, bitscore=63.0, name=PAS_9
14:03:22.147 - INFO - CDS - pfam detected: contig=contig_77, start=465823, stop=469713, strand=+, pfam-id=PF13426.11, length=98, aa-start=142, aa-stop=234, aa-cov=0.1, hmm-cov=0.9, evalue=2.4e-12, bitscore=41.8, name=PAS_9
14:03:22.221 - INFO - CDS - pfam detected: contig=contig_343, start=79680, stop=80327, strand=+, pfam-id=PF13180.10, length=77, aa-start=88, aa-stop=163, aa-cov=0.4, hmm-cov=1.0, evalue=5.5e-13, bitscore=43.9, name=PDZ_2
14:03:22.228 - INFO - CDS - pfam detected: contig=contig_343, start=79680, stop=80327, strand=+, pfam-id=PF17820.5, length=52, aa-start=105, aa-stop=156, aa-cov=0.2, hmm-cov=1.0, evalue=1.4e-12, bitscore=42.0, name=PDZ_6
14:03:22.253 - INFO - CDS - pfam detected: contig=contig_1, start=142672, stop=145305, strand=+, pfam-id=PF00391.27, length=82, aa-start=423, aa-stop=504, aa-cov=0.1, hmm-cov=0.9, evalue=7.3e-25, bitscore=81.3, name=PEP-utilizers
14:03:22.254 - INFO - CDS - pfam detected: contig=contig_1, start=142672, stop=145305, strand=+, pfam-id=PF02896.22, length=354, aa-start=520, aa-stop=870, aa-cov=0.4, hmm-cov=0.8, evalue=5.4e-83, bitscore=273.2, name=PEP-utilizers_C
14:03:22.302 - INFO - CDS - pfam detected: contig=contig_77, start=83574, stop=86201, strand=+, pfam-id=PF05569.15, length=314, aa-start=8, aa-stop=302, aa-cov=0.3, hmm-cov=0.9, evalue=1.5e-36, bitscore=120.7, name=Peptidase_M56
14:03:22.321 - INFO - CDS - pfam detected: contig=contig_116, start=96377, stop=98878, strand=+, pfam-id=PF00326.25, length=213, aa-start=273, aa-stop=475, aa-cov=0.2, hmm-cov=0.9, evalue=6.4e-14, bitscore=46.6, name=Peptidase_S9
14:03:22.334 - INFO - CDS - pfam detected: contig=contig_116, start=232996, stop=234039, strand=+, pfam-id=PF00532.25, length=148, aa-start=72, aa-stop=217, aa-cov=0.4, hmm-cov=1.0, evalue=1.0e-19, bitscore=65.7, name=Peripla_BP_1
14:03:22.336 - INFO - CDS - pfam detected: contig=contig_116, start=232996, stop=234039, strand=+, pfam-id=PF13377.10, length=174, aa-start=179, aa-stop=344, aa-cov=0.5, hmm-cov=1.0, evalue=1.5e-19, bitscore=65.5, name=Peripla_BP_3
14:03:22.352 - INFO - CDS - pfam detected: contig=contig_116, start=242474, stop=243433, strand=+, pfam-id=PF00294.28, length=301, aa-start=11, aa-stop=303, aa-cov=0.9, hmm-cov=1.0, evalue=6.0e-64, bitscore=210.9, name=PfkB
14:03:22.601 - INFO - CDS - pfam detected: contig=contig_1, start=717970, stop=718200, strand=-, pfam-id=PF00550.29, length=67, aa-start=4, aa-stop=68, aa-cov=0.9, hmm-cov=1.0, evalue=3.2e-13, bitscore=44.5, name=PP-binding
14:03:22.830 - INFO - CDS - pfam detected: contig=contig_343, start=72827, stop=73369, strand=+, pfam-id=PF08534.14, length=137, aa-start=32, aa-stop=158, aa-cov=0.7, hmm-cov=0.9, evalue=3.1e-10, bitscore=34.8, name=Redoxin
14:03:22.853 - INFO - CDS - pfam detected: contig=contig_1, start=276820, stop=280737, strand=-, pfam-id=PF00072.28, length=117, aa-start=1180, aa-stop=1296, aa-cov=0.1, hmm-cov=0.9, evalue=1.1e-49, bitscore=162.0, name=Response_reg
14:03:22.853 - INFO - CDS - pfam detected: contig=contig_77, start=465823, stop=469713, strand=+, pfam-id=PF00072.28, length=117, aa-start=1174, aa-stop=1290, aa-cov=0.1, hmm-cov=0.9, evalue=1.1e-44, bitscore=145.9, name=Response_reg
14:03:22.853 - INFO - CDS - pfam detected: contig=contig_1, start=410848, stop=413112, strand=-, pfam-id=PF00072.28, length=112, aa-start=201, aa-stop=311, aa-cov=0.1, hmm-cov=1.0, evalue=8.8e-25, bitscore=81.8, name=Response_reg
14:03:22.853 - INFO - CDS - pfam detected: contig=contig_77, start=156612, stop=160214, strand=-, pfam-id=PF00072.28, length=117, aa-start=1071, aa-stop=1187, aa-cov=0.1, hmm-cov=0.9, evalue=4.6e-24, bitscore=79.5, name=Response_reg
14:03:22.853 - INFO - CDS - pfam detected: contig=contig_1, start=125824, stop=126513, strand=+, pfam-id=PF00072.28, length=112, aa-start=6, aa-stop=117, aa-cov=0.5, hmm-cov=1.0, evalue=1.2e-23, bitscore=78.2, name=Response_reg
14:03:22.854 - INFO - CDS - pfam detected: contig=contig_77, start=12336, stop=13073, strand=-, pfam-id=PF00072.28, length=81, aa-start=117, aa-stop=197, aa-cov=0.3, hmm-cov=0.9, evalue=2.2e-13, bitscore=45.1, name=Response_reg
14:03:22.907 - INFO - CDS - pfam detected: contig=contig_1, start=430210, stop=430794, strand=+, pfam-id=PF01386.23, length=87, aa-start=4, aa-stop=89, aa-cov=0.4, hmm-cov=0.9, evalue=2.1e-17, bitscore=58.1, name=Ribosomal_L25p
14:03:22.923 - INFO - CDS - pfam detected: contig=contig_1, start=232248, stop=232649, strand=+, pfam-id=PF00410.23, length=129, aa-start=5, aa-stop=133, aa-cov=1.0, hmm-cov=1.0, evalue=1.4e-54, bitscore=178.2, name=Ribosomal_S8
14:03:22.924 - INFO - CDS - pfam detected: contig=contig_1, start=430210, stop=430794, strand=+, pfam-id=PF14693.10, length=66, aa-start=111, aa-stop=176, aa-cov=0.3, hmm-cov=1.0, evalue=1.4e-10, bitscore=36.2, name=Ribosomal_TL5_C
14:03:23.022 - INFO - CDS - pfam detected: contig=contig_342, start=148410, stop=149753, strand=+, pfam-id=PF13616.10, length=76, aa-start=373, aa-stop=448, aa-cov=0.2, hmm-cov=0.8, evalue=2.7e-06, bitscore=22.7, name=Rotamase_3
14:03:23.107 - INFO - CDS - pfam detected: contig=contig_77, start=580300, stop=581052, strand=+, pfam-id=PF10370.13, length=50, aa-start=1, aa-stop=50, aa-cov=0.2, hmm-cov=1.0, evalue=1.7e-12, bitscore=42.8, name=Rv2993c-like_N
14:03:23.108 - INFO - CDS - pfam detected: contig=contig_116, start=49745, stop=50617, strand=+, pfam-id=PF10370.13, length=74, aa-start=1, aa-stop=73, aa-cov=0.3, hmm-cov=0.7, evalue=6.5e-07, bitscore=24.9, name=Rv2993c-like_N
14:03:23.132 - INFO - CDS - pfam detected: contig=contig_116, start=48260, stop=48547, strand=+, pfam-id=PF08666.16, length=76, aa-start=11, aa-stop=85, aa-cov=0.8, hmm-cov=0.8, evalue=5.6e-12, bitscore=40.8, name=SAF
14:03:23.250 - INFO - CDS - pfam detected: contig=contig_1, start=712549, stop=714408, strand=+, pfam-id=PF09106.15, length=29, aa-start=440, aa-stop=468, aa-cov=0.0, hmm-cov=1.0, evalue=2.2e-08, bitscore=28.9, name=SelB-wing_2
14:03:23.251 - INFO - CDS - pfam detected: contig=contig_1, start=712549, stop=714408, strand=+, pfam-id=PF09107.15, length=45, aa-start=571, aa-stop=615, aa-cov=0.1, hmm-cov=1.0, evalue=3.0e-16, bitscore=53.5, name=SelB-wing_3
14:03:23.263 - INFO - CDS - pfam detected: contig=contig_1, start=183377, stop=184570, strand=-, pfam-id=PF00079.24, length=363, aa-start=59, aa-stop=394, aa-cov=0.8, hmm-cov=1.0, evalue=3.6e-57, bitscore=188.9, name=Serpin
14:03:23.311 - INFO - CDS - pfam detected: contig=contig_1, start=86504, stop=86788, strand=-, pfam-id=PF09851.13, length=28, aa-start=63, aa-stop=90, aa-cov=0.3, hmm-cov=1.0, evalue=5.6e-08, bitscore=27.1, name=SHOCT
14:03:23.332 - INFO - CDS - pfam detected: contig=contig_1, start=1148898, stop=1150904, strand=+, pfam-id=PF00158.30, length=168, aa-start=337, aa-stop=504, aa-cov=0.3, hmm-cov=1.0, evalue=3.9e-72, bitscore=236.1, name=Sigma54_activat
14:03:23.332 - INFO - CDS - pfam detected: contig=contig_1, start=636147, stop=637820, strand=+, pfam-id=PF00158.30, length=158, aa-start=283, aa-stop=426, aa-cov=0.3, hmm-cov=1.0, evalue=4.5e-24, bitscore=79.7, name=Sigma54_activat
14:03:23.333 - INFO - CDS - pfam detected: contig=contig_1, start=1148898, stop=1150904, strand=+, pfam-id=PF14532.10, length=158, aa-start=352, aa-stop=509, aa-cov=0.2, hmm-cov=0.8, evalue=1.4e-21, bitscore=71.9, name=Sigma54_activ_2
14:03:23.333 - INFO - CDS - pfam detected: contig=contig_1, start=636147, stop=637820, strand=+, pfam-id=PF14532.10, length=143, aa-start=290, aa-stop=431, aa-cov=0.3, hmm-cov=0.9, evalue=5.0e-15, bitscore=50.7, name=Sigma54_activ_2
14:03:23.338 - INFO - CDS - pfam detected: contig=contig_157, start=146823, stop=147059, strand=+, pfam-id=PF04542.18, length=41, aa-start=22, aa-stop=62, aa-cov=0.5, hmm-cov=1.0, evalue=3.2e-09, bitscore=31.3, name=Sigma70_r2
14:03:23.340 - INFO - CDS - pfam detected: contig=contig_157, start=147059, stop=147373, strand=+, pfam-id=PF08281.16, length=50, aa-start=38, aa-stop=87, aa-cov=0.5, hmm-cov=1.0, evalue=1.7e-08, bitscore=28.8, name=Sigma70_r4_2
14:03:23.381 - INFO - CDS - pfam detected: contig=contig_77, start=248726, stop=249442, strand=-, pfam-id=PF00395.24, length=43, aa-start=121, aa-stop=162, aa-cov=0.2, hmm-cov=1.0, evalue=4.1e-28, bitscore=91.9, name=SLH
14:03:23.381 - INFO - CDS - pfam detected: contig=contig_1, start=943787, stop=947140, strand=-, pfam-id=PF00395.24, length=45, aa-start=146, aa-stop=189, aa-cov=0.0, hmm-cov=1.0, evalue=2.9e-26, bitscore=86.0, name=SLH
14:03:23.381 - INFO - CDS - pfam detected: contig=contig_1, start=246732, stop=249494, strand=-, pfam-id=PF00395.24, length=44, aa-start=29, aa-stop=71, aa-cov=0.0, hmm-cov=1.0, evalue=1.2e-23, bitscore=77.6, name=SLH
14:03:23.382 - INFO - CDS - pfam detected: contig=contig_1, start=242371, stop=245364, strand=+, pfam-id=PF00395.24, length=44, aa-start=94, aa-stop=135, aa-cov=0.0, hmm-cov=1.0, evalue=1.6e-23, bitscore=77.2, name=SLH
14:03:23.382 - INFO - CDS - pfam detected: contig=contig_343, start=2, stop=1264, strand=+, pfam-id=PF00395.24, length=45, aa-start=283, aa-stop=326, aa-cov=0.1, hmm-cov=1.0, evalue=2.8e-22, bitscore=73.2, name=SLH
14:03:23.382 - INFO - CDS - pfam detected: contig=contig_1, start=291746, stop=296026, strand=-, pfam-id=PF00395.24, length=43, aa-start=1315, aa-stop=1356, aa-cov=0.0, hmm-cov=1.0, evalue=9.5e-20, bitscore=65.1, name=SLH
14:03:23.382 - INFO - CDS - pfam detected: contig=contig_116, start=96377, stop=98878, strand=+, pfam-id=PF00395.24, length=33, aa-start=33, aa-stop=64, aa-cov=0.0, hmm-cov=1.0, evalue=1.3e-16, bitscore=55.1, name=SLH
14:03:23.382 - INFO - CDS - pfam detected: contig=contig_116, start=9460, stop=9699, strand=+, pfam-id=PF00395.24, length=44, aa-start=21, aa-stop=63, aa-cov=0.5, hmm-cov=1.0, evalue=7.5e-10, bitscore=33.4, name=SLH
14:03:23.382 - INFO - CDS - pfam detected: contig=contig_1, start=17692, stop=19827, strand=+, pfam-id=PF00395.24, length=42, aa-start=659, aa-stop=700, aa-cov=0.1, hmm-cov=1.0, evalue=6.7e-09, bitscore=30.4, name=SLH
14:03:23.395 - INFO - CDS - pfam detected: contig=contig_1, start=913926, stop=914453, strand=+, pfam-id=PF01464.24, length=98, aa-start=81, aa-stop=166, aa-cov=0.5, hmm-cov=1.0, evalue=4.7e-19, bitscore=62.9, name=SLT
14:03:23.423 - INFO - CDS - pfam detected: contig=contig_77, start=156612, stop=160214, strand=-, pfam-id=PF12680.11, length=105, aa-start=16, aa-stop=116, aa-cov=0.1, hmm-cov=0.9, evalue=6.7e-08, bitscore=27.9, name=SnoaL_2
14:03:23.424 - INFO - CDS - pfam detected: contig=contig_77, start=156612, stop=160214, strand=-, pfam-id=PF13474.10, length=120, aa-start=12, aa-stop=127, aa-cov=0.1, hmm-cov=1.0, evalue=1.8e-10, bitscore=35.9, name=SnoaL_3
14:03:23.452 - INFO - CDS - pfam detected: contig=contig_77, start=235303, stop=236496, strand=-, pfam-id=PF17802.5, length=62, aa-start=162, aa-stop=222, aa-cov=0.2, hmm-cov=1.0, evalue=4.8e-17, bitscore=56.6, name=SpaA
14:03:23.473 - INFO - CDS - pfam detected: contig=contig_1, start=125824, stop=126513, strand=+, pfam-id=PF08769.15, length=99, aa-start=130, aa-stop=222, aa-cov=0.4, hmm-cov=1.0, evalue=2.6e-12, bitscore=41.6, name=Spo0A_C
14:03:23.623 - INFO - CDS - pfam detected: contig=contig_116, start=361275, stop=362267, strand=+, pfam-id=PF00482.27, length=120, aa-start=17, aa-stop=134, aa-cov=0.4, hmm-cov=1.0, evalue=2.0e-36, bitscore=119.5, name=T2SSF
14:03:23.680 - INFO - CDS - pfam detected: contig=contig_1, start=200293, stop=201075, strand=-, pfam-id=PF01026.25, length=254, aa-start=4, aa-stop=254, aa-cov=1.0, hmm-cov=1.0, evalue=7.3e-78, bitscore=256.1, name=TatD_DNase
14:03:23.781 - INFO - CDS - pfam detected: contig=contig_77, start=248050, stop=248265, strand=+, pfam-id=PF00440.27, length=45, aa-start=14, aa-stop=58, aa-cov=0.6, hmm-cov=1.0, evalue=5.8e-13, bitscore=43.2, name=TetR_N
14:03:23.948 - INFO - CDS - pfam detected: contig=contig_1, start=1115138, stop=1116124, strand=+, pfam-id=PF04536.18, length=124, aa-start=33, aa-stop=156, aa-cov=0.4, hmm-cov=1.0, evalue=3.5e-32, bitscore=105.8, name=TPM_phosphatase
14:03:24.008 - INFO - CDS - pfam detected: contig=contig_77, start=496405, stop=497352, strand=+, pfam-id=PF02780.24, length=125, aa-start=183, aa-stop=303, aa-cov=0.4, hmm-cov=1.0, evalue=1.8e-39, bitscore=129.3, name=Transketolase_C
14:03:24.009 - INFO - CDS - pfam detected: contig=contig_77, start=496405, stop=497352, strand=+, pfam-id=PF02779.28, length=172, aa-start=4, aa-stop=168, aa-cov=0.5, hmm-cov=1.0, evalue=2.9e-47, bitscore=155.2, name=Transket_pyr
14:03:24.292 - INFO - CDS - pfam detected: contig=contig_77, start=615251, stop=615616, strand=+, pfam-id=PF09359.14, length=99, aa-start=18, aa-stop=114, aa-cov=0.8, hmm-cov=1.0, evalue=1.5e-12, bitscore=42.3, name=VTC
14:03:24.292 - INFO - CDS - pfam detected: contig=contig_77, start=614922, stop=615263, strand=+, pfam-id=PF09359.14, length=95, aa-start=12, aa-stop=101, aa-cov=0.8, hmm-cov=1.0, evalue=5.4e-11, bitscore=37.2, name=VTC
14:03:24.294 - INFO - CDS - pfam detected: contig=contig_116, start=20221, stop=23796, strand=+, pfam-id=PF00092.32, length=105, aa-start=502, aa-stop=604, aa-cov=0.1, hmm-cov=0.8, evalue=8.9e-10, bitscore=33.8, name=VWA
14:03:24.296 - INFO - CDS - pfam detected: contig=contig_116, start=20221, stop=23796, strand=+, pfam-id=PF13519.10, length=62, aa-start=498, aa-stop=558, aa-cov=0.1, hmm-cov=0.9, evalue=1.4e-13, bitscore=46.2, name=VWA_2
14:03:24.371 - INFO - CDS - pfam detected: contig=contig_77, start=480946, stop=481467, strand=+, pfam-id=PF14317.10, length=58, aa-start=100, aa-stop=156, aa-cov=0.3, hmm-cov=1.0, evalue=1.5e-10, bitscore=35.4, name=YcxB
14:03:24.445 - INFO - CDS - pfam detected: contig=contig_116, start=96377, stop=98878, strand=+, pfam-id=PF13350.10, length=227, aa-start=622, aa-stop=831, aa-cov=0.3, hmm-cov=1.0, evalue=6.7e-19, bitscore=63.5, name=Y_phosphatase3
14:03:24.454 - INFO - CDS - pfam detected: contig=contig_1, start=928745, stop=928912, strand=+, pfam-id=PF00096.30, length=24, aa-start=15, aa-stop=38, aa-cov=0.4, hmm-cov=1.0, evalue=3.2e-08, bitscore=28.5, name=zf-C2H2
14:03:24.486 - INFO - CDS - pfam detected: contig=contig_116, start=216901, stop=217692, strand=-, pfam-id=PF13490.10, length=35, aa-start=4, aa-stop=38, aa-cov=0.1, hmm-cov=1.0, evalue=2.3e-15, bitscore=51.2, name=zf-HC2
14:03:24.534 - INFO - CDS - pfam detected: contig=contig_1, start=647493, stop=647873, strand=-, pfam-id=PF06262.15, length=54, aa-start=58, aa-stop=111, aa-cov=0.4, hmm-cov=0.9, evalue=2.0e-06, bitscore=22.5, name=Zincin_1
14:03:24.534 - INFO - CDS - pfam detected: contig=contig_77, start=6448, stop=6783, strand=-, pfam-id=PF13408.10, length=67, aa-start=38, aa-stop=104, aa-cov=0.6, hmm-cov=0.8, evalue=1.0e-10, bitscore=36.7, name=Zn_ribbon_recom
14:03:24.537 - INFO - CDS - predicted-pfams=222, CDS-w/-pfams=119
14:03:26.418 - INFO - S_ORF - predicted=24081
14:03:29.020 - INFO - S_ORF - sORF filter: # valid=3798, # discarded=20283
14:03:29.306 - INFO - ORF - discarded=0
14:03:54.599 - INFO - UPS - looked-up=0
14:03:54.603 - INFO - IPS - looked-up=0
14:03:54.603 - INFO - ORF - write internal aa seqs: # seqs=3798, path=/tmp/slurm-687208/tmp9pf2gfza/sorf.faa
14:03:54.871 - INFO - S_ORF - found=0
14:03:54.872 - INFO - PSC - looked-up=0
14:03:54.873 - INFO - PSCC - looked-up=0
14:03:56.024 - INFO - ORI - predicted=0
14:03:56.251 - INFO - ORI - predicted=0
14:03:56.252 - INFO - ANNOTATION - overlap: tRNA (tRNA-Xxx) [431975, 432159] overlapping with tmRNA (transfer-messenger RNA, SsrA) [431975, 432320] at [431975,432159] on contig=contig_1
14:03:56.258 - INFO - ANNOTATION - overlap: CDS (None/hypothetical protein) [25444, 25998] overlapping tRNA (trnfM) [25977, 26053], [25977,25998], contig=contig_116
14:03:56.263 - INFO - UTILS - generated sequence tag prefix: prefix=EMDHBNOLHI, length=10, MD5=E6D1B78512C5B81B4CDB2D14ED5BCDC9
14:03:56.264 - INFO - MAIN - selected features=2623
14:03:56.268 - INFO - UTILS - generated sequence tag prefix: prefix=EMDHBN, length=6, MD5=E6D1B78512C5B81B4CDB2D14ED5BCDC9
14:03:56.268 - INFO - MAIN - locus tag prefix=EMDHBN
14:03:56.272 - INFO - UTILS - genome-size=2617187
14:03:56.288 - INFO - UTILS - GC=0.595
14:03:56.288 - INFO - UTILS - N=0.000
14:03:56.288 - INFO - UTILS - N50=641782
14:03:56.288 - INFO - UTILS - coding-ratio=0.886
14:03:56.291 - INFO - TSV - write tsv: path=/mount/britton/Jose/Jobs/Jason/2026-05-19-BAKTA-Annotation-Pseudo-Strain/workflow-output/bakta/Pseudo/Pseudo.tsv
14:03:56.299 - INFO - GFF - write GFF3: path=/mount/britton/Jose/Jobs/Jason/2026-05-19-BAKTA-Annotation-Pseudo-Strain/workflow-output/bakta/Pseudo/Pseudo.gff3
14:03:56.449 - INFO - INSDC - write GenBank: path=/mount/britton/Jose/Jobs/Jason/2026-05-19-BAKTA-Annotation-Pseudo-Strain/workflow-output/bakta/Pseudo/Pseudo.gbff
14:03:56.662 - INFO - INSDC - write EMBL: path=/mount/britton/Jose/Jobs/Jason/2026-05-19-BAKTA-Annotation-Pseudo-Strain/workflow-output/bakta/Pseudo/Pseudo.embl
14:03:56.937 - INFO - FASTA - write genome sequences: path=/mount/britton/Jose/Jobs/Jason/2026-05-19-BAKTA-Annotation-Pseudo-Strain/workflow-output/bakta/Pseudo/Pseudo.fna, description=True, wrap=True
14:03:56.964 - INFO - FASTA - write feature nucleotide sequences: path=/mount/britton/Jose/Jobs/Jason/2026-05-19-BAKTA-Annotation-Pseudo-Strain/workflow-output/bakta/Pseudo/Pseudo.ffn
14:03:56.976 - INFO - FASTA - write translated CDS/sORF: path=/mount/britton/Jose/Jobs/Jason/2026-05-19-BAKTA-Annotation-Pseudo-Strain/workflow-output/bakta/Pseudo/Pseudo.faa
14:03:57.249 - INFO - PLOT - write circular genome plot: file-name=Pseudo, output-dir=/mount/britton/Jose/Jobs/Jason/2026-05-19-BAKTA-Annotation-Pseudo-Strain/workflow-output/bakta/Pseudo
14:04:11.487 - INFO - TSV - write hypothetical tsv: path=/mount/britton/Jose/Jobs/Jason/2026-05-19-BAKTA-Annotation-Pseudo-Strain/workflow-output/bakta/Pseudo/Pseudo.hypotheticals.tsv
14:04:11.490 - INFO - FASTA - write translated CDS/sORF: path=/mount/britton/Jose/Jobs/Jason/2026-05-19-BAKTA-Annotation-Pseudo-Strain/workflow-output/bakta/Pseudo/Pseudo.hypotheticals.faa
14:04:11.513 - INFO - JSON - write JSON: path=/mount/britton/Jose/Jobs/Jason/2026-05-19-BAKTA-Annotation-Pseudo-Strain/workflow-output/bakta/Pseudo/Pseudo.json
14:04:11.684 - INFO - MAIN - removed tmp dir: /tmp/slurm-687208/tmp9pf2gfza
