13:26:41.471 - INFO - UTILS - version=1.9.3
13:26:41.471 - INFO - UTILS - developer: Oliver Schwengers, github.com/oschwengers
13:26:41.471 - INFO - UTILS - command: /mount/britton/Jose/conda-envs/bakta_env/bin/bakta --db /mount/britton/leap/dbs/bakta/db --output /mount/britton/Jose/Jobs/Jason/2026-05-19-BAKTA-Annotation-Pseudo-Strain/workflow-output/bakta/GCF_014287895.1_ASM1428789v1_genomic --force GCF_014287895.1_ASM1428789v1_genomic.fasta
13:26:41.471 - INFO - UTILS - local time: 2026-05-24 13:26:41
13:26:41.523 - INFO - UTILS - machine: type=, cores=64
13:26:41.523 - INFO - UTILS - system: type=Linux, release=3.10.0-1160.119.1.el7.x86_64
13:26:41.523 - INFO - UTILS - python: version=3.10.6, implementation=CPython
13:26:41.523 - INFO - CONFIG - threads=2
13:26:41.523 - INFO - CONFIG - verbose=False
13:26:41.523 - INFO - CONFIG - debug=False
13:26:41.596 - INFO - CONFIG - database: type=parameter, path=/mount/britton/leap/dbs/bakta/db
13:26:41.596 - INFO - CONFIG - tmp-path=/tmp/slurm-687207/tmp6953v1_h
13:26:41.597 - INFO - CONFIG - genome-path=/mount/britton/Jose/Jobs/Jason/2026-05-19-BAKTA-Annotation-Pseudo-Strain/data/GCF_014287895.1_ASM1428789v1_genomic.fasta
13:26:41.597 - INFO - CONFIG - min_contig_length=1
13:26:41.597 - INFO - CONFIG - prefix=GCF_014287895.1_ASM1428789v1_genomic
13:26:41.597 - INFO - CONFIG - output-path=/mount/britton/Jose/Jobs/Jason/2026-05-19-BAKTA-Annotation-Pseudo-Strain/workflow-output/bakta/GCF_014287895.1_ASM1428789v1_genomic
13:26:41.597 - INFO - CONFIG - force=True
13:26:41.597 - INFO - CONFIG - genus=None
13:26:41.597 - INFO - CONFIG - species=None
13:26:41.597 - INFO - CONFIG - strain=None
13:26:41.597 - INFO - CONFIG - plasmid=None
13:26:41.597 - INFO - CONFIG - complete=False
13:26:41.597 - INFO - CONFIG - prodigal_tf=None
13:26:41.597 - INFO - CONFIG - translation_table=11
13:26:41.598 - INFO - CONFIG - gram=?
13:26:41.598 - INFO - CONFIG - compliant=False
13:26:41.598 - INFO - CONFIG - meta=False
13:26:41.598 - INFO - CONFIG - locus=None
13:26:41.598 - INFO - CONFIG - locus-tag=None
13:26:41.598 - INFO - CONFIG - keep_contig_headers=False
13:26:41.598 - INFO - CONFIG - replicon-table=None
13:26:41.598 - INFO - CONFIG - regions=None
13:26:41.598 - INFO - CONFIG - skip-tRNA=False
13:26:41.598 - INFO - CONFIG - skip-tmRNA=False
13:26:41.598 - INFO - CONFIG - skip-rRNA=False
13:26:41.598 - INFO - CONFIG - skip-ncRNA=False
13:26:41.598 - INFO - CONFIG - skip-ncRNA-region=False
13:26:41.598 - INFO - CONFIG - skip-CRISPR=False
13:26:41.598 - INFO - CONFIG - skip-CDS=False
13:26:41.598 - INFO - CONFIG - skip-pseudo=False
13:26:41.598 - INFO - CONFIG - skip-sORF=False
13:26:41.598 - INFO - CONFIG - skip-gap=False
13:26:41.598 - INFO - CONFIG - skip-ori=False
13:26:41.598 - INFO - CONFIG - skip-plot=False
13:26:41.653 - INFO - DB - detected: major=5, minor=1, type=full, date=2024-01-19
13:26:43.332 - INFO - UTILS - dependency: tool=tRNAscan-SE, version=v2.0.12, path=/mount/britton/Jose/conda-envs/bakta_env/bin/tRNAscan-SE
13:26:43.366 - INFO - UTILS - dependency: tool=Aragorn, version=v1.2.41, path=/mount/britton/Jose/conda-envs/bakta_env/bin/aragorn
13:26:43.426 - INFO - UTILS - dependency: tool=CMscan, version=v1.1.5, path=/mount/britton/Jose/conda-envs/bakta_env/bin/cmscan
13:26:43.462 - INFO - UTILS - dependency: tool=PilerCR, version=v1.6.0, path=/mount/britton/Jose/conda-envs/bakta_env/bin/pilercr
13:26:44.095 - INFO - UTILS - dependency: tool=Pyrodigal, version=v3.4.1, path=/mount/britton/Jose/conda-envs/bakta_env/bin/pyrodigal
13:26:44.147 - INFO - UTILS - dependency: tool=AMRFinderPlus, version=v3.12.8, path=/mount/britton/Jose/conda-envs/bakta_env/bin/amrfinder
13:26:44.393 - INFO - UTILS - dependency: tool=Pyhmmer, version=v0.10.12, path=/share/apps/anaconda3/2023.03-1/bin/python
13:26:44.503 - INFO - UTILS - dependency: tool=Diamond, version=v2.1.8, path=/mount/britton/Jose/conda-envs/bakta_env/bin/diamond
13:26:46.994 - INFO - UTILS - dependency: tool=Blastn, version=v2.15.0, path=/mount/britton/Jose/conda-envs/bakta_env/bin/blastn
13:26:50.188 - INFO - UTILS - dependency: tool=Circos, version=v0.69.8, path=/mount/britton/Jose/conda-envs/bakta_env/bin/circos
13:26:50.362 - INFO - FASTA - imported: id=NZ_JACOPP010000001.1, length=371474, description=Lawsonibacter hominis strain NSJ-51 H10_ctg001, whole genome shotgun sequence, genomic=True, dna=True
13:26:50.368 - INFO - FASTA - imported: id=NZ_JACOPP010000002.1, length=254748, description=Lawsonibacter hominis strain NSJ-51 H10_ctg002, whole genome shotgun sequence, genomic=True, dna=True
13:26:50.373 - INFO - FASTA - imported: id=NZ_JACOPP010000003.1, length=235562, description=Lawsonibacter hominis strain NSJ-51 H10_ctg003, whole genome shotgun sequence, genomic=True, dna=True
13:26:50.378 - INFO - FASTA - imported: id=NZ_JACOPP010000004.1, length=230775, description=Lawsonibacter hominis strain NSJ-51 H10_ctg004, whole genome shotgun sequence, genomic=True, dna=True
13:26:50.382 - INFO - FASTA - imported: id=NZ_JACOPP010000005.1, length=212590, description=Lawsonibacter hominis strain NSJ-51 H10_ctg005, whole genome shotgun sequence, genomic=True, dna=True
13:26:50.385 - INFO - FASTA - imported: id=NZ_JACOPP010000006.1, length=136807, description=Lawsonibacter hominis strain NSJ-51 H10_ctg006, whole genome shotgun sequence, genomic=True, dna=True
13:26:50.388 - INFO - FASTA - imported: id=NZ_JACOPP010000007.1, length=130767, description=Lawsonibacter hominis strain NSJ-51 H10_ctg007, whole genome shotgun sequence, genomic=True, dna=True
13:26:50.391 - INFO - FASTA - imported: id=NZ_JACOPP010000008.1, length=125514, description=Lawsonibacter hominis strain NSJ-51 H10_ctg008, whole genome shotgun sequence, genomic=True, dna=True
13:26:50.393 - INFO - FASTA - imported: id=NZ_JACOPP010000009.1, length=120007, description=Lawsonibacter hominis strain NSJ-51 H10_ctg009, whole genome shotgun sequence, genomic=True, dna=True
13:26:50.396 - INFO - FASTA - imported: id=NZ_JACOPP010000010.1, length=117553, description=Lawsonibacter hominis strain NSJ-51 H10_ctg010, whole genome shotgun sequence, genomic=True, dna=True
13:26:50.398 - INFO - FASTA - imported: id=NZ_JACOPP010000011.1, length=109065, description=Lawsonibacter hominis strain NSJ-51 H10_ctg011, whole genome shotgun sequence, genomic=True, dna=True
13:26:50.400 - INFO - FASTA - imported: id=NZ_JACOPP010000012.1, length=97016, description=Lawsonibacter hominis strain NSJ-51 H10_ctg012, whole genome shotgun sequence, genomic=True, dna=True
13:26:50.402 - INFO - FASTA - imported: id=NZ_JACOPP010000013.1, length=83281, description=Lawsonibacter hominis strain NSJ-51 H10_ctg013, whole genome shotgun sequence, genomic=True, dna=True
13:26:50.404 - INFO - FASTA - imported: id=NZ_JACOPP010000014.1, length=79762, description=Lawsonibacter hominis strain NSJ-51 H10_ctg014, whole genome shotgun sequence, genomic=True, dna=True
13:26:50.405 - INFO - FASTA - imported: id=NZ_JACOPP010000015.1, length=67781, description=Lawsonibacter hominis strain NSJ-51 H10_ctg015, whole genome shotgun sequence, genomic=True, dna=True
13:26:50.407 - INFO - FASTA - imported: id=NZ_JACOPP010000016.1, length=67620, description=Lawsonibacter hominis strain NSJ-51 H10_ctg016, whole genome shotgun sequence, genomic=True, dna=True
13:26:50.408 - INFO - FASTA - imported: id=NZ_JACOPP010000017.1, length=67369, description=Lawsonibacter hominis strain NSJ-51 H10_ctg017, whole genome shotgun sequence, genomic=True, dna=True
13:26:50.409 - INFO - FASTA - imported: id=NZ_JACOPP010000018.1, length=59974, description=Lawsonibacter hominis strain NSJ-51 H10_ctg018, whole genome shotgun sequence, genomic=True, dna=True
13:26:50.411 - INFO - FASTA - imported: id=NZ_JACOPP010000019.1, length=58698, description=Lawsonibacter hominis strain NSJ-51 H10_ctg019, whole genome shotgun sequence, genomic=True, dna=True
13:26:50.412 - INFO - FASTA - imported: id=NZ_JACOPP010000020.1, length=58697, description=Lawsonibacter hominis strain NSJ-51 H10_ctg020, whole genome shotgun sequence, genomic=True, dna=True
13:26:50.413 - INFO - FASTA - imported: id=NZ_JACOPP010000021.1, length=53286, description=Lawsonibacter hominis strain NSJ-51 H10_ctg021, whole genome shotgun sequence, genomic=True, dna=True
13:26:50.414 - INFO - FASTA - imported: id=NZ_JACOPP010000022.1, length=51650, description=Lawsonibacter hominis strain NSJ-51 H10_ctg022, whole genome shotgun sequence, genomic=True, dna=True
13:26:50.415 - INFO - FASTA - imported: id=NZ_JACOPP010000023.1, length=49048, description=Lawsonibacter hominis strain NSJ-51 H10_ctg023, whole genome shotgun sequence, genomic=True, dna=True
13:26:50.416 - INFO - FASTA - imported: id=NZ_JACOPP010000024.1, length=45126, description=Lawsonibacter hominis strain NSJ-51 H10_ctg024, whole genome shotgun sequence, genomic=True, dna=True
13:26:50.417 - INFO - FASTA - imported: id=NZ_JACOPP010000025.1, length=38688, description=Lawsonibacter hominis strain NSJ-51 H10_ctg025, whole genome shotgun sequence, genomic=True, dna=True
13:26:50.418 - INFO - FASTA - imported: id=NZ_JACOPP010000026.1, length=33762, description=Lawsonibacter hominis strain NSJ-51 H10_ctg026, whole genome shotgun sequence, genomic=True, dna=True
13:26:50.419 - INFO - FASTA - imported: id=NZ_JACOPP010000027.1, length=33733, description=Lawsonibacter hominis strain NSJ-51 H10_ctg027, whole genome shotgun sequence, genomic=True, dna=True
13:26:50.419 - INFO - FASTA - imported: id=NZ_JACOPP010000028.1, length=31768, description=Lawsonibacter hominis strain NSJ-51 H10_ctg028, whole genome shotgun sequence, genomic=True, dna=True
13:26:50.420 - INFO - FASTA - imported: id=NZ_JACOPP010000029.1, length=28601, description=Lawsonibacter hominis strain NSJ-51 H10_ctg029, whole genome shotgun sequence, genomic=True, dna=True
13:26:50.421 - INFO - FASTA - imported: id=NZ_JACOPP010000030.1, length=27605, description=Lawsonibacter hominis strain NSJ-51 H10_ctg030, whole genome shotgun sequence, genomic=True, dna=True
13:26:50.421 - INFO - FASTA - imported: id=NZ_JACOPP010000031.1, length=27596, description=Lawsonibacter hominis strain NSJ-51 H10_ctg031, whole genome shotgun sequence, genomic=True, dna=True
13:26:50.422 - INFO - FASTA - imported: id=NZ_JACOPP010000032.1, length=26756, description=Lawsonibacter hominis strain NSJ-51 H10_ctg032, whole genome shotgun sequence, genomic=True, dna=True
13:26:50.422 - INFO - FASTA - imported: id=NZ_JACOPP010000033.1, length=23803, description=Lawsonibacter hominis strain NSJ-51 H10_ctg033, whole genome shotgun sequence, genomic=True, dna=True
13:26:50.423 - INFO - FASTA - imported: id=NZ_JACOPP010000034.1, length=22922, description=Lawsonibacter hominis strain NSJ-51 H10_ctg034, whole genome shotgun sequence, genomic=True, dna=True
13:26:50.423 - INFO - FASTA - imported: id=NZ_JACOPP010000035.1, length=22430, description=Lawsonibacter hominis strain NSJ-51 H10_ctg035, whole genome shotgun sequence, genomic=True, dna=True
13:26:50.424 - INFO - FASTA - imported: id=NZ_JACOPP010000036.1, length=22039, description=Lawsonibacter hominis strain NSJ-51 H10_ctg036, whole genome shotgun sequence, genomic=True, dna=True
13:26:50.424 - INFO - FASTA - imported: id=NZ_JACOPP010000037.1, length=21276, description=Lawsonibacter hominis strain NSJ-51 H10_ctg037, whole genome shotgun sequence, genomic=True, dna=True
13:26:50.425 - INFO - FASTA - imported: id=NZ_JACOPP010000038.1, length=20692, description=Lawsonibacter hominis strain NSJ-51 H10_ctg038, whole genome shotgun sequence, genomic=True, dna=True
13:26:50.425 - INFO - FASTA - imported: id=NZ_JACOPP010000039.1, length=18972, description=Lawsonibacter hominis strain NSJ-51 H10_ctg039, whole genome shotgun sequence, genomic=True, dna=True
13:26:50.425 - INFO - FASTA - imported: id=NZ_JACOPP010000040.1, length=4731, description=Lawsonibacter hominis strain NSJ-51 H10_ctg040, whole genome shotgun sequence, genomic=True, dna=True
13:26:50.425 - INFO - FASTA - imported: id=NZ_JACOPP010000041.1, length=1427, description=Lawsonibacter hominis strain NSJ-51 H10_ctg041, whole genome shotgun sequence, genomic=True, dna=True
13:26:50.425 - INFO - FASTA - imported: id=NZ_JACOPP010000042.1, length=8469, description=Lawsonibacter hominis strain NSJ-51 H10_ctg042, whole genome shotgun sequence, genomic=True, dna=True
13:26:50.426 - INFO - FASTA - imported: id=NZ_JACOPP010000043.1, length=1295, description=Lawsonibacter hominis strain NSJ-51 H10_ctg043, whole genome shotgun sequence, genomic=True, dna=True
13:26:50.426 - INFO - FASTA - imported: id=NZ_JACOPP010000044.1, length=15742, description=Lawsonibacter hominis strain NSJ-51 H10_ctg044, whole genome shotgun sequence, genomic=True, dna=True
13:26:50.426 - INFO - FASTA - imported: id=NZ_JACOPP010000045.1, length=14450, description=Lawsonibacter hominis strain NSJ-51 H10_ctg045, whole genome shotgun sequence, genomic=True, dna=True
13:26:50.427 - INFO - FASTA - imported: id=NZ_JACOPP010000046.1, length=14223, description=Lawsonibacter hominis strain NSJ-51 H10_ctg046, whole genome shotgun sequence, genomic=True, dna=True
13:26:50.427 - INFO - FASTA - imported: id=NZ_JACOPP010000047.1, length=13300, description=Lawsonibacter hominis strain NSJ-51 H10_ctg047, whole genome shotgun sequence, genomic=True, dna=True
13:26:50.427 - INFO - FASTA - imported: id=NZ_JACOPP010000048.1, length=13064, description=Lawsonibacter hominis strain NSJ-51 H10_ctg048, whole genome shotgun sequence, genomic=True, dna=True
13:26:50.428 - INFO - FASTA - imported: id=NZ_JACOPP010000049.1, length=11893, description=Lawsonibacter hominis strain NSJ-51 H10_ctg049, whole genome shotgun sequence, genomic=True, dna=True
13:26:50.428 - INFO - FASTA - imported: id=NZ_JACOPP010000050.1, length=7059, description=Lawsonibacter hominis strain NSJ-51 H10_ctg050, whole genome shotgun sequence, genomic=True, dna=True
13:26:50.428 - INFO - FASTA - imported: id=NZ_JACOPP010000051.1, length=1354, description=Lawsonibacter hominis strain NSJ-51 H10_ctg051, whole genome shotgun sequence, genomic=True, dna=True
13:26:50.428 - INFO - FASTA - imported: id=NZ_JACOPP010000052.1, length=2328, description=Lawsonibacter hominis strain NSJ-51 H10_ctg052, whole genome shotgun sequence, genomic=True, dna=True
13:26:50.428 - INFO - FASTA - imported: id=NZ_JACOPP010000053.1, length=8989, description=Lawsonibacter hominis strain NSJ-51 H10_ctg053, whole genome shotgun sequence, genomic=True, dna=True
13:26:50.428 - INFO - FASTA - imported: id=NZ_JACOPP010000054.1, length=7427, description=Lawsonibacter hominis strain NSJ-51 H10_ctg054, whole genome shotgun sequence, genomic=True, dna=True
13:26:50.428 - INFO - FASTA - imported: id=NZ_JACOPP010000055.1, length=7126, description=Lawsonibacter hominis strain NSJ-51 H10_ctg055, whole genome shotgun sequence, genomic=True, dna=True
13:26:50.429 - INFO - FASTA - imported: id=NZ_JACOPP010000056.1, length=6835, description=Lawsonibacter hominis strain NSJ-51 H10_ctg056, whole genome shotgun sequence, genomic=True, dna=True
13:26:50.429 - INFO - FASTA - imported: id=NZ_JACOPP010000057.1, length=6237, description=Lawsonibacter hominis strain NSJ-51 H10_ctg057, whole genome shotgun sequence, genomic=True, dna=True
13:26:50.429 - INFO - FASTA - imported: id=NZ_JACOPP010000058.1, length=3667, description=Lawsonibacter hominis strain NSJ-51 H10_ctg058, whole genome shotgun sequence, genomic=True, dna=True
13:26:50.429 - INFO - FASTA - imported: id=NZ_JACOPP010000059.1, length=3540, description=Lawsonibacter hominis strain NSJ-51 H10_ctg059, whole genome shotgun sequence, genomic=True, dna=True
13:26:50.429 - INFO - FASTA - imported: id=NZ_JACOPP010000060.1, length=3471, description=Lawsonibacter hominis strain NSJ-51 H10_ctg060, whole genome shotgun sequence, genomic=True, dna=True
13:26:50.429 - INFO - FASTA - imported: id=NZ_JACOPP010000061.1, length=3095, description=Lawsonibacter hominis strain NSJ-51 H10_ctg061, whole genome shotgun sequence, genomic=True, dna=True
13:26:50.429 - INFO - FASTA - imported: id=NZ_JACOPP010000062.1, length=2858, description=Lawsonibacter hominis strain NSJ-51 H10_ctg062, whole genome shotgun sequence, genomic=True, dna=True
13:26:50.429 - INFO - FASTA - imported: id=NZ_JACOPP010000063.1, length=2837, description=Lawsonibacter hominis strain NSJ-51 H10_ctg063, whole genome shotgun sequence, genomic=True, dna=True
13:26:50.429 - INFO - FASTA - imported: id=NZ_JACOPP010000064.1, length=2791, description=Lawsonibacter hominis strain NSJ-51 H10_ctg064, whole genome shotgun sequence, genomic=True, dna=True
13:26:50.430 - INFO - FASTA - imported: id=NZ_JACOPP010000065.1, length=2683, description=Lawsonibacter hominis strain NSJ-51 H10_ctg065, whole genome shotgun sequence, genomic=True, dna=True
13:26:50.430 - INFO - FASTA - imported: id=NZ_JACOPP010000066.1, length=2398, description=Lawsonibacter hominis strain NSJ-51 H10_ctg066, whole genome shotgun sequence, genomic=True, dna=True
13:26:50.430 - INFO - FASTA - imported: id=NZ_JACOPP010000067.1, length=2113, description=Lawsonibacter hominis strain NSJ-51 H10_ctg067, whole genome shotgun sequence, genomic=True, dna=True
13:26:50.430 - INFO - FASTA - imported: id=NZ_JACOPP010000068.1, length=1954, description=Lawsonibacter hominis strain NSJ-51 H10_ctg069, whole genome shotgun sequence, genomic=True, dna=True
13:26:50.430 - INFO - FASTA - imported: id=NZ_JACOPP010000069.1, length=1745, description=Lawsonibacter hominis strain NSJ-51 H10_ctg071, whole genome shotgun sequence, genomic=True, dna=True
13:26:50.430 - INFO - FASTA - imported: id=NZ_JACOPP010000070.1, length=1418, description=Lawsonibacter hominis strain NSJ-51 H10_ctg074, whole genome shotgun sequence, genomic=True, dna=True
13:26:50.430 - INFO - FASTA - imported: id=NZ_JACOPP010000071.1, length=1365, description=Lawsonibacter hominis strain NSJ-51 H10_ctg075, whole genome shotgun sequence, genomic=True, dna=True
13:26:50.430 - INFO - FASTA - imported: id=NZ_JACOPP010000072.1, length=1365, description=Lawsonibacter hominis strain NSJ-51 H10_ctg076, whole genome shotgun sequence, genomic=True, dna=True
13:26:50.430 - INFO - FASTA - imported: id=NZ_JACOPP010000073.1, length=1289, description=Lawsonibacter hominis strain NSJ-51 H10_ctg077, whole genome shotgun sequence, genomic=True, dna=True
13:26:50.430 - INFO - FASTA - imported: id=NZ_JACOPP010000074.1, length=1159, description=Lawsonibacter hominis strain NSJ-51 H10_ctg078, whole genome shotgun sequence, genomic=True, dna=True
13:26:50.430 - INFO - FASTA - imported: id=NZ_JACOPP010000075.1, length=1145, description=Lawsonibacter hominis strain NSJ-51 H10_ctg079, whole genome shotgun sequence, genomic=True, dna=True
13:26:50.430 - INFO - FASTA - imported: id=NZ_JACOPP010000076.1, length=1081, description=Lawsonibacter hominis strain NSJ-51 H10_ctg082, whole genome shotgun sequence, genomic=True, dna=True
13:26:50.430 - INFO - FASTA - imported: id=NZ_JACOPP010000077.1, length=1073, description=Lawsonibacter hominis strain NSJ-51 H10_ctg084, whole genome shotgun sequence, genomic=True, dna=True
13:26:50.430 - INFO - FASTA - imported: id=NZ_JACOPP010000078.1, length=1051, description=Lawsonibacter hominis strain NSJ-51 H10_ctg085, whole genome shotgun sequence, genomic=True, dna=True
13:26:50.430 - INFO - FASTA - imported: id=NZ_JACOPP010000079.1, length=1005, description=Lawsonibacter hominis strain NSJ-51 H10_ctg087, whole genome shotgun sequence, genomic=True, dna=True
13:26:50.430 - INFO - FASTA - imported: id=NZ_JACOPP010000080.1, length=969, description=Lawsonibacter hominis strain NSJ-51 H10_ctg088, whole genome shotgun sequence, genomic=True, dna=True
13:26:50.431 - INFO - FASTA - imported: id=NZ_JACOPP010000081.1, length=902, description=Lawsonibacter hominis strain NSJ-51 H10_ctg089, whole genome shotgun sequence, genomic=True, dna=True
13:26:50.431 - INFO - FASTA - imported: id=NZ_JACOPP010000082.1, length=887, description=Lawsonibacter hominis strain NSJ-51 H10_ctg091, whole genome shotgun sequence, genomic=True, dna=True
13:26:50.431 - INFO - FASTA - imported: id=NZ_JACOPP010000083.1, length=860, description=Lawsonibacter hominis strain NSJ-51 H10_ctg093, whole genome shotgun sequence, genomic=True, dna=True
13:26:50.431 - INFO - FASTA - imported: id=NZ_JACOPP010000084.1, length=848, description=Lawsonibacter hominis strain NSJ-51 H10_ctg094, whole genome shotgun sequence, genomic=True, dna=True
13:26:50.431 - INFO - FASTA - imported: id=NZ_JACOPP010000085.1, length=791, description=Lawsonibacter hominis strain NSJ-51 H10_ctg097, whole genome shotgun sequence, genomic=True, dna=True
13:26:50.431 - INFO - FASTA - imported: id=NZ_JACOPP010000086.1, length=734, description=Lawsonibacter hominis strain NSJ-51 H10_ctg098, whole genome shotgun sequence, genomic=True, dna=True
13:26:50.431 - INFO - FASTA - imported: id=NZ_JACOPP010000087.1, length=721, description=Lawsonibacter hominis strain NSJ-51 H10_ctg099, whole genome shotgun sequence, genomic=True, dna=True
13:26:50.431 - INFO - FASTA - imported: id=NZ_JACOPP010000088.1, length=721, description=Lawsonibacter hominis strain NSJ-51 H10_ctg100, whole genome shotgun sequence, genomic=True, dna=True
13:26:50.431 - INFO - FASTA - imported: id=NZ_JACOPP010000089.1, length=706, description=Lawsonibacter hominis strain NSJ-51 H10_ctg101, whole genome shotgun sequence, genomic=True, dna=True
13:26:50.431 - INFO - FASTA - imported: id=NZ_JACOPP010000090.1, length=706, description=Lawsonibacter hominis strain NSJ-51 H10_ctg102, whole genome shotgun sequence, genomic=True, dna=True
13:26:50.431 - INFO - FASTA - imported: id=NZ_JACOPP010000091.1, length=701, description=Lawsonibacter hominis strain NSJ-51 H10_ctg103, whole genome shotgun sequence, genomic=True, dna=True
13:26:50.431 - INFO - FASTA - imported: id=NZ_JACOPP010000092.1, length=689, description=Lawsonibacter hominis strain NSJ-51 H10_ctg105, whole genome shotgun sequence, genomic=True, dna=True
13:26:50.431 - INFO - FASTA - imported: id=NZ_JACOPP010000093.1, length=688, description=Lawsonibacter hominis strain NSJ-51 H10_ctg106, whole genome shotgun sequence, genomic=True, dna=True
13:26:50.431 - INFO - FASTA - imported: id=NZ_JACOPP010000094.1, length=677, description=Lawsonibacter hominis strain NSJ-51 H10_ctg108, whole genome shotgun sequence, genomic=True, dna=True
13:26:50.431 - INFO - FASTA - imported: id=NZ_JACOPP010000095.1, length=677, description=Lawsonibacter hominis strain NSJ-51 H10_ctg109, whole genome shotgun sequence, genomic=True, dna=True
13:26:50.431 - INFO - FASTA - imported: id=NZ_JACOPP010000096.1, length=647, description=Lawsonibacter hominis strain NSJ-51 H10_ctg111, whole genome shotgun sequence, genomic=True, dna=True
13:26:50.431 - INFO - FASTA - imported: id=NZ_JACOPP010000097.1, length=647, description=Lawsonibacter hominis strain NSJ-51 H10_ctg112, whole genome shotgun sequence, genomic=True, dna=True
13:26:50.431 - INFO - FASTA - imported: id=NZ_JACOPP010000098.1, length=643, description=Lawsonibacter hominis strain NSJ-51 H10_ctg115, whole genome shotgun sequence, genomic=True, dna=True
13:26:50.431 - INFO - FASTA - imported: id=NZ_JACOPP010000099.1, length=609, description=Lawsonibacter hominis strain NSJ-51 H10_ctg117, whole genome shotgun sequence, genomic=True, dna=True
13:26:50.431 - INFO - FASTA - imported: id=NZ_JACOPP010000100.1, length=609, description=Lawsonibacter hominis strain NSJ-51 H10_ctg118, whole genome shotgun sequence, genomic=True, dna=True
13:26:50.432 - INFO - FASTA - imported: id=NZ_JACOPP010000101.1, length=599, description=Lawsonibacter hominis strain NSJ-51 H10_ctg119, whole genome shotgun sequence, genomic=True, dna=True
13:26:50.432 - INFO - FASTA - imported: id=NZ_JACOPP010000102.1, length=599, description=Lawsonibacter hominis strain NSJ-51 H10_ctg120, whole genome shotgun sequence, genomic=True, dna=True
13:26:50.432 - INFO - FASTA - imported: id=NZ_JACOPP010000103.1, length=594, description=Lawsonibacter hominis strain NSJ-51 H10_ctg121, whole genome shotgun sequence, genomic=True, dna=True
13:26:50.432 - INFO - FASTA - imported: id=NZ_JACOPP010000104.1, length=594, description=Lawsonibacter hominis strain NSJ-51 H10_ctg122, whole genome shotgun sequence, genomic=True, dna=True
13:26:50.432 - INFO - FASTA - imported: id=NZ_JACOPP010000105.1, length=590, description=Lawsonibacter hominis strain NSJ-51 H10_ctg124, whole genome shotgun sequence, genomic=True, dna=True
13:26:50.432 - INFO - FASTA - imported: id=NZ_JACOPP010000106.1, length=585, description=Lawsonibacter hominis strain NSJ-51 H10_ctg126, whole genome shotgun sequence, genomic=True, dna=True
13:26:50.432 - INFO - FASTA - imported: id=NZ_JACOPP010000107.1, length=581, description=Lawsonibacter hominis strain NSJ-51 H10_ctg127, whole genome shotgun sequence, genomic=True, dna=True
13:26:50.432 - INFO - FASTA - imported: id=NZ_JACOPP010000108.1, length=559, description=Lawsonibacter hominis strain NSJ-51 H10_ctg134, whole genome shotgun sequence, genomic=True, dna=True
13:26:50.432 - INFO - FASTA - imported: id=NZ_JACOPP010000109.1, length=549, description=Lawsonibacter hominis strain NSJ-51 H10_ctg137, whole genome shotgun sequence, genomic=True, dna=True
13:26:50.432 - INFO - FASTA - imported: id=NZ_JACOPP010000110.1, length=536, description=Lawsonibacter hominis strain NSJ-51 H10_ctg140, whole genome shotgun sequence, genomic=True, dna=True
13:26:50.432 - INFO - FASTA - imported: id=NZ_JACOPP010000111.1, length=536, description=Lawsonibacter hominis strain NSJ-51 H10_ctg141, whole genome shotgun sequence, genomic=True, dna=True
13:26:50.432 - INFO - FASTA - imported: id=NZ_JACOPP010000112.1, length=535, description=Lawsonibacter hominis strain NSJ-51 H10_ctg142, whole genome shotgun sequence, genomic=True, dna=True
13:26:50.432 - INFO - FASTA - imported: id=NZ_JACOPP010000113.1, length=533, description=Lawsonibacter hominis strain NSJ-51 H10_ctg144, whole genome shotgun sequence, genomic=True, dna=True
13:26:50.432 - INFO - FASTA - imported: id=NZ_JACOPP010000114.1, length=512, description=Lawsonibacter hominis strain NSJ-51 H10_ctg147, whole genome shotgun sequence, genomic=True, dna=True
13:26:50.432 - INFO - FASTA - imported: id=NZ_JACOPP010000115.1, length=505, description=Lawsonibacter hominis strain NSJ-51 H10_ctg154, whole genome shotgun sequence, genomic=True, dna=True
13:26:50.432 - INFO - MAIN - imported sequences=115
13:26:50.432 - INFO - UTILS - qc: revised sequence: id=contig_1, orig-id=NZ_JACOPP010000001.1, type=contig, complete=False, topology=linear, name=, description='[gcode=11] [topology=linear]', orig-description='Lawsonibacter hominis strain NSJ-51 H10_ctg001, whole genome shotgun sequence'
13:26:50.432 - INFO - UTILS - qc: revised sequence: id=contig_2, orig-id=NZ_JACOPP010000002.1, type=contig, complete=False, topology=linear, name=, description='[gcode=11] [topology=linear]', orig-description='Lawsonibacter hominis strain NSJ-51 H10_ctg002, whole genome shotgun sequence'
13:26:50.432 - INFO - UTILS - qc: revised sequence: id=contig_3, orig-id=NZ_JACOPP010000003.1, type=contig, complete=False, topology=linear, name=, description='[gcode=11] [topology=linear]', orig-description='Lawsonibacter hominis strain NSJ-51 H10_ctg003, whole genome shotgun sequence'
13:26:50.432 - INFO - UTILS - qc: revised sequence: id=contig_4, orig-id=NZ_JACOPP010000004.1, type=contig, complete=False, topology=linear, name=, description='[gcode=11] [topology=linear]', orig-description='Lawsonibacter hominis strain NSJ-51 H10_ctg004, whole genome shotgun sequence'
13:26:50.432 - INFO - UTILS - qc: revised sequence: id=contig_5, orig-id=NZ_JACOPP010000005.1, type=contig, complete=False, topology=linear, name=, description='[gcode=11] [topology=linear]', orig-description='Lawsonibacter hominis strain NSJ-51 H10_ctg005, whole genome shotgun sequence'
13:26:50.432 - INFO - UTILS - qc: revised sequence: id=contig_6, orig-id=NZ_JACOPP010000006.1, type=contig, complete=False, topology=linear, name=, description='[gcode=11] [topology=linear]', orig-description='Lawsonibacter hominis strain NSJ-51 H10_ctg006, whole genome shotgun sequence'
13:26:50.432 - INFO - UTILS - qc: revised sequence: id=contig_7, orig-id=NZ_JACOPP010000007.1, type=contig, complete=False, topology=linear, name=, description='[gcode=11] [topology=linear]', orig-description='Lawsonibacter hominis strain NSJ-51 H10_ctg007, whole genome shotgun sequence'
13:26:50.432 - INFO - UTILS - qc: revised sequence: id=contig_8, orig-id=NZ_JACOPP010000008.1, type=contig, complete=False, topology=linear, name=, description='[gcode=11] [topology=linear]', orig-description='Lawsonibacter hominis strain NSJ-51 H10_ctg008, whole genome shotgun sequence'
13:26:50.432 - INFO - UTILS - qc: revised sequence: id=contig_9, orig-id=NZ_JACOPP010000009.1, type=contig, complete=False, topology=linear, name=, description='[gcode=11] [topology=linear]', orig-description='Lawsonibacter hominis strain NSJ-51 H10_ctg009, whole genome shotgun sequence'
13:26:50.432 - INFO - UTILS - qc: revised sequence: id=contig_10, orig-id=NZ_JACOPP010000010.1, type=contig, complete=False, topology=linear, name=, description='[gcode=11] [topology=linear]', orig-description='Lawsonibacter hominis strain NSJ-51 H10_ctg010, whole genome shotgun sequence'
13:26:50.433 - INFO - UTILS - qc: revised sequence: id=contig_11, orig-id=NZ_JACOPP010000011.1, type=contig, complete=False, topology=linear, name=, description='[gcode=11] [topology=linear]', orig-description='Lawsonibacter hominis strain NSJ-51 H10_ctg011, whole genome shotgun sequence'
13:26:50.433 - INFO - UTILS - qc: revised sequence: id=contig_12, orig-id=NZ_JACOPP010000012.1, type=contig, complete=False, topology=linear, name=, description='[gcode=11] [topology=linear]', orig-description='Lawsonibacter hominis strain NSJ-51 H10_ctg012, whole genome shotgun sequence'
13:26:50.433 - INFO - UTILS - qc: revised sequence: id=contig_13, orig-id=NZ_JACOPP010000013.1, type=contig, complete=False, topology=linear, name=, description='[gcode=11] [topology=linear]', orig-description='Lawsonibacter hominis strain NSJ-51 H10_ctg013, whole genome shotgun sequence'
13:26:50.433 - INFO - UTILS - qc: revised sequence: id=contig_14, orig-id=NZ_JACOPP010000014.1, type=contig, complete=False, topology=linear, name=, description='[gcode=11] [topology=linear]', orig-description='Lawsonibacter hominis strain NSJ-51 H10_ctg014, whole genome shotgun sequence'
13:26:50.433 - INFO - UTILS - qc: revised sequence: id=contig_15, orig-id=NZ_JACOPP010000015.1, type=contig, complete=False, topology=linear, name=, description='[gcode=11] [topology=linear]', orig-description='Lawsonibacter hominis strain NSJ-51 H10_ctg015, whole genome shotgun sequence'
13:26:50.433 - INFO - UTILS - qc: revised sequence: id=contig_16, orig-id=NZ_JACOPP010000016.1, type=contig, complete=False, topology=linear, name=, description='[gcode=11] [topology=linear]', orig-description='Lawsonibacter hominis strain NSJ-51 H10_ctg016, whole genome shotgun sequence'
13:26:50.433 - INFO - UTILS - qc: revised sequence: id=contig_17, orig-id=NZ_JACOPP010000017.1, type=contig, complete=False, topology=linear, name=, description='[gcode=11] [topology=linear]', orig-description='Lawsonibacter hominis strain NSJ-51 H10_ctg017, whole genome shotgun sequence'
13:26:50.433 - INFO - UTILS - qc: revised sequence: id=contig_18, orig-id=NZ_JACOPP010000018.1, type=contig, complete=False, topology=linear, name=, description='[gcode=11] [topology=linear]', orig-description='Lawsonibacter hominis strain NSJ-51 H10_ctg018, whole genome shotgun sequence'
13:26:50.433 - INFO - UTILS - qc: revised sequence: id=contig_19, orig-id=NZ_JACOPP010000019.1, type=contig, complete=False, topology=linear, name=, description='[gcode=11] [topology=linear]', orig-description='Lawsonibacter hominis strain NSJ-51 H10_ctg019, whole genome shotgun sequence'
13:26:50.433 - INFO - UTILS - qc: revised sequence: id=contig_20, orig-id=NZ_JACOPP010000020.1, type=contig, complete=False, topology=linear, name=, description='[gcode=11] [topology=linear]', orig-description='Lawsonibacter hominis strain NSJ-51 H10_ctg020, whole genome shotgun sequence'
13:26:50.433 - INFO - UTILS - qc: revised sequence: id=contig_21, orig-id=NZ_JACOPP010000021.1, type=contig, complete=False, topology=linear, name=, description='[gcode=11] [topology=linear]', orig-description='Lawsonibacter hominis strain NSJ-51 H10_ctg021, whole genome shotgun sequence'
13:26:50.433 - INFO - UTILS - qc: revised sequence: id=contig_22, orig-id=NZ_JACOPP010000022.1, type=contig, complete=False, topology=linear, name=, description='[gcode=11] [topology=linear]', orig-description='Lawsonibacter hominis strain NSJ-51 H10_ctg022, whole genome shotgun sequence'
13:26:50.433 - INFO - UTILS - qc: revised sequence: id=contig_23, orig-id=NZ_JACOPP010000023.1, type=contig, complete=False, topology=linear, name=, description='[gcode=11] [topology=linear]', orig-description='Lawsonibacter hominis strain NSJ-51 H10_ctg023, whole genome shotgun sequence'
13:26:50.433 - INFO - UTILS - qc: revised sequence: id=contig_24, orig-id=NZ_JACOPP010000024.1, type=contig, complete=False, topology=linear, name=, description='[gcode=11] [topology=linear]', orig-description='Lawsonibacter hominis strain NSJ-51 H10_ctg024, whole genome shotgun sequence'
13:26:50.433 - INFO - UTILS - qc: revised sequence: id=contig_25, orig-id=NZ_JACOPP010000025.1, type=contig, complete=False, topology=linear, name=, description='[gcode=11] [topology=linear]', orig-description='Lawsonibacter hominis strain NSJ-51 H10_ctg025, whole genome shotgun sequence'
13:26:50.433 - INFO - UTILS - qc: revised sequence: id=contig_26, orig-id=NZ_JACOPP010000026.1, type=contig, complete=False, topology=linear, name=, description='[gcode=11] [topology=linear]', orig-description='Lawsonibacter hominis strain NSJ-51 H10_ctg026, whole genome shotgun sequence'
13:26:50.433 - INFO - UTILS - qc: revised sequence: id=contig_27, orig-id=NZ_JACOPP010000027.1, type=contig, complete=False, topology=linear, name=, description='[gcode=11] [topology=linear]', orig-description='Lawsonibacter hominis strain NSJ-51 H10_ctg027, whole genome shotgun sequence'
13:26:50.433 - INFO - UTILS - qc: revised sequence: id=contig_28, orig-id=NZ_JACOPP010000028.1, type=contig, complete=False, topology=linear, name=, description='[gcode=11] [topology=linear]', orig-description='Lawsonibacter hominis strain NSJ-51 H10_ctg028, whole genome shotgun sequence'
13:26:50.433 - INFO - UTILS - qc: revised sequence: id=contig_29, orig-id=NZ_JACOPP010000029.1, type=contig, complete=False, topology=linear, name=, description='[gcode=11] [topology=linear]', orig-description='Lawsonibacter hominis strain NSJ-51 H10_ctg029, whole genome shotgun sequence'
13:26:50.433 - INFO - UTILS - qc: revised sequence: id=contig_30, orig-id=NZ_JACOPP010000030.1, type=contig, complete=False, topology=linear, name=, description='[gcode=11] [topology=linear]', orig-description='Lawsonibacter hominis strain NSJ-51 H10_ctg030, whole genome shotgun sequence'
13:26:50.433 - INFO - UTILS - qc: revised sequence: id=contig_31, orig-id=NZ_JACOPP010000031.1, type=contig, complete=False, topology=linear, name=, description='[gcode=11] [topology=linear]', orig-description='Lawsonibacter hominis strain NSJ-51 H10_ctg031, whole genome shotgun sequence'
13:26:50.433 - INFO - UTILS - qc: revised sequence: id=contig_32, orig-id=NZ_JACOPP010000032.1, type=contig, complete=False, topology=linear, name=, description='[gcode=11] [topology=linear]', orig-description='Lawsonibacter hominis strain NSJ-51 H10_ctg032, whole genome shotgun sequence'
13:26:50.433 - INFO - UTILS - qc: revised sequence: id=contig_33, orig-id=NZ_JACOPP010000033.1, type=contig, complete=False, topology=linear, name=, description='[gcode=11] [topology=linear]', orig-description='Lawsonibacter hominis strain NSJ-51 H10_ctg033, whole genome shotgun sequence'
13:26:50.433 - INFO - UTILS - qc: revised sequence: id=contig_34, orig-id=NZ_JACOPP010000034.1, type=contig, complete=False, topology=linear, name=, description='[gcode=11] [topology=linear]', orig-description='Lawsonibacter hominis strain NSJ-51 H10_ctg034, whole genome shotgun sequence'
13:26:50.433 - INFO - UTILS - qc: revised sequence: id=contig_35, orig-id=NZ_JACOPP010000035.1, type=contig, complete=False, topology=linear, name=, description='[gcode=11] [topology=linear]', orig-description='Lawsonibacter hominis strain NSJ-51 H10_ctg035, whole genome shotgun sequence'
13:26:50.433 - INFO - UTILS - qc: revised sequence: id=contig_36, orig-id=NZ_JACOPP010000036.1, type=contig, complete=False, topology=linear, name=, description='[gcode=11] [topology=linear]', orig-description='Lawsonibacter hominis strain NSJ-51 H10_ctg036, whole genome shotgun sequence'
13:26:50.433 - INFO - UTILS - qc: revised sequence: id=contig_37, orig-id=NZ_JACOPP010000037.1, type=contig, complete=False, topology=linear, name=, description='[gcode=11] [topology=linear]', orig-description='Lawsonibacter hominis strain NSJ-51 H10_ctg037, whole genome shotgun sequence'
13:26:50.433 - INFO - UTILS - qc: revised sequence: id=contig_38, orig-id=NZ_JACOPP010000038.1, type=contig, complete=False, topology=linear, name=, description='[gcode=11] [topology=linear]', orig-description='Lawsonibacter hominis strain NSJ-51 H10_ctg038, whole genome shotgun sequence'
13:26:50.433 - INFO - UTILS - qc: revised sequence: id=contig_39, orig-id=NZ_JACOPP010000039.1, type=contig, complete=False, topology=linear, name=, description='[gcode=11] [topology=linear]', orig-description='Lawsonibacter hominis strain NSJ-51 H10_ctg039, whole genome shotgun sequence'
13:26:50.433 - INFO - UTILS - qc: revised sequence: id=contig_40, orig-id=NZ_JACOPP010000040.1, type=contig, complete=False, topology=linear, name=, description='[gcode=11] [topology=linear]', orig-description='Lawsonibacter hominis strain NSJ-51 H10_ctg040, whole genome shotgun sequence'
13:26:50.433 - INFO - UTILS - qc: revised sequence: id=contig_41, orig-id=NZ_JACOPP010000041.1, type=contig, complete=False, topology=linear, name=, description='[gcode=11] [topology=linear]', orig-description='Lawsonibacter hominis strain NSJ-51 H10_ctg041, whole genome shotgun sequence'
13:26:50.433 - INFO - UTILS - qc: revised sequence: id=contig_42, orig-id=NZ_JACOPP010000042.1, type=contig, complete=False, topology=linear, name=, description='[gcode=11] [topology=linear]', orig-description='Lawsonibacter hominis strain NSJ-51 H10_ctg042, whole genome shotgun sequence'
13:26:50.433 - INFO - UTILS - qc: revised sequence: id=contig_43, orig-id=NZ_JACOPP010000043.1, type=contig, complete=False, topology=linear, name=, description='[gcode=11] [topology=linear]', orig-description='Lawsonibacter hominis strain NSJ-51 H10_ctg043, whole genome shotgun sequence'
13:26:50.433 - INFO - UTILS - qc: revised sequence: id=contig_44, orig-id=NZ_JACOPP010000044.1, type=contig, complete=False, topology=linear, name=, description='[gcode=11] [topology=linear]', orig-description='Lawsonibacter hominis strain NSJ-51 H10_ctg044, whole genome shotgun sequence'
13:26:50.433 - INFO - UTILS - qc: revised sequence: id=contig_45, orig-id=NZ_JACOPP010000045.1, type=contig, complete=False, topology=linear, name=, description='[gcode=11] [topology=linear]', orig-description='Lawsonibacter hominis strain NSJ-51 H10_ctg045, whole genome shotgun sequence'
13:26:50.433 - INFO - UTILS - qc: revised sequence: id=contig_46, orig-id=NZ_JACOPP010000046.1, type=contig, complete=False, topology=linear, name=, description='[gcode=11] [topology=linear]', orig-description='Lawsonibacter hominis strain NSJ-51 H10_ctg046, whole genome shotgun sequence'
13:26:50.433 - INFO - UTILS - qc: revised sequence: id=contig_47, orig-id=NZ_JACOPP010000047.1, type=contig, complete=False, topology=linear, name=, description='[gcode=11] [topology=linear]', orig-description='Lawsonibacter hominis strain NSJ-51 H10_ctg047, whole genome shotgun sequence'
13:26:50.433 - INFO - UTILS - qc: revised sequence: id=contig_48, orig-id=NZ_JACOPP010000048.1, type=contig, complete=False, topology=linear, name=, description='[gcode=11] [topology=linear]', orig-description='Lawsonibacter hominis strain NSJ-51 H10_ctg048, whole genome shotgun sequence'
13:26:50.434 - INFO - UTILS - qc: revised sequence: id=contig_49, orig-id=NZ_JACOPP010000049.1, type=contig, complete=False, topology=linear, name=, description='[gcode=11] [topology=linear]', orig-description='Lawsonibacter hominis strain NSJ-51 H10_ctg049, whole genome shotgun sequence'
13:26:50.434 - INFO - UTILS - qc: revised sequence: id=contig_50, orig-id=NZ_JACOPP010000050.1, type=contig, complete=False, topology=linear, name=, description='[gcode=11] [topology=linear]', orig-description='Lawsonibacter hominis strain NSJ-51 H10_ctg050, whole genome shotgun sequence'
13:26:50.434 - INFO - UTILS - qc: revised sequence: id=contig_51, orig-id=NZ_JACOPP010000051.1, type=contig, complete=False, topology=linear, name=, description='[gcode=11] [topology=linear]', orig-description='Lawsonibacter hominis strain NSJ-51 H10_ctg051, whole genome shotgun sequence'
13:26:50.434 - INFO - UTILS - qc: revised sequence: id=contig_52, orig-id=NZ_JACOPP010000052.1, type=contig, complete=False, topology=linear, name=, description='[gcode=11] [topology=linear]', orig-description='Lawsonibacter hominis strain NSJ-51 H10_ctg052, whole genome shotgun sequence'
13:26:50.434 - INFO - UTILS - qc: revised sequence: id=contig_53, orig-id=NZ_JACOPP010000053.1, type=contig, complete=False, topology=linear, name=, description='[gcode=11] [topology=linear]', orig-description='Lawsonibacter hominis strain NSJ-51 H10_ctg053, whole genome shotgun sequence'
13:26:50.434 - INFO - UTILS - qc: revised sequence: id=contig_54, orig-id=NZ_JACOPP010000054.1, type=contig, complete=False, topology=linear, name=, description='[gcode=11] [topology=linear]', orig-description='Lawsonibacter hominis strain NSJ-51 H10_ctg054, whole genome shotgun sequence'
13:26:50.434 - INFO - UTILS - qc: revised sequence: id=contig_55, orig-id=NZ_JACOPP010000055.1, type=contig, complete=False, topology=linear, name=, description='[gcode=11] [topology=linear]', orig-description='Lawsonibacter hominis strain NSJ-51 H10_ctg055, whole genome shotgun sequence'
13:26:50.434 - INFO - UTILS - qc: revised sequence: id=contig_56, orig-id=NZ_JACOPP010000056.1, type=contig, complete=False, topology=linear, name=, description='[gcode=11] [topology=linear]', orig-description='Lawsonibacter hominis strain NSJ-51 H10_ctg056, whole genome shotgun sequence'
13:26:50.434 - INFO - UTILS - qc: revised sequence: id=contig_57, orig-id=NZ_JACOPP010000057.1, type=contig, complete=False, topology=linear, name=, description='[gcode=11] [topology=linear]', orig-description='Lawsonibacter hominis strain NSJ-51 H10_ctg057, whole genome shotgun sequence'
13:26:50.434 - INFO - UTILS - qc: revised sequence: id=contig_58, orig-id=NZ_JACOPP010000058.1, type=contig, complete=False, topology=linear, name=, description='[gcode=11] [topology=linear]', orig-description='Lawsonibacter hominis strain NSJ-51 H10_ctg058, whole genome shotgun sequence'
13:26:50.434 - INFO - UTILS - qc: revised sequence: id=contig_59, orig-id=NZ_JACOPP010000059.1, type=contig, complete=False, topology=linear, name=, description='[gcode=11] [topology=linear]', orig-description='Lawsonibacter hominis strain NSJ-51 H10_ctg059, whole genome shotgun sequence'
13:26:50.434 - INFO - UTILS - qc: revised sequence: id=contig_60, orig-id=NZ_JACOPP010000060.1, type=contig, complete=False, topology=linear, name=, description='[gcode=11] [topology=linear]', orig-description='Lawsonibacter hominis strain NSJ-51 H10_ctg060, whole genome shotgun sequence'
13:26:50.434 - INFO - UTILS - qc: revised sequence: id=contig_61, orig-id=NZ_JACOPP010000061.1, type=contig, complete=False, topology=linear, name=, description='[gcode=11] [topology=linear]', orig-description='Lawsonibacter hominis strain NSJ-51 H10_ctg061, whole genome shotgun sequence'
13:26:50.434 - INFO - UTILS - qc: revised sequence: id=contig_62, orig-id=NZ_JACOPP010000062.1, type=contig, complete=False, topology=linear, name=, description='[gcode=11] [topology=linear]', orig-description='Lawsonibacter hominis strain NSJ-51 H10_ctg062, whole genome shotgun sequence'
13:26:50.434 - INFO - UTILS - qc: revised sequence: id=contig_63, orig-id=NZ_JACOPP010000063.1, type=contig, complete=False, topology=linear, name=, description='[gcode=11] [topology=linear]', orig-description='Lawsonibacter hominis strain NSJ-51 H10_ctg063, whole genome shotgun sequence'
13:26:50.434 - INFO - UTILS - qc: revised sequence: id=contig_64, orig-id=NZ_JACOPP010000064.1, type=contig, complete=False, topology=linear, name=, description='[gcode=11] [topology=linear]', orig-description='Lawsonibacter hominis strain NSJ-51 H10_ctg064, whole genome shotgun sequence'
13:26:50.434 - INFO - UTILS - qc: revised sequence: id=contig_65, orig-id=NZ_JACOPP010000065.1, type=contig, complete=False, topology=linear, name=, description='[gcode=11] [topology=linear]', orig-description='Lawsonibacter hominis strain NSJ-51 H10_ctg065, whole genome shotgun sequence'
13:26:50.434 - INFO - UTILS - qc: revised sequence: id=contig_66, orig-id=NZ_JACOPP010000066.1, type=contig, complete=False, topology=linear, name=, description='[gcode=11] [topology=linear]', orig-description='Lawsonibacter hominis strain NSJ-51 H10_ctg066, whole genome shotgun sequence'
13:26:50.434 - INFO - UTILS - qc: revised sequence: id=contig_67, orig-id=NZ_JACOPP010000067.1, type=contig, complete=False, topology=linear, name=, description='[gcode=11] [topology=linear]', orig-description='Lawsonibacter hominis strain NSJ-51 H10_ctg067, whole genome shotgun sequence'
13:26:50.434 - INFO - UTILS - qc: revised sequence: id=contig_68, orig-id=NZ_JACOPP010000068.1, type=contig, complete=False, topology=linear, name=, description='[gcode=11] [topology=linear]', orig-description='Lawsonibacter hominis strain NSJ-51 H10_ctg069, whole genome shotgun sequence'
13:26:50.434 - INFO - UTILS - qc: revised sequence: id=contig_69, orig-id=NZ_JACOPP010000069.1, type=contig, complete=False, topology=linear, name=, description='[gcode=11] [topology=linear]', orig-description='Lawsonibacter hominis strain NSJ-51 H10_ctg071, whole genome shotgun sequence'
13:26:50.434 - INFO - UTILS - qc: revised sequence: id=contig_70, orig-id=NZ_JACOPP010000070.1, type=contig, complete=False, topology=linear, name=, description='[gcode=11] [topology=linear]', orig-description='Lawsonibacter hominis strain NSJ-51 H10_ctg074, whole genome shotgun sequence'
13:26:50.434 - INFO - UTILS - qc: revised sequence: id=contig_71, orig-id=NZ_JACOPP010000071.1, type=contig, complete=False, topology=linear, name=, description='[gcode=11] [topology=linear]', orig-description='Lawsonibacter hominis strain NSJ-51 H10_ctg075, whole genome shotgun sequence'
13:26:50.434 - INFO - UTILS - qc: revised sequence: id=contig_72, orig-id=NZ_JACOPP010000072.1, type=contig, complete=False, topology=linear, name=, description='[gcode=11] [topology=linear]', orig-description='Lawsonibacter hominis strain NSJ-51 H10_ctg076, whole genome shotgun sequence'
13:26:50.434 - INFO - UTILS - qc: revised sequence: id=contig_73, orig-id=NZ_JACOPP010000073.1, type=contig, complete=False, topology=linear, name=, description='[gcode=11] [topology=linear]', orig-description='Lawsonibacter hominis strain NSJ-51 H10_ctg077, whole genome shotgun sequence'
13:26:50.434 - INFO - UTILS - qc: revised sequence: id=contig_74, orig-id=NZ_JACOPP010000074.1, type=contig, complete=False, topology=linear, name=, description='[gcode=11] [topology=linear]', orig-description='Lawsonibacter hominis strain NSJ-51 H10_ctg078, whole genome shotgun sequence'
13:26:50.434 - INFO - UTILS - qc: revised sequence: id=contig_75, orig-id=NZ_JACOPP010000075.1, type=contig, complete=False, topology=linear, name=, description='[gcode=11] [topology=linear]', orig-description='Lawsonibacter hominis strain NSJ-51 H10_ctg079, whole genome shotgun sequence'
13:26:50.434 - INFO - UTILS - qc: revised sequence: id=contig_76, orig-id=NZ_JACOPP010000076.1, type=contig, complete=False, topology=linear, name=, description='[gcode=11] [topology=linear]', orig-description='Lawsonibacter hominis strain NSJ-51 H10_ctg082, whole genome shotgun sequence'
13:26:50.434 - INFO - UTILS - qc: revised sequence: id=contig_77, orig-id=NZ_JACOPP010000077.1, type=contig, complete=False, topology=linear, name=, description='[gcode=11] [topology=linear]', orig-description='Lawsonibacter hominis strain NSJ-51 H10_ctg084, whole genome shotgun sequence'
13:26:50.434 - INFO - UTILS - qc: revised sequence: id=contig_78, orig-id=NZ_JACOPP010000078.1, type=contig, complete=False, topology=linear, name=, description='[gcode=11] [topology=linear]', orig-description='Lawsonibacter hominis strain NSJ-51 H10_ctg085, whole genome shotgun sequence'
13:26:50.434 - INFO - UTILS - qc: revised sequence: id=contig_79, orig-id=NZ_JACOPP010000079.1, type=contig, complete=False, topology=linear, name=, description='[gcode=11] [topology=linear]', orig-description='Lawsonibacter hominis strain NSJ-51 H10_ctg087, whole genome shotgun sequence'
13:26:50.434 - INFO - UTILS - qc: revised sequence: id=contig_80, orig-id=NZ_JACOPP010000080.1, type=contig, complete=False, topology=linear, name=, description='[gcode=11] [topology=linear]', orig-description='Lawsonibacter hominis strain NSJ-51 H10_ctg088, whole genome shotgun sequence'
13:26:50.434 - INFO - UTILS - qc: revised sequence: id=contig_81, orig-id=NZ_JACOPP010000081.1, type=contig, complete=False, topology=linear, name=, description='[gcode=11] [topology=linear]', orig-description='Lawsonibacter hominis strain NSJ-51 H10_ctg089, whole genome shotgun sequence'
13:26:50.434 - INFO - UTILS - qc: revised sequence: id=contig_82, orig-id=NZ_JACOPP010000082.1, type=contig, complete=False, topology=linear, name=, description='[gcode=11] [topology=linear]', orig-description='Lawsonibacter hominis strain NSJ-51 H10_ctg091, whole genome shotgun sequence'
13:26:50.434 - INFO - UTILS - qc: revised sequence: id=contig_83, orig-id=NZ_JACOPP010000083.1, type=contig, complete=False, topology=linear, name=, description='[gcode=11] [topology=linear]', orig-description='Lawsonibacter hominis strain NSJ-51 H10_ctg093, whole genome shotgun sequence'
13:26:50.434 - INFO - UTILS - qc: revised sequence: id=contig_84, orig-id=NZ_JACOPP010000084.1, type=contig, complete=False, topology=linear, name=, description='[gcode=11] [topology=linear]', orig-description='Lawsonibacter hominis strain NSJ-51 H10_ctg094, whole genome shotgun sequence'
13:26:50.434 - INFO - UTILS - qc: revised sequence: id=contig_85, orig-id=NZ_JACOPP010000085.1, type=contig, complete=False, topology=linear, name=, description='[gcode=11] [topology=linear]', orig-description='Lawsonibacter hominis strain NSJ-51 H10_ctg097, whole genome shotgun sequence'
13:26:50.434 - INFO - UTILS - qc: revised sequence: id=contig_86, orig-id=NZ_JACOPP010000086.1, type=contig, complete=False, topology=linear, name=, description='[gcode=11] [topology=linear]', orig-description='Lawsonibacter hominis strain NSJ-51 H10_ctg098, whole genome shotgun sequence'
13:26:50.434 - INFO - UTILS - qc: revised sequence: id=contig_87, orig-id=NZ_JACOPP010000087.1, type=contig, complete=False, topology=linear, name=, description='[gcode=11] [topology=linear]', orig-description='Lawsonibacter hominis strain NSJ-51 H10_ctg099, whole genome shotgun sequence'
13:26:50.434 - INFO - UTILS - qc: revised sequence: id=contig_88, orig-id=NZ_JACOPP010000088.1, type=contig, complete=False, topology=linear, name=, description='[gcode=11] [topology=linear]', orig-description='Lawsonibacter hominis strain NSJ-51 H10_ctg100, whole genome shotgun sequence'
13:26:50.434 - INFO - UTILS - qc: revised sequence: id=contig_89, orig-id=NZ_JACOPP010000089.1, type=contig, complete=False, topology=linear, name=, description='[gcode=11] [topology=linear]', orig-description='Lawsonibacter hominis strain NSJ-51 H10_ctg101, whole genome shotgun sequence'
13:26:50.435 - INFO - UTILS - qc: revised sequence: id=contig_90, orig-id=NZ_JACOPP010000090.1, type=contig, complete=False, topology=linear, name=, description='[gcode=11] [topology=linear]', orig-description='Lawsonibacter hominis strain NSJ-51 H10_ctg102, whole genome shotgun sequence'
13:26:50.435 - INFO - UTILS - qc: revised sequence: id=contig_91, orig-id=NZ_JACOPP010000091.1, type=contig, complete=False, topology=linear, name=, description='[gcode=11] [topology=linear]', orig-description='Lawsonibacter hominis strain NSJ-51 H10_ctg103, whole genome shotgun sequence'
13:26:50.435 - INFO - UTILS - qc: revised sequence: id=contig_92, orig-id=NZ_JACOPP010000092.1, type=contig, complete=False, topology=linear, name=, description='[gcode=11] [topology=linear]', orig-description='Lawsonibacter hominis strain NSJ-51 H10_ctg105, whole genome shotgun sequence'
13:26:50.435 - INFO - UTILS - qc: revised sequence: id=contig_93, orig-id=NZ_JACOPP010000093.1, type=contig, complete=False, topology=linear, name=, description='[gcode=11] [topology=linear]', orig-description='Lawsonibacter hominis strain NSJ-51 H10_ctg106, whole genome shotgun sequence'
13:26:50.435 - INFO - UTILS - qc: revised sequence: id=contig_94, orig-id=NZ_JACOPP010000094.1, type=contig, complete=False, topology=linear, name=, description='[gcode=11] [topology=linear]', orig-description='Lawsonibacter hominis strain NSJ-51 H10_ctg108, whole genome shotgun sequence'
13:26:50.435 - INFO - UTILS - qc: revised sequence: id=contig_95, orig-id=NZ_JACOPP010000095.1, type=contig, complete=False, topology=linear, name=, description='[gcode=11] [topology=linear]', orig-description='Lawsonibacter hominis strain NSJ-51 H10_ctg109, whole genome shotgun sequence'
13:26:50.435 - INFO - UTILS - qc: revised sequence: id=contig_96, orig-id=NZ_JACOPP010000096.1, type=contig, complete=False, topology=linear, name=, description='[gcode=11] [topology=linear]', orig-description='Lawsonibacter hominis strain NSJ-51 H10_ctg111, whole genome shotgun sequence'
13:26:50.435 - INFO - UTILS - qc: revised sequence: id=contig_97, orig-id=NZ_JACOPP010000097.1, type=contig, complete=False, topology=linear, name=, description='[gcode=11] [topology=linear]', orig-description='Lawsonibacter hominis strain NSJ-51 H10_ctg112, whole genome shotgun sequence'
13:26:50.435 - INFO - UTILS - qc: revised sequence: id=contig_98, orig-id=NZ_JACOPP010000098.1, type=contig, complete=False, topology=linear, name=, description='[gcode=11] [topology=linear]', orig-description='Lawsonibacter hominis strain NSJ-51 H10_ctg115, whole genome shotgun sequence'
13:26:50.435 - INFO - UTILS - qc: revised sequence: id=contig_99, orig-id=NZ_JACOPP010000099.1, type=contig, complete=False, topology=linear, name=, description='[gcode=11] [topology=linear]', orig-description='Lawsonibacter hominis strain NSJ-51 H10_ctg117, whole genome shotgun sequence'
13:26:50.435 - INFO - UTILS - qc: revised sequence: id=contig_100, orig-id=NZ_JACOPP010000100.1, type=contig, complete=False, topology=linear, name=, description='[gcode=11] [topology=linear]', orig-description='Lawsonibacter hominis strain NSJ-51 H10_ctg118, whole genome shotgun sequence'
13:26:50.435 - INFO - UTILS - qc: revised sequence: id=contig_101, orig-id=NZ_JACOPP010000101.1, type=contig, complete=False, topology=linear, name=, description='[gcode=11] [topology=linear]', orig-description='Lawsonibacter hominis strain NSJ-51 H10_ctg119, whole genome shotgun sequence'
13:26:50.435 - INFO - UTILS - qc: revised sequence: id=contig_102, orig-id=NZ_JACOPP010000102.1, type=contig, complete=False, topology=linear, name=, description='[gcode=11] [topology=linear]', orig-description='Lawsonibacter hominis strain NSJ-51 H10_ctg120, whole genome shotgun sequence'
13:26:50.435 - INFO - UTILS - qc: revised sequence: id=contig_103, orig-id=NZ_JACOPP010000103.1, type=contig, complete=False, topology=linear, name=, description='[gcode=11] [topology=linear]', orig-description='Lawsonibacter hominis strain NSJ-51 H10_ctg121, whole genome shotgun sequence'
13:26:50.435 - INFO - UTILS - qc: revised sequence: id=contig_104, orig-id=NZ_JACOPP010000104.1, type=contig, complete=False, topology=linear, name=, description='[gcode=11] [topology=linear]', orig-description='Lawsonibacter hominis strain NSJ-51 H10_ctg122, whole genome shotgun sequence'
13:26:50.435 - INFO - UTILS - qc: revised sequence: id=contig_105, orig-id=NZ_JACOPP010000105.1, type=contig, complete=False, topology=linear, name=, description='[gcode=11] [topology=linear]', orig-description='Lawsonibacter hominis strain NSJ-51 H10_ctg124, whole genome shotgun sequence'
13:26:50.435 - INFO - UTILS - qc: revised sequence: id=contig_106, orig-id=NZ_JACOPP010000106.1, type=contig, complete=False, topology=linear, name=, description='[gcode=11] [topology=linear]', orig-description='Lawsonibacter hominis strain NSJ-51 H10_ctg126, whole genome shotgun sequence'
13:26:50.435 - INFO - UTILS - qc: revised sequence: id=contig_107, orig-id=NZ_JACOPP010000107.1, type=contig, complete=False, topology=linear, name=, description='[gcode=11] [topology=linear]', orig-description='Lawsonibacter hominis strain NSJ-51 H10_ctg127, whole genome shotgun sequence'
13:26:50.435 - INFO - UTILS - qc: revised sequence: id=contig_108, orig-id=NZ_JACOPP010000108.1, type=contig, complete=False, topology=linear, name=, description='[gcode=11] [topology=linear]', orig-description='Lawsonibacter hominis strain NSJ-51 H10_ctg134, whole genome shotgun sequence'
13:26:50.435 - INFO - UTILS - qc: revised sequence: id=contig_109, orig-id=NZ_JACOPP010000109.1, type=contig, complete=False, topology=linear, name=, description='[gcode=11] [topology=linear]', orig-description='Lawsonibacter hominis strain NSJ-51 H10_ctg137, whole genome shotgun sequence'
13:26:50.435 - INFO - UTILS - qc: revised sequence: id=contig_110, orig-id=NZ_JACOPP010000110.1, type=contig, complete=False, topology=linear, name=, description='[gcode=11] [topology=linear]', orig-description='Lawsonibacter hominis strain NSJ-51 H10_ctg140, whole genome shotgun sequence'
13:26:50.435 - INFO - UTILS - qc: revised sequence: id=contig_111, orig-id=NZ_JACOPP010000111.1, type=contig, complete=False, topology=linear, name=, description='[gcode=11] [topology=linear]', orig-description='Lawsonibacter hominis strain NSJ-51 H10_ctg141, whole genome shotgun sequence'
13:26:50.435 - INFO - UTILS - qc: revised sequence: id=contig_112, orig-id=NZ_JACOPP010000112.1, type=contig, complete=False, topology=linear, name=, description='[gcode=11] [topology=linear]', orig-description='Lawsonibacter hominis strain NSJ-51 H10_ctg142, whole genome shotgun sequence'
13:26:50.435 - INFO - UTILS - qc: revised sequence: id=contig_113, orig-id=NZ_JACOPP010000113.1, type=contig, complete=False, topology=linear, name=, description='[gcode=11] [topology=linear]', orig-description='Lawsonibacter hominis strain NSJ-51 H10_ctg144, whole genome shotgun sequence'
13:26:50.435 - INFO - UTILS - qc: revised sequence: id=contig_114, orig-id=NZ_JACOPP010000114.1, type=contig, complete=False, topology=linear, name=, description='[gcode=11] [topology=linear]', orig-description='Lawsonibacter hominis strain NSJ-51 H10_ctg147, whole genome shotgun sequence'
13:26:50.435 - INFO - UTILS - qc: revised sequence: id=contig_115, orig-id=NZ_JACOPP010000115.1, type=contig, complete=False, topology=linear, name=, description='[gcode=11] [topology=linear]', orig-description='Lawsonibacter hominis strain NSJ-51 H10_ctg154, whole genome shotgun sequence'
13:26:50.435 - INFO - FASTA - write genome sequences: path=/tmp/slurm-687207/tmp6953v1_h/contigs.fna, description=False, wrap=False
13:27:24.078 - INFO - T_RNA - contig=contig_1, start=242453, stop=242538, strand=+, gene=trnL, product=tRNA-Leu(caa), score=74.6, nt=[GCCGGTGTGA..ACCGGCACCA]
13:27:24.078 - INFO - T_RNA - contig=contig_2, start=66720, stop=66796, strand=-, gene=trnP, product=tRNA-Pro(cgg), score=68.0, nt=[CGGGGTGTGG..ACTCCGACCA]
13:27:24.078 - INFO - T_RNA - contig=contig_3, start=200329, stop=200405, strand=+, gene=trnM, product=tRNA-Met(cat), score=62.8, nt=[GGCGGCATAG..GCCGCTACCA]
13:27:24.078 - INFO - T_RNA - contig=contig_3, start=200479, stop=200553, strand=+, gene=trnE, product=tRNA-Glu(ttc), score=77.0, nt=[GGCCCGTTGG..CGGGTCACCA]
13:27:24.078 - INFO - T_RNA - contig=contig_3, start=200559, stop=200634, strand=+, gene=trnV, product=tRNA-Val(cac), score=77.3, nt=[GGAGGCGTAG..GTCTCCACCA]
13:27:24.078 - INFO - T_RNA - contig=contig_3, start=200940, stop=201015, strand=-, gene=trnV, product=tRNA-Val(gac), score=80.6, nt=[GGACGATTAG..TCGTCCACCA]
13:27:24.078 - INFO - T_RNA - contig=contig_3, start=126593, stop=126668, strand=-, gene=trnG, product=tRNA-Gly(gcc), score=77.6, nt=[GCAGGTGTAG..ACCTGCTCCA]
13:27:24.078 - INFO - T_RNA - contig=contig_3, start=73414, stop=73490, strand=-, gene=trnR, product=tRNA-Arg(cct), score=71.6, nt=[GCCCCCGTAG..GGGGGTGCCA]
13:27:24.078 - INFO - T_RNA - contig=contig_4, start=172628, stop=172714, strand=-, gene=trnL, product=tRNA-Leu(taa), score=74.2, nt=[GCCGGAGTGG..TCCGGCACCA]
13:27:24.078 - INFO - T_RNA - contig=contig_4, start=172548, stop=172624, strand=-, gene=trnfM, product=tRNA-fMet(cat), score=81.0, nt=[CGCGGGGTAG..CCCGCAACCA]
13:27:24.078 - INFO - T_RNA - contig=contig_5, start=14798, stop=14883, strand=+, gene=trnL, product=tRNA-Leu(gag), score=63.8, nt=[GCGGATGTGC..ATCCGCACCA]
13:27:24.078 - INFO - T_RNA - contig=contig_5, start=93994, stop=94081, strand=-, gene=trnL, product=tRNA-Leu(cag), score=66.2, nt=[GCGCGAGTGG..TCGCGCACCA]
13:27:24.079 - INFO - T_RNA - contig=contig_6, start=59467, stop=59540, strand=+, gene=trnQ, product=tRNA-Gln(ctg), score=66.0, nt=[AGCGGGATTG..CCCGCTGCCA]
13:27:24.079 - INFO - T_RNA - contig=contig_9, start=36722, stop=36797, strand=+, gene=trnT, product=tRNA-Thr(cgt), score=78.9, nt=[GCTGGTATAG..ACCAGCTCCA]
13:27:24.079 - INFO - T_RNA - contig=contig_10, start=117342, stop=117416, strand=-, gene=trnE, product=tRNA-Glu(ctc), score=74.5, nt=[GGCCCGTTGG..CGGGTCACCA]
13:27:24.079 - INFO - T_RNA - contig=contig_10, start=117248, stop=117323, strand=-, gene=trnK, product=tRNA-Lys(ctt), score=82.7, nt=[GCGCCTTTAG..AGGCGCACCA]
13:27:24.079 - INFO - T_RNA - contig=contig_10, start=79788, stop=79861, strand=-, gene=trnG, product=tRNA-Gly(tcc), score=79.4, nt=[GCGGGTGTAG..ACCCGCTCCA]
13:27:24.079 - INFO - T_RNA - contig=contig_10, start=79708, stop=79784, strand=-, gene=trnR, product=tRNA-Arg(tct), score=80.8, nt=[GCGCCTGTAG..AGGCGTGCCA]
13:27:24.079 - INFO - T_RNA - contig=contig_10, start=79546, stop=79621, strand=-, gene=trnH, product=tRNA-His(gtg), score=73.3, nt=[GTGGATGTAG..ATCCACCCCA]
13:27:24.079 - INFO - T_RNA - contig=contig_10, start=79407, stop=79481, strand=-, gene=trnQ, product=tRNA-Gln(ttg), score=73.5, nt=[TGGGGTGTAG..ATCCCAGCCA]
13:27:24.079 - INFO - T_RNA - contig=contig_10, start=79328, stop=79403, strand=-, gene=trnK, product=tRNA-Lys(ttt), score=82.8, nt=[GACTCGTTAG..CGGGTCACCA]
13:27:24.079 - INFO - T_RNA - contig=contig_11, start=34279, stop=34352, strand=-, gene=trnG, product=tRNA-Gly(ccc), score=80.4, nt=[GCAGGTATAG..ACCTGCTCCA]
13:27:24.079 - INFO - T_RNA - contig=contig_12, start=23781, stop=23857, strand=+, gene=trnR, product=tRNA-Arg(ccg), score=69.1, nt=[GCGCCCGTAG..GGGCGTACCA]
13:27:24.079 - INFO - T_RNA - contig=contig_12, start=91149, stop=91239, strand=-, gene=trnS, product=tRNA-Ser(gga), score=78.2, nt=[GGAGTAGTAT..TACTCCGCCA]
13:27:24.079 - INFO - T_RNA - contig=contig_13, start=45242, stop=45317, strand=-, gene=trnT, product=tRNA-Thr(tgt), score=79.1, nt=[GCTGGTGTAG..ACCAGCTCCA]
13:27:24.079 - INFO - T_RNA - contig=contig_13, start=45147, stop=45230, strand=-, gene=trnY, product=tRNA-Tyr(gta), score=74.0, nt=[GGAGGAGTTC..TCCTCCACCA]
13:27:24.079 - INFO - T_RNA - contig=contig_14, start=1533, stop=1617, strand=-, gene=trnL, product=tRNA-Leu(tag), score=68.9, nt=[GCGGGTATGA..ACCCGTACCA]
13:27:24.079 - INFO - T_RNA - contig=contig_17, start=11849, stop=11924, strand=+, gene=trnA, product=tRNA-Ala(ggc), score=70.1, nt=[GGGGGTATAG..ATCTCCACCA]
13:27:24.079 - INFO - T_RNA - contig=contig_17, start=12121, stop=12196, strand=+, gene=trnA, product=tRNA-Ala(ggc), score=70.1, nt=[GGGGGTATAG..ATCTCCACCA]
13:27:24.079 - INFO - T_RNA - contig=contig_23, start=48759, stop=48835, strand=+, gene=trnP, product=tRNA-Pro(ggg), score=66.1, nt=[CCGGGTGTGG..ACTCGGACCA]
13:27:24.079 - INFO - T_RNA - contig=contig_33, start=411, stop=478, strand=+, gene=None, product=tRNA-Xxx, score=33.0, nt=[AGGGGGAAAT..CGCTCCGCCA]
13:27:24.079 - INFO - T_RNA - contig=contig_36, start=4309, stop=4384, strand=-, gene=trnP, product=tRNA-Pro(tgg), score=72.8, nt=[CCGGGTATAG..ACTCGGACCA]
13:27:24.079 - INFO - T_RNA - contig=contig_37, start=20562, stop=20649, strand=-, gene=trnS, product=tRNA-Ser(tga), score=79.8, nt=[GGAGAGATGT..CTCTCCGCCA]
13:27:24.079 - INFO - T_RNA - contig=contig_37, start=20414, stop=20504, strand=-, gene=trnS, product=tRNA-Ser(gct), score=84.9, nt=[GGAGAAGTAC..TTCTCCGCCA]
13:27:24.079 - INFO - T_RNA - contig=contig_39, start=17829, stop=17904, strand=+, gene=trnV, product=tRNA-Val(tac), score=78.6, nt=[GGGAGCATAG..GTTCCCACCA]
13:27:24.079 - INFO - T_RNA - contig=contig_39, start=17939, stop=18015, strand=+, gene=trnD, product=tRNA-Asp(gtc), score=89.7, nt=[GGCGCGGTAG..CGCGTCGCCA]
13:27:24.079 - INFO - T_RNA - contig=contig_39, start=18019, stop=18094, strand=+, gene=trnF, product=tRNA-Phe(gaa), score=82.1, nt=[GCCTCTGTAG..GGAGGCACCA]
13:27:24.079 - INFO - T_RNA - contig=contig_39, start=18186, stop=18261, strand=+, gene=trnG, product=tRNA-Gly(gcc), score=77.6, nt=[GCAGGTGTAG..ACCTGCTCCA]
13:27:24.079 - INFO - T_RNA - contig=contig_39, start=18306, stop=18379, strand=+, gene=trnC, product=tRNA-Cys(gca), score=73.3, nt=[GGCGACATAG..GTCGCCTCCA]
13:27:24.079 - INFO - T_RNA - contig=contig_39, start=425, stop=501, strand=-, gene=trnR, product=tRNA-Arg(acg), score=81.9, nt=[GCGGCTGTAG..AGCCGTACCA]
13:27:24.079 - INFO - T_RNA - contig=contig_45, start=14241, stop=14316, strand=-, gene=trnK, product=tRNA-Lys(ctt), score=82.7, nt=[GCGCCTTTAG..AGGCGCACCA]
13:27:24.079 - INFO - T_RNA - contig=contig_45, start=14163, stop=14237, strand=-, gene=trnE, product=tRNA-Glu(ctc), score=74.5, nt=[GGCCCGTTGG..CGGGTCACCA]
13:27:24.079 - INFO - T_RNA - contig=contig_45, start=13809, stop=13884, strand=-, gene=trnN, product=tRNA-Asn(gtt), score=77.8, nt=[TCCTCAATAG..TGGGGAGCCA]
13:27:24.079 - INFO - T_RNA - contig=contig_45, start=13669, stop=13745, strand=-, gene=trnI, product=tRNA-Ile2(cat), score=81.8, nt=[GGGCCTTTAG..AGGCCCACCA]
13:27:24.079 - INFO - T_RNA - contig=contig_45, start=13590, stop=13665, strand=-, gene=trnW, product=tRNA-Trp(cca), score=84.6, nt=[AGGGGTATAG..GCCCCTGCCA]
13:27:24.079 - INFO - T_RNA - contig=contig_45, start=13473, stop=13549, strand=-, gene=trnD, product=tRNA-Asp(gtc), score=89.7, nt=[GGCGCGGTAG..CGCGTCGCCA]
13:27:24.079 - INFO - T_RNA - contig=contig_45, start=13394, stop=13469, strand=-, gene=trnT, product=tRNA-Thr(ggt), score=79.6, nt=[GCTGCTATAG..AGCAGCTCCA]
13:27:24.080 - INFO - T_RNA - contig=contig_49, start=424, stop=608, strand=-, gene=None, product=tRNA-Xxx, score=26.5, nt=[GGGGCGTCGT..GCCTCCACCA]
13:27:24.080 - INFO - T_RNA - contig=contig_54, start=7123, stop=7198, strand=+, gene=trnA, product=tRNA-Ala(cgc), score=79.2, nt=[GGGCCTGTAG..AGGTCCACCA]
13:27:24.080 - INFO - T_RNA - contig=contig_57, start=4415, stop=4497, strand=-, gene=trnA, product=tRNA-Ala(ggc), score=33.6, nt=[GGGGGTTCGC..ATCTCCACCA]
13:27:24.080 - INFO - T_RNA - contig=contig_59, start=190, stop=266, strand=+, gene=trnI, product=tRNA-Ile(gat), score=86.3, nt=[GGGCCCATAG..GGGCCCACCA]
13:27:24.080 - INFO - T_RNA - contig=contig_59, start=276, stop=351, strand=+, gene=trnA, product=tRNA-Ala(tgc), score=82.6, nt=[GGGGGTATAG..ACCTCCACCA]
13:27:24.080 - INFO - T_RNA - contig=contig_108, start=144, stop=237, strand=+, gene=trnS, product=tRNA-Ser(cga), score=84.6, nt=[GGAGATGTAC..ATCTCCGCCA]
13:27:24.080 - INFO - T_RNA - predicted=53
13:27:25.501 - INFO - TM_RNA - predicted=0
13:27:43.722 - INFO - R_RNA - contig=contig_7, start=31, stop=1563, strand=-, gene=rrs, product=16S ribosomal RNA, length=1533, coverage=1.000, truncated=None, score=1565.8, evalue=1.1e-47, nt=[TTTATTGAGA..CACCTCCTTT]
13:27:43.722 - INFO - R_RNA - contig=contig_10, start=117047, stop=117162, strand=-, gene=rrf, product=5S ribosomal RNA, length=116, coverage=0.975, truncated=None, score=81.7, evalue=6.5e-13, nt=[GTCGGTATTG..AATGCCGACA]
13:27:43.722 - INFO - R_RNA - contig=contig_45, start=13925, stop=14040, strand=-, gene=rrf, product=5S ribosomal RNA, length=116, coverage=0.975, truncated=None, score=83.0, evalue=3.6e-13, nt=[GTTGGTGCTG..AGCGCCAACA]
13:27:43.722 - INFO - R_RNA - contig=contig_59, start=627, stop=3467, strand=+, gene=rrl, product=23S ribosomal RNA, length=2841, coverage=0.971, truncated=None, score=2820.3, evalue=2.6e-05, nt=[GGTCAAGCTA..GCTTGACCTT]
13:27:43.722 - INFO - R_RNA - predicted=4
13:32:04.366 - INFO - NC_RNA - contig=contig_2, start=139790, stop=140179, strand=+, gene=RNaseP_bact_a, product=Bacterial RNase P class A, length=390, truncated=None, score=242.7, evalue=2.2e-34, nt=[CAAGTAAGCT..TGCTTGCAGC]
13:32:04.366 - INFO - NC_RNA - contig=contig_2, start=164273, stop=164380, strand=+, gene=STnc490, product=STnc490 Hfq binding RNA, length=108, truncated=None, score=60.8, evalue=1.0e-08, nt=[CCCCCTCGGC..AAATCAAAAG]
13:32:04.366 - INFO - NC_RNA - contig=contig_5, start=40015, stop=40217, strand=-, gene=6S, product=6S / SsrS RNA, length=203, truncated=None, score=64.8, evalue=2.7e-11, nt=[TTTTTCCTGC..CGGGGTCACC]
13:32:04.366 - INFO - NC_RNA - contig=contig_35, start=4919, stop=5013, strand=+, gene=skipping-rope, product=skipping-rope RNA, length=95, truncated=None, score=48.1, evalue=7.9e-07, nt=[GTTATTTGAG..GCCAAATAAC]
13:32:04.366 - INFO - NC_RNA - contig=contig_54, start=6698, stop=6962, strand=-, gene=Bacteria_large_SRP, product=Bacterial large signal recognition particle RNA, length=265, truncated=None, score=182.9, evalue=6.2e-29, nt=[CCGCACTAGT..CGGTGTGCGG]
13:32:04.366 - INFO - NC_RNA - contig=contig_54, start=6751, stop=6849, strand=-, gene=Bacteria_small_SRP, product=Bacterial small signal recognition particle RNA, length=99, truncated=None, score=64.7, evalue=9.4e-11, nt=[GGATCGGTCC..CCCGCTCCTG]
13:32:04.366 - INFO - NC_RNA - predicted=6
13:33:01.820 - INFO - NC_RNA_REGION - contig=contig_1, start=26928, stop=27107, strand=-, label=malK-I, product=malK-I RNA, length=180, truncated=None, score=130.7, evalue=1.8e-22
13:33:01.820 - INFO - NC_RNA_REGION - contig=contig_1, start=353284, stop=353370, strand=-, label=c-di-GMP-I, product=Cyclic di-GMP-I riboswitch, length=87, truncated=None, score=77.5, evalue=2.7e-12
13:33:01.820 - INFO - NC_RNA_REGION - contig=contig_1, start=353283, stop=353369, strand=-, label=c-di-GMP-I-GGC, product=c-di-GMP-I-GGC riboswitch, length=87, truncated=None, score=56.0, evalue=3.7e-09
13:33:01.820 - INFO - NC_RNA_REGION - contig=contig_2, start=157980, stop=158159, strand=+, label=Lysine, product=Lysine riboswitch, length=180, truncated=None, score=65.6, evalue=6.3e-09
13:33:01.820 - INFO - NC_RNA_REGION - contig=contig_2, start=66049, stop=66140, strand=-, label=ZMP-ZTP, product=ZMP/ZTP riboswitch, length=92, truncated=None, score=56.5, evalue=8.7e-08
13:33:01.820 - INFO - NC_RNA_REGION - contig=contig_3, start=218599, stop=218816, strand=-, label=T-box, product=T-box leader, length=218, truncated=None, score=103.8, evalue=3.4e-13
13:33:01.820 - INFO - NC_RNA_REGION - contig=contig_3, start=23081, stop=23160, strand=+, label=c-di-GMP-I, product=Cyclic di-GMP-I riboswitch, length=80, truncated=None, score=53.6, evalue=9.3e-08
13:33:01.821 - INFO - NC_RNA_REGION - contig=contig_3, start=38442, stop=38516, strand=-, label=Fluoride, product=Fluoride riboswitch (crcB), length=75, truncated=None, score=47.6, evalue=1.3e-06
13:33:01.821 - INFO - NC_RNA_REGION - contig=contig_4, start=162295, stop=162481, strand=+, label=Cobalamin, product=Cobalamin riboswitch, length=187, truncated=None, score=116.0, evalue=8.1e-19
13:33:01.821 - INFO - NC_RNA_REGION - contig=contig_5, start=31191, stop=31326, strand=+, label=L10_leader, product=Ribosomal protein L10 leader, length=136, truncated=None, score=50.0, evalue=4.7e-05
13:33:01.821 - INFO - NC_RNA_REGION - contig=contig_6, start=116360, stop=116592, strand=-, label=T-box, product=T-box leader, length=233, truncated=None, score=110.5, evalue=4.1e-14
13:33:01.821 - INFO - NC_RNA_REGION - contig=contig_7, start=73881, stop=74086, strand=-, label=T-box, product=T-box leader, length=206, truncated=None, score=99.4, evalue=1.3e-12
13:33:01.821 - INFO - NC_RNA_REGION - contig=contig_9, start=108663, stop=108781, strand=+, label=yjdF, product=yjdF RNA, length=119, truncated=None, score=72.7, evalue=4.9e-12
13:33:01.821 - INFO - NC_RNA_REGION - contig=contig_10, start=35706, stop=35913, strand=-, label=Cobalamin, product=Cobalamin riboswitch, length=208, truncated=None, score=88.5, evalue=2.6e-14
13:33:01.821 - INFO - NC_RNA_REGION - contig=contig_10, start=89936, stop=90177, strand=+, label=T-box, product=T-box leader, length=242, truncated=None, score=104.3, evalue=2.9e-13
13:33:01.821 - INFO - NC_RNA_REGION - contig=contig_11, start=6346, stop=6480, strand=+, label=FMN, product=FMN riboswitch (RFN element), length=135, truncated=None, score=83.8, evalue=9.6e-14
13:33:01.821 - INFO - NC_RNA_REGION - contig=contig_12, start=34917, stop=35013, strand=-, label=SAM, product=SAM riboswitch (S box leader), length=97, truncated=None, score=83.9, evalue=4.5e-15
13:33:01.821 - INFO - NC_RNA_REGION - contig=contig_13, start=48508, stop=48592, strand=+, label=Glycine, product=Glycine riboswitch, length=85, truncated=None, score=53.8, evalue=8.1e-09
13:33:01.821 - INFO - NC_RNA_REGION - contig=contig_14, start=21391, stop=21569, strand=-, label=Lysine, product=Lysine riboswitch, length=179, truncated=None, score=72.6, evalue=6.0e-10
13:33:01.821 - INFO - NC_RNA_REGION - contig=contig_16, start=9264, stop=9410, strand=-, label=xerDC, product=xerDC RNA, length=147, truncated=None, score=73.4, evalue=1.1e-10
13:33:01.821 - INFO - NC_RNA_REGION - contig=contig_18, start=10296, stop=10353, strand=-, label=pemK, product=pemK RNA, length=58, truncated=None, score=56.7, evalue=4.0e-08
13:33:01.821 - INFO - NC_RNA_REGION - contig=contig_20, start=47267, stop=47502, strand=+, label=T-box, product=T-box leader, length=236, truncated=None, score=115.6, evalue=8.5e-15
13:33:01.821 - INFO - NC_RNA_REGION - contig=contig_20, start=56857, stop=56973, strand=+, label=TPP, product=TPP riboswitch (THI element), length=117, truncated=None, score=58.3, evalue=3.9e-09
13:33:01.821 - INFO - NC_RNA_REGION - contig=contig_26, start=32960, stop=33102, strand=-, label=MOCO_RNA_motif, product=Moco (molybdenum cofactor) riboswitch, length=143, truncated=None, score=77.9, evalue=3.1e-13
13:33:01.821 - INFO - NC_RNA_REGION - contig=contig_26, start=27561, stop=27681, strand=-, label=MOCO_RNA_motif, product=Moco (molybdenum cofactor) riboswitch, length=121, truncated=None, score=54.3, evalue=1.2e-08
13:33:01.821 - INFO - NC_RNA_REGION - contig=contig_27, start=33373, stop=33452, strand=+, label=pemK, product=pemK RNA, length=80, truncated=None, score=69.4, evalue=2.0e-10
13:33:01.821 - INFO - NC_RNA_REGION - contig=contig_31, start=27182, stop=27314, strand=+, label=pemK, product=pemK RNA, length=133, truncated=None, score=65.2, evalue=1.2e-09
13:33:01.821 - INFO - NC_RNA_REGION - contig=contig_33, start=768, stop=865, strand=+, label=NiCo, product=NiCo riboswitch, length=98, truncated=None, score=79.7, evalue=1.4e-13
13:33:01.821 - INFO - NC_RNA_REGION - contig=contig_33, start=15895, stop=15996, strand=+, label=TPP, product=TPP riboswitch (THI element), length=102, truncated=None, score=63.0, evalue=4.6e-10
13:33:01.821 - INFO - NC_RNA_REGION - contig=contig_34, start=22645, stop=22692, strand=+, label=ssnA, product=ssnA RNA, length=48, truncated=None, score=54.4, evalue=9.9e-12
13:33:01.821 - INFO - NC_RNA_REGION - predicted=30
13:33:02.642 - INFO - CRISPR - contig=contig_5, start=8028, stop=8289, spacer-length=60, repeat-length=18, # repeats=4, repeat-consensus=GGTGCCGCCGTTGATGGT, nt=[GTGCCGCCGT..AGGTGCAGTT]
13:33:02.642 - INFO - CRISPR - predicted=1
13:33:02.642 - INFO - CDS - create prodigal training info object: meta=False, closed=True
13:33:04.577 - INFO - CDS - contig=contig_1, start=1, stop=297, strand=+, frame=1, truncated=no, start-type=ATG, RBS-motif=None
13:33:04.577 - INFO - CDS - contig=contig_1, start=447, stop=1343, strand=-, frame=1, truncated=no, start-type=ATG, RBS-motif=GGxGG
13:33:04.577 - INFO - CDS - contig=contig_1, start=1631, stop=2386, strand=-, frame=2, truncated=no, start-type=GTG, RBS-motif=AGGAGG
13:33:04.577 - INFO - CDS - contig=contig_1, start=2408, stop=3163, strand=-, frame=2, truncated=no, start-type=ATG, RBS-motif=GGxGG
13:33:04.577 - INFO - CDS - contig=contig_1, start=3156, stop=4079, strand=-, frame=1, truncated=no, start-type=ATG, RBS-motif=GGA/GAG/AGG
13:33:04.577 - INFO - CDS - contig=contig_1, start=4162, stop=4869, strand=-, frame=3, truncated=no, start-type=ATG, RBS-motif=GGAG/GAGG
13:33:04.578 - INFO - CDS - contig=contig_1, start=4871, stop=6595, strand=-, frame=2, truncated=no, start-type=ATG, RBS-motif=GGAGG
13:33:04.578 - INFO - CDS - contig=contig_1, start=6586, stop=6999, strand=-, frame=3, truncated=no, start-type=ATG, RBS-motif=GGAG/GAGG
13:33:04.578 - INFO - CDS - contig=contig_1, start=7086, stop=7706, strand=+, frame=3, truncated=no, start-type=ATG, RBS-motif=AGGA
13:33:04.578 - INFO - CDS - contig=contig_1, start=7778, stop=9154, strand=+, frame=2, truncated=no, start-type=ATG, RBS-motif=AGGAGG
13:33:04.578 - INFO - CDS - contig=contig_1, start=9285, stop=10178, strand=-, frame=1, truncated=no, start-type=ATG, RBS-motif=GGA/GAG/AGG
13:33:04.578 - INFO - CDS - contig=contig_1, start=10198, stop=10617, strand=-, frame=3, truncated=no, start-type=ATG, RBS-motif=GGAG/GAGG
13:33:04.578 - INFO - CDS - contig=contig_1, start=10620, stop=11834, strand=-, frame=1, truncated=no, start-type=ATG, RBS-motif=GGAG/GAGG
13:33:04.578 - INFO - CDS - contig=contig_1, start=11871, stop=12539, strand=-, frame=1, truncated=no, start-type=ATG, RBS-motif=AGGA
13:33:04.578 - INFO - CDS - contig=contig_1, start=12639, stop=13253, strand=-, frame=1, truncated=no, start-type=ATG, RBS-motif=AGGAG
13:33:04.578 - INFO - CDS - contig=contig_1, start=13355, stop=14809, strand=-, frame=2, truncated=no, start-type=ATG, RBS-motif=GGA/GAG/AGG
13:33:04.578 - INFO - CDS - contig=contig_1, start=15079, stop=16356, strand=-, frame=3, truncated=no, start-type=ATG, RBS-motif=GGAG/GAGG
13:33:04.578 - INFO - CDS - contig=contig_1, start=16458, stop=17627, strand=-, frame=1, truncated=no, start-type=ATG, RBS-motif=GGAG/GAGG
13:33:04.578 - INFO - CDS - contig=contig_1, start=17773, stop=18438, strand=-, frame=3, truncated=no, start-type=ATG, RBS-motif=GGAG/GAGG
13:33:04.578 - INFO - CDS - contig=contig_1, start=18440, stop=20080, strand=-, frame=2, truncated=no, start-type=GTG, RBS-motif=AGGAGG
13:33:04.579 - INFO - CDS - contig=contig_1, start=20108, stop=21313, strand=-, frame=2, truncated=no, start-type=ATG, RBS-motif=AGGAGG
13:33:04.579 - INFO - CDS - contig=contig_1, start=21790, stop=22383, strand=+, frame=1, truncated=no, start-type=ATG, RBS-motif=AGGAGG
13:33:04.579 - INFO - CDS - contig=contig_1, start=22388, stop=23050, strand=+, frame=2, truncated=no, start-type=ATG, RBS-motif=AGGAG/GGAGG
13:33:04.579 - INFO - CDS - contig=contig_1, start=23427, stop=24356, strand=-, frame=1, truncated=no, start-type=ATG, RBS-motif=GGAGG
13:33:04.579 - INFO - CDS - contig=contig_1, start=24373, stop=25014, strand=-, frame=3, truncated=no, start-type=ATG, RBS-motif=None
13:33:04.579 - INFO - CDS - contig=contig_1, start=25809, stop=26939, strand=-, frame=1, truncated=no, start-type=ATG, RBS-motif=None
13:33:04.579 - INFO - CDS - contig=contig_1, start=27120, stop=28247, strand=-, frame=1, truncated=no, start-type=ATG, RBS-motif=GGA/GAG/AGG
13:33:04.579 - INFO - CDS - contig=contig_1, start=28238, stop=28990, strand=-, frame=2, truncated=no, start-type=ATG, RBS-motif=AGGA/GGAG/GAGG
13:33:04.579 - INFO - CDS - contig=contig_1, start=29095, stop=30000, strand=-, frame=3, truncated=no, start-type=ATG, RBS-motif=AGxAGG/AGGxGG
13:33:04.579 - INFO - CDS - contig=contig_1, start=30080, stop=31003, strand=-, frame=2, truncated=no, start-type=ATG, RBS-motif=AGxAGG/AGGxGG
13:33:04.579 - INFO - CDS - contig=contig_1, start=31019, stop=31924, strand=-, frame=2, truncated=no, start-type=TTG, RBS-motif=AGGAG
13:33:04.579 - INFO - CDS - contig=contig_1, start=32110, stop=33480, strand=-, frame=3, truncated=no, start-type=ATG, RBS-motif=AGGAGG
13:33:04.579 - INFO - CDS - contig=contig_1, start=33640, stop=34494, strand=-, frame=3, truncated=no, start-type=ATG, RBS-motif=GGAG/GAGG
13:33:04.579 - INFO - CDS - contig=contig_1, start=34506, stop=35711, strand=-, frame=1, truncated=no, start-type=ATG, RBS-motif=AGxAGG/AGGxGG
13:33:04.580 - INFO - CDS - contig=contig_1, start=35898, stop=37280, strand=+, frame=3, truncated=no, start-type=ATG, RBS-motif=AGGAGG
13:33:04.580 - INFO - CDS - contig=contig_1, start=37291, stop=37953, strand=+, frame=1, truncated=no, start-type=ATG, RBS-motif=GGAG/GAGG
13:33:04.580 - INFO - CDS - contig=contig_1, start=38017, stop=39231, strand=-, frame=3, truncated=no, start-type=ATG, RBS-motif=GGA/GAG/AGG
13:33:04.580 - INFO - CDS - contig=contig_1, start=39340, stop=40275, strand=+, frame=1, truncated=no, start-type=ATG, RBS-motif=AGGAG
13:33:04.580 - INFO - CDS - contig=contig_1, start=40329, stop=40682, strand=-, frame=1, truncated=no, start-type=ATG, RBS-motif=AGGAGG
13:33:04.580 - INFO - CDS - contig=contig_1, start=40970, stop=41641, strand=-, frame=2, truncated=no, start-type=ATG, RBS-motif=GGAG/GAGG
13:33:04.580 - INFO - CDS - contig=contig_1, start=41707, stop=41940, strand=-, frame=3, truncated=no, start-type=ATG, RBS-motif=AGGAG
13:33:04.580 - INFO - CDS - contig=contig_1, start=42034, stop=43071, strand=-, frame=3, truncated=no, start-type=ATG, RBS-motif=GGAG/GAGG
13:33:04.580 - INFO - CDS - contig=contig_1, start=43526, stop=43726, strand=+, frame=2, truncated=no, start-type=TTG, RBS-motif=AGGAG
13:33:04.580 - INFO - CDS - contig=contig_1, start=43814, stop=45118, strand=-, frame=2, truncated=no, start-type=ATG, RBS-motif=AGGAG
13:33:04.580 - INFO - CDS - contig=contig_1, start=45161, stop=47434, strand=-, frame=2, truncated=no, start-type=GTG, RBS-motif=AGGAG
13:33:04.580 - INFO - CDS - contig=contig_1, start=47503, stop=48723, strand=-, frame=3, truncated=no, start-type=ATG, RBS-motif=AGGAGG
13:33:04.580 - INFO - CDS - contig=contig_1, start=48755, stop=49513, strand=-, frame=2, truncated=no, start-type=ATG, RBS-motif=GGAG/GAGG
13:33:04.580 - INFO - CDS - contig=contig_1, start=49523, stop=50176, strand=-, frame=2, truncated=no, start-type=ATG, RBS-motif=GGAG/GAGG
13:33:04.580 - INFO - CDS - contig=contig_1, start=50353, stop=51735, strand=-, frame=3, truncated=no, start-type=TTG, RBS-motif=GGAGG
13:33:04.580 - INFO - CDS - contig=contig_1, start=51859, stop=51978, strand=-, frame=3, truncated=no, start-type=ATG, RBS-motif=GGAGG
13:33:04.581 - INFO - CDS - contig=contig_1, start=52340, stop=53479, strand=+, frame=2, truncated=no, start-type=ATG, RBS-motif=AGGAG
13:33:04.581 - INFO - CDS - contig=contig_1, start=53492, stop=54043, strand=+, frame=2, truncated=no, start-type=ATG, RBS-motif=AGGAGG
13:33:04.581 - INFO - CDS - contig=contig_1, start=54297, stop=54695, strand=+, frame=3, truncated=no, start-type=TTG, RBS-motif=GGAGG
13:33:04.581 - INFO - CDS - contig=contig_1, start=54735, stop=55445, strand=+, frame=3, truncated=no, start-type=ATG, RBS-motif=AGGAGG
13:33:04.581 - INFO - CDS - contig=contig_1, start=55457, stop=56449, strand=+, frame=2, truncated=no, start-type=ATG, RBS-motif=AGGAGG
13:33:04.581 - INFO - CDS - contig=contig_1, start=56450, stop=57826, strand=+, frame=2, truncated=no, start-type=ATG, RBS-motif=AGGA
13:33:04.581 - INFO - CDS - contig=contig_1, start=57857, stop=60913, strand=+, frame=2, truncated=no, start-type=ATG, RBS-motif=GGAG/GAGG
13:33:04.581 - INFO - CDS - contig=contig_1, start=61048, stop=61575, strand=+, frame=1, truncated=no, start-type=ATG, RBS-motif=AGGAGG
13:33:04.581 - INFO - CDS - contig=contig_1, start=61579, stop=62241, strand=+, frame=1, truncated=no, start-type=TTG, RBS-motif=AGGAGG
13:33:04.581 - INFO - CDS - contig=contig_1, start=62525, stop=63511, strand=+, frame=2, truncated=no, start-type=GTG, RBS-motif=GGAG/GAGG
13:33:04.581 - INFO - CDS - contig=contig_1, start=63523, stop=65430, strand=+, frame=1, truncated=no, start-type=ATG, RBS-motif=None
13:33:04.581 - INFO - CDS - contig=contig_1, start=65459, stop=67018, strand=+, frame=2, truncated=no, start-type=ATG, RBS-motif=AGGAGG
13:33:04.581 - INFO - CDS - contig=contig_1, start=67161, stop=68114, strand=-, frame=1, truncated=no, start-type=ATG, RBS-motif=GGAGG
13:33:04.581 - INFO - CDS - contig=contig_1, start=68095, stop=68763, strand=-, frame=3, truncated=no, start-type=ATG, RBS-motif=AGGAG
13:33:04.581 - INFO - CDS - contig=contig_1, start=69064, stop=69543, strand=+, frame=1, truncated=no, start-type=TTG, RBS-motif=GGxGG
13:33:04.582 - INFO - CDS - contig=contig_1, start=69552, stop=70052, strand=+, frame=3, truncated=no, start-type=ATG, RBS-motif=GGAG/GAGG
13:33:04.582 - INFO - CDS - contig=contig_1, start=70126, stop=70698, strand=+, frame=1, truncated=no, start-type=ATG, RBS-motif=AGGAG/GGAGG
13:33:04.582 - INFO - CDS - contig=contig_1, start=70785, stop=72479, strand=+, frame=3, truncated=no, start-type=TTG, RBS-motif=AGGA/GGAG/GAGG
13:33:04.582 - INFO - CDS - contig=contig_1, start=72451, stop=72963, strand=+, frame=1, truncated=no, start-type=ATG, RBS-motif=GGAG/GAGG
13:33:04.582 - INFO - CDS - contig=contig_1, start=72976, stop=73815, strand=+, frame=1, truncated=no, start-type=ATG, RBS-motif=AGGAG
13:33:04.582 - INFO - CDS - contig=contig_1, start=73835, stop=74641, strand=+, frame=2, truncated=no, start-type=ATG, RBS-motif=AGGAGG
13:33:04.582 - INFO - CDS - contig=contig_1, start=74634, stop=76010, strand=+, frame=3, truncated=no, start-type=ATG, RBS-motif=AGGAGG
13:33:04.582 - INFO - CDS - contig=contig_1, start=76014, stop=76946, strand=+, frame=3, truncated=no, start-type=TTG, RBS-motif=AGGAGG
13:33:04.582 - INFO - CDS - contig=contig_1, start=76943, stop=77821, strand=+, frame=2, truncated=no, start-type=ATG, RBS-motif=GGAGG
13:33:04.582 - INFO - CDS - contig=contig_1, start=78005, stop=78151, strand=+, frame=2, truncated=no, start-type=ATG, RBS-motif=AGGAG
13:33:04.582 - INFO - CDS - contig=contig_1, start=78200, stop=78421, strand=+, frame=2, truncated=no, start-type=ATG, RBS-motif=AGGAGG
13:33:04.582 - INFO - CDS - contig=contig_1, start=78508, stop=78855, strand=+, frame=1, truncated=no, start-type=ATG, RBS-motif=GGAGG
13:33:04.582 - INFO - CDS - contig=contig_1, start=78916, stop=79332, strand=+, frame=1, truncated=no, start-type=ATG, RBS-motif=GGAGG
13:33:04.582 - INFO - CDS - contig=contig_1, start=79332, stop=79922, strand=+, frame=3, truncated=no, start-type=ATG, RBS-motif=AGxAGG/AGGxGG
13:33:04.582 - INFO - CDS - contig=contig_1, start=79983, stop=80684, strand=+, frame=3, truncated=no, start-type=ATG, RBS-motif=AGGAGG
13:33:04.582 - INFO - CDS - contig=contig_1, start=80681, stop=81160, strand=+, frame=2, truncated=no, start-type=ATG, RBS-motif=AGGA
13:33:04.582 - INFO - CDS - contig=contig_1, start=81312, stop=81917, strand=+, frame=3, truncated=no, start-type=ATG, RBS-motif=AGGAGG
13:33:04.583 - INFO - CDS - contig=contig_1, start=82187, stop=82594, strand=+, frame=2, truncated=no, start-type=ATG, RBS-motif=AGGA
13:33:04.583 - INFO - CDS - contig=contig_1, start=82705, stop=83520, strand=+, frame=1, truncated=no, start-type=ATG, RBS-motif=AGGA
13:33:04.583 - INFO - CDS - contig=contig_1, start=83554, stop=84627, strand=+, frame=1, truncated=no, start-type=ATG, RBS-motif=GGAG/GAGG
13:33:04.583 - INFO - CDS - contig=contig_1, start=84666, stop=85511, strand=+, frame=3, truncated=no, start-type=ATG, RBS-motif=AGGAGG
13:33:04.583 - INFO - CDS - contig=contig_1, start=85613, stop=86152, strand=+, frame=2, truncated=no, start-type=ATG, RBS-motif=GGAGG
13:33:04.583 - INFO - CDS - contig=contig_1, start=86201, stop=86446, strand=+, frame=2, truncated=no, start-type=ATG, RBS-motif=GGAGG
13:33:04.583 - INFO - CDS - contig=contig_1, start=86534, stop=87220, strand=+, frame=2, truncated=no, start-type=ATG, RBS-motif=GGAGG
13:33:04.583 - INFO - CDS - contig=contig_1, start=87416, stop=87859, strand=+, frame=2, truncated=no, start-type=ATG, RBS-motif=AGGAG
13:33:04.583 - INFO - CDS - contig=contig_1, start=87970, stop=88575, strand=+, frame=1, truncated=no, start-type=TTG, RBS-motif=AGGAGG
13:33:04.583 - INFO - CDS - contig=contig_1, start=88911, stop=89573, strand=+, frame=3, truncated=no, start-type=ATG, RBS-motif=GGAG/GAGG
13:33:04.583 - INFO - CDS - contig=contig_1, start=89533, stop=89712, strand=+, frame=1, truncated=no, start-type=ATG, RBS-motif=AGGAGG
13:33:04.583 - INFO - CDS - contig=contig_1, start=90661, stop=91218, strand=+, frame=1, truncated=no, start-type=ATG, RBS-motif=AGGAG/GGAGG
13:33:04.583 - INFO - CDS - contig=contig_1, start=91215, stop=91733, strand=+, frame=3, truncated=no, start-type=ATG, RBS-motif=GGAG/GAGG
13:33:04.583 - INFO - CDS - contig=contig_1, start=91836, stop=92963, strand=+, frame=3, truncated=no, start-type=ATG, RBS-motif=GGAGG
13:33:04.583 - INFO - CDS - contig=contig_1, start=93079, stop=93882, strand=+, frame=1, truncated=no, start-type=ATG, RBS-motif=GGAGG
13:33:04.583 - INFO - CDS - contig=contig_1, start=93885, stop=94571, strand=+, frame=3, truncated=no, start-type=ATG, RBS-motif=AGGAGG
13:33:04.583 - INFO - CDS - contig=contig_1, start=94985, stop=95941, strand=+, frame=2, truncated=no, start-type=GTG, RBS-motif=AGGAG
13:33:04.584 - INFO - CDS - contig=contig_1, start=96068, stop=96679, strand=+, frame=2, truncated=no, start-type=ATG, RBS-motif=AGGAGG
13:33:04.584 - INFO - CDS - contig=contig_1, start=96676, stop=97377, strand=+, frame=1, truncated=no, start-type=ATG, RBS-motif=AGxAGG/AGGxGG
13:33:04.584 - INFO - CDS - contig=contig_1, start=97388, stop=98866, strand=+, frame=2, truncated=no, start-type=ATG, RBS-motif=AGGAGG
13:33:04.584 - INFO - CDS - contig=contig_1, start=99301, stop=99681, strand=+, frame=1, truncated=no, start-type=ATG, RBS-motif=AGGA
13:33:04.584 - INFO - CDS - contig=contig_1, start=99816, stop=100235, strand=+, frame=3, truncated=no, start-type=ATG, RBS-motif=GGAG/GAGG
13:33:04.584 - INFO - CDS - contig=contig_1, start=100271, stop=100987, strand=-, frame=2, truncated=no, start-type=GTG, RBS-motif=AGGAG
13:33:04.584 - INFO - CDS - contig=contig_1, start=100980, stop=101183, strand=-, frame=1, truncated=no, start-type=ATG, RBS-motif=AGGAGG
13:33:04.584 - INFO - CDS - contig=contig_1, start=101371, stop=101553, strand=-, frame=3, truncated=no, start-type=ATG, RBS-motif=AGxAGG/AGGxGG
13:33:04.584 - INFO - CDS - contig=contig_1, start=101543, stop=101956, strand=-, frame=2, truncated=no, start-type=ATG, RBS-motif=GGAGG
13:33:04.584 - INFO - CDS - contig=contig_1, start=102695, stop=103063, strand=-, frame=2, truncated=no, start-type=ATG, RBS-motif=AGxAGG/AGGxGG
13:33:04.584 - INFO - CDS - contig=contig_1, start=103109, stop=104506, strand=-, frame=2, truncated=no, start-type=ATG, RBS-motif=AGxAGG/AGGxGG
13:33:04.584 - INFO - CDS - contig=contig_1, start=104503, stop=105192, strand=-, frame=3, truncated=no, start-type=ATG, RBS-motif=None
13:33:04.584 - INFO - CDS - contig=contig_1, start=105189, stop=105791, strand=-, frame=1, truncated=no, start-type=ATG, RBS-motif=AGGAGG
13:33:04.584 - INFO - CDS - contig=contig_1, start=105981, stop=106955, strand=+, frame=3, truncated=no, start-type=ATG, RBS-motif=GGAGG
13:33:04.584 - INFO - CDS - contig=contig_1, start=107165, stop=107398, strand=+, frame=2, truncated=no, start-type=ATG, RBS-motif=GGAGG
13:33:04.584 - INFO - CDS - contig=contig_1, start=107349, stop=107993, strand=+, frame=3, truncated=no, start-type=ATG, RBS-motif=GGAG/GAGG
13:33:04.584 - INFO - CDS - contig=contig_1, start=108013, stop=108633, strand=+, frame=1, truncated=no, start-type=ATG, RBS-motif=AGGA
13:33:04.584 - INFO - CDS - contig=contig_1, start=108651, stop=109118, strand=+, frame=3, truncated=no, start-type=ATG, RBS-motif=AGGAG
13:33:04.585 - INFO - CDS - contig=contig_1, start=109294, stop=111003, strand=-, frame=3, truncated=no, start-type=ATG, RBS-motif=AGxAGG/AGGxGG
13:33:04.585 - INFO - CDS - contig=contig_1, start=110996, stop=112759, strand=-, frame=2, truncated=no, start-type=ATG, RBS-motif=AGGAGG
13:33:04.585 - INFO - CDS - contig=contig_1, start=112929, stop=113936, strand=+, frame=3, truncated=no, start-type=ATG, RBS-motif=AGxAGG/AGGxGG
13:33:04.585 - INFO - CDS - contig=contig_1, start=113933, stop=114685, strand=+, frame=2, truncated=no, start-type=ATG, RBS-motif=AGGA
13:33:04.585 - INFO - CDS - contig=contig_1, start=114739, stop=116259, strand=-, frame=3, truncated=no, start-type=ATG, RBS-motif=AGxAGG/AGGxGG
13:33:04.585 - INFO - CDS - contig=contig_1, start=116256, stop=116981, strand=-, frame=1, truncated=no, start-type=ATG, RBS-motif=GGA/GAG/AGG
13:33:04.585 - INFO - CDS - contig=contig_1, start=116978, stop=117589, strand=-, frame=2, truncated=no, start-type=ATG, RBS-motif=AGGAGG
13:33:04.585 - INFO - CDS - contig=contig_1, start=117779, stop=118744, strand=+, frame=2, truncated=no, start-type=ATG, RBS-motif=AGGAG(G)/GGAGG
13:33:04.585 - INFO - CDS - contig=contig_1, start=118819, stop=120564, strand=-, frame=3, truncated=no, start-type=ATG, RBS-motif=AGGAGG
13:33:04.585 - INFO - CDS - contig=contig_1, start=120567, stop=122324, strand=-, frame=1, truncated=no, start-type=GTG, RBS-motif=AGGAG
13:33:04.585 - INFO - CDS - contig=contig_1, start=122424, stop=123404, strand=-, frame=1, truncated=no, start-type=GTG, RBS-motif=AGGAG
13:33:04.585 - INFO - CDS - contig=contig_1, start=123423, stop=124805, strand=-, frame=1, truncated=no, start-type=ATG, RBS-motif=GGxGG
13:33:04.585 - INFO - CDS - contig=contig_1, start=124799, stop=125473, strand=-, frame=2, truncated=no, start-type=TTG, RBS-motif=AGGAGG
13:33:04.585 - INFO - CDS - contig=contig_1, start=125496, stop=126095, strand=-, frame=1, truncated=no, start-type=ATG, RBS-motif=GGA/GAG/AGG
13:33:04.586 - INFO - CDS - contig=contig_1, start=126224, stop=127057, strand=-, frame=2, truncated=no, start-type=ATG, RBS-motif=AGGAGG
13:33:04.586 - INFO - CDS - contig=contig_1, start=127082, stop=127897, strand=-, frame=2, truncated=no, start-type=ATG, RBS-motif=AGGAGG
13:33:04.586 - INFO - CDS - contig=contig_1, start=127939, stop=128631, strand=-, frame=3, truncated=no, start-type=ATG, RBS-motif=GGA/GAG/AGG
13:33:04.586 - INFO - CDS - contig=contig_1, start=128650, stop=129435, strand=-, frame=3, truncated=no, start-type=ATG, RBS-motif=GGAGG
13:33:04.586 - INFO - CDS - contig=contig_1, start=129723, stop=130202, strand=-, frame=1, truncated=no, start-type=ATG, RBS-motif=GGA/GAG/AGG
13:33:04.586 - INFO - CDS - contig=contig_1, start=130359, stop=130589, strand=+, frame=3, truncated=no, start-type=ATG, RBS-motif=GGAGG
13:33:04.586 - INFO - CDS - contig=contig_1, start=130680, stop=132410, strand=-, frame=1, truncated=no, start-type=ATG, RBS-motif=AGGAGG
13:33:04.586 - INFO - CDS - contig=contig_1, start=132407, stop=134152, strand=-, frame=2, truncated=no, start-type=ATG, RBS-motif=AGGAGG
13:33:04.586 - INFO - CDS - contig=contig_1, start=134228, stop=134857, strand=-, frame=2, truncated=no, start-type=ATG, RBS-motif=GGAG/GAGG
13:33:04.586 - INFO - CDS - contig=contig_1, start=135024, stop=135644, strand=+, frame=3, truncated=no, start-type=ATG, RBS-motif=GGAGG
13:33:04.586 - INFO - CDS - contig=contig_1, start=135715, stop=137466, strand=+, frame=1, truncated=no, start-type=GTG, RBS-motif=AGGAG
13:33:04.586 - INFO - CDS - contig=contig_1, start=137463, stop=139202, strand=+, frame=3, truncated=no, start-type=ATG, RBS-motif=AGGAGG
13:33:04.586 - INFO - CDS - contig=contig_1, start=139392, stop=140078, strand=+, frame=3, truncated=no, start-type=ATG, RBS-motif=AGGA/GGAG/GAGG
13:33:04.586 - INFO - CDS - contig=contig_1, start=140085, stop=140330, strand=+, frame=3, truncated=no, start-type=ATG, RBS-motif=AGGAGG
13:33:04.586 - INFO - CDS - contig=contig_1, start=140367, stop=140510, strand=+, frame=3, truncated=no, start-type=ATG, RBS-motif=GGAG/GAGG
13:33:04.586 - INFO - CDS - contig=contig_1, start=140709, stop=141104, strand=-, frame=1, truncated=no, start-type=ATG, RBS-motif=GGAGG
13:33:04.587 - INFO - CDS - contig=contig_1, start=141367, stop=141918, strand=+, frame=1, truncated=no, start-type=ATG, RBS-motif=GGAG/GAGG
13:33:04.587 - INFO - CDS - contig=contig_1, start=141963, stop=142385, strand=+, frame=3, truncated=no, start-type=ATG, RBS-motif=GGA/GAG/AGG
13:33:04.587 - INFO - CDS - contig=contig_1, start=142495, stop=143415, strand=+, frame=1, truncated=no, start-type=ATG, RBS-motif=GGA/GAG/AGG
13:33:04.587 - INFO - CDS - contig=contig_1, start=143585, stop=143857, strand=+, frame=2, truncated=no, start-type=ATG, RBS-motif=AGGA
13:33:04.587 - INFO - CDS - contig=contig_1, start=143910, stop=146024, strand=+, frame=3, truncated=no, start-type=ATG, RBS-motif=AGGAGG
13:33:04.587 - INFO - CDS - contig=contig_1, start=146205, stop=146603, strand=+, frame=3, truncated=no, start-type=TTG, RBS-motif=GGA/GAG/AGG
13:33:04.587 - INFO - CDS - contig=contig_1, start=146681, stop=147001, strand=-, frame=2, truncated=no, start-type=ATG, RBS-motif=None
13:33:04.587 - INFO - CDS - contig=contig_1, start=147001, stop=147381, strand=-, frame=3, truncated=no, start-type=ATG, RBS-motif=AGGAG/GGAGG
13:33:04.587 - INFO - CDS - contig=contig_1, start=147368, stop=148873, strand=-, frame=2, truncated=no, start-type=GTG, RBS-motif=AGGAGG
13:33:04.587 - INFO - CDS - contig=contig_1, start=148886, stop=149617, strand=-, frame=2, truncated=no, start-type=ATG, RBS-motif=GGA/GAG/AGG
13:33:04.587 - INFO - CDS - contig=contig_1, start=149617, stop=150204, strand=-, frame=3, truncated=no, start-type=ATG, RBS-motif=AGGA/GGAG/GAGG
13:33:04.587 - INFO - CDS - contig=contig_1, start=150328, stop=150945, strand=-, frame=3, truncated=no, start-type=ATG, RBS-motif=GGAGG
13:33:04.587 - INFO - CDS - contig=contig_1, start=151071, stop=152822, strand=+, frame=3, truncated=no, start-type=ATG, RBS-motif=AGGAGG
13:33:04.587 - INFO - CDS - contig=contig_1, start=152815, stop=154539, strand=+, frame=1, truncated=no, start-type=ATG, RBS-motif=AGGAGG
13:33:04.587 - INFO - CDS - contig=contig_1, start=154644, stop=155183, strand=-, frame=1, truncated=no, start-type=ATG, RBS-motif=AGGAGG
13:33:04.587 - INFO - CDS - contig=contig_1, start=155317, stop=155652, strand=+, frame=1, truncated=no, start-type=ATG, RBS-motif=GGAGG
13:33:04.588 - INFO - CDS - contig=contig_1, start=155692, stop=156126, strand=-, frame=3, truncated=no, start-type=ATG, RBS-motif=GGxGG
13:33:04.588 - INFO - CDS - contig=contig_1, start=156126, stop=157037, strand=-, frame=1, truncated=no, start-type=ATG, RBS-motif=AGGAGG
13:33:04.588 - INFO - CDS - contig=contig_1, start=157214, stop=157846, strand=-, frame=2, truncated=no, start-type=ATG, RBS-motif=AGGAGG
13:33:04.588 - INFO - CDS - contig=contig_1, start=157851, stop=160316, strand=-, frame=1, truncated=no, start-type=ATG, RBS-motif=AGGAGG
13:33:04.588 - INFO - CDS - contig=contig_1, start=160313, stop=162433, strand=-, frame=2, truncated=no, start-type=GTG, RBS-motif=AGGAGG
13:33:04.588 - INFO - CDS - contig=contig_1, start=162454, stop=162678, strand=-, frame=3, truncated=no, start-type=ATG, RBS-motif=GGAGG
13:33:04.588 - INFO - CDS - contig=contig_1, start=162755, stop=164773, strand=-, frame=2, truncated=no, start-type=ATG, RBS-motif=AGGAGG
13:33:04.588 - INFO - CDS - contig=contig_1, start=164773, stop=165093, strand=-, frame=3, truncated=no, start-type=ATG, RBS-motif=AGGAG
13:33:04.588 - INFO - CDS - contig=contig_1, start=165090, stop=165314, strand=-, frame=1, truncated=no, start-type=ATG, RBS-motif=AGGAG
13:33:04.588 - INFO - CDS - contig=contig_1, start=165328, stop=165810, strand=-, frame=3, truncated=no, start-type=TTG, RBS-motif=GGA/GAG/AGG
13:33:04.588 - INFO - CDS - contig=contig_1, start=165876, stop=168068, strand=-, frame=1, truncated=no, start-type=TTG, RBS-motif=AGGA/GGAG/GAGG
13:33:04.588 - INFO - CDS - contig=contig_1, start=168075, stop=168617, strand=-, frame=1, truncated=no, start-type=ATG, RBS-motif=AGGAGG
13:33:04.588 - INFO - CDS - contig=contig_1, start=168629, stop=169591, strand=-, frame=2, truncated=no, start-type=ATG, RBS-motif=AGGAG
13:33:04.588 - INFO - CDS - contig=contig_1, start=169664, stop=169927, strand=-, frame=2, truncated=no, start-type=ATG, RBS-motif=GGA/GAG/AGG
13:33:04.588 - INFO - CDS - contig=contig_1, start=169924, stop=171702, strand=-, frame=3, truncated=no, start-type=ATG, RBS-motif=GGAGG
13:33:04.589 - INFO - CDS - contig=contig_1, start=171741, stop=172760, strand=-, frame=1, truncated=no, start-type=ATG, RBS-motif=AGGAG
13:33:04.589 - INFO - CDS - contig=contig_1, start=172830, stop=175103, strand=-, frame=1, truncated=no, start-type=GTG, RBS-motif=AGGAGG
13:33:04.589 - INFO - CDS - contig=contig_1, start=175120, stop=176184, strand=-, frame=3, truncated=no, start-type=ATG, RBS-motif=AGGAGG
13:33:04.589 - INFO - CDS - contig=contig_1, start=177105, stop=177305, strand=+, frame=3, truncated=no, start-type=ATG, RBS-motif=AGGAGG
13:33:04.589 - INFO - CDS - contig=contig_1, start=177363, stop=178592, strand=+, frame=3, truncated=no, start-type=ATG, RBS-motif=GGAGG
13:33:04.589 - INFO - CDS - contig=contig_1, start=178760, stop=180265, strand=-, frame=2, truncated=no, start-type=ATG, RBS-motif=AGGAG
13:33:04.589 - INFO - CDS - contig=contig_1, start=180283, stop=180756, strand=-, frame=3, truncated=no, start-type=ATG, RBS-motif=None
13:33:04.589 - INFO - CDS - contig=contig_1, start=180902, stop=181612, strand=-, frame=2, truncated=no, start-type=ATG, RBS-motif=GGAG/GAGG
13:33:04.589 - INFO - CDS - contig=contig_1, start=181807, stop=183381, strand=+, frame=1, truncated=no, start-type=ATG, RBS-motif=GGAGG
13:33:04.589 - INFO - CDS - contig=contig_1, start=183663, stop=184832, strand=+, frame=3, truncated=no, start-type=TTG, RBS-motif=AGGA
13:33:04.589 - INFO - CDS - contig=contig_1, start=185080, stop=186510, strand=-, frame=3, truncated=no, start-type=ATG, RBS-motif=AGGAGG
13:33:04.589 - INFO - CDS - contig=contig_1, start=186601, stop=187728, strand=-, frame=3, truncated=no, start-type=ATG, RBS-motif=AGGA
13:33:04.589 - INFO - CDS - contig=contig_1, start=187811, stop=189073, strand=-, frame=2, truncated=no, start-type=GTG, RBS-motif=AGGAG
13:33:04.589 - INFO - CDS - contig=contig_1, start=189260, stop=190150, strand=-, frame=2, truncated=no, start-type=ATG, RBS-motif=GGxGG
13:33:04.589 - INFO - CDS - contig=contig_1, start=190134, stop=190826, strand=-, frame=1, truncated=no, start-type=ATG, RBS-motif=GGAG/GAGG
13:33:04.590 - INFO - CDS - contig=contig_1, start=190897, stop=191988, strand=-, frame=3, truncated=no, start-type=ATG, RBS-motif=GGAGG
13:33:04.590 - INFO - CDS - contig=contig_1, start=192175, stop=192885, strand=-, frame=3, truncated=no, start-type=ATG, RBS-motif=AGGAG/GGAGG
13:33:04.590 - INFO - CDS - contig=contig_1, start=193173, stop=193649, strand=+, frame=3, truncated=no, start-type=GTG, RBS-motif=GGAG/GAGG
13:33:04.590 - INFO - CDS - contig=contig_1, start=194021, stop=194533, strand=-, frame=2, truncated=no, start-type=ATG, RBS-motif=AGGAG
13:33:04.590 - INFO - CDS - contig=contig_1, start=194564, stop=195412, strand=-, frame=2, truncated=no, start-type=GTG, RBS-motif=AGGAG
13:33:04.590 - INFO - CDS - contig=contig_1, start=195780, stop=196979, strand=-, frame=1, truncated=no, start-type=ATG, RBS-motif=AGGAGG
13:33:04.590 - INFO - CDS - contig=contig_1, start=197130, stop=199235, strand=-, frame=1, truncated=no, start-type=ATG, RBS-motif=AGGAG
13:33:04.590 - INFO - CDS - contig=contig_1, start=199251, stop=199721, strand=-, frame=1, truncated=no, start-type=GTG, RBS-motif=AGGAGG
13:33:04.590 - INFO - CDS - contig=contig_1, start=199944, stop=200366, strand=-, frame=1, truncated=no, start-type=ATG, RBS-motif=AGGAGG
13:33:04.590 - INFO - CDS - contig=contig_1, start=200463, stop=200708, strand=-, frame=1, truncated=no, start-type=ATG, RBS-motif=GGxGG
13:33:04.590 - INFO - CDS - contig=contig_1, start=200972, stop=202357, strand=-, frame=2, truncated=no, start-type=ATG, RBS-motif=AGGAGG
13:33:04.590 - INFO - CDS - contig=contig_1, start=202460, stop=203683, strand=-, frame=2, truncated=no, start-type=ATG, RBS-motif=AGGAG/GGAGG
13:33:04.590 - INFO - CDS - contig=contig_1, start=203732, stop=205279, strand=-, frame=2, truncated=no, start-type=ATG, RBS-motif=AGGA
13:33:04.590 - INFO - CDS - contig=contig_1, start=205531, stop=206886, strand=-, frame=3, truncated=no, start-type=ATG, RBS-motif=GGA/GAG/AGG
13:33:04.591 - INFO - CDS - contig=contig_1, start=207236, stop=210946, strand=+, frame=2, truncated=no, start-type=ATG, RBS-motif=4Base/6BMM
13:33:04.591 - INFO - CDS - contig=contig_1, start=210968, stop=214732, strand=+, frame=2, truncated=no, start-type=ATG, RBS-motif=AGGAG/GGAGG
13:33:04.591 - INFO - CDS - contig=contig_1, start=214805, stop=216172, strand=+, frame=2, truncated=no, start-type=ATG, RBS-motif=GGAG/GAGG
13:33:04.591 - INFO - CDS - contig=contig_1, start=216295, stop=216585, strand=+, frame=1, truncated=no, start-type=ATG, RBS-motif=AGGAGG
13:33:04.591 - INFO - CDS - contig=contig_1, start=216662, stop=217573, strand=+, frame=2, truncated=no, start-type=ATG, RBS-motif=GGAGG
13:33:04.591 - INFO - CDS - contig=contig_1, start=217637, stop=218026, strand=-, frame=2, truncated=no, start-type=ATG, RBS-motif=AGGAGG
13:33:04.591 - INFO - CDS - contig=contig_1, start=218262, stop=219641, strand=+, frame=3, truncated=no, start-type=TTG, RBS-motif=AGGAGG
13:33:04.591 - INFO - CDS - contig=contig_1, start=219718, stop=222078, strand=-, frame=3, truncated=no, start-type=ATG, RBS-motif=AGGA
13:33:04.591 - INFO - CDS - contig=contig_1, start=222525, stop=223742, strand=+, frame=3, truncated=no, start-type=ATG, RBS-motif=GGxGG
13:33:04.591 - INFO - CDS - contig=contig_1, start=223757, stop=225037, strand=-, frame=2, truncated=no, start-type=ATG, RBS-motif=AGGAGG
13:33:04.591 - INFO - CDS - contig=contig_1, start=225040, stop=226857, strand=-, frame=3, truncated=no, start-type=ATG, RBS-motif=AGGAGG
13:33:04.591 - INFO - CDS - contig=contig_1, start=226896, stop=227303, strand=-, frame=1, truncated=no, start-type=ATG, RBS-motif=GGAGG
13:33:04.591 - INFO - CDS - contig=contig_1, start=227296, stop=228252, strand=-, frame=3, truncated=no, start-type=ATG, RBS-motif=GGAG/GAGG
13:33:04.591 - INFO - CDS - contig=contig_1, start=228245, stop=228445, strand=-, frame=2, truncated=no, start-type=ATG, RBS-motif=GGAG/GAGG
13:33:04.591 - INFO - CDS - contig=contig_1, start=228664, stop=229374, strand=-, frame=3, truncated=no, start-type=GTG, RBS-motif=GGxGG
13:33:04.592 - INFO - CDS - contig=contig_1, start=229371, stop=229814, strand=-, frame=1, truncated=no, start-type=ATG, RBS-motif=AGGAG/GGAGG
13:33:04.592 - INFO - CDS - contig=contig_1, start=229905, stop=230207, strand=-, frame=1, truncated=no, start-type=ATG, RBS-motif=AGGAGG
13:33:04.592 - INFO - CDS - contig=contig_1, start=230301, stop=231071, strand=-, frame=1, truncated=no, start-type=ATG, RBS-motif=AGxAGG/AGGxGG
13:33:04.592 - INFO - CDS - contig=contig_1, start=231246, stop=231881, strand=-, frame=1, truncated=no, start-type=ATG, RBS-motif=GGAG/GAGG
13:33:04.592 - INFO - CDS - contig=contig_1, start=231881, stop=232408, strand=-, frame=2, truncated=no, start-type=ATG, RBS-motif=AGGAG
13:33:04.592 - INFO - CDS - contig=contig_1, start=232413, stop=233732, strand=-, frame=1, truncated=no, start-type=TTG, RBS-motif=AGGAG
13:33:04.592 - INFO - CDS - contig=contig_1, start=234517, stop=235158, strand=-, frame=3, truncated=no, start-type=ATG, RBS-motif=GGAG/GAGG
13:33:04.592 - INFO - CDS - contig=contig_1, start=235145, stop=236266, strand=-, frame=2, truncated=no, start-type=ATG, RBS-motif=AGGAG
13:33:04.592 - INFO - CDS - contig=contig_1, start=236307, stop=237170, strand=-, frame=1, truncated=no, start-type=ATG, RBS-motif=GGAG/GAGG
13:33:04.592 - INFO - CDS - contig=contig_1, start=237316, stop=238293, strand=-, frame=3, truncated=no, start-type=ATG, RBS-motif=AGGAG/GGAGG
13:33:04.592 - INFO - CDS - contig=contig_1, start=238401, stop=239813, strand=-, frame=1, truncated=no, start-type=ATG, RBS-motif=4Base/6BMM
13:33:04.592 - INFO - CDS - contig=contig_1, start=240138, stop=240824, strand=-, frame=1, truncated=no, start-type=ATG, RBS-motif=AGGAGG
13:33:04.592 - INFO - CDS - contig=contig_1, start=240838, stop=242199, strand=-, frame=3, truncated=no, start-type=ATG, RBS-motif=GGAGG
13:33:04.592 - INFO - CDS - contig=contig_1, start=243837, stop=244016, strand=-, frame=1, truncated=no, start-type=ATG, RBS-motif=AGGAG
13:33:04.592 - INFO - CDS - contig=contig_1, start=244204, stop=244332, strand=+, frame=1, truncated=no, start-type=ATG, RBS-motif=AGGAGG
13:33:04.592 - INFO - CDS - contig=contig_1, start=244502, stop=244678, strand=+, frame=2, truncated=no, start-type=ATG, RBS-motif=GGA/GAG/AGG
13:33:04.593 - INFO - CDS - contig=contig_1, start=244779, stop=245066, strand=-, frame=1, truncated=no, start-type=ATG, RBS-motif=AGGAGG
13:33:04.593 - INFO - CDS - contig=contig_1, start=245070, stop=245258, strand=-, frame=1, truncated=no, start-type=ATG, RBS-motif=GGAGG
13:33:04.593 - INFO - CDS - contig=contig_1, start=245255, stop=245821, strand=-, frame=2, truncated=no, start-type=ATG, RBS-motif=GGA/GAG/AGG
13:33:04.593 - INFO - CDS - contig=contig_1, start=245823, stop=246272, strand=-, frame=1, truncated=no, start-type=ATG, RBS-motif=AGGAGG
13:33:04.593 - INFO - CDS - contig=contig_1, start=246274, stop=246654, strand=-, frame=3, truncated=no, start-type=ATG, RBS-motif=AGGAG
13:33:04.593 - INFO - CDS - contig=contig_1, start=246812, stop=253399, strand=-, frame=2, truncated=no, start-type=ATG, RBS-motif=GGAGG
13:33:04.593 - INFO - CDS - contig=contig_1, start=253415, stop=253720, strand=-, frame=2, truncated=no, start-type=ATG, RBS-motif=GGAG/GAGG
13:33:04.593 - INFO - CDS - contig=contig_1, start=253754, stop=254458, strand=+, frame=2, truncated=no, start-type=ATG, RBS-motif=None
13:33:04.593 - INFO - CDS - contig=contig_1, start=255345, stop=256052, strand=-, frame=1, truncated=no, start-type=ATG, RBS-motif=AGGAGG
13:33:04.593 - INFO - CDS - contig=contig_1, start=256049, stop=257554, strand=-, frame=2, truncated=no, start-type=GTG, RBS-motif=AGGAGG
13:33:04.593 - INFO - CDS - contig=contig_1, start=257651, stop=258355, strand=-, frame=2, truncated=no, start-type=TTG, RBS-motif=AGxAGG/AGGxGG
13:33:04.593 - INFO - CDS - contig=contig_1, start=258370, stop=259122, strand=-, frame=3, truncated=no, start-type=ATG, RBS-motif=AGGAG
13:33:04.593 - INFO - CDS - contig=contig_1, start=259109, stop=260023, strand=-, frame=2, truncated=no, start-type=ATG, RBS-motif=GGAGG
13:33:04.593 - INFO - CDS - contig=contig_1, start=260023, stop=260916, strand=-, frame=3, truncated=no, start-type=ATG, RBS-motif=GGAGG
13:33:04.594 - INFO - CDS - contig=contig_1, start=260962, stop=262155, strand=-, frame=3, truncated=no, start-type=ATG, RBS-motif=GGAGG
13:33:04.594 - INFO - CDS - contig=contig_1, start=262244, stop=264607, strand=-, frame=2, truncated=no, start-type=ATG, RBS-motif=GGAGG
13:33:04.594 - INFO - CDS - contig=contig_1, start=264822, stop=265412, strand=+, frame=3, truncated=no, start-type=ATG, RBS-motif=GGA/GAG/AGG
13:33:04.594 - INFO - CDS - contig=contig_1, start=265470, stop=266774, strand=-, frame=1, truncated=no, start-type=GTG, RBS-motif=AGGAG
13:33:04.594 - INFO - CDS - contig=contig_1, start=266789, stop=267703, strand=-, frame=2, truncated=no, start-type=ATG, RBS-motif=AGGAG/GGAGG
13:33:04.594 - INFO - CDS - contig=contig_1, start=267729, stop=270113, strand=-, frame=1, truncated=no, start-type=ATG, RBS-motif=AGGAG
13:33:04.594 - INFO - CDS - contig=contig_1, start=270206, stop=272566, strand=-, frame=2, truncated=no, start-type=ATG, RBS-motif=AGGAG
13:33:04.594 - INFO - CDS - contig=contig_1, start=272643, stop=273875, strand=-, frame=1, truncated=no, start-type=ATG, RBS-motif=AGGAGG
13:33:04.594 - INFO - CDS - contig=contig_1, start=273946, stop=275187, strand=-, frame=3, truncated=no, start-type=ATG, RBS-motif=AGGAGG
13:33:04.594 - INFO - CDS - contig=contig_1, start=275207, stop=276121, strand=-, frame=2, truncated=no, start-type=ATG, RBS-motif=AGGAGG
13:33:04.594 - INFO - CDS - contig=contig_1, start=276296, stop=277261, strand=-, frame=2, truncated=no, start-type=ATG, RBS-motif=AGGAGG
13:33:04.594 - INFO - CDS - contig=contig_1, start=277266, stop=278402, strand=-, frame=1, truncated=no, start-type=ATG, RBS-motif=AGGAGG
13:33:04.594 - INFO - CDS - contig=contig_1, start=278414, stop=279190, strand=-, frame=2, truncated=no, start-type=ATG, RBS-motif=GGAGG
13:33:04.594 - INFO - CDS - contig=contig_1, start=279187, stop=279855, strand=-, frame=3, truncated=no, start-type=ATG, RBS-motif=GGAG/GAGG
13:33:04.594 - INFO - CDS - contig=contig_1, start=279871, stop=280752, strand=-, frame=3, truncated=no, start-type=ATG, RBS-motif=AGGAG
13:33:04.595 - INFO - CDS - contig=contig_1, start=281058, stop=282215, strand=+, frame=3, truncated=no, start-type=ATG, RBS-motif=AGGAGG
13:33:04.595 - INFO - CDS - contig=contig_1, start=282237, stop=282587, strand=+, frame=3, truncated=no, start-type=ATG, RBS-motif=AGGAGG
13:33:04.595 - INFO - CDS - contig=contig_1, start=282607, stop=283386, strand=+, frame=1, truncated=no, start-type=ATG, RBS-motif=AGGAGG
13:33:04.595 - INFO - CDS - contig=contig_1, start=283538, stop=283900, strand=-, frame=2, truncated=no, start-type=ATG, RBS-motif=AGGAGG
13:33:04.595 - INFO - CDS - contig=contig_1, start=283872, stop=285518, strand=-, frame=1, truncated=no, start-type=ATG, RBS-motif=AGxAGG/AGGxGG
13:33:04.595 - INFO - CDS - contig=contig_1, start=285547, stop=286932, strand=-, frame=3, truncated=no, start-type=ATG, RBS-motif=GGAGG
13:33:04.595 - INFO - CDS - contig=contig_1, start=287142, stop=287291, strand=+, frame=3, truncated=no, start-type=ATG, RBS-motif=AGGAGG
13:33:04.595 - INFO - CDS - contig=contig_1, start=287278, stop=287583, strand=+, frame=1, truncated=no, start-type=ATG, RBS-motif=AGGAGG
13:33:04.595 - INFO - CDS - contig=contig_1, start=287597, stop=288880, strand=+, frame=2, truncated=no, start-type=ATG, RBS-motif=AGGAG
13:33:04.595 - INFO - CDS - contig=contig_1, start=288955, stop=289362, strand=+, frame=1, truncated=no, start-type=ATG, RBS-motif=AGGAGG
13:33:04.595 - INFO - CDS - contig=contig_1, start=289379, stop=290080, strand=+, frame=2, truncated=no, start-type=ATG, RBS-motif=AGGAG
13:33:04.595 - INFO - CDS - contig=contig_1, start=290136, stop=291251, strand=-, frame=1, truncated=no, start-type=ATG, RBS-motif=AGGAGG
13:33:04.595 - INFO - CDS - contig=contig_1, start=291305, stop=291691, strand=-, frame=2, truncated=no, start-type=ATG, RBS-motif=AGxAGG/AGGxGG
13:33:04.595 - INFO - CDS - contig=contig_1, start=291693, stop=292433, strand=-, frame=1, truncated=no, start-type=ATG, RBS-motif=AGGAG
13:33:04.595 - INFO - CDS - contig=contig_1, start=292430, stop=293299, strand=-, frame=2, truncated=no, start-type=ATG, RBS-motif=AGGAG
13:33:04.596 - INFO - CDS - contig=contig_1, start=293387, stop=294634, strand=-, frame=2, truncated=no, start-type=ATG, RBS-motif=GGAGG
13:33:04.596 - INFO - CDS - contig=contig_1, start=294701, stop=295834, strand=-, frame=2, truncated=no, start-type=ATG, RBS-motif=GGAGG
13:33:04.596 - INFO - CDS - contig=contig_1, start=295869, stop=297083, strand=-, frame=1, truncated=no, start-type=ATG, RBS-motif=AGGAGG
13:33:04.596 - INFO - CDS - contig=contig_1, start=297133, stop=298113, strand=-, frame=3, truncated=no, start-type=ATG, RBS-motif=AGGAG/GGAGG
13:33:04.596 - INFO - CDS - contig=contig_1, start=298220, stop=299659, strand=-, frame=2, truncated=no, start-type=ATG, RBS-motif=GGAG/GAGG
13:33:04.596 - INFO - CDS - contig=contig_1, start=299835, stop=302231, strand=-, frame=1, truncated=no, start-type=ATG, RBS-motif=AGGAGG
13:33:04.596 - INFO - CDS - contig=contig_1, start=302382, stop=302939, strand=-, frame=1, truncated=no, start-type=ATG, RBS-motif=GGA/GAG/AGG
13:33:04.596 - INFO - CDS - contig=contig_1, start=302979, stop=303920, strand=-, frame=1, truncated=no, start-type=ATG, RBS-motif=GGA/GAG/AGG
13:33:04.596 - INFO - CDS - contig=contig_1, start=303922, stop=304338, strand=-, frame=3, truncated=no, start-type=GTG, RBS-motif=GGAG/GAGG
13:33:04.596 - INFO - CDS - contig=contig_1, start=304662, stop=305177, strand=-, frame=1, truncated=no, start-type=ATG, RBS-motif=AGGAGG
13:33:04.596 - INFO - CDS - contig=contig_1, start=305177, stop=305671, strand=-, frame=2, truncated=no, start-type=GTG, RBS-motif=GGAG/GAGG
13:33:04.596 - INFO - CDS - contig=contig_1, start=305705, stop=306250, strand=-, frame=2, truncated=no, start-type=ATG, RBS-motif=AGGA
13:33:04.596 - INFO - CDS - contig=contig_1, start=306310, stop=307677, strand=-, frame=3, truncated=no, start-type=ATG, RBS-motif=GGA/GAG/AGG
13:33:04.596 - INFO - CDS - contig=contig_1, start=307674, stop=309512, strand=-, frame=1, truncated=no, start-type=ATG, RBS-motif=None
13:33:04.596 - INFO - CDS - contig=contig_1, start=309584, stop=310426, strand=-, frame=2, truncated=no, start-type=ATG, RBS-motif=AGxAGG/AGGxGG
13:33:04.596 - INFO - CDS - contig=contig_1, start=310492, stop=310755, strand=-, frame=3, truncated=no, start-type=ATG, RBS-motif=GGxGG
13:33:04.597 - INFO - CDS - contig=contig_1, start=310889, stop=313258, strand=-, frame=2, truncated=no, start-type=ATG, RBS-motif=GGAG/GAGG
13:33:04.597 - INFO - CDS - contig=contig_1, start=313292, stop=314161, strand=-, frame=2, truncated=no, start-type=GTG, RBS-motif=GGA/GAG/AGG
13:33:04.597 - INFO - CDS - contig=contig_1, start=314163, stop=314918, strand=-, frame=1, truncated=no, start-type=ATG, RBS-motif=GGxGG
13:33:04.597 - INFO - CDS - contig=contig_1, start=315002, stop=315118, strand=-, frame=2, truncated=no, start-type=ATG, RBS-motif=AGxAGG/AGGxGG
13:33:04.597 - INFO - CDS - contig=contig_1, start=315454, stop=316347, strand=-, frame=3, truncated=no, start-type=ATG, RBS-motif=GGAG/GAGG
13:33:04.597 - INFO - CDS - contig=contig_1, start=316399, stop=316902, strand=-, frame=3, truncated=no, start-type=ATG, RBS-motif=GGAGG
13:33:04.597 - INFO - CDS - contig=contig_1, start=316899, stop=317861, strand=-, frame=1, truncated=no, start-type=ATG, RBS-motif=GGAG/GAGG
13:33:04.597 - INFO - CDS - contig=contig_1, start=317882, stop=319126, strand=-, frame=2, truncated=no, start-type=TTG, RBS-motif=GGAGG
13:33:04.597 - INFO - CDS - contig=contig_1, start=319141, stop=319422, strand=-, frame=3, truncated=no, start-type=ATG, RBS-motif=GGAGG
13:33:04.597 - INFO - CDS - contig=contig_1, start=319705, stop=319974, strand=-, frame=3, truncated=no, start-type=ATG, RBS-motif=GGAG/GAGG
13:33:04.597 - INFO - CDS - contig=contig_1, start=319955, stop=320968, strand=-, frame=2, truncated=no, start-type=ATG, RBS-motif=AGxAGG/AGGxGG
13:33:04.597 - INFO - CDS - contig=contig_1, start=321073, stop=322449, strand=+, frame=1, truncated=no, start-type=ATG, RBS-motif=4Base/6BMM
13:33:04.597 - INFO - CDS - contig=contig_1, start=322546, stop=323568, strand=-, frame=3, truncated=no, start-type=ATG, RBS-motif=GGAG/GAGG
13:33:04.597 - INFO - CDS - contig=contig_1, start=323695, stop=324351, strand=-, frame=3, truncated=no, start-type=ATG, RBS-motif=GGAGG
13:33:04.597 - INFO - CDS - contig=contig_1, start=324348, stop=324524, strand=-, frame=1, truncated=no, start-type=ATG, RBS-motif=AGGAG/GGAGG
13:33:04.598 - INFO - CDS - contig=contig_1, start=324724, stop=326937, strand=-, frame=3, truncated=no, start-type=ATG, RBS-motif=AGGAG
13:33:04.598 - INFO - CDS - contig=contig_1, start=327179, stop=327511, strand=-, frame=2, truncated=no, start-type=TTG, RBS-motif=GGAGG
13:33:04.598 - INFO - CDS - contig=contig_1, start=327571, stop=328059, strand=-, frame=3, truncated=no, start-type=GTG, RBS-motif=GGAG/GAGG
13:33:04.598 - INFO - CDS - contig=contig_1, start=328360, stop=329034, strand=+, frame=1, truncated=no, start-type=ATG, RBS-motif=GGA/GAG/AGG
13:33:04.598 - INFO - CDS - contig=contig_1, start=329067, stop=329750, strand=+, frame=3, truncated=no, start-type=ATG, RBS-motif=AGGAGG
13:33:04.598 - INFO - CDS - contig=contig_1, start=329823, stop=331790, strand=+, frame=3, truncated=no, start-type=ATG, RBS-motif=AGGAGG
13:33:04.598 - INFO - CDS - contig=contig_1, start=332297, stop=333307, strand=+, frame=2, truncated=no, start-type=ATG, RBS-motif=GGAG/GAGG
13:33:04.598 - INFO - CDS - contig=contig_1, start=333297, stop=333506, strand=+, frame=3, truncated=no, start-type=TTG, RBS-motif=GGxGG
13:33:04.598 - INFO - CDS - contig=contig_1, start=333568, stop=336390, strand=+, frame=1, truncated=no, start-type=ATG, RBS-motif=AGGAG/GGAGG
13:33:04.598 - INFO - CDS - contig=contig_1, start=336532, stop=337233, strand=-, frame=3, truncated=no, start-type=ATG, RBS-motif=GGA/GAG/AGG
13:33:04.598 - INFO - CDS - contig=contig_1, start=337374, stop=338237, strand=+, frame=3, truncated=no, start-type=ATG, RBS-motif=GGAG/GAGG
13:33:04.598 - INFO - CDS - contig=contig_1, start=338254, stop=339102, strand=+, frame=1, truncated=no, start-type=ATG, RBS-motif=GGAGG
13:33:04.598 - INFO - CDS - contig=contig_1, start=339183, stop=340049, strand=+, frame=3, truncated=no, start-type=TTG, RBS-motif=AGGA
13:33:04.598 - INFO - CDS - contig=contig_1, start=340050, stop=340862, strand=+, frame=3, truncated=no, start-type=ATG, RBS-motif=AGxAGG/AGGxGG
13:33:04.598 - INFO - CDS - contig=contig_1, start=341068, stop=341817, strand=+, frame=1, truncated=no, start-type=ATG, RBS-motif=GGA/GAG/AGG
13:33:04.598 - INFO - CDS - contig=contig_1, start=341927, stop=343114, strand=+, frame=2, truncated=no, start-type=ATG, RBS-motif=AGGAG
13:33:04.599 - INFO - CDS - contig=contig_1, start=343138, stop=343842, strand=+, frame=1, truncated=no, start-type=ATG, RBS-motif=AGGAGG
13:33:04.599 - INFO - CDS - contig=contig_1, start=343879, stop=344418, strand=+, frame=1, truncated=no, start-type=ATG, RBS-motif=GGA/GAG/AGG
13:33:04.599 - INFO - CDS - contig=contig_1, start=344525, stop=347068, strand=+, frame=2, truncated=no, start-type=ATG, RBS-motif=AGGAG
13:33:04.599 - INFO - CDS - contig=contig_1, start=347183, stop=353245, strand=-, frame=2, truncated=no, start-type=ATG, RBS-motif=AGGAGG
13:33:04.599 - INFO - CDS - contig=contig_1, start=353394, stop=353597, strand=-, frame=1, truncated=no, start-type=ATG, RBS-motif=AGGAG/GGAGG
13:33:04.599 - INFO - CDS - contig=contig_1, start=354125, stop=354316, strand=-, frame=2, truncated=no, start-type=ATG, RBS-motif=GGAGG
13:33:04.599 - INFO - CDS - contig=contig_1, start=354393, stop=354731, strand=-, frame=1, truncated=no, start-type=ATG, RBS-motif=AGGAG
13:33:04.599 - INFO - CDS - contig=contig_1, start=354801, stop=355586, strand=-, frame=1, truncated=no, start-type=ATG, RBS-motif=AGGAGG
13:33:04.599 - INFO - CDS - contig=contig_1, start=355599, stop=356237, strand=-, frame=1, truncated=no, start-type=ATG, RBS-motif=GGAG/GAGG
13:33:04.599 - INFO - CDS - contig=contig_1, start=356322, stop=357173, strand=-, frame=1, truncated=no, start-type=ATG, RBS-motif=GGAGG
13:33:04.599 - INFO - CDS - contig=contig_1, start=357269, stop=357868, strand=-, frame=2, truncated=no, start-type=ATG, RBS-motif=AGxAGG/AGGxGG
13:33:04.599 - INFO - CDS - contig=contig_1, start=358033, stop=359163, strand=+, frame=1, truncated=no, start-type=ATG, RBS-motif=AGGAG
13:33:04.599 - INFO - CDS - contig=contig_1, start=359465, stop=361456, strand=+, frame=2, truncated=no, start-type=ATG, RBS-motif=AGGAG
13:33:04.599 - INFO - CDS - contig=contig_1, start=361487, stop=362695, strand=+, frame=2, truncated=no, start-type=ATG, RBS-motif=GGAG/GAGG
13:33:04.599 - INFO - CDS - contig=contig_1, start=362692, stop=363807, strand=+, frame=1, truncated=no, start-type=ATG, RBS-motif=AGxAGG/AGGxGG
13:33:04.600 - INFO - CDS - contig=contig_1, start=363886, stop=365322, strand=+, frame=1, truncated=no, start-type=ATG, RBS-motif=AGGAG
13:33:04.600 - INFO - CDS - contig=contig_1, start=365448, stop=367874, strand=+, frame=3, truncated=no, start-type=TTG, RBS-motif=AGGAG
13:33:04.600 - INFO - CDS - contig=contig_1, start=367932, stop=369239, strand=-, frame=1, truncated=no, start-type=ATG, RBS-motif=AGGAG
13:33:04.600 - INFO - CDS - contig=contig_1, start=369239, stop=369706, strand=-, frame=2, truncated=no, start-type=ATG, RBS-motif=AGxAGG/AGGxGG
13:33:04.600 - INFO - CDS - contig=contig_1, start=369851, stop=371329, strand=-, frame=2, truncated=no, start-type=ATG, RBS-motif=AGGAGG
13:33:04.600 - INFO - CDS - contig=contig_1, start=1, stop=297, strand=+, nt=[ATGAAACTGA..TGCTGGCTGA]
13:33:04.600 - INFO - CDS - contig=contig_1, start=447, stop=1343, strand=-, nt=[ATGCGGATCT..GAAGCTGTGA]
13:33:04.600 - INFO - CDS - contig=contig_1, start=1631, stop=2386, strand=-, nt=[GTGCTCAACT..CCTGCGCTAG]
13:33:04.600 - INFO - CDS - contig=contig_1, start=2408, stop=3163, strand=-, nt=[ATGGCTGATT..GATCCGGTAG]
13:33:04.600 - INFO - CDS - contig=contig_1, start=3156, stop=4079, strand=-, nt=[ATGTCAGAAA..TCATGGCTGA]
13:33:04.600 - INFO - CDS - contig=contig_1, start=4162, stop=4869, strand=-, nt=[ATGGATACCT..ACCTCTTTAA]
13:33:04.600 - INFO - CDS - contig=contig_1, start=4871, stop=6595, strand=-, nt=[ATGCCGCTAG..GGTGAAATGA]
13:33:04.600 - INFO - CDS - contig=contig_1, start=6586, stop=6999, strand=-, nt=[ATGACCAATT..ATGCCGCTAG]
13:33:04.600 - INFO - CDS - contig=contig_1, start=7086, stop=7706, strand=+, nt=[ATGGAACTGC..ACAGCGGTAA]
13:33:04.600 - INFO - CDS - contig=contig_1, start=7778, stop=9154, strand=+, nt=[ATGAATCGAA..CACACTCTGA]
13:33:04.600 - INFO - CDS - contig=contig_1, start=9285, stop=10178, strand=-, nt=[ATGGGTGAAC..CTGCTTTTGA]
13:33:04.601 - INFO - CDS - contig=contig_1, start=10198, stop=10617, strand=-, nt=[ATGTGTGAAG..CAAAGGCTGA]
13:33:04.601 - INFO - CDS - contig=contig_1, start=10620, stop=11834, strand=-, nt=[ATGCATTTAA..GGGGGAGTAA]
13:33:04.601 - INFO - CDS - contig=contig_1, start=11871, stop=12539, strand=-, nt=[ATGGAACCTA..GGAGACCTGA]
13:33:04.601 - INFO - CDS - contig=contig_1, start=12639, stop=13253, strand=-, nt=[ATGGAACATG..AATTCTCTGA]
13:33:04.601 - INFO - CDS - contig=contig_1, start=13355, stop=14809, strand=-, nt=[ATGAAAGAGT..GAAGATGTAG]
13:33:04.601 - INFO - CDS - contig=contig_1, start=15079, stop=16356, strand=-, nt=[ATGACTGAAA..TACATTCTAA]
13:33:04.601 - INFO - CDS - contig=contig_1, start=16458, stop=17627, strand=-, nt=[ATGAGCAATA..GTCCTATTGA]
13:33:04.601 - INFO - CDS - contig=contig_1, start=17773, stop=18438, strand=-, nt=[ATGGAACGGT..GCTGAAGTAA]
13:33:04.601 - INFO - CDS - contig=contig_1, start=18440, stop=20080, strand=-, nt=[GTGAGAGAAC..GGCGAAATGA]
13:33:04.601 - INFO - CDS - contig=contig_1, start=20108, stop=21313, strand=-, nt=[ATGGCGAATC..GGCGAATTAA]
13:33:04.601 - INFO - CDS - contig=contig_1, start=21790, stop=22383, strand=+, nt=[ATGGAGCGTC..AGAAACGTAA]
13:33:04.601 - INFO - CDS - contig=contig_1, start=22388, stop=23050, strand=+, nt=[ATGGGAAAAC..GCAGTACTGA]
13:33:04.601 - INFO - CDS - contig=contig_1, start=23427, stop=24356, strand=-, nt=[ATGGCGAAGT..GAGCGATTGA]
13:33:04.601 - INFO - CDS - contig=contig_1, start=24373, stop=25014, strand=-, nt=[ATGCGGAATA..CGGCCGCTGA]
13:33:04.601 - INFO - CDS - contig=contig_1, start=25809, stop=26939, strand=-, nt=[ATGCGCATGG..GGGTCTGTAA]
13:33:04.601 - INFO - CDS - contig=contig_1, start=27120, stop=28247, strand=-, nt=[ATGCGGATAA..TGAAGGATAG]
13:33:04.601 - INFO - CDS - contig=contig_1, start=28238, stop=28990, strand=-, nt=[ATGCGCATCT..ATGCGGATAA]
13:33:04.601 - INFO - CDS - contig=contig_1, start=29095, stop=30000, strand=-, nt=[ATGAGCGATT..CTACTGCTGA]
13:33:04.601 - INFO - CDS - contig=contig_1, start=30080, stop=31003, strand=-, nt=[ATGAAAATCG..GAAGGGCTGA]
13:33:04.601 - INFO - CDS - contig=contig_1, start=31019, stop=31924, strand=-, nt=[TTGGCCAAAC..AGAGAAGTAA]
13:33:04.601 - INFO - CDS - contig=contig_1, start=32110, stop=33480, strand=-, nt=[ATGAAGAAGA..CGCCGGCTGA]
13:33:04.601 - INFO - CDS - contig=contig_1, start=33640, stop=34494, strand=-, nt=[ATGCCCTACG..GCACATCTGA]
13:33:04.601 - INFO - CDS - contig=contig_1, start=34506, stop=35711, strand=-, nt=[ATGGATACTG..GGATGCATGA]
13:33:04.601 - INFO - CDS - contig=contig_1, start=35898, stop=37280, strand=+, nt=[ATGAATCATC..GGGCCGGTGA]
13:33:04.602 - INFO - CDS - contig=contig_1, start=37291, stop=37953, strand=+, nt=[ATGAAGAAGC..CCTGCTGTAG]
13:33:04.602 - INFO - CDS - contig=contig_1, start=38017, stop=39231, strand=-, nt=[ATGAATGCTA..AGCGGAATAA]
13:33:04.602 - INFO - CDS - contig=contig_1, start=39340, stop=40275, strand=+, nt=[ATGGCAACCA..TATGCCCTGA]
13:33:04.602 - INFO - CDS - contig=contig_1, start=40329, stop=40682, strand=-, nt=[ATGCTGTTTG..GGGCGGATAA]
13:33:04.602 - INFO - CDS - contig=contig_1, start=40970, stop=41641, strand=-, nt=[ATGGAAGCCT..GAACCGGTGA]
13:33:04.602 - INFO - CDS - contig=contig_1, start=41707, stop=41940, strand=-, nt=[ATGATCTTTG..GGAGGATTGA]
13:33:04.602 - INFO - CDS - contig=contig_1, start=42034, stop=43071, strand=-, nt=[ATGAAGATCA..AAAAATTTGA]
13:33:04.602 - INFO - CDS - contig=contig_1, start=43526, stop=43726, strand=+, nt=[TTGGGTTACC..CGGATCGTGA]
13:33:04.602 - INFO - CDS - contig=contig_1, start=43814, stop=45118, strand=-, nt=[ATGGAACCAG..TTGGCGGTAG]
13:33:04.602 - INFO - CDS - contig=contig_1, start=45161, stop=47434, strand=-, nt=[GTGGCGAAAT..AGAGGCCTGA]
13:33:04.602 - INFO - CDS - contig=contig_1, start=47503, stop=48723, strand=-, nt=[ATGGCGGCAT..GGAAGACTAG]
13:33:04.602 - INFO - CDS - contig=contig_1, start=48755, stop=49513, strand=-, nt=[ATGGAGCAAA..CTGGCGGTAG]
13:33:04.602 - INFO - CDS - contig=contig_1, start=49523, stop=50176, strand=-, nt=[ATGAAAACAT..AGACCTGTAG]
13:33:04.602 - INFO - CDS - contig=contig_1, start=50353, stop=51735, strand=-, nt=[TTGATCAAAA..GATCGGATAA]
13:33:04.602 - INFO - CDS - contig=contig_1, start=51859, stop=51978, strand=-, nt=[ATGAGATTTA..GCTGGACTAA]
13:33:04.602 - INFO - CDS - contig=contig_1, start=52340, stop=53479, strand=+, nt=[ATGCCAGCCT..AAACAAATAA]
13:33:04.602 - INFO - CDS - contig=contig_1, start=53492, stop=54043, strand=+, nt=[ATGAAGAAAT..GGGCAAATAA]
13:33:04.602 - INFO - CDS - contig=contig_1, start=54297, stop=54695, strand=+, nt=[TTGAAGAAAC..GGCTGGATGA]
13:33:04.602 - INFO - CDS - contig=contig_1, start=54735, stop=55445, strand=+, nt=[ATGGGTATCC..TTCGCTTTAA]
13:33:04.602 - INFO - CDS - contig=contig_1, start=55457, stop=56449, strand=+, nt=[ATGAAAAAAC..CAAGATCTAA]
13:33:04.602 - INFO - CDS - contig=contig_1, start=56450, stop=57826, strand=+, nt=[ATGGGTGAAG..TATCGGTTGA]
13:33:04.602 - INFO - CDS - contig=contig_1, start=57857, stop=60913, strand=+, nt=[ATGAGCAACA..GTCTGCATAA]
13:33:04.602 - INFO - CDS - contig=contig_1, start=61048, stop=61575, strand=+, nt=[ATGAGGACCA..AGGCACATGA]
13:33:04.602 - INFO - CDS - contig=contig_1, start=61579, stop=62241, strand=+, nt=[TTGGATCGAA..GGATTTTTGA]
13:33:04.602 - INFO - CDS - contig=contig_1, start=62525, stop=63511, strand=+, nt=[GTGACCGATC..CTTCCCATAA]
13:33:04.602 - INFO - CDS - contig=contig_1, start=63523, stop=65430, strand=+, nt=[ATGATTGCCT..CCTTTCGTAA]
13:33:04.602 - INFO - CDS - contig=contig_1, start=65459, stop=67018, strand=+, nt=[ATGGCAACCA..GAACCTGTAA]
13:33:04.603 - INFO - CDS - contig=contig_1, start=67161, stop=68114, strand=-, nt=[ATGAATCTGC..GCTTGCATGA]
13:33:04.603 - INFO - CDS - contig=contig_1, start=68095, stop=68763, strand=-, nt=[ATGGAGAAGA..ACGAGGATAA]
13:33:04.603 - INFO - CDS - contig=contig_1, start=69064, stop=69543, strand=+, nt=[TTGTCAGAAA..TTGGAAGTGA]
13:33:04.603 - INFO - CDS - contig=contig_1, start=69552, stop=70052, strand=+, nt=[ATGAAGCATT..CAAATTTTAG]
13:33:04.603 - INFO - CDS - contig=contig_1, start=70126, stop=70698, strand=+, nt=[ATGAAAAAGT..CATGGGCTGA]
13:33:04.603 - INFO - CDS - contig=contig_1, start=70785, stop=72479, strand=+, nt=[TTGAAACGAC..TCGAGAATAA]
13:33:04.603 - INFO - CDS - contig=contig_1, start=72451, stop=72963, strand=+, nt=[ATGATGACTG..TTTGCATTAG]
13:33:04.603 - INFO - CDS - contig=contig_1, start=72976, stop=73815, strand=+, nt=[ATGAAATTGA..GGCTGAGTAA]
13:33:04.603 - INFO - CDS - contig=contig_1, start=73835, stop=74641, strand=+, nt=[ATGGGAAAAG..CGATGAATAA]
13:33:04.603 - INFO - CDS - contig=contig_1, start=74634, stop=76010, strand=+, nt=[ATGAATAACC..GGTGGATTAA]
13:33:04.603 - INFO - CDS - contig=contig_1, start=76014, stop=76946, strand=+, nt=[TTGCAGTGGG..CGGCGTATGA]
13:33:04.603 - INFO - CDS - contig=contig_1, start=76943, stop=77821, strand=+, nt=[ATGACGCTTC..CTTCGGCTGA]
13:33:04.603 - INFO - CDS - contig=contig_1, start=78005, stop=78151, strand=+, nt=[ATGGCGAAGA..TCGCTCCTGA]
13:33:04.603 - INFO - CDS - contig=contig_1, start=78200, stop=78421, strand=+, nt=[ATGAAGAAGT..GTTCGCCTAA]
13:33:04.603 - INFO - CDS - contig=contig_1, start=78508, stop=78855, strand=+, nt=[ATGAATACAC..CGCCCCCTAA]
13:33:04.603 - INFO - CDS - contig=contig_1, start=78916, stop=79332, strand=+, nt=[ATGATGAAGT..GGCAGCCTGA]
13:33:04.603 - INFO - CDS - contig=contig_1, start=79332, stop=79922, strand=+, nt=[ATGGGGGGCG..TCTGCTTTGA]
13:33:04.603 - INFO - CDS - contig=contig_1, start=79983, stop=80684, strand=+, nt=[ATGGAATTAA..CAGCACATGA]
13:33:04.603 - INFO - CDS - contig=contig_1, start=80681, stop=81160, strand=+, nt=[ATGAAAAAAC..CCTTGAATAA]
13:33:04.603 - INFO - CDS - contig=contig_1, start=81312, stop=81917, strand=+, nt=[ATGCACAAGC..CATGTTGTAA]
13:33:04.603 - INFO - CDS - contig=contig_1, start=82187, stop=82594, strand=+, nt=[ATGGCACAGA..GCCGGGATAA]
13:33:04.603 - INFO - CDS - contig=contig_1, start=82705, stop=83520, strand=+, nt=[ATGAGTAACG..CTCCTGGTAA]
13:33:04.603 - INFO - CDS - contig=contig_1, start=83554, stop=84627, strand=+, nt=[ATGAAATCCG..GGCCGCCTGA]
13:33:04.603 - INFO - CDS - contig=contig_1, start=84666, stop=85511, strand=+, nt=[ATGTACGAAC..GCCGGCATAA]
13:33:04.603 - INFO - CDS - contig=contig_1, start=85613, stop=86152, strand=+, nt=[ATGTTGTGTG..CCGCGAGTAA]
13:33:04.603 - INFO - CDS - contig=contig_1, start=86201, stop=86446, strand=+, nt=[ATGACGAAAT..GTGCGCGTAG]
13:33:04.603 - INFO - CDS - contig=contig_1, start=86534, stop=87220, strand=+, nt=[ATGGAAGATC..TTCAGAGTGA]
13:33:04.603 - INFO - CDS - contig=contig_1, start=87416, stop=87859, strand=+, nt=[ATGAGTACAA..TTTTGGCTGA]
13:33:04.603 - INFO - CDS - contig=contig_1, start=87970, stop=88575, strand=+, nt=[TTGAATTTCC..GTGTGAATAG]
13:33:04.603 - INFO - CDS - contig=contig_1, start=88911, stop=89573, strand=+, nt=[ATGAAGTATG..CGAACTCTAA]
13:33:04.603 - INFO - CDS - contig=contig_1, start=89533, stop=89712, strand=+, nt=[ATGATGCAGA..GCGTGGATAG]
13:33:04.604 - INFO - CDS - contig=contig_1, start=90661, stop=91218, strand=+, nt=[ATGGACGAAA..AGCCGCATGA]
13:33:04.604 - INFO - CDS - contig=contig_1, start=91215, stop=91733, strand=+, nt=[ATGACAAAAA..GACTCTTTGA]
13:33:04.604 - INFO - CDS - contig=contig_1, start=91836, stop=92963, strand=+, nt=[ATGATCATAT..AAGCGCATAA]
13:33:04.604 - INFO - CDS - contig=contig_1, start=93079, stop=93882, strand=+, nt=[ATGCAGCCAA..GAGGACTTGA]
13:33:04.604 - INFO - CDS - contig=contig_1, start=93885, stop=94571, strand=+, nt=[ATGAAACTGC..CTACCAGTAA]
13:33:04.604 - INFO - CDS - contig=contig_1, start=94985, stop=95941, strand=+, nt=[GTGAAAGAGC..ATCAAATTAA]
13:33:04.604 - INFO - CDS - contig=contig_1, start=96068, stop=96679, strand=+, nt=[ATGGAACAAA..TGTAGGATGA]
13:33:04.604 - INFO - CDS - contig=contig_1, start=96676, stop=97377, strand=+, nt=[ATGATGGCCG..TCTTTTATAG]
13:33:04.604 - INFO - CDS - contig=contig_1, start=97388, stop=98866, strand=+, nt=[ATGGGAAAAG..GGAGGGTTAG]
13:33:04.604 - INFO - CDS - contig=contig_1, start=99301, stop=99681, strand=+, nt=[ATGAAACTTC..AATCTTATAA]
13:33:04.604 - INFO - CDS - contig=contig_1, start=99816, stop=100235, strand=+, nt=[ATGAAAAAGA..ACTAAAATAA]
13:33:04.604 - INFO - CDS - contig=contig_1, start=100271, stop=100987, strand=-, nt=[GTGTCTGACC..CGAGGAATAA]
13:33:04.604 - INFO - CDS - contig=contig_1, start=100980, stop=101183, strand=-, nt=[ATGAGTCCAT..CCGTGTCTGA]
13:33:04.604 - INFO - CDS - contig=contig_1, start=101371, stop=101553, strand=-, nt=[ATGACATTTG..CCGGATTTAA]
13:33:04.604 - INFO - CDS - contig=contig_1, start=101543, stop=101956, strand=-, nt=[ATGTGGCAAC..TGACATTTGA]
13:33:04.604 - INFO - CDS - contig=contig_1, start=102695, stop=103063, strand=-, nt=[ATGCCTTTAC..AAAGAAGTAA]
13:33:04.604 - INFO - CDS - contig=contig_1, start=103109, stop=104506, strand=-, nt=[ATGATTATCT..GCAGCCATGA]
13:33:04.604 - INFO - CDS - contig=contig_1, start=104503, stop=105192, strand=-, nt=[ATGAGGAAGA..GCTACCATGA]
13:33:04.604 - INFO - CDS - contig=contig_1, start=105189, stop=105791, strand=-, nt=[ATGTCTCAAT..GGCCCAATGA]
13:33:04.604 - INFO - CDS - contig=contig_1, start=105981, stop=106955, strand=+, nt=[ATGTCCAATA..TGACAATTAA]
13:33:04.604 - INFO - CDS - contig=contig_1, start=107165, stop=107398, strand=+, nt=[ATGGAAACCA..AGACCAGTAA]
13:33:04.604 - INFO - CDS - contig=contig_1, start=107349, stop=107993, strand=+, nt=[ATGATGTATT..GGCGCAATGA]
13:33:04.604 - INFO - CDS - contig=contig_1, start=108013, stop=108633, strand=+, nt=[ATGAAACATA..CGTACAATGA]
13:33:04.604 - INFO - CDS - contig=contig_1, start=108651, stop=109118, strand=+, nt=[ATGCCGCAGA..AGAATTCTGA]
13:33:04.604 - INFO - CDS - contig=contig_1, start=109294, stop=111003, strand=-, nt=[ATGCGTGAGG..GTCCAATTAA]
13:33:04.604 - INFO - CDS - contig=contig_1, start=110996, stop=112759, strand=-, nt=[ATGAAAGAAA..GCATGCGTGA]
13:33:04.604 - INFO - CDS - contig=contig_1, start=112929, stop=113936, strand=+, nt=[ATGGCTGCAT..TTCTTTATGA]
13:33:04.604 - INFO - CDS - contig=contig_1, start=113933, stop=114685, strand=+, nt=[ATGAAAATAC..ACTTCAATAA]
13:33:04.604 - INFO - CDS - contig=contig_1, start=114739, stop=116259, strand=-, nt=[ATGATTGAGT..CGATTGCTGA]
13:33:04.605 - INFO - CDS - contig=contig_1, start=116256, stop=116981, strand=-, nt=[ATGATTGGCG..GCTGGGATGA]
13:33:04.605 - INFO - CDS - contig=contig_1, start=116978, stop=117589, strand=-, nt=[ATGAACAACC..CACCGCATGA]
13:33:04.605 - INFO - CDS - contig=contig_1, start=117779, stop=118744, strand=+, nt=[ATGACCGGTA..GCGAAAGTGA]
13:33:04.605 - INFO - CDS - contig=contig_1, start=118819, stop=120564, strand=-, nt=[ATGTTTCGGA..GCGGATATAA]
13:33:04.605 - INFO - CDS - contig=contig_1, start=120567, stop=122324, strand=-, nt=[GTGAAACAAC..GGAGGCTTGA]
13:33:04.605 - INFO - CDS - contig=contig_1, start=122424, stop=123404, strand=-, nt=[GTGGCATTTT..AACGGAGTGA]
13:33:04.605 - INFO - CDS - contig=contig_1, start=123423, stop=124805, strand=-, nt=[ATGGTAGAGC..GGAACTTTGA]
13:33:04.605 - INFO - CDS - contig=contig_1, start=124799, stop=125473, strand=-, nt=[TTGGTGTTCG..TCCATGGTAG]
13:33:04.605 - INFO - CDS - contig=contig_1, start=125496, stop=126095, strand=-, nt=[ATGAATACGC..GATTCTGTAA]
13:33:04.605 - INFO - CDS - contig=contig_1, start=126224, stop=127057, strand=-, nt=[ATGTCCAAGT..AACAGGATAA]
13:33:04.605 - INFO - CDS - contig=contig_1, start=127082, stop=127897, strand=-, nt=[ATGCAGCAAA..CAGAAAGTAA]
13:33:04.605 - INFO - CDS - contig=contig_1, start=127939, stop=128631, strand=-, nt=[ATGGGACAAG..ACACCCGTAA]
13:33:04.605 - INFO - CDS - contig=contig_1, start=128650, stop=129435, strand=-, nt=[ATGCCGATTG..GGGTGCTTGA]
13:33:04.605 - INFO - CDS - contig=contig_1, start=129723, stop=130202, strand=-, nt=[ATGGATCTAT..TTACAGGTGA]
13:33:04.605 - INFO - CDS - contig=contig_1, start=130359, stop=130589, strand=+, nt=[ATGCAGACAG..GGACGACTGA]
13:33:04.605 - INFO - CDS - contig=contig_1, start=130680, stop=132410, strand=-, nt=[ATGATCGAGA..GAAGCTCTAA]
13:33:04.605 - INFO - CDS - contig=contig_1, start=132407, stop=134152, strand=-, nt=[ATGCAGAAAA..AACGGTATGA]
13:33:04.605 - INFO - CDS - contig=contig_1, start=134228, stop=134857, strand=-, nt=[ATGGCAAAGC..CTTCCGGTAG]
13:33:04.605 - INFO - CDS - contig=contig_1, start=135024, stop=135644, strand=+, nt=[ATGGCAAGAC..CAAGGGGTGA]
13:33:04.610 - INFO - CDS - contig=contig_1, start=135715, stop=137466, strand=+, nt=[GTGTTTCAAA..CGAGGCATGA]
13:33:04.610 - INFO - CDS - contig=contig_1, start=137463, stop=139202, strand=+, nt=[ATGATCGCGC..GTGCCGGTAA]
13:33:04.610 - INFO - CDS - contig=contig_1, start=139392, stop=140078, strand=+, nt=[ATGGATGACA..GGAGGAATGA]
13:33:04.610 - INFO - CDS - contig=contig_1, start=140085, stop=140330, strand=+, nt=[ATGTGGAAGT..GTTTGGTTGA]
13:33:04.611 - INFO - CDS - contig=contig_1, start=140367, stop=140510, strand=+, nt=[ATGAACATGG..GCTGCCGTAA]
13:33:04.611 - INFO - CDS - contig=contig_1, start=140709, stop=141104, strand=-, nt=[ATGGCGATTC..CGGGCAATGA]
13:33:04.611 - INFO - CDS - contig=contig_1, start=141367, stop=141918, strand=+, nt=[ATGTCAGAGG..GGCTGGTTGA]
13:33:04.611 - INFO - CDS - contig=contig_1, start=141963, stop=142385, strand=+, nt=[ATGAGTAAAG..ACTGGCCTGA]
13:33:04.611 - INFO - CDS - contig=contig_1, start=142495, stop=143415, strand=+, nt=[ATGCTGAAAG..TCCGTTTTGA]
13:33:04.611 - INFO - CDS - contig=contig_1, start=143585, stop=143857, strand=+, nt=[ATGAGCGTTT..AGAAGCCTGA]
13:33:04.611 - INFO - CDS - contig=contig_1, start=143910, stop=146024, strand=+, nt=[ATGAACGCAA..TAATGGATAA]
13:33:04.611 - INFO - CDS - contig=contig_1, start=146205, stop=146603, strand=+, nt=[TTGTATCAGA..GTCGAAATAA]
13:33:04.611 - INFO - CDS - contig=contig_1, start=146681, stop=147001, strand=-, nt=[ATGGGGGAGG..GTATAACTGA]
13:33:04.611 - INFO - CDS - contig=contig_1, start=147001, stop=147381, strand=-, nt=[ATGCCTCCGG..AAAGAAATAA]
13:33:04.611 - INFO - CDS - contig=contig_1, start=147368, stop=148873, strand=-, nt=[GTGATCGAAT..CTCCGGATAA]
13:33:04.611 - INFO - CDS - contig=contig_1, start=148886, stop=149617, strand=-, nt=[ATGGAGCAGC..TCCGTGGTAA]
13:33:04.611 - INFO - CDS - contig=contig_1, start=149617, stop=150204, strand=-, nt=[ATGGAAAACA..AATTGTGTAA]
13:33:04.611 - INFO - CDS - contig=contig_1, start=150328, stop=150945, strand=-, nt=[ATGTCAAGAG..GGGGATCTGA]
13:33:04.611 - INFO - CDS - contig=contig_1, start=151071, stop=152822, strand=+, nt=[ATGAAGTCGA..AGATGTTTGA]
13:33:04.611 - INFO - CDS - contig=contig_1, start=152815, stop=154539, strand=+, nt=[ATGTTTGAAA..GCATCTATAA]
13:33:04.611 - INFO - CDS - contig=contig_1, start=154644, stop=155183, strand=-, nt=[ATGGACAAGT..AATAGGTTAA]
13:33:04.611 - INFO - CDS - contig=contig_1, start=155317, stop=155652, strand=+, nt=[ATGGGTGAAT..AGAGGTATAG]
13:33:04.611 - INFO - CDS - contig=contig_1, start=155692, stop=156126, strand=-, nt=[ATGGGTATGG..CCGTAGATAA]
13:33:04.611 - INFO - CDS - contig=contig_1, start=156126, stop=157037, strand=-, nt=[ATGTTGATTG..GGGTAGGTGA]
13:33:04.611 - INFO - CDS - contig=contig_1, start=157214, stop=157846, strand=-, nt=[ATGAATGACC..ACACACATAA]
13:33:04.611 - INFO - CDS - contig=contig_1, start=157851, stop=160316, strand=-, nt=[ATGACCAATA..GGAGGAATGA]
13:33:04.611 - INFO - CDS - contig=contig_1, start=160313, stop=162433, strand=-, nt=[GTGAATCAAG..AGCAGCATGA]
13:33:04.611 - INFO - CDS - contig=contig_1, start=162454, stop=162678, strand=-, nt=[ATGGATAGAA..GCCCAGGTAA]
13:33:04.611 - INFO - CDS - contig=contig_1, start=162755, stop=164773, strand=-, nt=[ATGAATCAGG..CGTGGCCTGA]
13:33:04.611 - INFO - CDS - contig=contig_1, start=164773, stop=165093, strand=-, nt=[ATGATCGAAA..GGTAGCGTGA]
13:33:04.612 - INFO - CDS - contig=contig_1, start=165090, stop=165314, strand=-, nt=[ATGAAACAGC..TGTCGCATGA]
13:33:04.612 - INFO - CDS - contig=contig_1, start=165328, stop=165810, strand=-, nt=[TTGAGCAAAT..TGTTGTGTGA]
13:33:04.612 - INFO - CDS - contig=contig_1, start=165876, stop=168068, strand=-, nt=[TTGAAGAAAT..AGCCGCGTGA]
13:33:04.612 - INFO - CDS - contig=contig_1, start=168075, stop=168617, strand=-, nt=[ATGATCGCGT..AGGACGGTGA]
13:33:04.612 - INFO - CDS - contig=contig_1, start=168629, stop=169591, strand=-, nt=[ATGGGATATT..AGCTGGTTAA]
13:33:04.612 - INFO - CDS - contig=contig_1, start=169664, stop=169927, strand=-, nt=[ATGAGCAGAT..TGTGCTGTGA]
13:33:04.612 - INFO - CDS - contig=contig_1, start=169924, stop=171702, strand=-, nt=[ATGGGCTCAT..AGGAGCATGA]
13:33:04.612 - INFO - CDS - contig=contig_1, start=171741, stop=172760, strand=-, nt=[ATGAACGAAA..GGCTGGCTGA]
13:33:04.612 - INFO - CDS - contig=contig_1, start=172830, stop=175103, strand=-, nt=[GTGATCCATA..CGCAGGTTAA]
13:33:04.612 - INFO - CDS - contig=contig_1, start=175120, stop=176184, strand=-, nt=[ATGCCGGATA..GGCGGCTTAA]
13:33:04.612 - INFO - CDS - contig=contig_1, start=177105, stop=177305, strand=+, nt=[ATGGAGAAAA..TTCATGCTGA]
13:33:04.612 - INFO - CDS - contig=contig_1, start=177363, stop=178592, strand=+, nt=[ATGCCCAAAA..GCTGATGTGA]
13:33:04.612 - INFO - CDS - contig=contig_1, start=178760, stop=180265, strand=-, nt=[ATGTCTACTG..GGACAAGTAA]
13:33:04.612 - INFO - CDS - contig=contig_1, start=180283, stop=180756, strand=-, nt=[ATGGCGAAGG..TCAAAAGTAA]
13:33:04.612 - INFO - CDS - contig=contig_1, start=180902, stop=181612, strand=-, nt=[ATGGTGGGCT..AGCAAATTGA]
13:33:04.612 - INFO - CDS - contig=contig_1, start=181807, stop=183381, strand=+, nt=[ATGAATTGGA..TGTGAAATAA]
13:33:04.612 - INFO - CDS - contig=contig_1, start=183663, stop=184832, strand=+, nt=[TTGAAGCTGC..GGCGGGCTAG]
13:33:04.612 - INFO - CDS - contig=contig_1, start=185080, stop=186510, strand=-, nt=[ATGAATGTCA..AACAAGCTGA]
13:33:04.612 - INFO - CDS - contig=contig_1, start=186601, stop=187728, strand=-, nt=[ATGAAGACAA..GAAACCGTAG]
13:33:04.612 - INFO - CDS - contig=contig_1, start=187811, stop=189073, strand=-, nt=[GTGACAAAAA..CGATTACTGA]
13:33:04.612 - INFO - CDS - contig=contig_1, start=189260, stop=190150, strand=-, nt=[ATGAAACAAC..GCAGGTTTGA]
13:33:04.612 - INFO - CDS - contig=contig_1, start=190134, stop=190826, strand=-, nt=[ATGATACGTT..AACGATATGA]
13:33:04.612 - INFO - CDS - contig=contig_1, start=190897, stop=191988, strand=-, nt=[ATGTCCAGCA..CAAATCCTGA]
13:33:04.612 - INFO - CDS - contig=contig_1, start=192175, stop=192885, strand=-, nt=[ATGGAGCGAT..AGGGGACTGA]
13:33:04.612 - INFO - CDS - contig=contig_1, start=193173, stop=193649, strand=+, nt=[GTGTTTATCT..GCCTGCATGA]
13:33:04.612 - INFO - CDS - contig=contig_1, start=194021, stop=194533, strand=-, nt=[ATGACGGATT..TCAGCGTTGA]
13:33:04.613 - INFO - CDS - contig=contig_1, start=194564, stop=195412, strand=-, nt=[GTGCTCACAA..TAGGAAATAA]
13:33:04.613 - INFO - CDS - contig=contig_1, start=195780, stop=196979, strand=-, nt=[ATGGCTAAGG..CGAGGAGTAA]
13:33:04.613 - INFO - CDS - contig=contig_1, start=197130, stop=199235, strand=-, nt=[ATGCCTAGGA..GGAAGACTAA]
13:33:04.613 - INFO - CDS - contig=contig_1, start=199251, stop=199721, strand=-, nt=[GTGCCCAGAA..CCGCTGGTAA]
13:33:04.613 - INFO - CDS - contig=contig_1, start=199944, stop=200366, strand=-, nt=[ATGCCTACGT..CAAGAAGTAA]
13:33:04.613 - INFO - CDS - contig=contig_1, start=200463, stop=200708, strand=-, nt=[ATGTTCTCGG..GCGGGGCTGA]
13:33:04.613 - INFO - CDS - contig=contig_1, start=200972, stop=202357, strand=-, nt=[ATGGGCAACA..GCCCTTCTGA]
13:33:04.613 - INFO - CDS - contig=contig_1, start=202460, stop=203683, strand=-, nt=[ATGCATGAGA..GCAGCGGTAA]
13:33:04.613 - INFO - CDS - contig=contig_1, start=203732, stop=205279, strand=-, nt=[ATGGACCGTG..CCGGGCCTGA]
13:33:04.613 - INFO - CDS - contig=contig_1, start=205531, stop=206886, strand=-, nt=[ATGCTGGAGC..TGACCTGTAA]
13:33:04.613 - INFO - CDS - contig=contig_1, start=207236, stop=210946, strand=+, nt=[ATGATGGTCA..TTTGGAATAA]
13:33:04.613 - INFO - CDS - contig=contig_1, start=210968, stop=214732, strand=+, nt=[ATGAGTTACG..CGAATTGTAA]
13:33:04.613 - INFO - CDS - contig=contig_1, start=214805, stop=216172, strand=+, nt=[ATGTCTTCCC..CGCCCGATAG]
13:33:04.613 - INFO - CDS - contig=contig_1, start=216295, stop=216585, strand=+, nt=[ATGTCAAATA..CAGCAAGTGA]
13:33:04.613 - INFO - CDS - contig=contig_1, start=216662, stop=217573, strand=+, nt=[ATGATACTGC..CATCCTGTAA]
13:33:04.613 - INFO - CDS - contig=contig_1, start=217637, stop=218026, strand=-, nt=[ATGGCTTTTT..CCAGGAGTAA]
13:33:04.613 - INFO - CDS - contig=contig_1, start=218262, stop=219641, strand=+, nt=[TTGTCTGCTC..CGGTGTCTGA]
13:33:04.613 - INFO - CDS - contig=contig_1, start=219718, stop=222078, strand=-, nt=[ATGACGAGAG..GGTCTGGTAA]
13:33:04.613 - INFO - CDS - contig=contig_1, start=222525, stop=223742, strand=+, nt=[ATGAAGCGCA..CCCCGCCTGA]
13:33:04.613 - INFO - CDS - contig=contig_1, start=223757, stop=225037, strand=-, nt=[ATGAGACGAC..ACAGGCGTGA]
13:33:04.613 - INFO - CDS - contig=contig_1, start=225040, stop=226857, strand=-, nt=[ATGAAGCGGT..GGAGGGATAA]
13:33:04.613 - INFO - CDS - contig=contig_1, start=226896, stop=227303, strand=-, nt=[ATGGGTAAGC..GGAAGCGTAA]
13:33:04.613 - INFO - CDS - contig=contig_1, start=227296, stop=228252, strand=-, nt=[ATGAATGAGA..CGATGGGTAA]
13:33:04.613 - INFO - CDS - contig=contig_1, start=228245, stop=228445, strand=-, nt=[ATGGATTACA..AGATGAATGA]
13:33:04.613 - INFO - CDS - contig=contig_1, start=228664, stop=229374, strand=-, nt=[GTGAGCGTGG..GGAAGAATAG]
13:33:04.613 - INFO - CDS - contig=contig_1, start=229371, stop=229814, strand=-, nt=[ATGAAAGCGA..CCGAGTGTGA]
13:33:04.614 - INFO - CDS - contig=contig_1, start=229905, stop=230207, strand=-, nt=[ATGGCAGTGA..CCGCTTTTAG]
13:33:04.614 - INFO - CDS - contig=contig_1, start=230301, stop=231071, strand=-, nt=[ATGAAACGGT..CGTCCGGTAA]
13:33:04.614 - INFO - CDS - contig=contig_1, start=231246, stop=231881, strand=-, nt=[ATGTTGGATT..GCAAAAGTGA]
13:33:04.614 - INFO - CDS - contig=contig_1, start=231881, stop=232408, strand=-, nt=[ATGAATACCG..CAGTCTGTAA]
13:33:04.614 - INFO - CDS - contig=contig_1, start=232413, stop=233732, strand=-, nt=[TTGAAGGTTG..CGAGGAGTGA]
13:33:04.614 - INFO - CDS - contig=contig_1, start=234517, stop=235158, strand=-, nt=[ATGAAGATCG..TTCGGAATAG]
13:33:04.614 - INFO - CDS - contig=contig_1, start=235145, stop=236266, strand=-, nt=[ATGGCTGAGA..AGATCGTTAA]
13:33:04.614 - INFO - CDS - contig=contig_1, start=236307, stop=237170, strand=-, nt=[ATGGCGACCA..GAATACATAG]
13:33:04.614 - INFO - CDS - contig=contig_1, start=237316, stop=238293, strand=-, nt=[ATGACGAATG..CGAGTGGTGA]
13:33:04.614 - INFO - CDS - contig=contig_1, start=238401, stop=239813, strand=-, nt=[ATGAAAAAAA..CGTGAGATAG]
13:33:04.614 - INFO - CDS - contig=contig_1, start=240138, stop=240824, strand=-, nt=[ATGAAAAAGG..GGGCTTTTGA]
13:33:04.614 - INFO - CDS - contig=contig_1, start=240838, stop=242199, strand=-, nt=[ATGAAGAAAC..CACAACATAG]
13:33:04.614 - INFO - CDS - contig=contig_1, start=243837, stop=244016, strand=-, nt=[ATGGCGGTTA..GGAACGATAA]
13:33:04.614 - INFO - CDS - contig=contig_1, start=244204, stop=244332, strand=+, nt=[ATGGAGCAAG..CCCCGAGTAA]
13:33:04.614 - INFO - CDS - contig=contig_1, start=244502, stop=244678, strand=+, nt=[ATGGAATGCG..AAGGGGATAA]
13:33:04.614 - INFO - CDS - contig=contig_1, start=244779, stop=245066, strand=-, nt=[ATGGAGGACA..CGGGATATGA]
13:33:04.614 - INFO - CDS - contig=contig_1, start=245070, stop=245258, strand=-, nt=[ATGAAAGAAA..GGAGGGCTGA]
13:33:04.614 - INFO - CDS - contig=contig_1, start=245255, stop=245821, strand=-, nt=[ATGCTTAACA..GGGCAAATGA]
13:33:04.614 - INFO - CDS - contig=contig_1, start=245823, stop=246272, strand=-, nt=[ATGGATACTT..CATAGACTGA]
13:33:04.614 - INFO - CDS - contig=contig_1, start=246274, stop=246654, strand=-, nt=[ATGAACACCA..GGAGAACTGA]
13:33:04.614 - INFO - CDS - contig=contig_1, start=246812, stop=253399, strand=-, nt=[ATGGCGATCA..GGCGGAGTAG]
13:33:04.614 - INFO - CDS - contig=contig_1, start=253415, stop=253720, strand=-, nt=[ATGGATTACG..GGACAAGTAA]
13:33:04.614 - INFO - CDS - contig=contig_1, start=253754, stop=254458, strand=+, nt=[ATGAACGTCA..GGTCACATAA]
13:33:04.614 - INFO - CDS - contig=contig_1, start=255345, stop=256052, strand=-, nt=[ATGAACCCCT..CCGGGGATAG]
13:33:04.614 - INFO - CDS - contig=contig_1, start=256049, stop=257554, strand=-, nt=[GTGCAGGAAA..GATCGAATGA]
13:33:04.615 - INFO - CDS - contig=contig_1, start=257651, stop=258355, strand=-, nt=[TTGCTGGAGA..CCTGTTCTGA]
13:33:04.615 - INFO - CDS - contig=contig_1, start=258370, stop=259122, strand=-, nt=[ATGCCGATGC..CGGATATTGA]
13:33:04.615 - INFO - CDS - contig=contig_1, start=259109, stop=260023, strand=-, nt=[ATGTATTATT..CGATGCTTGA]
13:33:04.615 - INFO - CDS - contig=contig_1, start=260023, stop=260916, strand=-, nt=[ATGAACCTTG..TGGCCTTTAA]
13:33:04.615 - INFO - CDS - contig=contig_1, start=260962, stop=262155, strand=-, nt=[ATGAAAAGGA..CGAGGAATGA]
13:33:04.615 - INFO - CDS - contig=contig_1, start=262244, stop=264607, strand=-, nt=[ATGAGTCTGA..TTCCGTCTGA]
13:33:04.615 - INFO - CDS - contig=contig_1, start=264822, stop=265412, strand=+, nt=[ATGCCTAGAA..CTCTGCTTAA]
13:33:04.615 - INFO - CDS - contig=contig_1, start=265470, stop=266774, strand=-, nt=[GTGAGGAAAT..GTCGGATTGA]
13:33:04.615 - INFO - CDS - contig=contig_1, start=266789, stop=267703, strand=-, nt=[ATGAGCGAGA..CGGGGGATAA]
13:33:04.615 - INFO - CDS - contig=contig_1, start=267729, stop=270113, strand=-, nt=[ATGAACGTAA..CTCGGTATGA]
13:33:04.615 - INFO - CDS - contig=contig_1, start=270206, stop=272566, strand=-, nt=[ATGGCATTGA..GCTGGAGTAA]
13:33:04.615 - INFO - CDS - contig=contig_1, start=272643, stop=273875, strand=-, nt=[ATGAACAACA..CGTCAAATAA]
13:33:04.615 - INFO - CDS - contig=contig_1, start=273946, stop=275187, strand=-, nt=[ATGCCCTACG..CCTCTTCTGA]
13:33:04.615 - INFO - CDS - contig=contig_1, start=275207, stop=276121, strand=-, nt=[ATGACTTATA..CGCCGAATGA]
13:33:04.615 - INFO - CDS - contig=contig_1, start=276296, stop=277261, strand=-, nt=[ATGAAAACGC..TAAGCTCTGA]
13:33:04.615 - INFO - CDS - contig=contig_1, start=277266, stop=278402, strand=-, nt=[ATGGCAGAGA..GGAGGAGTGA]
13:33:04.615 - INFO - CDS - contig=contig_1, start=278414, stop=279190, strand=-, nt=[ATGAATACCG..GCACCCATGA]
13:33:04.615 - INFO - CDS - contig=contig_1, start=279187, stop=279855, strand=-, nt=[ATGAACGCGG..GGAAGCATGA]
13:33:04.615 - INFO - CDS - contig=contig_1, start=279871, stop=280752, strand=-, nt=[ATGGCAAAGA..GGGACTGTAA]
13:33:04.615 - INFO - CDS - contig=contig_1, start=281058, stop=282215, strand=+, nt=[ATGTCCAAAC..ATTGCTGTAA]
13:33:04.615 - INFO - CDS - contig=contig_1, start=282237, stop=282587, strand=+, nt=[ATGAGTTATA..ACAGGCATAA]
13:33:04.615 - INFO - CDS - contig=contig_1, start=282607, stop=283386, strand=+, nt=[ATGAATATTT..CATGGGCTGA]
13:33:04.615 - INFO - CDS - contig=contig_1, start=283538, stop=283900, strand=-, nt=[ATGCTGGAAG..GCGCCTGTAG]
13:33:04.615 - INFO - CDS - contig=contig_1, start=283872, stop=285518, strand=-, nt=[ATGCCCGGCA..TACCGGATAA]
13:33:04.615 - INFO - CDS - contig=contig_1, start=285547, stop=286932, strand=-, nt=[ATGAAGCGAA..GGCCTGGTGA]
13:33:04.615 - INFO - CDS - contig=contig_1, start=287142, stop=287291, strand=+, nt=[ATGGAACCGG..CGGCTACTAG]
13:33:04.615 - INFO - CDS - contig=contig_1, start=287278, stop=287583, strand=+, nt=[ATGACGGCTA..GGATCTGTGA]
13:33:04.615 - INFO - CDS - contig=contig_1, start=287597, stop=288880, strand=+, nt=[ATGAAAAAGC..GCTGGGGTAA]
13:33:04.616 - INFO - CDS - contig=contig_1, start=288955, stop=289362, strand=+, nt=[ATGGCATTCT..GCTGCGTTAG]
13:33:04.616 - INFO - CDS - contig=contig_1, start=289379, stop=290080, strand=+, nt=[ATGAGTTTTT..GGCTGGCTGA]
13:33:04.616 - INFO - CDS - contig=contig_1, start=290136, stop=291251, strand=-, nt=[ATGGCGTTTG..CAACAAATAG]
13:33:04.616 - INFO - CDS - contig=contig_1, start=291305, stop=291691, strand=-, nt=[ATGCCCGAGC..CACAAAATAG]
13:33:04.616 - INFO - CDS - contig=contig_1, start=291693, stop=292433, strand=-, nt=[ATGAAGAAGC..GGGGGAATGA]
13:33:04.616 - INFO - CDS - contig=contig_1, start=292430, stop=293299, strand=-, nt=[ATGGCGGCGA..GCCAACATGA]
13:33:04.616 - INFO - CDS - contig=contig_1, start=293387, stop=294634, strand=-, nt=[ATGAGTGCTT..CAGGACTTGA]
13:33:04.616 - INFO - CDS - contig=contig_1, start=294701, stop=295834, strand=-, nt=[ATGAAGATCC..GGGGGAATGA]
13:33:04.616 - INFO - CDS - contig=contig_1, start=295869, stop=297083, strand=-, nt=[ATGCCAAAGC..ACAGGGCTAG]
13:33:04.616 - INFO - CDS - contig=contig_1, start=297133, stop=298113, strand=-, nt=[ATGTTGAGGA..GAACCGCTGA]
13:33:04.616 - INFO - CDS - contig=contig_1, start=298220, stop=299659, strand=-, nt=[ATGCAGCTTG..TCGGGGATAA]
13:33:04.616 - INFO - CDS - contig=contig_1, start=299835, stop=302231, strand=-, nt=[ATGGCGCCCA..GGGATTCTAA]
13:33:04.616 - INFO - CDS - contig=contig_1, start=302382, stop=302939, strand=-, nt=[ATGGCAACTG..TTTCCAGTAA]
13:33:04.616 - INFO - CDS - contig=contig_1, start=302979, stop=303920, strand=-, nt=[ATGAACGAGC..GAAATTGTGA]
13:33:04.616 - INFO - CDS - contig=contig_1, start=303922, stop=304338, strand=-, nt=[GTGACCGGCA..TGGATTCTGA]
13:33:04.616 - INFO - CDS - contig=contig_1, start=304662, stop=305177, strand=-, nt=[ATGGCTACCG..AGGACACTGA]
13:33:04.616 - INFO - CDS - contig=contig_1, start=305177, stop=305671, strand=-, nt=[GTGAAGACCG..GGATGGCTGA]
13:33:04.616 - INFO - CDS - contig=contig_1, start=305705, stop=306250, strand=-, nt=[ATGCGCGTCA..CACCGTGTAA]
13:33:04.616 - INFO - CDS - contig=contig_1, start=306310, stop=307677, strand=-, nt=[ATGAGAGCAA..GCCCCATTAG]
13:33:04.616 - INFO - CDS - contig=contig_1, start=307674, stop=309512, strand=-, nt=[ATGACCTTCG..GCGGCCATGA]
13:33:04.616 - INFO - CDS - contig=contig_1, start=309584, stop=310426, strand=-, nt=[ATGCGTGCCG..CGCCTCATAG]
13:33:04.616 - INFO - CDS - contig=contig_1, start=310492, stop=310755, strand=-, nt=[ATGTATATGA..CTCGGAGTAA]
13:33:04.616 - INFO - CDS - contig=contig_1, start=310889, stop=313258, strand=-, nt=[ATGACCGATT..GCTGAAGTAA]
13:33:04.616 - INFO - CDS - contig=contig_1, start=313292, stop=314161, strand=-, nt=[GTGGAACTGT..GGGGGAGTGA]
13:33:04.616 - INFO - CDS - contig=contig_1, start=314163, stop=314918, strand=-, nt=[ATGCACATCA..GGGGATGTAA]
13:33:04.616 - INFO - CDS - contig=contig_1, start=315002, stop=315118, strand=-, nt=[ATGGACAGTC..AACGGCCTGA]
13:33:04.617 - INFO - CDS - contig=contig_1, start=315454, stop=316347, strand=-, nt=[ATGGACAAGA..GGACGAGTGA]
13:33:04.617 - INFO - CDS - contig=contig_1, start=316399, stop=316902, strand=-, nt=[ATGAACCATC..GGAGGGGTAA]
13:33:04.617 - INFO - CDS - contig=contig_1, start=316899, stop=317861, strand=-, nt=[ATGATAGAAC..GACGAAATGA]
13:33:04.617 - INFO - CDS - contig=contig_1, start=317882, stop=319126, strand=-, nt=[TTGCTGCGCA..GGAAGTATAA]
13:33:04.617 - INFO - CDS - contig=contig_1, start=319141, stop=319422, strand=-, nt=[ATGGAACGGG..TCTGACCTGA]
13:33:04.617 - INFO - CDS - contig=contig_1, start=319705, stop=319974, strand=-, nt=[ATGGACGAAA..GCGGGCATAG]
13:33:04.617 - INFO - CDS - contig=contig_1, start=319955, stop=320968, strand=-, nt=[ATGAGGAGCT..CGGTCTATGA]
13:33:04.617 - INFO - CDS - contig=contig_1, start=321073, stop=322449, strand=+, nt=[ATGGCAGCAA..GGAGATCTGA]
13:33:04.617 - INFO - CDS - contig=contig_1, start=322546, stop=323568, strand=-, nt=[ATGTTCAGTA..GATGAACTAG]
13:33:04.617 - INFO - CDS - contig=contig_1, start=323695, stop=324351, strand=-, nt=[ATGAACGGCC..GGCCCGGTAA]
13:33:04.617 - INFO - CDS - contig=contig_1, start=324348, stop=324524, strand=-, nt=[ATGGAAAAGA..TGGGAAATGA]
13:33:04.617 - INFO - CDS - contig=contig_1, start=324724, stop=326937, strand=-, nt=[ATGCAGGAGG..GACGGCGTGA]
13:33:04.617 - INFO - CDS - contig=contig_1, start=327179, stop=327511, strand=-, nt=[TTGAATCCCA..GAACCGGTGA]
13:33:04.617 - INFO - CDS - contig=contig_1, start=327571, stop=328059, strand=-, nt=[GTGAATCTGC..CATCCACTGA]
13:33:04.617 - INFO - CDS - contig=contig_1, start=328360, stop=329034, strand=+, nt=[ATGACCTATC..CAGAGGCTGA]
13:33:04.617 - INFO - CDS - contig=contig_1, start=329067, stop=329750, strand=+, nt=[ATGGGCGCTC..GGAAGCCTGA]
13:33:04.617 - INFO - CDS - contig=contig_1, start=329823, stop=331790, strand=+, nt=[ATGCCGAAAT..GGGCGAGTAA]
13:33:04.617 - INFO - CDS - contig=contig_1, start=332297, stop=333307, strand=+, nt=[ATGCAATCTG..TGGTTACTGA]
13:33:04.617 - INFO - CDS - contig=contig_1, start=333297, stop=333506, strand=+, nt=[TTGGTTACTG..TCTGTTTTAA]
13:33:04.617 - INFO - CDS - contig=contig_1, start=333568, stop=336390, strand=+, nt=[ATGCTCGACC..GATGCTGTGA]
13:33:04.617 - INFO - CDS - contig=contig_1, start=336532, stop=337233, strand=-, nt=[ATGAGCGCCG..CGCTCAATAA]
13:33:04.617 - INFO - CDS - contig=contig_1, start=337374, stop=338237, strand=+, nt=[ATGTGGCGAT..ATGCGGCTGA]
13:33:04.617 - INFO - CDS - contig=contig_1, start=338254, stop=339102, strand=+, nt=[ATGAGTCAGT..GCTGCAATAA]
13:33:04.617 - INFO - CDS - contig=contig_1, start=339183, stop=340049, strand=+, nt=[TTGGAACCGA..GGCGGTGTAA]
13:33:04.617 - INFO - CDS - contig=contig_1, start=340050, stop=340862, strand=+, nt=[ATGGCGCTCA..CGGGCTTTAG]
13:33:04.617 - INFO - CDS - contig=contig_1, start=341068, stop=341817, strand=+, nt=[ATGAGGAATA..TGTGCCCTAA]
13:33:04.617 - INFO - CDS - contig=contig_1, start=341927, stop=343114, strand=+, nt=[ATGGAAGAAA..TGTTCCCTGA]
13:33:04.617 - INFO - CDS - contig=contig_1, start=343138, stop=343842, strand=+, nt=[ATGGCAGCTT..CGGACTGTAA]
13:33:04.617 - INFO - CDS - contig=contig_1, start=343879, stop=344418, strand=+, nt=[ATGACGATTC..ATCCCACTGA]
13:33:04.618 - INFO - CDS - contig=contig_1, start=344525, stop=347068, strand=+, nt=[ATGCAACCCA..GGCTCAGTAA]
13:33:04.618 - INFO - CDS - contig=contig_1, start=347183, stop=353245, strand=-, nt=[ATGGCAAAAA..AGAGGACTGA]
13:33:04.618 - INFO - CDS - contig=contig_1, start=353394, stop=353597, strand=-, nt=[ATGAAACAGG..GCAAGACTGA]
13:33:04.618 - INFO - CDS - contig=contig_1, start=354125, stop=354316, strand=-, nt=[ATGACCTGGG..GTACGTATAG]
13:33:04.618 - INFO - CDS - contig=contig_1, start=354393, stop=354731, strand=-, nt=[ATGGAAGACT..GACCGCCTGA]
13:33:04.618 - INFO - CDS - contig=contig_1, start=354801, stop=355586, strand=-, nt=[ATGTCGGTAT..CCAGAATTGA]
13:33:04.618 - INFO - CDS - contig=contig_1, start=355599, stop=356237, strand=-, nt=[ATGCTTACGA..CTTCAAGTAA]
13:33:04.618 - INFO - CDS - contig=contig_1, start=356322, stop=357173, strand=-, nt=[ATGAAAAAGA..CGAAAAGTAA]
13:33:04.618 - INFO - CDS - contig=contig_1, start=357269, stop=357868, strand=-, nt=[ATGGAAACCG..CGAAGGCTGA]
13:33:04.618 - INFO - CDS - contig=contig_1, start=358033, stop=359163, strand=+, nt=[ATGAAAAAAA..GGCAGGCTGA]
13:33:04.618 - INFO - CDS - contig=contig_1, start=359465, stop=361456, strand=+, nt=[ATGGCTTTTG..CACCCCCTGA]
13:33:04.618 - INFO - CDS - contig=contig_1, start=361487, stop=362695, strand=+, nt=[ATGAAAAAAG..CGCGAAATGA]
13:33:04.618 - INFO - CDS - contig=contig_1, start=362692, stop=363807, strand=+, nt=[ATGATGAACC..GATCGTCTAA]
13:33:04.618 - INFO - CDS - contig=contig_1, start=363886, stop=365322, strand=+, nt=[ATGAACATTC..CGGCAAATGA]
13:33:04.618 - INFO - CDS - contig=contig_1, start=365448, stop=367874, strand=+, nt=[TTGCATACGT..GCGGGCGTAA]
13:33:04.618 - INFO - CDS - contig=contig_1, start=367932, stop=369239, strand=-, nt=[ATGAACGGCT..CGGGCCATAA]
13:33:04.618 - INFO - CDS - contig=contig_1, start=369239, stop=369706, strand=-, nt=[ATGACAGACC..AGAGACGTAA]
13:33:04.618 - INFO - CDS - contig=contig_1, start=369851, stop=371329, strand=-, nt=[ATGATCACGT..GGCCAAGTGA]
13:33:04.618 - INFO - CDS - contig=contig_2, start=85, stop=462, strand=+, frame=1, truncated=no, start-type=ATG, RBS-motif=GGxGG
13:33:04.618 - INFO - CDS - contig=contig_2, start=551, stop=1081, strand=-, frame=3, truncated=no, start-type=ATG, RBS-motif=None
13:33:04.618 - INFO - CDS - contig=contig_2, start=1253, stop=6745, strand=+, frame=2, truncated=no, start-type=ATG, RBS-motif=AGGA
13:33:04.619 - INFO - CDS - contig=contig_2, start=6874, stop=8199, strand=+, frame=1, truncated=no, start-type=ATG, RBS-motif=AGGAG
13:33:04.619 - INFO - CDS - contig=contig_2, start=8582, stop=9445, strand=+, frame=2, truncated=no, start-type=ATG, RBS-motif=AGGAG
13:33:04.619 - INFO - CDS - contig=contig_2, start=9458, stop=10282, strand=+, frame=2, truncated=no, start-type=GTG, RBS-motif=AGxAGG/AGGxGG
13:33:04.619 - INFO - CDS - contig=contig_2, start=10279, stop=11913, strand=+, frame=1, truncated=no, start-type=ATG, RBS-motif=GGAG/GAGG
13:33:04.619 - INFO - CDS - contig=contig_2, start=11919, stop=13538, strand=+, frame=3, truncated=no, start-type=GTG, RBS-motif=AGGAGG
13:33:04.619 - INFO - CDS - contig=contig_2, start=14726, stop=15217, strand=-, frame=3, truncated=no, start-type=ATG, RBS-motif=AGGAG/GGAGG
13:33:04.619 - INFO - CDS - contig=contig_2, start=15257, stop=15868, strand=-, frame=3, truncated=no, start-type=ATG, RBS-motif=AGGAGG
13:33:04.619 - INFO - CDS - contig=contig_2, start=15986, stop=16312, strand=+, frame=2, truncated=no, start-type=TTG, RBS-motif=AGGAGG
13:33:04.619 - INFO - CDS - contig=contig_2, start=16636, stop=17121, strand=+, frame=1, truncated=no, start-type=ATG, RBS-motif=GGAG/GAGG
13:33:04.619 - INFO - CDS - contig=contig_2, start=17257, stop=17511, strand=+, frame=1, truncated=no, start-type=ATG, RBS-motif=None
13:33:04.619 - INFO - CDS - contig=contig_2, start=17559, stop=18428, strand=+, frame=3, truncated=no, start-type=ATG, RBS-motif=AGxAGG/AGGxGG
13:33:04.619 - INFO - CDS - contig=contig_2, start=18404, stop=19789, strand=+, frame=2, truncated=no, start-type=ATG, RBS-motif=AGGA/GGAG/GAGG
13:33:04.619 - INFO - CDS - contig=contig_2, start=19847, stop=21133, strand=-, frame=3, truncated=no, start-type=TTG, RBS-motif=AGGAGG
13:33:04.619 - INFO - CDS - contig=contig_2, start=21430, stop=22326, strand=+, frame=1, truncated=no, start-type=ATG, RBS-motif=GGAGG
13:33:04.619 - INFO - CDS - contig=contig_2, start=22430, stop=23254, strand=+, frame=2, truncated=no, start-type=ATG, RBS-motif=GGAGG
13:33:04.619 - INFO - CDS - contig=contig_2, start=23251, stop=24555, strand=+, frame=1, truncated=no, start-type=ATG, RBS-motif=GGA/GAG/AGG
13:33:04.620 - INFO - CDS - contig=contig_2, start=24663, stop=26072, strand=+, frame=3, truncated=no, start-type=ATG, RBS-motif=AGxAGG/AGGxGG
13:33:04.620 - INFO - CDS - contig=contig_2, start=26272, stop=27948, strand=-, frame=1, truncated=no, start-type=ATG, RBS-motif=AGGAG
13:33:04.620 - INFO - CDS - contig=contig_2, start=28617, stop=30287, strand=+, frame=3, truncated=no, start-type=GTG, RBS-motif=GGAG/GAGG
13:33:04.620 - INFO - CDS - contig=contig_2, start=30630, stop=30914, strand=-, frame=2, truncated=no, start-type=ATG, RBS-motif=AGxAGG/AGGxGG
13:33:04.620 - INFO - CDS - contig=contig_2, start=30969, stop=31613, strand=-, frame=2, truncated=no, start-type=ATG, RBS-motif=AGGAGG
13:33:04.620 - INFO - CDS - contig=contig_2, start=31812, stop=32117, strand=+, frame=3, truncated=no, start-type=ATG, RBS-motif=AGGAGG
13:33:04.620 - INFO - CDS - contig=contig_2, start=32114, stop=34564, strand=+, frame=2, truncated=no, start-type=ATG, RBS-motif=GGxGG
13:33:04.620 - INFO - CDS - contig=contig_2, start=34551, stop=37994, strand=+, frame=3, truncated=no, start-type=ATG, RBS-motif=GGAGG
13:33:04.620 - INFO - CDS - contig=contig_2, start=38042, stop=38623, strand=-, frame=3, truncated=no, start-type=ATG, RBS-motif=AGGAG
13:33:04.620 - INFO - CDS - contig=contig_2, start=38824, stop=39498, strand=+, frame=1, truncated=no, start-type=ATG, RBS-motif=AGGAGG
13:33:04.620 - INFO - CDS - contig=contig_2, start=39524, stop=40462, strand=+, frame=2, truncated=no, start-type=TTG, RBS-motif=GGA/GAG/AGG
13:33:04.620 - INFO - CDS - contig=contig_2, start=40590, stop=41489, strand=+, frame=3, truncated=no, start-type=TTG, RBS-motif=AGGAGG
13:33:04.620 - INFO - CDS - contig=contig_2, start=41895, stop=43379, strand=+, frame=3, truncated=no, start-type=ATG, RBS-motif=AGxAGG/AGGxGG
13:33:04.620 - INFO - CDS - contig=contig_2, start=43398, stop=44921, strand=+, frame=3, truncated=no, start-type=GTG, RBS-motif=AGGAGG
13:33:04.621 - INFO - CDS - contig=contig_2, start=44944, stop=45894, strand=+, frame=1, truncated=no, start-type=ATG, RBS-motif=AGGA
13:33:04.621 - INFO - CDS - contig=contig_2, start=45906, stop=46871, strand=+, frame=3, truncated=no, start-type=ATG, RBS-motif=AGxAGG/AGGxGG
13:33:04.621 - INFO - CDS - contig=contig_2, start=46873, stop=48474, strand=+, frame=1, truncated=no, start-type=ATG, RBS-motif=AGGAGG
13:33:04.621 - INFO - CDS - contig=contig_2, start=48767, stop=49417, strand=+, frame=2, truncated=no, start-type=ATG, RBS-motif=AGGAG
13:33:04.621 - INFO - CDS - contig=contig_2, start=49488, stop=49898, strand=+, frame=3, truncated=no, start-type=GTG, RBS-motif=GGAGG
13:33:04.621 - INFO - CDS - contig=contig_2, start=49951, stop=51024, strand=+, frame=1, truncated=no, start-type=ATG, RBS-motif=AGGAG
13:33:04.621 - INFO - CDS - contig=contig_2, start=51090, stop=52061, strand=+, frame=3, truncated=no, start-type=ATG, RBS-motif=AGGA
13:33:04.621 - INFO - CDS - contig=contig_2, start=52058, stop=52792, strand=+, frame=2, truncated=no, start-type=ATG, RBS-motif=GGxGG
13:33:04.621 - INFO - CDS - contig=contig_2, start=52932, stop=53657, strand=+, frame=3, truncated=no, start-type=ATG, RBS-motif=AGxAGG/AGGxGG
13:33:04.621 - INFO - CDS - contig=contig_2, start=53731, stop=54804, strand=-, frame=1, truncated=no, start-type=ATG, RBS-motif=AGGAGG
13:33:04.621 - INFO - CDS - contig=contig_2, start=54818, stop=55723, strand=-, frame=3, truncated=no, start-type=ATG, RBS-motif=AGGA
13:33:04.621 - INFO - CDS - contig=contig_2, start=56105, stop=56755, strand=+, frame=2, truncated=no, start-type=ATG, RBS-motif=AGGAG
13:33:04.621 - INFO - CDS - contig=contig_2, start=56917, stop=57396, strand=+, frame=1, truncated=no, start-type=GTG, RBS-motif=GGAG/GAGG
13:33:04.622 - INFO - CDS - contig=contig_2, start=57546, stop=58091, strand=-, frame=2, truncated=no, start-type=ATG, RBS-motif=AGGAGG
13:33:04.622 - INFO - CDS - contig=contig_2, start=58104, stop=58841, strand=-, frame=2, truncated=no, start-type=ATG, RBS-motif=GGAGG
13:33:04.622 - INFO - CDS - contig=contig_2, start=58843, stop=59925, strand=-, frame=1, truncated=no, start-type=ATG, RBS-motif=GGAGG
13:33:04.622 - INFO - CDS - contig=contig_2, start=59940, stop=60143, strand=-, frame=2, truncated=no, start-type=ATG, RBS-motif=AGGAG
13:33:04.622 - INFO - CDS - contig=contig_2, start=60215, stop=60940, strand=-, frame=3, truncated=no, start-type=ATG, RBS-motif=GGAGG
13:33:04.622 - INFO - CDS - contig=contig_2, start=61321, stop=62178, strand=+, frame=1, truncated=no, start-type=ATG, RBS-motif=AGGAG
13:33:04.622 - INFO - CDS - contig=contig_2, start=62124, stop=62288, strand=-, frame=2, truncated=no, start-type=ATG, RBS-motif=AGGAGG
13:33:04.622 - INFO - CDS - contig=contig_2, start=62308, stop=62820, strand=-, frame=1, truncated=no, start-type=ATG, RBS-motif=GGxGG
13:33:04.622 - INFO - CDS - contig=contig_2, start=62825, stop=63685, strand=-, frame=3, truncated=no, start-type=ATG, RBS-motif=AGGAGG
13:33:04.622 - INFO - CDS - contig=contig_2, start=63685, stop=64302, strand=-, frame=1, truncated=no, start-type=GTG, RBS-motif=AGxAGG/AGGxGG
13:33:04.622 - INFO - CDS - contig=contig_2, start=64325, stop=65995, strand=-, frame=3, truncated=no, start-type=ATG, RBS-motif=GGAG/GAGG
13:33:04.622 - INFO - CDS - contig=contig_2, start=67467, stop=68681, strand=+, frame=3, truncated=no, start-type=ATG, RBS-motif=GGAG/GAGG
13:33:04.622 - INFO - CDS - contig=contig_2, start=68853, stop=69077, strand=-, frame=2, truncated=no, start-type=ATG, RBS-motif=GGAGG
13:33:04.622 - INFO - CDS - contig=contig_2, start=69197, stop=70597, strand=-, frame=3, truncated=no, start-type=ATG, RBS-motif=AGGAGG
13:33:04.622 - INFO - CDS - contig=contig_2, start=70700, stop=70876, strand=-, frame=3, truncated=no, start-type=ATG, RBS-motif=AGGAGG
13:33:04.622 - INFO - CDS - contig=contig_2, start=71052, stop=72332, strand=+, frame=3, truncated=no, start-type=GTG, RBS-motif=AGGAG
13:33:04.622 - INFO - CDS - contig=contig_2, start=72484, stop=73407, strand=+, frame=1, truncated=no, start-type=ATG, RBS-motif=AGGAGG
13:33:04.623 - INFO - CDS - contig=contig_2, start=73531, stop=74310, strand=+, frame=1, truncated=no, start-type=ATG, RBS-motif=GGAG/GAGG
13:33:04.623 - INFO - CDS - contig=contig_2, start=74303, stop=75223, strand=+, frame=2, truncated=no, start-type=ATG, RBS-motif=AGGAGG
13:33:04.623 - INFO - CDS - contig=contig_2, start=75234, stop=75578, strand=+, frame=3, truncated=no, start-type=ATG, RBS-motif=AGGAG
13:33:04.623 - INFO - CDS - contig=contig_2, start=75618, stop=75941, strand=+, frame=3, truncated=no, start-type=ATG, RBS-motif=AGGA
13:33:04.623 - INFO - CDS - contig=contig_2, start=75974, stop=77140, strand=+, frame=2, truncated=no, start-type=ATG, RBS-motif=None
13:33:04.623 - INFO - CDS - contig=contig_2, start=77115, stop=79109, strand=+, frame=3, truncated=no, start-type=TTG, RBS-motif=GGAG/GAGG
13:33:04.623 - INFO - CDS - contig=contig_2, start=79151, stop=81280, strand=-, frame=3, truncated=no, start-type=ATG, RBS-motif=GGAGG
13:33:04.623 - INFO - CDS - contig=contig_2, start=81277, stop=82032, strand=-, frame=1, truncated=no, start-type=ATG, RBS-motif=GGxGG
13:33:04.623 - INFO - CDS - contig=contig_2, start=82029, stop=83081, strand=-, frame=2, truncated=no, start-type=ATG, RBS-motif=GGAGG
13:33:04.623 - INFO - CDS - contig=contig_2, start=83297, stop=83722, strand=-, frame=3, truncated=no, start-type=ATG, RBS-motif=AGGAGG
13:33:04.623 - INFO - CDS - contig=contig_2, start=83909, stop=84292, strand=+, frame=2, truncated=no, start-type=ATG, RBS-motif=AGGAG
13:33:04.623 - INFO - CDS - contig=contig_2, start=84368, stop=84901, strand=+, frame=2, truncated=no, start-type=ATG, RBS-motif=AGGAG/GGAGG
13:33:04.623 - INFO - CDS - contig=contig_2, start=85239, stop=85727, strand=+, frame=3, truncated=no, start-type=ATG, RBS-motif=GGAGG
13:33:04.623 - INFO - CDS - contig=contig_2, start=85729, stop=86655, strand=+, frame=1, truncated=no, start-type=ATG, RBS-motif=AGGA/GGAG/GAGG
13:33:04.623 - INFO - CDS - contig=contig_2, start=86655, stop=87848, strand=+, frame=3, truncated=no, start-type=ATG, RBS-motif=AGxAGG/AGGxGG
13:33:04.623 - INFO - CDS - contig=contig_2, start=87890, stop=88129, strand=+, frame=2, truncated=no, start-type=ATG, RBS-motif=GGAG/GAGG
13:33:04.623 - INFO - CDS - contig=contig_2, start=88126, stop=89007, strand=+, frame=1, truncated=no, start-type=ATG, RBS-motif=GGAGG
13:33:04.623 - INFO - CDS - contig=contig_2, start=89024, stop=89488, strand=+, frame=2, truncated=no, start-type=ATG, RBS-motif=GGA/GAG/AGG
13:33:04.624 - INFO - CDS - contig=contig_2, start=89538, stop=91376, strand=+, frame=3, truncated=no, start-type=TTG, RBS-motif=GGA/GAG/AGG
13:33:04.624 - INFO - CDS - contig=contig_2, start=91363, stop=92181, strand=+, frame=1, truncated=no, start-type=ATG, RBS-motif=GGAGG
13:33:04.624 - INFO - CDS - contig=contig_2, start=92178, stop=93041, strand=+, frame=3, truncated=no, start-type=ATG, RBS-motif=GGAGG
13:33:04.624 - INFO - CDS - contig=contig_2, start=93044, stop=93496, strand=+, frame=2, truncated=no, start-type=ATG, RBS-motif=GGAGG
13:33:04.624 - INFO - CDS - contig=contig_2, start=93572, stop=95266, strand=+, frame=2, truncated=no, start-type=ATG, RBS-motif=GGxGG
13:33:04.624 - INFO - CDS - contig=contig_2, start=95884, stop=96405, strand=+, frame=1, truncated=no, start-type=ATG, RBS-motif=GGAG/GAGG
13:33:04.624 - INFO - CDS - contig=contig_2, start=96386, stop=97618, strand=+, frame=2, truncated=no, start-type=ATG, RBS-motif=GGAG/GAGG
13:33:04.624 - INFO - CDS - contig=contig_2, start=98136, stop=99323, strand=+, frame=3, truncated=no, start-type=GTG, RBS-motif=AGxAGG/AGGxGG
13:33:04.624 - INFO - CDS - contig=contig_2, start=99538, stop=99765, strand=+, frame=1, truncated=no, start-type=ATG, RBS-motif=GGA/GAG/AGG
13:33:04.624 - INFO - CDS - contig=contig_2, start=99884, stop=101362, strand=+, frame=2, truncated=no, start-type=GTG, RBS-motif=AGGAGG
13:33:04.624 - INFO - CDS - contig=contig_2, start=101630, stop=103024, strand=+, frame=2, truncated=no, start-type=ATG, RBS-motif=GGAG/GAGG
13:33:04.624 - INFO - CDS - contig=contig_2, start=103095, stop=104402, strand=+, frame=3, truncated=no, start-type=ATG, RBS-motif=GGAGG
13:33:04.624 - INFO - CDS - contig=contig_2, start=104399, stop=105091, strand=+, frame=2, truncated=no, start-type=ATG, RBS-motif=AGGAGG
13:33:04.624 - INFO - CDS - contig=contig_2, start=105084, stop=106382, strand=+, frame=3, truncated=no, start-type=ATG, RBS-motif=GGA/GAG/AGG
13:33:04.624 - INFO - CDS - contig=contig_2, start=106666, stop=108000, strand=+, frame=1, truncated=no, start-type=ATG, RBS-motif=AGGAG
13:33:04.624 - INFO - CDS - contig=contig_2, start=108093, stop=108827, strand=+, frame=3, truncated=no, start-type=ATG, RBS-motif=GGAGG
13:33:04.625 - INFO - CDS - contig=contig_2, start=108820, stop=109533, strand=+, frame=1, truncated=no, start-type=ATG, RBS-motif=GGxGG
13:33:04.625 - INFO - CDS - contig=contig_2, start=109549, stop=110382, strand=+, frame=1, truncated=no, start-type=ATG, RBS-motif=AGGAGG
13:33:04.625 - INFO - CDS - contig=contig_2, start=110399, stop=111397, strand=+, frame=2, truncated=no, start-type=ATG, RBS-motif=AGGAGG
13:33:04.625 - INFO - CDS - contig=contig_2, start=111436, stop=112056, strand=-, frame=1, truncated=no, start-type=ATG, RBS-motif=GGAG/GAGG
13:33:04.625 - INFO - CDS - contig=contig_2, start=112154, stop=113413, strand=+, frame=2, truncated=no, start-type=ATG, RBS-motif=AGGAGG
13:33:04.625 - INFO - CDS - contig=contig_2, start=113577, stop=114062, strand=+, frame=3, truncated=no, start-type=ATG, RBS-motif=AGGA
13:33:04.625 - INFO - CDS - contig=contig_2, start=114062, stop=115138, strand=+, frame=2, truncated=no, start-type=ATG, RBS-motif=GGxGG
13:33:04.625 - INFO - CDS - contig=contig_2, start=115373, stop=116161, strand=+, frame=2, truncated=no, start-type=GTG, RBS-motif=GGAGG
13:33:04.625 - INFO - CDS - contig=contig_2, start=116251, stop=116835, strand=+, frame=1, truncated=no, start-type=ATG, RBS-motif=AGGAGG
13:33:04.625 - INFO - CDS - contig=contig_2, start=117006, stop=118199, strand=+, frame=3, truncated=no, start-type=TTG, RBS-motif=GGAG/GAGG
13:33:04.625 - INFO - CDS - contig=contig_2, start=118406, stop=119839, strand=+, frame=2, truncated=no, start-type=ATG, RBS-motif=GGAG/GAGG
13:33:04.625 - INFO - CDS - contig=contig_2, start=119879, stop=120859, strand=+, frame=2, truncated=no, start-type=ATG, RBS-motif=AGGAGG
13:33:04.625 - INFO - CDS - contig=contig_2, start=120917, stop=122152, strand=-, frame=3, truncated=no, start-type=ATG, RBS-motif=AGGAGG
13:33:04.625 - INFO - CDS - contig=contig_2, start=122290, stop=123225, strand=+, frame=1, truncated=no, start-type=ATG, RBS-motif=AGGAG
13:33:04.625 - INFO - CDS - contig=contig_2, start=123287, stop=123829, strand=+, frame=2, truncated=no, start-type=ATG, RBS-motif=AGGAGG
13:33:04.625 - INFO - CDS - contig=contig_2, start=123862, stop=124455, strand=+, frame=1, truncated=no, start-type=GTG, RBS-motif=AGGA
13:33:04.626 - INFO - CDS - contig=contig_2, start=124482, stop=125510, strand=-, frame=2, truncated=no, start-type=ATG, RBS-motif=GGA/GAG/AGG
13:33:04.626 - INFO - CDS - contig=contig_2, start=125783, stop=127150, strand=-, frame=3, truncated=no, start-type=ATG, RBS-motif=AGGAGG
13:33:04.626 - INFO - CDS - contig=contig_2, start=127157, stop=127891, strand=-, frame=3, truncated=no, start-type=ATG, RBS-motif=AGxAGG/AGGxGG
13:33:04.626 - INFO - CDS - contig=contig_2, start=128062, stop=128526, strand=+, frame=1, truncated=no, start-type=ATG, RBS-motif=AGxAGG/AGGxGG
13:33:04.626 - INFO - CDS - contig=contig_2, start=128705, stop=129169, strand=+, frame=2, truncated=no, start-type=TTG, RBS-motif=AGGAGG
13:33:04.626 - INFO - CDS - contig=contig_2, start=129169, stop=129765, strand=+, frame=1, truncated=no, start-type=ATG, RBS-motif=AGGAG
13:33:04.626 - INFO - CDS - contig=contig_2, start=129820, stop=131802, strand=-, frame=1, truncated=no, start-type=ATG, RBS-motif=GGAGG
13:33:04.626 - INFO - CDS - contig=contig_2, start=131744, stop=132445, strand=-, frame=3, truncated=no, start-type=ATG, RBS-motif=AGxAGG/AGGxGG
13:33:04.626 - INFO - CDS - contig=contig_2, start=132522, stop=133223, strand=-, frame=2, truncated=no, start-type=ATG, RBS-motif=GGxGG
13:33:04.626 - INFO - CDS - contig=contig_2, start=133270, stop=134526, strand=-, frame=1, truncated=no, start-type=ATG, RBS-motif=GGA/GAG/AGG
13:33:04.626 - INFO - CDS - contig=contig_2, start=134575, stop=135162, strand=-, frame=1, truncated=no, start-type=ATG, RBS-motif=GGA/GAG/AGG
13:33:04.626 - INFO - CDS - contig=contig_2, start=135162, stop=136157, strand=-, frame=2, truncated=no, start-type=ATG, RBS-motif=GGAGG
13:33:04.626 - INFO - CDS - contig=contig_2, start=136169, stop=137191, strand=-, frame=3, truncated=no, start-type=GTG, RBS-motif=AGGAGG
13:33:04.626 - INFO - CDS - contig=contig_2, start=137185, stop=138225, strand=-, frame=1, truncated=no, start-type=ATG, RBS-motif=AGGAG
13:33:04.626 - INFO - CDS - contig=contig_2, start=138276, stop=139664, strand=-, frame=2, truncated=no, start-type=ATG, RBS-motif=AGGAGG
13:33:04.626 - INFO - CDS - contig=contig_2, start=140468, stop=141196, strand=-, frame=3, truncated=no, start-type=ATG, RBS-motif=GGA/GAG/AGG
13:33:04.627 - INFO - CDS - contig=contig_2, start=141269, stop=142066, strand=-, frame=3, truncated=no, start-type=ATG, RBS-motif=AGGAG
13:33:04.627 - INFO - CDS - contig=contig_2, start=142054, stop=142758, strand=-, frame=1, truncated=no, start-type=ATG, RBS-motif=AGGAGG
13:33:04.627 - INFO - CDS - contig=contig_2, start=142833, stop=143039, strand=-, frame=2, truncated=no, start-type=ATG, RBS-motif=GGAGG
13:33:04.627 - INFO - CDS - contig=contig_2, start=143351, stop=143629, strand=-, frame=3, truncated=no, start-type=ATG, RBS-motif=GGAG/GAGG
13:33:04.627 - INFO - CDS - contig=contig_2, start=143703, stop=144338, strand=-, frame=2, truncated=no, start-type=ATG, RBS-motif=AGGAG
13:33:04.627 - INFO - CDS - contig=contig_2, start=144410, stop=145765, strand=-, frame=3, truncated=no, start-type=ATG, RBS-motif=AGGA
13:33:04.627 - INFO - CDS - contig=contig_2, start=145796, stop=146851, strand=-, frame=3, truncated=no, start-type=TTG, RBS-motif=AGGAG
13:33:04.627 - INFO - CDS - contig=contig_2, start=146883, stop=147200, strand=-, frame=2, truncated=no, start-type=ATG, RBS-motif=GGAGG
13:33:04.627 - INFO - CDS - contig=contig_2, start=147212, stop=147814, strand=-, frame=3, truncated=no, start-type=ATG, RBS-motif=AGGAG
13:33:04.627 - INFO - CDS - contig=contig_2, start=147988, stop=148521, strand=-, frame=1, truncated=no, start-type=ATG, RBS-motif=GGAG/GAGG
13:33:04.627 - INFO - CDS - contig=contig_2, start=148679, stop=149557, strand=-, frame=3, truncated=no, start-type=ATG, RBS-motif=AGGA/GGAG/GAGG
13:33:04.627 - INFO - CDS - contig=contig_2, start=149590, stop=150222, strand=-, frame=1, truncated=no, start-type=ATG, RBS-motif=GGAGG
13:33:04.627 - INFO - CDS - contig=contig_2, start=150541, stop=151902, strand=-, frame=1, truncated=no, start-type=ATG, RBS-motif=GGAG/GAGG
13:33:04.627 - INFO - CDS - contig=contig_2, start=151974, stop=152114, strand=-, frame=2, truncated=no, start-type=ATG, RBS-motif=GGAGG
13:33:04.627 - INFO - CDS - contig=contig_2, start=152179, stop=152604, strand=-, frame=1, truncated=no, start-type=ATG, RBS-motif=GGAGG
13:33:04.627 - INFO - CDS - contig=contig_2, start=152663, stop=153022, strand=-, frame=3, truncated=no, start-type=TTG, RBS-motif=GGAGG
13:33:04.627 - INFO - CDS - contig=contig_2, start=153131, stop=154261, strand=-, frame=3, truncated=no, start-type=GTG, RBS-motif=AGGAG
13:33:04.627 - INFO - CDS - contig=contig_2, start=154274, stop=154531, strand=-, frame=3, truncated=no, start-type=ATG, RBS-motif=GGA/GAG/AGG
13:33:04.628 - INFO - CDS - contig=contig_2, start=154559, stop=155131, strand=-, frame=3, truncated=no, start-type=ATG, RBS-motif=AGGAGG
13:33:04.628 - INFO - CDS - contig=contig_2, start=155178, stop=156281, strand=-, frame=2, truncated=no, start-type=TTG, RBS-motif=AGxAGG/AGGxGG
13:33:04.628 - INFO - CDS - contig=contig_2, start=156230, stop=157894, strand=-, frame=3, truncated=no, start-type=ATG, RBS-motif=GGA/GAG/AGG
13:33:04.628 - INFO - CDS - contig=contig_2, start=158319, stop=159404, strand=+, frame=3, truncated=no, start-type=ATG, RBS-motif=GGAGG
13:33:04.628 - INFO - CDS - contig=contig_2, start=159414, stop=160304, strand=+, frame=3, truncated=no, start-type=ATG, RBS-motif=AGGAGG
13:33:04.628 - INFO - CDS - contig=contig_2, start=160324, stop=161088, strand=+, frame=1, truncated=no, start-type=ATG, RBS-motif=GGAGG
13:33:04.628 - INFO - CDS - contig=contig_2, start=161306, stop=161737, strand=-, frame=3, truncated=no, start-type=ATG, RBS-motif=GGAG/GAGG
13:33:04.628 - INFO - CDS - contig=contig_2, start=161892, stop=162824, strand=+, frame=3, truncated=no, start-type=ATG, RBS-motif=AGxAGG/AGGxGG
13:33:04.628 - INFO - CDS - contig=contig_2, start=162869, stop=164158, strand=+, frame=2, truncated=no, start-type=ATG, RBS-motif=GGAG/GAGG
13:33:04.628 - INFO - CDS - contig=contig_2, start=164466, stop=166229, strand=-, frame=2, truncated=no, start-type=ATG, RBS-motif=GGA/GAG/AGG
13:33:04.628 - INFO - CDS - contig=contig_2, start=166231, stop=168597, strand=-, frame=1, truncated=no, start-type=GTG, RBS-motif=GGAGG
13:33:04.628 - INFO - CDS - contig=contig_2, start=168587, stop=169243, strand=-, frame=3, truncated=no, start-type=GTG, RBS-motif=GGAGG
13:33:04.628 - INFO - CDS - contig=contig_2, start=169510, stop=170601, strand=+, frame=1, truncated=no, start-type=ATG, RBS-motif=AGGAG/GGAGG
13:33:04.628 - INFO - CDS - contig=contig_2, start=170598, stop=171719, strand=+, frame=3, truncated=no, start-type=GTG, RBS-motif=GGAGG
13:33:04.628 - INFO - CDS - contig=contig_2, start=171772, stop=173298, strand=-, frame=1, truncated=no, start-type=ATG, RBS-motif=AGGAG
13:33:04.629 - INFO - CDS - contig=contig_2, start=173456, stop=173629, strand=-, frame=3, truncated=no, start-type=TTG, RBS-motif=GGAGG
13:33:04.629 - INFO - CDS - contig=contig_2, start=173711, stop=174373, strand=-, frame=3, truncated=no, start-type=ATG, RBS-motif=AGGA
13:33:04.629 - INFO - CDS - contig=contig_2, start=174358, stop=175239, strand=-, frame=1, truncated=no, start-type=ATG, RBS-motif=None
13:33:04.629 - INFO - CDS - contig=contig_2, start=175241, stop=177367, strand=-, frame=3, truncated=no, start-type=ATG, RBS-motif=AGxAGG/AGGxGG
13:33:04.629 - INFO - CDS - contig=contig_2, start=177384, stop=178115, strand=-, frame=2, truncated=no, start-type=ATG, RBS-motif=GGAG/GAGG
13:33:04.629 - INFO - CDS - contig=contig_2, start=178191, stop=179222, strand=-, frame=2, truncated=no, start-type=ATG, RBS-motif=AGGAG
13:33:04.629 - INFO - CDS - contig=contig_2, start=179219, stop=181189, strand=-, frame=3, truncated=no, start-type=GTG, RBS-motif=GGAGG
13:33:04.629 - INFO - CDS - contig=contig_2, start=181191, stop=181889, strand=-, frame=2, truncated=no, start-type=ATG, RBS-motif=GGAG/GAGG
13:33:04.629 - INFO - CDS - contig=contig_2, start=181902, stop=183149, strand=-, frame=2, truncated=no, start-type=GTG, RBS-motif=None
13:33:04.629 - INFO - CDS - contig=contig_2, start=183153, stop=184073, strand=-, frame=2, truncated=no, start-type=ATG, RBS-motif=AGGAG
13:33:04.629 - INFO - CDS - contig=contig_2, start=184070, stop=184573, strand=-, frame=3, truncated=no, start-type=ATG, RBS-motif=AGGAGG
13:33:04.629 - INFO - CDS - contig=contig_2, start=184585, stop=187062, strand=-, frame=1, truncated=no, start-type=ATG, RBS-motif=AGxAGG/AGGxGG
13:33:04.629 - INFO - CDS - contig=contig_2, start=187137, stop=187334, strand=-, frame=2, truncated=no, start-type=ATG, RBS-motif=AGGAG/GGAGG
13:33:04.629 - INFO - CDS - contig=contig_2, start=187341, stop=187952, strand=-, frame=2, truncated=no, start-type=ATG, RBS-motif=AGGAGG
13:33:04.629 - INFO - CDS - contig=contig_2, start=187949, stop=188218, strand=-, frame=3, truncated=no, start-type=ATG, RBS-motif=AGxAGG/AGGxGG
13:33:04.629 - INFO - CDS - contig=contig_2, start=188234, stop=189112, strand=-, frame=3, truncated=no, start-type=TTG, RBS-motif=GGAGG
13:33:04.630 - INFO - CDS - contig=contig_2, start=189181, stop=189717, strand=-, frame=1, truncated=no, start-type=ATG, RBS-motif=GGA/GAG/AGG
13:33:04.630 - INFO - CDS - contig=contig_2, start=189722, stop=190345, strand=-, frame=3, truncated=no, start-type=ATG, RBS-motif=AGGAG
13:33:04.630 - INFO - CDS - contig=contig_2, start=190342, stop=191220, strand=-, frame=1, truncated=no, start-type=ATG, RBS-motif=GGA/GAG/AGG
13:33:04.630 - INFO - CDS - contig=contig_2, start=191220, stop=191648, strand=-, frame=2, truncated=no, start-type=ATG, RBS-motif=GGAGG
13:33:04.630 - INFO - CDS - contig=contig_2, start=191784, stop=193028, strand=-, frame=2, truncated=no, start-type=ATG, RBS-motif=AGxAGG/AGGxGG
13:33:04.630 - INFO - CDS - contig=contig_2, start=193003, stop=193893, strand=-, frame=1, truncated=no, start-type=ATG, RBS-motif=GGxGG
13:33:04.630 - INFO - CDS - contig=contig_2, start=194145, stop=194621, strand=-, frame=2, truncated=no, start-type=ATG, RBS-motif=AGGAGG
13:33:04.630 - INFO - CDS - contig=contig_2, start=194819, stop=196114, strand=-, frame=3, truncated=no, start-type=GTG, RBS-motif=GGAGG
13:33:04.630 - INFO - CDS - contig=contig_2, start=196223, stop=198544, strand=-, frame=3, truncated=no, start-type=ATG, RBS-motif=AGGAGG
13:33:04.630 - INFO - CDS - contig=contig_2, start=198541, stop=199017, strand=-, frame=1, truncated=no, start-type=ATG, RBS-motif=AGxAGG/AGGxGG
13:33:04.630 - INFO - CDS - contig=contig_2, start=199031, stop=199864, strand=-, frame=3, truncated=no, start-type=ATG, RBS-motif=AGGAGG
13:33:04.630 - INFO - CDS - contig=contig_2, start=199861, stop=200439, strand=-, frame=1, truncated=no, start-type=ATG, RBS-motif=GGAGG
13:33:04.630 - INFO - CDS - contig=contig_2, start=200524, stop=201324, strand=-, frame=1, truncated=no, start-type=ATG, RBS-motif=AGGAGG
13:33:04.630 - INFO - CDS - contig=contig_2, start=201367, stop=202794, strand=-, frame=1, truncated=no, start-type=ATG, RBS-motif=GGAGG
13:33:04.630 - INFO - CDS - contig=contig_2, start=202810, stop=204366, strand=-, frame=1, truncated=no, start-type=TTG, RBS-motif=GGAGG
13:33:04.630 - INFO - CDS - contig=contig_2, start=204359, stop=205216, strand=-, frame=3, truncated=no, start-type=GTG, RBS-motif=None
13:33:04.631 - INFO - CDS - contig=contig_2, start=205221, stop=205565, strand=-, frame=2, truncated=no, start-type=ATG, RBS-motif=AGGAGG
13:33:04.631 - INFO - CDS - contig=contig_2, start=205580, stop=206776, strand=-, frame=3, truncated=no, start-type=ATG, RBS-motif=AGGA/GGAG/GAGG
13:33:04.631 - INFO - CDS - contig=contig_2, start=206807, stop=207466, strand=-, frame=3, truncated=no, start-type=ATG, RBS-motif=AGGAGG
13:33:04.631 - INFO - CDS - contig=contig_2, start=207671, stop=209287, strand=+, frame=2, truncated=no, start-type=ATG, RBS-motif=AGGAGG
13:33:04.631 - INFO - CDS - contig=contig_2, start=209342, stop=210463, strand=-, frame=3, truncated=no, start-type=ATG, RBS-motif=GGAG/GAGG
13:33:04.631 - INFO - CDS - contig=contig_2, start=210460, stop=210714, strand=-, frame=1, truncated=no, start-type=ATG, RBS-motif=AGGA/GGAG/GAGG
13:33:04.631 - INFO - CDS - contig=contig_2, start=210955, stop=211428, strand=-, frame=1, truncated=no, start-type=ATG, RBS-motif=GGAG/GAGG
13:33:04.631 - INFO - CDS - contig=contig_2, start=211425, stop=212159, strand=-, frame=2, truncated=no, start-type=ATG, RBS-motif=AGGAGG
13:33:04.631 - INFO - CDS - contig=contig_2, start=212241, stop=212717, strand=-, frame=2, truncated=no, start-type=ATG, RBS-motif=GGAGG
13:33:04.631 - INFO - CDS - contig=contig_2, start=212898, stop=214913, strand=-, frame=2, truncated=no, start-type=ATG, RBS-motif=GGxGG
13:33:04.631 - INFO - CDS - contig=contig_2, start=214910, stop=215506, strand=-, frame=3, truncated=no, start-type=ATG, RBS-motif=AGGAG/GGAGG
13:33:04.631 - INFO - CDS - contig=contig_2, start=215503, stop=216180, strand=-, frame=1, truncated=no, start-type=ATG, RBS-motif=AGxAGG/AGGxGG
13:33:04.631 - INFO - CDS - contig=contig_2, start=216177, stop=217424, strand=-, frame=2, truncated=no, start-type=TTG, RBS-motif=GGA/GAG/AGG
13:33:04.631 - INFO - CDS - contig=contig_2, start=217421, stop=218290, strand=-, frame=3, truncated=no, start-type=ATG, RBS-motif=GGAGG
13:33:04.631 - INFO - CDS - contig=contig_2, start=218397, stop=219104, strand=-, frame=2, truncated=no, start-type=ATG, RBS-motif=AGGA
13:33:04.631 - INFO - CDS - contig=contig_2, start=219168, stop=220268, strand=-, frame=2, truncated=no, start-type=TTG, RBS-motif=GGAG/GAGG
13:33:04.631 - INFO - CDS - contig=contig_2, start=220309, stop=220716, strand=-, frame=1, truncated=no, start-type=ATG, RBS-motif=AGxAGG/AGGxGG
13:33:04.632 - INFO - CDS - contig=contig_2, start=220881, stop=221510, strand=-, frame=2, truncated=no, start-type=GTG, RBS-motif=AGGAGG
13:33:04.632 - INFO - CDS - contig=contig_2, start=221516, stop=222178, strand=-, frame=3, truncated=no, start-type=ATG, RBS-motif=GGxGG
13:33:04.632 - INFO - CDS - contig=contig_2, start=222289, stop=223095, strand=-, frame=1, truncated=no, start-type=GTG, RBS-motif=None
13:33:04.632 - INFO - CDS - contig=contig_2, start=223097, stop=223807, strand=-, frame=3, truncated=no, start-type=TTG, RBS-motif=GGxGG
13:33:04.632 - INFO - CDS - contig=contig_2, start=223810, stop=224508, strand=-, frame=1, truncated=no, start-type=ATG, RBS-motif=GGAG/GAGG
13:33:04.632 - INFO - CDS - contig=contig_2, start=224679, stop=226520, strand=-, frame=2, truncated=no, start-type=ATG, RBS-motif=AGGAGG
13:33:04.632 - INFO - CDS - contig=contig_2, start=226608, stop=226874, strand=-, frame=2, truncated=no, start-type=ATG, RBS-motif=GGAGG
13:33:04.632 - INFO - CDS - contig=contig_2, start=227018, stop=227977, strand=+, frame=2, truncated=no, start-type=ATG, RBS-motif=GGA/GAG/AGG
13:33:04.632 - INFO - CDS - contig=contig_2, start=228093, stop=228479, strand=-, frame=2, truncated=no, start-type=ATG, RBS-motif=AGGAG
13:33:04.632 - INFO - CDS - contig=contig_2, start=228587, stop=229180, strand=-, frame=3, truncated=no, start-type=ATG, RBS-motif=GGAG/GAGG
13:33:04.632 - INFO - CDS - contig=contig_2, start=229191, stop=229715, strand=-, frame=2, truncated=no, start-type=ATG, RBS-motif=GGA/GAG/AGG
13:33:04.632 - INFO - CDS - contig=contig_2, start=229712, stop=230203, strand=-, frame=3, truncated=no, start-type=ATG, RBS-motif=None
13:33:04.632 - INFO - CDS - contig=contig_2, start=230208, stop=231311, strand=-, frame=2, truncated=no, start-type=ATG, RBS-motif=AGGAG
13:33:04.632 - INFO - CDS - contig=contig_2, start=231415, stop=231801, strand=-, frame=1, truncated=no, start-type=ATG, RBS-motif=None
13:33:04.632 - INFO - CDS - contig=contig_2, start=231806, stop=232000, strand=-, frame=3, truncated=no, start-type=ATG, RBS-motif=GGA/GAG/AGG
13:33:04.632 - INFO - CDS - contig=contig_2, start=232040, stop=232552, strand=-, frame=3, truncated=no, start-type=ATG, RBS-motif=AGGAG
13:33:04.632 - INFO - CDS - contig=contig_2, start=232546, stop=233472, strand=-, frame=1, truncated=no, start-type=ATG, RBS-motif=AGxAGG/AGGxGG
13:33:04.633 - INFO - CDS - contig=contig_2, start=233648, stop=236320, strand=-, frame=3, truncated=no, start-type=ATG, RBS-motif=AGGA
13:33:04.633 - INFO - CDS - contig=contig_2, start=236395, stop=237246, strand=-, frame=1, truncated=no, start-type=TTG, RBS-motif=GGAGG
13:33:04.633 - INFO - CDS - contig=contig_2, start=237403, stop=238155, strand=-, frame=1, truncated=no, start-type=ATG, RBS-motif=GGAG/GAGG
13:33:04.633 - INFO - CDS - contig=contig_2, start=238152, stop=238751, strand=-, frame=2, truncated=no, start-type=ATG, RBS-motif=AGGAG
13:33:04.633 - INFO - CDS - contig=contig_2, start=238762, stop=241173, strand=-, frame=1, truncated=no, start-type=ATG, RBS-motif=GGAG/GAGG
13:33:04.633 - INFO - CDS - contig=contig_2, start=241258, stop=242577, strand=-, frame=1, truncated=no, start-type=ATG, RBS-motif=GGAG/GAGG
13:33:04.633 - INFO - CDS - contig=contig_2, start=242709, stop=243290, strand=-, frame=2, truncated=no, start-type=ATG, RBS-motif=AGGAG
13:33:04.633 - INFO - CDS - contig=contig_2, start=243396, stop=244835, strand=-, frame=2, truncated=no, start-type=ATG, RBS-motif=AGGAGG
13:33:04.633 - INFO - CDS - contig=contig_2, start=244954, stop=245631, strand=-, frame=1, truncated=no, start-type=ATG, RBS-motif=4Base/6BMM
13:33:04.633 - INFO - CDS - contig=contig_2, start=245633, stop=247120, strand=-, frame=3, truncated=no, start-type=ATG, RBS-motif=GGA/GAG/AGG
13:33:04.633 - INFO - CDS - contig=contig_2, start=247108, stop=248070, strand=-, frame=1, truncated=no, start-type=ATG, RBS-motif=GGxGG
13:33:04.633 - INFO - CDS - contig=contig_2, start=248088, stop=248459, strand=-, frame=2, truncated=no, start-type=GTG, RBS-motif=None
13:33:04.633 - INFO - CDS - contig=contig_2, start=248456, stop=249061, strand=-, frame=3, truncated=no, start-type=ATG, RBS-motif=GGAG/GAGG
13:33:04.633 - INFO - CDS - contig=contig_2, start=249072, stop=249926, strand=-, frame=2, truncated=no, start-type=ATG, RBS-motif=AGGAGG
13:33:04.633 - INFO - CDS - contig=contig_2, start=250041, stop=252035, strand=-, frame=2, truncated=no, start-type=ATG, RBS-motif=GGAGG
13:33:04.634 - INFO - CDS - contig=contig_2, start=252263, stop=252604, strand=-, frame=3, truncated=no, start-type=ATG, RBS-motif=AGGAGG
13:33:04.634 - INFO - CDS - contig=contig_2, start=252862, stop=253473, strand=-, frame=1, truncated=no, start-type=ATG, RBS-motif=None
13:33:04.634 - INFO - CDS - contig=contig_2, start=253476, stop=254489, strand=-, frame=2, truncated=no, start-type=ATG, RBS-motif=GGA/GAG/AGG
13:33:04.634 - INFO - CDS - contig=contig_2, start=85, stop=462, strand=+, nt=[ATGCTCAAGG..TGCTGGCTGA]
13:33:04.634 - INFO - CDS - contig=contig_2, start=551, stop=1081, strand=-, nt=[ATGTGGGTTT..GAAAAAGTAG]
13:33:04.634 - INFO - CDS - contig=contig_2, start=1253, stop=6745, strand=+, nt=[ATGAAAAAGG..CGAAGTGTAA]
13:33:04.634 - INFO - CDS - contig=contig_2, start=6874, stop=8199, strand=+, nt=[ATGAAAAAGA..TACGTCCTAA]
13:33:04.634 - INFO - CDS - contig=contig_2, start=8582, stop=9445, strand=+, nt=[ATGAAGAAAA..AAAAGATTGA]
13:33:04.634 - INFO - CDS - contig=contig_2, start=9458, stop=10282, strand=+, nt=[GTGAAAGGTA..TAAGGGATGA]
13:33:04.634 - INFO - CDS - contig=contig_2, start=10279, stop=11913, strand=+, nt=[ATGAATAAAA..AGGAGGATAA]
13:33:04.634 - INFO - CDS - contig=contig_2, start=11919, stop=13538, strand=+, nt=[GTGAATCAAT..AGATCTATAA]
13:33:04.634 - INFO - CDS - contig=contig_2, start=14726, stop=15217, strand=-, nt=[ATGAACGAGC..GCTTCTGTAA]
13:33:04.634 - INFO - CDS - contig=contig_2, start=15257, stop=15868, strand=-, nt=[ATGCCGCCTT..GATTCTGTAA]
13:33:04.634 - INFO - CDS - contig=contig_2, start=15986, stop=16312, strand=+, nt=[TTGGAGCCGA..CGCGCTGTAG]
13:33:04.634 - INFO - CDS - contig=contig_2, start=16636, stop=17121, strand=+, nt=[ATGGGAGCGA..AAACGAGTGA]
13:33:04.634 - INFO - CDS - contig=contig_2, start=17257, stop=17511, strand=+, nt=[ATGGAAGCGG..GAAAAAGTGA]
13:33:04.634 - INFO - CDS - contig=contig_2, start=17559, stop=18428, strand=+, nt=[ATGGAAGAGC..CAGATCATGA]
13:33:04.634 - INFO - CDS - contig=contig_2, start=18404, stop=19789, strand=+, nt=[ATGGAGCAGT..GGACCGCTGA]
13:33:04.634 - INFO - CDS - contig=contig_2, start=19847, stop=21133, strand=-, nt=[TTGACGGAAC..TCAGAACTGA]
13:33:04.634 - INFO - CDS - contig=contig_2, start=21430, stop=22326, strand=+, nt=[ATGGAAATCA..AAAGTTATAA]
13:33:04.634 - INFO - CDS - contig=contig_2, start=22430, stop=23254, strand=+, nt=[ATGAGACAAC..CGCCGGATGA]
13:33:04.634 - INFO - CDS - contig=contig_2, start=23251, stop=24555, strand=+, nt=[ATGAGTGCAG..GCATACCTGA]
13:33:04.634 - INFO - CDS - contig=contig_2, start=24663, stop=26072, strand=+, nt=[ATGACCTTTC..ACCAAACTGA]
13:33:04.634 - INFO - CDS - contig=contig_2, start=26272, stop=27948, strand=-, nt=[ATGGATCAAC..GGCCCCCTGA]
13:33:04.634 - INFO - CDS - contig=contig_2, start=28617, stop=30287, strand=+, nt=[GTGAATTATA..TCCGGCCTAA]
13:33:04.634 - INFO - CDS - contig=contig_2, start=30630, stop=30914, strand=-, nt=[ATGGCAAGGA..GAAGGAGTGA]
13:33:04.635 - INFO - CDS - contig=contig_2, start=30969, stop=31613, strand=-, nt=[ATGACACATG..CGGACAATAG]
13:33:04.635 - INFO - CDS - contig=contig_2, start=31812, stop=32117, strand=+, nt=[ATGGAAAACG..AACGGTATGA]
13:33:04.635 - INFO - CDS - contig=contig_2, start=32114, stop=34564, strand=+, nt=[ATGAGCGGAG..AGAAACTTGA]
13:33:04.635 - INFO - CDS - contig=contig_2, start=34551, stop=37994, strand=+, nt=[ATGAAGAAAC..GGAGAAATAA]
13:33:04.635 - INFO - CDS - contig=contig_2, start=38042, stop=38623, strand=-, nt=[ATGCAGTTTA..ATCACTGTAA]
13:33:04.635 - INFO - CDS - contig=contig_2, start=38824, stop=39498, strand=+, nt=[ATGAACTATG..GGGCAACTGA]
13:33:04.635 - INFO - CDS - contig=contig_2, start=39524, stop=40462, strand=+, nt=[TTGGCGGCGG..GGGAAGCTGA]
13:33:04.635 - INFO - CDS - contig=contig_2, start=40590, stop=41489, strand=+, nt=[TTGAATCAGC..CGCATCCTGA]
13:33:04.635 - INFO - CDS - contig=contig_2, start=41895, stop=43379, strand=+, nt=[ATGGATGGGG..GGTCAGATAA]
13:33:04.635 - INFO - CDS - contig=contig_2, start=43398, stop=44921, strand=+, nt=[GTGAGTTCGG..GCATGGATAA]
13:33:04.635 - INFO - CDS - contig=contig_2, start=44944, stop=45894, strand=+, nt=[ATGACGCTGG..CTTGAGATAG]
13:33:04.635 - INFO - CDS - contig=contig_2, start=45906, stop=46871, strand=+, nt=[ATGAAAACAG..AGGCAGTTGA]
13:33:04.635 - INFO - CDS - contig=contig_2, start=46873, stop=48474, strand=+, nt=[ATGGCCGGGC..GCTGCGCTGA]
13:33:04.635 - INFO - CDS - contig=contig_2, start=48767, stop=49417, strand=+, nt=[ATGAGATCGA..GATGGTGTAA]
13:33:04.635 - INFO - CDS - contig=contig_2, start=49488, stop=49898, strand=+, nt=[GTGAAGAAAC..GGTCGGGTAA]
13:33:04.635 - INFO - CDS - contig=contig_2, start=49951, stop=51024, strand=+, nt=[ATGAAACTGA..TGAGGCCTGA]
13:33:04.635 - INFO - CDS - contig=contig_2, start=51090, stop=52061, strand=+, nt=[ATGGACTATC..GGAATTATGA]
13:33:04.635 - INFO - CDS - contig=contig_2, start=52058, stop=52792, strand=+, nt=[ATGATGGAAC..GACGCCATAA]
13:33:04.635 - INFO - CDS - contig=contig_2, start=52932, stop=53657, strand=+, nt=[ATGGCGACAT..ACAGGAATAG]
13:33:04.635 - INFO - CDS - contig=contig_2, start=53731, stop=54804, strand=-, nt=[ATGGAAAAAC..CGAGAATTGA]
13:33:04.635 - INFO - CDS - contig=contig_2, start=54818, stop=55723, strand=-, nt=[ATGGTTTTTA..GGCCCGCTGA]
13:33:04.635 - INFO - CDS - contig=contig_2, start=56105, stop=56755, strand=+, nt=[ATGGCAGCGA..GACCAGCTGA]
13:33:04.635 - INFO - CDS - contig=contig_2, start=56917, stop=57396, strand=+, nt=[GTGGGAAGTT..CTCCACATAA]
13:33:04.635 - INFO - CDS - contig=contig_2, start=57546, stop=58091, strand=-, nt=[ATGGAAACCA..ACAGCGGTAA]
13:33:04.635 - INFO - CDS - contig=contig_2, start=58104, stop=58841, strand=-, nt=[ATGGAAAAGA..GGACCGGTAA]
13:33:04.635 - INFO - CDS - contig=contig_2, start=58843, stop=59925, strand=-, nt=[ATGGCAAGAG..GGGGAAATAA]
13:33:04.635 - INFO - CDS - contig=contig_2, start=59940, stop=60143, strand=-, nt=[ATGGCAAAGG..CTACAAATAA]
13:33:04.635 - INFO - CDS - contig=contig_2, start=60215, stop=60940, strand=-, nt=[ATGGAAAAAA..CTCGTACTGA]
13:33:04.635 - INFO - CDS - contig=contig_2, start=61321, stop=62178, strand=+, nt=[ATGTCGTTTG..CATGCGCTGA]
13:33:04.636 - INFO - CDS - contig=contig_2, start=62124, stop=62288, strand=-, nt=[ATGCAGTGCA..GGCGGCGTAA]
13:33:04.636 - INFO - CDS - contig=contig_2, start=62308, stop=62820, strand=-, nt=[ATGATCACAT..TGCCTTATAA]
13:33:04.636 - INFO - CDS - contig=contig_2, start=62825, stop=63685, strand=-, nt=[ATGGCCCGGC..TGGGGGGTAA]
13:33:04.636 - INFO - CDS - contig=contig_2, start=63685, stop=64302, strand=-, nt=[GTGAACACGG..GTTTTCCTGA]
13:33:04.636 - INFO - CDS - contig=contig_2, start=64325, stop=65995, strand=-, nt=[ATGAAGACCG..CCTGTTTTGA]
13:33:04.636 - INFO - CDS - contig=contig_2, start=67467, stop=68681, strand=+, nt=[ATGAAAAACG..GGGCGTATGA]
13:33:04.636 - INFO - CDS - contig=contig_2, start=68853, stop=69077, strand=-, nt=[ATGCGTCAGC..CTGGTATTAG]
13:33:04.636 - INFO - CDS - contig=contig_2, start=69197, stop=70597, strand=-, nt=[ATGATCACGC..GGGCTTTTAA]
13:33:04.636 - INFO - CDS - contig=contig_2, start=70700, stop=70876, strand=-, nt=[ATGACGAAAC..GGGGTTCTAA]
13:33:04.636 - INFO - CDS - contig=contig_2, start=71052, stop=72332, strand=+, nt=[GTGAAGCTGC..GGCGCAATAG]
13:33:04.636 - INFO - CDS - contig=contig_2, start=72484, stop=73407, strand=+, nt=[ATGTCGTTTG..CATCGTGTAG]
13:33:04.636 - INFO - CDS - contig=contig_2, start=73531, stop=74310, strand=+, nt=[ATGCCCATTG..GAATGTCTAA]
13:33:04.636 - INFO - CDS - contig=contig_2, start=74303, stop=75223, strand=+, nt=[ATGTCTAACC..CCCCTGGTAA]
13:33:04.636 - INFO - CDS - contig=contig_2, start=75234, stop=75578, strand=+, nt=[ATGGAAGGAC..CCGGCTGTGA]
13:33:04.636 - INFO - CDS - contig=contig_2, start=75618, stop=75941, strand=+, nt=[ATGGCGGTCG..GGCCGGCTGA]
13:33:04.636 - INFO - CDS - contig=contig_2, start=75974, stop=77140, strand=+, nt=[ATGACCCGAT..TCAAGCGTGA]
13:33:04.636 - INFO - CDS - contig=contig_2, start=77115, stop=79109, strand=+, nt=[TTGGATACGA..AAAGCGATAA]
13:33:04.636 - INFO - CDS - contig=contig_2, start=79151, stop=81280, strand=-, nt=[ATGAAGCAAT..CGAAGCATAA]
13:33:04.636 - INFO - CDS - contig=contig_2, start=81277, stop=82032, strand=-, nt=[ATGAAATCTG..CGCAGGATGA]
13:33:04.636 - INFO - CDS - contig=contig_2, start=82029, stop=83081, strand=-, nt=[ATGTCCCGAC..GGGCGCATGA]
13:33:04.636 - INFO - CDS - contig=contig_2, start=83297, stop=83722, strand=-, nt=[ATGAAACGGA..CTTGCACTGA]
13:33:04.636 - INFO - CDS - contig=contig_2, start=83909, stop=84292, strand=+, nt=[ATGAAGGGCA..GGTGCATTGA]
13:33:04.636 - INFO - CDS - contig=contig_2, start=84368, stop=84901, strand=+, nt=[ATGGAACTGA..AAATTACTGA]
13:33:04.636 - INFO - CDS - contig=contig_2, start=85239, stop=85727, strand=+, nt=[ATGACCAGAA..TGCGCCCTGA]
13:33:04.636 - INFO - CDS - contig=contig_2, start=85729, stop=86655, strand=+, nt=[ATGCGCGCGC..GCGCGCTTGA]
13:33:04.636 - INFO - CDS - contig=contig_2, start=86655, stop=87848, strand=+, nt=[ATGAGCACGG..GGTTCTGTAG]
13:33:04.636 - INFO - CDS - contig=contig_2, start=87890, stop=88129, strand=+, nt=[ATGGCAGAGA..ACGGGAATGA]
13:33:04.636 - INFO - CDS - contig=contig_2, start=88126, stop=89007, strand=+, nt=[ATGACCCATC..GGAGAAATGA]
13:33:04.637 - INFO - CDS - contig=contig_2, start=89024, stop=89488, strand=+, nt=[ATGTTAAAAA..GTTTGCATGA]
13:33:04.637 - INFO - CDS - contig=contig_2, start=89538, stop=91376, strand=+, nt=[TTGACAAACG..CAACGGTTAA]
13:33:04.637 - INFO - CDS - contig=contig_2, start=91363, stop=92181, strand=+, nt=[ATGGCAACGG..GAGAGCATGA]
13:33:04.637 - INFO - CDS - contig=contig_2, start=92178, stop=93041, strand=+, nt=[ATGAAAGTGG..AGGAGCGTAA]
13:33:04.637 - INFO - CDS - contig=contig_2, start=93044, stop=93496, strand=+, nt=[ATGAAGTCAA..GCTGAAATAA]
13:33:04.637 - INFO - CDS - contig=contig_2, start=93572, stop=95266, strand=+, nt=[ATGCTTTCTT..AAGTCGTTGA]
13:33:04.637 - INFO - CDS - contig=contig_2, start=95884, stop=96405, strand=+, nt=[ATGAAAAGGA..CTTGTTATGA]
13:33:04.637 - INFO - CDS - contig=contig_2, start=96386, stop=97618, strand=+, nt=[ATGAACATGA..CCTGATTTGA]
13:33:04.637 - INFO - CDS - contig=contig_2, start=98136, stop=99323, strand=+, nt=[GTGCCGGATA..AGAAGAATAG]
13:33:04.637 - INFO - CDS - contig=contig_2, start=99538, stop=99765, strand=+, nt=[ATGGGCGCCG..GATCTCATAG]
13:33:04.637 - INFO - CDS - contig=contig_2, start=99884, stop=101362, strand=+, nt=[GTGGAACAGC..TATCCTGTAA]
13:33:04.637 - INFO - CDS - contig=contig_2, start=101630, stop=103024, strand=+, nt=[ATGAAAATTG..GGGACTCTGA]
13:33:04.637 - INFO - CDS - contig=contig_2, start=103095, stop=104402, strand=+, nt=[ATGAGACGAG..GGCTTCATGA]
13:33:04.637 - INFO - CDS - contig=contig_2, start=104399, stop=105091, strand=+, nt=[ATGAAAGCGC..CTATGGATAG]
13:33:04.637 - INFO - CDS - contig=contig_2, start=105084, stop=106382, strand=+, nt=[ATGGATAGAA..AAAAGCCTGA]
13:33:04.637 - INFO - CDS - contig=contig_2, start=106666, stop=108000, strand=+, nt=[ATGAAGAAGA..CAACAAGTAA]
13:33:04.637 - INFO - CDS - contig=contig_2, start=108093, stop=108827, strand=+, nt=[ATGGATACGG..AGATGAGTGA]
13:33:04.637 - INFO - CDS - contig=contig_2, start=108820, stop=109533, strand=+, nt=[ATGAGTGAGC..CGGCCTGTAA]
13:33:04.637 - INFO - CDS - contig=contig_2, start=109549, stop=110382, strand=+, nt=[ATGCAAATCC..CTCAAAGTAA]
13:33:04.637 - INFO - CDS - contig=contig_2, start=110399, stop=111397, strand=+, nt=[ATGAAGACGA..AAAAGAATAA]
13:33:04.637 - INFO - CDS - contig=contig_2, start=111436, stop=112056, strand=-, nt=[ATGACTTCCA..TGAAACATAA]
13:33:04.637 - INFO - CDS - contig=contig_2, start=112154, stop=113413, strand=+, nt=[ATGGGAATGA..GACGCTGTAA]
13:33:04.637 - INFO - CDS - contig=contig_2, start=113577, stop=114062, strand=+, nt=[ATGAAGGTTT..GGCACGGTAA]
13:33:04.637 - INFO - CDS - contig=contig_2, start=114062, stop=115138, strand=+, nt=[ATGAACTACA..GAAGTTGTAA]
13:33:04.637 - INFO - CDS - contig=contig_2, start=115373, stop=116161, strand=+, nt=[GTGATCCTGG..GAGGGCGTGA]
13:33:04.637 - INFO - CDS - contig=contig_2, start=116251, stop=116835, strand=+, nt=[ATGAAAGCAA..GGCAGCCTGA]
13:33:04.637 - INFO - CDS - contig=contig_2, start=117006, stop=118199, strand=+, nt=[TTGAAAGAGT..GGGGGAGTAG]
13:33:04.637 - INFO - CDS - contig=contig_2, start=118406, stop=119839, strand=+, nt=[ATGAACGATC..GAAGGTTTGA]
13:33:04.637 - INFO - CDS - contig=contig_2, start=119879, stop=120859, strand=+, nt=[ATGGATCAGC..CGTGCAGTAA]
13:33:04.637 - INFO - CDS - contig=contig_2, start=120917, stop=122152, strand=-, nt=[ATGAGTGAAT..GGCCCACTAA]
13:33:04.637 - INFO - CDS - contig=contig_2, start=122290, stop=123225, strand=+, nt=[ATGCCATTGG..CAAGGCGTAA]
13:33:04.637 - INFO - CDS - contig=contig_2, start=123287, stop=123829, strand=+, nt=[ATGACACTGG..GGGCGCATAG]
13:33:04.638 - INFO - CDS - contig=contig_2, start=123862, stop=124455, strand=+, nt=[GTGACCCGTG..CCCTTCCTGA]
13:33:04.638 - INFO - CDS - contig=contig_2, start=124482, stop=125510, strand=-, nt=[ATGGACTATC..AGATGAATAA]
13:33:04.638 - INFO - CDS - contig=contig_2, start=125783, stop=127150, strand=-, nt=[ATGAAGGCAA..GCTTTTGTAG]
13:33:04.638 - INFO - CDS - contig=contig_2, start=127157, stop=127891, strand=-, nt=[ATGAAACGGA..GGAGGCATAG]
13:33:04.638 - INFO - CDS - contig=contig_2, start=128062, stop=128526, strand=+, nt=[ATGATTTCAT..AAAATTATAA]
13:33:04.638 - INFO - CDS - contig=contig_2, start=128705, stop=129169, strand=+, nt=[TTGTATCCCG..GGAGCGCTGA]
13:33:04.638 - INFO - CDS - contig=contig_2, start=129169, stop=129765, strand=+, nt=[ATGTTTGTAT..GGACAAATAG]
13:33:04.638 - INFO - CDS - contig=contig_2, start=129820, stop=131802, strand=-, nt=[ATGGACGAGA..GAAAGAGTAA]
13:33:04.638 - INFO - CDS - contig=contig_2, start=131744, stop=132445, strand=-, nt=[ATGGGGCGGA..CCAACTATGA]
13:33:04.638 - INFO - CDS - contig=contig_2, start=132522, stop=133223, strand=-, nt=[ATGGGCAGAC..AAAAGAGTGA]
13:33:04.638 - INFO - CDS - contig=contig_2, start=133270, stop=134526, strand=-, nt=[ATGACGTTTC..ACAGGATTGA]
13:33:04.638 - INFO - CDS - contig=contig_2, start=134575, stop=135162, strand=-, nt=[ATGGACCGCC..AGGACGATGA]
13:33:04.638 - INFO - CDS - contig=contig_2, start=135162, stop=136157, strand=-, nt=[ATGGATATTT..GCTGGACTGA]
13:33:04.638 - INFO - CDS - contig=contig_2, start=136169, stop=137191, strand=-, nt=[GTGCTGAATC..GGAAGGCTGA]
13:33:04.638 - INFO - CDS - contig=contig_2, start=137185, stop=138225, strand=-, nt=[ATGGATATCC..GCTGTGCTGA]
13:33:04.638 - INFO - CDS - contig=contig_2, start=138276, stop=139664, strand=-, nt=[ATGCGTTCCA..GCTGCCGTAA]
13:33:04.638 - INFO - CDS - contig=contig_2, start=140468, stop=141196, strand=-, nt=[ATGTCAGGAC..TCAGGATTGA]
13:33:04.638 - INFO - CDS - contig=contig_2, start=141269, stop=142066, strand=-, nt=[ATGGCAACCG..TTATGGATAA]
13:33:04.638 - INFO - CDS - contig=contig_2, start=142054, stop=142758, strand=-, nt=[ATGGAACTTT..GCAACCGTAA]
13:33:04.638 - INFO - CDS - contig=contig_2, start=142833, stop=143039, strand=-, nt=[ATGGCTCAGA..CGCGAAGTAA]
13:33:04.638 - INFO - CDS - contig=contig_2, start=143351, stop=143629, strand=-, nt=[ATGTACGAAG..GCAGGGCTAA]
13:33:04.638 - INFO - CDS - contig=contig_2, start=143703, stop=144338, strand=-, nt=[ATGAAAGCAG..CGAGAGCTGA]
13:33:04.638 - INFO - CDS - contig=contig_2, start=144410, stop=145765, strand=-, nt=[ATGGGCAGAT..CTATGGATAA]
13:33:04.638 - INFO - CDS - contig=contig_2, start=145796, stop=146851, strand=-, nt=[TTGAGTATCG..TTCATTCTAA]
13:33:04.638 - INFO - CDS - contig=contig_2, start=146883, stop=147200, strand=-, nt=[ATGCTGTTAA..GCGCAAATAG]
13:33:04.638 - INFO - CDS - contig=contig_2, start=147212, stop=147814, strand=-, nt=[ATGTTTTACT..GGTAAAGTAG]
13:33:04.639 - INFO - CDS - contig=contig_2, start=147988, stop=148521, strand=-, nt=[ATGATGATTT..AAAGGATTAG]
13:33:04.639 - INFO - CDS - contig=contig_2, start=148679, stop=149557, strand=-, nt=[ATGGAGTATC..ACGGGCATAG]
13:33:04.639 - INFO - CDS - contig=contig_2, start=149590, stop=150222, strand=-, nt=[ATGCGCAGGG..TGCCGCCTGA]
13:33:04.639 - INFO - CDS - contig=contig_2, start=150541, stop=151902, strand=-, nt=[ATGGTACATA..GGGAGCGTAG]
13:33:04.639 - INFO - CDS - contig=contig_2, start=151974, stop=152114, strand=-, nt=[ATGAAGCATG..GAATAAGTAA]
13:33:04.639 - INFO - CDS - contig=contig_2, start=152179, stop=152604, strand=-, nt=[ATGCGGAAAA..CAGAAAATAA]
13:33:04.639 - INFO - CDS - contig=contig_2, start=152663, stop=153022, strand=-, nt=[TTGCTGACAC..CAAGAAGTAA]
13:33:04.639 - INFO - CDS - contig=contig_2, start=153131, stop=154261, strand=-, nt=[GTGTTTAAAC..ACGCCTGTGA]
13:33:04.639 - INFO - CDS - contig=contig_2, start=154274, stop=154531, strand=-, nt=[ATGGAATCAT..CCTGAAATAA]
13:33:04.639 - INFO - CDS - contig=contig_2, start=154559, stop=155131, strand=-, nt=[ATGCACGCAG..TTTTTCCTGA]
13:33:04.639 - INFO - CDS - contig=contig_2, start=155178, stop=156281, strand=-, nt=[TTGGGATATC..GCCGGACTGA]
13:33:04.639 - INFO - CDS - contig=contig_2, start=156230, stop=157894, strand=-, nt=[ATGAAGCAAG..CCAGCCATAA]
13:33:04.639 - INFO - CDS - contig=contig_2, start=158319, stop=159404, strand=+, nt=[ATGGAAAAGT..AAGGAGGTAA]
13:33:04.639 - INFO - CDS - contig=contig_2, start=159414, stop=160304, strand=+, nt=[ATGAGAGAAC..CCTTTCTTGA]
13:33:04.639 - INFO - CDS - contig=contig_2, start=160324, stop=161088, strand=+, nt=[ATGGTAAGGC..ATTCAAGTGA]
13:33:04.639 - INFO - CDS - contig=contig_2, start=161306, stop=161737, strand=-, nt=[ATGATGATCT..TATTATATGA]
13:33:04.639 - INFO - CDS - contig=contig_2, start=161892, stop=162824, strand=+, nt=[ATGAGCAAAA..TGCAGACTGA]
13:33:04.639 - INFO - CDS - contig=contig_2, start=162869, stop=164158, strand=+, nt=[ATGCGTAAGC..CCTTTCGTAA]
13:33:04.639 - INFO - CDS - contig=contig_2, start=164466, stop=166229, strand=-, nt=[ATGGGAGTCA..GATTGGGTAA]
13:33:04.639 - INFO - CDS - contig=contig_2, start=166231, stop=168597, strand=-, nt=[GTGGAAGCTG..GTTGGGATGA]
13:33:04.639 - INFO - CDS - contig=contig_2, start=168587, stop=169243, strand=-, nt=[GTGCTGAACG..TGGAAGCTGA]
13:33:04.639 - INFO - CDS - contig=contig_2, start=169510, stop=170601, strand=+, nt=[ATGGAACCGG..TTCCCTGTGA]
13:33:04.639 - INFO - CDS - contig=contig_2, start=170598, stop=171719, strand=+, nt=[GTGATCTACT..AGCCGGTTGA]
13:33:04.639 - INFO - CDS - contig=contig_2, start=171772, stop=173298, strand=-, nt=[ATGGAGCTGG..AAAGCGGTAA]
13:33:04.639 - INFO - CDS - contig=contig_2, start=173456, stop=173629, strand=-, nt=[TTGACGCAGC..TATGCTATGA]
13:33:04.639 - INFO - CDS - contig=contig_2, start=173711, stop=174373, strand=-, nt=[ATGGGAATTG..CGGCGCGTAA]
13:33:04.639 - INFO - CDS - contig=contig_2, start=174358, stop=175239, strand=-, nt=[ATGCAGGGGA..ATTGAAATGA]
13:33:04.639 - INFO - CDS - contig=contig_2, start=175241, stop=177367, strand=-, nt=[ATGGATCAGT..TGGTTCCTGA]
13:33:04.640 - INFO - CDS - contig=contig_2, start=177384, stop=178115, strand=-, nt=[ATGATACGTG..AATCCAGTAA]
13:33:04.640 - INFO - CDS - contig=contig_2, start=178191, stop=179222, strand=-, nt=[ATGACCGACA..CGGTATTTGA]
13:33:04.640 - INFO - CDS - contig=contig_2, start=179219, stop=181189, strand=-, nt=[GTGGGAAACG..GAGAGCATGA]
13:33:04.640 - INFO - CDS - contig=contig_2, start=181191, stop=181889, strand=-, nt=[ATGCCGTTTT..GAGGGACTGA]
13:33:04.640 - INFO - CDS - contig=contig_2, start=181902, stop=183149, strand=-, nt=[GTGCACCTGC..AATCATGTAA]
13:33:04.640 - INFO - CDS - contig=contig_2, start=183153, stop=184073, strand=-, nt=[ATGAGAATCC..CCTGGGGTAG]
13:33:04.640 - INFO - CDS - contig=contig_2, start=184070, stop=184573, strand=-, nt=[ATGGCTCTGA..GCGGAAATGA]
13:33:04.640 - INFO - CDS - contig=contig_2, start=184585, stop=187062, strand=-, nt=[ATGGATACCG..ATTGGATTAG]
13:33:04.640 - INFO - CDS - contig=contig_2, start=187137, stop=187334, strand=-, nt=[ATGATGCTCG..GGACGAGTAG]
13:33:04.640 - INFO - CDS - contig=contig_2, start=187341, stop=187952, strand=-, nt=[ATGACGCCGA..AGGAGTCTGA]
13:33:04.640 - INFO - CDS - contig=contig_2, start=187949, stop=188218, strand=-, nt=[ATGAAACTCA..GGAGGCATGA]
13:33:04.640 - INFO - CDS - contig=contig_2, start=188234, stop=189112, strand=-, nt=[TTGGTAAAGA..TCTCGAGTAA]
13:33:04.640 - INFO - CDS - contig=contig_2, start=189181, stop=189717, strand=-, nt=[ATGGCGCGGA..GGCTGGATAA]
13:33:04.640 - INFO - CDS - contig=contig_2, start=189722, stop=190345, strand=-, nt=[ATGAGCGATC..CGGGAATTGA]
13:33:04.640 - INFO - CDS - contig=contig_2, start=190342, stop=191220, strand=-, nt=[ATGTTCGGCT..AGACGAATGA]
13:33:04.640 - INFO - CDS - contig=contig_2, start=191220, stop=191648, strand=-, nt=[ATGGTTCAAA..TGCCGCCTGA]
13:33:04.640 - INFO - CDS - contig=contig_2, start=191784, stop=193028, strand=-, nt=[ATGTGGAAAA..TACCCAATAG]
13:33:04.640 - INFO - CDS - contig=contig_2, start=193003, stop=193893, strand=-, nt=[ATGGACACGA..CAGACAGTAA]
13:33:04.640 - INFO - CDS - contig=contig_2, start=194145, stop=194621, strand=-, nt=[ATGAAACTTG..AGGCAAGTAA]
13:33:04.640 - INFO - CDS - contig=contig_2, start=194819, stop=196114, strand=-, nt=[GTGGCTAGAA..CGCCTCGTAA]
13:33:04.640 - INFO - CDS - contig=contig_2, start=196223, stop=198544, strand=-, nt=[ATGAGGGCGG..GAAGGGCTGA]
13:33:04.640 - INFO - CDS - contig=contig_2, start=198541, stop=199017, strand=-, nt=[ATGAAATACC..CCCGGCATGA]
13:33:04.640 - INFO - CDS - contig=contig_2, start=199031, stop=199864, strand=-, nt=[ATGAAAGCAT..GTTGATGTGA]
13:33:04.640 - INFO - CDS - contig=contig_2, start=199861, stop=200439, strand=-, nt=[ATGCAGCAGC..AATGGGATGA]
13:33:04.640 - INFO - CDS - contig=contig_2, start=200524, stop=201324, strand=-, nt=[ATGAGCAAAT..AGACGTGTGA]
13:33:04.641 - INFO - CDS - contig=contig_2, start=201367, stop=202794, strand=-, nt=[ATGAGCAAAG..GTGCGAATAG]
13:33:04.641 - INFO - CDS - contig=contig_2, start=202810, stop=204366, strand=-, nt=[TTGATTAAGC..GCATCTGTAG]
13:33:04.641 - INFO - CDS - contig=contig_2, start=204359, stop=205216, strand=-, nt=[GTGACTACAG..CATTGATTAA]
13:33:04.641 - INFO - CDS - contig=contig_2, start=205221, stop=205565, strand=-, nt=[ATGCAAGAAA..GAAACCCTGA]
13:33:04.641 - INFO - CDS - contig=contig_2, start=205580, stop=206776, strand=-, nt=[ATGCGGCAGG..AACGAAGTAA]
13:33:04.641 - INFO - CDS - contig=contig_2, start=206807, stop=207466, strand=-, nt=[ATGGCGATCA..CAGCGTTTGA]
13:33:04.641 - INFO - CDS - contig=contig_2, start=207671, stop=209287, strand=+, nt=[ATGGAACGCA..GACAACGTGA]
13:33:04.641 - INFO - CDS - contig=contig_2, start=209342, stop=210463, strand=-, nt=[ATGATCTATC..GGGCGCGTAA]
13:33:04.641 - INFO - CDS - contig=contig_2, start=210460, stop=210714, strand=-, nt=[ATGGTCTATT..GCTGCTATGA]
13:33:04.641 - INFO - CDS - contig=contig_2, start=210955, stop=211428, strand=-, nt=[ATGAGAATCG..GGAATTGTAG]
13:33:04.641 - INFO - CDS - contig=contig_2, start=211425, stop=212159, strand=-, nt=[ATGGCCGGTT..AAGCCAATGA]
13:33:04.641 - INFO - CDS - contig=contig_2, start=212241, stop=212717, strand=-, nt=[ATGTTTCAGG..CTTGACATGA]
13:33:04.641 - INFO - CDS - contig=contig_2, start=212898, stop=214913, strand=-, nt=[ATGAAGCTGG..CGAAGAGTAA]
13:33:04.641 - INFO - CDS - contig=contig_2, start=214910, stop=215506, strand=-, nt=[ATGAATATCG..GGGGCGATGA]
13:33:04.641 - INFO - CDS - contig=contig_2, start=215503, stop=216180, strand=-, nt=[ATGAATTATC..ACAGGCATGA]
13:33:04.641 - INFO - CDS - contig=contig_2, start=216177, stop=217424, strand=-, nt=[TTGACTGACA..AGACGCATGA]
13:33:04.641 - INFO - CDS - contig=contig_2, start=217421, stop=218290, strand=-, nt=[ATGACAAAAG..GCAGAATTGA]
13:33:04.641 - INFO - CDS - contig=contig_2, start=218397, stop=219104, strand=-, nt=[ATGGAGGAAC..GGAAAAGTGA]
13:33:04.641 - INFO - CDS - contig=contig_2, start=219168, stop=220268, strand=-, nt=[TTGAAACGGA..CGGAAGGTGA]
13:33:04.641 - INFO - CDS - contig=contig_2, start=220309, stop=220716, strand=-, nt=[ATGGAAAAGC..GTCCTTCTGA]
13:33:04.641 - INFO - CDS - contig=contig_2, start=220881, stop=221510, strand=-, nt=[GTGAAGGCGC..CGATTCCTGA]
13:33:04.641 - INFO - CDS - contig=contig_2, start=221516, stop=222178, strand=-, nt=[ATGGAATTGA..GGAGGCGTAA]
13:33:04.641 - INFO - CDS - contig=contig_2, start=222289, stop=223095, strand=-, nt=[GTGAGCCCCA..TGATCTTTGA]
13:33:04.641 - INFO - CDS - contig=contig_2, start=223097, stop=223807, strand=-, nt=[TTGAGCGCTT..TCTGTTATGA]
13:33:04.641 - INFO - CDS - contig=contig_2, start=223810, stop=224508, strand=-, nt=[ATGCTGCGCC..GGGGGCCTGA]
13:33:04.641 - INFO - CDS - contig=contig_2, start=224679, stop=226520, strand=-, nt=[ATGTGCGGCA..GGTGGAGTAA]
13:33:04.642 - INFO - CDS - contig=contig_2, start=226608, stop=226874, strand=-, nt=[ATGGAATGCC..CAGGCGGTAA]
13:33:04.642 - INFO - CDS - contig=contig_2, start=227018, stop=227977, strand=+, nt=[ATGGAGCAGA..GCTGATCTGA]
13:33:04.642 - INFO - CDS - contig=contig_2, start=228093, stop=228479, strand=-, nt=[ATGGCTGATG..AAATTCGTAA]
13:33:04.642 - INFO - CDS - contig=contig_2, start=228587, stop=229180, strand=-, nt=[ATGAAAGTTT..GGCCTCCTGA]
13:33:04.642 - INFO - CDS - contig=contig_2, start=229191, stop=229715, strand=-, nt=[ATGAAAACGG..GGGAAAGTGA]
13:33:04.642 - INFO - CDS - contig=contig_2, start=229712, stop=230203, strand=-, nt=[ATGCTGGAAC..CGGGGCATGA]
13:33:04.642 - INFO - CDS - contig=contig_2, start=230208, stop=231311, strand=-, nt=[ATGAAAAAAC..TTCGGGGTGA]
13:33:04.642 - INFO - CDS - contig=contig_2, start=231415, stop=231801, strand=-, nt=[ATGGACGAGA..TCTGCTGTAG]
13:33:04.642 - INFO - CDS - contig=contig_2, start=231806, stop=232000, strand=-, nt=[ATGGATGTGG..CGGGCTGTAG]
13:33:04.642 - INFO - CDS - contig=contig_2, start=232040, stop=232552, strand=-, nt=[ATGCTGAAGC..ACTGGTGTGA]
13:33:04.642 - INFO - CDS - contig=contig_2, start=232546, stop=233472, strand=-, nt=[ATGGTGATGT..ACGATGCTGA]
13:33:04.642 - INFO - CDS - contig=contig_2, start=233648, stop=236320, strand=-, nt=[ATGGCCACAG..AGACTTTTAA]
13:33:04.642 - INFO - CDS - contig=contig_2, start=236395, stop=237246, strand=-, nt=[TTGACTTATT..GCTCCACTGA]
13:33:04.642 - INFO - CDS - contig=contig_2, start=237403, stop=238155, strand=-, nt=[ATGAAATACG..CGTCGTATAG]
13:33:04.642 - INFO - CDS - contig=contig_2, start=238152, stop=238751, strand=-, nt=[ATGAGCGTCA..GCATTTATGA]
13:33:04.642 - INFO - CDS - contig=contig_2, start=238762, stop=241173, strand=-, nt=[ATGTTCATGG..CAAGCAGTAA]
13:33:04.642 - INFO - CDS - contig=contig_2, start=241258, stop=242577, strand=-, nt=[ATGCCGAAAA..CGTATCGTAA]
13:33:04.642 - INFO - CDS - contig=contig_2, start=242709, stop=243290, strand=-, nt=[ATGAGCTTAG..TCAGCGCTGA]
13:33:04.642 - INFO - CDS - contig=contig_2, start=243396, stop=244835, strand=-, nt=[ATGAATGTCA..AGAGGAATAA]
13:33:04.642 - INFO - CDS - contig=contig_2, start=244954, stop=245631, strand=-, nt=[ATGGCCCTGT..CTGCGAATAA]
13:33:04.642 - INFO - CDS - contig=contig_2, start=245633, stop=247120, strand=-, nt=[ATGTACTATG..GCTGAAATAA]
13:33:04.642 - INFO - CDS - contig=contig_2, start=247108, stop=248070, strand=-, nt=[ATGCACAGCA..TACTATGTGA]
13:33:04.642 - INFO - CDS - contig=contig_2, start=248088, stop=248459, strand=-, nt=[GTGAGCGGGG..CGCCTTTTGA]
13:33:04.642 - INFO - CDS - contig=contig_2, start=248456, stop=249061, strand=-, nt=[ATGGATCTGT..AAAGCTGTGA]
13:33:04.642 - INFO - CDS - contig=contig_2, start=249072, stop=249926, strand=-, nt=[ATGAACATCC..GGTGGAGTGA]
13:33:04.643 - INFO - CDS - contig=contig_2, start=250041, stop=252035, strand=-, nt=[ATGTCACGCA..GCTCAAATAA]
13:33:04.643 - INFO - CDS - contig=contig_2, start=252263, stop=252604, strand=-, nt=[ATGGATCTCA..GCGCATTTAA]
13:33:04.643 - INFO - CDS - contig=contig_2, start=252862, stop=253473, strand=-, nt=[ATGCTGCGCT..AAGGGGATGA]
13:33:04.643 - INFO - CDS - contig=contig_2, start=253476, stop=254489, strand=-, nt=[ATGGAAACGA..TCCGGCCTGA]
13:33:04.666 - INFO - CDS - contig=contig_3, start=210, stop=1382, strand=-, frame=1, truncated=no, start-type=ATG, RBS-motif=AGGA/GGAG/GAGG
13:33:04.666 - INFO - CDS - contig=contig_3, start=1778, stop=2134, strand=-, frame=2, truncated=no, start-type=ATG, RBS-motif=AGGAG
13:33:04.666 - INFO - CDS - contig=contig_3, start=2269, stop=2658, strand=-, frame=3, truncated=no, start-type=ATG, RBS-motif=AGGA
13:33:04.666 - INFO - CDS - contig=contig_3, start=3714, stop=5240, strand=-, frame=1, truncated=no, start-type=ATG, RBS-motif=GGxGG
13:33:04.666 - INFO - CDS - contig=contig_3, start=5245, stop=6054, strand=-, frame=3, truncated=no, start-type=ATG, RBS-motif=AGxAGG/AGGxGG
13:33:04.666 - INFO - CDS - contig=contig_3, start=6069, stop=6890, strand=-, frame=1, truncated=no, start-type=ATG, RBS-motif=AGGAGG
13:33:04.666 - INFO - CDS - contig=contig_3, start=6887, stop=7645, strand=-, frame=2, truncated=no, start-type=ATG, RBS-motif=GGAG/GAGG
13:33:04.666 - INFO - CDS - contig=contig_3, start=7748, stop=8815, strand=-, frame=2, truncated=no, start-type=ATG, RBS-motif=GGAGG
13:33:04.666 - INFO - CDS - contig=contig_3, start=8930, stop=9700, strand=-, frame=2, truncated=no, start-type=TTG, RBS-motif=AGGAGG
13:33:04.667 - INFO - CDS - contig=contig_3, start=10235, stop=10984, strand=+, frame=2, truncated=no, start-type=ATG, RBS-motif=GGAGG
13:33:04.667 - INFO - CDS - contig=contig_3, start=10974, stop=11699, strand=+, frame=3, truncated=no, start-type=ATG, RBS-motif=GGxGG
13:33:04.667 - INFO - CDS - contig=contig_3, start=11882, stop=12985, strand=+, frame=2, truncated=no, start-type=ATG, RBS-motif=AGGAG
13:33:04.667 - INFO - CDS - contig=contig_3, start=12979, stop=13863, strand=+, frame=1, truncated=no, start-type=ATG, RBS-motif=GGAGG
13:33:04.667 - INFO - CDS - contig=contig_3, start=13865, stop=14731, strand=+, frame=2, truncated=no, start-type=GTG, RBS-motif=GGAGG
13:33:04.667 - INFO - CDS - contig=contig_3, start=14786, stop=15859, strand=+, frame=2, truncated=no, start-type=ATG, RBS-motif=AGGAGG
13:33:04.667 - INFO - CDS - contig=contig_3, start=15918, stop=16910, strand=+, frame=3, truncated=no, start-type=ATG, RBS-motif=AGGAG
13:33:04.667 - INFO - CDS - contig=contig_3, start=16968, stop=17783, strand=+, frame=3, truncated=no, start-type=ATG, RBS-motif=GGAGG
13:33:04.667 - INFO - CDS - contig=contig_3, start=17780, stop=18565, strand=+, frame=2, truncated=no, start-type=ATG, RBS-motif=AGGAG
13:33:04.667 - INFO - CDS - contig=contig_3, start=18845, stop=19537, strand=-, frame=2, truncated=no, start-type=ATG, RBS-motif=AGGAGG
13:33:04.667 - INFO - CDS - contig=contig_3, start=19909, stop=22551, strand=+, frame=1, truncated=no, start-type=ATG, RBS-motif=AGGAGG
13:33:04.667 - INFO - CDS - contig=contig_3, start=22603, stop=22818, strand=+, frame=1, truncated=no, start-type=TTG, RBS-motif=GGA/GAG/AGG
13:33:04.667 - INFO - CDS - contig=contig_3, start=22839, stop=23072, strand=+, frame=3, truncated=no, start-type=ATG, RBS-motif=None
13:33:04.667 - INFO - CDS - contig=contig_3, start=23239, stop=24927, strand=+, frame=1, truncated=no, start-type=TTG, RBS-motif=AGGA/GGAG/GAGG
13:33:04.667 - INFO - CDS - contig=contig_3, start=24934, stop=26871, strand=+, frame=1, truncated=no, start-type=ATG, RBS-motif=GGA/GAG/AGG
13:33:04.668 - INFO - CDS - contig=contig_3, start=27224, stop=27790, strand=+, frame=2, truncated=no, start-type=TTG, RBS-motif=AGGAGG
13:33:04.668 - INFO - CDS - contig=contig_3, start=27811, stop=28683, strand=+, frame=1, truncated=no, start-type=ATG, RBS-motif=GGAGG
13:33:04.668 - INFO - CDS - contig=contig_3, start=28683, stop=29630, strand=+, frame=3, truncated=no, start-type=ATG, RBS-motif=GGAG/GAGG
13:33:04.668 - INFO - CDS - contig=contig_3, start=29942, stop=31042, strand=+, frame=2, truncated=no, start-type=ATG, RBS-motif=GGAG/GAGG
13:33:04.668 - INFO - CDS - contig=contig_3, start=31114, stop=32709, strand=+, frame=1, truncated=no, start-type=ATG, RBS-motif=AGGAG
13:33:04.668 - INFO - CDS - contig=contig_3, start=32752, stop=34086, strand=-, frame=3, truncated=no, start-type=ATG, RBS-motif=AGGAGG
13:33:04.668 - INFO - CDS - contig=contig_3, start=34321, stop=35169, strand=+, frame=1, truncated=no, start-type=ATG, RBS-motif=4Base/6BMM
13:33:04.668 - INFO - CDS - contig=contig_3, start=35159, stop=37108, strand=+, frame=2, truncated=no, start-type=ATG, RBS-motif=GGAGG
13:33:04.668 - INFO - CDS - contig=contig_3, start=37210, stop=38391, strand=-, frame=3, truncated=no, start-type=ATG, RBS-motif=GGA/GAG/AGG
13:33:04.668 - INFO - CDS - contig=contig_3, start=38666, stop=39439, strand=+, frame=2, truncated=no, start-type=ATG, RBS-motif=GGAG/GAGG
13:33:04.668 - INFO - CDS - contig=contig_3, start=39443, stop=40060, strand=+, frame=2, truncated=no, start-type=ATG, RBS-motif=GGAGG
13:33:04.668 - INFO - CDS - contig=contig_3, start=40155, stop=40277, strand=-, frame=1, truncated=no, start-type=ATG, RBS-motif=AGGAG
13:33:04.668 - INFO - CDS - contig=contig_3, start=40344, stop=40979, strand=-, frame=1, truncated=no, start-type=ATG, RBS-motif=AGGAGG
13:33:04.668 - INFO - CDS - contig=contig_3, start=41283, stop=41795, strand=-, frame=1, truncated=no, start-type=ATG, RBS-motif=AGGAG
13:33:04.668 - INFO - CDS - contig=contig_3, start=41779, stop=43698, strand=-, frame=3, truncated=no, start-type=TTG, RBS-motif=AGGA/GGAG/GAGG
13:33:04.668 - INFO - CDS - contig=contig_3, start=43757, stop=44308, strand=-, frame=2, truncated=no, start-type=ATG, RBS-motif=GGA/GAG/AGG
13:33:04.668 - INFO - CDS - contig=contig_3, start=44314, stop=45684, strand=-, frame=3, truncated=no, start-type=ATG, RBS-motif=GGAG/GAGG
13:33:04.669 - INFO - CDS - contig=contig_3, start=45870, stop=47222, strand=-, frame=1, truncated=no, start-type=ATG, RBS-motif=GGxGG
13:33:04.669 - INFO - CDS - contig=contig_3, start=47347, stop=47793, strand=-, frame=3, truncated=no, start-type=ATG, RBS-motif=AGGA
13:33:04.669 - INFO - CDS - contig=contig_3, start=47827, stop=48558, strand=-, frame=3, truncated=no, start-type=ATG, RBS-motif=AGGAG
13:33:04.669 - INFO - CDS - contig=contig_3, start=48596, stop=50590, strand=-, frame=2, truncated=no, start-type=ATG, RBS-motif=GGAGG
13:33:04.669 - INFO - CDS - contig=contig_3, start=50795, stop=51859, strand=+, frame=2, truncated=no, start-type=ATG, RBS-motif=AGGAGG
13:33:04.669 - INFO - CDS - contig=contig_3, start=52131, stop=53183, strand=+, frame=3, truncated=no, start-type=GTG, RBS-motif=GGAG/GAGG
13:33:04.669 - INFO - CDS - contig=contig_3, start=53180, stop=54040, strand=-, frame=2, truncated=no, start-type=ATG, RBS-motif=AGGA
13:33:04.669 - INFO - CDS - contig=contig_3, start=54073, stop=54819, strand=+, frame=1, truncated=no, start-type=ATG, RBS-motif=GGAG/GAGG
13:33:04.669 - INFO - CDS - contig=contig_3, start=54905, stop=55273, strand=-, frame=2, truncated=no, start-type=ATG, RBS-motif=AGGAGG
13:33:04.669 - INFO - CDS - contig=contig_3, start=55760, stop=56617, strand=+, frame=2, truncated=no, start-type=ATG, RBS-motif=GGAG/GAGG
13:33:04.669 - INFO - CDS - contig=contig_3, start=56642, stop=57118, strand=+, frame=2, truncated=no, start-type=ATG, RBS-motif=GGAG/GAGG
13:33:04.669 - INFO - CDS - contig=contig_3, start=57115, stop=59406, strand=+, frame=1, truncated=no, start-type=TTG, RBS-motif=AGGAGG
13:33:04.669 - INFO - CDS - contig=contig_3, start=59660, stop=61564, strand=-, frame=2, truncated=no, start-type=ATG, RBS-motif=AGGAG/GGAGG
13:33:04.669 - INFO - CDS - contig=contig_3, start=61819, stop=62139, strand=+, frame=1, truncated=no, start-type=ATG, RBS-motif=AGGAG
13:33:04.669 - INFO - CDS - contig=contig_3, start=62136, stop=62405, strand=+, frame=3, truncated=no, start-type=TTG, RBS-motif=AGGAG
13:33:04.669 - INFO - CDS - contig=contig_3, start=62424, stop=63581, strand=+, frame=3, truncated=no, start-type=ATG, RBS-motif=GGAGG
13:33:04.670 - INFO - CDS - contig=contig_3, start=63635, stop=64612, strand=+, frame=2, truncated=no, start-type=ATG, RBS-motif=AGGAG
13:33:04.670 - INFO - CDS - contig=contig_3, start=65339, stop=66358, strand=-, frame=2, truncated=no, start-type=ATG, RBS-motif=GGAG/GAGG
13:33:04.670 - INFO - CDS - contig=contig_3, start=67488, stop=69257, strand=+, frame=3, truncated=no, start-type=ATG, RBS-motif=AGxAGG/AGGxGG
13:33:04.670 - INFO - CDS - contig=contig_3, start=69826, stop=71451, strand=-, frame=3, truncated=no, start-type=ATG, RBS-motif=GGAG/GAGG
13:33:04.670 - INFO - CDS - contig=contig_3, start=72084, stop=73217, strand=+, frame=3, truncated=no, start-type=ATG, RBS-motif=AGGAGG
13:33:04.670 - INFO - CDS - contig=contig_3, start=73280, stop=73867, strand=+, frame=2, truncated=no, start-type=TTG, RBS-motif=GGAG/GAGG
13:33:04.670 - INFO - CDS - contig=contig_3, start=74206, stop=76029, strand=+, frame=1, truncated=no, start-type=TTG, RBS-motif=GGAG/GAGG
13:33:04.670 - INFO - CDS - contig=contig_3, start=76291, stop=77451, strand=-, frame=3, truncated=no, start-type=ATG, RBS-motif=GGAG/GAGG
13:33:04.670 - INFO - CDS - contig=contig_3, start=77707, stop=78699, strand=-, frame=3, truncated=no, start-type=ATG, RBS-motif=GGAG/GAGG
13:33:04.670 - INFO - CDS - contig=contig_3, start=78857, stop=79114, strand=+, frame=2, truncated=no, start-type=ATG, RBS-motif=GGA/GAG/AGG
13:33:04.670 - INFO - CDS - contig=contig_3, start=79492, stop=80148, strand=-, frame=3, truncated=no, start-type=ATG, RBS-motif=GGA/GAG/AGG
13:33:04.670 - INFO - CDS - contig=contig_3, start=80141, stop=80506, strand=-, frame=2, truncated=no, start-type=ATG, RBS-motif=AGGAGG
13:33:04.670 - INFO - CDS - contig=contig_3, start=80864, stop=81106, strand=-, frame=2, truncated=no, start-type=ATG, RBS-motif=GGAGG
13:33:04.670 - INFO - CDS - contig=contig_3, start=81216, stop=81491, strand=-, frame=1, truncated=no, start-type=ATG, RBS-motif=AGGAGG
13:33:04.670 - INFO - CDS - contig=contig_3, start=81559, stop=82347, strand=-, frame=3, truncated=no, start-type=ATG, RBS-motif=AGGAGG
13:33:04.671 - INFO - CDS - contig=contig_3, start=82385, stop=84142, strand=-, frame=2, truncated=no, start-type=TTG, RBS-motif=AGxAGG/AGGxGG
13:33:04.671 - INFO - CDS - contig=contig_3, start=84156, stop=85457, strand=-, frame=1, truncated=no, start-type=ATG, RBS-motif=AGGAG
13:33:04.671 - INFO - CDS - contig=contig_3, start=85478, stop=86305, strand=-, frame=2, truncated=no, start-type=ATG, RBS-motif=AGGAGG
13:33:04.671 - INFO - CDS - contig=contig_3, start=86337, stop=86729, strand=-, frame=1, truncated=no, start-type=ATG, RBS-motif=AGGAGG
13:33:04.671 - INFO - CDS - contig=contig_3, start=86948, stop=87352, strand=-, frame=2, truncated=no, start-type=ATG, RBS-motif=AGGAGG
13:33:04.671 - INFO - CDS - contig=contig_3, start=87370, stop=87801, strand=-, frame=3, truncated=no, start-type=ATG, RBS-motif=GGAGG
13:33:04.671 - INFO - CDS - contig=contig_3, start=88025, stop=88816, strand=+, frame=2, truncated=no, start-type=ATG, RBS-motif=GGAG/GAGG
13:33:04.671 - INFO - CDS - contig=contig_3, start=88885, stop=89706, strand=+, frame=1, truncated=no, start-type=ATG, RBS-motif=GGAGG
13:33:04.671 - INFO - CDS - contig=contig_3, start=89887, stop=90075, strand=-, frame=3, truncated=no, start-type=ATG, RBS-motif=None
13:33:04.671 - INFO - CDS - contig=contig_3, start=90192, stop=90551, strand=+, frame=3, truncated=no, start-type=ATG, RBS-motif=GGAG/GAGG
13:33:04.671 - INFO - CDS - contig=contig_3, start=90711, stop=92633, strand=-, frame=1, truncated=no, start-type=ATG, RBS-motif=AGGAGG
13:33:04.671 - INFO - CDS - contig=contig_3, start=92868, stop=94295, strand=+, frame=3, truncated=no, start-type=ATG, RBS-motif=GGAG/GAGG
13:33:04.671 - INFO - CDS - contig=contig_3, start=94338, stop=95378, strand=-, frame=1, truncated=no, start-type=ATG, RBS-motif=AGGAGG
13:33:04.671 - INFO - CDS - contig=contig_3, start=96084, stop=97337, strand=-, frame=1, truncated=no, start-type=ATG, RBS-motif=GGAG/GAGG
13:33:04.671 - INFO - CDS - contig=contig_3, start=98106, stop=99860, strand=+, frame=3, truncated=no, start-type=TTG, RBS-motif=AGGAGG
13:33:04.671 - INFO - CDS - contig=contig_3, start=99870, stop=100667, strand=+, frame=3, truncated=no, start-type=ATG, RBS-motif=GGAG/GAGG
13:33:04.671 - INFO - CDS - contig=contig_3, start=100667, stop=100873, strand=+, frame=2, truncated=no, start-type=ATG, RBS-motif=AGGA/GGAG/GAGG
13:33:04.671 - INFO - CDS - contig=contig_3, start=101118, stop=101594, strand=+, frame=3, truncated=no, start-type=ATG, RBS-motif=AGGAG
13:33:04.672 - INFO - CDS - contig=contig_3, start=101822, stop=102598, strand=+, frame=2, truncated=no, start-type=ATG, RBS-motif=GGAG/GAGG
13:33:04.672 - INFO - CDS - contig=contig_3, start=102614, stop=103384, strand=+, frame=2, truncated=no, start-type=GTG, RBS-motif=GGAGG
13:33:04.672 - INFO - CDS - contig=contig_3, start=103388, stop=103840, strand=+, frame=2, truncated=no, start-type=ATG, RBS-motif=GGAGG
13:33:04.672 - INFO - CDS - contig=contig_3, start=103858, stop=104571, strand=+, frame=1, truncated=no, start-type=ATG, RBS-motif=AGGA
13:33:04.672 - INFO - CDS - contig=contig_3, start=104582, stop=105538, strand=+, frame=2, truncated=no, start-type=GTG, RBS-motif=GGAG/GAGG
13:33:04.672 - INFO - CDS - contig=contig_3, start=105535, stop=105993, strand=+, frame=1, truncated=no, start-type=ATG, RBS-motif=AGGAG
13:33:04.672 - INFO - CDS - contig=contig_3, start=106197, stop=106700, strand=+, frame=3, truncated=no, start-type=TTG, RBS-motif=AGGAG/GGAGG
13:33:04.672 - INFO - CDS - contig=contig_3, start=106693, stop=107550, strand=+, frame=1, truncated=no, start-type=ATG, RBS-motif=GGAGG
13:33:04.672 - INFO - CDS - contig=contig_3, start=107839, stop=108324, strand=+, frame=1, truncated=no, start-type=ATG, RBS-motif=GGAGG
13:33:04.672 - INFO - CDS - contig=contig_3, start=108537, stop=111161, strand=-, frame=1, truncated=no, start-type=ATG, RBS-motif=AGGA
13:33:04.672 - INFO - CDS - contig=contig_3, start=111417, stop=111662, strand=-, frame=1, truncated=no, start-type=TTG, RBS-motif=AGxAGG/AGGxGG
13:33:04.672 - INFO - CDS - contig=contig_3, start=112022, stop=113230, strand=+, frame=2, truncated=no, start-type=ATG, RBS-motif=AGGAGG
13:33:04.672 - INFO - CDS - contig=contig_3, start=113251, stop=114003, strand=+, frame=1, truncated=no, start-type=ATG, RBS-motif=AGGAG
13:33:04.672 - INFO - CDS - contig=contig_3, start=114013, stop=114945, strand=+, frame=1, truncated=no, start-type=ATG, RBS-motif=AGGAG/GGAGG
13:33:04.672 - INFO - CDS - contig=contig_3, start=115016, stop=116065, strand=+, frame=2, truncated=no, start-type=ATG, RBS-motif=GGAGG
13:33:04.672 - INFO - CDS - contig=contig_3, start=116069, stop=116380, strand=+, frame=2, truncated=no, start-type=ATG, RBS-motif=GGxGG
13:33:04.672 - INFO - CDS - contig=contig_3, start=116416, stop=116880, strand=+, frame=1, truncated=no, start-type=ATG, RBS-motif=AGxAGG/AGGxGG
13:33:04.672 - INFO - CDS - contig=contig_3, start=116877, stop=117194, strand=+, frame=3, truncated=no, start-type=ATG, RBS-motif=AGGAGG
13:33:04.673 - INFO - CDS - contig=contig_3, start=117602, stop=118666, strand=+, frame=2, truncated=no, start-type=ATG, RBS-motif=AGGA
13:33:04.673 - INFO - CDS - contig=contig_3, start=118682, stop=119125, strand=+, frame=2, truncated=no, start-type=ATG, RBS-motif=AGGAGG
13:33:04.673 - INFO - CDS - contig=contig_3, start=119476, stop=120846, strand=+, frame=1, truncated=no, start-type=ATG, RBS-motif=GGA/GAG/AGG
13:33:04.673 - INFO - CDS - contig=contig_3, start=120974, stop=122329, strand=+, frame=2, truncated=no, start-type=ATG, RBS-motif=AGxAGG/AGGxGG
13:33:04.673 - INFO - CDS - contig=contig_3, start=122386, stop=122781, strand=-, frame=3, truncated=no, start-type=ATG, RBS-motif=GGA/GAG/AGG
13:33:04.673 - INFO - CDS - contig=contig_3, start=122966, stop=123463, strand=+, frame=2, truncated=no, start-type=ATG, RBS-motif=GGAGG
13:33:04.673 - INFO - CDS - contig=contig_3, start=123490, stop=125154, strand=-, frame=3, truncated=no, start-type=ATG, RBS-motif=GGAGG
13:33:04.673 - INFO - CDS - contig=contig_3, start=125151, stop=126425, strand=-, frame=1, truncated=no, start-type=ATG, RBS-motif=AGGAGG
13:33:04.673 - INFO - CDS - contig=contig_3, start=126707, stop=127825, strand=-, frame=2, truncated=no, start-type=ATG, RBS-motif=AGxAGG/AGGxGG
13:33:04.673 - INFO - CDS - contig=contig_3, start=127845, stop=128435, strand=-, frame=1, truncated=no, start-type=ATG, RBS-motif=AGGAG
13:33:04.673 - INFO - CDS - contig=contig_3, start=128556, stop=129425, strand=-, frame=1, truncated=no, start-type=ATG, RBS-motif=GGAGG
13:33:04.673 - INFO - CDS - contig=contig_3, start=129473, stop=131719, strand=-, frame=2, truncated=no, start-type=TTG, RBS-motif=AGGA
13:33:04.673 - INFO - CDS - contig=contig_3, start=131978, stop=133969, strand=-, frame=2, truncated=no, start-type=ATG, RBS-motif=AGGAG
13:33:04.673 - INFO - CDS - contig=contig_3, start=134456, stop=134713, strand=+, frame=2, truncated=no, start-type=ATG, RBS-motif=AGGAGG
13:33:04.673 - INFO - CDS - contig=contig_3, start=134771, stop=135040, strand=+, frame=2, truncated=no, start-type=TTG, RBS-motif=GGAGG
13:33:04.673 - INFO - CDS - contig=contig_3, start=135203, stop=135844, strand=+, frame=2, truncated=no, start-type=ATG, RBS-motif=GGA/GAG/AGG
13:33:04.673 - INFO - CDS - contig=contig_3, start=135866, stop=136300, strand=+, frame=2, truncated=no, start-type=ATG, RBS-motif=AGGAG
13:33:04.674 - INFO - CDS - contig=contig_3, start=136393, stop=137481, strand=+, frame=1, truncated=no, start-type=ATG, RBS-motif=AGGAGG
13:33:04.674 - INFO - CDS - contig=contig_3, start=137888, stop=138202, strand=+, frame=2, truncated=no, start-type=ATG, RBS-motif=AGxAGG/AGGxGG
13:33:04.674 - INFO - CDS - contig=contig_3, start=138202, stop=140226, strand=+, frame=1, truncated=no, start-type=ATG, RBS-motif=4Base/6BMM
13:33:04.674 - INFO - CDS - contig=contig_3, start=140228, stop=140722, strand=+, frame=2, truncated=no, start-type=ATG, RBS-motif=AGGAGG
13:33:04.674 - INFO - CDS - contig=contig_3, start=140736, stop=141326, strand=+, frame=3, truncated=no, start-type=ATG, RBS-motif=GGA/GAG/AGG
13:33:04.674 - INFO - CDS - contig=contig_3, start=141357, stop=142355, strand=+, frame=3, truncated=no, start-type=TTG, RBS-motif=GGAGG
13:33:04.674 - INFO - CDS - contig=contig_3, start=142348, stop=142668, strand=+, frame=1, truncated=no, start-type=ATG, RBS-motif=None
13:33:04.674 - INFO - CDS - contig=contig_3, start=142806, stop=144584, strand=+, frame=3, truncated=no, start-type=TTG, RBS-motif=AGxAGG/AGGxGG
13:33:04.674 - INFO - CDS - contig=contig_3, start=144581, stop=145963, strand=+, frame=2, truncated=no, start-type=ATG, RBS-motif=GGAGG
13:33:04.674 - INFO - CDS - contig=contig_3, start=145967, stop=146680, strand=+, frame=2, truncated=no, start-type=ATG, RBS-motif=AGGAGG
13:33:04.674 - INFO - CDS - contig=contig_3, start=146812, stop=147762, strand=+, frame=1, truncated=no, start-type=ATG, RBS-motif=GGAGG
13:33:04.674 - INFO - CDS - contig=contig_3, start=147772, stop=148005, strand=+, frame=1, truncated=no, start-type=ATG, RBS-motif=GGA/GAG/AGG
13:33:04.674 - INFO - CDS - contig=contig_3, start=147989, stop=148909, strand=+, frame=2, truncated=no, start-type=ATG, RBS-motif=GGAGG
13:33:04.674 - INFO - CDS - contig=contig_3, start=148927, stop=149634, strand=-, frame=3, truncated=no, start-type=ATG, RBS-motif=AGGAGG
13:33:04.674 - INFO - CDS - contig=contig_3, start=149798, stop=150538, strand=+, frame=2, truncated=no, start-type=ATG, RBS-motif=AGGAG
13:33:04.674 - INFO - CDS - contig=contig_3, start=150535, stop=151458, strand=+, frame=1, truncated=no, start-type=GTG, RBS-motif=GGAGG
13:33:04.674 - INFO - CDS - contig=contig_3, start=151442, stop=151849, strand=+, frame=2, truncated=no, start-type=ATG, RBS-motif=AGGAG
13:33:04.675 - INFO - CDS - contig=contig_3, start=151892, stop=152320, strand=-, frame=2, truncated=no, start-type=ATG, RBS-motif=AGGAGG
13:33:04.675 - INFO - CDS - contig=contig_3, start=152532, stop=154133, strand=-, frame=1, truncated=no, start-type=ATG, RBS-motif=GGAGG
13:33:04.675 - INFO - CDS - contig=contig_3, start=154373, stop=154903, strand=-, frame=2, truncated=no, start-type=ATG, RBS-motif=None
13:33:04.675 - INFO - CDS - contig=contig_3, start=155075, stop=156220, strand=+, frame=2, truncated=no, start-type=ATG, RBS-motif=AGGAGG
13:33:04.675 - INFO - CDS - contig=contig_3, start=156298, stop=156813, strand=+, frame=1, truncated=no, start-type=ATG, RBS-motif=AGGAG
13:33:04.675 - INFO - CDS - contig=contig_3, start=156810, stop=158114, strand=+, frame=3, truncated=no, start-type=ATG, RBS-motif=AGGAGG
13:33:04.675 - INFO - CDS - contig=contig_3, start=158145, stop=159413, strand=+, frame=3, truncated=no, start-type=ATG, RBS-motif=AGGA
13:33:04.675 - INFO - CDS - contig=contig_3, start=159410, stop=161545, strand=+, frame=2, truncated=no, start-type=ATG, RBS-motif=GGAGG
13:33:04.675 - INFO - CDS - contig=contig_3, start=161542, stop=161985, strand=+, frame=1, truncated=no, start-type=ATG, RBS-motif=GGAGG
13:33:04.675 - INFO - CDS - contig=contig_3, start=162072, stop=162818, strand=+, frame=3, truncated=no, start-type=ATG, RBS-motif=GGAGG
13:33:04.675 - INFO - CDS - contig=contig_3, start=162855, stop=163574, strand=+, frame=3, truncated=no, start-type=ATG, RBS-motif=GGAG/GAGG
13:33:04.675 - INFO - CDS - contig=contig_3, start=163674, stop=164714, strand=-, frame=1, truncated=no, start-type=ATG, RBS-motif=AGGA
13:33:04.675 - INFO - CDS - contig=contig_3, start=164729, stop=165028, strand=-, frame=2, truncated=no, start-type=ATG, RBS-motif=GGA/GAG/AGG
13:33:04.675 - INFO - CDS - contig=contig_3, start=164976, stop=165182, strand=-, frame=1, truncated=no, start-type=ATG, RBS-motif=AGGAG
13:33:04.676 - INFO - CDS - contig=contig_3, start=165198, stop=166286, strand=-, frame=1, truncated=no, start-type=ATG, RBS-motif=GGAG/GAGG
13:33:04.676 - INFO - CDS - contig=contig_3, start=166519, stop=167700, strand=+, frame=1, truncated=no, start-type=ATG, RBS-motif=AGGAGG
13:33:04.676 - INFO - CDS - contig=contig_3, start=167690, stop=168613, strand=+, frame=2, truncated=no, start-type=ATG, RBS-motif=GGA/GAG/AGG
13:33:04.676 - INFO - CDS - contig=contig_3, start=168773, stop=168925, strand=-, frame=2, truncated=no, start-type=ATG, RBS-motif=GGA/GAG/AGG
13:33:04.676 - INFO - CDS - contig=contig_3, start=169332, stop=170615, strand=-, frame=1, truncated=no, start-type=ATG, RBS-motif=AGGAGG
13:33:04.676 - INFO - CDS - contig=contig_3, start=170684, stop=170968, strand=-, frame=2, truncated=no, start-type=ATG, RBS-motif=GGAGG
13:33:04.676 - INFO - CDS - contig=contig_3, start=171012, stop=171344, strand=-, frame=1, truncated=no, start-type=ATG, RBS-motif=None
13:33:04.676 - INFO - CDS - contig=contig_3, start=171344, stop=171655, strand=-, frame=2, truncated=no, start-type=ATG, RBS-motif=AGGAG
13:33:04.676 - INFO - CDS - contig=contig_3, start=171939, stop=172760, strand=+, frame=3, truncated=no, start-type=ATG, RBS-motif=AGGAG
13:33:04.676 - INFO - CDS - contig=contig_3, start=173046, stop=174233, strand=+, frame=3, truncated=no, start-type=ATG, RBS-motif=GGA/GAG/AGG
13:33:04.676 - INFO - CDS - contig=contig_3, start=174263, stop=175177, strand=+, frame=2, truncated=no, start-type=ATG, RBS-motif=GGAG/GAGG
13:33:04.676 - INFO - CDS - contig=contig_3, start=175498, stop=176985, strand=+, frame=1, truncated=no, start-type=ATG, RBS-motif=GGA/GAG/AGG
13:33:04.676 - INFO - CDS - contig=contig_3, start=177015, stop=177341, strand=+, frame=3, truncated=no, start-type=ATG, RBS-motif=AGGAG
13:33:04.676 - INFO - CDS - contig=contig_3, start=177335, stop=178504, strand=+, frame=2, truncated=no, start-type=GTG, RBS-motif=None
13:33:04.676 - INFO - CDS - contig=contig_3, start=178577, stop=180109, strand=+, frame=2, truncated=no, start-type=ATG, RBS-motif=AGGAG/GGAGG
13:33:04.676 - INFO - CDS - contig=contig_3, start=180265, stop=181665, strand=+, frame=1, truncated=no, start-type=ATG, RBS-motif=GGAGG
13:33:04.676 - INFO - CDS - contig=contig_3, start=181908, stop=183302, strand=+, frame=3, truncated=no, start-type=ATG, RBS-motif=AGGAG
13:33:04.677 - INFO - CDS - contig=contig_3, start=183786, stop=184001, strand=+, frame=3, truncated=no, start-type=ATG, RBS-motif=AGGAGG
13:33:04.677 - INFO - CDS - contig=contig_3, start=184053, stop=184271, strand=-, frame=1, truncated=no, start-type=ATG, RBS-motif=AGGAG
13:33:04.677 - INFO - CDS - contig=contig_3, start=184284, stop=184655, strand=-, frame=1, truncated=no, start-type=ATG, RBS-motif=GGAGG
13:33:04.677 - INFO - CDS - contig=contig_3, start=184791, stop=185156, strand=+, frame=3, truncated=no, start-type=ATG, RBS-motif=GGAG/GAGG
13:33:04.677 - INFO - CDS - contig=contig_3, start=185239, stop=186159, strand=+, frame=1, truncated=no, start-type=ATG, RBS-motif=AGGAG/GGAGG
13:33:04.677 - INFO - CDS - contig=contig_3, start=186192, stop=187070, strand=+, frame=3, truncated=no, start-type=ATG, RBS-motif=AGGAGG
13:33:04.677 - INFO - CDS - contig=contig_3, start=187581, stop=188522, strand=+, frame=3, truncated=no, start-type=ATG, RBS-motif=AGGA
13:33:04.677 - INFO - CDS - contig=contig_3, start=188526, stop=189869, strand=+, frame=3, truncated=no, start-type=ATG, RBS-motif=GGAGG
13:33:04.677 - INFO - CDS - contig=contig_3, start=189889, stop=190929, strand=+, frame=1, truncated=no, start-type=ATG, RBS-motif=AGGAGG
13:33:04.677 - INFO - CDS - contig=contig_3, start=190922, stop=191992, strand=+, frame=2, truncated=no, start-type=GTG, RBS-motif=AGGAGG
13:33:04.677 - INFO - CDS - contig=contig_3, start=192453, stop=194201, strand=+, frame=3, truncated=no, start-type=ATG, RBS-motif=GGAGG
13:33:04.677 - INFO - CDS - contig=contig_3, start=194369, stop=195220, strand=+, frame=2, truncated=no, start-type=ATG, RBS-motif=AGGAG
13:33:04.677 - INFO - CDS - contig=contig_3, start=195317, stop=196048, strand=+, frame=2, truncated=no, start-type=ATG, RBS-motif=AGGAG
13:33:04.677 - INFO - CDS - contig=contig_3, start=196035, stop=196757, strand=+, frame=3, truncated=no, start-type=GTG, RBS-motif=AGGAGG
13:33:04.677 - INFO - CDS - contig=contig_3, start=196880, stop=198553, strand=-, frame=2, truncated=no, start-type=ATG, RBS-motif=AGGA
13:33:04.677 - INFO - CDS - contig=contig_3, start=198589, stop=198939, strand=-, frame=3, truncated=no, start-type=ATG, RBS-motif=AGGA
13:33:04.677 - INFO - CDS - contig=contig_3, start=199156, stop=199347, strand=+, frame=1, truncated=no, start-type=ATG, RBS-motif=AGGAGG
13:33:04.678 - INFO - CDS - contig=contig_3, start=199556, stop=200251, strand=+, frame=2, truncated=no, start-type=ATG, RBS-motif=GGAG/GAGG
13:33:04.678 - INFO - CDS - contig=contig_3, start=201155, stop=201943, strand=+, frame=2, truncated=no, start-type=ATG, RBS-motif=AGGAG
13:33:04.678 - INFO - CDS - contig=contig_3, start=201948, stop=202670, strand=+, frame=3, truncated=no, start-type=ATG, RBS-motif=AGGA
13:33:04.678 - INFO - CDS - contig=contig_3, start=202805, stop=204076, strand=+, frame=2, truncated=no, start-type=ATG, RBS-motif=AGGAGG
13:33:04.678 - INFO - CDS - contig=contig_3, start=204323, stop=205231, strand=+, frame=2, truncated=no, start-type=ATG, RBS-motif=GGAG/GAGG
13:33:04.678 - INFO - CDS - contig=contig_3, start=205242, stop=206288, strand=+, frame=3, truncated=no, start-type=ATG, RBS-motif=AGxAGG/AGGxGG
13:33:04.678 - INFO - CDS - contig=contig_3, start=206281, stop=207129, strand=+, frame=1, truncated=no, start-type=ATG, RBS-motif=AGxAGG/AGGxGG
13:33:04.678 - INFO - CDS - contig=contig_3, start=207134, stop=207838, strand=+, frame=2, truncated=no, start-type=ATG, RBS-motif=AGGAGG
13:33:04.678 - INFO - CDS - contig=contig_3, start=208067, stop=208906, strand=+, frame=2, truncated=no, start-type=ATG, RBS-motif=GGA/GAG/AGG
13:33:04.678 - INFO - CDS - contig=contig_3, start=208959, stop=209264, strand=-, frame=1, truncated=no, start-type=ATG, RBS-motif=AGGAG
13:33:04.678 - INFO - CDS - contig=contig_3, start=209261, stop=210070, strand=-, frame=2, truncated=no, start-type=TTG, RBS-motif=AGGAGG
13:33:04.678 - INFO - CDS - contig=contig_3, start=210115, stop=211380, strand=-, frame=3, truncated=no, start-type=GTG, RBS-motif=GGAGG
13:33:04.678 - INFO - CDS - contig=contig_3, start=211992, stop=215753, strand=-, frame=1, truncated=no, start-type=ATG, RBS-motif=AGGAG
13:33:04.678 - INFO - CDS - contig=contig_3, start=216173, stop=218557, strand=-, frame=2, truncated=no, start-type=ATG, RBS-motif=GGAGG
13:33:04.678 - INFO - CDS - contig=contig_3, start=219048, stop=220556, strand=-, frame=1, truncated=no, start-type=ATG, RBS-motif=GGAGG
13:33:04.679 - INFO - CDS - contig=contig_3, start=220878, stop=221978, strand=-, frame=1, truncated=no, start-type=ATG, RBS-motif=AGGA/GGAG/GAGG
13:33:04.679 - INFO - CDS - contig=contig_3, start=222703, stop=223527, strand=+, frame=1, truncated=no, start-type=ATG, RBS-motif=GGA/GAG/AGG
13:33:04.679 - INFO - CDS - contig=contig_3, start=223641, stop=224213, strand=-, frame=1, truncated=no, start-type=ATG, RBS-motif=None
13:33:04.679 - INFO - CDS - contig=contig_3, start=224365, stop=225645, strand=-, frame=3, truncated=no, start-type=ATG, RBS-motif=GGA/GAG/AGG
13:33:04.679 - INFO - CDS - contig=contig_3, start=226323, stop=227606, strand=-, frame=1, truncated=no, start-type=ATG, RBS-motif=AGGA
13:33:04.679 - INFO - CDS - contig=contig_3, start=227622, stop=229004, strand=-, frame=1, truncated=no, start-type=ATG, RBS-motif=AGGAG
13:33:04.679 - INFO - CDS - contig=contig_3, start=229946, stop=232435, strand=-, frame=2, truncated=no, start-type=ATG, RBS-motif=AGGA/GGAG/GAGG
13:33:04.679 - INFO - CDS - contig=contig_3, start=232473, stop=233480, strand=-, frame=1, truncated=no, start-type=ATG, RBS-motif=GGA/GAG/AGG
13:33:04.679 - INFO - CDS - contig=contig_3, start=233828, stop=235321, strand=+, frame=2, truncated=no, start-type=ATG, RBS-motif=GGA/GAG/AGG
13:33:04.679 - INFO - CDS - contig=contig_3, start=210, stop=1382, strand=-, nt=[ATGCGAAGCA..CGGATGGTAA]
13:33:04.679 - INFO - CDS - contig=contig_3, start=1778, stop=2134, strand=-, nt=[ATGACCCAAT..GGATGATTGA]
13:33:04.679 - INFO - CDS - contig=contig_3, start=2269, stop=2658, strand=-, nt=[ATGAACGACA..TGTCTCATGA]
13:33:04.679 - INFO - CDS - contig=contig_3, start=3714, stop=5240, strand=-, nt=[ATGGGAGAAA..AAAAGTGTGA]
13:33:04.679 - INFO - CDS - contig=contig_3, start=5245, stop=6054, strand=-, nt=[ATGGAAAACA..GCGGGGGTAA]
13:33:04.679 - INFO - CDS - contig=contig_3, start=6069, stop=6890, strand=-, nt=[ATGAAACTAT..CTTGACTTGA]
13:33:04.679 - INFO - CDS - contig=contig_3, start=6887, stop=7645, strand=-, nt=[ATGATCGTAT..GACGGCATGA]
13:33:04.679 - INFO - CDS - contig=contig_3, start=7748, stop=8815, strand=-, nt=[ATGAAAAAGT..TGCAAACTAA]
13:33:04.679 - INFO - CDS - contig=contig_3, start=8930, stop=9700, strand=-, nt=[TTGAACGGTA..AATAAAATAA]
13:33:04.679 - INFO - CDS - contig=contig_3, start=10235, stop=10984, strand=+, nt=[ATGGTGGACA..TGAAGGATAA]
13:33:04.679 - INFO - CDS - contig=contig_3, start=10974, stop=11699, strand=+, nt=[ATGAAGGATA..TCAAAGGTAA]
13:33:04.680 - INFO - CDS - contig=contig_3, start=11882, stop=12985, strand=+, nt=[ATGGCAGCTT..GGTATGCTGA]
13:33:04.680 - INFO - CDS - contig=contig_3, start=12979, stop=13863, strand=+, nt=[ATGCTGAAGC..GGTGGTGTGA]
13:33:04.680 - INFO - CDS - contig=contig_3, start=13865, stop=14731, strand=+, nt=[GTGACGAAGA..CGCCGCTTGA]
13:33:04.680 - INFO - CDS - contig=contig_3, start=14786, stop=15859, strand=+, nt=[ATGAAAAAAG..CGGCGAATGA]
13:33:04.680 - INFO - CDS - contig=contig_3, start=15918, stop=16910, strand=+, nt=[ATGGTAAAAT..GGAATATTGA]
13:33:04.680 - INFO - CDS - contig=contig_3, start=16968, stop=17783, strand=+, nt=[ATGAAATTCG..GATGGTATGA]
13:33:04.680 - INFO - CDS - contig=contig_3, start=17780, stop=18565, strand=+, nt=[ATGAAGATTG..CGCATGGTGA]
13:33:04.680 - INFO - CDS - contig=contig_3, start=18845, stop=19537, strand=-, nt=[ATGACGGATC..CGCGCATTGA]
13:33:04.680 - INFO - CDS - contig=contig_3, start=19909, stop=22551, strand=+, nt=[ATGGCCAACG..CAGAAGTTAA]
13:33:04.680 - INFO - CDS - contig=contig_3, start=22603, stop=22818, strand=+, nt=[TTGCTGCGTC..GCGCGGCTAA]
13:33:04.680 - INFO - CDS - contig=contig_3, start=22839, stop=23072, strand=+, nt=[ATGGAGCGCT..GTTACAATAA]
13:33:04.680 - INFO - CDS - contig=contig_3, start=23239, stop=24927, strand=+, nt=[TTGAACAGAC..GCGGGGATAG]
13:33:04.680 - INFO - CDS - contig=contig_3, start=24934, stop=26871, strand=+, nt=[ATGGCATATA..GATGCGGTGA]
13:33:04.680 - INFO - CDS - contig=contig_3, start=27224, stop=27790, strand=+, nt=[TTGGAAGAGA..TCCGGAATGA]
13:33:04.680 - INFO - CDS - contig=contig_3, start=27811, stop=28683, strand=+, nt=[ATGAGCGATT..CCGCCGCTGA]
13:33:04.680 - INFO - CDS - contig=contig_3, start=28683, stop=29630, strand=+, nt=[ATGGATGCGG..GCGGCAATAA]
13:33:04.680 - INFO - CDS - contig=contig_3, start=29942, stop=31042, strand=+, nt=[ATGGAACGAA..TTTGGCTTGA]
13:33:04.680 - INFO - CDS - contig=contig_3, start=31114, stop=32709, strand=+, nt=[ATGATCACTG..CCAGGCGTGA]
13:33:04.680 - INFO - CDS - contig=contig_3, start=32752, stop=34086, strand=-, nt=[ATGCACACCG..GGGGATCTAG]
13:33:04.680 - INFO - CDS - contig=contig_3, start=34321, stop=35169, strand=+, nt=[ATGCGAAAAG..TGAACCGTAA]
13:33:04.680 - INFO - CDS - contig=contig_3, start=35159, stop=37108, strand=+, nt=[ATGAACCGTA..CCTGTGCTGA]
13:33:04.680 - INFO - CDS - contig=contig_3, start=37210, stop=38391, strand=-, nt=[ATGCTGACCA..GGCCGGCTGA]
13:33:04.680 - INFO - CDS - contig=contig_3, start=38666, stop=39439, strand=+, nt=[ATGATCTTTG..GGAGGGGTAA]
13:33:04.680 - INFO - CDS - contig=contig_3, start=39443, stop=40060, strand=+, nt=[ATGCAGACCA..CCCGGACTAG]
13:33:04.680 - INFO - CDS - contig=contig_3, start=40155, stop=40277, strand=-, nt=[ATGGATTACG..CGCGGCGTAG]
13:33:04.680 - INFO - CDS - contig=contig_3, start=40344, stop=40979, strand=-, nt=[ATGCCTGTCG..GGAAGAATAG]
13:33:04.680 - INFO - CDS - contig=contig_3, start=41283, stop=41795, strand=-, nt=[ATGAGCTGCC..CGCGTGTTGA]
13:33:04.680 - INFO - CDS - contig=contig_3, start=41779, stop=43698, strand=-, nt=[TTGAAACGCA..GCCTCATTGA]
13:33:04.680 - INFO - CDS - contig=contig_3, start=43757, stop=44308, strand=-, nt=[ATGGAACAGA..CGAAAAATGA]
13:33:04.680 - INFO - CDS - contig=contig_3, start=44314, stop=45684, strand=-, nt=[ATGCTGCAAA..GAAAGAGTGA]
13:33:04.680 - INFO - CDS - contig=contig_3, start=45870, stop=47222, strand=-, nt=[ATGGCAACCG..GGAATACTGA]
13:33:04.680 - INFO - CDS - contig=contig_3, start=47347, stop=47793, strand=-, nt=[ATGAAAGTAA..CGAGAACTAA]
13:33:04.681 - INFO - CDS - contig=contig_3, start=47827, stop=48558, strand=-, nt=[ATGAAACGGC..CCCCTATTAA]
13:33:04.681 - INFO - CDS - contig=contig_3, start=48596, stop=50590, strand=-, nt=[ATGCGAAAAA..GGAGGAATAG]
13:33:04.681 - INFO - CDS - contig=contig_3, start=50795, stop=51859, strand=+, nt=[ATGAAGGAAT..CAAGCTGTGA]
13:33:04.681 - INFO - CDS - contig=contig_3, start=52131, stop=53183, strand=+, nt=[GTGAAAAAAG..GCAGCCCTAG]
13:33:04.681 - INFO - CDS - contig=contig_3, start=53180, stop=54040, strand=-, nt=[ATGCAGCCAA..GGTTCGCTAG]
13:33:04.681 - INFO - CDS - contig=contig_3, start=54073, stop=54819, strand=+, nt=[ATGAATGAAA..CTACCCCTGA]
13:33:04.681 - INFO - CDS - contig=contig_3, start=54905, stop=55273, strand=-, nt=[ATGGAGCAGC..GCCGTCCTGA]
13:33:04.681 - INFO - CDS - contig=contig_3, start=55760, stop=56617, strand=+, nt=[ATGCAATATG..GCTTTCGTGA]
13:33:04.681 - INFO - CDS - contig=contig_3, start=56642, stop=57118, strand=+, nt=[ATGGCTCAGT..AGAGGGTTGA]
13:33:04.681 - INFO - CDS - contig=contig_3, start=57115, stop=59406, strand=+, nt=[TTGAGCGTGA..GAAGGTCTGA]
13:33:04.681 - INFO - CDS - contig=contig_3, start=59660, stop=61564, strand=-, nt=[ATGGATCAGA..CCGTTCGTAA]
13:33:04.681 - INFO - CDS - contig=contig_3, start=61819, stop=62139, strand=+, nt=[ATGATCCACT..GACATCTTGA]
13:33:04.681 - INFO - CDS - contig=contig_3, start=62136, stop=62405, strand=+, nt=[TTGATCAATG..TACACTCTGA]
13:33:04.681 - INFO - CDS - contig=contig_3, start=62424, stop=63581, strand=+, nt=[ATGCATTTTA..TTACTGCTAA]
13:33:04.681 - INFO - CDS - contig=contig_3, start=63635, stop=64612, strand=+, nt=[ATGAAAATCC..CAAAGGCTGA]
13:33:04.681 - INFO - CDS - contig=contig_3, start=65339, stop=66358, strand=-, nt=[ATGAAGAGTA..CAAGCGCTAG]
13:33:04.681 - INFO - CDS - contig=contig_3, start=67488, stop=69257, strand=+, nt=[ATGCAACTGA..CGAAAAATAG]
13:33:04.681 - INFO - CDS - contig=contig_3, start=69826, stop=71451, strand=-, nt=[ATGCCGAAAT..GGATTTTTGA]
13:33:04.681 - INFO - CDS - contig=contig_3, start=72084, stop=73217, strand=+, nt=[ATGAAATATT..CGACAAATGA]
13:33:04.681 - INFO - CDS - contig=contig_3, start=73280, stop=73867, strand=+, nt=[TTGAGCGTCT..GCGCGTATAA]
13:33:04.681 - INFO - CDS - contig=contig_3, start=74206, stop=76029, strand=+, nt=[TTGCAGGATA..CGGCAAATAA]
13:33:04.681 - INFO - CDS - contig=contig_3, start=76291, stop=77451, strand=-, nt=[ATGAACAAAC..CGCTGAATAA]
13:33:04.681 - INFO - CDS - contig=contig_3, start=77707, stop=78699, strand=-, nt=[ATGTATTATC..CCTGCAATAA]
13:33:04.681 - INFO - CDS - contig=contig_3, start=78857, stop=79114, strand=+, nt=[ATGGTGGATC..GGCGCAATGA]
13:33:04.681 - INFO - CDS - contig=contig_3, start=79492, stop=80148, strand=-, nt=[ATGCTTAACA..TCTTTCATAA]
13:33:04.682 - INFO - CDS - contig=contig_3, start=80141, stop=80506, strand=-, nt=[ATGAAACACA..CGATGCTTAA]
13:33:04.682 - INFO - CDS - contig=contig_3, start=80864, stop=81106, strand=-, nt=[ATGCGATTGG..ATTGCTCTGA]
13:33:04.682 - INFO - CDS - contig=contig_3, start=81216, stop=81491, strand=-, nt=[ATGAACAAGG..CTCCAAGTAA]
13:33:04.682 - INFO - CDS - contig=contig_3, start=81559, stop=82347, strand=-, nt=[ATGGTAGATT..ACGTACTTAA]
13:33:04.682 - INFO - CDS - contig=contig_3, start=82385, stop=84142, strand=-, nt=[TTGTCCAGCC..TATCCGTTGA]
13:33:04.682 - INFO - CDS - contig=contig_3, start=84156, stop=85457, strand=-, nt=[ATGGCTATAC..AACGAAATAA]
13:33:04.682 - INFO - CDS - contig=contig_3, start=85478, stop=86305, strand=-, nt=[ATGAATTACA..GATCGACTGA]
13:33:04.682 - INFO - CDS - contig=contig_3, start=86337, stop=86729, strand=-, nt=[ATGGACGAAC..CCCGTTGTGA]
13:33:04.682 - INFO - CDS - contig=contig_3, start=86948, stop=87352, strand=-, nt=[ATGTATAAGA..CAAGCGCTGA]
13:33:04.682 - INFO - CDS - contig=contig_3, start=87370, stop=87801, strand=-, nt=[ATGTCCACTT..CGCCAACTAA]
13:33:04.682 - INFO - CDS - contig=contig_3, start=88025, stop=88816, strand=+, nt=[ATGAACAAGA..GGCCCCTTAG]
13:33:04.682 - INFO - CDS - contig=contig_3, start=88885, stop=89706, strand=+, nt=[ATGGAATGCA..TTTCCTGTAG]
13:33:04.682 - INFO - CDS - contig=contig_3, start=89887, stop=90075, strand=-, nt=[ATGGTCAATT..CCGAACCTAG]
13:33:04.682 - INFO - CDS - contig=contig_3, start=90192, stop=90551, strand=+, nt=[ATGGCGAAAA..TCCGTCATGA]
13:33:04.682 - INFO - CDS - contig=contig_3, start=90711, stop=92633, strand=-, nt=[ATGGCAAAGA..GATGAAATAA]
13:33:04.682 - INFO - CDS - contig=contig_3, start=92868, stop=94295, strand=+, nt=[ATGTCCGATA..GGCACGGTGA]
13:33:04.682 - INFO - CDS - contig=contig_3, start=94338, stop=95378, strand=-, nt=[ATGAGAACGC..TGAACGCTGA]
13:33:04.682 - INFO - CDS - contig=contig_3, start=96084, stop=97337, strand=-, nt=[ATGAAGAAAA..TGAAAAATAA]
13:33:04.682 - INFO - CDS - contig=contig_3, start=98106, stop=99860, strand=+, nt=[TTGACCACCC..GGCGGTATAG]
13:33:04.682 - INFO - CDS - contig=contig_3, start=99870, stop=100667, strand=+, nt=[ATGACAAAGA..ATATGTGTAA]
13:33:04.682 - INFO - CDS - contig=contig_3, start=100667, stop=100873, strand=+, nt=[ATGGAACAGA..GAAGCCGTAA]
13:33:04.682 - INFO - CDS - contig=contig_3, start=101118, stop=101594, strand=+, nt=[ATGCAGCTTG..AAACGGCTGA]
13:33:04.682 - INFO - CDS - contig=contig_3, start=101822, stop=102598, strand=+, nt=[ATGCTGGAAC..TCTGCTGTGA]
13:33:04.682 - INFO - CDS - contig=contig_3, start=102614, stop=103384, strand=+, nt=[GTGGAGCTGG..GGGAGGTTGA]
13:33:04.682 - INFO - CDS - contig=contig_3, start=103388, stop=103840, strand=+, nt=[ATGGAACTGA..CCGGAGCTAG]
13:33:04.682 - INFO - CDS - contig=contig_3, start=103858, stop=104571, strand=+, nt=[ATGCCCAGAT..AGATAAATGA]
13:33:04.682 - INFO - CDS - contig=contig_3, start=104582, stop=105538, strand=+, nt=[GTGTCCCCAT..CGGATCATGA]
13:33:04.682 - INFO - CDS - contig=contig_3, start=105535, stop=105993, strand=+, nt=[ATGAAACGAG..GCTGCGGTGA]
13:33:04.682 - INFO - CDS - contig=contig_3, start=106197, stop=106700, strand=+, nt=[TTGGAGCAGA..CGATGCATGA]
13:33:04.683 - INFO - CDS - contig=contig_3, start=106693, stop=107550, strand=+, nt=[ATGCATGAGG..AATACCCTGA]
13:33:04.683 - INFO - CDS - contig=contig_3, start=107839, stop=108324, strand=+, nt=[ATGTTTCGGG..GCAGGCCTGA]
13:33:04.683 - INFO - CDS - contig=contig_3, start=108537, stop=111161, strand=-, nt=[ATGGCAGAGG..CGGTAAATAA]
13:33:04.683 - INFO - CDS - contig=contig_3, start=111417, stop=111662, strand=-, nt=[TTGATCCAGG..GCGCTCATAA]
13:33:04.683 - INFO - CDS - contig=contig_3, start=112022, stop=113230, strand=+, nt=[ATGGGCAAAA..GCTGTCTTGA]
13:33:04.683 - INFO - CDS - contig=contig_3, start=113251, stop=114003, strand=+, nt=[ATGAAAAAAC..TGAGGAGTGA]
13:33:04.683 - INFO - CDS - contig=contig_3, start=114013, stop=114945, strand=+, nt=[ATGAAACACA..CGCCTATTGA]
13:33:04.683 - INFO - CDS - contig=contig_3, start=115016, stop=116065, strand=+, nt=[ATGGAACGGG..GGGGGGGTAG]
13:33:04.683 - INFO - CDS - contig=contig_3, start=116069, stop=116380, strand=+, nt=[ATGGCGCGCA..CACAGGGTAA]
13:33:04.683 - INFO - CDS - contig=contig_3, start=116416, stop=116880, strand=+, nt=[ATGAAAGCGT..GACGGTATGA]
13:33:04.683 - INFO - CDS - contig=contig_3, start=116877, stop=117194, strand=+, nt=[ATGAGGCGGA..CCTTGGATAA]
13:33:04.683 - INFO - CDS - contig=contig_3, start=117602, stop=118666, strand=+, nt=[ATGGAACTGC..CCAAGTCTAA]
13:33:04.683 - INFO - CDS - contig=contig_3, start=118682, stop=119125, strand=+, nt=[ATGTCCATCC..GCAGAATTAG]
13:33:04.683 - INFO - CDS - contig=contig_3, start=119476, stop=120846, strand=+, nt=[ATGTCCGATA..GGGCAAATAG]
13:33:04.683 - INFO - CDS - contig=contig_3, start=120974, stop=122329, strand=+, nt=[ATGTTCAAGA..CCACGGCTGA]
13:33:04.683 - INFO - CDS - contig=contig_3, start=122386, stop=122781, strand=-, nt=[ATGATCATGA..GACCAGCTGA]
13:33:04.683 - INFO - CDS - contig=contig_3, start=122966, stop=123463, strand=+, nt=[ATGGGACGTA..GCAGGAGTAA]
13:33:04.683 - INFO - CDS - contig=contig_3, start=123490, stop=125154, strand=-, nt=[ATGAAACCGC..CCCGGCCTGA]
13:33:04.683 - INFO - CDS - contig=contig_3, start=125151, stop=126425, strand=-, nt=[ATGGCAAGCA..CAGAGCATGA]
13:33:04.683 - INFO - CDS - contig=contig_3, start=126707, stop=127825, strand=-, nt=[ATGAAGAAAC..TGAGACTTGA]
13:33:04.683 - INFO - CDS - contig=contig_3, start=127845, stop=128435, strand=-, nt=[ATGCCCGACT..GGGCTTCTGA]
13:33:04.683 - INFO - CDS - contig=contig_3, start=128556, stop=129425, strand=-, nt=[ATGAAGAAGG..CGATCTTTGA]
13:33:04.683 - INFO - CDS - contig=contig_3, start=129473, stop=131719, strand=-, nt=[TTGGCGAAAA..GCTGGACTGA]
13:33:04.683 - INFO - CDS - contig=contig_3, start=131978, stop=133969, strand=-, nt=[ATGGCTAAGA..TATCTCGTAA]
13:33:04.683 - INFO - CDS - contig=contig_3, start=134456, stop=134713, strand=+, nt=[ATGGCAGAAG..GATAAGCTGA]
13:33:04.683 - INFO - CDS - contig=contig_3, start=134771, stop=135040, strand=+, nt=[TTGGAGAGCC..GGCCGTCTGA]
13:33:04.683 - INFO - CDS - contig=contig_3, start=135203, stop=135844, strand=+, nt=[ATGAAAAAAC..CATGGGCTAA]
13:33:04.683 - INFO - CDS - contig=contig_3, start=135866, stop=136300, strand=+, nt=[ATGGAAGAGC..CCGGGAATAA]
13:33:04.683 - INFO - CDS - contig=contig_3, start=136393, stop=137481, strand=+, nt=[ATGGCGGCCA..AACCGAATGA]
13:33:04.684 - INFO - CDS - contig=contig_3, start=137888, stop=138202, strand=+, nt=[ATGTCTCTGG..GAATAGCTGA]
13:33:04.684 - INFO - CDS - contig=contig_3, start=138202, stop=140226, strand=+, nt=[ATGTCCATCG..GGAACAGTAA]
13:33:04.684 - INFO - CDS - contig=contig_3, start=140228, stop=140722, strand=+, nt=[ATGAATTTCG..CGGCTTCTGA]
13:33:04.684 - INFO - CDS - contig=contig_3, start=140736, stop=141326, strand=+, nt=[ATGGACGGAA..CGGAGATTGA]
13:33:04.684 - INFO - CDS - contig=contig_3, start=141357, stop=142355, strand=+, nt=[TTGACTAAGA..CTATGTCTAA]
13:33:04.684 - INFO - CDS - contig=contig_3, start=142348, stop=142668, strand=+, nt=[ATGTCTAACA..TATTCTATAG]
13:33:04.684 - INFO - CDS - contig=contig_3, start=142806, stop=144584, strand=+, nt=[TTGAGCGGAA..TGAGGAATGA]
13:33:04.684 - INFO - CDS - contig=contig_3, start=144581, stop=145963, strand=+, nt=[ATGATCCGTG..GGAGGGGTAA]
13:33:04.684 - INFO - CDS - contig=contig_3, start=145967, stop=146680, strand=+, nt=[ATGCCCGCAA..GAGCATCTGA]
13:33:04.684 - INFO - CDS - contig=contig_3, start=146812, stop=147762, strand=+, nt=[ATGACAAAAC..CATTATTTAA]
13:33:04.684 - INFO - CDS - contig=contig_3, start=147772, stop=148005, strand=+, nt=[ATGGCCATAC..GGATGGGTAG]
13:33:04.684 - INFO - CDS - contig=contig_3, start=147989, stop=148909, strand=+, nt=[ATGAAACGGA..GCGGGTGTGA]
13:33:04.684 - INFO - CDS - contig=contig_3, start=148927, stop=149634, strand=-, nt=[ATGGAACAAG..GCAGCTGTAG]
13:33:04.684 - INFO - CDS - contig=contig_3, start=149798, stop=150538, strand=+, nt=[ATGTTGGAAA..GGCACAGTGA]
13:33:04.684 - INFO - CDS - contig=contig_3, start=150535, stop=151458, strand=+, nt=[GTGAATCACA..TTTACAGTAA]
13:33:04.684 - INFO - CDS - contig=contig_3, start=151442, stop=151849, strand=+, nt=[ATGGATTTTT..GCCGAACTAG]
13:33:04.684 - INFO - CDS - contig=contig_3, start=151892, stop=152320, strand=-, nt=[ATGCAGGAGA..GCCCGTTTAA]
13:33:04.684 - INFO - CDS - contig=contig_3, start=152532, stop=154133, strand=-, nt=[ATGTCTCAGT..GATCGCCTGA]
13:33:04.684 - INFO - CDS - contig=contig_3, start=154373, stop=154903, strand=-, nt=[ATGTCAACAG..CCTGAATTGA]
13:33:04.684 - INFO - CDS - contig=contig_3, start=155075, stop=156220, strand=+, nt=[ATGAAAACGA..CTACGAGTGA]
13:33:04.684 - INFO - CDS - contig=contig_3, start=156298, stop=156813, strand=+, nt=[ATGAAACTTT..AAAGTTATGA]
13:33:04.684 - INFO - CDS - contig=contig_3, start=156810, stop=158114, strand=+, nt=[ATGAATCCTT..GATGAAATAG]
13:33:04.684 - INFO - CDS - contig=contig_3, start=158145, stop=159413, strand=+, nt=[ATGGAGCGTT..AGGAACATGA]
13:33:04.684 - INFO - CDS - contig=contig_3, start=159410, stop=161545, strand=+, nt=[ATGACGGAAC..AAAAGCATGA]
13:33:04.684 - INFO - CDS - contig=contig_3, start=161542, stop=161985, strand=+, nt=[ATGAAGCTGC..TGAGGCATAA]
13:33:04.684 - INFO - CDS - contig=contig_3, start=162072, stop=162818, strand=+, nt=[ATGGCAGCTT..TGGGCTGTAG]
13:33:04.684 - INFO - CDS - contig=contig_3, start=162855, stop=163574, strand=+, nt=[ATGCAGAAGA..CGGCGTATAA]
13:33:04.684 - INFO - CDS - contig=contig_3, start=163674, stop=164714, strand=-, nt=[ATGGAAACGG..GGACGAATAG]
13:33:04.684 - INFO - CDS - contig=contig_3, start=164729, stop=165028, strand=-, nt=[ATGTCACCTG..GAACAGCTGA]
13:33:04.684 - INFO - CDS - contig=contig_3, start=164976, stop=165182, strand=-, nt=[ATGAAAACAC..CGTCAAGTGA]
13:33:04.684 - INFO - CDS - contig=contig_3, start=165198, stop=166286, strand=-, nt=[ATGGACCTTA..AGACGCATAA]
13:33:04.685 - INFO - CDS - contig=contig_3, start=166519, stop=167700, strand=+, nt=[ATGCCGAGCA..TGGAGCTTAA]
13:33:04.685 - INFO - CDS - contig=contig_3, start=167690, stop=168613, strand=+, nt=[ATGGAGCTTA..GGGGGCCTGA]
13:33:04.685 - INFO - CDS - contig=contig_3, start=168773, stop=168925, strand=-, nt=[ATGGATCAGA..GCTGTTATGA]
13:33:04.685 - INFO - CDS - contig=contig_3, start=169332, stop=170615, strand=-, nt=[ATGGCAGCTT..TCAGCGGTAG]
13:33:04.685 - INFO - CDS - contig=contig_3, start=170684, stop=170968, strand=-, nt=[ATGCTGAAAA..CGCCCAGTAA]
13:33:04.685 - INFO - CDS - contig=contig_3, start=171012, stop=171344, strand=-, nt=[ATGACCACCG..GGAGGAATAA]
13:33:04.685 - INFO - CDS - contig=contig_3, start=171344, stop=171655, strand=-, nt=[ATGCATGCGA..CTCCGTCTGA]
13:33:04.685 - INFO - CDS - contig=contig_3, start=171939, stop=172760, strand=+, nt=[ATGAGCCTGT..GGAAGGATAG]
13:33:04.685 - INFO - CDS - contig=contig_3, start=173046, stop=174233, strand=+, nt=[ATGGAGATCA..CGGCAGATGA]
13:33:04.685 - INFO - CDS - contig=contig_3, start=174263, stop=175177, strand=+, nt=[ATGACACAAA..AAGACATTGA]
13:33:04.685 - INFO - CDS - contig=contig_3, start=175498, stop=176985, strand=+, nt=[ATGGGACAAG..TATTCTGTAA]
13:33:04.685 - INFO - CDS - contig=contig_3, start=177015, stop=177341, strand=+, nt=[ATGAAAGACA..CCTGTGCTGA]
13:33:04.685 - INFO - CDS - contig=contig_3, start=177335, stop=178504, strand=+, nt=[GTGCTGATTG..CCAGTGGTAA]
13:33:04.685 - INFO - CDS - contig=contig_3, start=178577, stop=180109, strand=+, nt=[ATGACAACCA..TTTTCAATAA]
13:33:04.685 - INFO - CDS - contig=contig_3, start=180265, stop=181665, strand=+, nt=[ATGGGTAAAG..CACGCTGTAA]
13:33:04.685 - INFO - CDS - contig=contig_3, start=181908, stop=183302, strand=+, nt=[ATGAGCAACG..AATGGGGTAA]
13:33:04.685 - INFO - CDS - contig=contig_3, start=183786, stop=184001, strand=+, nt=[ATGAATGAAC..GGGTTATTAG]
13:33:04.685 - INFO - CDS - contig=contig_3, start=184053, stop=184271, strand=-, nt=[ATGGATCTCA..ACTCTTTTGA]
13:33:04.685 - INFO - CDS - contig=contig_3, start=184284, stop=184655, strand=-, nt=[ATGGGTAAAT..GCAGGCGTAA]
13:33:04.685 - INFO - CDS - contig=contig_3, start=184791, stop=185156, strand=+, nt=[ATGAACTTTT..GAGGCGTTGA]
13:33:04.685 - INFO - CDS - contig=contig_3, start=185239, stop=186159, strand=+, nt=[ATGATCGATT..GGAGACCTGA]
13:33:04.685 - INFO - CDS - contig=contig_3, start=186192, stop=187070, strand=+, nt=[ATGGTGGACA..GTTTGACTGA]
13:33:04.685 - INFO - CDS - contig=contig_3, start=187581, stop=188522, strand=+, nt=[ATGGCAAAAT..AGGGAACTGA]
13:33:04.685 - INFO - CDS - contig=contig_3, start=188526, stop=189869, strand=+, nt=[ATGGCCGAAC..GAAGAAATAA]
13:33:04.685 - INFO - CDS - contig=contig_3, start=189889, stop=190929, strand=+, nt=[ATGGACCATA..CCGTGAGTGA]
13:33:04.685 - INFO - CDS - contig=contig_3, start=190922, stop=191992, strand=+, nt=[GTGAGTGAGC..GCTGGGGTAA]
13:33:04.685 - INFO - CDS - contig=contig_3, start=192453, stop=194201, strand=+, nt=[ATGAAAAAGA..CAACGCCTAA]
13:33:04.685 - INFO - CDS - contig=contig_3, start=194369, stop=195220, strand=+, nt=[ATGAAGCAGT..CACGAAATAA]
13:33:04.685 - INFO - CDS - contig=contig_3, start=195317, stop=196048, strand=+, nt=[ATGGGTACTC..TCGACGTTAA]
13:33:04.685 - INFO - CDS - contig=contig_3, start=196035, stop=196757, strand=+, nt=[GTGATCGACG..GGTACTGTGA]
13:33:04.685 - INFO - CDS - contig=contig_3, start=196880, stop=198553, strand=-, nt=[ATGAGAGAGT..GGCGGAATGA]
13:33:04.685 - INFO - CDS - contig=contig_3, start=198589, stop=198939, strand=-, nt=[ATGAAGCTGC..CATCGGCTGA]
13:33:04.685 - INFO - CDS - contig=contig_3, start=199156, stop=199347, strand=+, nt=[ATGAAAAAGT..GGACGAGTAA]
13:33:04.686 - INFO - CDS - contig=contig_3, start=199556, stop=200251, strand=+, nt=[ATGGATGCCA..AATCGACTGA]
13:33:04.686 - INFO - CDS - contig=contig_3, start=201155, stop=201943, strand=+, nt=[ATGCTGTACC..AGGACGATAA]
13:33:04.686 - INFO - CDS - contig=contig_3, start=201948, stop=202670, strand=+, nt=[ATGGGACAAA..GGTAATTTAG]
13:33:04.686 - INFO - CDS - contig=contig_3, start=202805, stop=204076, strand=+, nt=[ATGAAGAAAT..CATGGACTAA]
13:33:04.686 - INFO - CDS - contig=contig_3, start=204323, stop=205231, strand=+, nt=[ATGACCTTCC..GAAAGTTTGA]
13:33:04.686 - INFO - CDS - contig=contig_3, start=205242, stop=206288, strand=+, nt=[ATGAAACGAC..TGATGGCTAA]
13:33:04.686 - INFO - CDS - contig=contig_3, start=206281, stop=207129, strand=+, nt=[ATGGCTAAGA..GGAGGCGTAA]
13:33:04.686 - INFO - CDS - contig=contig_3, start=207134, stop=207838, strand=+, nt=[ATGCTGCTGA..GGGCGGCTGA]
13:33:04.686 - INFO - CDS - contig=contig_3, start=208067, stop=208906, strand=+, nt=[ATGCCCAATT..CAGCGCGTAA]
13:33:04.686 - INFO - CDS - contig=contig_3, start=208959, stop=209264, strand=-, nt=[ATGAAACAGG..GGCCCTGTAG]
13:33:04.686 - INFO - CDS - contig=contig_3, start=209261, stop=210070, strand=-, nt=[TTGGAGGTCT..CACAGGATGA]
13:33:04.686 - INFO - CDS - contig=contig_3, start=210115, stop=211380, strand=-, nt=[GTGGAACTGC..CGCCCGTTGA]
13:33:04.686 - INFO - CDS - contig=contig_3, start=211992, stop=215753, strand=-, nt=[ATGAAATCCC..GACCATGTGA]
13:33:04.686 - INFO - CDS - contig=contig_3, start=216173, stop=218557, strand=-, nt=[ATGGAAGAAT..CCACGATTAA]
13:33:04.686 - INFO - CDS - contig=contig_3, start=219048, stop=220556, strand=-, nt=[ATGGACGATA..TCTGAGCTGA]
13:33:04.686 - INFO - CDS - contig=contig_3, start=220878, stop=221978, strand=-, nt=[ATGAACCTGA..GCTGCTCTAA]
13:33:04.686 - INFO - CDS - contig=contig_3, start=222703, stop=223527, strand=+, nt=[ATGGGAAACA..AAGTGGGTGA]
13:33:04.686 - INFO - CDS - contig=contig_3, start=223641, stop=224213, strand=-, nt=[ATGCATATTT..TGAATCGTAA]
13:33:04.686 - INFO - CDS - contig=contig_3, start=224365, stop=225645, strand=-, nt=[ATGGCTCAGT..CGCCGAATGA]
13:33:04.686 - INFO - CDS - contig=contig_3, start=226323, stop=227606, strand=-, nt=[ATGGAACACG..CAACCCATAA]
13:33:04.686 - INFO - CDS - contig=contig_3, start=227622, stop=229004, strand=-, nt=[ATGTTACAAG..CGTGCAATAA]
13:33:04.686 - INFO - CDS - contig=contig_3, start=229946, stop=232435, strand=-, nt=[ATGAAAAACA..TATCGCCTGA]
13:33:04.686 - INFO - CDS - contig=contig_3, start=232473, stop=233480, strand=-, nt=[ATGGAAAAGG..CCCAGACTAG]
13:33:04.686 - INFO - CDS - contig=contig_3, start=233828, stop=235321, strand=+, nt=[ATGAAAGAAC..AGCTGACTGA]
13:33:04.794 - INFO - CDS - contig=contig_4, start=146, stop=1486, strand=+, frame=2, truncated=no, start-type=ATG, RBS-motif=AGGAGG
13:33:04.794 - INFO - CDS - contig=contig_4, start=1778, stop=4777, strand=+, frame=2, truncated=no, start-type=ATG, RBS-motif=AGGAGG
13:33:04.795 - INFO - CDS - contig=contig_4, start=5265, stop=7436, strand=-, frame=2, truncated=no, start-type=ATG, RBS-motif=AGGAG
13:33:04.795 - INFO - CDS - contig=contig_4, start=7467, stop=10499, strand=-, frame=2, truncated=no, start-type=GTG, RBS-motif=AGGAGG
13:33:04.795 - INFO - CDS - contig=contig_4, start=10501, stop=11844, strand=-, frame=1, truncated=no, start-type=ATG, RBS-motif=GGAG/GAGG
13:33:04.795 - INFO - CDS - contig=contig_4, start=11841, stop=13343, strand=-, frame=2, truncated=no, start-type=ATG, RBS-motif=GGA/GAG/AGG
13:33:04.795 - INFO - CDS - contig=contig_4, start=13348, stop=14145, strand=-, frame=1, truncated=no, start-type=GTG, RBS-motif=GGAGG
13:33:04.795 - INFO - CDS - contig=contig_4, start=14175, stop=15053, strand=-, frame=2, truncated=no, start-type=TTG, RBS-motif=GGAGG
13:33:04.795 - INFO - CDS - contig=contig_4, start=15118, stop=16410, strand=-, frame=1, truncated=no, start-type=ATG, RBS-motif=AGGAGG
13:33:04.795 - INFO - CDS - contig=contig_4, start=16491, stop=17585, strand=-, frame=2, truncated=no, start-type=ATG, RBS-motif=AGGAGG
13:33:04.795 - INFO - CDS - contig=contig_4, start=17560, stop=19374, strand=-, frame=1, truncated=no, start-type=ATG, RBS-motif=GGA/GAG/AGG
13:33:04.795 - INFO - CDS - contig=contig_4, start=19853, stop=20071, strand=+, frame=2, truncated=no, start-type=ATG, RBS-motif=AGGAG/GGAGG
13:33:04.795 - INFO - CDS - contig=contig_4, start=20061, stop=20306, strand=+, frame=3, truncated=no, start-type=ATG, RBS-motif=GGA/GAG/AGG
13:33:04.795 - INFO - CDS - contig=contig_4, start=20373, stop=21392, strand=-, frame=2, truncated=no, start-type=ATG, RBS-motif=AGGA
13:33:04.795 - INFO - CDS - contig=contig_4, start=21432, stop=22316, strand=-, frame=2, truncated=no, start-type=ATG, RBS-motif=GGAGG
13:33:04.795 - INFO - CDS - contig=contig_4, start=22353, stop=23318, strand=-, frame=2, truncated=no, start-type=ATG, RBS-motif=GGAGG
13:33:04.796 - INFO - CDS - contig=contig_4, start=23305, stop=24276, strand=-, frame=1, truncated=no, start-type=GTG, RBS-motif=AGGAGG
13:33:04.796 - INFO - CDS - contig=contig_4, start=24273, stop=25790, strand=-, frame=2, truncated=no, start-type=TTG, RBS-motif=AGGAG
13:33:04.796 - INFO - CDS - contig=contig_4, start=25893, stop=26987, strand=-, frame=2, truncated=no, start-type=ATG, RBS-motif=AGGA
13:33:04.796 - INFO - CDS - contig=contig_4, start=27217, stop=28089, strand=+, frame=1, truncated=no, start-type=ATG, RBS-motif=GGAGG
13:33:04.796 - INFO - CDS - contig=contig_4, start=28321, stop=29316, strand=+, frame=1, truncated=no, start-type=GTG, RBS-motif=None
13:33:04.796 - INFO - CDS - contig=contig_4, start=29355, stop=30446, strand=-, frame=2, truncated=no, start-type=TTG, RBS-motif=AGxAGG/AGGxGG
13:33:04.796 - INFO - CDS - contig=contig_4, start=30625, stop=31239, strand=-, frame=1, truncated=no, start-type=ATG, RBS-motif=AGGAG
13:33:04.796 - INFO - CDS - contig=contig_4, start=31230, stop=31586, strand=-, frame=2, truncated=no, start-type=ATG, RBS-motif=GGAGG
13:33:04.796 - INFO - CDS - contig=contig_4, start=31583, stop=32386, strand=-, frame=3, truncated=no, start-type=ATG, RBS-motif=GGAGG
13:33:04.796 - INFO - CDS - contig=contig_4, start=32347, stop=32865, strand=-, frame=1, truncated=no, start-type=ATG, RBS-motif=GGxGG
13:33:04.796 - INFO - CDS - contig=contig_4, start=32859, stop=33932, strand=-, frame=2, truncated=no, start-type=ATG, RBS-motif=AGGAG
13:33:04.796 - INFO - CDS - contig=contig_4, start=33929, stop=34963, strand=-, frame=3, truncated=no, start-type=GTG, RBS-motif=GGA/GAG/AGG
13:33:04.796 - INFO - CDS - contig=contig_4, start=34960, stop=35628, strand=-, frame=1, truncated=no, start-type=ATG, RBS-motif=GGAGG
13:33:04.796 - INFO - CDS - contig=contig_4, start=35757, stop=36347, strand=-, frame=2, truncated=no, start-type=ATG, RBS-motif=AGGAG
13:33:04.796 - INFO - CDS - contig=contig_4, start=36691, stop=36783, strand=-, frame=1, truncated=no, start-type=ATG, RBS-motif=AGGA
13:33:04.796 - INFO - CDS - contig=contig_4, start=37414, stop=38715, strand=-, frame=1, truncated=no, start-type=ATG, RBS-motif=AGGAGG
13:33:04.796 - INFO - CDS - contig=contig_4, start=38885, stop=39775, strand=+, frame=2, truncated=no, start-type=ATG, RBS-motif=AGGAGG
13:33:04.797 - INFO - CDS - contig=contig_4, start=40064, stop=41338, strand=+, frame=2, truncated=no, start-type=ATG, RBS-motif=AGGAGG
13:33:04.797 - INFO - CDS - contig=contig_4, start=41377, stop=42237, strand=+, frame=1, truncated=no, start-type=ATG, RBS-motif=GGAG/GAGG
13:33:04.797 - INFO - CDS - contig=contig_4, start=42240, stop=43088, strand=+, frame=3, truncated=no, start-type=ATG, RBS-motif=AGGAG
13:33:04.797 - INFO - CDS - contig=contig_4, start=43085, stop=44323, strand=+, frame=2, truncated=no, start-type=ATG, RBS-motif=AGGAGG
13:33:04.797 - INFO - CDS - contig=contig_4, start=44314, stop=45174, strand=+, frame=1, truncated=no, start-type=ATG, RBS-motif=AGGAG/GGAGG
13:33:04.797 - INFO - CDS - contig=contig_4, start=45901, stop=46851, strand=+, frame=1, truncated=no, start-type=ATG, RBS-motif=GGAGG
13:33:04.797 - INFO - CDS - contig=contig_4, start=46928, stop=47950, strand=+, frame=2, truncated=no, start-type=ATG, RBS-motif=GGAGG
13:33:04.797 - INFO - CDS - contig=contig_4, start=48093, stop=49205, strand=+, frame=3, truncated=no, start-type=ATG, RBS-motif=GGAGG
13:33:04.797 - INFO - CDS - contig=contig_4, start=49290, stop=50141, strand=+, frame=3, truncated=no, start-type=ATG, RBS-motif=AGxAGG/AGGxGG
13:33:04.797 - INFO - CDS - contig=contig_4, start=50138, stop=50923, strand=+, frame=2, truncated=no, start-type=ATG, RBS-motif=GGAGG
13:33:04.797 - INFO - CDS - contig=contig_4, start=50920, stop=51459, strand=+, frame=1, truncated=no, start-type=ATG, RBS-motif=GGAG/GAGG
13:33:04.797 - INFO - CDS - contig=contig_4, start=51452, stop=52483, strand=+, frame=2, truncated=no, start-type=ATG, RBS-motif=GGAGG
13:33:04.797 - INFO - CDS - contig=contig_4, start=52550, stop=54763, strand=+, frame=2, truncated=no, start-type=ATG, RBS-motif=AGGAGG
13:33:04.797 - INFO - CDS - contig=contig_4, start=54777, stop=55700, strand=+, frame=3, truncated=no, start-type=ATG, RBS-motif=AGxAGG/AGGxGG
13:33:04.797 - INFO - CDS - contig=contig_4, start=55697, stop=56092, strand=+, frame=2, truncated=no, start-type=ATG, RBS-motif=AGGAG
13:33:04.797 - INFO - CDS - contig=contig_4, start=56555, stop=57685, strand=+, frame=2, truncated=no, start-type=ATG, RBS-motif=GGAG/GAGG
13:33:04.798 - INFO - CDS - contig=contig_4, start=57774, stop=58937, strand=-, frame=2, truncated=no, start-type=ATG, RBS-motif=GGAG/GAGG
13:33:04.798 - INFO - CDS - contig=contig_4, start=58947, stop=60134, strand=-, frame=2, truncated=no, start-type=ATG, RBS-motif=GGxGG
13:33:04.798 - INFO - CDS - contig=contig_4, start=60370, stop=60981, strand=+, frame=1, truncated=no, start-type=ATG, RBS-motif=AGGA
13:33:04.798 - INFO - CDS - contig=contig_4, start=61034, stop=61729, strand=+, frame=2, truncated=no, start-type=ATG, RBS-motif=AGGAGG
13:33:04.798 - INFO - CDS - contig=contig_4, start=61815, stop=62312, strand=+, frame=3, truncated=no, start-type=ATG, RBS-motif=GGAG/GAGG
13:33:04.798 - INFO - CDS - contig=contig_4, start=62325, stop=63833, strand=+, frame=3, truncated=no, start-type=ATG, RBS-motif=AGGAGG
13:33:04.798 - INFO - CDS - contig=contig_4, start=64246, stop=64959, strand=+, frame=1, truncated=no, start-type=ATG, RBS-motif=AGGA
13:33:04.798 - INFO - CDS - contig=contig_4, start=65048, stop=66451, strand=+, frame=2, truncated=no, start-type=TTG, RBS-motif=AGxAGG/AGGxGG
13:33:04.798 - INFO - CDS - contig=contig_4, start=66537, stop=67667, strand=+, frame=3, truncated=no, start-type=ATG, RBS-motif=AGGAGG
13:33:04.798 - INFO - CDS - contig=contig_4, start=67810, stop=67920, strand=+, frame=1, truncated=no, start-type=ATG, RBS-motif=AGGAGG
13:33:04.798 - INFO - CDS - contig=contig_4, start=68013, stop=69155, strand=+, frame=3, truncated=no, start-type=ATG, RBS-motif=GGAG/GAGG
13:33:04.798 - INFO - CDS - contig=contig_4, start=69289, stop=70416, strand=-, frame=1, truncated=no, start-type=ATG, RBS-motif=GGA/GAG/AGG
13:33:04.798 - INFO - CDS - contig=contig_4, start=70785, stop=71600, strand=+, frame=3, truncated=no, start-type=TTG, RBS-motif=AGGAGG
13:33:04.798 - INFO - CDS - contig=contig_4, start=71657, stop=72751, strand=+, frame=2, truncated=no, start-type=GTG, RBS-motif=GGAG/GAGG
13:33:04.798 - INFO - CDS - contig=contig_4, start=72851, stop=74350, strand=+, frame=2, truncated=no, start-type=ATG, RBS-motif=GGA/GAG/AGG
13:33:04.798 - INFO - CDS - contig=contig_4, start=74370, stop=75335, strand=+, frame=3, truncated=no, start-type=ATG, RBS-motif=AGGAG
13:33:04.799 - INFO - CDS - contig=contig_4, start=75349, stop=76125, strand=+, frame=1, truncated=no, start-type=ATG, RBS-motif=AGGAGG
13:33:04.799 - INFO - CDS - contig=contig_4, start=76161, stop=77249, strand=+, frame=3, truncated=no, start-type=ATG, RBS-motif=AGxAG
13:33:04.799 - INFO - CDS - contig=contig_4, start=77264, stop=78787, strand=+, frame=2, truncated=no, start-type=ATG, RBS-motif=GGAGG
13:33:04.799 - INFO - CDS - contig=contig_4, start=79199, stop=81037, strand=-, frame=3, truncated=no, start-type=GTG, RBS-motif=AGGAG
13:33:04.799 - INFO - CDS - contig=contig_4, start=81066, stop=82826, strand=-, frame=2, truncated=no, start-type=ATG, RBS-motif=GGAG/GAGG
13:33:04.799 - INFO - CDS - contig=contig_4, start=82839, stop=84029, strand=-, frame=2, truncated=no, start-type=ATG, RBS-motif=AGxAGG/AGGxGG
13:33:04.799 - INFO - CDS - contig=contig_4, start=84043, stop=84378, strand=-, frame=1, truncated=no, start-type=ATG, RBS-motif=AGGAGG
13:33:04.799 - INFO - CDS - contig=contig_4, start=84673, stop=86019, strand=+, frame=1, truncated=no, start-type=ATG, RBS-motif=AGGAGG
13:33:04.799 - INFO - CDS - contig=contig_4, start=86692, stop=91146, strand=-, frame=1, truncated=no, start-type=ATG, RBS-motif=AGGA
13:33:04.799 - INFO - CDS - contig=contig_4, start=91168, stop=91413, strand=-, frame=1, truncated=no, start-type=ATG, RBS-motif=GGAGG
13:33:04.799 - INFO - CDS - contig=contig_4, start=91532, stop=91879, strand=+, frame=2, truncated=no, start-type=ATG, RBS-motif=GGAG/GAGG
13:33:04.799 - INFO - CDS - contig=contig_4, start=92087, stop=93715, strand=-, frame=3, truncated=no, start-type=ATG, RBS-motif=GGAGG
13:33:04.799 - INFO - CDS - contig=contig_4, start=93974, stop=94258, strand=-, frame=3, truncated=no, start-type=ATG, RBS-motif=AGGAGG
13:33:04.799 - INFO - CDS - contig=contig_4, start=94474, stop=95418, strand=-, frame=1, truncated=no, start-type=ATG, RBS-motif=GGAGG
13:33:04.799 - INFO - CDS - contig=contig_4, start=95445, stop=96698, strand=-, frame=2, truncated=no, start-type=ATG, RBS-motif=GGA/GAG/AGG
13:33:04.799 - INFO - CDS - contig=contig_4, start=96715, stop=97836, strand=-, frame=1, truncated=no, start-type=ATG, RBS-motif=GGAG/GAGG
13:33:04.800 - INFO - CDS - contig=contig_4, start=97989, stop=98450, strand=+, frame=3, truncated=no, start-type=GTG, RBS-motif=AGGAGG
13:33:04.800 - INFO - CDS - contig=contig_4, start=98466, stop=99410, strand=+, frame=3, truncated=no, start-type=ATG, RBS-motif=AGGAGG
13:33:04.800 - INFO - CDS - contig=contig_4, start=99688, stop=101007, strand=-, frame=1, truncated=no, start-type=ATG, RBS-motif=GGAG/GAGG
13:33:04.800 - INFO - CDS - contig=contig_4, start=101119, stop=102039, strand=-, frame=1, truncated=no, start-type=TTG, RBS-motif=GGAG/GAGG
13:33:04.800 - INFO - CDS - contig=contig_4, start=102044, stop=102898, strand=-, frame=3, truncated=no, start-type=ATG, RBS-motif=GGA/GAG/AGG
13:33:04.800 - INFO - CDS - contig=contig_4, start=102939, stop=103889, strand=-, frame=2, truncated=no, start-type=TTG, RBS-motif=AGxAGG/AGGxGG
13:33:04.800 - INFO - CDS - contig=contig_4, start=103892, stop=104245, strand=-, frame=3, truncated=no, start-type=ATG, RBS-motif=AGGAG
13:33:04.800 - INFO - CDS - contig=contig_4, start=104671, stop=107073, strand=-, frame=1, truncated=no, start-type=TTG, RBS-motif=GGAGG
13:33:04.800 - INFO - CDS - contig=contig_4, start=107189, stop=107791, strand=-, frame=3, truncated=no, start-type=ATG, RBS-motif=AGGAGG
13:33:04.800 - INFO - CDS - contig=contig_4, start=107784, stop=108056, strand=-, frame=2, truncated=no, start-type=GTG, RBS-motif=GGAGG
13:33:04.800 - INFO - CDS - contig=contig_4, start=108170, stop=109318, strand=-, frame=3, truncated=no, start-type=ATG, RBS-motif=AGGAG
13:33:04.800 - INFO - CDS - contig=contig_4, start=109350, stop=109805, strand=-, frame=2, truncated=no, start-type=GTG, RBS-motif=GGAGG
13:33:04.800 - INFO - CDS - contig=contig_4, start=110103, stop=111035, strand=+, frame=3, truncated=no, start-type=ATG, RBS-motif=AGGAG
13:33:04.800 - INFO - CDS - contig=contig_4, start=111043, stop=112050, strand=+, frame=1, truncated=no, start-type=ATG, RBS-motif=GGAG/GAGG
13:33:04.800 - INFO - CDS - contig=contig_4, start=112047, stop=114359, strand=+, frame=3, truncated=no, start-type=ATG, RBS-motif=AGxAGG/AGGxGG
13:33:04.800 - INFO - CDS - contig=contig_4, start=114450, stop=116312, strand=-, frame=2, truncated=no, start-type=ATG, RBS-motif=GGAG/GAGG
13:33:04.800 - INFO - CDS - contig=contig_4, start=116424, stop=117005, strand=-, frame=2, truncated=no, start-type=GTG, RBS-motif=AGGAGG
13:33:04.801 - INFO - CDS - contig=contig_4, start=117002, stop=117778, strand=-, frame=3, truncated=no, start-type=ATG, RBS-motif=AGGAG/GGAGG
13:33:04.801 - INFO - CDS - contig=contig_4, start=117753, stop=118835, strand=-, frame=2, truncated=no, start-type=ATG, RBS-motif=GGAG/GAGG
13:33:04.801 - INFO - CDS - contig=contig_4, start=118864, stop=119538, strand=-, frame=1, truncated=no, start-type=TTG, RBS-motif=None
13:33:04.801 - INFO - CDS - contig=contig_4, start=119662, stop=119997, strand=+, frame=1, truncated=no, start-type=ATG, RBS-motif=AGGAGG
13:33:04.801 - INFO - CDS - contig=contig_4, start=120068, stop=120598, strand=-, frame=3, truncated=no, start-type=TTG, RBS-motif=GGAG/GAGG
13:33:04.801 - INFO - CDS - contig=contig_4, start=120695, stop=121129, strand=-, frame=3, truncated=no, start-type=ATG, RBS-motif=GGA/GAG/AGG
13:33:04.801 - INFO - CDS - contig=contig_4, start=121440, stop=122459, strand=+, frame=3, truncated=no, start-type=ATG, RBS-motif=AGGAG
13:33:04.801 - INFO - CDS - contig=contig_4, start=122456, stop=123322, strand=+, frame=2, truncated=no, start-type=ATG, RBS-motif=GGAG/GAGG
13:33:04.801 - INFO - CDS - contig=contig_4, start=123494, stop=123829, strand=-, frame=3, truncated=no, start-type=ATG, RBS-motif=GGAGG
13:33:04.801 - INFO - CDS - contig=contig_4, start=123843, stop=124856, strand=-, frame=2, truncated=no, start-type=TTG, RBS-motif=GGAGG
13:33:04.801 - INFO - CDS - contig=contig_4, start=124937, stop=125251, strand=-, frame=3, truncated=no, start-type=ATG, RBS-motif=AGxAGG/AGGxGG
13:33:04.801 - INFO - CDS - contig=contig_4, start=125484, stop=128054, strand=-, frame=2, truncated=no, start-type=ATG, RBS-motif=AGGAG
13:33:04.801 - INFO - CDS - contig=contig_4, start=128255, stop=129469, strand=+, frame=2, truncated=no, start-type=ATG, RBS-motif=GGAGG
13:33:04.801 - INFO - CDS - contig=contig_4, start=129648, stop=131060, strand=+, frame=3, truncated=no, start-type=ATG, RBS-motif=GGAGG
13:33:04.801 - INFO - CDS - contig=contig_4, start=131137, stop=132336, strand=+, frame=1, truncated=no, start-type=ATG, RBS-motif=AGGAG
13:33:04.801 - INFO - CDS - contig=contig_4, start=132451, stop=133392, strand=+, frame=1, truncated=no, start-type=ATG, RBS-motif=AGGAGG
13:33:04.801 - INFO - CDS - contig=contig_4, start=133589, stop=134947, strand=+, frame=2, truncated=no, start-type=ATG, RBS-motif=GGAG/GAGG
13:33:04.802 - INFO - CDS - contig=contig_4, start=134940, stop=135518, strand=+, frame=3, truncated=no, start-type=ATG, RBS-motif=GGAGG
13:33:04.802 - INFO - CDS - contig=contig_4, start=135493, stop=136143, strand=+, frame=1, truncated=no, start-type=ATG, RBS-motif=GGA/GAG/AGG
13:33:04.802 - INFO - CDS - contig=contig_4, start=136453, stop=137346, strand=+, frame=1, truncated=no, start-type=ATG, RBS-motif=GGAG/GAGG
13:33:04.802 - INFO - CDS - contig=contig_4, start=137455, stop=138327, strand=+, frame=1, truncated=no, start-type=ATG, RBS-motif=AGxAGG/AGGxGG
13:33:04.802 - INFO - CDS - contig=contig_4, start=138335, stop=139201, strand=+, frame=2, truncated=no, start-type=ATG, RBS-motif=AGxAGG/AGGxGG
13:33:04.802 - INFO - CDS - contig=contig_4, start=139212, stop=139970, strand=+, frame=3, truncated=no, start-type=ATG, RBS-motif=AGGAGG
13:33:04.802 - INFO - CDS - contig=contig_4, start=139981, stop=140625, strand=+, frame=1, truncated=no, start-type=ATG, RBS-motif=AGGAGG
13:33:04.802 - INFO - CDS - contig=contig_4, start=140674, stop=141342, strand=+, frame=1, truncated=no, start-type=ATG, RBS-motif=GGA/GAG/AGG
13:33:04.802 - INFO - CDS - contig=contig_4, start=141422, stop=143146, strand=+, frame=2, truncated=no, start-type=ATG, RBS-motif=GGAGG
13:33:04.802 - INFO - CDS - contig=contig_4, start=143286, stop=144908, strand=-, frame=2, truncated=no, start-type=ATG, RBS-motif=AGGAGG
13:33:04.802 - INFO - CDS - contig=contig_4, start=144989, stop=157366, strand=-, frame=3, truncated=no, start-type=ATG, RBS-motif=AGGAGG
13:33:04.802 - INFO - CDS - contig=contig_4, start=157392, stop=157634, strand=-, frame=2, truncated=no, start-type=GTG, RBS-motif=AGGAGG
13:33:04.802 - INFO - CDS - contig=contig_4, start=157765, stop=160227, strand=-, frame=1, truncated=no, start-type=ATG, RBS-motif=AGxAGG/AGGxGG
13:33:04.803 - INFO - CDS - contig=contig_4, start=160428, stop=161141, strand=-, frame=2, truncated=no, start-type=GTG, RBS-motif=AGGAG
13:33:04.803 - INFO - CDS - contig=contig_4, start=162667, stop=163671, strand=+, frame=1, truncated=no, start-type=ATG, RBS-motif=AGGAG
13:33:04.803 - INFO - CDS - contig=contig_4, start=163683, stop=164705, strand=+, frame=3, truncated=no, start-type=ATG, RBS-motif=None
13:33:04.803 - INFO - CDS - contig=contig_4, start=164708, stop=165505, strand=+, frame=2, truncated=no, start-type=ATG, RBS-motif=GGAGG
13:33:04.803 - INFO - CDS - contig=contig_4, start=165507, stop=166289, strand=+, frame=3, truncated=no, start-type=ATG, RBS-motif=GGAGG
13:33:04.803 - INFO - CDS - contig=contig_4, start=166276, stop=167541, strand=+, frame=1, truncated=no, start-type=ATG, RBS-motif=GGAGG
13:33:04.803 - INFO - CDS - contig=contig_4, start=167538, stop=168686, strand=+, frame=3, truncated=no, start-type=ATG, RBS-motif=AGGAG
13:33:04.803 - INFO - CDS - contig=contig_4, start=169066, stop=169626, strand=+, frame=1, truncated=no, start-type=ATG, RBS-motif=GGAGG
13:33:04.803 - INFO - CDS - contig=contig_4, start=170192, stop=171757, strand=-, frame=3, truncated=no, start-type=ATG, RBS-motif=AGGA
13:33:04.803 - INFO - CDS - contig=contig_4, start=172063, stop=172392, strand=+, frame=1, truncated=no, start-type=ATG, RBS-motif=AGGAG
13:33:04.803 - INFO - CDS - contig=contig_4, start=172927, stop=173856, strand=+, frame=1, truncated=no, start-type=ATG, RBS-motif=AGxAGG/AGGxGG
13:33:04.803 - INFO - CDS - contig=contig_4, start=174011, stop=175681, strand=-, frame=3, truncated=no, start-type=ATG, RBS-motif=GGAGG
13:33:04.803 - INFO - CDS - contig=contig_4, start=175821, stop=176345, strand=-, frame=2, truncated=no, start-type=ATG, RBS-motif=GGAGG
13:33:04.803 - INFO - CDS - contig=contig_4, start=176484, stop=177164, strand=+, frame=3, truncated=no, start-type=TTG, RBS-motif=GGAGG
13:33:04.803 - INFO - CDS - contig=contig_4, start=177164, stop=178570, strand=+, frame=2, truncated=no, start-type=ATG, RBS-motif=AGGAGG
13:33:04.803 - INFO - CDS - contig=contig_4, start=178629, stop=179330, strand=+, frame=3, truncated=no, start-type=ATG, RBS-motif=GGA/GAG/AGG
13:33:04.804 - INFO - CDS - contig=contig_4, start=179448, stop=181058, strand=-, frame=2, truncated=no, start-type=ATG, RBS-motif=GGAGG
13:33:04.804 - INFO - CDS - contig=contig_4, start=181293, stop=181748, strand=+, frame=3, truncated=no, start-type=ATG, RBS-motif=AGGAGG
13:33:04.804 - INFO - CDS - contig=contig_4, start=181776, stop=182606, strand=+, frame=3, truncated=no, start-type=ATG, RBS-motif=AGxAGG/AGGxGG
13:33:04.804 - INFO - CDS - contig=contig_4, start=183016, stop=183318, strand=-, frame=1, truncated=no, start-type=ATG, RBS-motif=AGGAGG
13:33:04.804 - INFO - CDS - contig=contig_4, start=183406, stop=184713, strand=-, frame=1, truncated=no, start-type=ATG, RBS-motif=AGGAG
13:33:04.804 - INFO - CDS - contig=contig_4, start=184717, stop=186168, strand=-, frame=1, truncated=no, start-type=ATG, RBS-motif=AGGA/GGAG/GAGG
13:33:04.804 - INFO - CDS - contig=contig_4, start=186200, stop=188317, strand=-, frame=3, truncated=no, start-type=ATG, RBS-motif=GGAGG
13:33:04.804 - INFO - CDS - contig=contig_4, start=188384, stop=189508, strand=-, frame=3, truncated=no, start-type=GTG, RBS-motif=AGGAGG
13:33:04.804 - INFO - CDS - contig=contig_4, start=189538, stop=190878, strand=-, frame=1, truncated=no, start-type=TTG, RBS-motif=GGAGG
13:33:04.804 - INFO - CDS - contig=contig_4, start=191194, stop=192642, strand=-, frame=1, truncated=no, start-type=ATG, RBS-motif=GGAGG
13:33:04.804 - INFO - CDS - contig=contig_4, start=192697, stop=193011, strand=-, frame=1, truncated=no, start-type=ATG, RBS-motif=GGAG/GAGG
13:33:04.804 - INFO - CDS - contig=contig_4, start=193156, stop=194400, strand=-, frame=1, truncated=no, start-type=ATG, RBS-motif=AGGAG
13:33:04.804 - INFO - CDS - contig=contig_4, start=194473, stop=195351, strand=-, frame=1, truncated=no, start-type=ATG, RBS-motif=AGxAGG/AGGxGG
13:33:04.804 - INFO - CDS - contig=contig_4, start=195365, stop=196240, strand=-, frame=3, truncated=no, start-type=ATG, RBS-motif=AGGAGG
13:33:04.804 - INFO - CDS - contig=contig_4, start=196259, stop=196975, strand=-, frame=3, truncated=no, start-type=TTG, RBS-motif=AGxAGG/AGGxGG
13:33:04.804 - INFO - CDS - contig=contig_4, start=196962, stop=197723, strand=-, frame=2, truncated=no, start-type=TTG, RBS-motif=AGGAGG
13:33:04.804 - INFO - CDS - contig=contig_4, start=197841, stop=199241, strand=-, frame=2, truncated=no, start-type=TTG, RBS-motif=AGGA/GGAG/GAGG
13:33:04.804 - INFO - CDS - contig=contig_4, start=199228, stop=199905, strand=-, frame=1, truncated=no, start-type=ATG, RBS-motif=GGAGG
13:33:04.805 - INFO - CDS - contig=contig_4, start=200258, stop=201223, strand=+, frame=2, truncated=no, start-type=ATG, RBS-motif=GGAG/GAGG
13:33:04.805 - INFO - CDS - contig=contig_4, start=201254, stop=201865, strand=+, frame=2, truncated=no, start-type=ATG, RBS-motif=GGAGG
13:33:04.805 - INFO - CDS - contig=contig_4, start=201858, stop=202265, strand=+, frame=3, truncated=no, start-type=ATG, RBS-motif=AGGAGG
13:33:04.805 - INFO - CDS - contig=contig_4, start=202332, stop=203225, strand=+, frame=3, truncated=no, start-type=ATG, RBS-motif=AGxAGG/AGGxGG
13:33:04.805 - INFO - CDS - contig=contig_4, start=203236, stop=204081, strand=+, frame=1, truncated=no, start-type=ATG, RBS-motif=GGAG/GAGG
13:33:04.805 - INFO - CDS - contig=contig_4, start=204146, stop=205471, strand=+, frame=2, truncated=no, start-type=ATG, RBS-motif=AGGAGG
13:33:04.805 - INFO - CDS - contig=contig_4, start=205550, stop=207052, strand=+, frame=2, truncated=no, start-type=ATG, RBS-motif=4Base/6BMM
13:33:04.805 - INFO - CDS - contig=contig_4, start=207114, stop=208016, strand=+, frame=3, truncated=no, start-type=ATG, RBS-motif=AGxAGG/AGGxGG
13:33:04.805 - INFO - CDS - contig=contig_4, start=208140, stop=209147, strand=+, frame=3, truncated=no, start-type=ATG, RBS-motif=GGAG/GAGG
13:33:04.805 - INFO - CDS - contig=contig_4, start=209241, stop=209471, strand=-, frame=2, truncated=no, start-type=ATG, RBS-motif=GGA/GAG/AGG
13:33:04.805 - INFO - CDS - contig=contig_4, start=209515, stop=210690, strand=-, frame=1, truncated=no, start-type=ATG, RBS-motif=GGAGG
13:33:04.805 - INFO - CDS - contig=contig_4, start=211214, stop=212689, strand=+, frame=2, truncated=no, start-type=ATG, RBS-motif=AGGAGG
13:33:04.805 - INFO - CDS - contig=contig_4, start=212686, stop=213264, strand=+, frame=1, truncated=no, start-type=ATG, RBS-motif=AGGAG
13:33:04.805 - INFO - CDS - contig=contig_4, start=213257, stop=214270, strand=+, frame=2, truncated=no, start-type=ATG, RBS-motif=GGAGG
13:33:04.805 - INFO - CDS - contig=contig_4, start=214273, stop=215067, strand=+, frame=1, truncated=no, start-type=ATG, RBS-motif=GGAGG
13:33:04.805 - INFO - CDS - contig=contig_4, start=215064, stop=215669, strand=+, frame=3, truncated=no, start-type=ATG, RBS-motif=GGAGG
13:33:04.805 - INFO - CDS - contig=contig_4, start=215674, stop=216858, strand=+, frame=1, truncated=no, start-type=ATG, RBS-motif=GGAG/GAGG
13:33:04.806 - INFO - CDS - contig=contig_4, start=216855, stop=217661, strand=+, frame=3, truncated=no, start-type=ATG, RBS-motif=GGAGG
13:33:04.806 - INFO - CDS - contig=contig_4, start=217888, stop=218133, strand=+, frame=1, truncated=no, start-type=GTG, RBS-motif=GGAGG
13:33:04.806 - INFO - CDS - contig=contig_4, start=218299, stop=222267, strand=+, frame=1, truncated=no, start-type=TTG, RBS-motif=None
13:33:04.806 - INFO - CDS - contig=contig_4, start=222346, stop=222765, strand=-, frame=1, truncated=no, start-type=ATG, RBS-motif=AGGAG
13:33:04.806 - INFO - CDS - contig=contig_4, start=222783, stop=223205, strand=-, frame=2, truncated=no, start-type=ATG, RBS-motif=GGxGG
13:33:04.806 - INFO - CDS - contig=contig_4, start=223202, stop=224224, strand=-, frame=3, truncated=no, start-type=ATG, RBS-motif=GGAGG
13:33:04.806 - INFO - CDS - contig=contig_4, start=224226, stop=225785, strand=-, frame=2, truncated=no, start-type=ATG, RBS-motif=AGGAG
13:33:04.806 - INFO - CDS - contig=contig_4, start=225799, stop=226416, strand=-, frame=1, truncated=no, start-type=ATG, RBS-motif=GGAGG
13:33:04.806 - INFO - CDS - contig=contig_4, start=226742, stop=228238, strand=-, frame=3, truncated=no, start-type=ATG, RBS-motif=AGxAGG/AGGxGG
13:33:04.806 - INFO - CDS - contig=contig_4, start=228240, stop=228683, strand=-, frame=2, truncated=no, start-type=ATG, RBS-motif=AGGAGG
13:33:04.806 - INFO - CDS - contig=contig_4, start=229030, stop=229644, strand=-, frame=1, truncated=no, start-type=ATG, RBS-motif=GGAG/GAGG
13:33:04.806 - INFO - CDS - contig=contig_4, start=229977, stop=230672, strand=+, frame=3, truncated=no, start-type=ATG, RBS-motif=GGAG/GAGG
13:33:04.806 - INFO - CDS - contig=contig_4, start=146, stop=1486, strand=+, nt=[ATGCTGCTGG..CGCCTATTGA]
13:33:04.806 - INFO - CDS - contig=contig_4, start=1778, stop=4777, strand=+, nt=[ATGAGCGATA..CAGGGAATAA]
13:33:04.806 - INFO - CDS - contig=contig_4, start=5265, stop=7436, strand=-, nt=[ATGAAAAACG..ACATGGTTGA]
13:33:04.806 - INFO - CDS - contig=contig_4, start=7467, stop=10499, strand=-, nt=[GTGGACTGCT..ATTTGAATAG]
13:33:04.806 - INFO - CDS - contig=contig_4, start=10501, stop=11844, strand=-, nt=[ATGAAAATAA..GGAGGCCTGA]
13:33:04.807 - INFO - CDS - contig=contig_4, start=11841, stop=13343, strand=-, nt=[ATGGAAAGGC..TGAGCTATGA]
13:33:04.807 - INFO - CDS - contig=contig_4, start=13348, stop=14145, strand=-, nt=[GTGCATCTCC..AAAGGGGTGA]
13:33:04.807 - INFO - CDS - contig=contig_4, start=14175, stop=15053, strand=-, nt=[TTGAGCGGAA..GGAGCTGTGA]
13:33:04.807 - INFO - CDS - contig=contig_4, start=15118, stop=16410, strand=-, nt=[ATGAAAAAGT..AGCCGGCTGA]
13:33:04.807 - INFO - CDS - contig=contig_4, start=16491, stop=17585, strand=-, nt=[ATGAACTGCA..TCAAGCATAG]
13:33:04.807 - INFO - CDS - contig=contig_4, start=17560, stop=19374, strand=-, nt=[ATGAACTGCG..TGATAATTGA]
13:33:04.807 - INFO - CDS - contig=contig_4, start=19853, stop=20071, strand=+, nt=[ATGAGCATGG..TGGAGAATAA]
13:33:04.807 - INFO - CDS - contig=contig_4, start=20061, stop=20306, strand=+, nt=[ATGGAGAATA..AGATACATAA]
13:33:04.807 - INFO - CDS - contig=contig_4, start=20373, stop=21392, strand=-, nt=[ATGGATAAGA..GCTGGACTAA]
13:33:04.807 - INFO - CDS - contig=contig_4, start=21432, stop=22316, strand=-, nt=[ATGAAACTGG..CTATTCATAA]
13:33:04.807 - INFO - CDS - contig=contig_4, start=22353, stop=23318, strand=-, nt=[ATGACAGAGC..GGAACGGTAA]
13:33:04.807 - INFO - CDS - contig=contig_4, start=23305, stop=24276, strand=-, nt=[GTGAAACTCA..CAGAGCGTAA]
13:33:04.807 - INFO - CDS - contig=contig_4, start=24273, stop=25790, strand=-, nt=[TTGAGCGAGC..CGCAACGTGA]
13:33:04.807 - INFO - CDS - contig=contig_4, start=25893, stop=26987, strand=-, nt=[ATGAAAAGTA..CCTGGGCTGA]
13:33:04.807 - INFO - CDS - contig=contig_4, start=27217, stop=28089, strand=+, nt=[ATGGACGGGA..CCTGGACTGA]
13:33:04.807 - INFO - CDS - contig=contig_4, start=28321, stop=29316, strand=+, nt=[GTGAAGATCA..GCCGGCATAA]
13:33:04.807 - INFO - CDS - contig=contig_4, start=29355, stop=30446, strand=-, nt=[TTGGCCCGAC..GAAGGACTGA]
13:33:04.807 - INFO - CDS - contig=contig_4, start=30625, stop=31239, strand=-, nt=[ATGGAACTGA..CTTAAAATAA]
13:33:04.807 - INFO - CDS - contig=contig_4, start=31230, stop=31586, strand=-, nt=[ATGATCCTCA..ATGGAACTGA]
13:33:04.807 - INFO - CDS - contig=contig_4, start=31583, stop=32386, strand=-, nt=[ATGCGGTATC..GTTTGGATGA]
13:33:04.807 - INFO - CDS - contig=contig_4, start=32347, stop=32865, strand=-, nt=[ATGCTGATCC..AGCGGTGTGA]
13:33:04.807 - INFO - CDS - contig=contig_4, start=32859, stop=33932, strand=-, nt=[ATGACCGTAC..CGAATGCTGA]
13:33:04.807 - INFO - CDS - contig=contig_4, start=33929, stop=34963, strand=-, nt=[GTGACGGCGG..AAAACAATGA]
13:33:04.807 - INFO - CDS - contig=contig_4, start=34960, stop=35628, strand=-, nt=[ATGTCCCATA..TCAGCTGTGA]
13:33:04.807 - INFO - CDS - contig=contig_4, start=35757, stop=36347, strand=-, nt=[ATGAATCTAG..ATTCTGGTGA]
13:33:04.807 - INFO - CDS - contig=contig_4, start=36691, stop=36783, strand=-, nt=[ATGGACCGTG..TGGGCGGTAG]
13:33:04.808 - INFO - CDS - contig=contig_4, start=37414, stop=38715, strand=-, nt=[ATGCTTGCTC..GCCGCTCTGA]
13:33:04.808 - INFO - CDS - contig=contig_4, start=38885, stop=39775, strand=+, nt=[ATGAAACTTT..CCAAACCTAG]
13:33:04.808 - INFO - CDS - contig=contig_4, start=40064, stop=41338, strand=+, nt=[ATGTCCGAGA..GGCGGACTGA]
13:33:04.808 - INFO - CDS - contig=contig_4, start=41377, stop=42237, strand=+, nt=[ATGAACAGAC..GAGAGTTTGA]
13:33:04.808 - INFO - CDS - contig=contig_4, start=42240, stop=43088, strand=+, nt=[ATGAGATCAT..GTCCGTATGA]
13:33:04.808 - INFO - CDS - contig=contig_4, start=43085, stop=44323, strand=+, nt=[ATGAAGAGCA..ATGTATATGA]
13:33:04.808 - INFO - CDS - contig=contig_4, start=44314, stop=45174, strand=+, nt=[ATGTATATGA..TGCCGTGTAG]
13:33:04.808 - INFO - CDS - contig=contig_4, start=45901, stop=46851, strand=+, nt=[ATGGACCGGA..GGATCTCTGA]
13:33:04.808 - INFO - CDS - contig=contig_4, start=46928, stop=47950, strand=+, nt=[ATGGAGAAGC..GCCGTCTTGA]
13:33:04.808 - INFO - CDS - contig=contig_4, start=48093, stop=49205, strand=+, nt=[ATGAAAAAGC..GGCCTCCTGA]
13:33:04.808 - INFO - CDS - contig=contig_4, start=49290, stop=50141, strand=+, nt=[ATGACGAAAT..GCGGCTATGA]
13:33:04.808 - INFO - CDS - contig=contig_4, start=50138, stop=50923, strand=+, nt=[ATGAAAAAAC..TCTGCTATGA]
13:33:04.808 - INFO - CDS - contig=contig_4, start=50920, stop=51459, strand=+, nt=[ATGAGCGGGG..CAATGGCTGA]
13:33:04.808 - INFO - CDS - contig=contig_4, start=51452, stop=52483, strand=+, nt=[ATGGCTGATT..CGCTTTGTAA]
13:33:04.808 - INFO - CDS - contig=contig_4, start=52550, stop=54763, strand=+, nt=[ATGTTTCAAA..CTGGTACTGA]
13:33:04.808 - INFO - CDS - contig=contig_4, start=54777, stop=55700, strand=+, nt=[ATGAAGGTAC..TTCTTTATGA]
13:33:04.808 - INFO - CDS - contig=contig_4, start=55697, stop=56092, strand=+, nt=[ATGAAAAAAG..CACCTTTTAG]
13:33:04.808 - INFO - CDS - contig=contig_4, start=56555, stop=57685, strand=+, nt=[ATGAACGAAA..GATCTCCTGA]
13:33:04.808 - INFO - CDS - contig=contig_4, start=57774, stop=58937, strand=-, nt=[ATGAGAAGGG..GGGCGGCTGA]
13:33:04.808 - INFO - CDS - contig=contig_4, start=58947, stop=60134, strand=-, nt=[ATGAAACGAC..CGAATTGTGA]
13:33:04.808 - INFO - CDS - contig=contig_4, start=60370, stop=60981, strand=+, nt=[ATGGCGGTCA..CAAAAAGTAA]
13:33:04.808 - INFO - CDS - contig=contig_4, start=61034, stop=61729, strand=+, nt=[ATGGCCGAAA..GAACGGCTGA]
13:33:04.808 - INFO - CDS - contig=contig_4, start=61815, stop=62312, strand=+, nt=[ATGGACATCA..CGAACGATAA]
13:33:04.808 - INFO - CDS - contig=contig_4, start=62325, stop=63833, strand=+, nt=[ATGACCCGCA..GAGTGCCTGA]
13:33:04.808 - INFO - CDS - contig=contig_4, start=64246, stop=64959, strand=+, nt=[ATGAACCTGA..TACAAAATAG]
13:33:04.808 - INFO - CDS - contig=contig_4, start=65048, stop=66451, strand=+, nt=[TTGGTCTTTT..TCGCTTCTGA]
13:33:04.808 - INFO - CDS - contig=contig_4, start=66537, stop=67667, strand=+, nt=[ATGACGAAAC..GGGCCGGTGA]
13:33:04.808 - INFO - CDS - contig=contig_4, start=67810, stop=67920, strand=+, nt=[ATGCAGGAGC..CGACCGTTGA]
13:33:04.808 - INFO - CDS - contig=contig_4, start=68013, stop=69155, strand=+, nt=[ATGGAAATGA..GGAAAAGTAA]
13:33:04.808 - INFO - CDS - contig=contig_4, start=69289, stop=70416, strand=-, nt=[ATGGAGCAGA..TACGATTTAG]
13:33:04.808 - INFO - CDS - contig=contig_4, start=70785, stop=71600, strand=+, nt=[TTGAAATTTT..CTACGACTAA]
13:33:04.809 - INFO - CDS - contig=contig_4, start=71657, stop=72751, strand=+, nt=[GTGAAAAAAC..TAACATGTAA]
13:33:04.809 - INFO - CDS - contig=contig_4, start=72851, stop=74350, strand=+, nt=[ATGGAGAAAA..CCTGGCGTGA]
13:33:04.809 - INFO - CDS - contig=contig_4, start=74370, stop=75335, strand=+, nt=[ATGAATACAA..CAAGAAGTAA]
13:33:04.809 - INFO - CDS - contig=contig_4, start=75349, stop=76125, strand=+, nt=[ATGGGTATCA..TTGTATCTGA]
13:33:04.809 - INFO - CDS - contig=contig_4, start=76161, stop=77249, strand=+, nt=[ATGGAAGCAA..CCGCTTCTGA]
13:33:04.809 - INFO - CDS - contig=contig_4, start=77264, stop=78787, strand=+, nt=[ATGAAATACC..ACTGTCCTGA]
13:33:04.809 - INFO - CDS - contig=contig_4, start=79199, stop=81037, strand=-, nt=[GTGAAAAAGC..ACCCCGATAA]
13:33:04.809 - INFO - CDS - contig=contig_4, start=81066, stop=82826, strand=-, nt=[ATGGACTGTA..AGAGAGCTAA]
13:33:04.809 - INFO - CDS - contig=contig_4, start=82839, stop=84029, strand=-, nt=[ATGAAATTTC..GGGATGCTGA]
13:33:04.809 - INFO - CDS - contig=contig_4, start=84043, stop=84378, strand=-, nt=[ATGGAAAAAC..TACGGAATGA]
13:33:04.809 - INFO - CDS - contig=contig_4, start=84673, stop=86019, strand=+, nt=[ATGGACCGGA..TAGGCTTTGA]
13:33:04.809 - INFO - CDS - contig=contig_4, start=86692, stop=91146, strand=-, nt=[ATGAAAAAAC..AACCAAATAA]
13:33:04.809 - INFO - CDS - contig=contig_4, start=91168, stop=91413, strand=-, nt=[ATGCGCGTTC..TCAAAAATAA]
13:33:04.809 - INFO - CDS - contig=contig_4, start=91532, stop=91879, strand=+, nt=[ATGGAACTTG..AGCGAAATAA]
13:33:04.809 - INFO - CDS - contig=contig_4, start=92087, stop=93715, strand=-, nt=[ATGGCTAAGA..CATGTACTAA]
13:33:04.809 - INFO - CDS - contig=contig_4, start=93974, stop=94258, strand=-, nt=[ATGAAGCTCA..CGTGGAGTAA]
13:33:04.809 - INFO - CDS - contig=contig_4, start=94474, stop=95418, strand=-, nt=[ATGAAGCACC..AACGAGATAA]
13:33:04.809 - INFO - CDS - contig=contig_4, start=95445, stop=96698, strand=-, nt=[ATGAAGCATC..GAGTCCCTGA]
13:33:04.809 - INFO - CDS - contig=contig_4, start=96715, stop=97836, strand=-, nt=[ATGAAAGAAA..TGGAAGATAA]
13:33:04.809 - INFO - CDS - contig=contig_4, start=97989, stop=98450, strand=+, nt=[GTGCCGGTTC..GCAGGTTTAA]
13:33:04.809 - INFO - CDS - contig=contig_4, start=98466, stop=99410, strand=+, nt=[ATGCCGCCGA..ATCCAGGTAA]
13:33:04.809 - INFO - CDS - contig=contig_4, start=99688, stop=101007, strand=-, nt=[ATGCGCTATC..GGAAAAATGA]
13:33:04.809 - INFO - CDS - contig=contig_4, start=101119, stop=102039, strand=-, nt=[TTGGATACCA..AGAACGATAA]
13:33:04.809 - INFO - CDS - contig=contig_4, start=102044, stop=102898, strand=-, nt=[ATGGACGTCT..CGAGGTGTAG]
13:33:04.809 - INFO - CDS - contig=contig_4, start=102939, stop=103889, strand=-, nt=[TTGGATTACA..GGATGGCTAA]
13:33:04.809 - INFO - CDS - contig=contig_4, start=103892, stop=104245, strand=-, nt=[ATGGCAAGTA..AGGGAATTGA]
13:33:04.809 - INFO - CDS - contig=contig_4, start=104671, stop=107073, strand=-, nt=[TTGCTGAACA..CGAGGTGTAG]
13:33:04.810 - INFO - CDS - contig=contig_4, start=107189, stop=107791, strand=-, nt=[ATGGATAGTG..GACGCCATGA]
13:33:04.810 - INFO - CDS - contig=contig_4, start=107784, stop=108056, strand=-, nt=[GTGCCCAAGA..AGATGGATAG]
13:33:04.810 - INFO - CDS - contig=contig_4, start=108170, stop=109318, strand=-, nt=[ATGCCGAAGA..TGAGGCGTAA]
13:33:04.810 - INFO - CDS - contig=contig_4, start=109350, stop=109805, strand=-, nt=[GTGGCGAAAG..GCGGTTCTGA]
13:33:04.810 - INFO - CDS - contig=contig_4, start=110103, stop=111035, strand=+, nt=[ATGGAAGGCA..CGTCAAGTGA]
13:33:04.810 - INFO - CDS - contig=contig_4, start=111043, stop=112050, strand=+, nt=[ATGCTGCACC..AGCGGTATGA]
13:33:04.810 - INFO - CDS - contig=contig_4, start=112047, stop=114359, strand=+, nt=[ATGAGGCGTC..CGGGCTGTAG]
13:33:04.810 - INFO - CDS - contig=contig_4, start=114450, stop=116312, strand=-, nt=[ATGAGTTCCC..GACCGAATGA]
13:33:04.810 - INFO - CDS - contig=contig_4, start=116424, stop=117005, strand=-, nt=[GTGATATCGG..AAACAGATGA]
13:33:04.810 - INFO - CDS - contig=contig_4, start=117002, stop=117778, strand=-, nt=[ATGACGCCTT..GCGGGTGTGA]
13:33:04.810 - INFO - CDS - contig=contig_4, start=117753, stop=118835, strand=-, nt=[ATGAAACGGA..CGTCCCGTAA]
13:33:04.810 - INFO - CDS - contig=contig_4, start=118864, stop=119538, strand=-, nt=[TTGAGACAGA..CGGGCTGTGA]
13:33:04.810 - INFO - CDS - contig=contig_4, start=119662, stop=119997, strand=+, nt=[ATGGTGAAAC..CCGGGGCTGA]
13:33:04.810 - INFO - CDS - contig=contig_4, start=120068, stop=120598, strand=-, nt=[TTGGCAAAGG..CGAATTTTAA]
13:33:04.810 - INFO - CDS - contig=contig_4, start=120695, stop=121129, strand=-, nt=[ATGAAAATTT..GCGGTTGTAA]
13:33:04.810 - INFO - CDS - contig=contig_4, start=121440, stop=122459, strand=+, nt=[ATGGTTGTCA..AACGGTATGA]
13:33:04.810 - INFO - CDS - contig=contig_4, start=122456, stop=123322, strand=+, nt=[ATGAAACACA..TCCGCTGTAG]
13:33:04.810 - INFO - CDS - contig=contig_4, start=123494, stop=123829, strand=-, nt=[ATGGGACTGT..GAGAATGTGA]
13:33:04.810 - INFO - CDS - contig=contig_4, start=123843, stop=124856, strand=-, nt=[TTGCAGGTTT..ACTGATTTAA]
13:33:04.810 - INFO - CDS - contig=contig_4, start=124937, stop=125251, strand=-, nt=[ATGGTGACAG..TTGCCGATAG]
13:33:04.810 - INFO - CDS - contig=contig_4, start=125484, stop=128054, strand=-, nt=[ATGTTTACCC..AAAGAACTAG]
13:33:04.810 - INFO - CDS - contig=contig_4, start=128255, stop=129469, strand=+, nt=[ATGAAAGACC..CACGGTTTAG]
13:33:04.810 - INFO - CDS - contig=contig_4, start=129648, stop=131060, strand=+, nt=[ATGGATTACG..CATCAAATAA]
13:33:04.810 - INFO - CDS - contig=contig_4, start=131137, stop=132336, strand=+, nt=[ATGGATGCCA..CAACAAGTAA]
13:33:04.810 - INFO - CDS - contig=contig_4, start=132451, stop=133392, strand=+, nt=[ATGGGCAAGC..CCGGCAGTAA]
13:33:04.810 - INFO - CDS - contig=contig_4, start=133589, stop=134947, strand=+, nt=[ATGTCGCAGA..GTATGAGTAG]
13:33:04.810 - INFO - CDS - contig=contig_4, start=134940, stop=135518, strand=+, nt=[ATGAGTAGCT..TACTTTTTGA]
13:33:04.810 - INFO - CDS - contig=contig_4, start=135493, stop=136143, strand=+, nt=[ATGAAATTTC..TGGCCTGTGA]
13:33:04.811 - INFO - CDS - contig=contig_4, start=136453, stop=137346, strand=+, nt=[ATGAAAAAGA..TGTGAAGTAA]
13:33:04.811 - INFO - CDS - contig=contig_4, start=137455, stop=138327, strand=+, nt=[ATGAAAACGA..GAAGGGGTGA]
13:33:04.811 - INFO - CDS - contig=contig_4, start=138335, stop=139201, strand=+, nt=[ATGGAAAGGA..GAAAAAGTAA]
13:33:04.811 - INFO - CDS - contig=contig_4, start=139212, stop=139970, strand=+, nt=[ATGGACGATA..GTTCGGATAA]
13:33:04.811 - INFO - CDS - contig=contig_4, start=139981, stop=140625, strand=+, nt=[ATGAGAAAGA..GGTCGGATAA]
13:33:04.811 - INFO - CDS - contig=contig_4, start=140674, stop=141342, strand=+, nt=[ATGCCCAAAG..AATGAGCTGA]
13:33:04.811 - INFO - CDS - contig=contig_4, start=141422, stop=143146, strand=+, nt=[ATGAAAAAAC..TGCAGAATAG]
13:33:04.811 - INFO - CDS - contig=contig_4, start=143286, stop=144908, strand=-, nt=[ATGAGACGGC..GGAGTCCTGA]
13:33:04.811 - INFO - CDS - contig=contig_4, start=144989, stop=157366, strand=-, nt=[ATGAGCGGGA..CGGCGTATGA]
13:33:04.811 - INFO - CDS - contig=contig_4, start=157392, stop=157634, strand=-, nt=[GTGGGGGCAT..GATGTTGTGA]
13:33:04.811 - INFO - CDS - contig=contig_4, start=157765, stop=160227, strand=-, nt=[ATGGAACCAC..TTTAAAATAA]
13:33:04.811 - INFO - CDS - contig=contig_4, start=160428, stop=161141, strand=-, nt=[GTGGCGATTA..TAGGGTATGA]
13:33:04.811 - INFO - CDS - contig=contig_4, start=162667, stop=163671, strand=+, nt=[ATGAAACGTG..CTTCGCGTAA]
13:33:04.811 - INFO - CDS - contig=contig_4, start=163683, stop=164705, strand=+, nt=[ATGGAACGCA..GGAGGTGTAG]
13:33:04.811 - INFO - CDS - contig=contig_4, start=164708, stop=165505, strand=+, nt=[ATGCAGCCAT..GGAGCGATGA]
13:33:04.811 - INFO - CDS - contig=contig_4, start=165507, stop=166289, strand=+, nt=[ATGTTAAAGG..GCCTGCGTGA]
13:33:04.811 - INFO - CDS - contig=contig_4, start=166276, stop=167541, strand=+, nt=[ATGCGCCTGC..CGCGCGATGA]
13:33:04.811 - INFO - CDS - contig=contig_4, start=167538, stop=168686, strand=+, nt=[ATGAACGTGT..GGATGTCTGA]
13:33:04.811 - INFO - CDS - contig=contig_4, start=169066, stop=169626, strand=+, nt=[ATGGACTGCC..CGCGCCATAA]
13:33:04.811 - INFO - CDS - contig=contig_4, start=170192, stop=171757, strand=-, nt=[ATGGACCAAT..AGGGCTGTAA]
13:33:04.811 - INFO - CDS - contig=contig_4, start=172063, stop=172392, strand=+, nt=[ATGGGAAAGC..CGGCGGATAG]
13:33:04.811 - INFO - CDS - contig=contig_4, start=172927, stop=173856, strand=+, nt=[ATGAGCAAGC..GTTTGACTAA]
13:33:04.811 - INFO - CDS - contig=contig_4, start=174011, stop=175681, strand=-, nt=[ATGAACTCAG..TGTCCGCTGA]
13:33:04.811 - INFO - CDS - contig=contig_4, start=175821, stop=176345, strand=-, nt=[ATGGCCTCAC..GATGCGGTAA]
13:33:04.811 - INFO - CDS - contig=contig_4, start=176484, stop=177164, strand=+, nt=[TTGAGAAAGG..GGAACCCTGA]
13:33:04.811 - INFO - CDS - contig=contig_4, start=177164, stop=178570, strand=+, nt=[ATGGACCGCG..GTGCGCCTGA]
13:33:04.811 - INFO - CDS - contig=contig_4, start=178629, stop=179330, strand=+, nt=[ATGAGGCACA..TAATTTCTGA]
13:33:04.811 - INFO - CDS - contig=contig_4, start=179448, stop=181058, strand=-, nt=[ATGGCAAAGT..GTCCCTATGA]
13:33:04.811 - INFO - CDS - contig=contig_4, start=181293, stop=181748, strand=+, nt=[ATGGTCACAT..CGGACGGTAA]
13:33:04.812 - INFO - CDS - contig=contig_4, start=181776, stop=182606, strand=+, nt=[ATGGAATATA..GGGCAAATAG]
13:33:04.812 - INFO - CDS - contig=contig_4, start=183016, stop=183318, strand=-, nt=[ATGACACGCC..GGCCTTATAG]
13:33:04.812 - INFO - CDS - contig=contig_4, start=183406, stop=184713, strand=-, nt=[ATGGCCGACT..CGACTGGTAG]
13:33:04.812 - INFO - CDS - contig=contig_4, start=184717, stop=186168, strand=-, nt=[ATGTCACTGA..CAAGGAGTAA]
13:33:04.812 - INFO - CDS - contig=contig_4, start=186200, stop=188317, strand=-, nt=[ATGGAACAGA..ATCCATCTAA]
13:33:04.812 - INFO - CDS - contig=contig_4, start=188384, stop=189508, strand=-, nt=[GTGAGCCTGA..CCGCCTGTAA]
13:33:04.812 - INFO - CDS - contig=contig_4, start=189538, stop=190878, strand=-, nt=[TTGAGCGCAA..CATTATCTGA]
13:33:04.812 - INFO - CDS - contig=contig_4, start=191194, stop=192642, strand=-, nt=[ATGCCGAACC..GCAAAAATAA]
13:33:04.812 - INFO - CDS - contig=contig_4, start=192697, stop=193011, strand=-, nt=[ATGATCAAAC..CCGCGCTTGA]
13:33:04.812 - INFO - CDS - contig=contig_4, start=193156, stop=194400, strand=-, nt=[ATGAAACGGA..TGTGGAGTAA]
13:33:04.812 - INFO - CDS - contig=contig_4, start=194473, stop=195351, strand=-, nt=[ATGCTGTCCA..ACGCAGCTGA]
13:33:04.812 - INFO - CDS - contig=contig_4, start=195365, stop=196240, strand=-, nt=[ATGGAATCGT..GCAGCACTAA]
13:33:04.812 - INFO - CDS - contig=contig_4, start=196259, stop=196975, strand=-, nt=[TTGGAACAGA..CGGAGAATAG]
13:33:04.812 - INFO - CDS - contig=contig_4, start=196962, stop=197723, strand=-, nt=[TTGGATATCC..AACAGACTAA]
13:33:04.812 - INFO - CDS - contig=contig_4, start=197841, stop=199241, strand=-, nt=[TTGAAGCGGT..CTGTGAATAA]
13:33:04.812 - INFO - CDS - contig=contig_4, start=199228, stop=199905, strand=-, nt=[ATGCGGGGAC..AGCGGTTTGA]
13:33:04.812 - INFO - CDS - contig=contig_4, start=200258, stop=201223, strand=+, nt=[ATGGGCAAAA..CGTCTCCTAA]
13:33:04.812 - INFO - CDS - contig=contig_4, start=201254, stop=201865, strand=+, nt=[ATGGAATCCC..CCATGGTTAG]
13:33:04.812 - INFO - CDS - contig=contig_4, start=201858, stop=202265, strand=+, nt=[ATGGTTAGTA..CGTGTGCTGA]
13:33:04.812 - INFO - CDS - contig=contig_4, start=202332, stop=203225, strand=+, nt=[ATGCCTGGAA..CCGAGAATGA]
13:33:04.812 - INFO - CDS - contig=contig_4, start=203236, stop=204081, strand=+, nt=[ATGAAAAAAT..CAAGGGATGA]
13:33:04.812 - INFO - CDS - contig=contig_4, start=204146, stop=205471, strand=+, nt=[ATGAAAAAGC..CACCAAATAA]
13:33:04.812 - INFO - CDS - contig=contig_4, start=205550, stop=207052, strand=+, nt=[ATGAAACGCT..CGAAGATTGA]
13:33:04.812 - INFO - CDS - contig=contig_4, start=207114, stop=208016, strand=+, nt=[ATGAAAACGG..GGCGCTGTAG]
13:33:04.812 - INFO - CDS - contig=contig_4, start=208140, stop=209147, strand=+, nt=[ATGTCAATCA..CGGTCTGTGA]
13:33:04.812 - INFO - CDS - contig=contig_4, start=209241, stop=209471, strand=-, nt=[ATGGATCATA..CCAGCGCTGA]
13:33:04.812 - INFO - CDS - contig=contig_4, start=209515, stop=210690, strand=-, nt=[ATGGATTATG..CCGCATCTGA]
13:33:04.812 - INFO - CDS - contig=contig_4, start=211214, stop=212689, strand=+, nt=[ATGTATTATC..AGACCTATGA]
13:33:04.813 - INFO - CDS - contig=contig_4, start=212686, stop=213264, strand=+, nt=[ATGATCCTGC..TCATGATTAA]
13:33:04.813 - INFO - CDS - contig=contig_4, start=213257, stop=214270, strand=+, nt=[ATGATTAAAG..GGAGGGCTGA]
13:33:04.813 - INFO - CDS - contig=contig_4, start=214273, stop=215067, strand=+, nt=[ATGGCCGCCA..GGCCCGATGA]
13:33:04.813 - INFO - CDS - contig=contig_4, start=215064, stop=215669, strand=+, nt=[ATGACCCGCA..AGAGGAATGA]
13:33:04.813 - INFO - CDS - contig=contig_4, start=215674, stop=216858, strand=+, nt=[ATGTCCAAGG..CCGCGAATGA]
13:33:04.813 - INFO - CDS - contig=contig_4, start=216855, stop=217661, strand=+, nt=[ATGAGCCGAA..CCCCCCCTAA]
13:33:04.813 - INFO - CDS - contig=contig_4, start=217888, stop=218133, strand=+, nt=[GTGAAACAGA..CCTCCACTGA]
13:33:04.813 - INFO - CDS - contig=contig_4, start=218299, stop=222267, strand=+, nt=[TTGCAGGACA..GCAGGCCTGA]
13:33:04.813 - INFO - CDS - contig=contig_4, start=222346, stop=222765, strand=-, nt=[ATGCAGGGAT..AGGCGCGTAA]
13:33:04.813 - INFO - CDS - contig=contig_4, start=222783, stop=223205, strand=-, nt=[ATGAGCGAGC..CTACTGCTGA]
13:33:04.813 - INFO - CDS - contig=contig_4, start=223202, stop=224224, strand=-, nt=[ATGGCGGAGA..GGTGAAATGA]
13:33:04.813 - INFO - CDS - contig=contig_4, start=224226, stop=225785, strand=-, nt=[ATGTCCAATG..GGAGGACTGA]
13:33:04.813 - INFO - CDS - contig=contig_4, start=225799, stop=226416, strand=-, nt=[ATGAGACTGC..CCGAACATAA]
13:33:04.813 - INFO - CDS - contig=contig_4, start=226742, stop=228238, strand=-, nt=[ATGCCGCACA..GAAGCTGTGA]
13:33:04.813 - INFO - CDS - contig=contig_4, start=228240, stop=228683, strand=-, nt=[ATGGACATTT..GGTCAAATGA]
13:33:04.813 - INFO - CDS - contig=contig_4, start=229030, stop=229644, strand=-, nt=[ATGGATATCA..GGAAGACTGA]
13:33:04.813 - INFO - CDS - contig=contig_4, start=229977, stop=230672, strand=+, nt=[ATGAATTACA..GATATCATAG]
13:33:04.835 - INFO - CDS - contig=contig_5, start=811, stop=1380, strand=+, frame=1, truncated=no, start-type=ATG, RBS-motif=AGGA
13:33:04.836 - INFO - CDS - contig=contig_5, start=1393, stop=1794, strand=+, frame=1, truncated=no, start-type=ATG, RBS-motif=GGA/GAG/AGG
13:33:04.836 - INFO - CDS - contig=contig_5, start=2093, stop=3544, strand=+, frame=2, truncated=no, start-type=ATG, RBS-motif=GGAG/GAGG
13:33:04.836 - INFO - CDS - contig=contig_5, start=3579, stop=6584, strand=+, frame=3, truncated=no, start-type=TTG, RBS-motif=AGGAGG
13:33:04.836 - INFO - CDS - contig=contig_5, start=6701, stop=9031, strand=-, frame=1, truncated=no, start-type=ATG, RBS-motif=GGA/GAG/AGG
13:33:04.836 - INFO - CDS - contig=contig_5, start=9151, stop=11067, strand=-, frame=2, truncated=no, start-type=ATG, RBS-motif=AGGAGG
13:33:04.836 - INFO - CDS - contig=contig_5, start=11264, stop=12862, strand=-, frame=1, truncated=no, start-type=ATG, RBS-motif=GGAG/GAGG
13:33:04.836 - INFO - CDS - contig=contig_5, start=12859, stop=13578, strand=-, frame=2, truncated=no, start-type=ATG, RBS-motif=AGGA/GGAG/GAGG
13:33:04.836 - INFO - CDS - contig=contig_5, start=13585, stop=13905, strand=-, frame=2, truncated=no, start-type=ATG, RBS-motif=AGGAGG
13:33:04.836 - INFO - CDS - contig=contig_5, start=13886, stop=14536, strand=-, frame=1, truncated=no, start-type=ATG, RBS-motif=GGAGG
13:33:04.836 - INFO - CDS - contig=contig_5, start=15675, stop=16241, strand=+, frame=3, truncated=no, start-type=ATG, RBS-motif=AGGA
13:33:04.836 - INFO - CDS - contig=contig_5, start=16848, stop=17477, strand=+, frame=3, truncated=no, start-type=ATG, RBS-motif=GGA/GAG/AGG
13:33:04.836 - INFO - CDS - contig=contig_5, start=17456, stop=18667, strand=-, frame=1, truncated=no, start-type=GTG, RBS-motif=GGA/GAG/AGG
13:33:04.836 - INFO - CDS - contig=contig_5, start=18746, stop=19348, strand=-, frame=1, truncated=no, start-type=ATG, RBS-motif=GGAG/GAGG
13:33:04.836 - INFO - CDS - contig=contig_5, start=19431, stop=20462, strand=-, frame=3, truncated=no, start-type=ATG, RBS-motif=AGGA
13:33:04.836 - INFO - CDS - contig=contig_5, start=20459, stop=21343, strand=-, frame=1, truncated=no, start-type=ATG, RBS-motif=GGAG/GAGG
13:33:04.837 - INFO - CDS - contig=contig_5, start=21353, stop=23200, strand=-, frame=1, truncated=no, start-type=ATG, RBS-motif=GGA/GAG/AGG
13:33:04.837 - INFO - CDS - contig=contig_5, start=23226, stop=24251, strand=-, frame=3, truncated=no, start-type=ATG, RBS-motif=AGGAG
13:33:04.837 - INFO - CDS - contig=contig_5, start=24307, stop=26205, strand=-, frame=2, truncated=no, start-type=ATG, RBS-motif=GGAG/GAGG
13:33:04.837 - INFO - CDS - contig=contig_5, start=26286, stop=27128, strand=-, frame=3, truncated=no, start-type=ATG, RBS-motif=AGGA/GGAG/GAGG
13:33:04.837 - INFO - CDS - contig=contig_5, start=27153, stop=28025, strand=-, frame=3, truncated=no, start-type=GTG, RBS-motif=GGAGG
13:33:04.837 - INFO - CDS - contig=contig_5, start=28266, stop=29594, strand=-, frame=3, truncated=no, start-type=ATG, RBS-motif=GGAGG
13:33:04.837 - INFO - CDS - contig=contig_5, start=29644, stop=30633, strand=-, frame=2, truncated=no, start-type=ATG, RBS-motif=GGAG/GAGG
13:33:04.837 - INFO - CDS - contig=contig_5, start=30983, stop=31120, strand=-, frame=1, truncated=no, start-type=TTG, RBS-motif=GGA/GAG/AGG
13:33:04.837 - INFO - CDS - contig=contig_5, start=31371, stop=31907, strand=+, frame=3, truncated=no, start-type=ATG, RBS-motif=GGAGG
13:33:04.837 - INFO - CDS - contig=contig_5, start=31958, stop=32332, strand=+, frame=2, truncated=no, start-type=ATG, RBS-motif=AGGAGG
13:33:04.837 - INFO - CDS - contig=contig_5, start=32996, stop=33688, strand=-, frame=1, truncated=no, start-type=ATG, RBS-motif=AGGAGG
13:33:04.837 - INFO - CDS - contig=contig_5, start=33709, stop=34134, strand=-, frame=2, truncated=no, start-type=ATG, RBS-motif=AGGAGG
13:33:04.837 - INFO - CDS - contig=contig_5, start=34227, stop=34751, strand=-, frame=3, truncated=no, start-type=ATG, RBS-motif=GGA/GAG/AGG
13:33:04.837 - INFO - CDS - contig=contig_5, start=34760, stop=35089, strand=-, frame=1, truncated=no, start-type=ATG, RBS-motif=AGxAGG/AGGxGG
13:33:04.837 - INFO - CDS - contig=contig_5, start=35131, stop=35295, strand=-, frame=2, truncated=no, start-type=ATG, RBS-motif=AGGAGG
13:33:04.837 - INFO - CDS - contig=contig_5, start=35670, stop=36092, strand=+, frame=3, truncated=no, start-type=TTG, RBS-motif=AGGAG
13:33:04.837 - INFO - CDS - contig=contig_5, start=36125, stop=36436, strand=+, frame=2, truncated=no, start-type=ATG, RBS-motif=AGGAG
13:33:04.837 - INFO - CDS - contig=contig_5, start=36399, stop=36779, strand=-, frame=3, truncated=no, start-type=ATG, RBS-motif=None
13:33:04.838 - INFO - CDS - contig=contig_5, start=36779, stop=37147, strand=-, frame=1, truncated=no, start-type=TTG, RBS-motif=GGAGG
13:33:04.838 - INFO - CDS - contig=contig_5, start=37235, stop=37951, strand=-, frame=1, truncated=no, start-type=ATG, RBS-motif=GGAGG
13:33:04.838 - INFO - CDS - contig=contig_5, start=38262, stop=39857, strand=-, frame=3, truncated=no, start-type=ATG, RBS-motif=AGGA/GGAG/GAGG
13:33:04.838 - INFO - CDS - contig=contig_5, start=40238, stop=40696, strand=-, frame=1, truncated=no, start-type=ATG, RBS-motif=None
13:33:04.838 - INFO - CDS - contig=contig_5, start=40782, stop=43460, strand=+, frame=3, truncated=no, start-type=TTG, RBS-motif=GGAGG
13:33:04.838 - INFO - CDS - contig=contig_5, start=43573, stop=44652, strand=-, frame=2, truncated=no, start-type=ATG, RBS-motif=AGxAGG/AGGxGG
13:33:04.838 - INFO - CDS - contig=contig_5, start=44835, stop=45275, strand=+, frame=3, truncated=no, start-type=ATG, RBS-motif=GGAGG
13:33:04.838 - INFO - CDS - contig=contig_5, start=45310, stop=46524, strand=+, frame=1, truncated=no, start-type=ATG, RBS-motif=GGAGG
13:33:04.838 - INFO - CDS - contig=contig_5, start=46607, stop=47833, strand=+, frame=2, truncated=no, start-type=ATG, RBS-motif=AGxAGG/AGGxGG
13:33:04.838 - INFO - CDS - contig=contig_5, start=48434, stop=49204, strand=-, frame=1, truncated=no, start-type=ATG, RBS-motif=AGGAGG
13:33:04.838 - INFO - CDS - contig=contig_5, start=49189, stop=49638, strand=-, frame=2, truncated=no, start-type=ATG, RBS-motif=GGAGG
13:33:04.838 - INFO - CDS - contig=contig_5, start=49829, stop=50680, strand=+, frame=2, truncated=no, start-type=TTG, RBS-motif=AGGA
13:33:04.838 - INFO - CDS - contig=contig_5, start=50779, stop=55407, strand=-, frame=2, truncated=no, start-type=ATG, RBS-motif=GGAG/GAGG
13:33:04.838 - INFO - CDS - contig=contig_5, start=55532, stop=58126, strand=-, frame=1, truncated=no, start-type=ATG, RBS-motif=AGGAGG
13:33:04.839 - INFO - CDS - contig=contig_5, start=58224, stop=59306, strand=-, frame=3, truncated=no, start-type=ATG, RBS-motif=GGAGG
13:33:04.839 - INFO - CDS - contig=contig_5, start=59401, stop=60657, strand=-, frame=2, truncated=no, start-type=ATG, RBS-motif=GGAG/GAGG
13:33:04.839 - INFO - CDS - contig=contig_5, start=60792, stop=61964, strand=-, frame=3, truncated=no, start-type=ATG, RBS-motif=GGAGG
13:33:04.839 - INFO - CDS - contig=contig_5, start=62049, stop=62756, strand=-, frame=3, truncated=no, start-type=ATG, RBS-motif=GGAG/GAGG
13:33:04.839 - INFO - CDS - contig=contig_5, start=62753, stop=63394, strand=-, frame=1, truncated=no, start-type=ATG, RBS-motif=GGAG/GAGG
13:33:04.839 - INFO - CDS - contig=contig_5, start=63504, stop=64550, strand=-, frame=3, truncated=no, start-type=ATG, RBS-motif=GGAGG
13:33:04.839 - INFO - CDS - contig=contig_5, start=64703, stop=66124, strand=-, frame=1, truncated=no, start-type=ATG, RBS-motif=GGAG/GAGG
13:33:04.839 - INFO - CDS - contig=contig_5, start=66128, stop=66847, strand=-, frame=1, truncated=no, start-type=ATG, RBS-motif=GGAGG
13:33:04.839 - INFO - CDS - contig=contig_5, start=66849, stop=67343, strand=-, frame=3, truncated=no, start-type=ATG, RBS-motif=GGAGG
13:33:04.839 - INFO - CDS - contig=contig_5, start=67662, stop=68351, strand=-, frame=3, truncated=no, start-type=ATG, RBS-motif=AGGAGG
13:33:04.839 - INFO - CDS - contig=contig_5, start=68438, stop=69106, strand=+, frame=2, truncated=no, start-type=ATG, RBS-motif=GGAGG
13:33:04.839 - INFO - CDS - contig=contig_5, start=69150, stop=69398, strand=-, frame=3, truncated=no, start-type=GTG, RBS-motif=AGGAGG
13:33:04.839 - INFO - CDS - contig=contig_5, start=69494, stop=70606, strand=-, frame=1, truncated=no, start-type=ATG, RBS-motif=AGGAGG
13:33:04.839 - INFO - CDS - contig=contig_5, start=70621, stop=71640, strand=-, frame=2, truncated=no, start-type=GTG, RBS-motif=GGAGG
13:33:04.839 - INFO - CDS - contig=contig_5, start=71974, stop=73224, strand=+, frame=1, truncated=no, start-type=ATG, RBS-motif=AGGAGG
13:33:04.839 - INFO - CDS - contig=contig_5, start=73251, stop=74486, strand=+, frame=3, truncated=no, start-type=ATG, RBS-motif=AGxAGG/AGGxGG
13:33:04.840 - INFO - CDS - contig=contig_5, start=74552, stop=76954, strand=-, frame=1, truncated=no, start-type=ATG, RBS-motif=AGGA/GGAG/GAGG
13:33:04.840 - INFO - CDS - contig=contig_5, start=77046, stop=78071, strand=-, frame=3, truncated=no, start-type=ATG, RBS-motif=AGGAG
13:33:04.840 - INFO - CDS - contig=contig_5, start=78591, stop=79970, strand=+, frame=3, truncated=no, start-type=GTG, RBS-motif=GGA/GAG/AGG
13:33:04.840 - INFO - CDS - contig=contig_5, start=80026, stop=81564, strand=+, frame=1, truncated=no, start-type=ATG, RBS-motif=AGGAG/GGAGG
13:33:04.840 - INFO - CDS - contig=contig_5, start=81576, stop=82184, strand=+, frame=3, truncated=no, start-type=GTG, RBS-motif=AGGAGG
13:33:04.840 - INFO - CDS - contig=contig_5, start=82547, stop=83131, strand=+, frame=2, truncated=no, start-type=TTG, RBS-motif=GGxGG
13:33:04.840 - INFO - CDS - contig=contig_5, start=83161, stop=83580, strand=+, frame=1, truncated=no, start-type=ATG, RBS-motif=GGAGG
13:33:04.840 - INFO - CDS - contig=contig_5, start=83680, stop=85164, strand=-, frame=2, truncated=no, start-type=ATG, RBS-motif=GGAGG
13:33:04.840 - INFO - CDS - contig=contig_5, start=85347, stop=85865, strand=-, frame=3, truncated=no, start-type=ATG, RBS-motif=GGAG/GAGG
13:33:04.840 - INFO - CDS - contig=contig_5, start=85870, stop=88425, strand=-, frame=2, truncated=no, start-type=ATG, RBS-motif=GGAG/GAGG
13:33:04.840 - INFO - CDS - contig=contig_5, start=88367, stop=88549, strand=-, frame=1, truncated=no, start-type=ATG, RBS-motif=AGGAGG
13:33:04.840 - INFO - CDS - contig=contig_5, start=88679, stop=88849, strand=+, frame=2, truncated=no, start-type=ATG, RBS-motif=AGGAGG
13:33:04.840 - INFO - CDS - contig=contig_5, start=89017, stop=89208, strand=+, frame=1, truncated=no, start-type=ATG, RBS-motif=GGxGG
13:33:04.840 - INFO - CDS - contig=contig_5, start=89209, stop=89580, strand=+, frame=1, truncated=no, start-type=ATG, RBS-motif=None
13:33:04.840 - INFO - CDS - contig=contig_5, start=90179, stop=90688, strand=+, frame=2, truncated=no, start-type=ATG, RBS-motif=AGxAGG/AGGxGG
13:33:04.840 - INFO - CDS - contig=contig_5, start=90751, stop=91125, strand=+, frame=1, truncated=no, start-type=ATG, RBS-motif=AGGA
13:33:04.840 - INFO - CDS - contig=contig_5, start=91168, stop=91845, strand=-, frame=2, truncated=no, start-type=ATG, RBS-motif=AGGAG
13:33:04.841 - INFO - CDS - contig=contig_5, start=92002, stop=93636, strand=+, frame=1, truncated=no, start-type=ATG, RBS-motif=AGGAGG
13:33:04.841 - INFO - CDS - contig=contig_5, start=94293, stop=97880, strand=+, frame=3, truncated=no, start-type=TTG, RBS-motif=GGAG/GAGG
13:33:04.841 - INFO - CDS - contig=contig_5, start=97954, stop=98853, strand=+, frame=1, truncated=no, start-type=ATG, RBS-motif=AGGA
13:33:04.841 - INFO - CDS - contig=contig_5, start=99004, stop=99759, strand=+, frame=1, truncated=no, start-type=ATG, RBS-motif=GGAGG
13:33:04.841 - INFO - CDS - contig=contig_5, start=99725, stop=100324, strand=+, frame=2, truncated=no, start-type=ATG, RBS-motif=AGGAGG
13:33:04.841 - INFO - CDS - contig=contig_5, start=100332, stop=100532, strand=+, frame=3, truncated=no, start-type=ATG, RBS-motif=GGA/GAG/AGG
13:33:04.841 - INFO - CDS - contig=contig_5, start=100536, stop=100856, strand=+, frame=3, truncated=no, start-type=ATG, RBS-motif=AGGA
13:33:04.841 - INFO - CDS - contig=contig_5, start=100883, stop=102091, strand=+, frame=2, truncated=no, start-type=ATG, RBS-motif=AGxAGG/AGGxGG
13:33:04.841 - INFO - CDS - contig=contig_5, start=102093, stop=103541, strand=+, frame=3, truncated=no, start-type=ATG, RBS-motif=AGGA
13:33:04.841 - INFO - CDS - contig=contig_5, start=103555, stop=103914, strand=+, frame=1, truncated=no, start-type=ATG, RBS-motif=AGGAG
13:33:04.841 - INFO - CDS - contig=contig_5, start=104272, stop=104781, strand=+, frame=1, truncated=no, start-type=ATG, RBS-motif=GGAG/GAGG
13:33:04.841 - INFO - CDS - contig=contig_5, start=104778, stop=106073, strand=+, frame=3, truncated=no, start-type=ATG, RBS-motif=AGGAGG
13:33:04.841 - INFO - CDS - contig=contig_5, start=106224, stop=106457, strand=-, frame=3, truncated=no, start-type=GTG, RBS-motif=GGAG/GAGG
13:33:04.841 - INFO - CDS - contig=contig_5, start=106752, stop=109187, strand=+, frame=3, truncated=no, start-type=TTG, RBS-motif=GGA/GAG/AGG
13:33:04.841 - INFO - CDS - contig=contig_5, start=109184, stop=109573, strand=+, frame=2, truncated=no, start-type=ATG, RBS-motif=GGA/GAG/AGG
13:33:04.842 - INFO - CDS - contig=contig_5, start=109693, stop=109875, strand=+, frame=1, truncated=no, start-type=ATG, RBS-motif=GGAGG
13:33:04.842 - INFO - CDS - contig=contig_5, start=109933, stop=110709, strand=-, frame=2, truncated=no, start-type=ATG, RBS-motif=AGxAGG/AGGxGG
13:33:04.842 - INFO - CDS - contig=contig_5, start=110797, stop=111306, strand=+, frame=1, truncated=no, start-type=ATG, RBS-motif=GGAG/GAGG
13:33:04.842 - INFO - CDS - contig=contig_5, start=111303, stop=112169, strand=+, frame=3, truncated=no, start-type=ATG, RBS-motif=AGGAG/GGAGG
13:33:04.842 - INFO - CDS - contig=contig_5, start=112250, stop=113314, strand=+, frame=2, truncated=no, start-type=ATG, RBS-motif=AGGA
13:33:04.842 - INFO - CDS - contig=contig_5, start=113396, stop=113965, strand=+, frame=2, truncated=no, start-type=ATG, RBS-motif=GGAGG
13:33:04.842 - INFO - CDS - contig=contig_5, start=114266, stop=114715, strand=+, frame=2, truncated=no, start-type=ATG, RBS-motif=AGGAG
13:33:04.842 - INFO - CDS - contig=contig_5, start=115129, stop=117582, strand=+, frame=1, truncated=no, start-type=ATG, RBS-motif=AGxAGG/AGGxGG
13:33:04.842 - INFO - CDS - contig=contig_5, start=117584, stop=117745, strand=+, frame=2, truncated=no, start-type=ATG, RBS-motif=GGA/GAG/AGG
13:33:04.842 - INFO - CDS - contig=contig_5, start=117786, stop=118511, strand=+, frame=3, truncated=no, start-type=ATG, RBS-motif=AGGAGG
13:33:04.842 - INFO - CDS - contig=contig_5, start=118534, stop=119229, strand=+, frame=1, truncated=no, start-type=ATG, RBS-motif=GGA/GAG/AGG
13:33:04.842 - INFO - CDS - contig=contig_5, start=119242, stop=119466, strand=+, frame=1, truncated=no, start-type=ATG, RBS-motif=AGxAGG/AGGxGG
13:33:04.842 - INFO - CDS - contig=contig_5, start=119484, stop=119822, strand=+, frame=3, truncated=no, start-type=ATG, RBS-motif=GGA/GAG/AGG
13:33:04.842 - INFO - CDS - contig=contig_5, start=119809, stop=120285, strand=+, frame=1, truncated=no, start-type=ATG, RBS-motif=GGAG/GAGG
13:33:04.843 - INFO - CDS - contig=contig_5, start=120299, stop=120970, strand=+, frame=2, truncated=no, start-type=ATG, RBS-motif=AGGAG
13:33:04.843 - INFO - CDS - contig=contig_5, start=120927, stop=121166, strand=-, frame=3, truncated=no, start-type=GTG, RBS-motif=GGAG/GAGG
13:33:04.843 - INFO - CDS - contig=contig_5, start=121179, stop=122135, strand=-, frame=3, truncated=no, start-type=ATG, RBS-motif=GGA/GAG/AGG
13:33:04.843 - INFO - CDS - contig=contig_5, start=122198, stop=122887, strand=-, frame=1, truncated=no, start-type=ATG, RBS-motif=AGGAG
13:33:04.843 - INFO - CDS - contig=contig_5, start=123089, stop=123727, strand=+, frame=2, truncated=no, start-type=TTG, RBS-motif=AGGAGG
13:33:04.843 - INFO - CDS - contig=contig_5, start=123865, stop=124587, strand=-, frame=2, truncated=no, start-type=ATG, RBS-motif=GGAGG
13:33:04.843 - INFO - CDS - contig=contig_5, start=124825, stop=125055, strand=+, frame=1, truncated=no, start-type=ATG, RBS-motif=AGGAG
13:33:04.843 - INFO - CDS - contig=contig_5, start=125417, stop=125746, strand=+, frame=2, truncated=no, start-type=ATG, RBS-motif=AGGAG
13:33:04.843 - INFO - CDS - contig=contig_5, start=125770, stop=126108, strand=+, frame=1, truncated=no, start-type=ATG, RBS-motif=GGAGG
13:33:04.843 - INFO - CDS - contig=contig_5, start=126226, stop=126582, strand=-, frame=2, truncated=no, start-type=GTG, RBS-motif=AGGAG
13:33:04.843 - INFO - CDS - contig=contig_5, start=127277, stop=127780, strand=-, frame=1, truncated=no, start-type=ATG, RBS-motif=GGxGG
13:33:04.843 - INFO - CDS - contig=contig_5, start=127831, stop=128427, strand=-, frame=2, truncated=no, start-type=ATG, RBS-motif=AGxAGG/AGGxGG
13:33:04.843 - INFO - CDS - contig=contig_5, start=128479, stop=128883, strand=-, frame=2, truncated=no, start-type=ATG, RBS-motif=GGA/GAG/AGG
13:33:04.843 - INFO - CDS - contig=contig_5, start=129076, stop=130044, strand=+, frame=1, truncated=no, start-type=ATG, RBS-motif=AGGAGG
13:33:04.843 - INFO - CDS - contig=contig_5, start=130362, stop=131126, strand=+, frame=3, truncated=no, start-type=GTG, RBS-motif=GGAG/GAGG
13:33:04.843 - INFO - CDS - contig=contig_5, start=131222, stop=132817, strand=-, frame=1, truncated=no, start-type=ATG, RBS-motif=AGxAGG/AGGxGG
13:33:04.843 - INFO - CDS - contig=contig_5, start=133055, stop=134899, strand=-, frame=1, truncated=no, start-type=ATG, RBS-motif=AGGAGG
13:33:04.844 - INFO - CDS - contig=contig_5, start=134930, stop=135148, strand=-, frame=1, truncated=no, start-type=ATG, RBS-motif=AGGAG
13:33:04.844 - INFO - CDS - contig=contig_5, start=135213, stop=135581, strand=-, frame=3, truncated=no, start-type=ATG, RBS-motif=AGGAG
13:33:04.844 - INFO - CDS - contig=contig_5, start=135771, stop=136526, strand=-, frame=3, truncated=no, start-type=ATG, RBS-motif=AGxAGG/AGGxGG
13:33:04.844 - INFO - CDS - contig=contig_5, start=136745, stop=137101, strand=-, frame=1, truncated=no, start-type=ATG, RBS-motif=AGGAGG
13:33:04.844 - INFO - CDS - contig=contig_5, start=137141, stop=137344, strand=-, frame=1, truncated=no, start-type=ATG, RBS-motif=AGGAG
13:33:04.844 - INFO - CDS - contig=contig_5, start=137381, stop=137950, strand=-, frame=1, truncated=no, start-type=TTG, RBS-motif=None
13:33:04.844 - INFO - CDS - contig=contig_5, start=138233, stop=139717, strand=-, frame=1, truncated=no, start-type=ATG, RBS-motif=GGAG/GAGG
13:33:04.844 - INFO - CDS - contig=contig_5, start=139744, stop=140733, strand=-, frame=2, truncated=no, start-type=ATG, RBS-motif=GGAGG
13:33:04.844 - INFO - CDS - contig=contig_5, start=140754, stop=141716, strand=-, frame=3, truncated=no, start-type=ATG, RBS-motif=AGGA
13:33:04.844 - INFO - CDS - contig=contig_5, start=142092, stop=143402, strand=+, frame=3, truncated=no, start-type=ATG, RBS-motif=AGxAGG/AGGxGG
13:33:04.844 - INFO - CDS - contig=contig_5, start=143415, stop=144119, strand=+, frame=3, truncated=no, start-type=ATG, RBS-motif=AGGAGG
13:33:04.844 - INFO - CDS - contig=contig_5, start=144295, stop=145509, strand=+, frame=1, truncated=no, start-type=ATG, RBS-motif=GGAGG
13:33:04.844 - INFO - CDS - contig=contig_5, start=145724, stop=147103, strand=+, frame=2, truncated=no, start-type=ATG, RBS-motif=AGGAG
13:33:04.844 - INFO - CDS - contig=contig_5, start=147100, stop=147324, strand=+, frame=1, truncated=no, start-type=ATG, RBS-motif=GGAG/GAGG
13:33:04.844 - INFO - CDS - contig=contig_5, start=147321, stop=148265, strand=+, frame=3, truncated=no, start-type=ATG, RBS-motif=GGAG/GAGG
13:33:04.844 - INFO - CDS - contig=contig_5, start=148278, stop=149540, strand=+, frame=3, truncated=no, start-type=ATG, RBS-motif=AGGAGG
13:33:04.844 - INFO - CDS - contig=contig_5, start=149608, stop=150462, strand=+, frame=1, truncated=no, start-type=ATG, RBS-motif=GGAG/GAGG
13:33:04.845 - INFO - CDS - contig=contig_5, start=150477, stop=151655, strand=+, frame=3, truncated=no, start-type=GTG, RBS-motif=AGxAGG/AGGxGG
13:33:04.845 - INFO - CDS - contig=contig_5, start=151741, stop=152667, strand=+, frame=1, truncated=no, start-type=ATG, RBS-motif=GGAG/GAGG
13:33:04.845 - INFO - CDS - contig=contig_5, start=152939, stop=153169, strand=-, frame=1, truncated=no, start-type=ATG, RBS-motif=AGxAGG/AGGxGG
13:33:04.845 - INFO - CDS - contig=contig_5, start=153729, stop=154760, strand=-, frame=3, truncated=no, start-type=ATG, RBS-motif=AGxAGG/AGGxGG
13:33:04.845 - INFO - CDS - contig=contig_5, start=155016, stop=156281, strand=+, frame=3, truncated=no, start-type=ATG, RBS-motif=AGGAG
13:33:04.845 - INFO - CDS - contig=contig_5, start=156342, stop=157226, strand=+, frame=3, truncated=no, start-type=ATG, RBS-motif=GGAG/GAGG
13:33:04.845 - INFO - CDS - contig=contig_5, start=157230, stop=158084, strand=+, frame=3, truncated=no, start-type=ATG, RBS-motif=AGGAGG
13:33:04.845 - INFO - CDS - contig=contig_5, start=158117, stop=159841, strand=+, frame=2, truncated=no, start-type=ATG, RBS-motif=AGGA
13:33:04.845 - INFO - CDS - contig=contig_5, start=159934, stop=160200, strand=+, frame=1, truncated=no, start-type=ATG, RBS-motif=AGGAGG
13:33:04.845 - INFO - CDS - contig=contig_5, start=160426, stop=160605, strand=+, frame=1, truncated=no, start-type=ATG, RBS-motif=GGAG/GAGG
13:33:04.845 - INFO - CDS - contig=contig_5, start=161445, stop=161789, strand=-, frame=3, truncated=no, start-type=GTG, RBS-motif=AGGAGG
13:33:04.845 - INFO - CDS - contig=contig_5, start=161946, stop=164624, strand=-, frame=3, truncated=no, start-type=ATG, RBS-motif=AGGAG/GGAGG
13:33:04.845 - INFO - CDS - contig=contig_5, start=164994, stop=165746, strand=-, frame=3, truncated=no, start-type=ATG, RBS-motif=GGAGG
13:33:04.845 - INFO - CDS - contig=contig_5, start=165832, stop=168015, strand=+, frame=1, truncated=no, start-type=ATG, RBS-motif=AGGAG
13:33:04.845 - INFO - CDS - contig=contig_5, start=168077, stop=168724, strand=-, frame=1, truncated=no, start-type=ATG, RBS-motif=GGAG/GAGG
13:33:04.846 - INFO - CDS - contig=contig_5, start=168870, stop=170111, strand=+, frame=3, truncated=no, start-type=TTG, RBS-motif=AGxAGG/AGGxGG
13:33:04.846 - INFO - CDS - contig=contig_5, start=170172, stop=170738, strand=+, frame=3, truncated=no, start-type=ATG, RBS-motif=GGAG/GAGG
13:33:04.846 - INFO - CDS - contig=contig_5, start=170852, stop=171007, strand=-, frame=1, truncated=no, start-type=ATG, RBS-motif=AGxAGG/AGGxGG
13:33:04.846 - INFO - CDS - contig=contig_5, start=171212, stop=171985, strand=+, frame=2, truncated=no, start-type=GTG, RBS-motif=AGGAG
13:33:04.846 - INFO - CDS - contig=contig_5, start=172070, stop=173350, strand=+, frame=2, truncated=no, start-type=ATG, RBS-motif=GGAGG
13:33:04.846 - INFO - CDS - contig=contig_5, start=173347, stop=173733, strand=+, frame=1, truncated=no, start-type=GTG, RBS-motif=AGxAGG/AGGxGG
13:33:04.846 - INFO - CDS - contig=contig_5, start=173888, stop=174823, strand=-, frame=1, truncated=no, start-type=TTG, RBS-motif=AGGA
13:33:04.846 - INFO - CDS - contig=contig_5, start=174956, stop=175156, strand=+, frame=2, truncated=no, start-type=ATG, RBS-motif=AGxAGG/AGGxGG
13:33:04.846 - INFO - CDS - contig=contig_5, start=175153, stop=176211, strand=+, frame=1, truncated=no, start-type=ATG, RBS-motif=AGGAG
13:33:04.846 - INFO - CDS - contig=contig_5, start=176208, stop=177080, strand=+, frame=3, truncated=no, start-type=GTG, RBS-motif=GGAG/GAGG
13:33:04.846 - INFO - CDS - contig=contig_5, start=177091, stop=177429, strand=+, frame=1, truncated=no, start-type=ATG, RBS-motif=GGAG/GAGG
13:33:04.846 - INFO - CDS - contig=contig_5, start=177727, stop=178584, strand=+, frame=1, truncated=no, start-type=ATG, RBS-motif=AGxAGG/AGGxGG
13:33:04.846 - INFO - CDS - contig=contig_5, start=178720, stop=179442, strand=+, frame=1, truncated=no, start-type=ATG, RBS-motif=GGAGG
13:33:04.846 - INFO - CDS - contig=contig_5, start=179911, stop=181677, strand=-, frame=2, truncated=no, start-type=GTG, RBS-motif=AGxAGG/AGGxGG
13:33:04.846 - INFO - CDS - contig=contig_5, start=181888, stop=182745, strand=-, frame=2, truncated=no, start-type=ATG, RBS-motif=AGxAGG/AGGxGG
13:33:04.846 - INFO - CDS - contig=contig_5, start=182742, stop=183626, strand=-, frame=3, truncated=no, start-type=ATG, RBS-motif=AGGAG
13:33:04.846 - INFO - CDS - contig=contig_5, start=183718, stop=185043, strand=-, frame=2, truncated=no, start-type=ATG, RBS-motif=AGGAGG
13:33:04.847 - INFO - CDS - contig=contig_5, start=185264, stop=187063, strand=+, frame=2, truncated=no, start-type=ATG, RBS-motif=GGxGG
13:33:04.847 - INFO - CDS - contig=contig_5, start=187068, stop=188621, strand=+, frame=3, truncated=no, start-type=ATG, RBS-motif=AGxAGG/AGGxGG
13:33:04.847 - INFO - CDS - contig=contig_5, start=188608, stop=190263, strand=+, frame=1, truncated=no, start-type=ATG, RBS-motif=AGGAGG
13:33:04.847 - INFO - CDS - contig=contig_5, start=190367, stop=190744, strand=-, frame=1, truncated=no, start-type=ATG, RBS-motif=AGGAGG
13:33:04.847 - INFO - CDS - contig=contig_5, start=190896, stop=191672, strand=+, frame=3, truncated=no, start-type=ATG, RBS-motif=AGGAGG
13:33:04.847 - INFO - CDS - contig=contig_5, start=191801, stop=192889, strand=+, frame=2, truncated=no, start-type=ATG, RBS-motif=GGAGG
13:33:04.847 - INFO - CDS - contig=contig_5, start=193076, stop=194347, strand=-, frame=1, truncated=no, start-type=ATG, RBS-motif=GGAGG
13:33:04.847 - INFO - CDS - contig=contig_5, start=194344, stop=195021, strand=-, frame=2, truncated=no, start-type=ATG, RBS-motif=AGGA
13:33:04.847 - INFO - CDS - contig=contig_5, start=195494, stop=197296, strand=+, frame=2, truncated=no, start-type=ATG, RBS-motif=GGAGG
13:33:04.847 - INFO - CDS - contig=contig_5, start=197312, stop=198049, strand=+, frame=2, truncated=no, start-type=ATG, RBS-motif=AGGAGG
13:33:04.847 - INFO - CDS - contig=contig_5, start=198046, stop=198633, strand=+, frame=1, truncated=no, start-type=ATG, RBS-motif=GGA/GAG/AGG
13:33:04.847 - INFO - CDS - contig=contig_5, start=198618, stop=199226, strand=+, frame=3, truncated=no, start-type=ATG, RBS-motif=GGAGG
13:33:04.847 - INFO - CDS - contig=contig_5, start=199251, stop=201290, strand=+, frame=3, truncated=no, start-type=ATG, RBS-motif=AGGAG
13:33:04.847 - INFO - CDS - contig=contig_5, start=201335, stop=201808, strand=-, frame=1, truncated=no, start-type=ATG, RBS-motif=GGAGG
13:33:04.847 - INFO - CDS - contig=contig_5, start=202514, stop=203098, strand=+, frame=2, truncated=no, start-type=ATG, RBS-motif=GGA/GAG/AGG
13:33:04.848 - INFO - CDS - contig=contig_5, start=203082, stop=203270, strand=-, frame=3, truncated=no, start-type=ATG, RBS-motif=AGGAGG
13:33:04.848 - INFO - CDS - contig=contig_5, start=203380, stop=205860, strand=-, frame=2, truncated=no, start-type=ATG, RBS-motif=GGAGG
13:33:04.848 - INFO - CDS - contig=contig_5, start=205857, stop=206528, strand=-, frame=3, truncated=no, start-type=ATG, RBS-motif=GGxGG
13:33:04.848 - INFO - CDS - contig=contig_5, start=206688, stop=207833, strand=-, frame=3, truncated=no, start-type=ATG, RBS-motif=GGxGG
13:33:04.848 - INFO - CDS - contig=contig_5, start=207821, stop=208495, strand=-, frame=1, truncated=no, start-type=ATG, RBS-motif=GGAG/GAGG
13:33:04.848 - INFO - CDS - contig=contig_5, start=208644, stop=209600, strand=+, frame=3, truncated=no, start-type=ATG, RBS-motif=AGGAGG
13:33:04.848 - INFO - CDS - contig=contig_5, start=209673, stop=210950, strand=-, frame=3, truncated=no, start-type=ATG, RBS-motif=AGGAGG
13:33:04.848 - INFO - CDS - contig=contig_5, start=211015, stop=211815, strand=-, frame=2, truncated=no, start-type=ATG, RBS-motif=AGGAGG
13:33:04.848 - INFO - CDS - contig=contig_5, start=212052, stop=212246, strand=+, frame=3, truncated=no, start-type=ATG, RBS-motif=AGGAGG
13:33:04.848 - INFO - CDS - contig=contig_5, start=811, stop=1380, strand=+, nt=[ATGGAAGAAT..TTTGGCATAA]
13:33:04.848 - INFO - CDS - contig=contig_5, start=1393, stop=1794, strand=+, nt=[ATGACGCAGG..GGAGACATAG]
13:33:04.848 - INFO - CDS - contig=contig_5, start=2093, stop=3544, strand=+, nt=[ATGAAGCGTA..GCTTTCCTGA]
13:33:04.848 - INFO - CDS - contig=contig_5, start=3579, stop=6584, strand=+, nt=[TTGCGGAAAA..CTTTGGCTGA]
13:33:04.848 - INFO - CDS - contig=contig_5, start=6701, stop=9031, strand=-, nt=[ATGGGTAAAA..AGCCGAATGA]
13:33:04.848 - INFO - CDS - contig=contig_5, start=9151, stop=11067, strand=-, nt=[ATGAACCGAA..CCCGGTCTAG]
13:33:04.848 - INFO - CDS - contig=contig_5, start=11264, stop=12862, strand=-, nt=[ATGAGGAAAT..GGCGCTGTGA]
13:33:04.848 - INFO - CDS - contig=contig_5, start=12859, stop=13578, strand=-, nt=[ATGCTGAAGA..CCAGCCATGA]
13:33:04.848 - INFO - CDS - contig=contig_5, start=13585, stop=13905, strand=-, nt=[ATGCTGCTTC..CGAGGCATAG]
13:33:04.848 - INFO - CDS - contig=contig_5, start=13886, stop=14536, strand=-, nt=[ATGAAAATCA..TCAATATTGA]
13:33:04.848 - INFO - CDS - contig=contig_5, start=15675, stop=16241, strand=+, nt=[ATGGGCCGGT..GGGAGTCTAG]
13:33:04.849 - INFO - CDS - contig=contig_5, start=16848, stop=17477, strand=+, nt=[ATGCAGTTTG..CTGCAGGTAG]
13:33:04.849 - INFO - CDS - contig=contig_5, start=17456, stop=18667, strand=-, nt=[GTGGGAAAAA..GGAGGAATGA]
13:33:04.849 - INFO - CDS - contig=contig_5, start=18746, stop=19348, strand=-, nt=[ATGAAAACCT..TGCCGGATGA]
13:33:04.849 - INFO - CDS - contig=contig_5, start=19431, stop=20462, strand=-, nt=[ATGAAAGGAA..CTTCGGCTGA]
13:33:04.849 - INFO - CDS - contig=contig_5, start=20459, stop=21343, strand=-, nt=[ATGAAATACG..CACACCATGA]
13:33:04.849 - INFO - CDS - contig=contig_5, start=21353, stop=23200, strand=-, nt=[ATGGCTATCC..CGTCTACTGA]
13:33:04.849 - INFO - CDS - contig=contig_5, start=23226, stop=24251, strand=-, nt=[ATGCTGCAAG..TCAGGACTGA]
13:33:04.849 - INFO - CDS - contig=contig_5, start=24307, stop=26205, strand=-, nt=[ATGAAAGAAT..GATCTATTGA]
13:33:04.849 - INFO - CDS - contig=contig_5, start=26286, stop=27128, strand=-, nt=[ATGAATAAAA..CAAGGGCTGA]
13:33:04.849 - INFO - CDS - contig=contig_5, start=27153, stop=28025, strand=-, nt=[GTGAAACGGA..CAAAATCTGA]
13:33:04.849 - INFO - CDS - contig=contig_5, start=28266, stop=29594, strand=-, nt=[ATGAAAAAGG..CAACCGTTAA]
13:33:04.849 - INFO - CDS - contig=contig_5, start=29644, stop=30633, strand=-, nt=[ATGTATGATA..CCCGGCATAA]
13:33:04.849 - INFO - CDS - contig=contig_5, start=30983, stop=31120, strand=-, nt=[TTGGACTCTT..GCTCGGCTGA]
13:33:04.849 - INFO - CDS - contig=contig_5, start=31371, stop=31907, strand=+, nt=[ATGCCTAACG..CGCCGAGTAA]
13:33:04.849 - INFO - CDS - contig=contig_5, start=31958, stop=32332, strand=+, nt=[ATGGCTTCTG..GCTGAAGTAA]
13:33:04.849 - INFO - CDS - contig=contig_5, start=32996, stop=33688, strand=-, nt=[ATGTTTAGAG..GCTGATGTAA]
13:33:04.849 - INFO - CDS - contig=contig_5, start=33709, stop=34134, strand=-, nt=[ATGGCACAGA..CGGCGAGTAA]
13:33:04.849 - INFO - CDS - contig=contig_5, start=34227, stop=34751, strand=-, nt=[ATGGCTGACA..CAACCGCTAA]
13:33:04.849 - INFO - CDS - contig=contig_5, start=34760, stop=35089, strand=-, nt=[ATGTCTGAAA..CAAGGGTTAG]
13:33:04.849 - INFO - CDS - contig=contig_5, start=35131, stop=35295, strand=-, nt=[ATGGCAAAGG..GACCAAGTAA]
13:33:04.849 - INFO - CDS - contig=contig_5, start=35670, stop=36092, strand=+, nt=[TTGCGCATTA..GAAGCCCTAA]
13:33:04.849 - INFO - CDS - contig=contig_5, start=36125, stop=36436, strand=+, nt=[ATGGCGGTAA..GGTTTGCTGA]
13:33:04.849 - INFO - CDS - contig=contig_5, start=36399, stop=36779, strand=-, nt=[ATGGGCTGGC..CGCTGGATGA]
13:33:04.849 - INFO - CDS - contig=contig_5, start=36779, stop=37147, strand=-, nt=[TTGGAAAAAC..CTTGTTCTGA]
13:33:04.849 - INFO - CDS - contig=contig_5, start=37235, stop=37951, strand=-, nt=[ATGGACGAAC..GCAGCCGTAA]
13:33:04.849 - INFO - CDS - contig=contig_5, start=38262, stop=39857, strand=-, nt=[ATGAGCGCAT..CGTGGGCTGA]
13:33:04.849 - INFO - CDS - contig=contig_5, start=40238, stop=40696, strand=-, nt=[ATGAACTTCC..GGGCGAATGA]
13:33:04.849 - INFO - CDS - contig=contig_5, start=40782, stop=43460, strand=+, nt=[TTGGCAACGA..GGCGCACTAA]
13:33:04.850 - INFO - CDS - contig=contig_5, start=43573, stop=44652, strand=-, nt=[ATGCCGAAGG..CCCGGCGTAG]
13:33:04.850 - INFO - CDS - contig=contig_5, start=44835, stop=45275, strand=+, nt=[ATGGGCAAAA..GGCGGGATAA]
13:33:04.850 - INFO - CDS - contig=contig_5, start=45310, stop=46524, strand=+, nt=[ATGGTCAATG..GCTGGACTGA]
13:33:04.850 - INFO - CDS - contig=contig_5, start=46607, stop=47833, strand=+, nt=[ATGGGACTCA..GGGAAACTGA]
13:33:04.850 - INFO - CDS - contig=contig_5, start=48434, stop=49204, strand=-, nt=[ATGCTCCTCA..TCTGACCTGA]
13:33:04.850 - INFO - CDS - contig=contig_5, start=49189, stop=49638, strand=-, nt=[ATGTCCGACC..CTCAAATTGA]
13:33:04.850 - INFO - CDS - contig=contig_5, start=49829, stop=50680, strand=+, nt=[TTGAAGACGG..GCAGGGTTAA]
13:33:04.850 - INFO - CDS - contig=contig_5, start=50779, stop=55407, strand=-, nt=[ATGACGCAGC..GAACGGGTGA]
13:33:04.850 - INFO - CDS - contig=contig_5, start=55532, stop=58126, strand=-, nt=[ATGACGCTGC..GCACGCATGA]
13:33:04.850 - INFO - CDS - contig=contig_5, start=58224, stop=59306, strand=-, nt=[ATGAAGAAAA..CGCACCATAA]
13:33:04.850 - INFO - CDS - contig=contig_5, start=59401, stop=60657, strand=-, nt=[ATGAAAGTAC..GCGGGTATAA]
13:33:04.850 - INFO - CDS - contig=contig_5, start=60792, stop=61964, strand=-, nt=[ATGACGGAAC..CCACCACTGA]
13:33:04.850 - INFO - CDS - contig=contig_5, start=62049, stop=62756, strand=-, nt=[ATGAAAACGC..GCACGCGTAA]
13:33:04.850 - INFO - CDS - contig=contig_5, start=62753, stop=63394, strand=-, nt=[ATGACACGAA..TTGGCAATGA]
13:33:04.850 - INFO - CDS - contig=contig_5, start=63504, stop=64550, strand=-, nt=[ATGAAGAATT..GCTGGTATGA]
13:33:04.850 - INFO - CDS - contig=contig_5, start=64703, stop=66124, strand=-, nt=[ATGGGTGGAT..AGCGGAATAA]
13:33:04.850 - INFO - CDS - contig=contig_5, start=66128, stop=66847, strand=-, nt=[ATGGCTTACG..CGTGGAGTAG]
13:33:04.850 - INFO - CDS - contig=contig_5, start=66849, stop=67343, strand=-, nt=[ATGAGCAAAA..GGAATTTTAG]
13:33:04.850 - INFO - CDS - contig=contig_5, start=67662, stop=68351, strand=-, nt=[ATGAAACGCA..GCTGCGCTGA]
13:33:04.850 - INFO - CDS - contig=contig_5, start=68438, stop=69106, strand=+, nt=[ATGCGCCAGT..CGGGCGATAA]
13:33:04.850 - INFO - CDS - contig=contig_5, start=69150, stop=69398, strand=-, nt=[GTGGAGATGG..CAGGGACTGA]
13:33:04.850 - INFO - CDS - contig=contig_5, start=69494, stop=70606, strand=-, nt=[ATGTCATGTT..GGGCTGGTGA]
13:33:04.850 - INFO - CDS - contig=contig_5, start=70621, stop=71640, strand=-, nt=[GTGAATATCA..CGACGAATAA]
13:33:04.850 - INFO - CDS - contig=contig_5, start=71974, stop=73224, strand=+, nt=[ATGGCGCAGC..GCAGGGATAA]
13:33:04.850 - INFO - CDS - contig=contig_5, start=73251, stop=74486, strand=+, nt=[ATGCTGATCC..ACTGTTCTGA]
13:33:04.850 - INFO - CDS - contig=contig_5, start=74552, stop=76954, strand=-, nt=[ATGGATCTTT..GCTGCGCTGA]
13:33:04.850 - INFO - CDS - contig=contig_5, start=77046, stop=78071, strand=-, nt=[ATGAAGGAAA..CCAGTTCTGA]
13:33:04.851 - INFO - CDS - contig=contig_5, start=78591, stop=79970, strand=+, nt=[GTGAAGCGGG..CAAAACGTGA]
13:33:04.851 - INFO - CDS - contig=contig_5, start=80026, stop=81564, strand=+, nt=[ATGAGGATCG..TGTAAATTAG]
13:33:04.851 - INFO - CDS - contig=contig_5, start=81576, stop=82184, strand=+, nt=[GTGCGCCGTC..CGCTGGATAA]
13:33:04.851 - INFO - CDS - contig=contig_5, start=82547, stop=83131, strand=+, nt=[TTGGAACGGG..GGCGGCGTGA]
13:33:04.851 - INFO - CDS - contig=contig_5, start=83161, stop=83580, strand=+, nt=[ATGATGAGCA..AGCGGGCTGA]
13:33:04.851 - INFO - CDS - contig=contig_5, start=83680, stop=85164, strand=-, nt=[ATGCAACGGC..GCGCGCTTAA]
13:33:04.851 - INFO - CDS - contig=contig_5, start=85347, stop=85865, strand=-, nt=[ATGAGACGCA..GGGACAGTAA]
13:33:04.851 - INFO - CDS - contig=contig_5, start=85870, stop=88425, strand=-, nt=[ATGAAGCCCG..GGAGATTTAA]
13:33:04.851 - INFO - CDS - contig=contig_5, start=88367, stop=88549, strand=-, nt=[ATGGAACGTA..GGCGAGGTGA]
13:33:04.851 - INFO - CDS - contig=contig_5, start=88679, stop=88849, strand=+, nt=[ATGGCCTATG..TCAGGGTTGA]
13:33:04.851 - INFO - CDS - contig=contig_5, start=89017, stop=89208, strand=+, nt=[ATGTCGGCAG..GTACGGATAA]
13:33:04.851 - INFO - CDS - contig=contig_5, start=89209, stop=89580, strand=+, nt=[ATGGAGACGA..TTTTTCGTGA]
13:33:04.851 - INFO - CDS - contig=contig_5, start=90179, stop=90688, strand=+, nt=[ATGCAAAAAA..CGTCCTGTAG]
13:33:04.851 - INFO - CDS - contig=contig_5, start=90751, stop=91125, strand=+, nt=[ATGAAATTTT..GGAGGCGTAA]
13:33:04.851 - INFO - CDS - contig=contig_5, start=91168, stop=91845, strand=-, nt=[ATGGACGTTT..TTACGGCTGA]
13:33:04.851 - INFO - CDS - contig=contig_5, start=92002, stop=93636, strand=+, nt=[ATGGAAAACA..TTTTGAATAA]
13:33:04.851 - INFO - CDS - contig=contig_5, start=94293, stop=97880, strand=+, nt=[TTGTACTTAA..CCCCGGGTGA]
13:33:04.851 - INFO - CDS - contig=contig_5, start=97954, stop=98853, strand=+, nt=[ATGGGCTTTT..GCTCCTCTAG]
13:33:04.851 - INFO - CDS - contig=contig_5, start=99004, stop=99759, strand=+, nt=[ATGGCAAGAA..ACGCCCATAA]
13:33:04.851 - INFO - CDS - contig=contig_5, start=99725, stop=100324, strand=+, nt=[ATGAAAATGG..GGAAGGGTGA]
13:33:04.851 - INFO - CDS - contig=contig_5, start=100332, stop=100532, strand=+, nt=[ATGAAGAACA..GAAGGAATGA]
13:33:04.851 - INFO - CDS - contig=contig_5, start=100536, stop=100856, strand=+, nt=[ATGGATCTAA..GCGCAAGTGA]
13:33:04.851 - INFO - CDS - contig=contig_5, start=100883, stop=102091, strand=+, nt=[ATGAAACTGG..GGATCAATAG]
13:33:04.851 - INFO - CDS - contig=contig_5, start=102093, stop=103541, strand=+, nt=[ATGAACCCGG..CATTGAGTAA]
13:33:04.851 - INFO - CDS - contig=contig_5, start=103555, stop=103914, strand=+, nt=[ATGACACCAA..ACAGGACTAG]
13:33:04.851 - INFO - CDS - contig=contig_5, start=104272, stop=104781, strand=+, nt=[ATGGAACAGA..CGAAGCATGA]
13:33:04.851 - INFO - CDS - contig=contig_5, start=104778, stop=106073, strand=+, nt=[ATGAACCGAT..GCTGAACTGA]
13:33:04.851 - INFO - CDS - contig=contig_5, start=106224, stop=106457, strand=-, nt=[GTGGACGCAG..CTGCTCCTGA]
13:33:04.851 - INFO - CDS - contig=contig_5, start=106752, stop=109187, strand=+, nt=[TTGAAGTACG..GAAGCGATGA]
13:33:04.851 - INFO - CDS - contig=contig_5, start=109184, stop=109573, strand=+, nt=[ATGAGCCCGC..GGAACGCTGA]
13:33:04.851 - INFO - CDS - contig=contig_5, start=109693, stop=109875, strand=+, nt=[ATGTCGGAAG..GTTCTATTAA]
13:33:04.852 - INFO - CDS - contig=contig_5, start=109933, stop=110709, strand=-, nt=[ATGTTATCCA..CCTGCGCTGA]
13:33:04.852 - INFO - CDS - contig=contig_5, start=110797, stop=111306, strand=+, nt=[ATGGGTTTTT..AGCATTATGA]
13:33:04.852 - INFO - CDS - contig=contig_5, start=111303, stop=112169, strand=+, nt=[ATGAGCGCAA..ACGCCCCTGA]
13:33:04.852 - INFO - CDS - contig=contig_5, start=112250, stop=113314, strand=+, nt=[ATGAACCATC..TATCCTGTAA]
13:33:04.852 - INFO - CDS - contig=contig_5, start=113396, stop=113965, strand=+, nt=[ATGCCGACGA..CAAGGCCTGA]
13:33:04.852 - INFO - CDS - contig=contig_5, start=114266, stop=114715, strand=+, nt=[ATGACTATTT..CGAGGAATAA]
13:33:04.852 - INFO - CDS - contig=contig_5, start=115129, stop=117582, strand=+, nt=[ATGAGGACAC..GGTGCTGTAA]
13:33:04.852 - INFO - CDS - contig=contig_5, start=117584, stop=117745, strand=+, nt=[ATGAAGTATG..GAAACCATAG]
13:33:04.852 - INFO - CDS - contig=contig_5, start=117786, stop=118511, strand=+, nt=[ATGAACGAAA..CCGGGTTTAG]
13:33:04.852 - INFO - CDS - contig=contig_5, start=118534, stop=119229, strand=+, nt=[ATGGCCGGGA..GACCATTTAA]
13:33:04.852 - INFO - CDS - contig=contig_5, start=119242, stop=119466, strand=+, nt=[ATGGCGATCA..ACGCTCTTAG]
13:33:04.852 - INFO - CDS - contig=contig_5, start=119484, stop=119822, strand=+, nt=[ATGGGTTATG..AACGGCGTAA]
13:33:04.852 - INFO - CDS - contig=contig_5, start=119809, stop=120285, strand=+, nt=[ATGAAACGGC..CGATACCTGA]
13:33:04.852 - INFO - CDS - contig=contig_5, start=120299, stop=120970, strand=+, nt=[ATGCGACGCT..AGGCGCTTGA]
13:33:04.852 - INFO - CDS - contig=contig_5, start=120927, stop=121166, strand=-, nt=[GTGTCTTATT..GTGCCGCTGA]
13:33:04.852 - INFO - CDS - contig=contig_5, start=121179, stop=122135, strand=-, nt=[ATGCGTTACT..CATCTGGTGA]
13:33:04.852 - INFO - CDS - contig=contig_5, start=122198, stop=122887, strand=-, nt=[ATGCCAACTC..CCGGGCCTGA]
13:33:04.852 - INFO - CDS - contig=contig_5, start=123089, stop=123727, strand=+, nt=[TTGTTTGGCA..GGAGGAATAG]
13:33:04.852 - INFO - CDS - contig=contig_5, start=123865, stop=124587, strand=-, nt=[ATGCACATCG..CATTCCATAA]
13:33:04.852 - INFO - CDS - contig=contig_5, start=124825, stop=125055, strand=+, nt=[ATGGTTGCTT..GATTTTATAA]
13:33:04.852 - INFO - CDS - contig=contig_5, start=125417, stop=125746, strand=+, nt=[ATGCAGCAAT..CGTGCAATGA]
13:33:04.852 - INFO - CDS - contig=contig_5, start=125770, stop=126108, strand=+, nt=[ATGGAACAGC..AGCGAACTGA]
13:33:04.852 - INFO - CDS - contig=contig_5, start=126226, stop=126582, strand=-, nt=[GTGACTGATA..GGCCGAGTAA]
13:33:04.852 - INFO - CDS - contig=contig_5, start=127277, stop=127780, strand=-, nt=[ATGCACAACG..CCGTTTCTGA]
13:33:04.852 - INFO - CDS - contig=contig_5, start=127831, stop=128427, strand=-, nt=[ATGGAACGCG..ACAGCGCTGA]
13:33:04.852 - INFO - CDS - contig=contig_5, start=128479, stop=128883, strand=-, nt=[ATGAGCGCAC..CGGCGGCTAA]
13:33:04.852 - INFO - CDS - contig=contig_5, start=129076, stop=130044, strand=+, nt=[ATGAAGATTC..GCGGGCTTGA]
13:33:04.852 - INFO - CDS - contig=contig_5, start=130362, stop=131126, strand=+, nt=[GTGAAGATCG..CCGGGTATGA]
13:33:04.852 - INFO - CDS - contig=contig_5, start=131222, stop=132817, strand=-, nt=[ATGGGGAAAC..CGCCGAGTAA]
13:33:04.852 - INFO - CDS - contig=contig_5, start=133055, stop=134899, strand=-, nt=[ATGTCCAAAA..GCGGAAATAA]
13:33:04.852 - INFO - CDS - contig=contig_5, start=134930, stop=135148, strand=-, nt=[ATGAAAAAAC..CGTTTTGTAA]
13:33:04.853 - INFO - CDS - contig=contig_5, start=135213, stop=135581, strand=-, nt=[ATGTCCTCCG..GGCAGAATGA]
13:33:04.853 - INFO - CDS - contig=contig_5, start=135771, stop=136526, strand=-, nt=[ATGAACCAGG..GCTCTTCTAA]
13:33:04.853 - INFO - CDS - contig=contig_5, start=136745, stop=137101, strand=-, nt=[ATGGCTAGAG..GCTGGCCTGA]
13:33:04.853 - INFO - CDS - contig=contig_5, start=137141, stop=137344, strand=-, nt=[ATGCCTAAAC..CTATAAGTAA]
13:33:04.853 - INFO - CDS - contig=contig_5, start=137381, stop=137950, strand=-, nt=[TTGTATGTAA..GAAAAAATAG]
13:33:04.853 - INFO - CDS - contig=contig_5, start=138233, stop=139717, strand=-, nt=[ATGGGCAACT..GGCGCGATGA]
13:33:04.853 - INFO - CDS - contig=contig_5, start=139744, stop=140733, strand=-, nt=[ATGGCGATCC..CGAAGACTAA]
13:33:04.853 - INFO - CDS - contig=contig_5, start=140754, stop=141716, strand=-, nt=[ATGGAGCAGG..AACGTTATAG]
13:33:04.853 - INFO - CDS - contig=contig_5, start=142092, stop=143402, strand=+, nt=[ATGGCGAAGG..GATGTTTTAA]
13:33:04.853 - INFO - CDS - contig=contig_5, start=143415, stop=144119, strand=+, nt=[ATGTCCTATT..CCACCTGTAA]
13:33:04.853 - INFO - CDS - contig=contig_5, start=144295, stop=145509, strand=+, nt=[ATGTCTGAGA..GAAGCTGTAA]
13:33:04.853 - INFO - CDS - contig=contig_5, start=145724, stop=147103, strand=+, nt=[ATGAAACTCT..GCGGACATGA]
13:33:04.853 - INFO - CDS - contig=contig_5, start=147100, stop=147324, strand=+, nt=[ATGATGGGGG..GCGGACATGA]
13:33:04.853 - INFO - CDS - contig=contig_5, start=147321, stop=148265, strand=+, nt=[ATGATGGGAA..CAGCCTGTAG]
13:33:04.853 - INFO - CDS - contig=contig_5, start=148278, stop=149540, strand=+, nt=[ATGAAACAAG..CCGGACCTGA]
13:33:04.853 - INFO - CDS - contig=contig_5, start=149608, stop=150462, strand=+, nt=[ATGTCCTATT..GCTGCTGTAG]
13:33:04.853 - INFO - CDS - contig=contig_5, start=150477, stop=151655, strand=+, nt=[GTGGATCATT..CCTGCTGTGA]
13:33:04.853 - INFO - CDS - contig=contig_5, start=151741, stop=152667, strand=+, nt=[ATGCAAAAGG..AACGCTGTAA]
13:33:04.853 - INFO - CDS - contig=contig_5, start=152939, stop=153169, strand=-, nt=[ATGGGCGGGC..GCCTGATTGA]
13:33:04.853 - INFO - CDS - contig=contig_5, start=153729, stop=154760, strand=-, nt=[ATGACGATTA..GATTACTTGA]
13:33:04.853 - INFO - CDS - contig=contig_5, start=155016, stop=156281, strand=+, nt=[ATGAAAAAAG..TATGCAATAG]
13:33:04.853 - INFO - CDS - contig=contig_5, start=156342, stop=157226, strand=+, nt=[ATGAGACATA..GGAGGATTGA]
13:33:04.853 - INFO - CDS - contig=contig_5, start=157230, stop=158084, strand=+, nt=[ATGAGAAGGA..GAAGGGCTAG]
13:33:04.853 - INFO - CDS - contig=contig_5, start=158117, stop=159841, strand=+, nt=[ATGATCGATC..GACACAGTGA]
13:33:04.853 - INFO - CDS - contig=contig_5, start=159934, stop=160200, strand=+, nt=[ATGAAGGCTC..ATGCCAATGA]
13:33:04.853 - INFO - CDS - contig=contig_5, start=160426, stop=160605, strand=+, nt=[ATGGCCGAAG..TCTGCAATGA]
13:33:04.853 - INFO - CDS - contig=contig_5, start=161445, stop=161789, strand=-, nt=[GTGTCCGATT..TCCGGGCTGA]
13:33:04.853 - INFO - CDS - contig=contig_5, start=161946, stop=164624, strand=-, nt=[ATGCCCAAAA..GGGACGGTAA]
13:33:04.853 - INFO - CDS - contig=contig_5, start=164994, stop=165746, strand=-, nt=[ATGGACGAGA..CCGGGAGTGA]
13:33:04.853 - INFO - CDS - contig=contig_5, start=165832, stop=168015, strand=+, nt=[ATGGATGAAT..CGGGAGCTGA]
13:33:04.853 - INFO - CDS - contig=contig_5, start=168077, stop=168724, strand=-, nt=[ATGAAAAAAC..GGCGCCATAG]
13:33:04.854 - INFO - CDS - contig=contig_5, start=168870, stop=170111, strand=+, nt=[TTGGTCAACG..TTACAACTGA]
13:33:04.854 - INFO - CDS - contig=contig_5, start=170172, stop=170738, strand=+, nt=[ATGGAAATTC..GGCCTTTTGA]
13:33:04.854 - INFO - CDS - contig=contig_5, start=170852, stop=171007, strand=-, nt=[ATGAACGATA..TAAAAGGTAA]
13:33:04.854 - INFO - CDS - contig=contig_5, start=171212, stop=171985, strand=+, nt=[GTGAAACGTA..CGCCATGTGA]
13:33:04.854 - INFO - CDS - contig=contig_5, start=172070, stop=173350, strand=+, nt=[ATGCCATACC..CGGGACGTGA]
13:33:04.854 - INFO - CDS - contig=contig_5, start=173347, stop=173733, strand=+, nt=[GTGAAGCGCG..CAATCCGTAG]
13:33:04.854 - INFO - CDS - contig=contig_5, start=173888, stop=174823, strand=-, nt=[TTGACGATGC..TGCGCCCTGA]
13:33:04.854 - INFO - CDS - contig=contig_5, start=174956, stop=175156, strand=+, nt=[ATGGACATCC..GCAGGAATGA]
13:33:04.854 - INFO - CDS - contig=contig_5, start=175153, stop=176211, strand=+, nt=[ATGAAGGAAT..GGTGCGGTGA]
13:33:04.854 - INFO - CDS - contig=contig_5, start=176208, stop=177080, strand=+, nt=[GTGAGGTACG..GGGATTGTGA]
13:33:04.854 - INFO - CDS - contig=contig_5, start=177091, stop=177429, strand=+, nt=[ATGGAGGAGC..TACCGTGTAA]
13:33:04.854 - INFO - CDS - contig=contig_5, start=177727, stop=178584, strand=+, nt=[ATGACGGTGG..CGGTACATAG]
13:33:04.854 - INFO - CDS - contig=contig_5, start=178720, stop=179442, strand=+, nt=[ATGAGCGCCT..AATGCTGTGA]
13:33:04.854 - INFO - CDS - contig=contig_5, start=179911, stop=181677, strand=-, nt=[GTGGGCTATT..CAGCTTCTGA]
13:33:04.854 - INFO - CDS - contig=contig_5, start=181888, stop=182745, strand=-, nt=[ATGAACCGCG..CAAGGGATGA]
13:33:04.854 - INFO - CDS - contig=contig_5, start=182742, stop=183626, strand=-, nt=[ATGCAGCGTA..GGATACATGA]
13:33:04.854 - INFO - CDS - contig=contig_5, start=183718, stop=185043, strand=-, nt=[ATGAAACGAA..CCAGTCCTGA]
13:33:04.854 - INFO - CDS - contig=contig_5, start=185264, stop=187063, strand=+, nt=[ATGCCGAATG..GAGAAGGTGA]
13:33:04.854 - INFO - CDS - contig=contig_5, start=187068, stop=188621, strand=+, nt=[ATGTACCAGG..AAGAGCATGA]
13:33:04.854 - INFO - CDS - contig=contig_5, start=188608, stop=190263, strand=+, nt=[ATGGAAGAGC..CAGAGCCTGA]
13:33:04.854 - INFO - CDS - contig=contig_5, start=190367, stop=190744, strand=-, nt=[ATGAATCTTT..GACCGAATAA]
13:33:04.854 - INFO - CDS - contig=contig_5, start=190896, stop=191672, strand=+, nt=[ATGGGAATGC..GAACCTGTAG]
13:33:04.854 - INFO - CDS - contig=contig_5, start=191801, stop=192889, strand=+, nt=[ATGTCCTTTA..GGCGAAGTGA]
13:33:04.854 - INFO - CDS - contig=contig_5, start=193076, stop=194347, strand=-, nt=[ATGATCCGCT..GCGCAAATAA]
13:33:04.854 - INFO - CDS - contig=contig_5, start=194344, stop=195021, strand=-, nt=[ATGCGGATAC..CGTGCTATGA]
13:33:04.854 - INFO - CDS - contig=contig_5, start=195494, stop=197296, strand=+, nt=[ATGCCAATCA..CATGGGCTGA]
13:33:04.854 - INFO - CDS - contig=contig_5, start=197312, stop=198049, strand=+, nt=[ATGAGCCTGA..GGCGCTATGA]
13:33:04.854 - INFO - CDS - contig=contig_5, start=198046, stop=198633, strand=+, nt=[ATGAATGCAC..GATATGGTGA]
13:33:04.854 - INFO - CDS - contig=contig_5, start=198618, stop=199226, strand=+, nt=[ATGGACGATA..GGCCGACTAA]
13:33:04.854 - INFO - CDS - contig=contig_5, start=199251, stop=201290, strand=+, nt=[ATGAAACAGC..CACGGAATAA]
13:33:04.855 - INFO - CDS - contig=contig_5, start=201335, stop=201808, strand=-, nt=[ATGAACCGTG..AGCATTTTGA]
13:33:04.855 - INFO - CDS - contig=contig_5, start=202514, stop=203098, strand=+, nt=[ATGCTGGCGA..GCGCGGGTGA]
13:33:04.855 - INFO - CDS - contig=contig_5, start=203082, stop=203270, strand=-, nt=[ATGGCCAAAT..CGCTGTGTAA]
13:33:04.855 - INFO - CDS - contig=contig_5, start=203380, stop=205860, strand=-, nt=[ATGAGAGGCT..CGCGGAATGA]
13:33:04.855 - INFO - CDS - contig=contig_5, start=205857, stop=206528, strand=-, nt=[ATGCTGATCG..GGAGGTATGA]
13:33:04.855 - INFO - CDS - contig=contig_5, start=206688, stop=207833, strand=-, nt=[ATGGAACGGC..CGCTTCTTGA]
13:33:04.855 - INFO - CDS - contig=contig_5, start=207821, stop=208495, strand=-, nt=[ATGGCGGATA..GAACGGCTGA]
13:33:04.855 - INFO - CDS - contig=contig_5, start=208644, stop=209600, strand=+, nt=[ATGGAGAGCC..ACAGGAATGA]
13:33:04.855 - INFO - CDS - contig=contig_5, start=209673, stop=210950, strand=-, nt=[ATGAATCAAG..ACAGGACTGA]
13:33:04.855 - INFO - CDS - contig=contig_5, start=211015, stop=211815, strand=-, nt=[ATGGGAACGA..CCGTTTCTGA]
13:33:04.855 - INFO - CDS - contig=contig_5, start=212052, stop=212246, strand=+, nt=[ATGCTGACGC..AAAATTTTAG]
13:33:04.909 - INFO - CDS - contig=contig_6, start=373, stop=1326, strand=+, frame=1, truncated=no, start-type=ATG, RBS-motif=AGGAGG
13:33:04.909 - INFO - CDS - contig=contig_6, start=1333, stop=4278, strand=+, frame=1, truncated=no, start-type=ATG, RBS-motif=GGAG/GAGG
13:33:04.909 - INFO - CDS - contig=contig_6, start=4388, stop=5242, strand=-, frame=1, truncated=no, start-type=ATG, RBS-motif=AGGAGG
13:33:04.909 - INFO - CDS - contig=contig_6, start=5265, stop=5564, strand=-, frame=3, truncated=no, start-type=ATG, RBS-motif=GGAG/GAGG
13:33:04.909 - INFO - CDS - contig=contig_6, start=5566, stop=6915, strand=-, frame=2, truncated=no, start-type=ATG, RBS-motif=AGGA
13:33:04.909 - INFO - CDS - contig=contig_6, start=6948, stop=8264, strand=-, frame=3, truncated=no, start-type=ATG, RBS-motif=GGAGG
13:33:04.910 - INFO - CDS - contig=contig_6, start=8525, stop=9934, strand=+, frame=2, truncated=no, start-type=ATG, RBS-motif=GGAGG
13:33:04.910 - INFO - CDS - contig=contig_6, start=10110, stop=13442, strand=+, frame=3, truncated=no, start-type=ATG, RBS-motif=AGxAGG/AGGxGG
13:33:04.910 - INFO - CDS - contig=contig_6, start=13396, stop=13653, strand=-, frame=2, truncated=no, start-type=ATG, RBS-motif=GGAG/GAGG
13:33:04.910 - INFO - CDS - contig=contig_6, start=13736, stop=13957, strand=+, frame=2, truncated=no, start-type=ATG, RBS-motif=GGAG/GAGG
13:33:04.910 - INFO - CDS - contig=contig_6, start=14008, stop=17601, strand=+, frame=1, truncated=no, start-type=ATG, RBS-motif=GGAG/GAGG
13:33:04.910 - INFO - CDS - contig=contig_6, start=17727, stop=17933, strand=+, frame=3, truncated=no, start-type=ATG, RBS-motif=GGAG/GAGG
13:33:04.910 - INFO - CDS - contig=contig_6, start=18233, stop=18739, strand=+, frame=2, truncated=no, start-type=ATG, RBS-motif=GGAGG
13:33:04.910 - INFO - CDS - contig=contig_6, start=18754, stop=20058, strand=+, frame=1, truncated=no, start-type=ATG, RBS-motif=GGAGG
13:33:04.910 - INFO - CDS - contig=contig_6, start=20095, stop=20844, strand=+, frame=1, truncated=no, start-type=ATG, RBS-motif=GGA/GAG/AGG
13:33:04.910 - INFO - CDS - contig=contig_6, start=20841, stop=21374, strand=+, frame=3, truncated=no, start-type=ATG, RBS-motif=AGGAG
13:33:04.910 - INFO - CDS - contig=contig_6, start=21371, stop=22000, strand=+, frame=2, truncated=no, start-type=GTG, RBS-motif=GGAGG
13:33:04.910 - INFO - CDS - contig=contig_6, start=22095, stop=23099, strand=+, frame=3, truncated=no, start-type=TTG, RBS-motif=AGGAGG
13:33:04.910 - INFO - CDS - contig=contig_6, start=23286, stop=25067, strand=+, frame=3, truncated=no, start-type=ATG, RBS-motif=AGGAGG
13:33:04.910 - INFO - CDS - contig=contig_6, start=25072, stop=26409, strand=+, frame=1, truncated=no, start-type=ATG, RBS-motif=GGAGG
13:33:04.910 - INFO - CDS - contig=contig_6, start=26598, stop=27548, strand=+, frame=3, truncated=no, start-type=ATG, RBS-motif=AGGAGG
13:33:04.911 - INFO - CDS - contig=contig_6, start=27603, stop=27983, strand=-, frame=3, truncated=no, start-type=ATG, RBS-motif=AGGAG
13:33:04.911 - INFO - CDS - contig=contig_6, start=28210, stop=29337, strand=+, frame=1, truncated=no, start-type=ATG, RBS-motif=GGAG/GAGG
13:33:04.911 - INFO - CDS - contig=contig_6, start=29537, stop=29902, strand=+, frame=2, truncated=no, start-type=GTG, RBS-motif=GGA/GAG/AGG
13:33:04.911 - INFO - CDS - contig=contig_6, start=29962, stop=30519, strand=+, frame=1, truncated=no, start-type=ATG, RBS-motif=GGAGG
13:33:04.911 - INFO - CDS - contig=contig_6, start=30683, stop=32800, strand=-, frame=1, truncated=no, start-type=TTG, RBS-motif=AGGAG
13:33:04.911 - INFO - CDS - contig=contig_6, start=32966, stop=34423, strand=-, frame=1, truncated=no, start-type=ATG, RBS-motif=GGxGG
13:33:04.911 - INFO - CDS - contig=contig_6, start=34420, stop=35808, strand=-, frame=2, truncated=no, start-type=TTG, RBS-motif=AGGA
13:33:04.911 - INFO - CDS - contig=contig_6, start=36096, stop=36803, strand=-, frame=3, truncated=no, start-type=TTG, RBS-motif=GGAG/GAGG
13:33:04.911 - INFO - CDS - contig=contig_6, start=36966, stop=37739, strand=+, frame=3, truncated=no, start-type=ATG, RBS-motif=AGxAGG/AGGxGG
13:33:04.911 - INFO - CDS - contig=contig_6, start=38232, stop=38762, strand=-, frame=3, truncated=no, start-type=GTG, RBS-motif=GGAG/GAGG
13:33:04.911 - INFO - CDS - contig=contig_6, start=38756, stop=40078, strand=-, frame=1, truncated=no, start-type=ATG, RBS-motif=GGAGG
13:33:04.911 - INFO - CDS - contig=contig_6, start=40333, stop=40992, strand=-, frame=2, truncated=no, start-type=TTG, RBS-motif=AGGAGG
13:33:04.911 - INFO - CDS - contig=contig_6, start=41194, stop=41763, strand=+, frame=1, truncated=no, start-type=ATG, RBS-motif=GGAGG
13:33:04.911 - INFO - CDS - contig=contig_6, start=41802, stop=41987, strand=+, frame=3, truncated=no, start-type=ATG, RBS-motif=AGGAG
13:33:04.911 - INFO - CDS - contig=contig_6, start=42006, stop=42260, strand=+, frame=3, truncated=no, start-type=ATG, RBS-motif=AGGAGG
13:33:04.911 - INFO - CDS - contig=contig_6, start=42429, stop=42854, strand=+, frame=3, truncated=no, start-type=ATG, RBS-motif=AGGAG
13:33:04.911 - INFO - CDS - contig=contig_6, start=42874, stop=43371, strand=+, frame=1, truncated=no, start-type=ATG, RBS-motif=None
13:33:04.912 - INFO - CDS - contig=contig_6, start=43499, stop=45283, strand=+, frame=2, truncated=no, start-type=ATG, RBS-motif=GGAG/GAGG
13:33:04.912 - INFO - CDS - contig=contig_6, start=45297, stop=47174, strand=+, frame=3, truncated=no, start-type=ATG, RBS-motif=AGGAG
13:33:04.912 - INFO - CDS - contig=contig_6, start=47747, stop=48529, strand=-, frame=1, truncated=no, start-type=TTG, RBS-motif=GGxGG
13:33:04.912 - INFO - CDS - contig=contig_6, start=48938, stop=49855, strand=+, frame=2, truncated=no, start-type=ATG, RBS-motif=AGGAG
13:33:04.912 - INFO - CDS - contig=contig_6, start=49942, stop=51285, strand=+, frame=1, truncated=no, start-type=ATG, RBS-motif=AGGAG
13:33:04.912 - INFO - CDS - contig=contig_6, start=51345, stop=52727, strand=+, frame=3, truncated=no, start-type=ATG, RBS-motif=AGGAG
13:33:04.912 - INFO - CDS - contig=contig_6, start=52878, stop=53795, strand=+, frame=3, truncated=no, start-type=ATG, RBS-motif=GGAGG
13:33:04.912 - INFO - CDS - contig=contig_6, start=53811, stop=54656, strand=+, frame=3, truncated=no, start-type=ATG, RBS-motif=AGGAG
13:33:04.912 - INFO - CDS - contig=contig_6, start=54737, stop=54919, strand=-, frame=1, truncated=no, start-type=ATG, RBS-motif=GGAGG
13:33:04.912 - INFO - CDS - contig=contig_6, start=54987, stop=56051, strand=-, frame=3, truncated=no, start-type=ATG, RBS-motif=AGGAG
13:33:04.912 - INFO - CDS - contig=contig_6, start=56082, stop=56471, strand=-, frame=3, truncated=no, start-type=ATG, RBS-motif=AGGAG
13:33:04.912 - INFO - CDS - contig=contig_6, start=56510, stop=57919, strand=-, frame=1, truncated=no, start-type=ATG, RBS-motif=AGGA
13:33:04.912 - INFO - CDS - contig=contig_6, start=57945, stop=58388, strand=-, frame=3, truncated=no, start-type=ATG, RBS-motif=AGGAGG
13:33:04.912 - INFO - CDS - contig=contig_6, start=58701, stop=58961, strand=-, frame=3, truncated=no, start-type=ATG, RBS-motif=AGGA/GGAG/GAGG
13:33:04.912 - INFO - CDS - contig=contig_6, start=59672, stop=60274, strand=-, frame=1, truncated=no, start-type=ATG, RBS-motif=AGGAGG
13:33:04.912 - INFO - CDS - contig=contig_6, start=60518, stop=60706, strand=-, frame=1, truncated=no, start-type=GTG, RBS-motif=GGAG/GAGG
13:33:04.912 - INFO - CDS - contig=contig_6, start=60847, stop=61302, strand=+, frame=1, truncated=no, start-type=ATG, RBS-motif=AGGAGG
13:33:04.913 - INFO - CDS - contig=contig_6, start=61376, stop=63112, strand=-, frame=1, truncated=no, start-type=ATG, RBS-motif=AGGAG/GGAGG
13:33:04.913 - INFO - CDS - contig=contig_6, start=63106, stop=64944, strand=-, frame=2, truncated=no, start-type=ATG, RBS-motif=AGGAG
13:33:04.913 - INFO - CDS - contig=contig_6, start=65298, stop=65678, strand=-, frame=3, truncated=no, start-type=ATG, RBS-motif=AGGAGG
13:33:04.913 - INFO - CDS - contig=contig_6, start=65675, stop=66355, strand=-, frame=1, truncated=no, start-type=ATG, RBS-motif=GGAGG
13:33:04.913 - INFO - CDS - contig=contig_6, start=66696, stop=69188, strand=+, frame=3, truncated=no, start-type=GTG, RBS-motif=GGAG/GAGG
13:33:04.913 - INFO - CDS - contig=contig_6, start=69164, stop=69682, strand=+, frame=2, truncated=no, start-type=ATG, RBS-motif=None
13:33:04.913 - INFO - CDS - contig=contig_6, start=69871, stop=70962, strand=+, frame=1, truncated=no, start-type=ATG, RBS-motif=AGxAGG/AGGxGG
13:33:04.913 - INFO - CDS - contig=contig_6, start=70955, stop=74290, strand=+, frame=2, truncated=no, start-type=ATG, RBS-motif=AGGAGG
13:33:04.913 - INFO - CDS - contig=contig_6, start=74302, stop=75843, strand=+, frame=1, truncated=no, start-type=ATG, RBS-motif=AGGAG
13:33:04.913 - INFO - CDS - contig=contig_6, start=75959, stop=77032, strand=-, frame=1, truncated=no, start-type=ATG, RBS-motif=AGGAGG
13:33:04.913 - INFO - CDS - contig=contig_6, start=77075, stop=77680, strand=-, frame=1, truncated=no, start-type=ATG, RBS-motif=GGAG/GAGG
13:33:04.913 - INFO - CDS - contig=contig_6, start=77884, stop=78090, strand=+, frame=1, truncated=no, start-type=ATG, RBS-motif=AGGAG
13:33:04.913 - INFO - CDS - contig=contig_6, start=78077, stop=79249, strand=+, frame=2, truncated=no, start-type=ATG, RBS-motif=GGAGG
13:33:04.913 - INFO - CDS - contig=contig_6, start=79350, stop=79604, strand=+, frame=3, truncated=no, start-type=ATG, RBS-motif=AGGA/GGAG/GAGG
13:33:04.913 - INFO - CDS - contig=contig_6, start=79999, stop=81261, strand=+, frame=1, truncated=no, start-type=ATG, RBS-motif=AGGAGG
13:33:04.913 - INFO - CDS - contig=contig_6, start=81434, stop=81751, strand=+, frame=2, truncated=no, start-type=ATG, RBS-motif=AGGAG
13:33:04.913 - INFO - CDS - contig=contig_6, start=81844, stop=83103, strand=+, frame=1, truncated=no, start-type=ATG, RBS-motif=AGGAGG
13:33:04.914 - INFO - CDS - contig=contig_6, start=83318, stop=83647, strand=+, frame=2, truncated=no, start-type=ATG, RBS-motif=None
13:33:04.914 - INFO - CDS - contig=contig_6, start=83644, stop=83850, strand=+, frame=1, truncated=no, start-type=ATG, RBS-motif=GGAGG
13:33:04.914 - INFO - CDS - contig=contig_6, start=83862, stop=84164, strand=+, frame=3, truncated=no, start-type=ATG, RBS-motif=AGGAGG
13:33:04.914 - INFO - CDS - contig=contig_6, start=84335, stop=84580, strand=-, frame=1, truncated=no, start-type=ATG, RBS-motif=GGAGG
13:33:04.914 - INFO - CDS - contig=contig_6, start=84928, stop=85467, strand=+, frame=1, truncated=no, start-type=ATG, RBS-motif=GGAGG
13:33:04.914 - INFO - CDS - contig=contig_6, start=85495, stop=85902, strand=-, frame=2, truncated=no, start-type=ATG, RBS-motif=AGGAGG
13:33:04.914 - INFO - CDS - contig=contig_6, start=85974, stop=87191, strand=-, frame=3, truncated=no, start-type=ATG, RBS-motif=AGGA
13:33:04.914 - INFO - CDS - contig=contig_6, start=87393, stop=87596, strand=+, frame=3, truncated=no, start-type=ATG, RBS-motif=GGAGG
13:33:04.914 - INFO - CDS - contig=contig_6, start=87593, stop=88021, strand=+, frame=2, truncated=no, start-type=ATG, RBS-motif=AGGAGG
13:33:04.914 - INFO - CDS - contig=contig_6, start=88796, stop=90082, strand=-, frame=1, truncated=no, start-type=ATG, RBS-motif=AGGAG/GGAGG
13:33:04.914 - INFO - CDS - contig=contig_6, start=90182, stop=90697, strand=-, frame=1, truncated=no, start-type=TTG, RBS-motif=AGGAGG
13:33:04.914 - INFO - CDS - contig=contig_6, start=90741, stop=91178, strand=-, frame=3, truncated=no, start-type=TTG, RBS-motif=GGAGG
13:33:04.914 - INFO - CDS - contig=contig_6, start=91126, stop=92160, strand=-, frame=2, truncated=no, start-type=ATG, RBS-motif=AGGAG
13:33:04.914 - INFO - CDS - contig=contig_6, start=92326, stop=92586, strand=-, frame=2, truncated=no, start-type=ATG, RBS-motif=GGxGG
13:33:04.914 - INFO - CDS - contig=contig_6, start=92718, stop=92930, strand=-, frame=3, truncated=no, start-type=ATG, RBS-motif=AGGAGG
13:33:04.914 - INFO - CDS - contig=contig_6, start=93188, stop=94240, strand=+, frame=2, truncated=no, start-type=ATG, RBS-motif=GGAG/GAGG
13:33:04.914 - INFO - CDS - contig=contig_6, start=94298, stop=95689, strand=+, frame=2, truncated=no, start-type=ATG, RBS-motif=AGGAG
13:33:04.914 - INFO - CDS - contig=contig_6, start=95762, stop=96751, strand=-, frame=1, truncated=no, start-type=ATG, RBS-motif=GGAGG
13:33:04.915 - INFO - CDS - contig=contig_6, start=96832, stop=98739, strand=+, frame=1, truncated=no, start-type=ATG, RBS-motif=GGAG/GAGG
13:33:04.915 - INFO - CDS - contig=contig_6, start=98736, stop=99371, strand=+, frame=3, truncated=no, start-type=ATG, RBS-motif=AGGAGG
13:33:04.915 - INFO - CDS - contig=contig_6, start=99387, stop=100454, strand=+, frame=3, truncated=no, start-type=ATG, RBS-motif=GGA/GAG/AGG
13:33:04.915 - INFO - CDS - contig=contig_6, start=100518, stop=100787, strand=+, frame=3, truncated=no, start-type=ATG, RBS-motif=AGGAG
13:33:04.915 - INFO - CDS - contig=contig_6, start=100806, stop=100913, strand=+, frame=3, truncated=no, start-type=ATG, RBS-motif=GGAG/GAGG
13:33:04.915 - INFO - CDS - contig=contig_6, start=100933, stop=101952, strand=+, frame=1, truncated=no, start-type=ATG, RBS-motif=GGA/GAG/AGG
13:33:04.915 - INFO - CDS - contig=contig_6, start=102102, stop=102710, strand=+, frame=3, truncated=no, start-type=ATG, RBS-motif=AGGAGG
13:33:04.915 - INFO - CDS - contig=contig_6, start=102769, stop=104178, strand=+, frame=1, truncated=no, start-type=ATG, RBS-motif=AGGAGG
13:33:04.915 - INFO - CDS - contig=contig_6, start=104286, stop=104795, strand=+, frame=3, truncated=no, start-type=ATG, RBS-motif=AGxAGG/AGGxGG
13:33:04.915 - INFO - CDS - contig=contig_6, start=104773, stop=106143, strand=+, frame=1, truncated=no, start-type=ATG, RBS-motif=AGGAGG
13:33:04.915 - INFO - CDS - contig=contig_6, start=106829, stop=107566, strand=+, frame=2, truncated=no, start-type=ATG, RBS-motif=GGAGG
13:33:04.915 - INFO - CDS - contig=contig_6, start=107708, stop=109294, strand=+, frame=2, truncated=no, start-type=ATG, RBS-motif=AGGAG
13:33:04.915 - INFO - CDS - contig=contig_6, start=109375, stop=110346, strand=+, frame=1, truncated=no, start-type=ATG, RBS-motif=AGGAGG
13:33:04.915 - INFO - CDS - contig=contig_6, start=110321, stop=111205, strand=+, frame=2, truncated=no, start-type=ATG, RBS-motif=GGA/GAG/AGG
13:33:04.915 - INFO - CDS - contig=contig_6, start=111416, stop=112942, strand=+, frame=2, truncated=no, start-type=ATG, RBS-motif=GGAG/GAGG
13:33:04.915 - INFO - CDS - contig=contig_6, start=112942, stop=113652, strand=+, frame=1, truncated=no, start-type=ATG, RBS-motif=AGGAGG
13:33:04.915 - INFO - CDS - contig=contig_6, start=113771, stop=114316, strand=+, frame=2, truncated=no, start-type=ATG, RBS-motif=AGxAGG/AGGxGG
13:33:04.916 - INFO - CDS - contig=contig_6, start=114611, stop=116299, strand=-, frame=1, truncated=no, start-type=ATG, RBS-motif=AGGAGG
13:33:04.916 - INFO - CDS - contig=contig_6, start=116726, stop=118111, strand=-, frame=1, truncated=no, start-type=ATG, RBS-motif=AGGAGG
13:33:04.916 - INFO - CDS - contig=contig_6, start=118108, stop=118851, strand=-, frame=2, truncated=no, start-type=ATG, RBS-motif=GGAGG
13:33:04.916 - INFO - CDS - contig=contig_6, start=118848, stop=119345, strand=-, frame=3, truncated=no, start-type=ATG, RBS-motif=GGAGG
13:33:04.916 - INFO - CDS - contig=contig_6, start=119335, stop=120057, strand=-, frame=2, truncated=no, start-type=ATG, RBS-motif=AGGAGG
13:33:04.916 - INFO - CDS - contig=contig_6, start=120054, stop=120443, strand=-, frame=3, truncated=no, start-type=ATG, RBS-motif=AGGAG/GGAGG
13:33:04.916 - INFO - CDS - contig=contig_6, start=120758, stop=121324, strand=-, frame=1, truncated=no, start-type=GTG, RBS-motif=GGAGG
13:33:04.916 - INFO - CDS - contig=contig_6, start=121346, stop=122383, strand=-, frame=1, truncated=no, start-type=ATG, RBS-motif=None
13:33:04.916 - INFO - CDS - contig=contig_6, start=122380, stop=123864, strand=-, frame=2, truncated=no, start-type=ATG, RBS-motif=AGGAG
13:33:04.916 - INFO - CDS - contig=contig_6, start=124012, stop=125013, strand=+, frame=1, truncated=no, start-type=ATG, RBS-motif=AGGA/GGAG/GAGG
13:33:04.916 - INFO - CDS - contig=contig_6, start=125029, stop=126141, strand=+, frame=1, truncated=no, start-type=ATG, RBS-motif=AGGAG
13:33:04.916 - INFO - CDS - contig=contig_6, start=126138, stop=127286, strand=+, frame=3, truncated=no, start-type=GTG, RBS-motif=AGGAGG
13:33:04.916 - INFO - CDS - contig=contig_6, start=127440, stop=128249, strand=+, frame=3, truncated=no, start-type=TTG, RBS-motif=AGGAGG
13:33:04.916 - INFO - CDS - contig=contig_6, start=128212, stop=128514, strand=-, frame=2, truncated=no, start-type=ATG, RBS-motif=AGGAGG
13:33:04.916 - INFO - CDS - contig=contig_6, start=128507, stop=129004, strand=-, frame=1, truncated=no, start-type=ATG, RBS-motif=AGGAGG
13:33:04.916 - INFO - CDS - contig=contig_6, start=129029, stop=129316, strand=-, frame=1, truncated=no, start-type=ATG, RBS-motif=GGAG/GAGG
13:33:04.916 - INFO - CDS - contig=contig_6, start=129390, stop=129854, strand=+, frame=3, truncated=no, start-type=ATG, RBS-motif=GGA/GAG/AGG
13:33:04.916 - INFO - CDS - contig=contig_6, start=129876, stop=130652, strand=+, frame=3, truncated=no, start-type=ATG, RBS-motif=GGAG/GAGG
13:33:04.916 - INFO - CDS - contig=contig_6, start=130673, stop=132049, strand=+, frame=2, truncated=no, start-type=ATG, RBS-motif=AGGA
13:33:04.917 - INFO - CDS - contig=contig_6, start=132046, stop=132612, strand=+, frame=1, truncated=no, start-type=ATG, RBS-motif=GGAGG
13:33:04.917 - INFO - CDS - contig=contig_6, start=132638, stop=133927, strand=+, frame=2, truncated=no, start-type=ATG, RBS-motif=GGAGG
13:33:04.917 - INFO - CDS - contig=contig_6, start=134665, stop=135612, strand=-, frame=2, truncated=no, start-type=ATG, RBS-motif=GGxGG
13:33:04.917 - INFO - CDS - contig=contig_6, start=135614, stop=136072, strand=-, frame=1, truncated=no, start-type=ATG, RBS-motif=AGxAGG/AGGxGG
13:33:04.917 - INFO - CDS - contig=contig_6, start=373, stop=1326, strand=+, nt=[ATGCACGCAC..GAGAGGGTGA]
13:33:04.917 - INFO - CDS - contig=contig_6, start=1333, stop=4278, strand=+, nt=[ATGTATCTTG..TCTGTTTTAA]
13:33:04.917 - INFO - CDS - contig=contig_6, start=4388, stop=5242, strand=-, nt=[ATGTTCCGGT..CGTTCGATAG]
13:33:04.917 - INFO - CDS - contig=contig_6, start=5265, stop=5564, strand=-, nt=[ATGAAACTGA..GGAGCTGTAG]
13:33:04.917 - INFO - CDS - contig=contig_6, start=5566, stop=6915, strand=-, nt=[ATGAAAAAAA..GGTGCTCTGA]
13:33:04.917 - INFO - CDS - contig=contig_6, start=6948, stop=8264, strand=-, nt=[ATGGAACTCT..GATCCTATAA]
13:33:04.917 - INFO - CDS - contig=contig_6, start=8525, stop=9934, strand=+, nt=[ATGGGACTCC..GGTACAATAG]
13:33:04.917 - INFO - CDS - contig=contig_6, start=10110, stop=13442, strand=+, nt=[ATGCTCAAGC..GCAAGGATGA]
13:33:04.917 - INFO - CDS - contig=contig_6, start=13396, stop=13653, strand=-, nt=[ATGTTTGATT..TCGCCCTTAA]
13:33:04.917 - INFO - CDS - contig=contig_6, start=13736, stop=13957, strand=+, nt=[ATGGCGTCGT..CGCGCGGTAA]
13:33:04.917 - INFO - CDS - contig=contig_6, start=14008, stop=17601, strand=+, nt=[ATGGCCTTTT..GGACCTGTGA]
13:33:04.917 - INFO - CDS - contig=contig_6, start=17727, stop=17933, strand=+, nt=[ATGAAGGAAG..CAAGAAGTAA]
13:33:04.917 - INFO - CDS - contig=contig_6, start=18233, stop=18739, strand=+, nt=[ATGTTTGAGA..GCGGACCTGA]
13:33:04.917 - INFO - CDS - contig=contig_6, start=18754, stop=20058, strand=+, nt=[ATGACGCAGT..GGAAGAATAA]
13:33:04.917 - INFO - CDS - contig=contig_6, start=20095, stop=20844, strand=+, nt=[ATGCTTTATC..GGAAGCATGA]
13:33:04.917 - INFO - CDS - contig=contig_6, start=20841, stop=21374, strand=+, nt=[ATGAGCCTGT..GATGCAGTGA]
13:33:04.917 - INFO - CDS - contig=contig_6, start=21371, stop=22000, strand=+, nt=[GTGACGGAAT..GATCAAATAA]
13:33:04.917 - INFO - CDS - contig=contig_6, start=22095, stop=23099, strand=+, nt=[TTGACACTGA..CGTGAAATAG]
13:33:04.917 - INFO - CDS - contig=contig_6, start=23286, stop=25067, strand=+, nt=[ATGGCCATTC..TGGAGGATGA]
13:33:04.917 - INFO - CDS - contig=contig_6, start=25072, stop=26409, strand=+, nt=[ATGAGTGAAA..TCTGAACTAA]
13:33:04.917 - INFO - CDS - contig=contig_6, start=26598, stop=27548, strand=+, nt=[ATGAACAACA..TCCGCACTGA]
13:33:04.917 - INFO - CDS - contig=contig_6, start=27603, stop=27983, strand=-, nt=[ATGTTGGACG..CGGAGAATAA]
13:33:04.917 - INFO - CDS - contig=contig_6, start=28210, stop=29337, strand=+, nt=[ATGGACGATA..CCTGGGCTGA]
13:33:04.917 - INFO - CDS - contig=contig_6, start=29537, stop=29902, strand=+, nt=[GTGGACAACA..CATGATTTGA]
13:33:04.917 - INFO - CDS - contig=contig_6, start=29962, stop=30519, strand=+, nt=[ATGAACCAAT..AAGCGGATAA]
13:33:04.918 - INFO - CDS - contig=contig_6, start=30683, stop=32800, strand=-, nt=[TTGCTGGAAA..TCTGTTCTGA]
13:33:04.918 - INFO - CDS - contig=contig_6, start=32966, stop=34423, strand=-, nt=[ATGAACTTCC..ACGTTCTTGA]
13:33:04.918 - INFO - CDS - contig=contig_6, start=34420, stop=35808, strand=-, nt=[TTGAAGATCA..CGTGCAATGA]
13:33:04.918 - INFO - CDS - contig=contig_6, start=36096, stop=36803, strand=-, nt=[TTGAAGAAGA..GACCATCTGA]
13:33:04.918 - INFO - CDS - contig=contig_6, start=36966, stop=37739, strand=+, nt=[ATGCATGAGC..GGCCCGATGA]
13:33:04.918 - INFO - CDS - contig=contig_6, start=38232, stop=38762, strand=-, nt=[GTGTTGATCT..ATGCGGTTGA]
13:33:04.918 - INFO - CDS - contig=contig_6, start=38756, stop=40078, strand=-, nt=[ATGCGTCCTG..CCCGTGTTGA]
13:33:04.918 - INFO - CDS - contig=contig_6, start=40333, stop=40992, strand=-, nt=[TTGGATCATG..AGTTTCCTGA]
13:33:04.918 - INFO - CDS - contig=contig_6, start=41194, stop=41763, strand=+, nt=[ATGGAGGAGC..GCAGGGATAA]
13:33:04.918 - INFO - CDS - contig=contig_6, start=41802, stop=41987, strand=+, nt=[ATGGCAAACC..TTTGAAGTAA]
13:33:04.918 - INFO - CDS - contig=contig_6, start=42006, stop=42260, strand=+, nt=[ATGAACGACC..GCCCCAGTGA]
13:33:04.918 - INFO - CDS - contig=contig_6, start=42429, stop=42854, strand=+, nt=[ATGAGTAAAG..CGGCTTCTGA]
13:33:04.918 - INFO - CDS - contig=contig_6, start=42874, stop=43371, strand=+, nt=[ATGCGGGCCA..AAGGCCTTGA]
13:33:04.918 - INFO - CDS - contig=contig_6, start=43499, stop=45283, strand=+, nt=[ATGCTGCTTT..AGAGAAATAG]
13:33:04.918 - INFO - CDS - contig=contig_6, start=45297, stop=47174, strand=+, nt=[ATGGTGGGAC..GGCCCAGTAA]
13:33:04.918 - INFO - CDS - contig=contig_6, start=47747, stop=48529, strand=-, nt=[TTGGAAAATC..GGAAGAATAG]
13:33:04.918 - INFO - CDS - contig=contig_6, start=48938, stop=49855, strand=+, nt=[ATGGCGAGAG..CCTGGACTGA]
13:33:04.918 - INFO - CDS - contig=contig_6, start=49942, stop=51285, strand=+, nt=[ATGAACCAAA..CATCCTTTGA]
13:33:04.918 - INFO - CDS - contig=contig_6, start=51345, stop=52727, strand=+, nt=[ATGACGAAGA..TGAAAGCTAG]
13:33:04.918 - INFO - CDS - contig=contig_6, start=52878, stop=53795, strand=+, nt=[ATGAGACGTG..GGAAGACTGA]
13:33:04.918 - INFO - CDS - contig=contig_6, start=53811, stop=54656, strand=+, nt=[ATGACAACGA..CAAGGGATGA]
13:33:04.918 - INFO - CDS - contig=contig_6, start=54737, stop=54919, strand=-, nt=[ATGAAACCAT..CAAAAAGTAG]
13:33:04.918 - INFO - CDS - contig=contig_6, start=54987, stop=56051, strand=-, nt=[ATGCCCAACT..CTTCAACTGA]
13:33:04.918 - INFO - CDS - contig=contig_6, start=56082, stop=56471, strand=-, nt=[ATGAAACGGC..AGTGAACTGA]
13:33:04.928 - INFO - CDS - contig=contig_6, start=56510, stop=57919, strand=-, nt=[ATGAAAAAAC..GCTGGGTTAA]
13:33:04.928 - INFO - CDS - contig=contig_6, start=57945, stop=58388, strand=-, nt=[ATGGCATTCT..GCTCCGTTAA]
13:33:04.928 - INFO - CDS - contig=contig_6, start=58701, stop=58961, strand=-, nt=[ATGAGAGCGA..TGCGGCTTGA]
13:33:04.928 - INFO - CDS - contig=contig_6, start=59672, stop=60274, strand=-, nt=[ATGAAAAAAC..CATCGGTTAA]
13:33:04.929 - INFO - CDS - contig=contig_6, start=60518, stop=60706, strand=-, nt=[GTGCAGAATC..CCAGTTCTAA]
13:33:04.929 - INFO - CDS - contig=contig_6, start=60847, stop=61302, strand=+, nt=[ATGAAATGCC..AGAAAAGTGA]
13:33:04.929 - INFO - CDS - contig=contig_6, start=61376, stop=63112, strand=-, nt=[ATGGTAACCA..CGCGAAGTGA]
13:33:04.929 - INFO - CDS - contig=contig_6, start=63106, stop=64944, strand=-, nt=[ATGAGCAGAC..AAAATGGTAA]
13:33:04.929 - INFO - CDS - contig=contig_6, start=65298, stop=65678, strand=-, nt=[ATGAAGCGCC..TGTATTCTGA]
13:33:04.929 - INFO - CDS - contig=contig_6, start=65675, stop=66355, strand=-, nt=[ATGGTCATCG..GGTCGGATGA]
13:33:04.929 - INFO - CDS - contig=contig_6, start=66696, stop=69188, strand=+, nt=[GTGTGTGCGT..TATTATGTGA]
13:33:04.929 - INFO - CDS - contig=contig_6, start=69164, stop=69682, strand=+, nt=[ATGTTTGGCG..CGGCGGCTGA]
13:33:04.929 - INFO - CDS - contig=contig_6, start=69871, stop=70962, strand=+, nt=[ATGAAGGCGA..AAATGCCTAA]
13:33:04.929 - INFO - CDS - contig=contig_6, start=70955, stop=74290, strand=+, nt=[ATGCCTAAGA..TGAGATTTAG]
13:33:04.929 - INFO - CDS - contig=contig_6, start=74302, stop=75843, strand=+, nt=[ATGAAACACC..GTGGGAATAA]
13:33:04.929 - INFO - CDS - contig=contig_6, start=75959, stop=77032, strand=-, nt=[ATGTCAGTAA..TATGCCGTGA]
13:33:04.929 - INFO - CDS - contig=contig_6, start=77075, stop=77680, strand=-, nt=[ATGGACAATT..TAATGAGTAA]
13:33:04.929 - INFO - CDS - contig=contig_6, start=77884, stop=78090, strand=+, nt=[ATGAGAGCAC..CGGAAAATGA]
13:33:04.929 - INFO - CDS - contig=contig_6, start=78077, stop=79249, strand=+, nt=[ATGACGGAAA..AATCGAATGA]
13:33:04.929 - INFO - CDS - contig=contig_6, start=79350, stop=79604, strand=+, nt=[ATGAAAAGCG..GGAGCTGTGA]
13:33:04.929 - INFO - CDS - contig=contig_6, start=79999, stop=81261, strand=+, nt=[ATGGCAAGAG..AGCTCGCTGA]
13:33:04.929 - INFO - CDS - contig=contig_6, start=81434, stop=81751, strand=+, nt=[ATGAGAACAG..CAGGAATTGA]
13:33:04.929 - INFO - CDS - contig=contig_6, start=81844, stop=83103, strand=+, nt=[ATGAAACGAC..CGGTCGATAA]
13:33:04.929 - INFO - CDS - contig=contig_6, start=83318, stop=83647, strand=+, nt=[ATGAATAAAG..CAAGGAATGA]
13:33:04.929 - INFO - CDS - contig=contig_6, start=83644, stop=83850, strand=+, nt=[ATGAATGACG..TTACTTTTAA]
13:33:04.929 - INFO - CDS - contig=contig_6, start=83862, stop=84164, strand=+, nt=[ATGGATAATA..AATCTTTTAA]
13:33:04.929 - INFO - CDS - contig=contig_6, start=84335, stop=84580, strand=-, nt=[ATGAGCAAAC..CCCTCGATAG]
13:33:04.929 - INFO - CDS - contig=contig_6, start=84928, stop=85467, strand=+, nt=[ATGTATTATA..CGCGCGATAG]
13:33:04.929 - INFO - CDS - contig=contig_6, start=85495, stop=85902, strand=-, nt=[ATGACAGACC..GCCGCGATGA]
13:33:04.929 - INFO - CDS - contig=contig_6, start=85974, stop=87191, strand=-, nt=[ATGATACCAC..GAAGTCCTGA]
13:33:04.929 - INFO - CDS - contig=contig_6, start=87393, stop=87596, strand=+, nt=[ATGAAAAATA..TGCAAAATGA]
13:33:04.929 - INFO - CDS - contig=contig_6, start=87593, stop=88021, strand=+, nt=[ATGAAAAATA..AGAAATGTAA]
13:33:04.929 - INFO - CDS - contig=contig_6, start=88796, stop=90082, strand=-, nt=[ATGAAAACGA..TGAGACATGA]
13:33:04.930 - INFO - CDS - contig=contig_6, start=90182, stop=90697, strand=-, nt=[TTGTCCGGCT..AAAATCTTAA]
13:33:04.930 - INFO - CDS - contig=contig_6, start=90741, stop=91178, strand=-, nt=[TTGCATTTCG..GACGGGATGA]
13:33:04.930 - INFO - CDS - contig=contig_6, start=91126, stop=92160, strand=-, nt=[ATGAAACGCC..CCGCCGCTGA]
13:33:04.930 - INFO - CDS - contig=contig_6, start=92326, stop=92586, strand=-, nt=[ATGTGTTGTT..CTGCAGCTGA]
13:33:04.930 - INFO - CDS - contig=contig_6, start=92718, stop=92930, strand=-, nt=[ATGTATCAGG..CGTTGCCTGA]
13:33:04.930 - INFO - CDS - contig=contig_6, start=93188, stop=94240, strand=+, nt=[ATGAAGATCG..CGGAAGGTGA]
13:33:04.930 - INFO - CDS - contig=contig_6, start=94298, stop=95689, strand=+, nt=[ATGGAGCCGA..ACCGGTATGA]
13:33:04.930 - INFO - CDS - contig=contig_6, start=95762, stop=96751, strand=-, nt=[ATGGATGCCA..CTTCGGCTGA]
13:33:04.930 - INFO - CDS - contig=contig_6, start=96832, stop=98739, strand=+, nt=[ATGATCGATA..CCAGGCATGA]
13:33:04.930 - INFO - CDS - contig=contig_6, start=98736, stop=99371, strand=+, nt=[ATGAGGAGGA..TGATAGGTGA]
13:33:04.930 - INFO - CDS - contig=contig_6, start=99387, stop=100454, strand=+, nt=[ATGGAAAAAC..AAAACGCTGA]
13:33:04.930 - INFO - CDS - contig=contig_6, start=100518, stop=100787, strand=+, nt=[ATGGAACTGA..CTATGAATAG]
13:33:04.930 - INFO - CDS - contig=contig_6, start=100806, stop=100913, strand=+, nt=[ATGAAGAAAG..GCGCCGCTGA]
13:33:04.930 - INFO - CDS - contig=contig_6, start=100933, stop=101952, strand=+, nt=[ATGAGCGTGA..AGAGGCGTAG]
13:33:04.930 - INFO - CDS - contig=contig_6, start=102102, stop=102710, strand=+, nt=[ATGAAGCGCA..CGCAGGTTGA]
13:33:04.930 - INFO - CDS - contig=contig_6, start=102769, stop=104178, strand=+, nt=[ATGGAAGAAA..GGCAAAGTAA]
13:33:04.930 - INFO - CDS - contig=contig_6, start=104286, stop=104795, strand=+, nt=[ATGCAGGACG..GTCAGGCTGA]
13:33:04.930 - INFO - CDS - contig=contig_6, start=104773, stop=106143, strand=+, nt=[ATGAAGCACA..GCTGCCGTAA]
13:33:04.930 - INFO - CDS - contig=contig_6, start=106829, stop=107566, strand=+, nt=[ATGGATGAGA..CCAGAGCTAG]
13:33:04.930 - INFO - CDS - contig=contig_6, start=107708, stop=109294, strand=+, nt=[ATGAAACGGA..CAAACCGTAA]
13:33:04.930 - INFO - CDS - contig=contig_6, start=109375, stop=110346, strand=+, nt=[ATGGGCCGTT..CCATGGATAG]
13:33:04.930 - INFO - CDS - contig=contig_6, start=110321, stop=111205, strand=+, nt=[ATGCCGCGGG..TTCGCATTGA]
13:33:04.930 - INFO - CDS - contig=contig_6, start=111416, stop=112942, strand=+, nt=[ATGCGAAAAA..GGAGCTCTGA]
13:33:04.930 - INFO - CDS - contig=contig_6, start=112942, stop=113652, strand=+, nt=[ATGAGTCAGA..GGAGGCGTAA]
13:33:04.930 - INFO - CDS - contig=contig_6, start=113771, stop=114316, strand=+, nt=[ATGGCACGCA..CCGGGCCTGA]
13:33:04.930 - INFO - CDS - contig=contig_6, start=114611, stop=116299, strand=-, nt=[ATGAAACCGG..CGGAGAGTAG]
13:33:04.930 - INFO - CDS - contig=contig_6, start=116726, stop=118111, strand=-, nt=[ATGAAGGCAG..AGGCGCGTAA]
13:33:04.930 - INFO - CDS - contig=contig_6, start=118108, stop=118851, strand=-, nt=[ATGATCCAGA..AGCGAAATGA]
13:33:04.930 - INFO - CDS - contig=contig_6, start=118848, stop=119345, strand=-, nt=[ATGAAGCTTG..TGTATCATGA]
13:33:04.930 - INFO - CDS - contig=contig_6, start=119335, stop=120057, strand=-, nt=[ATGAAGCGAT..TGAAGCTTGA]
13:33:04.931 - INFO - CDS - contig=contig_6, start=120054, stop=120443, strand=-, nt=[ATGATCTCCT..GGACGAATGA]
13:33:04.931 - INFO - CDS - contig=contig_6, start=120758, stop=121324, strand=-, nt=[GTGAAACGGC..CCCCCCCTGA]
13:33:04.931 - INFO - CDS - contig=contig_6, start=121346, stop=122383, strand=-, nt=[ATGAAGCGGC..CAACCCCTAA]
13:33:04.931 - INFO - CDS - contig=contig_6, start=122380, stop=123864, strand=-, nt=[ATGGATATGA..GACCCGATGA]
13:33:04.931 - INFO - CDS - contig=contig_6, start=124012, stop=125013, strand=+, nt=[ATGGAAAACG..GCCCCGGTAA]
13:33:04.931 - INFO - CDS - contig=contig_6, start=125029, stop=126141, strand=+, nt=[ATGCCAATGA..GCGGAAGTGA]
13:33:04.931 - INFO - CDS - contig=contig_6, start=126138, stop=127286, strand=+, nt=[GTGAAGCGCG..CCGGGCGTAA]
13:33:04.931 - INFO - CDS - contig=contig_6, start=127440, stop=128249, strand=+, nt=[TTGGAGCGAA..CCAAGGGTGA]
13:33:04.931 - INFO - CDS - contig=contig_6, start=128212, stop=128514, strand=-, nt=[ATGTATAACC..CCTGGAGTGA]
13:33:04.931 - INFO - CDS - contig=contig_6, start=128507, stop=129004, strand=-, nt=[ATGGCCGAGT..AGATGTATAA]
13:33:04.931 - INFO - CDS - contig=contig_6, start=129029, stop=129316, strand=-, nt=[ATGGCGAAAC..CAAGAAATAA]
13:33:04.931 - INFO - CDS - contig=contig_6, start=129390, stop=129854, strand=+, nt=[ATGAAGCTTT..GCCGATTTGA]
13:33:04.931 - INFO - CDS - contig=contig_6, start=129876, stop=130652, strand=+, nt=[ATGCTGCTTG..GAAATCGTAA]
13:33:04.931 - INFO - CDS - contig=contig_6, start=130673, stop=132049, strand=+, nt=[ATGAGTGAGA..CGTGGAATGA]
13:33:04.931 - INFO - CDS - contig=contig_6, start=132046, stop=132612, strand=+, nt=[ATGAAGCTCC..ATTCCTATAA]
13:33:04.931 - INFO - CDS - contig=contig_6, start=132638, stop=133927, strand=+, nt=[ATGAAGCAGG..GTGGGAATGA]
13:33:04.931 - INFO - CDS - contig=contig_6, start=134665, stop=135612, strand=-, nt=[ATGGAGCGAA..AAATGAGTAA]
13:33:04.931 - INFO - CDS - contig=contig_6, start=135614, stop=136072, strand=-, nt=[ATGGAGCAAG..GGGGGATTGA]
13:33:04.960 - INFO - CDS - contig=contig_7, start=2023, stop=3111, strand=-, frame=1, truncated=no, start-type=ATG, RBS-motif=AGxAGG/AGGxGG
13:33:04.960 - INFO - CDS - contig=contig_7, start=3138, stop=4208, strand=-, frame=2, truncated=no, start-type=ATG, RBS-motif=GGAGG
13:33:04.960 - INFO - CDS - contig=contig_7, start=4205, stop=5725, strand=-, frame=3, truncated=no, start-type=ATG, RBS-motif=AGGAGG
13:33:04.960 - INFO - CDS - contig=contig_7, start=6076, stop=7005, strand=+, frame=1, truncated=no, start-type=ATG, RBS-motif=AGxAGG/AGGxGG
13:33:04.961 - INFO - CDS - contig=contig_7, start=7089, stop=9770, strand=-, frame=2, truncated=no, start-type=ATG, RBS-motif=AGGA
13:33:04.961 - INFO - CDS - contig=contig_7, start=9822, stop=10550, strand=-, frame=2, truncated=no, start-type=ATG, RBS-motif=GGAGG
13:33:04.961 - INFO - CDS - contig=contig_7, start=10547, stop=10906, strand=-, frame=3, truncated=no, start-type=ATG, RBS-motif=GGA/GAG/AGG
13:33:04.961 - INFO - CDS - contig=contig_7, start=11356, stop=13203, strand=+, frame=1, truncated=no, start-type=ATG, RBS-motif=GGAG/GAGG
13:33:04.961 - INFO - CDS - contig=contig_7, start=13200, stop=13769, strand=+, frame=3, truncated=no, start-type=ATG, RBS-motif=GGAG/GAGG
13:33:04.961 - INFO - CDS - contig=contig_7, start=13867, stop=14469, strand=+, frame=1, truncated=no, start-type=ATG, RBS-motif=AGGA
13:33:04.961 - INFO - CDS - contig=contig_7, start=14709, stop=15977, strand=-, frame=2, truncated=no, start-type=ATG, RBS-motif=AGGAGG
13:33:04.961 - INFO - CDS - contig=contig_7, start=16210, stop=19722, strand=-, frame=1, truncated=no, start-type=ATG, RBS-motif=AGGAGG
13:33:04.961 - INFO - CDS - contig=contig_7, start=19772, stop=20809, strand=-, frame=3, truncated=no, start-type=ATG, RBS-motif=GGA/GAG/AGG
13:33:04.961 - INFO - CDS - contig=contig_7, start=20802, stop=21395, strand=-, frame=2, truncated=no, start-type=ATG, RBS-motif=GGA/GAG/AGG
13:33:04.961 - INFO - CDS - contig=contig_7, start=21633, stop=22592, strand=-, frame=2, truncated=no, start-type=ATG, RBS-motif=AGGAG/GGAGG
13:33:04.961 - INFO - CDS - contig=contig_7, start=22644, stop=23846, strand=-, frame=2, truncated=no, start-type=ATG, RBS-motif=GGAG/GAGG
13:33:04.961 - INFO - CDS - contig=contig_7, start=24049, stop=24531, strand=-, frame=1, truncated=no, start-type=ATG, RBS-motif=AGGA
13:33:04.961 - INFO - CDS - contig=contig_7, start=24730, stop=25119, strand=+, frame=1, truncated=no, start-type=ATG, RBS-motif=AGGAG
13:33:04.961 - INFO - CDS - contig=contig_7, start=25116, stop=26018, strand=+, frame=3, truncated=no, start-type=ATG, RBS-motif=AGGAGG
13:33:04.961 - INFO - CDS - contig=contig_7, start=25993, stop=27987, strand=+, frame=1, truncated=no, start-type=ATG, RBS-motif=GGAGG
13:33:04.962 - INFO - CDS - contig=contig_7, start=28200, stop=29459, strand=+, frame=3, truncated=no, start-type=ATG, RBS-motif=GGAGG
13:33:04.962 - INFO - CDS - contig=contig_7, start=29558, stop=30250, strand=+, frame=2, truncated=no, start-type=GTG, RBS-motif=AGGAGG
13:33:04.962 - INFO - CDS - contig=contig_7, start=30250, stop=30909, strand=+, frame=1, truncated=no, start-type=ATG, RBS-motif=GGAGG
13:33:04.962 - INFO - CDS - contig=contig_7, start=31143, stop=32627, strand=+, frame=3, truncated=no, start-type=ATG, RBS-motif=GGAG/GAGG
13:33:04.962 - INFO - CDS - contig=contig_7, start=32659, stop=34194, strand=+, frame=1, truncated=no, start-type=ATG, RBS-motif=AGGA/GGAG/GAGG
13:33:04.962 - INFO - CDS - contig=contig_7, start=34175, stop=34330, strand=+, frame=2, truncated=no, start-type=ATG, RBS-motif=AGGA
13:33:04.962 - INFO - CDS - contig=contig_7, start=34506, stop=35387, strand=-, frame=2, truncated=no, start-type=ATG, RBS-motif=GGxGG
13:33:04.962 - INFO - CDS - contig=contig_7, start=35425, stop=35916, strand=-, frame=1, truncated=no, start-type=ATG, RBS-motif=GGAGG
13:33:04.962 - INFO - CDS - contig=contig_7, start=35913, stop=36794, strand=-, frame=2, truncated=no, start-type=ATG, RBS-motif=AGGAGG
13:33:04.962 - INFO - CDS - contig=contig_7, start=36794, stop=39097, strand=-, frame=3, truncated=no, start-type=ATG, RBS-motif=AGGAGG
13:33:04.962 - INFO - CDS - contig=contig_7, start=39273, stop=40739, strand=+, frame=3, truncated=no, start-type=ATG, RBS-motif=AGGAGG
13:33:04.962 - INFO - CDS - contig=contig_7, start=40784, stop=42022, strand=+, frame=2, truncated=no, start-type=ATG, RBS-motif=AGGAGG
13:33:04.962 - INFO - CDS - contig=contig_7, start=42044, stop=42382, strand=+, frame=2, truncated=no, start-type=ATG, RBS-motif=AGGA
13:33:04.962 - INFO - CDS - contig=contig_7, start=42464, stop=43846, strand=+, frame=2, truncated=no, start-type=ATG, RBS-motif=AGGAGG
13:33:04.962 - INFO - CDS - contig=contig_7, start=43843, stop=44409, strand=+, frame=1, truncated=no, start-type=ATG, RBS-motif=None
13:33:04.963 - INFO - CDS - contig=contig_7, start=44684, stop=44965, strand=-, frame=3, truncated=no, start-type=ATG, RBS-motif=GGAG/GAGG
13:33:04.963 - INFO - CDS - contig=contig_7, start=44962, stop=45711, strand=-, frame=1, truncated=no, start-type=ATG, RBS-motif=AGGAGG
13:33:04.963 - INFO - CDS - contig=contig_7, start=45699, stop=46502, strand=-, frame=2, truncated=no, start-type=ATG, RBS-motif=AGGAG/GGAGG
13:33:04.963 - INFO - CDS - contig=contig_7, start=46490, stop=47212, strand=-, frame=3, truncated=no, start-type=ATG, RBS-motif=GGA/GAG/AGG
13:33:04.963 - INFO - CDS - contig=contig_7, start=47218, stop=47778, strand=-, frame=1, truncated=no, start-type=TTG, RBS-motif=GGA/GAG/AGG
13:33:04.963 - INFO - CDS - contig=contig_7, start=48042, stop=48485, strand=+, frame=3, truncated=no, start-type=ATG, RBS-motif=AGGAGG
13:33:04.963 - INFO - CDS - contig=contig_7, start=48977, stop=50290, strand=+, frame=2, truncated=no, start-type=ATG, RBS-motif=GGA/GAG/AGG
13:33:04.963 - INFO - CDS - contig=contig_7, start=50546, stop=51538, strand=-, frame=3, truncated=no, start-type=ATG, RBS-motif=AGGAGG
13:33:04.963 - INFO - CDS - contig=contig_7, start=51535, stop=52623, strand=-, frame=1, truncated=no, start-type=ATG, RBS-motif=AGGAGG
13:33:04.963 - INFO - CDS - contig=contig_7, start=52623, stop=54164, strand=-, frame=2, truncated=no, start-type=ATG, RBS-motif=GGA/GAG/AGG
13:33:04.963 - INFO - CDS - contig=contig_7, start=54392, stop=55672, strand=-, frame=3, truncated=no, start-type=ATG, RBS-motif=AGGAGG
13:33:04.963 - INFO - CDS - contig=contig_7, start=55972, stop=56544, strand=-, frame=1, truncated=no, start-type=ATG, RBS-motif=AGGAG
13:33:04.963 - INFO - CDS - contig=contig_7, start=56819, stop=58480, strand=+, frame=2, truncated=no, start-type=ATG, RBS-motif=AGGAGG
13:33:04.963 - INFO - CDS - contig=contig_7, start=58519, stop=59382, strand=+, frame=1, truncated=no, start-type=ATG, RBS-motif=AGGAGG
13:33:04.963 - INFO - CDS - contig=contig_7, start=59649, stop=60461, strand=+, frame=3, truncated=no, start-type=ATG, RBS-motif=AGGAGG
13:33:04.963 - INFO - CDS - contig=contig_7, start=60646, stop=61419, strand=+, frame=1, truncated=no, start-type=ATG, RBS-motif=GGA/GAG/AGG
13:33:04.964 - INFO - CDS - contig=contig_7, start=61441, stop=62328, strand=+, frame=1, truncated=no, start-type=ATG, RBS-motif=AGGA
13:33:04.964 - INFO - CDS - contig=contig_7, start=62325, stop=62900, strand=+, frame=3, truncated=no, start-type=GTG, RBS-motif=AGxAGG/AGGxGG
13:33:04.964 - INFO - CDS - contig=contig_7, start=62985, stop=64301, strand=+, frame=3, truncated=no, start-type=ATG, RBS-motif=AGxAGG/AGGxGG
13:33:04.964 - INFO - CDS - contig=contig_7, start=64305, stop=64727, strand=+, frame=3, truncated=no, start-type=ATG, RBS-motif=AGGAGG
13:33:04.964 - INFO - CDS - contig=contig_7, start=64720, stop=65076, strand=+, frame=1, truncated=no, start-type=ATG, RBS-motif=AGGAG
13:33:04.964 - INFO - CDS - contig=contig_7, start=65073, stop=65783, strand=+, frame=3, truncated=no, start-type=ATG, RBS-motif=GGAGG
13:33:04.964 - INFO - CDS - contig=contig_7, start=65875, stop=66615, strand=+, frame=1, truncated=no, start-type=ATG, RBS-motif=AGGAGG
13:33:04.964 - INFO - CDS - contig=contig_7, start=66643, stop=67059, strand=+, frame=1, truncated=no, start-type=ATG, RBS-motif=GGAG/GAGG
13:33:04.964 - INFO - CDS - contig=contig_7, start=67501, stop=68862, strand=+, frame=1, truncated=no, start-type=ATG, RBS-motif=AGGAGG
13:33:04.964 - INFO - CDS - contig=contig_7, start=68859, stop=69812, strand=+, frame=3, truncated=no, start-type=ATG, RBS-motif=GGAGG
13:33:04.964 - INFO - CDS - contig=contig_7, start=69863, stop=71653, strand=+, frame=2, truncated=no, start-type=ATG, RBS-motif=GGAG/GAGG
13:33:04.964 - INFO - CDS - contig=contig_7, start=71719, stop=72024, strand=-, frame=1, truncated=no, start-type=ATG, RBS-motif=GGAG/GAGG
13:33:04.964 - INFO - CDS - contig=contig_7, start=72138, stop=72317, strand=+, frame=3, truncated=no, start-type=ATG, RBS-motif=AGGAG
13:33:04.964 - INFO - CDS - contig=contig_7, start=72407, stop=73825, strand=-, frame=3, truncated=no, start-type=ATG, RBS-motif=AGGAG
13:33:04.964 - INFO - CDS - contig=contig_7, start=74156, stop=75061, strand=-, frame=3, truncated=no, start-type=ATG, RBS-motif=AGGAG
13:33:04.964 - INFO - CDS - contig=contig_7, start=75264, stop=75527, strand=+, frame=3, truncated=no, start-type=TTG, RBS-motif=AGGAGG
13:33:04.964 - INFO - CDS - contig=contig_7, start=75618, stop=76487, strand=+, frame=3, truncated=no, start-type=TTG, RBS-motif=AGGAGG
13:33:04.964 - INFO - CDS - contig=contig_7, start=76577, stop=77014, strand=-, frame=3, truncated=no, start-type=ATG, RBS-motif=AGGAG
13:33:04.964 - INFO - CDS - contig=contig_7, start=77150, stop=77509, strand=-, frame=3, truncated=no, start-type=ATG, RBS-motif=AGGAGG
13:33:04.965 - INFO - CDS - contig=contig_7, start=77511, stop=80015, strand=-, frame=2, truncated=no, start-type=ATG, RBS-motif=GGA/GAG/AGG
13:33:04.965 - INFO - CDS - contig=contig_7, start=80064, stop=80918, strand=-, frame=2, truncated=no, start-type=ATG, RBS-motif=AGGAG
13:33:04.965 - INFO - CDS - contig=contig_7, start=80941, stop=82884, strand=-, frame=1, truncated=no, start-type=ATG, RBS-motif=GGAGG
13:33:04.965 - INFO - CDS - contig=contig_7, start=82970, stop=83233, strand=-, frame=3, truncated=no, start-type=ATG, RBS-motif=AGGAG
13:33:04.965 - INFO - CDS - contig=contig_7, start=83273, stop=83575, strand=-, frame=3, truncated=no, start-type=ATG, RBS-motif=AGGAGG
13:33:04.965 - INFO - CDS - contig=contig_7, start=83612, stop=84715, strand=-, frame=3, truncated=no, start-type=ATG, RBS-motif=GGAG/GAGG
13:33:04.965 - INFO - CDS - contig=contig_7, start=84712, stop=84924, strand=-, frame=1, truncated=no, start-type=ATG, RBS-motif=AGGAG
13:33:04.965 - INFO - CDS - contig=contig_7, start=84906, stop=85352, strand=-, frame=2, truncated=no, start-type=ATG, RBS-motif=AGxAGG/AGGxGG
13:33:04.965 - INFO - CDS - contig=contig_7, start=85352, stop=86464, strand=-, frame=3, truncated=no, start-type=ATG, RBS-motif=GGAGG
13:33:04.965 - INFO - CDS - contig=contig_7, start=86719, stop=88104, strand=-, frame=1, truncated=no, start-type=ATG, RBS-motif=GGAG/GAGG
13:33:04.965 - INFO - CDS - contig=contig_7, start=88463, stop=88597, strand=+, frame=2, truncated=no, start-type=ATG, RBS-motif=AGGAGG
13:33:04.965 - INFO - CDS - contig=contig_7, start=88692, stop=89042, strand=+, frame=3, truncated=no, start-type=GTG, RBS-motif=GGA/GAG/AGG
13:33:04.965 - INFO - CDS - contig=contig_7, start=89039, stop=89257, strand=+, frame=2, truncated=no, start-type=GTG, RBS-motif=AGGAGG
13:33:04.965 - INFO - CDS - contig=contig_7, start=89379, stop=90827, strand=+, frame=3, truncated=no, start-type=ATG, RBS-motif=GGAGG
13:33:04.965 - INFO - CDS - contig=contig_7, start=90871, stop=91662, strand=+, frame=1, truncated=no, start-type=ATG, RBS-motif=AGGAG/GGAGG
13:33:04.965 - INFO - CDS - contig=contig_7, start=91946, stop=92284, strand=+, frame=2, truncated=no, start-type=ATG, RBS-motif=AGGAGG
13:33:04.965 - INFO - CDS - contig=contig_7, start=92460, stop=92690, strand=-, frame=2, truncated=no, start-type=ATG, RBS-motif=GGAG/GAGG
13:33:04.965 - INFO - CDS - contig=contig_7, start=92752, stop=93402, strand=-, frame=1, truncated=no, start-type=ATG, RBS-motif=GGA/GAG/AGG
13:33:04.966 - INFO - CDS - contig=contig_7, start=93413, stop=94120, strand=-, frame=3, truncated=no, start-type=ATG, RBS-motif=AGGA
13:33:04.966 - INFO - CDS - contig=contig_7, start=94144, stop=94971, strand=-, frame=1, truncated=no, start-type=ATG, RBS-motif=GGA/GAG/AGG
13:33:04.966 - INFO - CDS - contig=contig_7, start=95007, stop=95657, strand=-, frame=2, truncated=no, start-type=ATG, RBS-motif=GGAG/GAGG
13:33:04.966 - INFO - CDS - contig=contig_7, start=95763, stop=96212, strand=-, frame=2, truncated=no, start-type=ATG, RBS-motif=GGAG/GAGG
13:33:04.966 - INFO - CDS - contig=contig_7, start=96231, stop=97178, strand=-, frame=2, truncated=no, start-type=ATG, RBS-motif=GGAGG
13:33:04.966 - INFO - CDS - contig=contig_7, start=97657, stop=98109, strand=+, frame=1, truncated=no, start-type=ATG, RBS-motif=GGAG/GAGG
13:33:04.966 - INFO - CDS - contig=contig_7, start=98264, stop=99745, strand=+, frame=2, truncated=no, start-type=ATG, RBS-motif=GGAG/GAGG
13:33:04.966 - INFO - CDS - contig=contig_7, start=99875, stop=100192, strand=+, frame=2, truncated=no, start-type=ATG, RBS-motif=GGAGG
13:33:04.966 - INFO - CDS - contig=contig_7, start=100216, stop=100473, strand=+, frame=1, truncated=no, start-type=ATG, RBS-motif=AGGAG
13:33:04.966 - INFO - CDS - contig=contig_7, start=100488, stop=102122, strand=+, frame=3, truncated=no, start-type=ATG, RBS-motif=AGxAGG/AGGxGG
13:33:04.966 - INFO - CDS - contig=contig_7, start=102334, stop=103290, strand=+, frame=1, truncated=no, start-type=ATG, RBS-motif=AGGAGG
13:33:04.966 - INFO - CDS - contig=contig_7, start=103864, stop=104115, strand=-, frame=1, truncated=no, start-type=TTG, RBS-motif=GGAG/GAGG
13:33:04.966 - INFO - CDS - contig=contig_7, start=104194, stop=105177, strand=-, frame=1, truncated=no, start-type=ATG, RBS-motif=AGGAG
13:33:04.966 - INFO - CDS - contig=contig_7, start=105137, stop=105937, strand=-, frame=3, truncated=no, start-type=ATG, RBS-motif=GGAGG
13:33:04.966 - INFO - CDS - contig=contig_7, start=106328, stop=107332, strand=-, frame=3, truncated=no, start-type=ATG, RBS-motif=AGxAGG/AGGxGG
13:33:04.966 - INFO - CDS - contig=contig_7, start=107346, stop=108149, strand=-, frame=2, truncated=no, start-type=ATG, RBS-motif=GGAGG
13:33:04.966 - INFO - CDS - contig=contig_7, start=108350, stop=109717, strand=-, frame=3, truncated=no, start-type=ATG, RBS-motif=AGGAGG
13:33:04.967 - INFO - CDS - contig=contig_7, start=109732, stop=110733, strand=-, frame=1, truncated=no, start-type=ATG, RBS-motif=GGAGG
13:33:04.967 - INFO - CDS - contig=contig_7, start=110796, stop=111860, strand=-, frame=2, truncated=no, start-type=ATG, RBS-motif=AGGAGG
13:33:04.967 - INFO - CDS - contig=contig_7, start=111860, stop=112846, strand=-, frame=3, truncated=no, start-type=ATG, RBS-motif=AGGAG
13:33:04.967 - INFO - CDS - contig=contig_7, start=112884, stop=113123, strand=-, frame=2, truncated=no, start-type=ATG, RBS-motif=AGGAG
13:33:04.967 - INFO - CDS - contig=contig_7, start=113156, stop=113518, strand=-, frame=3, truncated=no, start-type=GTG, RBS-motif=GGAGG
13:33:04.967 - INFO - CDS - contig=contig_7, start=113523, stop=114260, strand=-, frame=2, truncated=no, start-type=ATG, RBS-motif=GGAGG
13:33:04.967 - INFO - CDS - contig=contig_7, start=114492, stop=114911, strand=-, frame=2, truncated=no, start-type=ATG, RBS-motif=None
13:33:04.967 - INFO - CDS - contig=contig_7, start=114911, stop=116044, strand=-, frame=3, truncated=no, start-type=ATG, RBS-motif=AGGAGG
13:33:04.967 - INFO - CDS - contig=contig_7, start=116220, stop=117527, strand=-, frame=2, truncated=no, start-type=ATG, RBS-motif=AGGA
13:33:04.967 - INFO - CDS - contig=contig_7, start=117673, stop=118413, strand=+, frame=1, truncated=no, start-type=ATG, RBS-motif=AGGAGG
13:33:04.967 - INFO - CDS - contig=contig_7, start=118624, stop=120048, strand=-, frame=1, truncated=no, start-type=GTG, RBS-motif=AGGAGG
13:33:04.967 - INFO - CDS - contig=contig_7, start=120502, stop=121965, strand=+, frame=1, truncated=no, start-type=ATG, RBS-motif=AGGAGG
13:33:04.967 - INFO - CDS - contig=contig_7, start=121981, stop=122766, strand=+, frame=1, truncated=no, start-type=ATG, RBS-motif=AGGAGG
13:33:04.967 - INFO - CDS - contig=contig_7, start=123028, stop=124161, strand=+, frame=1, truncated=no, start-type=ATG, RBS-motif=GGAGG
13:33:04.967 - INFO - CDS - contig=contig_7, start=124219, stop=125523, strand=+, frame=1, truncated=no, start-type=ATG, RBS-motif=AGGAG
13:33:04.967 - INFO - CDS - contig=contig_7, start=125677, stop=127134, strand=+, frame=1, truncated=no, start-type=ATG, RBS-motif=GGAGG
13:33:04.968 - INFO - CDS - contig=contig_7, start=127276, stop=128061, strand=+, frame=1, truncated=no, start-type=ATG, RBS-motif=AGGA/GGAG/GAGG
13:33:04.968 - INFO - CDS - contig=contig_7, start=128248, stop=129612, strand=+, frame=1, truncated=no, start-type=ATG, RBS-motif=AGGA
13:33:04.968 - INFO - CDS - contig=contig_7, start=129650, stop=130384, strand=+, frame=2, truncated=no, start-type=ATG, RBS-motif=GGAG/GAGG
13:33:04.968 - INFO - CDS - contig=contig_7, start=2023, stop=3111, strand=-, nt=[ATGCCTGAGG..GCGGGCATAG]
13:33:04.968 - INFO - CDS - contig=contig_7, start=3138, stop=4208, strand=-, nt=[ATGAAGCGAT..CGCGGGGTAA]
13:33:04.968 - INFO - CDS - contig=contig_7, start=4205, stop=5725, strand=-, nt=[ATGGGATTTT..CCAGCGATGA]
13:33:04.968 - INFO - CDS - contig=contig_7, start=6076, stop=7005, strand=+, nt=[ATGGAGATCA..AAAGCCGTAA]
13:33:04.968 - INFO - CDS - contig=contig_7, start=7089, stop=9770, strand=-, nt=[ATGTCAGGGG..GGGCAGATGA]
13:33:04.968 - INFO - CDS - contig=contig_7, start=9822, stop=10550, strand=-, nt=[ATGACACGAC..TTTCCCCTGA]
13:33:04.968 - INFO - CDS - contig=contig_7, start=10547, stop=10906, strand=-, nt=[ATGGATGAGC..GGACGGATGA]
13:33:04.968 - INFO - CDS - contig=contig_7, start=11356, stop=13203, strand=+, nt=[ATGACGCCTA..GCACCCATGA]
13:33:04.968 - INFO - CDS - contig=contig_7, start=13200, stop=13769, strand=+, nt=[ATGAAGAAGG..GTTTACCTGA]
13:33:04.968 - INFO - CDS - contig=contig_7, start=13867, stop=14469, strand=+, nt=[ATGAACGACA..GGCGGCCTGA]
13:33:04.968 - INFO - CDS - contig=contig_7, start=14709, stop=15977, strand=-, nt=[ATGAAACTGA..CGCGGAATAA]
13:33:04.968 - INFO - CDS - contig=contig_7, start=16210, stop=19722, strand=-, nt=[ATGAAGCCGC..GGAGGAATGA]
13:33:04.968 - INFO - CDS - contig=contig_7, start=19772, stop=20809, strand=-, nt=[ATGGCTGAGC..CCGTCGCTGA]
13:33:04.968 - INFO - CDS - contig=contig_7, start=20802, stop=21395, strand=-, nt=[ATGCTGTTTG..CAATGGCTGA]
13:33:04.968 - INFO - CDS - contig=contig_7, start=21633, stop=22592, strand=-, nt=[ATGATCGCAC..GTTCGTGTAA]
13:33:04.968 - INFO - CDS - contig=contig_7, start=22644, stop=23846, strand=-, nt=[ATGGAAGGAA..CAGGAAATGA]
13:33:04.968 - INFO - CDS - contig=contig_7, start=24049, stop=24531, strand=-, nt=[ATGACCTATT..GCTGGCCTGA]
13:33:04.968 - INFO - CDS - contig=contig_7, start=24730, stop=25119, strand=+, nt=[ATGATCTCTC..GGGACAATGA]
13:33:04.968 - INFO - CDS - contig=contig_7, start=25116, stop=26018, strand=+, nt=[ATGATCCAGG..CGTGCTTTAA]
13:33:04.968 - INFO - CDS - contig=contig_7, start=25993, stop=27987, strand=+, nt=[ATGCGGTCCG..CGCCAACTGA]
13:33:04.968 - INFO - CDS - contig=contig_7, start=28200, stop=29459, strand=+, nt=[ATGAAAGAAG..AAAGTGCTAA]
13:33:04.968 - INFO - CDS - contig=contig_7, start=29558, stop=30250, strand=+, nt=[GTGCGCAATA..GAAAGCATAA]
13:33:04.968 - INFO - CDS - contig=contig_7, start=30250, stop=30909, strand=+, nt=[ATGGATAAGT..CATGTGCTGA]
13:33:04.969 - INFO - CDS - contig=contig_7, start=31143, stop=32627, strand=+, nt=[ATGTCAGCTT..CGTGGTCTGA]
13:33:04.969 - INFO - CDS - contig=contig_7, start=32659, stop=34194, strand=+, nt=[ATGACGAACA..CAAGCACTGA]
13:33:04.969 - INFO - CDS - contig=contig_7, start=34175, stop=34330, strand=+, nt=[ATGAACCGCC..CGAGCACTGA]
13:33:04.969 - INFO - CDS - contig=contig_7, start=34506, stop=35387, strand=-, nt=[ATGACGCTGA..GCAATCCTAG]
13:33:04.969 - INFO - CDS - contig=contig_7, start=35425, stop=35916, strand=-, nt=[ATGATCGAAG..GGCGGAATGA]
13:33:04.969 - INFO - CDS - contig=contig_7, start=35913, stop=36794, strand=-, nt=[ATGTATGATA..ACAGATATGA]
13:33:04.969 - INFO - CDS - contig=contig_7, start=36794, stop=39097, strand=-, nt=[ATGGAAGTCG..ACTGCTCTGA]
13:33:04.969 - INFO - CDS - contig=contig_7, start=39273, stop=40739, strand=+, nt=[ATGATCGACT..GCGGCTGTAG]
13:33:04.969 - INFO - CDS - contig=contig_7, start=40784, stop=42022, strand=+, nt=[ATGAAATACG..CGCCCCGTAA]
13:33:04.969 - INFO - CDS - contig=contig_7, start=42044, stop=42382, strand=+, nt=[ATGAATGAAC..GGAGCTTTGA]
13:33:04.969 - INFO - CDS - contig=contig_7, start=42464, stop=43846, strand=+, nt=[ATGTCCATCC..CTGGCGATGA]
13:33:04.969 - INFO - CDS - contig=contig_7, start=43843, stop=44409, strand=+, nt=[ATGAGGGTGG..CGGGATTTAA]
13:33:04.969 - INFO - CDS - contig=contig_7, start=44684, stop=44965, strand=-, nt=[ATGAAAGAGA..CGGCGTATAA]
13:33:04.969 - INFO - CDS - contig=contig_7, start=44962, stop=45711, strand=-, nt=[ATGGAACGGC..GCGAAGATGA]
13:33:04.969 - INFO - CDS - contig=contig_7, start=45699, stop=46502, strand=-, nt=[ATGCTGGTTC..GAACGGCTGA]
13:33:04.969 - INFO - CDS - contig=contig_7, start=46490, stop=47212, strand=-, nt=[ATGGACACGT..CTGGTTCTGA]
13:33:04.969 - INFO - CDS - contig=contig_7, start=47218, stop=47778, strand=-, nt=[TTGATCGCGA..GATGGGGTGA]
13:33:04.969 - INFO - CDS - contig=contig_7, start=48042, stop=48485, strand=+, nt=[ATGGAACCGA..TCTACGCTGA]
13:33:04.969 - INFO - CDS - contig=contig_7, start=48977, stop=50290, strand=+, nt=[ATGCAGCTGC..CCCCCTGTAG]
13:33:04.969 - INFO - CDS - contig=contig_7, start=50546, stop=51538, strand=-, nt=[ATGATCAACC..GGAACGGTAA]
13:33:04.969 - INFO - CDS - contig=contig_7, start=51535, stop=52623, strand=-, nt=[ATGCACGAAG..CGGAGCATGA]
13:33:04.969 - INFO - CDS - contig=contig_7, start=52623, stop=54164, strand=-, nt=[ATGACAGCCT..GGGCGCGTGA]
13:33:04.969 - INFO - CDS - contig=contig_7, start=54392, stop=55672, strand=-, nt=[ATGAAGAAGA..CGCGTTCTAA]
13:33:04.969 - INFO - CDS - contig=contig_7, start=55972, stop=56544, strand=-, nt=[ATGAAGCTCA..GTTCTGCTGA]
13:33:04.969 - INFO - CDS - contig=contig_7, start=56819, stop=58480, strand=+, nt=[ATGAAACGTC..CCAGCGCTGA]
13:33:04.969 - INFO - CDS - contig=contig_7, start=58519, stop=59382, strand=+, nt=[ATGAAGCCTG..GCGGGCTTAG]
13:33:04.969 - INFO - CDS - contig=contig_7, start=59649, stop=60461, strand=+, nt=[ATGCCGCTGC..CAGAGCCTGA]
13:33:04.969 - INFO - CDS - contig=contig_7, start=60646, stop=61419, strand=+, nt=[ATGGCGAAGA..GCGGGTGTGA]
13:33:04.970 - INFO - CDS - contig=contig_7, start=61441, stop=62328, strand=+, nt=[ATGGCATCTG..GCTGCTGTGA]
13:33:04.970 - INFO - CDS - contig=contig_7, start=62325, stop=62900, strand=+, nt=[GTGAGCGCCG..GGAGCAATGA]
13:33:04.970 - INFO - CDS - contig=contig_7, start=62985, stop=64301, strand=+, nt=[ATGATCGATC..GGAGGACTGA]
13:33:04.970 - INFO - CDS - contig=contig_7, start=64305, stop=64727, strand=+, nt=[ATGAGCAAGC..GGATGCCTGA]
13:33:04.970 - INFO - CDS - contig=contig_7, start=64720, stop=65076, strand=+, nt=[ATGCCTGAGC..ACACGCATGA]
13:33:04.970 - INFO - CDS - contig=contig_7, start=65073, stop=65783, strand=+, nt=[ATGAAGGAGC..CCCGCTTTGA]
13:33:04.970 - INFO - CDS - contig=contig_7, start=65875, stop=66615, strand=+, nt=[ATGGCCACTT..GCTGAAATAG]
13:33:04.970 - INFO - CDS - contig=contig_7, start=66643, stop=67059, strand=+, nt=[ATGAATATTG..TACCGCGTAA]
13:33:04.970 - INFO - CDS - contig=contig_7, start=67501, stop=68862, strand=+, nt=[ATGGCAAAAT..CAACCAATGA]
13:33:04.970 - INFO - CDS - contig=contig_7, start=68859, stop=69812, strand=+, nt=[ATGAAAAGGC..ACCCCTTTGA]
13:33:04.970 - INFO - CDS - contig=contig_7, start=69863, stop=71653, strand=+, nt=[ATGGGCCATA..AGACGGGTAA]
13:33:04.970 - INFO - CDS - contig=contig_7, start=71719, stop=72024, strand=-, nt=[ATGGAGATAG..CGAGCGATGA]
13:33:04.970 - INFO - CDS - contig=contig_7, start=72138, stop=72317, strand=+, nt=[ATGGATCGGA..TACGGTATGA]
13:33:04.970 - INFO - CDS - contig=contig_7, start=72407, stop=73825, strand=-, nt=[ATGAAAAATA..GAAGTTCTGA]
13:33:04.970 - INFO - CDS - contig=contig_7, start=74156, stop=75061, strand=-, nt=[ATGTTGAAAC..GCTGAGCTGA]
13:33:04.970 - INFO - CDS - contig=contig_7, start=75264, stop=75527, strand=+, nt=[TTGCCGAATA..GCTGGCCTGA]
13:33:04.970 - INFO - CDS - contig=contig_7, start=75618, stop=76487, strand=+, nt=[TTGAAGGACC..CGCGCCCTGA]
13:33:04.970 - INFO - CDS - contig=contig_7, start=76577, stop=77014, strand=-, nt=[ATGAAAACGG..GTATCAATAG]
13:33:04.970 - INFO - CDS - contig=contig_7, start=77150, stop=77509, strand=-, nt=[ATGAGACGAA..CGAGCTGTAA]
13:33:04.970 - INFO - CDS - contig=contig_7, start=77511, stop=80015, strand=-, nt=[ATGAGTAAAA..GGAGGGCTGA]
13:33:04.970 - INFO - CDS - contig=contig_7, start=80064, stop=80918, strand=-, nt=[ATGAAAAAAG..GCCGGGCTGA]
13:33:04.970 - INFO - CDS - contig=contig_7, start=80941, stop=82884, strand=-, nt=[ATGTCTGAAA..GGACTACTGA]
13:33:04.970 - INFO - CDS - contig=contig_7, start=82970, stop=83233, strand=-, nt=[ATGTATCTGC..ATTTGAATAA]
13:33:04.970 - INFO - CDS - contig=contig_7, start=83273, stop=83575, strand=-, nt=[ATGCCGATCA..CGGCCGGTGA]
13:33:04.970 - INFO - CDS - contig=contig_7, start=83612, stop=84715, strand=-, nt=[ATGATCGTCC..GCTGGTGTGA]
13:33:04.970 - INFO - CDS - contig=contig_7, start=84712, stop=84924, strand=-, nt=[ATGGAAGAGC..GATCCTATGA]
13:33:04.970 - INFO - CDS - contig=contig_7, start=84906, stop=85352, strand=-, nt=[ATGGAACGGA..CGAGATGTGA]
13:33:04.970 - INFO - CDS - contig=contig_7, start=85352, stop=86464, strand=-, nt=[ATGAAATTCA..GGGAGACTGA]
13:33:04.971 - INFO - CDS - contig=contig_7, start=86719, stop=88104, strand=-, nt=[ATGTTGCTTG..GTACGAATAG]
13:33:04.971 - INFO - CDS - contig=contig_7, start=88463, stop=88597, strand=+, nt=[ATGGTTCGTA..GACCCACTGA]
13:33:04.971 - INFO - CDS - contig=contig_7, start=88692, stop=89042, strand=+, nt=[GTGAAACATA..ACGCTCGTGA]
13:33:04.971 - INFO - CDS - contig=contig_7, start=89039, stop=89257, strand=+, nt=[GTGAAACGGC..CGTCCCTTAG]
13:33:04.971 - INFO - CDS - contig=contig_7, start=89379, stop=90827, strand=+, nt=[ATGGATTTTG..CAAGGAGTAA]
13:33:04.971 - INFO - CDS - contig=contig_7, start=90871, stop=91662, strand=+, nt=[ATGCTGAAAT..GCGGCGCTGA]
13:33:04.971 - INFO - CDS - contig=contig_7, start=91946, stop=92284, strand=+, nt=[ATGGAGACGA..CGCCCTGTAA]
13:33:04.971 - INFO - CDS - contig=contig_7, start=92460, stop=92690, strand=-, nt=[ATGGAATGGA..CGGCCAATAA]
13:33:04.971 - INFO - CDS - contig=contig_7, start=92752, stop=93402, strand=-, nt=[ATGTATGAAA..TCAAACGTAA]
13:33:04.971 - INFO - CDS - contig=contig_7, start=93413, stop=94120, strand=-, nt=[ATGAAACGAA..TCTGAAATAA]
13:33:04.971 - INFO - CDS - contig=contig_7, start=94144, stop=94971, strand=-, nt=[ATGTGGACTG..AAAACGGTAA]
13:33:04.971 - INFO - CDS - contig=contig_7, start=95007, stop=95657, strand=-, nt=[ATGAAAGCAC..GTGGGCCTGA]
13:33:04.971 - INFO - CDS - contig=contig_7, start=95763, stop=96212, strand=-, nt=[ATGGGAAGCA..GGTGGCCTGA]
13:33:04.971 - INFO - CDS - contig=contig_7, start=96231, stop=97178, strand=-, nt=[ATGGGAAAAG..GAGAAAATAA]
13:33:04.971 - INFO - CDS - contig=contig_7, start=97657, stop=98109, strand=+, nt=[ATGAAGCTTG..GTTGGGCTGA]
13:33:04.971 - INFO - CDS - contig=contig_7, start=98264, stop=99745, strand=+, nt=[ATGGAGAACG..GGATTTATAA]
13:33:04.971 - INFO - CDS - contig=contig_7, start=99875, stop=100192, strand=+, nt=[ATGGACGTCA..CGGCGCCTGA]
13:33:04.971 - INFO - CDS - contig=contig_7, start=100216, stop=100473, strand=+, nt=[ATGAAAGAAT..AGAACTGTAA]
13:33:04.971 - INFO - CDS - contig=contig_7, start=100488, stop=102122, strand=+, nt=[ATGGAGATCA..CGCGCTATAG]
13:33:04.971 - INFO - CDS - contig=contig_7, start=102334, stop=103290, strand=+, nt=[ATGAAGGATA..GCCGACATAA]
13:33:04.971 - INFO - CDS - contig=contig_7, start=103864, stop=104115, strand=-, nt=[TTGAAAGGGA..CGCGGAATAA]
13:33:04.971 - INFO - CDS - contig=contig_7, start=104194, stop=105177, strand=-, nt=[ATGGTCTATC..GCTGTACTGA]
13:33:04.971 - INFO - CDS - contig=contig_7, start=105137, stop=105937, strand=-, nt=[ATGCACACCG..CCTACTTTAA]
13:33:04.971 - INFO - CDS - contig=contig_7, start=106328, stop=107332, strand=-, nt=[ATGGAAGCAA..GCGGGCGTAA]
13:33:04.971 - INFO - CDS - contig=contig_7, start=107346, stop=108149, strand=-, nt=[ATGAACGTGC..CGTGATCTGA]
13:33:04.971 - INFO - CDS - contig=contig_7, start=108350, stop=109717, strand=-, nt=[ATGAGACAGT..CAAGCTTTGA]
13:33:04.971 - INFO - CDS - contig=contig_7, start=109732, stop=110733, strand=-, nt=[ATGCCTTTGA..TCAGCTATGA]
13:33:04.971 - INFO - CDS - contig=contig_7, start=110796, stop=111860, strand=-, nt=[ATGAGACATG..CGAAGCGTAA]
13:33:04.971 - INFO - CDS - contig=contig_7, start=111860, stop=112846, strand=-, nt=[ATGGCCTACA..AAAGCTGTAA]
13:33:04.972 - INFO - CDS - contig=contig_7, start=112884, stop=113123, strand=-, nt=[ATGAAACAGG..GGAGGACTGA]
13:33:04.972 - INFO - CDS - contig=contig_7, start=113156, stop=113518, strand=-, nt=[GTGGAACGCA..GTTTGAGTAA]
13:33:04.972 - INFO - CDS - contig=contig_7, start=113523, stop=114260, strand=-, nt=[ATGGCACAGA..GGAGGACTAG]
13:33:04.972 - INFO - CDS - contig=contig_7, start=114492, stop=114911, strand=-, nt=[ATGGTCCCGG..AGACGCATAG]
13:33:04.972 - INFO - CDS - contig=contig_7, start=114911, stop=116044, strand=-, nt=[ATGGGATACA..GCTGCGCTGA]
13:33:04.972 - INFO - CDS - contig=contig_7, start=116220, stop=117527, strand=-, nt=[ATGGACTGGA..GCTGCCCTAA]
13:33:04.972 - INFO - CDS - contig=contig_7, start=117673, stop=118413, strand=+, nt=[ATGGAGTTAT..GATCCTGTAA]
13:33:04.972 - INFO - CDS - contig=contig_7, start=118624, stop=120048, strand=-, nt=[GTGGCGACCA..TTTGAATTGA]
13:33:04.972 - INFO - CDS - contig=contig_7, start=120502, stop=121965, strand=+, nt=[ATGTCAGAAA..CGGCCAATAA]
13:33:04.972 - INFO - CDS - contig=contig_7, start=121981, stop=122766, strand=+, nt=[ATGTCCTATC..GGGACGCTGA]
13:33:04.972 - INFO - CDS - contig=contig_7, start=123028, stop=124161, strand=+, nt=[ATGGAAGGTA..GCAGGACTGA]
13:33:04.972 - INFO - CDS - contig=contig_7, start=124219, stop=125523, strand=+, nt=[ATGCAAAAGA..TGCGCAGTGA]
13:33:04.972 - INFO - CDS - contig=contig_7, start=125677, stop=127134, strand=+, nt=[ATGGCTCAGG..CCTGCGCTGA]
13:33:04.972 - INFO - CDS - contig=contig_7, start=127276, stop=128061, strand=+, nt=[ATGGAGCGGA..CAACCGCTGA]
13:33:04.972 - INFO - CDS - contig=contig_7, start=128248, stop=129612, strand=+, nt=[ATGACAGGAA..CACCCTGTGA]
13:33:04.972 - INFO - CDS - contig=contig_7, start=129650, stop=130384, strand=+, nt=[ATGCAGGAGA..GGGCCTGTAA]
13:33:04.997 - INFO - CDS - contig=contig_8, start=262, stop=375, strand=+, frame=1, truncated=no, start-type=ATG, RBS-motif=AGGAGG
13:33:04.997 - INFO - CDS - contig=contig_8, start=767, stop=2575, strand=-, frame=3, truncated=no, start-type=TTG, RBS-motif=GGAGG
13:33:04.997 - INFO - CDS - contig=contig_8, start=2826, stop=3527, strand=-, frame=2, truncated=no, start-type=ATG, RBS-motif=GGAG/GAGG
13:33:04.997 - INFO - CDS - contig=contig_8, start=3712, stop=4695, strand=+, frame=1, truncated=no, start-type=ATG, RBS-motif=GGAGG
13:33:04.997 - INFO - CDS - contig=contig_8, start=4831, stop=6150, strand=-, frame=1, truncated=no, start-type=ATG, RBS-motif=AGGAG
13:33:04.997 - INFO - CDS - contig=contig_8, start=6314, stop=7183, strand=-, frame=3, truncated=no, start-type=ATG, RBS-motif=GGAG/GAGG
13:33:04.997 - INFO - CDS - contig=contig_8, start=7358, stop=8551, strand=+, frame=2, truncated=no, start-type=ATG, RBS-motif=AGGA
13:33:04.997 - INFO - CDS - contig=contig_8, start=8593, stop=9978, strand=-, frame=1, truncated=no, start-type=ATG, RBS-motif=GGAG/GAGG
13:33:04.997 - INFO - CDS - contig=contig_8, start=10255, stop=11745, strand=+, frame=1, truncated=no, start-type=TTG, RBS-motif=AGGAG
13:33:04.997 - INFO - CDS - contig=contig_8, start=11777, stop=13258, strand=+, frame=2, truncated=no, start-type=ATG, RBS-motif=AGGAG/GGAGG
13:33:04.998 - INFO - CDS - contig=contig_8, start=13272, stop=13394, strand=+, frame=3, truncated=no, start-type=ATG, RBS-motif=AGGAGG
13:33:04.998 - INFO - CDS - contig=contig_8, start=13408, stop=13530, strand=+, frame=1, truncated=no, start-type=ATG, RBS-motif=AGGAGG
13:33:04.998 - INFO - CDS - contig=contig_8, start=13567, stop=14019, strand=+, frame=1, truncated=no, start-type=ATG, RBS-motif=GGA/GAG/AGG
13:33:04.998 - INFO - CDS - contig=contig_8, start=14255, stop=15568, strand=+, frame=2, truncated=no, start-type=ATG, RBS-motif=AGGAGG
13:33:04.998 - INFO - CDS - contig=contig_8, start=15621, stop=15944, strand=+, frame=3, truncated=no, start-type=ATG, RBS-motif=AGGAGG
13:33:04.998 - INFO - CDS - contig=contig_8, start=15944, stop=16927, strand=+, frame=2, truncated=no, start-type=ATG, RBS-motif=GGA/GAG/AGG
13:33:04.998 - INFO - CDS - contig=contig_8, start=16967, stop=18238, strand=+, frame=2, truncated=no, start-type=ATG, RBS-motif=GGAGG
13:33:04.998 - INFO - CDS - contig=contig_8, start=18362, stop=21031, strand=+, frame=2, truncated=no, start-type=ATG, RBS-motif=GGAG/GAGG
13:33:04.998 - INFO - CDS - contig=contig_8, start=21338, stop=25021, strand=+, frame=2, truncated=no, start-type=ATG, RBS-motif=AGGAGG
13:33:04.998 - INFO - CDS - contig=contig_8, start=25096, stop=25551, strand=-, frame=1, truncated=no, start-type=ATG, RBS-motif=AGGAG
13:33:04.998 - INFO - CDS - contig=contig_8, start=25617, stop=26042, strand=-, frame=2, truncated=no, start-type=ATG, RBS-motif=GGAGG
13:33:04.998 - INFO - CDS - contig=contig_8, start=26033, stop=27286, strand=-, frame=3, truncated=no, start-type=ATG, RBS-motif=AGGAG
13:33:04.999 - INFO - CDS - contig=contig_8, start=27369, stop=28112, strand=-, frame=2, truncated=no, start-type=ATG, RBS-motif=AGGAG
13:33:04.999 - INFO - CDS - contig=contig_8, start=28103, stop=29044, strand=-, frame=3, truncated=no, start-type=ATG, RBS-motif=AGGAGG
13:33:04.999 - INFO - CDS - contig=contig_8, start=29046, stop=29981, strand=-, frame=2, truncated=no, start-type=ATG, RBS-motif=GGAG/GAGG
13:33:04.999 - INFO - CDS - contig=contig_8, start=30076, stop=31014, strand=-, frame=1, truncated=no, start-type=ATG, RBS-motif=GGAGG
13:33:04.999 - INFO - CDS - contig=contig_8, start=31011, stop=31799, strand=-, frame=2, truncated=no, start-type=ATG, RBS-motif=AGGAGG
13:33:04.999 - INFO - CDS - contig=contig_8, start=31789, stop=32679, strand=-, frame=1, truncated=no, start-type=ATG, RBS-motif=GGAGG
13:33:04.999 - INFO - CDS - contig=contig_8, start=32740, stop=34104, strand=-, frame=1, truncated=no, start-type=ATG, RBS-motif=GGAG/GAGG
13:33:04.999 - INFO - CDS - contig=contig_8, start=34106, stop=34540, strand=-, frame=3, truncated=no, start-type=ATG, RBS-motif=AGGAG
13:33:04.999 - INFO - CDS - contig=contig_8, start=34544, stop=34771, strand=-, frame=3, truncated=no, start-type=ATG, RBS-motif=AGGAG
13:33:04.999 - INFO - CDS - contig=contig_8, start=35030, stop=36364, strand=-, frame=3, truncated=no, start-type=ATG, RBS-motif=GGAGG
13:33:04.999 - INFO - CDS - contig=contig_8, start=36672, stop=37457, strand=-, frame=2, truncated=no, start-type=ATG, RBS-motif=AGGA
13:33:04.999 - INFO - CDS - contig=contig_8, start=37540, stop=38844, strand=-, frame=1, truncated=no, start-type=GTG, RBS-motif=AGGAGG
13:33:04.999 - INFO - CDS - contig=contig_8, start=38835, stop=39392, strand=-, frame=2, truncated=no, start-type=ATG, RBS-motif=AGGAG
13:33:04.999 - INFO - CDS - contig=contig_8, start=39464, stop=40507, strand=-, frame=3, truncated=no, start-type=ATG, RBS-motif=AGGAG
13:33:04.999 - INFO - CDS - contig=contig_8, start=40605, stop=41381, strand=-, frame=2, truncated=no, start-type=TTG, RBS-motif=AGGAGG
13:33:04.999 - INFO - CDS - contig=contig_8, start=41397, stop=43103, strand=-, frame=2, truncated=no, start-type=TTG, RBS-motif=AGGA/GGAG/GAGG
13:33:04.999 - INFO - CDS - contig=contig_8, start=43302, stop=45560, strand=+, frame=3, truncated=no, start-type=ATG, RBS-motif=AGGAGG
13:33:04.999 - INFO - CDS - contig=contig_8, start=45921, stop=46205, strand=-, frame=2, truncated=no, start-type=TTG, RBS-motif=AGxAGG/AGGxGG
13:33:05.000 - INFO - CDS - contig=contig_8, start=46240, stop=47340, strand=-, frame=1, truncated=no, start-type=ATG, RBS-motif=GGAGG
13:33:05.000 - INFO - CDS - contig=contig_8, start=47355, stop=48158, strand=-, frame=2, truncated=no, start-type=ATG, RBS-motif=AGGAGG
13:33:05.000 - INFO - CDS - contig=contig_8, start=48172, stop=49314, strand=-, frame=1, truncated=no, start-type=ATG, RBS-motif=AGGAGG
13:33:05.000 - INFO - CDS - contig=contig_8, start=49328, stop=50956, strand=-, frame=3, truncated=no, start-type=ATG, RBS-motif=AGGAGG
13:33:05.000 - INFO - CDS - contig=contig_8, start=51203, stop=51790, strand=+, frame=2, truncated=no, start-type=TTG, RBS-motif=GGxGG
13:33:05.000 - INFO - CDS - contig=contig_8, start=51872, stop=55696, strand=-, frame=3, truncated=no, start-type=ATG, RBS-motif=GGA/GAG/AGG
13:33:05.000 - INFO - CDS - contig=contig_8, start=56155, stop=57609, strand=+, frame=1, truncated=no, start-type=ATG, RBS-motif=GGA/GAG/AGG
13:33:05.000 - INFO - CDS - contig=contig_8, start=57606, stop=59087, strand=+, frame=3, truncated=no, start-type=ATG, RBS-motif=AGGAGG
13:33:05.000 - INFO - CDS - contig=contig_8, start=59250, stop=59924, strand=-, frame=2, truncated=no, start-type=ATG, RBS-motif=GGAGG
13:33:05.000 - INFO - CDS - contig=contig_8, start=60245, stop=61675, strand=+, frame=2, truncated=no, start-type=ATG, RBS-motif=GGAGG
13:33:05.000 - INFO - CDS - contig=contig_8, start=61672, stop=62403, strand=+, frame=1, truncated=no, start-type=ATG, RBS-motif=GGxGG
13:33:05.000 - INFO - CDS - contig=contig_8, start=62446, stop=63198, strand=+, frame=1, truncated=no, start-type=ATG, RBS-motif=AGGAGG
13:33:05.000 - INFO - CDS - contig=contig_8, start=63271, stop=64020, strand=+, frame=1, truncated=no, start-type=ATG, RBS-motif=GGA/GAG/AGG
13:33:05.000 - INFO - CDS - contig=contig_8, start=64024, stop=64866, strand=+, frame=1, truncated=no, start-type=ATG, RBS-motif=GGA/GAG/AGG
13:33:05.000 - INFO - CDS - contig=contig_8, start=64863, stop=65699, strand=+, frame=3, truncated=no, start-type=ATG, RBS-motif=GGAGG
13:33:05.000 - INFO - CDS - contig=contig_8, start=65818, stop=66729, strand=+, frame=1, truncated=no, start-type=ATG, RBS-motif=GGA/GAG/AGG
13:33:05.000 - INFO - CDS - contig=contig_8, start=66802, stop=67473, strand=+, frame=1, truncated=no, start-type=ATG, RBS-motif=AGGAGG
13:33:05.001 - INFO - CDS - contig=contig_8, start=67492, stop=69111, strand=+, frame=1, truncated=no, start-type=ATG, RBS-motif=GGA/GAG/AGG
13:33:05.001 - INFO - CDS - contig=contig_8, start=69125, stop=70201, strand=+, frame=2, truncated=no, start-type=ATG, RBS-motif=AGGAG
13:33:05.001 - INFO - CDS - contig=contig_8, start=70310, stop=71272, strand=+, frame=2, truncated=no, start-type=ATG, RBS-motif=AGxAGG/AGGxGG
13:33:05.001 - INFO - CDS - contig=contig_8, start=71324, stop=72349, strand=+, frame=2, truncated=no, start-type=ATG, RBS-motif=AGGAGG
13:33:05.001 - INFO - CDS - contig=contig_8, start=72511, stop=74820, strand=+, frame=1, truncated=no, start-type=ATG, RBS-motif=GGAGG
13:33:05.001 - INFO - CDS - contig=contig_8, start=75275, stop=76126, strand=+, frame=2, truncated=no, start-type=ATG, RBS-motif=GGAGG
13:33:05.001 - INFO - CDS - contig=contig_8, start=76196, stop=76687, strand=-, frame=3, truncated=no, start-type=GTG, RBS-motif=AGxAGG/AGGxGG
13:33:05.001 - INFO - CDS - contig=contig_8, start=76836, stop=78275, strand=+, frame=3, truncated=no, start-type=ATG, RBS-motif=GGA/GAG/AGG
13:33:05.001 - INFO - CDS - contig=contig_8, start=78397, stop=79719, strand=-, frame=1, truncated=no, start-type=ATG, RBS-motif=AGGAGG
13:33:05.001 - INFO - CDS - contig=contig_8, start=80104, stop=81123, strand=+, frame=1, truncated=no, start-type=ATG, RBS-motif=AGGA
13:33:05.001 - INFO - CDS - contig=contig_8, start=81165, stop=82238, strand=+, frame=3, truncated=no, start-type=ATG, RBS-motif=AGGA
13:33:05.001 - INFO - CDS - contig=contig_8, start=82235, stop=83548, strand=+, frame=2, truncated=no, start-type=ATG, RBS-motif=GGAGG
13:33:05.001 - INFO - CDS - contig=contig_8, start=83545, stop=84594, strand=+, frame=1, truncated=no, start-type=ATG, RBS-motif=GGAGG
13:33:05.001 - INFO - CDS - contig=contig_8, start=84859, stop=86013, strand=+, frame=1, truncated=no, start-type=ATG, RBS-motif=AGGAG
13:33:05.001 - INFO - CDS - contig=contig_8, start=86010, stop=86504, strand=+, frame=3, truncated=no, start-type=ATG, RBS-motif=AGxAGG/AGGxGG
13:33:05.001 - INFO - CDS - contig=contig_8, start=86501, stop=86953, strand=+, frame=2, truncated=no, start-type=ATG, RBS-motif=GGAGG
13:33:05.002 - INFO - CDS - contig=contig_8, start=86977, stop=88383, strand=+, frame=1, truncated=no, start-type=ATG, RBS-motif=GGAGG
13:33:05.002 - INFO - CDS - contig=contig_8, start=88731, stop=89045, strand=+, frame=3, truncated=no, start-type=ATG, RBS-motif=AGGAGG
13:33:05.002 - INFO - CDS - contig=contig_8, start=89291, stop=90016, strand=+, frame=2, truncated=no, start-type=ATG, RBS-motif=AGGAGG
13:33:05.002 - INFO - CDS - contig=contig_8, start=90034, stop=90648, strand=+, frame=1, truncated=no, start-type=ATG, RBS-motif=AGGAG
13:33:05.002 - INFO - CDS - contig=contig_8, start=90648, stop=90947, strand=+, frame=3, truncated=no, start-type=ATG, RBS-motif=AGGAGG
13:33:05.002 - INFO - CDS - contig=contig_8, start=90963, stop=91796, strand=+, frame=3, truncated=no, start-type=ATG, RBS-motif=AGGAGG
13:33:05.002 - INFO - CDS - contig=contig_8, start=91812, stop=92084, strand=+, frame=3, truncated=no, start-type=ATG, RBS-motif=GGAGG
13:33:05.002 - INFO - CDS - contig=contig_8, start=92100, stop=92432, strand=+, frame=3, truncated=no, start-type=ATG, RBS-motif=AGGAGG
13:33:05.002 - INFO - CDS - contig=contig_8, start=92448, stop=93362, strand=+, frame=3, truncated=no, start-type=ATG, RBS-motif=AGGAGG
13:33:05.002 - INFO - CDS - contig=contig_8, start=93362, stop=93799, strand=+, frame=2, truncated=no, start-type=ATG, RBS-motif=AGGAGG
13:33:05.002 - INFO - CDS - contig=contig_8, start=93796, stop=93999, strand=+, frame=1, truncated=no, start-type=ATG, RBS-motif=GGA/GAG/AGG
13:33:05.002 - INFO - CDS - contig=contig_8, start=94014, stop=94274, strand=+, frame=3, truncated=no, start-type=ATG, RBS-motif=AGGAGG
13:33:05.002 - INFO - CDS - contig=contig_8, start=94287, stop=94655, strand=+, frame=3, truncated=no, start-type=ATG, RBS-motif=AGGAGG
13:33:05.002 - INFO - CDS - contig=contig_8, start=94672, stop=94989, strand=+, frame=1, truncated=no, start-type=ATG, RBS-motif=AGGAG
13:33:05.002 - INFO - CDS - contig=contig_8, start=95011, stop=95565, strand=+, frame=1, truncated=no, start-type=ATG, RBS-motif=AGGAGG
13:33:05.002 - INFO - CDS - contig=contig_8, start=95580, stop=95765, strand=+, frame=3, truncated=no, start-type=ATG, RBS-motif=AGGAGG
13:33:05.002 - INFO - CDS - contig=contig_8, start=96015, stop=96413, strand=+, frame=3, truncated=no, start-type=ATG, RBS-motif=AGGAGG
13:33:05.002 - INFO - CDS - contig=contig_8, start=96430, stop=96978, strand=+, frame=1, truncated=no, start-type=ATG, RBS-motif=AGGAGG
13:33:05.002 - INFO - CDS - contig=contig_8, start=96993, stop=97352, strand=+, frame=3, truncated=no, start-type=ATG, RBS-motif=AGGAGG
13:33:05.003 - INFO - CDS - contig=contig_8, start=97371, stop=97871, strand=+, frame=3, truncated=no, start-type=ATG, RBS-motif=AGGAGG
13:33:05.003 - INFO - CDS - contig=contig_8, start=97886, stop=98068, strand=+, frame=2, truncated=no, start-type=ATG, RBS-motif=AGGAGG
13:33:05.003 - INFO - CDS - contig=contig_8, start=98082, stop=98522, strand=+, frame=3, truncated=no, start-type=ATG, RBS-motif=AGGAGG
13:33:05.003 - INFO - CDS - contig=contig_8, start=98523, stop=99854, strand=+, frame=3, truncated=no, start-type=GTG, RBS-motif=AGxAGG/AGGxGG
13:33:05.003 - INFO - CDS - contig=contig_8, start=99873, stop=100505, strand=+, frame=3, truncated=no, start-type=ATG, RBS-motif=AGxAGG/AGGxGG
13:33:05.003 - INFO - CDS - contig=contig_8, start=100514, stop=101266, strand=+, frame=2, truncated=no, start-type=ATG, RBS-motif=GGAG/GAGG
13:33:05.003 - INFO - CDS - contig=contig_8, start=101269, stop=101544, strand=+, frame=1, truncated=no, start-type=ATG, RBS-motif=AGGAG
13:33:05.003 - INFO - CDS - contig=contig_8, start=101549, stop=101767, strand=+, frame=2, truncated=no, start-type=TTG, RBS-motif=AGGAGG
13:33:05.003 - INFO - CDS - contig=contig_8, start=101867, stop=101980, strand=+, frame=2, truncated=no, start-type=ATG, RBS-motif=AGGAGG
13:33:05.003 - INFO - CDS - contig=contig_8, start=102001, stop=102369, strand=+, frame=1, truncated=no, start-type=ATG, RBS-motif=AGGAG(G)/GGAGG
13:33:05.003 - INFO - CDS - contig=contig_8, start=102385, stop=102789, strand=+, frame=1, truncated=no, start-type=ATG, RBS-motif=GGAGG
13:33:05.003 - INFO - CDS - contig=contig_8, start=102814, stop=103419, strand=+, frame=1, truncated=no, start-type=ATG, RBS-motif=AGGAGG
13:33:05.003 - INFO - CDS - contig=contig_8, start=103502, stop=104452, strand=+, frame=2, truncated=no, start-type=ATG, RBS-motif=AGGAGG
13:33:05.003 - INFO - CDS - contig=contig_8, start=104590, stop=104931, strand=+, frame=1, truncated=no, start-type=ATG, RBS-motif=AGGAG
13:33:05.003 - INFO - CDS - contig=contig_8, start=105251, stop=106522, strand=+, frame=2, truncated=no, start-type=ATG, RBS-motif=GGA/GAG/AGG
13:33:05.003 - INFO - CDS - contig=contig_8, start=106515, stop=106661, strand=+, frame=3, truncated=no, start-type=GTG, RBS-motif=AGGAG
13:33:05.003 - INFO - CDS - contig=contig_8, start=106816, stop=107304, strand=-, frame=1, truncated=no, start-type=ATG, RBS-motif=AGxAGG/AGGxGG
13:33:05.003 - INFO - CDS - contig=contig_8, start=107317, stop=108291, strand=-, frame=1, truncated=no, start-type=ATG, RBS-motif=AGGA
13:33:05.003 - INFO - CDS - contig=contig_8, start=108360, stop=108449, strand=-, frame=2, truncated=no, start-type=ATG, RBS-motif=None
13:33:05.004 - INFO - CDS - contig=contig_8, start=108449, stop=110245, strand=-, frame=3, truncated=no, start-type=ATG, RBS-motif=AGGAGG
13:33:05.004 - INFO - CDS - contig=contig_8, start=110588, stop=110848, strand=-, frame=3, truncated=no, start-type=ATG, RBS-motif=AGGAG
13:33:05.004 - INFO - CDS - contig=contig_8, start=110992, stop=111321, strand=+, frame=1, truncated=no, start-type=ATG, RBS-motif=GGAG/GAGG
13:33:05.004 - INFO - CDS - contig=contig_8, start=112001, stop=113917, strand=+, frame=2, truncated=no, start-type=ATG, RBS-motif=AGGAGG
13:33:05.004 - INFO - CDS - contig=contig_8, start=114120, stop=114716, strand=+, frame=3, truncated=no, start-type=ATG, RBS-motif=AGGAG
13:33:05.004 - INFO - CDS - contig=contig_8, start=114713, stop=115288, strand=+, frame=2, truncated=no, start-type=ATG, RBS-motif=AGxAGG/AGGxGG
13:33:05.004 - INFO - CDS - contig=contig_8, start=115347, stop=116207, strand=-, frame=2, truncated=no, start-type=ATG, RBS-motif=AGGAG
13:33:05.004 - INFO - CDS - contig=contig_8, start=116451, stop=116789, strand=-, frame=2, truncated=no, start-type=ATG, RBS-motif=GGxGG
13:33:05.004 - INFO - CDS - contig=contig_8, start=116886, stop=118133, strand=-, frame=2, truncated=no, start-type=ATG, RBS-motif=AGGAGG
13:33:05.004 - INFO - CDS - contig=contig_8, start=118135, stop=118965, strand=-, frame=1, truncated=no, start-type=ATG, RBS-motif=GGA/GAG/AGG
13:33:05.004 - INFO - CDS - contig=contig_8, start=119162, stop=119650, strand=+, frame=2, truncated=no, start-type=ATG, RBS-motif=GGAG/GAGG
13:33:05.004 - INFO - CDS - contig=contig_8, start=119757, stop=120950, strand=+, frame=3, truncated=no, start-type=ATG, RBS-motif=AGGAG
13:33:05.004 - INFO - CDS - contig=contig_8, start=121018, stop=121791, strand=+, frame=1, truncated=no, start-type=ATG, RBS-motif=4Base/6BMM
13:33:05.004 - INFO - CDS - contig=contig_8, start=121992, stop=123509, strand=+, frame=3, truncated=no, start-type=ATG, RBS-motif=GGAG/GAGG
13:33:05.004 - INFO - CDS - contig=contig_8, start=123646, stop=124947, strand=+, frame=1, truncated=no, start-type=ATG, RBS-motif=AGGAG
13:33:05.004 - INFO - CDS - contig=contig_8, start=125343, stop=125474, strand=-, frame=2, truncated=no, start-type=ATG, RBS-motif=GGAGG
13:33:05.004 - INFO - CDS - contig=contig_8, start=262, stop=375, strand=+, nt=[ATGATGGGAC..GAATAGCTGA]
13:33:05.005 - INFO - CDS - contig=contig_8, start=767, stop=2575, strand=-, nt=[TTGACCGACC..CGAGGAATAG]
13:33:05.005 - INFO - CDS - contig=contig_8, start=2826, stop=3527, strand=-, nt=[ATGGCTTCTG..CGACCGCTGA]
13:33:05.005 - INFO - CDS - contig=contig_8, start=3712, stop=4695, strand=+, nt=[ATGTCCATGC..CTTGAAGTAA]
13:33:05.005 - INFO - CDS - contig=contig_8, start=4831, stop=6150, strand=-, nt=[ATGTATTACA..TAATTATTAA]
13:33:05.005 - INFO - CDS - contig=contig_8, start=6314, stop=7183, strand=-, nt=[ATGGGAAACA..GCGGATCTGA]
13:33:05.005 - INFO - CDS - contig=contig_8, start=7358, stop=8551, strand=+, nt=[ATGAAGCACA..AAAAAAGTAA]
13:33:05.005 - INFO - CDS - contig=contig_8, start=8593, stop=9978, strand=-, nt=[ATGGAAAAAA..TCTGCGCTGA]
13:33:05.005 - INFO - CDS - contig=contig_8, start=10255, stop=11745, strand=+, nt=[TTGGACGAGC..GCGGCCGTAA]
13:33:05.005 - INFO - CDS - contig=contig_8, start=11777, stop=13258, strand=+, nt=[ATGAGAACTG..CAACGCGTGA]
13:33:05.005 - INFO - CDS - contig=contig_8, start=13272, stop=13394, strand=+, nt=[ATGTTCTGGA..CGAGGACTAA]
13:33:05.005 - INFO - CDS - contig=contig_8, start=13408, stop=13530, strand=+, nt=[ATGTCAACGA..AAAAAAGTAA]
13:33:05.005 - INFO - CDS - contig=contig_8, start=13567, stop=14019, strand=+, nt=[ATGGAAAGCG..AAAGGACTGA]
13:33:05.005 - INFO - CDS - contig=contig_8, start=14255, stop=15568, strand=+, nt=[ATGGGGCCTA..CGTCCACTGA]
13:33:05.005 - INFO - CDS - contig=contig_8, start=15621, stop=15944, strand=+, nt=[ATGAAACTGA..GCGGGTCTGA]
13:33:05.005 - INFO - CDS - contig=contig_8, start=15944, stop=16927, strand=+, nt=[ATGGACCTGT..GTTTTCCTGA]
13:33:05.005 - INFO - CDS - contig=contig_8, start=16967, stop=18238, strand=+, nt=[ATGACCGAGA..GGGCGAATGA]
13:33:05.005 - INFO - CDS - contig=contig_8, start=18362, stop=21031, strand=+, nt=[ATGAAGAAAT..AAACGGGTAG]
13:33:05.005 - INFO - CDS - contig=contig_8, start=21338, stop=25021, strand=+, nt=[ATGACTCAAA..GGAAGCGTAA]
13:33:05.005 - INFO - CDS - contig=contig_8, start=25096, stop=25551, strand=-, nt=[ATGCTGGAGG..TGCGGAATAG]
13:33:05.005 - INFO - CDS - contig=contig_8, start=25617, stop=26042, strand=-, nt=[ATGGAACTGA..CGTCGGCTGA]
13:33:05.005 - INFO - CDS - contig=contig_8, start=26033, stop=27286, strand=-, nt=[ATGGAAAAAC..ATGGAACTGA]
13:33:05.005 - INFO - CDS - contig=contig_8, start=27369, stop=28112, strand=-, nt=[ATGCGTTTAA..GGCCGTTTAA]
13:33:05.005 - INFO - CDS - contig=contig_8, start=28103, stop=29044, strand=-, nt=[ATGAAGCTGG..ATGCGTTTAA]
13:33:05.005 - INFO - CDS - contig=contig_8, start=29046, stop=29981, strand=-, nt=[ATGAACTTAA..GGTGCGCTGA]
13:33:05.005 - INFO - CDS - contig=contig_8, start=30076, stop=31014, strand=-, nt=[ATGAAGGGCC..GACGCTCTAA]
13:33:05.005 - INFO - CDS - contig=contig_8, start=31011, stop=31799, strand=-, nt=[ATGGCGGATA..CGGATCATGA]
13:33:05.014 - INFO - CDS - contig=contig_8, start=31789, stop=32679, strand=-, nt=[ATGGAACAAC..TGGCGGATAA]
13:33:05.014 - INFO - CDS - contig=contig_8, start=32740, stop=34104, strand=-, nt=[ATGTTCCGGC..GTGCGGATAA]
13:33:05.014 - INFO - CDS - contig=contig_8, start=34106, stop=34540, strand=-, nt=[ATGGACATGC..GGAGCTTTGA]
13:33:05.014 - INFO - CDS - contig=contig_8, start=34544, stop=34771, strand=-, nt=[ATGTTTGAGC..CCAGGAGTAA]
13:33:05.015 - INFO - CDS - contig=contig_8, start=35030, stop=36364, strand=-, nt=[ATGATGAAAA..ACTGCTGTGA]
13:33:05.015 - INFO - CDS - contig=contig_8, start=36672, stop=37457, strand=-, nt=[ATGTTCGTTC..AGAGCGGTAG]
13:33:05.015 - INFO - CDS - contig=contig_8, start=37540, stop=38844, strand=-, nt=[GTGCAAATGA..AATGTCCTAG]
13:33:05.015 - INFO - CDS - contig=contig_8, start=38835, stop=39392, strand=-, nt=[ATGAAAAAAA..GTGCAAATGA]
13:33:05.015 - INFO - CDS - contig=contig_8, start=39464, stop=40507, strand=-, nt=[ATGAAAAAGA..CCTTAAATAA]
13:33:05.015 - INFO - CDS - contig=contig_8, start=40605, stop=41381, strand=-, nt=[TTGGAACACA..GGACCTGTGA]
13:33:05.015 - INFO - CDS - contig=contig_8, start=41397, stop=43103, strand=-, nt=[TTGGAATACA..GGATTACTAA]
13:33:05.015 - INFO - CDS - contig=contig_8, start=43302, stop=45560, strand=+, nt=[ATGTCGCTAC..CAAACAATAA]
13:33:05.015 - INFO - CDS - contig=contig_8, start=45921, stop=46205, strand=-, nt=[TTGGAGCAGG..TTCGCGATGA]
13:33:05.015 - INFO - CDS - contig=contig_8, start=46240, stop=47340, strand=-, nt=[ATGACTGAAT..CAAGGGATAG]
13:33:05.015 - INFO - CDS - contig=contig_8, start=47355, stop=48158, strand=-, nt=[ATGAAATTCA..CATGATTTGA]
13:33:05.015 - INFO - CDS - contig=contig_8, start=48172, stop=49314, strand=-, nt=[ATGGTATTGA..GCTCAAGTAA]
13:33:05.015 - INFO - CDS - contig=contig_8, start=49328, stop=50956, strand=-, nt=[ATGGCTACAT..CCGAGCATAA]
13:33:05.015 - INFO - CDS - contig=contig_8, start=51203, stop=51790, strand=+, nt=[TTGGAAGAGC..CTGGGACTGA]
13:33:05.015 - INFO - CDS - contig=contig_8, start=51872, stop=55696, strand=-, nt=[ATGAAGAAAC..GCTGTTCTGA]
13:33:05.015 - INFO - CDS - contig=contig_8, start=56155, stop=57609, strand=+, nt=[ATGAGACAGC..GGGCCTATGA]
13:33:05.015 - INFO - CDS - contig=contig_8, start=57606, stop=59087, strand=+, nt=[ATGAGCGTGC..GACGCTTTGA]
13:33:05.015 - INFO - CDS - contig=contig_8, start=59250, stop=59924, strand=-, nt=[ATGGCAAAAG..CTCGTTTTGA]
13:33:05.015 - INFO - CDS - contig=contig_8, start=60245, stop=61675, strand=+, nt=[ATGAGACCAT..AACGTTATGA]
13:33:05.015 - INFO - CDS - contig=contig_8, start=61672, stop=62403, strand=+, nt=[ATGAGTATGA..GATGCTTTGA]
13:33:05.015 - INFO - CDS - contig=contig_8, start=62446, stop=63198, strand=+, nt=[ATGTCTCTCA..GATCAAGTAA]
13:33:05.015 - INFO - CDS - contig=contig_8, start=63271, stop=64020, strand=+, nt=[ATGGCTCTGG..GATCAAGTAA]
13:33:05.015 - INFO - CDS - contig=contig_8, start=64024, stop=64866, strand=+, nt=[ATGTACGGCA..GGGGGCATGA]
13:33:05.015 - INFO - CDS - contig=contig_8, start=64863, stop=65699, strand=+, nt=[ATGAAGGGGA..CGAGGACTGA]
13:33:05.015 - INFO - CDS - contig=contig_8, start=65818, stop=66729, strand=+, nt=[ATGAAAGCGA..TCAGAAGTAA]
13:33:05.015 - INFO - CDS - contig=contig_8, start=66802, stop=67473, strand=+, nt=[ATGGAAATTA..CAGGGCTTGA]
13:33:05.015 - INFO - CDS - contig=contig_8, start=67492, stop=69111, strand=+, nt=[ATGTTACATT..GAGAGCATGA]
13:33:05.015 - INFO - CDS - contig=contig_8, start=69125, stop=70201, strand=+, nt=[ATGAAGATGA..CCGGAGATAA]
13:33:05.015 - INFO - CDS - contig=contig_8, start=70310, stop=71272, strand=+, nt=[ATGAATCCCA..GCAGGCGTAA]
13:33:05.015 - INFO - CDS - contig=contig_8, start=71324, stop=72349, strand=+, nt=[ATGAAGAAAC..GCAGCGCTGA]
13:33:05.016 - INFO - CDS - contig=contig_8, start=72511, stop=74820, strand=+, nt=[ATGAAAGGAA..CGTACTCTGA]
13:33:05.016 - INFO - CDS - contig=contig_8, start=75275, stop=76126, strand=+, nt=[ATGGATTGGG..AGCAGAATAA]
13:33:05.016 - INFO - CDS - contig=contig_8, start=76196, stop=76687, strand=-, nt=[GTGATCGAAG..GGGCCCATAA]
13:33:05.016 - INFO - CDS - contig=contig_8, start=76836, stop=78275, strand=+, nt=[ATGGCACAGG..GGCCTACTAA]
13:33:05.016 - INFO - CDS - contig=contig_8, start=78397, stop=79719, strand=-, nt=[ATGAAACAGA..TCTGCAGTAA]
13:33:05.016 - INFO - CDS - contig=contig_8, start=80104, stop=81123, strand=+, nt=[ATGGTAGTCG..GGTAAAATAA]
13:33:05.016 - INFO - CDS - contig=contig_8, start=81165, stop=82238, strand=+, nt=[ATGAAAACGC..GACGCTATGA]
13:33:05.016 - INFO - CDS - contig=contig_8, start=82235, stop=83548, strand=+, nt=[ATGAACGTGA..CATCACATGA]
13:33:05.016 - INFO - CDS - contig=contig_8, start=83545, stop=84594, strand=+, nt=[ATGAAGCACA..CGGGTCGTGA]
13:33:05.016 - INFO - CDS - contig=contig_8, start=84859, stop=86013, strand=+, nt=[ATGACCGAAT..CCGGCCATGA]
13:33:05.016 - INFO - CDS - contig=contig_8, start=86010, stop=86504, strand=+, nt=[ATGAAAAACG..GCAGTTATGA]
13:33:05.016 - INFO - CDS - contig=contig_8, start=86501, stop=86953, strand=+, nt=[ATGAAATTCC..TGCCTTGTAA]
13:33:05.016 - INFO - CDS - contig=contig_8, start=86977, stop=88383, strand=+, nt=[ATGAAAAAAG..AAAAACATGA]
13:33:05.016 - INFO - CDS - contig=contig_8, start=88731, stop=89045, strand=+, nt=[ATGGCAGCTC..CAAACTCTGA]
13:33:05.016 - INFO - CDS - contig=contig_8, start=89291, stop=90016, strand=+, nt=[ATGGAAAAGG..TAACAAGTAA]
13:33:05.016 - INFO - CDS - contig=contig_8, start=90034, stop=90648, strand=+, nt=[ATGCCTAAAG..GTTTGCGTAA]
13:33:05.016 - INFO - CDS - contig=contig_8, start=90648, stop=90947, strand=+, nt=[ATGGCTACCA..CATGGTGTAA]
13:33:05.016 - INFO - CDS - contig=contig_8, start=90963, stop=91796, strand=+, nt=[ATGGCTATTA..CAGCAAGTAA]
13:33:05.016 - INFO - CDS - contig=contig_8, start=91812, stop=92084, strand=+, nt=[ATGTCCAGAA..TGGTAAGTAA]
13:33:05.016 - INFO - CDS - contig=contig_8, start=92100, stop=92432, strand=+, nt=[ATGGAAGCCA..TGAGCGCTAA]
13:33:05.016 - INFO - CDS - contig=contig_8, start=92448, stop=93362, strand=+, nt=[ATGGGACAGA..CTCCAACTAA]
13:33:05.016 - INFO - CDS - contig=contig_8, start=93362, stop=93799, strand=+, nt=[ATGCTGCTGC..TGGTGAATGA]
13:33:05.016 - INFO - CDS - contig=contig_8, start=93796, stop=93999, strand=+, nt=[ATGAAGATGA..AGGCCGATAA]
13:33:05.016 - INFO - CDS - contig=contig_8, start=94014, stop=94274, strand=+, nt=[ATGGAAAACA..GGCGAAGTAA]
13:33:05.016 - INFO - CDS - contig=contig_8, start=94287, stop=94655, strand=+, nt=[ATGATTCAGC..AGTGCTGTAA]
13:33:05.016 - INFO - CDS - contig=contig_8, start=94672, stop=94989, strand=+, nt=[ATGAAGAAGA..TGAAATCTGA]
13:33:05.016 - INFO - CDS - contig=contig_8, start=95011, stop=95565, strand=+, nt=[ATGGCTGATA..CGCCCGCTAA]
13:33:05.016 - INFO - CDS - contig=contig_8, start=95580, stop=95765, strand=+, nt=[ATGGCGAAAA..GAGCTGGTAA]
13:33:05.016 - INFO - CDS - contig=contig_8, start=96015, stop=96413, strand=+, nt=[ATGCATATCA..TGTCTGGTAA]
13:33:05.016 - INFO - CDS - contig=contig_8, start=96430, stop=96978, strand=+, nt=[ATGTCTCGTA..GAAGAAGTAA]
13:33:05.016 - INFO - CDS - contig=contig_8, start=96993, stop=97352, strand=+, nt=[ATGATTAAGA..GCAGTTCTAA]
13:33:05.016 - INFO - CDS - contig=contig_8, start=97371, stop=97871, strand=+, nt=[ATGGCTCGAT..CACAGGTTAA]
13:33:05.017 - INFO - CDS - contig=contig_8, start=97886, stop=98068, strand=+, nt=[ATGGCTAATT..GGAAAAGTGA]
13:33:05.017 - INFO - CDS - contig=contig_8, start=98082, stop=98522, strand=+, nt=[ATGAATCTGC..GGTGGTCTAA]
13:33:05.017 - INFO - CDS - contig=contig_8, start=98523, stop=99854, strand=+, nt=[GTGATCGAGA..CCTGGAGTAA]
13:33:05.017 - INFO - CDS - contig=contig_8, start=99873, stop=100505, strand=+, nt=[ATGAAGATCA..GGAAGCGTGA]
13:33:05.017 - INFO - CDS - contig=contig_8, start=100514, stop=101266, strand=+, nt=[ATGATCTCCC..AGGAGCGTGA]
13:33:05.017 - INFO - CDS - contig=contig_8, start=101269, stop=101544, strand=+, nt=[ATGGCGTACG..GAGGGTATGA]
13:33:05.017 - INFO - CDS - contig=contig_8, start=101549, stop=101767, strand=+, nt=[TTGGCAAAAG..AAGCAAGTGA]
13:33:05.017 - INFO - CDS - contig=contig_8, start=101867, stop=101980, strand=+, nt=[ATGAAAGTGA..ACAAGGTTAA]
13:33:05.017 - INFO - CDS - contig=contig_8, start=102001, stop=102369, strand=+, nt=[ATGGCACGTA..GAAGAAGTAA]
13:33:05.017 - INFO - CDS - contig=contig_8, start=102385, stop=102789, strand=+, nt=[ATGGCTACCG..CCGCGTGTAA]
13:33:05.017 - INFO - CDS - contig=contig_8, start=102814, stop=103419, strand=+, nt=[ATGGCTAAGA..CTCCAAATAA]
13:33:05.017 - INFO - CDS - contig=contig_8, start=103502, stop=104452, strand=+, nt=[ATGGTAGAAA..GAACAACTAA]
13:33:05.017 - INFO - CDS - contig=contig_8, start=104590, stop=104931, strand=+, nt=[ATGTCCGGAT..GCTGGTGTAA]
13:33:05.017 - INFO - CDS - contig=contig_8, start=105251, stop=106522, strand=+, nt=[ATGGACAGTG..GCGTGACTGA]
13:33:05.017 - INFO - CDS - contig=contig_8, start=106515, stop=106661, strand=+, nt=[GTGACTGATC..GCTGACTTGA]
13:33:05.017 - INFO - CDS - contig=contig_8, start=106816, stop=107304, strand=-, nt=[ATGGAGATCG..CCTGCTATAA]
13:33:05.017 - INFO - CDS - contig=contig_8, start=107317, stop=108291, strand=-, nt=[ATGGGCACCA..GCCCTTTTAA]
13:33:05.017 - INFO - CDS - contig=contig_8, start=108360, stop=108449, strand=-, nt=[ATGTCCTCCC..AACCTGCTAA]
13:33:05.017 - INFO - CDS - contig=contig_8, start=108449, stop=110245, strand=-, nt=[ATGGCAGAAG..CATCAAGTGA]
13:33:05.017 - INFO - CDS - contig=contig_8, start=110588, stop=110848, strand=-, nt=[ATGCACGCCC..CCCCTCTTGA]
13:33:05.017 - INFO - CDS - contig=contig_8, start=110992, stop=111321, strand=+, nt=[ATGGGCTTGG..GGAGCTGTAG]
13:33:05.017 - INFO - CDS - contig=contig_8, start=112001, stop=113917, strand=+, nt=[ATGCGCGATG..GCTGGCCTGA]
13:33:05.017 - INFO - CDS - contig=contig_8, start=114120, stop=114716, strand=+, nt=[ATGAATCTCT..GAACGCATGA]
13:33:05.017 - INFO - CDS - contig=contig_8, start=114713, stop=115288, strand=+, nt=[ATGATCTATC..TCAGATGTAA]
13:33:05.017 - INFO - CDS - contig=contig_8, start=115347, stop=116207, strand=-, nt=[ATGAAACAAG..CGAGACCTAA]
13:33:05.017 - INFO - CDS - contig=contig_8, start=116451, stop=116789, strand=-, nt=[ATGCTGGAAC..GGCGGACTGA]
13:33:05.017 - INFO - CDS - contig=contig_8, start=116886, stop=118133, strand=-, nt=[ATGACCACAC..GACCCGCTGA]
13:33:05.017 - INFO - CDS - contig=contig_8, start=118135, stop=118965, strand=-, nt=[ATGCACGTGG..AGGGAATTGA]
13:33:05.017 - INFO - CDS - contig=contig_8, start=119162, stop=119650, strand=+, nt=[ATGCTCAATA..GGGCCGTTGA]
13:33:05.017 - INFO - CDS - contig=contig_8, start=119757, stop=120950, strand=+, nt=[ATGAATTACC..GGATCAATAA]
13:33:05.017 - INFO - CDS - contig=contig_8, start=121018, stop=121791, strand=+, nt=[ATGAACCGCC..TCAGGAGTAA]
13:33:05.017 - INFO - CDS - contig=contig_8, start=121992, stop=123509, strand=+, nt=[ATGAGTAAAA..GATCGTCTGA]
13:33:05.018 - INFO - CDS - contig=contig_8, start=123646, stop=124947, strand=+, nt=[ATGAAGCAGA..CCTGAAGTAA]
13:33:05.018 - INFO - CDS - contig=contig_8, start=125343, stop=125474, strand=-, nt=[ATGTACTCCA..GAAGCGTTAG]
13:33:05.068 - INFO - CDS - contig=contig_9, start=128, stop=250, strand=+, frame=2, truncated=no, start-type=ATG, RBS-motif=AGGAGG
13:33:05.068 - INFO - CDS - contig=contig_9, start=548, stop=2245, strand=+, frame=2, truncated=no, start-type=ATG, RBS-motif=AGGA
13:33:05.068 - INFO - CDS - contig=contig_9, start=2598, stop=2837, strand=+, frame=3, truncated=no, start-type=ATG, RBS-motif=GGAGG
13:33:05.068 - INFO - CDS - contig=contig_9, start=2834, stop=3373, strand=+, frame=2, truncated=no, start-type=ATG, RBS-motif=GGA/GAG/AGG
13:33:05.068 - INFO - CDS - contig=contig_9, start=3524, stop=3742, strand=+, frame=2, truncated=no, start-type=ATG, RBS-motif=GGAG/GAGG
13:33:05.069 - INFO - CDS - contig=contig_9, start=3735, stop=4016, strand=+, frame=3, truncated=no, start-type=ATG, RBS-motif=None
13:33:05.069 - INFO - CDS - contig=contig_9, start=4044, stop=6002, strand=+, frame=3, truncated=no, start-type=GTG, RBS-motif=None
13:33:05.069 - INFO - CDS - contig=contig_9, start=6015, stop=7052, strand=+, frame=3, truncated=no, start-type=ATG, RBS-motif=AGGAG
13:33:05.069 - INFO - CDS - contig=contig_9, start=7056, stop=7676, strand=+, frame=3, truncated=no, start-type=GTG, RBS-motif=AGGAG
13:33:05.069 - INFO - CDS - contig=contig_9, start=8061, stop=8753, strand=+, frame=3, truncated=no, start-type=ATG, RBS-motif=AGGA
13:33:05.069 - INFO - CDS - contig=contig_9, start=8750, stop=9781, strand=+, frame=2, truncated=no, start-type=ATG, RBS-motif=GGAGG
13:33:05.069 - INFO - CDS - contig=contig_9, start=9959, stop=10624, strand=+, frame=2, truncated=no, start-type=ATG, RBS-motif=AGGAG
13:33:05.069 - INFO - CDS - contig=contig_9, start=10639, stop=13011, strand=+, frame=1, truncated=no, start-type=ATG, RBS-motif=AGGAGG
13:33:05.069 - INFO - CDS - contig=contig_9, start=13493, stop=14035, strand=+, frame=2, truncated=no, start-type=ATG, RBS-motif=AGGAGG
13:33:05.069 - INFO - CDS - contig=contig_9, start=14129, stop=14686, strand=-, frame=1, truncated=no, start-type=ATG, RBS-motif=GGAGG
13:33:05.069 - INFO - CDS - contig=contig_9, start=14683, stop=14904, strand=-, frame=2, truncated=no, start-type=GTG, RBS-motif=None
13:33:05.069 - INFO - CDS - contig=contig_9, start=15196, stop=15879, strand=+, frame=1, truncated=no, start-type=ATG, RBS-motif=GGAG/GAGG
13:33:05.069 - INFO - CDS - contig=contig_9, start=16040, stop=18547, strand=+, frame=2, truncated=no, start-type=ATG, RBS-motif=AGGAG
13:33:05.069 - INFO - CDS - contig=contig_9, start=18567, stop=19196, strand=-, frame=3, truncated=no, start-type=ATG, RBS-motif=AGGAGG
13:33:05.069 - INFO - CDS - contig=contig_9, start=19215, stop=19799, strand=-, frame=3, truncated=no, start-type=TTG, RBS-motif=AGGAGG
13:33:05.069 - INFO - CDS - contig=contig_9, start=19879, stop=20781, strand=+, frame=1, truncated=no, start-type=ATG, RBS-motif=AGGAG
13:33:05.069 - INFO - CDS - contig=contig_9, start=21164, stop=22252, strand=+, frame=2, truncated=no, start-type=ATG, RBS-motif=GGAGG
13:33:05.070 - INFO - CDS - contig=contig_9, start=22516, stop=23454, strand=+, frame=1, truncated=no, start-type=ATG, RBS-motif=AGGAGG
13:33:05.070 - INFO - CDS - contig=contig_9, start=23458, stop=24246, strand=+, frame=1, truncated=no, start-type=ATG, RBS-motif=GGAGG
13:33:05.070 - INFO - CDS - contig=contig_9, start=24903, stop=25595, strand=+, frame=3, truncated=no, start-type=ATG, RBS-motif=AGxAGG/AGGxGG
13:33:05.070 - INFO - CDS - contig=contig_9, start=25592, stop=26242, strand=+, frame=2, truncated=no, start-type=ATG, RBS-motif=AGGAG
13:33:05.070 - INFO - CDS - contig=contig_9, start=26239, stop=27654, strand=+, frame=1, truncated=no, start-type=ATG, RBS-motif=AGGAG
13:33:05.070 - INFO - CDS - contig=contig_9, start=27701, stop=28912, strand=-, frame=1, truncated=no, start-type=ATG, RBS-motif=GGAGG
13:33:05.070 - INFO - CDS - contig=contig_9, start=29008, stop=30372, strand=+, frame=1, truncated=no, start-type=GTG, RBS-motif=AGxAGG/AGGxGG
13:33:05.070 - INFO - CDS - contig=contig_9, start=30592, stop=33243, strand=+, frame=1, truncated=no, start-type=ATG, RBS-motif=GGAGG
13:33:05.070 - INFO - CDS - contig=contig_9, start=33268, stop=33858, strand=+, frame=1, truncated=no, start-type=ATG, RBS-motif=AGGAG
13:33:05.070 - INFO - CDS - contig=contig_9, start=33865, stop=34317, strand=+, frame=1, truncated=no, start-type=TTG, RBS-motif=AGGA
13:33:05.070 - INFO - CDS - contig=contig_9, start=34357, stop=34956, strand=+, frame=1, truncated=no, start-type=ATG, RBS-motif=AGGAG
13:33:05.070 - INFO - CDS - contig=contig_9, start=35150, stop=36160, strand=+, frame=2, truncated=no, start-type=ATG, RBS-motif=AGxAGG/AGGxGG
13:33:05.070 - INFO - CDS - contig=contig_9, start=37195, stop=37842, strand=-, frame=2, truncated=no, start-type=ATG, RBS-motif=AGGAG
13:33:05.070 - INFO - CDS - contig=contig_9, start=38030, stop=39319, strand=+, frame=2, truncated=no, start-type=ATG, RBS-motif=AGGA
13:33:05.070 - INFO - CDS - contig=contig_9, start=39400, stop=39867, strand=-, frame=2, truncated=no, start-type=ATG, RBS-motif=AGxAGG/AGGxGG
13:33:05.071 - INFO - CDS - contig=contig_9, start=39864, stop=41324, strand=-, frame=3, truncated=no, start-type=ATG, RBS-motif=GGAG/GAGG
13:33:05.071 - INFO - CDS - contig=contig_9, start=41617, stop=42450, strand=+, frame=1, truncated=no, start-type=ATG, RBS-motif=GGA/GAG/AGG
13:33:05.071 - INFO - CDS - contig=contig_9, start=42539, stop=43711, strand=+, frame=2, truncated=no, start-type=ATG, RBS-motif=GGAG/GAGG
13:33:05.071 - INFO - CDS - contig=contig_9, start=43741, stop=44349, strand=+, frame=1, truncated=no, start-type=ATG, RBS-motif=AGGAGG
13:33:05.071 - INFO - CDS - contig=contig_9, start=44374, stop=46152, strand=+, frame=1, truncated=no, start-type=ATG, RBS-motif=GGAG/GAGG
13:33:05.071 - INFO - CDS - contig=contig_9, start=46243, stop=47196, strand=+, frame=1, truncated=no, start-type=GTG, RBS-motif=GGAG/GAGG
13:33:05.071 - INFO - CDS - contig=contig_9, start=47206, stop=48123, strand=+, frame=1, truncated=no, start-type=ATG, RBS-motif=GGAG/GAGG
13:33:05.071 - INFO - CDS - contig=contig_9, start=48133, stop=49161, strand=+, frame=1, truncated=no, start-type=ATG, RBS-motif=AGxAGG/AGGxGG
13:33:05.071 - INFO - CDS - contig=contig_9, start=49158, stop=50120, strand=+, frame=3, truncated=no, start-type=ATG, RBS-motif=AGGAGG
13:33:05.071 - INFO - CDS - contig=contig_9, start=50125, stop=50511, strand=+, frame=1, truncated=no, start-type=ATG, RBS-motif=None
13:33:05.071 - INFO - CDS - contig=contig_9, start=50930, stop=51226, strand=+, frame=2, truncated=no, start-type=ATG, RBS-motif=AGGAGG
13:33:05.071 - INFO - CDS - contig=contig_9, start=51240, stop=51710, strand=+, frame=3, truncated=no, start-type=ATG, RBS-motif=AGxAGG/AGGxGG
13:33:05.071 - INFO - CDS - contig=contig_9, start=51791, stop=52030, strand=+, frame=2, truncated=no, start-type=ATG, RBS-motif=AGGAGG
13:33:05.071 - INFO - CDS - contig=contig_9, start=52081, stop=52884, strand=-, frame=2, truncated=no, start-type=ATG, RBS-motif=AGGAGG
13:33:05.071 - INFO - CDS - contig=contig_9, start=53037, stop=54794, strand=-, frame=3, truncated=no, start-type=ATG, RBS-motif=GGAGG
13:33:05.071 - INFO - CDS - contig=contig_9, start=54810, stop=56612, strand=-, frame=3, truncated=no, start-type=ATG, RBS-motif=AGxAGG/AGGxGG
13:33:05.071 - INFO - CDS - contig=contig_9, start=56625, stop=56993, strand=-, frame=3, truncated=no, start-type=ATG, RBS-motif=AGGAG
13:33:05.071 - INFO - CDS - contig=contig_9, start=57021, stop=57593, strand=-, frame=3, truncated=no, start-type=ATG, RBS-motif=None
13:33:05.072 - INFO - CDS - contig=contig_9, start=57590, stop=58084, strand=-, frame=1, truncated=no, start-type=ATG, RBS-motif=GGA/GAG/AGG
13:33:05.072 - INFO - CDS - contig=contig_9, start=58200, stop=58916, strand=-, frame=3, truncated=no, start-type=TTG, RBS-motif=GGAGG
13:33:05.072 - INFO - CDS - contig=contig_9, start=58955, stop=59287, strand=-, frame=1, truncated=no, start-type=ATG, RBS-motif=AGGAGG
13:33:05.072 - INFO - CDS - contig=contig_9, start=59395, stop=59862, strand=+, frame=1, truncated=no, start-type=ATG, RBS-motif=GGAG/GAGG
13:33:05.072 - INFO - CDS - contig=contig_9, start=59859, stop=60932, strand=+, frame=3, truncated=no, start-type=GTG, RBS-motif=GGxGG
13:33:05.072 - INFO - CDS - contig=contig_9, start=61036, stop=62361, strand=-, frame=2, truncated=no, start-type=ATG, RBS-motif=AGGAGG
13:33:05.072 - INFO - CDS - contig=contig_9, start=62396, stop=62821, strand=-, frame=1, truncated=no, start-type=ATG, RBS-motif=GGAG/GAGG
13:33:05.072 - INFO - CDS - contig=contig_9, start=62808, stop=63164, strand=-, frame=3, truncated=no, start-type=ATG, RBS-motif=AGxAGG/AGGxGG
13:33:05.072 - INFO - CDS - contig=contig_9, start=63412, stop=64497, strand=+, frame=1, truncated=no, start-type=ATG, RBS-motif=AGGAGG
13:33:05.072 - INFO - CDS - contig=contig_9, start=64514, stop=65683, strand=+, frame=2, truncated=no, start-type=ATG, RBS-motif=AGGAGG
13:33:05.072 - INFO - CDS - contig=contig_9, start=65829, stop=66530, strand=-, frame=3, truncated=no, start-type=ATG, RBS-motif=None
13:33:05.072 - INFO - CDS - contig=contig_9, start=66849, stop=68195, strand=+, frame=3, truncated=no, start-type=ATG, RBS-motif=AGGAG
13:33:05.072 - INFO - CDS - contig=contig_9, start=68556, stop=69941, strand=+, frame=3, truncated=no, start-type=ATG, RBS-motif=GGAGG
13:33:05.072 - INFO - CDS - contig=contig_9, start=69999, stop=71441, strand=+, frame=3, truncated=no, start-type=ATG, RBS-motif=AGGA/GGAG/GAGG
13:33:05.072 - INFO - CDS - contig=contig_9, start=71529, stop=72875, strand=+, frame=3, truncated=no, start-type=ATG, RBS-motif=AGGAG
13:33:05.072 - INFO - CDS - contig=contig_9, start=72901, stop=73200, strand=+, frame=1, truncated=no, start-type=ATG, RBS-motif=AGGA
13:33:05.072 - INFO - CDS - contig=contig_9, start=73336, stop=75966, strand=-, frame=2, truncated=no, start-type=ATG, RBS-motif=AGGA/GGAG/GAGG
13:33:05.072 - INFO - CDS - contig=contig_9, start=76079, stop=76507, strand=-, frame=1, truncated=no, start-type=ATG, RBS-motif=AGGAG
13:33:05.073 - INFO - CDS - contig=contig_9, start=76811, stop=78196, strand=+, frame=2, truncated=no, start-type=ATG, RBS-motif=AGxAGG/AGGxGG
13:33:05.073 - INFO - CDS - contig=contig_9, start=78257, stop=78658, strand=-, frame=1, truncated=no, start-type=ATG, RBS-motif=AGGAG
13:33:05.073 - INFO - CDS - contig=contig_9, start=78823, stop=80016, strand=+, frame=1, truncated=no, start-type=ATG, RBS-motif=GGAG/GAGG
13:33:05.073 - INFO - CDS - contig=contig_9, start=80069, stop=80638, strand=-, frame=1, truncated=no, start-type=ATG, RBS-motif=GGA/GAG/AGG
13:33:05.073 - INFO - CDS - contig=contig_9, start=80857, stop=82257, strand=-, frame=2, truncated=no, start-type=ATG, RBS-motif=AGGAG
13:33:05.073 - INFO - CDS - contig=contig_9, start=82614, stop=83873, strand=+, frame=3, truncated=no, start-type=ATG, RBS-motif=GGA/GAG/AGG
13:33:05.073 - INFO - CDS - contig=contig_9, start=84044, stop=86185, strand=-, frame=1, truncated=no, start-type=ATG, RBS-motif=GGxGG
13:33:05.073 - INFO - CDS - contig=contig_9, start=86178, stop=87086, strand=-, frame=3, truncated=no, start-type=ATG, RBS-motif=GGAG/GAGG
13:33:05.073 - INFO - CDS - contig=contig_9, start=87175, stop=87399, strand=-, frame=2, truncated=no, start-type=ATG, RBS-motif=AGGAGG
13:33:05.073 - INFO - CDS - contig=contig_9, start=87711, stop=88844, strand=+, frame=3, truncated=no, start-type=ATG, RBS-motif=GGAGG
13:33:05.073 - INFO - CDS - contig=contig_9, start=89028, stop=89441, strand=-, frame=3, truncated=no, start-type=ATG, RBS-motif=AGGAGG
13:33:05.073 - INFO - CDS - contig=contig_9, start=89737, stop=89943, strand=-, frame=2, truncated=no, start-type=ATG, RBS-motif=AGGAG
13:33:05.073 - INFO - CDS - contig=contig_9, start=90018, stop=92450, strand=-, frame=3, truncated=no, start-type=TTG, RBS-motif=AGxAGG/AGGxGG
13:33:05.073 - INFO - CDS - contig=contig_9, start=92599, stop=92823, strand=+, frame=1, truncated=no, start-type=ATG, RBS-motif=GGAGG
13:33:05.073 - INFO - CDS - contig=contig_9, start=92943, stop=93053, strand=+, frame=3, truncated=no, start-type=ATG, RBS-motif=GGxGG
13:33:05.073 - INFO - CDS - contig=contig_9, start=93095, stop=93961, strand=-, frame=1, truncated=no, start-type=ATG, RBS-motif=GGAGG
13:33:05.073 - INFO - CDS - contig=contig_9, start=93965, stop=95308, strand=-, frame=1, truncated=no, start-type=TTG, RBS-motif=GGAGG
13:33:05.073 - INFO - CDS - contig=contig_9, start=95416, stop=95976, strand=-, frame=2, truncated=no, start-type=ATG, RBS-motif=AGGAGG
13:33:05.074 - INFO - CDS - contig=contig_9, start=96058, stop=97362, strand=-, frame=2, truncated=no, start-type=ATG, RBS-motif=AGGA
13:33:05.074 - INFO - CDS - contig=contig_9, start=97495, stop=97782, strand=-, frame=2, truncated=no, start-type=ATG, RBS-motif=AGGA
13:33:05.074 - INFO - CDS - contig=contig_9, start=97895, stop=100834, strand=-, frame=1, truncated=no, start-type=ATG, RBS-motif=GGA/GAG/AGG
13:33:05.074 - INFO - CDS - contig=contig_9, start=101172, stop=101324, strand=-, frame=3, truncated=no, start-type=TTG, RBS-motif=AGGAGG
13:33:05.074 - INFO - CDS - contig=contig_9, start=101821, stop=102393, strand=+, frame=1, truncated=no, start-type=ATG, RBS-motif=GGAGG
13:33:05.074 - INFO - CDS - contig=contig_9, start=102390, stop=103271, strand=+, frame=3, truncated=no, start-type=ATG, RBS-motif=AGGAGG
13:33:05.074 - INFO - CDS - contig=contig_9, start=103321, stop=104349, strand=-, frame=2, truncated=no, start-type=ATG, RBS-motif=AGGAGG
13:33:05.074 - INFO - CDS - contig=contig_9, start=104407, stop=106095, strand=-, frame=2, truncated=no, start-type=ATG, RBS-motif=AGGAG
13:33:05.074 - INFO - CDS - contig=contig_9, start=106534, stop=107487, strand=+, frame=1, truncated=no, start-type=ATG, RBS-motif=AGGAGG
13:33:05.074 - INFO - CDS - contig=contig_9, start=107526, stop=108500, strand=+, frame=3, truncated=no, start-type=ATG, RBS-motif=AGGAGG
13:33:05.074 - INFO - CDS - contig=contig_9, start=108801, stop=108959, strand=+, frame=3, truncated=no, start-type=ATG, RBS-motif=AGGAG
13:33:05.074 - INFO - CDS - contig=contig_9, start=109311, stop=109817, strand=+, frame=3, truncated=no, start-type=ATG, RBS-motif=GGAG/GAGG
13:33:05.074 - INFO - CDS - contig=contig_9, start=109993, stop=110286, strand=+, frame=1, truncated=no, start-type=ATG, RBS-motif=GGA/GAG/AGG
13:33:05.074 - INFO - CDS - contig=contig_9, start=110283, stop=111131, strand=+, frame=3, truncated=no, start-type=GTG, RBS-motif=AGGAGG
13:33:05.074 - INFO - CDS - contig=contig_9, start=111281, stop=111595, strand=+, frame=2, truncated=no, start-type=ATG, RBS-motif=AGGA
13:33:05.074 - INFO - CDS - contig=contig_9, start=111889, stop=112344, strand=-, frame=2, truncated=no, start-type=TTG, RBS-motif=AGGAGG
13:33:05.074 - INFO - CDS - contig=contig_9, start=112378, stop=113217, strand=-, frame=2, truncated=no, start-type=ATG, RBS-motif=AGGAGG
13:33:05.074 - INFO - CDS - contig=contig_9, start=113529, stop=113960, strand=-, frame=3, truncated=no, start-type=ATG, RBS-motif=GGA/GAG/AGG
13:33:05.075 - INFO - CDS - contig=contig_9, start=115016, stop=116110, strand=-, frame=1, truncated=no, start-type=ATG, RBS-motif=GGxGG
13:33:05.075 - INFO - CDS - contig=contig_9, start=116219, stop=116980, strand=-, frame=1, truncated=no, start-type=ATG, RBS-motif=AGGA
13:33:05.075 - INFO - CDS - contig=contig_9, start=118151, stop=118384, strand=+, frame=2, truncated=no, start-type=ATG, RBS-motif=AGGAG
13:33:05.075 - INFO - CDS - contig=contig_9, start=118327, stop=118803, strand=-, frame=2, truncated=no, start-type=ATG, RBS-motif=AGxAGG/AGGxGG
13:33:05.075 - INFO - CDS - contig=contig_9, start=118989, stop=119219, strand=+, frame=3, truncated=no, start-type=ATG, RBS-motif=AGGAG
13:33:05.075 - INFO - CDS - contig=contig_9, start=119702, stop=119962, strand=+, frame=2, truncated=no, start-type=ATG, RBS-motif=AGGAGG
13:33:05.075 - INFO - CDS - contig=contig_9, start=128, stop=250, strand=+, nt=[ATGGAAAAAT..AAATTATTGA]
13:33:05.075 - INFO - CDS - contig=contig_9, start=548, stop=2245, strand=+, nt=[ATGAAGGTTG..GAATCATTGA]
13:33:05.075 - INFO - CDS - contig=contig_9, start=2598, stop=2837, strand=+, nt=[ATGAAGCGAA..TCTGGCATGA]
13:33:05.075 - INFO - CDS - contig=contig_9, start=2834, stop=3373, strand=+, nt=[ATGAGTACAA..GGCGTCTTGA]
13:33:05.075 - INFO - CDS - contig=contig_9, start=3524, stop=3742, strand=+, nt=[ATGCATTTTG..CCATGCGTAA]
13:33:05.075 - INFO - CDS - contig=contig_9, start=3735, stop=4016, strand=+, nt=[ATGCGTAAGC..AGCGGACTAG]
13:33:05.075 - INFO - CDS - contig=contig_9, start=4044, stop=6002, strand=+, nt=[GTGGCGGTGC..CGCAGAGTAA]
13:33:05.075 - INFO - CDS - contig=contig_9, start=6015, stop=7052, strand=+, nt=[ATGCCGCCAA..AGGAGCGTAG]
13:33:05.075 - INFO - CDS - contig=contig_9, start=7056, stop=7676, strand=+, nt=[GTGCTGAAGA..CGCTTGGTAG]
13:33:05.075 - INFO - CDS - contig=contig_9, start=8061, stop=8753, strand=+, nt=[ATGAAGCAGA..GGCAAAATGA]
13:33:05.075 - INFO - CDS - contig=contig_9, start=8750, stop=9781, strand=+, nt=[ATGAAGTTTA..TATAAAATAG]
13:33:05.075 - INFO - CDS - contig=contig_9, start=9959, stop=10624, strand=+, nt=[ATGAGCATTT..TGTGGAGTAA]
13:33:05.075 - INFO - CDS - contig=contig_9, start=10639, stop=13011, strand=+, nt=[ATGACATGGC..GATGGAATAA]
13:33:05.075 - INFO - CDS - contig=contig_9, start=13493, stop=14035, strand=+, nt=[ATGAAAAAGT..CTTCGGCTGA]
13:33:05.075 - INFO - CDS - contig=contig_9, start=14129, stop=14686, strand=-, nt=[ATGAATTCTT..TGCGCTTTAA]
13:33:05.075 - INFO - CDS - contig=contig_9, start=14683, stop=14904, strand=-, nt=[GTGACGGTGG..ACGCAGATGA]
13:33:05.075 - INFO - CDS - contig=contig_9, start=15196, stop=15879, strand=+, nt=[ATGTCAATTC..CGGAGCATGA]
13:33:05.075 - INFO - CDS - contig=contig_9, start=16040, stop=18547, strand=+, nt=[ATGCTGACAA..CGAGGGATAA]
13:33:05.075 - INFO - CDS - contig=contig_9, start=18567, stop=19196, strand=-, nt=[ATGCGTTTAT..GCTCGGGTGA]
13:33:05.075 - INFO - CDS - contig=contig_9, start=19215, stop=19799, strand=-, nt=[TTGCCAAAAT..TTGGATCTGA]
13:33:05.075 - INFO - CDS - contig=contig_9, start=19879, stop=20781, strand=+, nt=[ATGAACGAAT..CAAAGTCTGA]
13:33:05.076 - INFO - CDS - contig=contig_9, start=21164, stop=22252, strand=+, nt=[ATGAAACTGC..GGCCCAATAA]
13:33:05.076 - INFO - CDS - contig=contig_9, start=22516, stop=23454, strand=+, nt=[ATGGACCTGA..AGGGCGGTAA]
13:33:05.076 - INFO - CDS - contig=contig_9, start=23458, stop=24246, strand=+, nt=[ATGCTGACCA..GTCCGGCTGA]
13:33:05.076 - INFO - CDS - contig=contig_9, start=24903, stop=25595, strand=+, nt=[ATGGACATCG..CCGCTTATGA]
13:33:05.076 - INFO - CDS - contig=contig_9, start=25592, stop=26242, strand=+, nt=[ATGACCAGAC..AAACGTATGA]
13:33:05.076 - INFO - CDS - contig=contig_9, start=26239, stop=27654, strand=+, nt=[ATGAAACTGT..ACGGATCTGA]
13:33:05.076 - INFO - CDS - contig=contig_9, start=27701, stop=28912, strand=-, nt=[ATGCAGCCGC..GCTCCATTAA]
13:33:05.076 - INFO - CDS - contig=contig_9, start=29008, stop=30372, strand=+, nt=[GTGGCTGCCG..GCCGCATTAG]
13:33:05.076 - INFO - CDS - contig=contig_9, start=30592, stop=33243, strand=+, nt=[ATGAAGCTCA..AAAGGAGTAG]
13:33:05.076 - INFO - CDS - contig=contig_9, start=33268, stop=33858, strand=+, nt=[ATGTATCTGC..GAAAGGATGA]
13:33:05.076 - INFO - CDS - contig=contig_9, start=33865, stop=34317, strand=+, nt=[TTGAACTATC..GGCCGGCTGA]
13:33:05.076 - INFO - CDS - contig=contig_9, start=34357, stop=34956, strand=+, nt=[ATGCGCCGCG..AGGAAACTGA]
13:33:05.076 - INFO - CDS - contig=contig_9, start=35150, stop=36160, strand=+, nt=[ATGAATATCC..AAAAGGCTGA]
13:33:05.076 - INFO - CDS - contig=contig_9, start=37195, stop=37842, strand=-, nt=[ATGAAGGGCA..GCGTTTGTGA]
13:33:05.076 - INFO - CDS - contig=contig_9, start=38030, stop=39319, strand=+, nt=[ATGGATGCGC..CGCCGAGTAA]
13:33:05.076 - INFO - CDS - contig=contig_9, start=39400, stop=39867, strand=-, nt=[ATGAGTGCGC..GGCCGACTGA]
13:33:05.076 - INFO - CDS - contig=contig_9, start=39864, stop=41324, strand=-, nt=[ATGCAATTCA..GGACGCATGA]
13:33:05.076 - INFO - CDS - contig=contig_9, start=41617, stop=42450, strand=+, nt=[ATGGATACCA..CGGCTGTTGA]
13:33:05.076 - INFO - CDS - contig=contig_9, start=42539, stop=43711, strand=+, nt=[ATGGATGAGA..ACAGGCATAA]
13:33:05.076 - INFO - CDS - contig=contig_9, start=43741, stop=44349, strand=+, nt=[ATGCCGTCCA..AATGTTTTAA]
13:33:05.076 - INFO - CDS - contig=contig_9, start=44374, stop=46152, strand=+, nt=[ATGAAAAAGC..CGTCGCATAA]
13:33:05.076 - INFO - CDS - contig=contig_9, start=46243, stop=47196, strand=+, nt=[GTGTTGAAGT..AAAGGCGTGA]
13:33:05.076 - INFO - CDS - contig=contig_9, start=47206, stop=48123, strand=+, nt=[ATGGAACAAG..GAGAAAGTAG]
13:33:05.076 - INFO - CDS - contig=contig_9, start=48133, stop=49161, strand=+, nt=[ATGGGAGAAA..CGGGATATGA]
13:33:05.076 - INFO - CDS - contig=contig_9, start=49158, stop=50120, strand=+, nt=[ATGAAGGAAA..TCTGGTGTAG]
13:33:05.076 - INFO - CDS - contig=contig_9, start=50125, stop=50511, strand=+, nt=[ATGCGGAAGC..GGGCCGCTGA]
13:33:05.076 - INFO - CDS - contig=contig_9, start=50930, stop=51226, strand=+, nt=[ATGGCAAAAC..GGACGAGTAA]
13:33:05.076 - INFO - CDS - contig=contig_9, start=51240, stop=51710, strand=+, nt=[ATGCTGAACC..GCCCTTCTAA]
13:33:05.076 - INFO - CDS - contig=contig_9, start=51791, stop=52030, strand=+, nt=[ATGGCTATGG..TACCGACTAA]
13:33:05.076 - INFO - CDS - contig=contig_9, start=52081, stop=52884, strand=-, nt=[ATGAATGTAT..GATCCTGTAA]
13:33:05.077 - INFO - CDS - contig=contig_9, start=53037, stop=54794, strand=-, nt=[ATGGACAAGA..GCTCCGCTAG]
13:33:05.077 - INFO - CDS - contig=contig_9, start=54810, stop=56612, strand=-, nt=[ATGAGTCTGA..CAAGCAGTAA]
13:33:05.077 - INFO - CDS - contig=contig_9, start=56625, stop=56993, strand=-, nt=[ATGAAGAGCC..GGCGGAATAG]
13:33:05.077 - INFO - CDS - contig=contig_9, start=57021, stop=57593, strand=-, nt=[ATGAAAGACC..TCGACCGTAG]
13:33:05.077 - INFO - CDS - contig=contig_9, start=57590, stop=58084, strand=-, nt=[ATGCCAAACT..GTACAAATGA]
13:33:05.077 - INFO - CDS - contig=contig_9, start=58200, stop=58916, strand=-, nt=[TTGAAACTCT..GCCATTTTAG]
13:33:05.077 - INFO - CDS - contig=contig_9, start=58955, stop=59287, strand=-, nt=[ATGACGGTAC..TGGACTTTAG]
13:33:05.077 - INFO - CDS - contig=contig_9, start=59395, stop=59862, strand=+, nt=[ATGAATGATA..GGAAGCGTGA]
13:33:05.077 - INFO - CDS - contig=contig_9, start=59859, stop=60932, strand=+, nt=[GTGAGGCGGA..AGGGCGGTAG]
13:33:05.077 - INFO - CDS - contig=contig_9, start=61036, stop=62361, strand=-, nt=[ATGAGCATGA..TCACGACTGA]
13:33:05.077 - INFO - CDS - contig=contig_9, start=62396, stop=62821, strand=-, nt=[ATGGAGACAA..TCCCCAGTGA]
13:33:05.077 - INFO - CDS - contig=contig_9, start=62808, stop=63164, strand=-, nt=[ATGCGGCTTG..AGACAATTAA]
13:33:05.077 - INFO - CDS - contig=contig_9, start=63412, stop=64497, strand=+, nt=[ATGGGAAACG..AAACAATTGA]
13:33:05.077 - INFO - CDS - contig=contig_9, start=64514, stop=65683, strand=+, nt=[ATGTTCCGGA..CAACCACTGA]
13:33:05.077 - INFO - CDS - contig=contig_9, start=65829, stop=66530, strand=-, nt=[ATGCGCAGGA..CGCCCTGTAA]
13:33:05.077 - INFO - CDS - contig=contig_9, start=66849, stop=68195, strand=+, nt=[ATGCAACTCA..TGTTTTCTAA]
13:33:05.077 - INFO - CDS - contig=contig_9, start=68556, stop=69941, strand=+, nt=[ATGAAAGCAG..GAAGACCTAA]
13:33:05.077 - INFO - CDS - contig=contig_9, start=69999, stop=71441, strand=+, nt=[ATGAAATATG..GCGAGTCTAA]
13:33:05.077 - INFO - CDS - contig=contig_9, start=71529, stop=72875, strand=+, nt=[ATGAAAACCA..TGAAGTCTGA]
13:33:05.077 - INFO - CDS - contig=contig_9, start=72901, stop=73200, strand=+, nt=[ATGAAACTCT..GGACATCTGA]
13:33:05.077 - INFO - CDS - contig=contig_9, start=73336, stop=75966, strand=-, nt=[ATGAACGCGC..GGACGCATAA]
13:33:05.077 - INFO - CDS - contig=contig_9, start=76079, stop=76507, strand=-, nt=[ATGTTTGGTA..CATCGAGTAA]
13:33:05.077 - INFO - CDS - contig=contig_9, start=76811, stop=78196, strand=+, nt=[ATGAAACGAA..CCGGCCCTGA]
13:33:05.077 - INFO - CDS - contig=contig_9, start=78257, stop=78658, strand=-, nt=[ATGGATGAGA..AGAACCCTGA]
13:33:05.077 - INFO - CDS - contig=contig_9, start=78823, stop=80016, strand=+, nt=[ATGGTTTCGG..GTGCAAATGA]
13:33:05.077 - INFO - CDS - contig=contig_9, start=80069, stop=80638, strand=-, nt=[ATGAAAAATC..AATCGCCTGA]
13:33:05.077 - INFO - CDS - contig=contig_9, start=80857, stop=82257, strand=-, nt=[ATGGGAAAGA..ACGGTATTGA]
13:33:05.077 - INFO - CDS - contig=contig_9, start=82614, stop=83873, strand=+, nt=[ATGAAAAAGC..GTTTGAATGA]
13:33:05.077 - INFO - CDS - contig=contig_9, start=84044, stop=86185, strand=-, nt=[ATGACTAAAG..GCTGAAATAA]
13:33:05.078 - INFO - CDS - contig=contig_9, start=86178, stop=87086, strand=-, nt=[ATGAAATGCG..GCATGACTAA]
13:33:05.078 - INFO - CDS - contig=contig_9, start=87175, stop=87399, strand=-, nt=[ATGGCATGTA..TCCCATGTAA]
13:33:05.078 - INFO - CDS - contig=contig_9, start=87711, stop=88844, strand=+, nt=[ATGGAATACC..CAAACCGTAG]
13:33:05.078 - INFO - CDS - contig=contig_9, start=89028, stop=89441, strand=-, nt=[ATGCCCATCG..CCCGCGGTAA]
13:33:05.078 - INFO - CDS - contig=contig_9, start=89737, stop=89943, strand=-, nt=[ATGTATCAGG..TGATTTCTGA]
13:33:05.078 - INFO - CDS - contig=contig_9, start=90018, stop=92450, strand=-, nt=[TTGGCCAAAC..GGGTATTTGA]
13:33:05.078 - INFO - CDS - contig=contig_9, start=92599, stop=92823, strand=+, nt=[ATGGAAGAGG..TCAGGCGTGA]
13:33:05.078 - INFO - CDS - contig=contig_9, start=92943, stop=93053, strand=+, nt=[ATGGCCGATC..AACGGACTGA]
13:33:05.078 - INFO - CDS - contig=contig_9, start=93095, stop=93961, strand=-, nt=[ATGAAAAAGC..CGGCGTATAA]
13:33:05.078 - INFO - CDS - contig=contig_9, start=93965, stop=95308, strand=-, nt=[TTGGAAGAAA..GGAGGAATAA]
13:33:05.078 - INFO - CDS - contig=contig_9, start=95416, stop=95976, strand=-, nt=[ATGGACCATC..AGCGCTGTAA]
13:33:05.078 - INFO - CDS - contig=contig_9, start=96058, stop=97362, strand=-, nt=[ATGGCTGAGT..CCCGGTCTGA]
13:33:05.078 - INFO - CDS - contig=contig_9, start=97495, stop=97782, strand=-, nt=[ATGCGGGCGT..TGAAGGATGA]
13:33:05.078 - INFO - CDS - contig=contig_9, start=97895, stop=100834, strand=-, nt=[ATGAGCCTTC..GGACGGATAG]
13:33:05.078 - INFO - CDS - contig=contig_9, start=101172, stop=101324, strand=-, nt=[TTGGAGAAAA..AATGAAATAA]
13:33:05.078 - INFO - CDS - contig=contig_9, start=101821, stop=102393, strand=+, nt=[ATGACCGGAG..GGCGGTATGA]
13:33:05.078 - INFO - CDS - contig=contig_9, start=102390, stop=103271, strand=+, nt=[ATGAACCGGC..CTTCGGATAA]
13:33:05.078 - INFO - CDS - contig=contig_9, start=103321, stop=104349, strand=-, nt=[ATGCTGCTGT..GCTGCTGTAA]
13:33:05.078 - INFO - CDS - contig=contig_9, start=104407, stop=106095, strand=-, nt=[ATGCCGGACG..CACCAAGTGA]
13:33:05.078 - INFO - CDS - contig=contig_9, start=106534, stop=107487, strand=+, nt=[ATGACCACGG..AGGCGGTTAA]
13:33:05.078 - INFO - CDS - contig=contig_9, start=107526, stop=108500, strand=+, nt=[ATGACCGAAA..CCCCCTATAA]
13:33:05.078 - INFO - CDS - contig=contig_9, start=108801, stop=108959, strand=+, nt=[ATGGAACACG..GCGGGAGTAG]
13:33:05.078 - INFO - CDS - contig=contig_9, start=109311, stop=109817, strand=+, nt=[ATGCTTTATT..AATTTTGTGA]
13:33:05.078 - INFO - CDS - contig=contig_9, start=109993, stop=110286, strand=+, nt=[ATGGACGATA..GGCATTGTGA]
13:33:05.078 - INFO - CDS - contig=contig_9, start=110283, stop=111131, strand=+, nt=[GTGATCTATG..TCAGCTGTGA]
13:33:05.078 - INFO - CDS - contig=contig_9, start=111281, stop=111595, strand=+, nt=[ATGGCGACGA..TAATCTGTAA]
13:33:05.078 - INFO - CDS - contig=contig_9, start=111889, stop=112344, strand=-, nt=[TTGTTTGACC..GTTCCATTGA]
13:33:05.078 - INFO - CDS - contig=contig_9, start=112378, stop=113217, strand=-, nt=[ATGCTCGGAA..GTCGCCCTGA]
13:33:05.079 - INFO - CDS - contig=contig_9, start=113529, stop=113960, strand=-, nt=[ATGCCGCGAC..TTTTAAATAA]
13:33:05.079 - INFO - CDS - contig=contig_9, start=115016, stop=116110, strand=-, nt=[ATGAAAATGA..ACAGGTATAG]
13:33:05.079 - INFO - CDS - contig=contig_9, start=116219, stop=116980, strand=-, nt=[ATGAAAAACA..AACCGGATAA]
13:33:05.079 - INFO - CDS - contig=contig_9, start=118151, stop=118384, strand=+, nt=[ATGCTTAAAA..ACTCCTCTGA]
13:33:05.079 - INFO - CDS - contig=contig_9, start=118327, stop=118803, strand=-, nt=[ATGACAGAGA..CGGCGTGTAG]
13:33:05.079 - INFO - CDS - contig=contig_9, start=118989, stop=119219, strand=+, nt=[ATGAATCTGA..AAATCTTTGA]
13:33:05.079 - INFO - CDS - contig=contig_9, start=119702, stop=119962, strand=+, nt=[ATGCCAAGGG..CGCATCATGA]
13:33:05.090 - INFO - CDS - contig=contig_10, start=588, stop=887, strand=-, frame=3, truncated=no, start-type=ATG, RBS-motif=AGGAGG
13:33:05.090 - INFO - CDS - contig=contig_10, start=901, stop=2280, strand=-, frame=2, truncated=no, start-type=ATG, RBS-motif=AGGAG
13:33:05.090 - INFO - CDS - contig=contig_10, start=2299, stop=2865, strand=-, frame=2, truncated=no, start-type=ATG, RBS-motif=GGAGG
13:33:05.090 - INFO - CDS - contig=contig_10, start=3079, stop=4278, strand=-, frame=2, truncated=no, start-type=ATG, RBS-motif=GGAGG
13:33:05.090 - INFO - CDS - contig=contig_10, start=4416, stop=5060, strand=+, frame=3, truncated=no, start-type=ATG, RBS-motif=AGGA
13:33:05.091 - INFO - CDS - contig=contig_10, start=5115, stop=6296, strand=-, frame=3, truncated=no, start-type=ATG, RBS-motif=AGxAGG/AGGxGG
13:33:05.091 - INFO - CDS - contig=contig_10, start=6426, stop=6761, strand=-, frame=3, truncated=no, start-type=ATG, RBS-motif=GGAG/GAGG
13:33:05.091 - INFO - CDS - contig=contig_10, start=6797, stop=9610, strand=-, frame=1, truncated=no, start-type=ATG, RBS-motif=AGGAGG
13:33:05.091 - INFO - CDS - contig=contig_10, start=9692, stop=15082, strand=-, frame=1, truncated=no, start-type=ATG, RBS-motif=GGA/GAG/AGG
13:33:05.091 - INFO - CDS - contig=contig_10, start=15079, stop=15960, strand=-, frame=2, truncated=no, start-type=ATG, RBS-motif=AGGAGG
13:33:05.091 - INFO - CDS - contig=contig_10, start=15973, stop=17157, strand=-, frame=2, truncated=no, start-type=ATG, RBS-motif=AGGAGG
13:33:05.091 - INFO - CDS - contig=contig_10, start=17511, stop=18053, strand=+, frame=3, truncated=no, start-type=ATG, RBS-motif=AGGAGG
13:33:05.091 - INFO - CDS - contig=contig_10, start=18117, stop=19586, strand=-, frame=3, truncated=no, start-type=ATG, RBS-motif=AGGA
13:33:05.091 - INFO - CDS - contig=contig_10, start=19588, stop=20646, strand=-, frame=2, truncated=no, start-type=ATG, RBS-motif=GGA/GAG/AGG
13:33:05.091 - INFO - CDS - contig=contig_10, start=20719, stop=21696, strand=-, frame=2, truncated=no, start-type=ATG, RBS-motif=AGGAG
13:33:05.091 - INFO - CDS - contig=contig_10, start=21693, stop=23684, strand=-, frame=3, truncated=no, start-type=ATG, RBS-motif=AGxAGG/AGGxGG
13:33:05.091 - INFO - CDS - contig=contig_10, start=23677, stop=24408, strand=-, frame=2, truncated=no, start-type=TTG, RBS-motif=GGAGG
13:33:05.091 - INFO - CDS - contig=contig_10, start=24401, stop=25426, strand=-, frame=1, truncated=no, start-type=ATG, RBS-motif=GGA/GAG/AGG
13:33:05.092 - INFO - CDS - contig=contig_10, start=25423, stop=26190, strand=-, frame=2, truncated=no, start-type=ATG, RBS-motif=GGAGG
13:33:05.092 - INFO - CDS - contig=contig_10, start=26193, stop=27323, strand=-, frame=3, truncated=no, start-type=ATG, RBS-motif=None
13:33:05.092 - INFO - CDS - contig=contig_10, start=27327, stop=27953, strand=-, frame=3, truncated=no, start-type=ATG, RBS-motif=AGGAG
13:33:05.092 - INFO - CDS - contig=contig_10, start=27937, stop=29355, strand=-, frame=2, truncated=no, start-type=TTG, RBS-motif=GGAGG
13:33:05.092 - INFO - CDS - contig=contig_10, start=29352, stop=30128, strand=-, frame=3, truncated=no, start-type=ATG, RBS-motif=AGGAG
13:33:05.092 - INFO - CDS - contig=contig_10, start=30150, stop=30908, strand=-, frame=3, truncated=no, start-type=ATG, RBS-motif=GGAGG
13:33:05.092 - INFO - CDS - contig=contig_10, start=30908, stop=31756, strand=-, frame=1, truncated=no, start-type=ATG, RBS-motif=AGGAG
13:33:05.092 - INFO - CDS - contig=contig_10, start=31753, stop=32883, strand=-, frame=2, truncated=no, start-type=ATG, RBS-motif=AGGAGG
13:33:05.092 - INFO - CDS - contig=contig_10, start=32893, stop=34029, strand=-, frame=2, truncated=no, start-type=ATG, RBS-motif=AGxAGG/AGGxGG
13:33:05.092 - INFO - CDS - contig=contig_10, start=34374, stop=35552, strand=-, frame=3, truncated=no, start-type=ATG, RBS-motif=AGGAGG
13:33:05.092 - INFO - CDS - contig=contig_10, start=36055, stop=36585, strand=+, frame=1, truncated=no, start-type=ATG, RBS-motif=AGGAGG
13:33:05.092 - INFO - CDS - contig=contig_10, start=36868, stop=37533, strand=-, frame=2, truncated=no, start-type=ATG, RBS-motif=AGGAGG
13:33:05.092 - INFO - CDS - contig=contig_10, start=37670, stop=37939, strand=+, frame=2, truncated=no, start-type=GTG, RBS-motif=AGGA
13:33:05.092 - INFO - CDS - contig=contig_10, start=38054, stop=39925, strand=-, frame=1, truncated=no, start-type=ATG, RBS-motif=AGGAG
13:33:05.092 - INFO - CDS - contig=contig_10, start=40100, stop=41320, strand=-, frame=1, truncated=no, start-type=ATG, RBS-motif=GGAGG
13:33:05.092 - INFO - CDS - contig=contig_10, start=41317, stop=42078, strand=-, frame=2, truncated=no, start-type=ATG, RBS-motif=GGA/GAG/AGG
13:33:05.092 - INFO - CDS - contig=contig_10, start=42081, stop=43727, strand=-, frame=3, truncated=no, start-type=ATG, RBS-motif=AGGAG
13:33:05.093 - INFO - CDS - contig=contig_10, start=43746, stop=44372, strand=-, frame=3, truncated=no, start-type=GTG, RBS-motif=GGAGG
13:33:05.093 - INFO - CDS - contig=contig_10, start=44684, stop=45406, strand=+, frame=2, truncated=no, start-type=ATG, RBS-motif=AGGAG/GGAGG
13:33:05.093 - INFO - CDS - contig=contig_10, start=45857, stop=48208, strand=-, frame=1, truncated=no, start-type=ATG, RBS-motif=AGGAG
13:33:05.093 - INFO - CDS - contig=contig_10, start=48426, stop=49112, strand=-, frame=3, truncated=no, start-type=GTG, RBS-motif=AGGAGG
13:33:05.093 - INFO - CDS - contig=contig_10, start=49299, stop=50927, strand=+, frame=3, truncated=no, start-type=ATG, RBS-motif=AGGA
13:33:05.093 - INFO - CDS - contig=contig_10, start=50989, stop=51147, strand=-, frame=2, truncated=no, start-type=ATG, RBS-motif=AGGAG
13:33:05.093 - INFO - CDS - contig=contig_10, start=51273, stop=52244, strand=+, frame=3, truncated=no, start-type=GTG, RBS-motif=GGAG/GAGG
13:33:05.093 - INFO - CDS - contig=contig_10, start=52279, stop=52875, strand=+, frame=1, truncated=no, start-type=ATG, RBS-motif=GGA/GAG/AGG
13:33:05.093 - INFO - CDS - contig=contig_10, start=52926, stop=53798, strand=+, frame=3, truncated=no, start-type=ATG, RBS-motif=AGGAGG
13:33:05.093 - INFO - CDS - contig=contig_10, start=54257, stop=56335, strand=+, frame=2, truncated=no, start-type=ATG, RBS-motif=AGGAG/GGAGG
13:33:05.093 - INFO - CDS - contig=contig_10, start=57138, stop=58049, strand=+, frame=3, truncated=no, start-type=ATG, RBS-motif=AGGA/GGAG/GAGG
13:33:05.093 - INFO - CDS - contig=contig_10, start=58159, stop=58950, strand=+, frame=1, truncated=no, start-type=ATG, RBS-motif=AGGAG
13:33:05.093 - INFO - CDS - contig=contig_10, start=58952, stop=59716, strand=+, frame=2, truncated=no, start-type=ATG, RBS-motif=AGGAGG
13:33:05.094 - INFO - CDS - contig=contig_10, start=60060, stop=72260, strand=-, frame=3, truncated=no, start-type=ATG, RBS-motif=AGGAGG
13:33:05.094 - INFO - CDS - contig=contig_10, start=72385, stop=72831, strand=-, frame=2, truncated=no, start-type=ATG, RBS-motif=GGA/GAG/AGG
13:33:05.094 - INFO - CDS - contig=contig_10, start=72824, stop=73117, strand=-, frame=1, truncated=no, start-type=ATG, RBS-motif=AGGAGG
13:33:05.094 - INFO - CDS - contig=contig_10, start=73238, stop=75721, strand=-, frame=1, truncated=no, start-type=ATG, RBS-motif=GGxGG
13:33:05.094 - INFO - CDS - contig=contig_10, start=76402, stop=77262, strand=-, frame=2, truncated=no, start-type=ATG, RBS-motif=AGGA/GGAG/GAGG
13:33:05.094 - INFO - CDS - contig=contig_10, start=77256, stop=77696, strand=-, frame=3, truncated=no, start-type=ATG, RBS-motif=AGGAGG
13:33:05.094 - INFO - CDS - contig=contig_10, start=77987, stop=79120, strand=+, frame=2, truncated=no, start-type=ATG, RBS-motif=GGAGG
13:33:05.094 - INFO - CDS - contig=contig_10, start=79952, stop=81010, strand=-, frame=1, truncated=no, start-type=ATG, RBS-motif=GGA/GAG/AGG
13:33:05.094 - INFO - CDS - contig=contig_10, start=81228, stop=81770, strand=+, frame=3, truncated=no, start-type=GTG, RBS-motif=GGAGG
13:33:05.094 - INFO - CDS - contig=contig_10, start=82033, stop=82245, strand=-, frame=2, truncated=no, start-type=ATG, RBS-motif=GGAGG
13:33:05.094 - INFO - CDS - contig=contig_10, start=82530, stop=83066, strand=+, frame=3, truncated=no, start-type=ATG, RBS-motif=AGGA
13:33:05.094 - INFO - CDS - contig=contig_10, start=83063, stop=83905, strand=+, frame=2, truncated=no, start-type=ATG, RBS-motif=GGAGG
13:33:05.094 - INFO - CDS - contig=contig_10, start=83971, stop=84162, strand=+, frame=1, truncated=no, start-type=ATG, RBS-motif=AGGAGG
13:33:05.094 - INFO - CDS - contig=contig_10, start=84490, stop=85401, strand=-, frame=2, truncated=no, start-type=ATG, RBS-motif=AGxAGG/AGGxGG
13:33:05.094 - INFO - CDS - contig=contig_10, start=85417, stop=86007, strand=-, frame=2, truncated=no, start-type=ATG, RBS-motif=AGGAGG
13:33:05.094 - INFO - CDS - contig=contig_10, start=86007, stop=86654, strand=-, frame=3, truncated=no, start-type=ATG, RBS-motif=AGGAGG
13:33:05.094 - INFO - CDS - contig=contig_10, start=86669, stop=87217, strand=-, frame=1, truncated=no, start-type=ATG, RBS-motif=AGGAGG
13:33:05.095 - INFO - CDS - contig=contig_10, start=87221, stop=88279, strand=-, frame=1, truncated=no, start-type=ATG, RBS-motif=AGGAGG
13:33:05.095 - INFO - CDS - contig=contig_10, start=88276, stop=89622, strand=-, frame=2, truncated=no, start-type=ATG, RBS-motif=GGAG/GAGG
13:33:05.095 - INFO - CDS - contig=contig_10, start=90233, stop=91942, strand=+, frame=2, truncated=no, start-type=ATG, RBS-motif=AGGAGG
13:33:05.095 - INFO - CDS - contig=contig_10, start=91955, stop=92515, strand=+, frame=2, truncated=no, start-type=ATG, RBS-motif=AGxAGG/AGGxGG
13:33:05.095 - INFO - CDS - contig=contig_10, start=92602, stop=93621, strand=+, frame=1, truncated=no, start-type=ATG, RBS-motif=AGGAG
13:33:05.095 - INFO - CDS - contig=contig_10, start=93754, stop=94269, strand=-, frame=2, truncated=no, start-type=GTG, RBS-motif=GGAGG
13:33:05.095 - INFO - CDS - contig=contig_10, start=94254, stop=94517, strand=-, frame=3, truncated=no, start-type=ATG, RBS-motif=AGGAGG
13:33:05.095 - INFO - CDS - contig=contig_10, start=94614, stop=95303, strand=-, frame=3, truncated=no, start-type=ATG, RBS-motif=GGAGG
13:33:05.095 - INFO - CDS - contig=contig_10, start=95409, stop=97070, strand=+, frame=3, truncated=no, start-type=ATG, RBS-motif=AGGAGG
13:33:05.095 - INFO - CDS - contig=contig_10, start=97022, stop=97312, strand=-, frame=1, truncated=no, start-type=ATG, RBS-motif=AGGA
13:33:05.095 - INFO - CDS - contig=contig_10, start=97392, stop=98279, strand=-, frame=3, truncated=no, start-type=ATG, RBS-motif=GGAGG
13:33:05.095 - INFO - CDS - contig=contig_10, start=98438, stop=99313, strand=-, frame=1, truncated=no, start-type=ATG, RBS-motif=GGAG/GAGG
13:33:05.095 - INFO - CDS - contig=contig_10, start=99421, stop=101223, strand=-, frame=2, truncated=no, start-type=ATG, RBS-motif=AGGAGG
13:33:05.095 - INFO - CDS - contig=contig_10, start=101220, stop=101900, strand=-, frame=3, truncated=no, start-type=ATG, RBS-motif=AGGAG
13:33:05.095 - INFO - CDS - contig=contig_10, start=102007, stop=103062, strand=-, frame=2, truncated=no, start-type=ATG, RBS-motif=AGGAG
13:33:05.095 - INFO - CDS - contig=contig_10, start=103072, stop=103635, strand=-, frame=2, truncated=no, start-type=ATG, RBS-motif=GGA/GAG/AGG
13:33:05.096 - INFO - CDS - contig=contig_10, start=103729, stop=104931, strand=-, frame=2, truncated=no, start-type=ATG, RBS-motif=GGAGG
13:33:05.096 - INFO - CDS - contig=contig_10, start=104976, stop=105635, strand=-, frame=3, truncated=no, start-type=ATG, RBS-motif=GGAGG
13:33:05.096 - INFO - CDS - contig=contig_10, start=105780, stop=107000, strand=+, frame=3, truncated=no, start-type=ATG, RBS-motif=AGGA/GGAG/GAGG
13:33:05.096 - INFO - CDS - contig=contig_10, start=107351, stop=107998, strand=+, frame=2, truncated=no, start-type=ATG, RBS-motif=AGGAG
13:33:05.096 - INFO - CDS - contig=contig_10, start=108001, stop=108603, strand=+, frame=1, truncated=no, start-type=ATG, RBS-motif=GGxGG
13:33:05.096 - INFO - CDS - contig=contig_10, start=108868, stop=109866, strand=-, frame=2, truncated=no, start-type=ATG, RBS-motif=GGAGG
13:33:05.096 - INFO - CDS - contig=contig_10, start=109868, stop=110464, strand=-, frame=1, truncated=no, start-type=ATG, RBS-motif=GGAGG
13:33:05.096 - INFO - CDS - contig=contig_10, start=110467, stop=111564, strand=-, frame=2, truncated=no, start-type=ATG, RBS-motif=GGAGG
13:33:05.096 - INFO - CDS - contig=contig_10, start=111561, stop=112733, strand=-, frame=3, truncated=no, start-type=GTG, RBS-motif=AGGAGG
13:33:05.096 - INFO - CDS - contig=contig_10, start=112730, stop=113050, strand=-, frame=1, truncated=no, start-type=ATG, RBS-motif=AGGAGG
13:33:05.096 - INFO - CDS - contig=contig_10, start=113531, stop=114244, strand=-, frame=1, truncated=no, start-type=ATG, RBS-motif=AGGAGG
13:33:05.096 - INFO - CDS - contig=contig_10, start=114325, stop=116010, strand=-, frame=2, truncated=no, start-type=ATG, RBS-motif=AGGAGG
13:33:05.096 - INFO - CDS - contig=contig_10, start=116312, stop=116992, strand=-, frame=1, truncated=no, start-type=ATG, RBS-motif=GGAGG
13:33:05.096 - INFO - CDS - contig=contig_10, start=588, stop=887, strand=-, nt=[ATGCTGGAGC..CGGGAAATGA]
13:33:05.096 - INFO - CDS - contig=contig_10, start=901, stop=2280, strand=-, nt=[ATGAAGCATA..GGTGCCGTAA]
13:33:05.096 - INFO - CDS - contig=contig_10, start=2299, stop=2865, strand=-, nt=[ATGCAGTTGA..ACGGAAATAA]
13:33:05.096 - INFO - CDS - contig=contig_10, start=3079, stop=4278, strand=-, nt=[ATGACCATCG..GAGCCTGTAG]
13:33:05.096 - INFO - CDS - contig=contig_10, start=4416, stop=5060, strand=+, nt=[ATGCTGCTGC..CAAGGCATAA]
13:33:05.097 - INFO - CDS - contig=contig_10, start=5115, stop=6296, strand=-, nt=[ATGGACGATG..AAGCCGGTAA]
13:33:05.097 - INFO - CDS - contig=contig_10, start=6426, stop=6761, strand=-, nt=[ATGAAAGTAA..GACACGCTAG]
13:33:05.097 - INFO - CDS - contig=contig_10, start=6797, stop=9610, strand=-, nt=[ATGTCAAGCA..ACCCTATTGA]
13:33:05.097 - INFO - CDS - contig=contig_10, start=9692, stop=15082, strand=-, nt=[ATGAAAAGCG..AGAGGCGTAA]
13:33:05.097 - INFO - CDS - contig=contig_10, start=15079, stop=15960, strand=-, nt=[ATGAAACGAA..GGAGGCATGA]
13:33:05.097 - INFO - CDS - contig=contig_10, start=15973, stop=17157, strand=-, nt=[ATGAAGAGAC..GTTGGAATGA]
13:33:05.097 - INFO - CDS - contig=contig_10, start=17511, stop=18053, strand=+, nt=[ATGAAAGCGA..GGAGGCCTGA]
13:33:05.097 - INFO - CDS - contig=contig_10, start=18117, stop=19586, strand=-, nt=[ATGGCCAGAA..CGCGGAGTGA]
13:33:05.097 - INFO - CDS - contig=contig_10, start=19588, stop=20646, strand=-, nt=[ATGCTCTACC..GGAAGCTTGA]
13:33:05.097 - INFO - CDS - contig=contig_10, start=20719, stop=21696, strand=-, nt=[ATGAGATGGT..GCGCCTGTAA]
13:33:05.097 - INFO - CDS - contig=contig_10, start=21693, stop=23684, strand=-, nt=[ATGGGTAAGC..CTGTTCATGA]
13:33:05.097 - INFO - CDS - contig=contig_10, start=23677, stop=24408, strand=-, nt=[TTGGCTAAAC..CCATGGGTAA]
13:33:05.097 - INFO - CDS - contig=contig_10, start=24401, stop=25426, strand=-, nt=[ATGAAGCTGG..CTTTGGCTAA]
13:33:05.097 - INFO - CDS - contig=contig_10, start=25423, stop=26190, strand=-, nt=[ATGGTACATT..CGAGACATGA]
13:33:05.097 - INFO - CDS - contig=contig_10, start=26193, stop=27323, strand=-, nt=[ATGGAGGAGT..GGAGGGATAG]
13:33:05.097 - INFO - CDS - contig=contig_10, start=27327, stop=27953, strand=-, nt=[ATGATCGAGT..CGCCCGCTGA]
13:33:05.097 - INFO - CDS - contig=contig_10, start=27937, stop=29355, strand=-, nt=[TTGAGCGCGA..AGTACGATAA]
13:33:05.097 - INFO - CDS - contig=contig_10, start=29352, stop=30128, strand=-, nt=[ATGCGAACAG..CCTGGATTGA]
13:33:05.097 - INFO - CDS - contig=contig_10, start=30150, stop=30908, strand=-, nt=[ATGCGGCAAA..GAACCTGTAG]
13:33:05.097 - INFO - CDS - contig=contig_10, start=30908, stop=31756, strand=-, nt=[ATGATCGAGA..GGCGGTGTGA]
13:33:05.097 - INFO - CDS - contig=contig_10, start=31753, stop=32883, strand=-, nt=[ATGGGATATT..CGGCGTATGA]
13:33:05.097 - INFO - CDS - contig=contig_10, start=32893, stop=34029, strand=-, nt=[ATGGAAACGA..CCAGGAGTAG]
13:33:05.097 - INFO - CDS - contig=contig_10, start=34374, stop=35552, strand=-, nt=[ATGAAACGAA..GCTGTCCTGA]
13:33:05.097 - INFO - CDS - contig=contig_10, start=36055, stop=36585, strand=+, nt=[ATGCGTCTGT..GCTGTTTTAA]
13:33:05.097 - INFO - CDS - contig=contig_10, start=36868, stop=37533, strand=-, nt=[ATGGCGGAAA..TTGCTCCTGA]
13:33:05.098 - INFO - CDS - contig=contig_10, start=37670, stop=37939, strand=+, nt=[GTGGTCAAAG..GCTGCTGTAA]
13:33:05.098 - INFO - CDS - contig=contig_10, start=38054, stop=39925, strand=-, nt=[ATGAAGAAAC..CGCCGACTGA]
13:33:05.098 - INFO - CDS - contig=contig_10, start=40100, stop=41320, strand=-, nt=[ATGAGCTTTG..GTATGACTGA]
13:33:05.098 - INFO - CDS - contig=contig_10, start=41317, stop=42078, strand=-, nt=[ATGCAGCATC..GGGCGTATGA]
13:33:05.098 - INFO - CDS - contig=contig_10, start=42081, stop=43727, strand=-, nt=[ATGGAAGCAA..GGGGATGTGA]
13:33:05.098 - INFO - CDS - contig=contig_10, start=43746, stop=44372, strand=-, nt=[GTGCCCAGCG..AGCTATTTGA]
13:33:05.098 - INFO - CDS - contig=contig_10, start=44684, stop=45406, strand=+, nt=[ATGAAAAAAC..CCTGCCCTGA]
13:33:05.098 - INFO - CDS - contig=contig_10, start=45857, stop=48208, strand=-, nt=[ATGGCGGCGA..AAAGCGGTGA]
13:33:05.098 - INFO - CDS - contig=contig_10, start=48426, stop=49112, strand=-, nt=[GTGAACGGTA..TTTTGCCTGA]
13:33:05.098 - INFO - CDS - contig=contig_10, start=49299, stop=50927, strand=+, nt=[ATGAAAAAAC..GGCCGGATAG]
13:33:05.098 - INFO - CDS - contig=contig_10, start=50989, stop=51147, strand=-, nt=[ATGGATAAGT..CAAGGAGTAA]
13:33:05.098 - INFO - CDS - contig=contig_10, start=51273, stop=52244, strand=+, nt=[GTGCAAATCG..TCTCTGCTGA]
13:33:05.098 - INFO - CDS - contig=contig_10, start=52279, stop=52875, strand=+, nt=[ATGGAAACGG..CAAAGGGTAA]
13:33:05.098 - INFO - CDS - contig=contig_10, start=52926, stop=53798, strand=+, nt=[ATGCTCACCT..TGCACCCTAA]
13:33:05.098 - INFO - CDS - contig=contig_10, start=54257, stop=56335, strand=+, nt=[ATGAGCTATT..GACCGACTAA]
13:33:05.098 - INFO - CDS - contig=contig_10, start=57138, stop=58049, strand=+, nt=[ATGAAAGGCA..TCAGGAGTAA]
13:33:05.098 - INFO - CDS - contig=contig_10, start=58159, stop=58950, strand=+, nt=[ATGGACAGCA..GACGGTTTAA]
13:33:05.098 - INFO - CDS - contig=contig_10, start=58952, stop=59716, strand=+, nt=[ATGGATCTGC..CCAGCAATAA]
13:33:05.098 - INFO - CDS - contig=contig_10, start=60060, stop=72260, strand=-, nt=[ATGAAAGTGA..GAAAAGCTGA]
13:33:05.098 - INFO - CDS - contig=contig_10, start=72385, stop=72831, strand=-, nt=[ATGGGTGAAT..TGTGGATTAG]
13:33:05.098 - INFO - CDS - contig=contig_10, start=72824, stop=73117, strand=-, nt=[ATGGCCGAAT..GGATGGGTGA]
13:33:05.098 - INFO - CDS - contig=contig_10, start=73238, stop=75721, strand=-, nt=[ATGCCTGCTG..GGAACTTTAA]
13:33:05.098 - INFO - CDS - contig=contig_10, start=76402, stop=77262, strand=-, nt=[ATGCTAATTG..GCCATTCTAA]
13:33:05.098 - INFO - CDS - contig=contig_10, start=77256, stop=77696, strand=-, nt=[ATGACTTACA..CACATGCTAA]
13:33:05.098 - INFO - CDS - contig=contig_10, start=77987, stop=79120, strand=+, nt=[ATGAGGTATA..GAAACAATAA]
13:33:05.098 - INFO - CDS - contig=contig_10, start=79952, stop=81010, strand=-, nt=[ATGCGGCATC..GCTGCGGTAA]
13:33:05.099 - INFO - CDS - contig=contig_10, start=81228, stop=81770, strand=+, nt=[GTGATCCTGT..TGCGGCATAA]
13:33:05.099 - INFO - CDS - contig=contig_10, start=82033, stop=82245, strand=-, nt=[ATGGATCTGA..CCGTGCATAA]
13:33:05.099 - INFO - CDS - contig=contig_10, start=82530, stop=83066, strand=+, nt=[ATGATCCAGA..CGTGCCATGA]
13:33:05.099 - INFO - CDS - contig=contig_10, start=83063, stop=83905, strand=+, nt=[ATGAAAAAGG..GGAAAAATAA]
13:33:05.099 - INFO - CDS - contig=contig_10, start=83971, stop=84162, strand=+, nt=[ATGAACAAGA..GCATCACTGA]
13:33:05.099 - INFO - CDS - contig=contig_10, start=84490, stop=85401, strand=-, nt=[ATGCAGACTG..GGAGAACTAA]
13:33:05.099 - INFO - CDS - contig=contig_10, start=85417, stop=86007, strand=-, nt=[ATGGATCTGA..CTTCGGTTAA]
13:33:05.099 - INFO - CDS - contig=contig_10, start=86007, stop=86654, strand=-, nt=[ATGAATGTGA..GGCCAAGTAA]
13:33:05.099 - INFO - CDS - contig=contig_10, start=86669, stop=87217, strand=-, nt=[ATGAGTGAAA..CATGGGCTGA]
13:33:05.099 - INFO - CDS - contig=contig_10, start=87221, stop=88279, strand=-, nt=[ATGAACGAGG..GGAGGGCTAA]
13:33:05.099 - INFO - CDS - contig=contig_10, start=88276, stop=89622, strand=-, nt=[ATGAAGCAAA..CAAAGCATGA]
13:33:05.099 - INFO - CDS - contig=contig_10, start=90233, stop=91942, strand=+, nt=[ATGAGAATGA..TCTGGATTAA]
13:33:05.099 - INFO - CDS - contig=contig_10, start=91955, stop=92515, strand=+, nt=[ATGAACGACG..TTTCCTGTAA]
13:33:05.099 - INFO - CDS - contig=contig_10, start=92602, stop=93621, strand=+, nt=[ATGGCAAAGA..CTCCAACTAA]
13:33:05.099 - INFO - CDS - contig=contig_10, start=93754, stop=94269, strand=-, nt=[GTGGAGCGGC..ATACGAATAG]
13:33:05.099 - INFO - CDS - contig=contig_10, start=94254, stop=94517, strand=-, nt=[ATGTACGAGA..CGGCTGGTAA]
13:33:05.099 - INFO - CDS - contig=contig_10, start=94614, stop=95303, strand=-, nt=[ATGGAAAAGA..GCAGCCGTAA]
13:33:05.099 - INFO - CDS - contig=contig_10, start=95409, stop=97070, strand=+, nt=[ATGCGCAGCG..GCTGGAATAA]
13:33:05.099 - INFO - CDS - contig=contig_10, start=97022, stop=97312, strand=-, nt=[ATGGCGATCC..TTTGGCGTAG]
13:33:05.099 - INFO - CDS - contig=contig_10, start=97392, stop=98279, strand=-, nt=[ATGTACAGCG..GCAATCGTAA]
13:33:05.099 - INFO - CDS - contig=contig_10, start=98438, stop=99313, strand=-, nt=[ATGGGATTCA..GCCCTTTTAA]
13:33:05.099 - INFO - CDS - contig=contig_10, start=99421, stop=101223, strand=-, nt=[ATGAGGCGTT..GGAGCGGTAG]
13:33:05.099 - INFO - CDS - contig=contig_10, start=101220, stop=101900, strand=-, nt=[ATGGGTTATC..CGAGGGATGA]
13:33:05.099 - INFO - CDS - contig=contig_10, start=102007, stop=103062, strand=-, nt=[ATGAGAAAAA..CCGCAGATAA]
13:33:05.099 - INFO - CDS - contig=contig_10, start=103072, stop=103635, strand=-, nt=[ATGAAGTTTC..GAATGATTAG]
13:33:05.099 - INFO - CDS - contig=contig_10, start=103729, stop=104931, strand=-, nt=[ATGACGGATC..TCGGGGGTAG]
13:33:05.099 - INFO - CDS - contig=contig_10, start=104976, stop=105635, strand=-, nt=[ATGGCGAAGA..GGGCCGCTGA]
13:33:05.100 - INFO - CDS - contig=contig_10, start=105780, stop=107000, strand=+, nt=[ATGCTCACTC..CTACCATTAG]
13:33:05.100 - INFO - CDS - contig=contig_10, start=107351, stop=107998, strand=+, nt=[ATGATTAAAA..GGGGGAATAA]
13:33:05.100 - INFO - CDS - contig=contig_10, start=108001, stop=108603, strand=+, nt=[ATGGAATACT..CGAAATGTAA]
13:33:05.100 - INFO - CDS - contig=contig_10, start=108868, stop=109866, strand=-, nt=[ATGAAGAAGC..CACGCTGTAG]
13:33:05.100 - INFO - CDS - contig=contig_10, start=109868, stop=110464, strand=-, nt=[ATGGAAAATC..GGTGTTTTGA]
13:33:05.100 - INFO - CDS - contig=contig_10, start=110467, stop=111564, strand=-, nt=[ATGAAGGAAA..GGGAGCTTAA]
13:33:05.100 - INFO - CDS - contig=contig_10, start=111561, stop=112733, strand=-, nt=[GTGAGCGGAG..GGCCGCATGA]
13:33:05.100 - INFO - CDS - contig=contig_10, start=112730, stop=113050, strand=-, nt=[ATGGCGCGCA..AGCGCCGTGA]
13:33:05.100 - INFO - CDS - contig=contig_10, start=113531, stop=114244, strand=-, nt=[ATGCAGCCGG..CATCGAATAA]
13:33:05.100 - INFO - CDS - contig=contig_10, start=114325, stop=116010, strand=-, nt=[ATGGACATGT..TGAGGAATAA]
13:33:05.100 - INFO - CDS - contig=contig_10, start=116312, stop=116992, strand=-, nt=[ATGCACTATG..CCTCCTTTGA]
13:33:05.147 - INFO - CDS - contig=contig_11, start=424, stop=1803, strand=-, frame=1, truncated=no, start-type=ATG, RBS-motif=GGA/GAG/AGG
13:33:05.147 - INFO - CDS - contig=contig_11, start=2000, stop=5197, strand=-, frame=3, truncated=no, start-type=ATG, RBS-motif=AGGAGG
13:33:05.147 - INFO - CDS - contig=contig_11, start=5200, stop=5574, strand=-, frame=1, truncated=no, start-type=ATG, RBS-motif=AGGAG
13:33:05.147 - INFO - CDS - contig=contig_11, start=5697, stop=6200, strand=-, frame=2, truncated=no, start-type=ATG, RBS-motif=GGAGG
13:33:05.147 - INFO - CDS - contig=contig_11, start=6568, stop=7194, strand=+, frame=1, truncated=no, start-type=ATG, RBS-motif=AGGAG
13:33:05.147 - INFO - CDS - contig=contig_11, start=7214, stop=7837, strand=+, frame=2, truncated=no, start-type=ATG, RBS-motif=AGGAGG
13:33:05.147 - INFO - CDS - contig=contig_11, start=8066, stop=8380, strand=+, frame=2, truncated=no, start-type=ATG, RBS-motif=GGAGG
13:33:05.147 - INFO - CDS - contig=contig_11, start=8377, stop=9567, strand=+, frame=1, truncated=no, start-type=ATG, RBS-motif=AGGAGG
13:33:05.147 - INFO - CDS - contig=contig_11, start=9595, stop=10833, strand=+, frame=1, truncated=no, start-type=GTG, RBS-motif=GGxGG
13:33:05.147 - INFO - CDS - contig=contig_11, start=11144, stop=12199, strand=-, frame=3, truncated=no, start-type=ATG, RBS-motif=GGAGG
13:33:05.147 - INFO - CDS - contig=contig_11, start=12196, stop=13473, strand=-, frame=1, truncated=no, start-type=ATG, RBS-motif=AGGAG
13:33:05.147 - INFO - CDS - contig=contig_11, start=13478, stop=14755, strand=-, frame=3, truncated=no, start-type=GTG, RBS-motif=AGGA
13:33:05.147 - INFO - CDS - contig=contig_11, start=14917, stop=15693, strand=+, frame=1, truncated=no, start-type=ATG, RBS-motif=AGGAGG
13:33:05.148 - INFO - CDS - contig=contig_11, start=15728, stop=22801, strand=-, frame=3, truncated=no, start-type=ATG, RBS-motif=GGAGG
13:33:05.148 - INFO - CDS - contig=contig_11, start=22991, stop=23359, strand=+, frame=2, truncated=no, start-type=TTG, RBS-motif=AGGAGG
13:33:05.148 - INFO - CDS - contig=contig_11, start=23363, stop=24715, strand=+, frame=2, truncated=no, start-type=ATG, RBS-motif=AGGAG
13:33:05.148 - INFO - CDS - contig=contig_11, start=24782, stop=25021, strand=+, frame=2, truncated=no, start-type=ATG, RBS-motif=GGAGG
13:33:05.148 - INFO - CDS - contig=contig_11, start=25039, stop=25269, strand=+, frame=1, truncated=no, start-type=ATG, RBS-motif=GGAGG
13:33:05.148 - INFO - CDS - contig=contig_11, start=25455, stop=25955, strand=+, frame=3, truncated=no, start-type=ATG, RBS-motif=AGxAGG/AGGxGG
13:33:05.148 - INFO - CDS - contig=contig_11, start=25948, stop=26700, strand=+, frame=1, truncated=no, start-type=ATG, RBS-motif=GGA/GAG/AGG
13:33:05.148 - INFO - CDS - contig=contig_11, start=26827, stop=27663, strand=+, frame=1, truncated=no, start-type=ATG, RBS-motif=AGGA
13:33:05.148 - INFO - CDS - contig=contig_11, start=27898, stop=28422, strand=+, frame=1, truncated=no, start-type=ATG, RBS-motif=GGAGG
13:33:05.148 - INFO - CDS - contig=contig_11, start=28400, stop=29626, strand=+, frame=2, truncated=no, start-type=ATG, RBS-motif=None
13:33:05.148 - INFO - CDS - contig=contig_11, start=29644, stop=30081, strand=+, frame=1, truncated=no, start-type=ATG, RBS-motif=AGGAG
13:33:05.148 - INFO - CDS - contig=contig_11, start=30333, stop=31190, strand=+, frame=3, truncated=no, start-type=GTG, RBS-motif=GGAGG
13:33:05.148 - INFO - CDS - contig=contig_11, start=31365, stop=33134, strand=+, frame=3, truncated=no, start-type=ATG, RBS-motif=AGGAGG
13:33:05.148 - INFO - CDS - contig=contig_11, start=33198, stop=33833, strand=-, frame=2, truncated=no, start-type=ATG, RBS-motif=AGxAGG/AGGxGG
13:33:05.148 - INFO - CDS - contig=contig_11, start=34772, stop=35449, strand=+, frame=2, truncated=no, start-type=ATG, RBS-motif=GGAG/GAGG
13:33:05.148 - INFO - CDS - contig=contig_11, start=35813, stop=36268, strand=-, frame=3, truncated=no, start-type=ATG, RBS-motif=None
13:33:05.149 - INFO - CDS - contig=contig_11, start=36506, stop=37162, strand=+, frame=2, truncated=no, start-type=ATG, RBS-motif=AGGAGG
13:33:05.149 - INFO - CDS - contig=contig_11, start=37167, stop=37841, strand=+, frame=3, truncated=no, start-type=ATG, RBS-motif=AGxAG
13:33:05.149 - INFO - CDS - contig=contig_11, start=38280, stop=38540, strand=+, frame=3, truncated=no, start-type=ATG, RBS-motif=AGGAG
13:33:05.149 - INFO - CDS - contig=contig_11, start=38579, stop=38947, strand=+, frame=2, truncated=no, start-type=ATG, RBS-motif=AGGAG
13:33:05.149 - INFO - CDS - contig=contig_11, start=38937, stop=39143, strand=+, frame=3, truncated=no, start-type=ATG, RBS-motif=GGAGG
13:33:05.149 - INFO - CDS - contig=contig_11, start=39203, stop=39655, strand=-, frame=3, truncated=no, start-type=ATG, RBS-motif=AGGAGG
13:33:05.149 - INFO - CDS - contig=contig_11, start=39755, stop=40411, strand=-, frame=3, truncated=no, start-type=ATG, RBS-motif=None
13:33:05.149 - INFO - CDS - contig=contig_11, start=40404, stop=40787, strand=-, frame=2, truncated=no, start-type=ATG, RBS-motif=AGGAGG
13:33:05.149 - INFO - CDS - contig=contig_11, start=40803, stop=41000, strand=-, frame=2, truncated=no, start-type=ATG, RBS-motif=GGAGG
13:33:05.149 - INFO - CDS - contig=contig_11, start=41006, stop=41386, strand=-, frame=3, truncated=no, start-type=ATG, RBS-motif=AGGAGG
13:33:05.149 - INFO - CDS - contig=contig_11, start=41399, stop=42400, strand=-, frame=3, truncated=no, start-type=ATG, RBS-motif=GGAGG
13:33:05.149 - INFO - CDS - contig=contig_11, start=42397, stop=42855, strand=-, frame=1, truncated=no, start-type=ATG, RBS-motif=GGAGG
13:33:05.149 - INFO - CDS - contig=contig_11, start=42852, stop=43388, strand=-, frame=2, truncated=no, start-type=GTG, RBS-motif=GGAG/GAGG
13:33:05.149 - INFO - CDS - contig=contig_11, start=43385, stop=44428, strand=-, frame=3, truncated=no, start-type=ATG, RBS-motif=AGxAGG/AGGxGG
13:33:05.149 - INFO - CDS - contig=contig_11, start=44421, stop=44849, strand=-, frame=2, truncated=no, start-type=ATG, RBS-motif=GGxGG
13:33:05.149 - INFO - CDS - contig=contig_11, start=44846, stop=45235, strand=-, frame=3, truncated=no, start-type=ATG, RBS-motif=AGGAG
13:33:05.150 - INFO - CDS - contig=contig_11, start=45248, stop=46246, strand=-, frame=3, truncated=no, start-type=TTG, RBS-motif=AGGAGG
13:33:05.150 - INFO - CDS - contig=contig_11, start=46236, stop=47030, strand=-, frame=2, truncated=no, start-type=ATG, RBS-motif=GGAG/GAGG
13:33:05.150 - INFO - CDS - contig=contig_11, start=47062, stop=49044, strand=-, frame=1, truncated=no, start-type=ATG, RBS-motif=GGAGG
13:33:05.150 - INFO - CDS - contig=contig_11, start=49112, stop=49330, strand=+, frame=2, truncated=no, start-type=ATG, RBS-motif=AGxAGG/AGGxGG
13:33:05.150 - INFO - CDS - contig=contig_11, start=49593, stop=49793, strand=-, frame=2, truncated=no, start-type=GTG, RBS-motif=GGxGG
13:33:05.150 - INFO - CDS - contig=contig_11, start=49748, stop=50128, strand=-, frame=3, truncated=no, start-type=ATG, RBS-motif=AGGAG
13:33:05.150 - INFO - CDS - contig=contig_11, start=50484, stop=50912, strand=-, frame=2, truncated=no, start-type=ATG, RBS-motif=AGGAGG
13:33:05.150 - INFO - CDS - contig=contig_11, start=50925, stop=51992, strand=-, frame=2, truncated=no, start-type=ATG, RBS-motif=AGGAGG
13:33:05.150 - INFO - CDS - contig=contig_11, start=51979, stop=52443, strand=-, frame=1, truncated=no, start-type=ATG, RBS-motif=AGGAGG
13:33:05.150 - INFO - CDS - contig=contig_11, start=52453, stop=52974, strand=-, frame=1, truncated=no, start-type=GTG, RBS-motif=GGAG/GAGG
13:33:05.150 - INFO - CDS - contig=contig_11, start=52974, stop=53531, strand=-, frame=2, truncated=no, start-type=ATG, RBS-motif=AGGAG
13:33:05.150 - INFO - CDS - contig=contig_11, start=53541, stop=53873, strand=-, frame=2, truncated=no, start-type=ATG, RBS-motif=4Base/6BMM
13:33:05.150 - INFO - CDS - contig=contig_11, start=53875, stop=54285, strand=-, frame=1, truncated=no, start-type=ATG, RBS-motif=AGGAG
13:33:05.150 - INFO - CDS - contig=contig_11, start=54300, stop=55592, strand=-, frame=2, truncated=no, start-type=ATG, RBS-motif=AGGAG
13:33:05.150 - INFO - CDS - contig=contig_11, start=55612, stop=56313, strand=-, frame=1, truncated=no, start-type=ATG, RBS-motif=AGGAG
13:33:05.150 - INFO - CDS - contig=contig_11, start=56314, stop=57531, strand=-, frame=1, truncated=no, start-type=ATG, RBS-motif=AGxAGG/AGGxGG
13:33:05.150 - INFO - CDS - contig=contig_11, start=57528, stop=57722, strand=-, frame=2, truncated=no, start-type=ATG, RBS-motif=GGxGG
13:33:05.151 - INFO - CDS - contig=contig_11, start=57724, stop=59532, strand=-, frame=1, truncated=no, start-type=TTG, RBS-motif=GGA/GAG/AGG
13:33:05.151 - INFO - CDS - contig=contig_11, start=59522, stop=60037, strand=-, frame=3, truncated=no, start-type=ATG, RBS-motif=AGGAGG
13:33:05.151 - INFO - CDS - contig=contig_11, start=60264, stop=60635, strand=-, frame=2, truncated=no, start-type=GTG, RBS-motif=GGAGG
13:33:05.151 - INFO - CDS - contig=contig_11, start=60705, stop=60914, strand=-, frame=2, truncated=no, start-type=TTG, RBS-motif=AGGAGG
13:33:05.151 - INFO - CDS - contig=contig_11, start=60979, stop=61734, strand=-, frame=1, truncated=no, start-type=ATG, RBS-motif=GGAGG
13:33:05.151 - INFO - CDS - contig=contig_11, start=61721, stop=62161, strand=-, frame=3, truncated=no, start-type=GTG, RBS-motif=GGAGG
13:33:05.151 - INFO - CDS - contig=contig_11, start=62229, stop=62342, strand=-, frame=2, truncated=no, start-type=ATG, RBS-motif=AGxAGG/AGGxGG
13:33:05.151 - INFO - CDS - contig=contig_11, start=62382, stop=64148, strand=-, frame=2, truncated=no, start-type=ATG, RBS-motif=GGA/GAG/AGG
13:33:05.151 - INFO - CDS - contig=contig_11, start=64154, stop=64489, strand=-, frame=3, truncated=no, start-type=ATG, RBS-motif=GGAGG
13:33:05.151 - INFO - CDS - contig=contig_11, start=64486, stop=65460, strand=-, frame=1, truncated=no, start-type=ATG, RBS-motif=AGGAGG
13:33:05.151 - INFO - CDS - contig=contig_11, start=65457, stop=66209, strand=-, frame=2, truncated=no, start-type=ATG, RBS-motif=AGGAG
13:33:05.151 - INFO - CDS - contig=contig_11, start=66220, stop=66426, strand=-, frame=1, truncated=no, start-type=GTG, RBS-motif=AGGAGG
13:33:05.151 - INFO - CDS - contig=contig_11, start=66439, stop=67776, strand=-, frame=1, truncated=no, start-type=GTG, RBS-motif=AGGAGG
13:33:05.151 - INFO - CDS - contig=contig_11, start=67770, stop=68549, strand=-, frame=2, truncated=no, start-type=GTG, RBS-motif=AGxAGG/AGGxGG
13:33:05.151 - INFO - CDS - contig=contig_11, start=68727, stop=69020, strand=-, frame=2, truncated=no, start-type=TTG, RBS-motif=GGAGG
13:33:05.151 - INFO - CDS - contig=contig_11, start=69063, stop=69518, strand=-, frame=2, truncated=no, start-type=ATG, RBS-motif=AGGAG
13:33:05.151 - INFO - CDS - contig=contig_11, start=69505, stop=69735, strand=-, frame=1, truncated=no, start-type=ATG, RBS-motif=AGGAGG
13:33:05.151 - INFO - CDS - contig=contig_11, start=69888, stop=70097, strand=-, frame=2, truncated=no, start-type=GTG, RBS-motif=AGxAGG/AGGxGG
13:33:05.151 - INFO - CDS - contig=contig_11, start=70978, stop=71202, strand=+, frame=1, truncated=no, start-type=ATG, RBS-motif=GGA/GAG/AGG
13:33:05.151 - INFO - CDS - contig=contig_11, start=71195, stop=71611, strand=+, frame=2, truncated=no, start-type=ATG, RBS-motif=GGAG/GAGG
13:33:05.152 - INFO - CDS - contig=contig_11, start=71636, stop=72970, strand=+, frame=2, truncated=no, start-type=ATG, RBS-motif=AGGAG
13:33:05.152 - INFO - CDS - contig=contig_11, start=72992, stop=73315, strand=+, frame=2, truncated=no, start-type=ATG, RBS-motif=GGAGG
13:33:05.152 - INFO - CDS - contig=contig_11, start=73449, stop=74936, strand=+, frame=3, truncated=no, start-type=ATG, RBS-motif=GGA/GAG/AGG
13:33:05.152 - INFO - CDS - contig=contig_11, start=75101, stop=75736, strand=+, frame=2, truncated=no, start-type=GTG, RBS-motif=GGA/GAG/AGG
13:33:05.152 - INFO - CDS - contig=contig_11, start=75790, stop=76890, strand=-, frame=1, truncated=no, start-type=ATG, RBS-motif=GGAGG
13:33:05.152 - INFO - CDS - contig=contig_11, start=77068, stop=77601, strand=+, frame=1, truncated=no, start-type=ATG, RBS-motif=AGGAG
13:33:05.152 - INFO - CDS - contig=contig_11, start=77598, stop=78596, strand=+, frame=3, truncated=no, start-type=ATG, RBS-motif=AGGAGG
13:33:05.152 - INFO - CDS - contig=contig_11, start=78744, stop=80288, strand=-, frame=2, truncated=no, start-type=GTG, RBS-motif=AGGAGG
13:33:05.152 - INFO - CDS - contig=contig_11, start=80301, stop=83774, strand=-, frame=2, truncated=no, start-type=ATG, RBS-motif=AGGAG
13:33:05.152 - INFO - CDS - contig=contig_11, start=83832, stop=84098, strand=-, frame=2, truncated=no, start-type=ATG, RBS-motif=GGAG/GAGG
13:33:05.152 - INFO - CDS - contig=contig_11, start=84140, stop=85033, strand=-, frame=3, truncated=no, start-type=ATG, RBS-motif=GGAGG
13:33:05.152 - INFO - CDS - contig=contig_11, start=85091, stop=86113, strand=-, frame=3, truncated=no, start-type=ATG, RBS-motif=AGGAGG
13:33:05.152 - INFO - CDS - contig=contig_11, start=86127, stop=86987, strand=-, frame=2, truncated=no, start-type=ATG, RBS-motif=AGGA/GGAG/GAGG
13:33:05.152 - INFO - CDS - contig=contig_11, start=87002, stop=87916, strand=-, frame=3, truncated=no, start-type=ATG, RBS-motif=GGAGG
13:33:05.152 - INFO - CDS - contig=contig_11, start=88248, stop=89120, strand=-, frame=2, truncated=no, start-type=ATG, RBS-motif=None
13:33:05.152 - INFO - CDS - contig=contig_11, start=89125, stop=90585, strand=-, frame=1, truncated=no, start-type=ATG, RBS-motif=GGAG/GAGG
13:33:05.153 - INFO - CDS - contig=contig_11, start=90591, stop=95135, strand=-, frame=2, truncated=no, start-type=ATG, RBS-motif=AGxAGG/AGGxGG
13:33:05.153 - INFO - CDS - contig=contig_11, start=95160, stop=96377, strand=-, frame=2, truncated=no, start-type=ATG, RBS-motif=AGGAG
13:33:05.153 - INFO - CDS - contig=contig_11, start=96553, stop=97086, strand=-, frame=1, truncated=no, start-type=ATG, RBS-motif=AGGAG
13:33:05.153 - INFO - CDS - contig=contig_11, start=97129, stop=98460, strand=-, frame=1, truncated=no, start-type=ATG, RBS-motif=GGA/GAG/AGG
13:33:05.153 - INFO - CDS - contig=contig_11, start=98996, stop=100360, strand=-, frame=3, truncated=no, start-type=ATG, RBS-motif=GGAG/GAGG
13:33:05.153 - INFO - CDS - contig=contig_11, start=100805, stop=101134, strand=+, frame=2, truncated=no, start-type=GTG, RBS-motif=AGGAGG
13:33:05.153 - INFO - CDS - contig=contig_11, start=101238, stop=102410, strand=+, frame=3, truncated=no, start-type=ATG, RBS-motif=GGAGG
13:33:05.153 - INFO - CDS - contig=contig_11, start=102520, stop=102732, strand=+, frame=1, truncated=no, start-type=ATG, RBS-motif=AGGAGG
13:33:05.153 - INFO - CDS - contig=contig_11, start=102835, stop=103098, strand=+, frame=1, truncated=no, start-type=ATG, RBS-motif=AGxAGG/AGGxGG
13:33:05.153 - INFO - CDS - contig=contig_11, start=103207, stop=105708, strand=+, frame=1, truncated=no, start-type=ATG, RBS-motif=None
13:33:05.153 - INFO - CDS - contig=contig_11, start=106058, stop=107413, strand=+, frame=2, truncated=no, start-type=ATG, RBS-motif=AGGAGG
13:33:05.153 - INFO - CDS - contig=contig_11, start=107456, stop=108823, strand=+, frame=2, truncated=no, start-type=ATG, RBS-motif=GGAG/GAGG
13:33:05.153 - INFO - CDS - contig=contig_11, start=424, stop=1803, strand=-, nt=[ATGAAGATTC..CGGCGAGTAA]
13:33:05.153 - INFO - CDS - contig=contig_11, start=2000, stop=5197, strand=-, nt=[ATGGAGGCTC..TGGAATATGA]
13:33:05.153 - INFO - CDS - contig=contig_11, start=5200, stop=5574, strand=-, nt=[ATGAAGGAGA..GGAGGAATGA]
13:33:05.153 - INFO - CDS - contig=contig_11, start=5697, stop=6200, strand=-, nt=[ATGGACAGAG..CGGGGGCTAG]
13:33:05.153 - INFO - CDS - contig=contig_11, start=6568, stop=7194, strand=+, nt=[ATGTCCGATC..GAAAGTCTGA]
13:33:05.153 - INFO - CDS - contig=contig_11, start=7214, stop=7837, strand=+, nt=[ATGAAGGAGC..CGAAACCTGA]
13:33:05.153 - INFO - CDS - contig=contig_11, start=8066, stop=8380, strand=+, nt=[ATGGGGAAAA..CGCTCTATGA]
13:33:05.154 - INFO - CDS - contig=contig_11, start=8377, stop=9567, strand=+, nt=[ATGAAGGACA..CGATCCATAG]
13:33:05.154 - INFO - CDS - contig=contig_11, start=9595, stop=10833, strand=+, nt=[GTGGAACGTA..GGTGGACTGA]
13:33:05.154 - INFO - CDS - contig=contig_11, start=11144, stop=12199, strand=-, nt=[ATGATGGGAA..GAAAAAGTGA]
13:33:05.154 - INFO - CDS - contig=contig_11, start=12196, stop=13473, strand=-, nt=[ATGGTAAGCA..GCAGGCATGA]
13:33:05.154 - INFO - CDS - contig=contig_11, start=13478, stop=14755, strand=-, nt=[GTGATCGAAG..CAAGGAGTGA]
13:33:05.154 - INFO - CDS - contig=contig_11, start=14917, stop=15693, strand=+, nt=[ATGACACGTT..CGCGCCCTGA]
13:33:05.154 - INFO - CDS - contig=contig_11, start=15728, stop=22801, strand=-, nt=[ATGGAACTGG..CACGCTCTGA]
13:33:05.154 - INFO - CDS - contig=contig_11, start=22991, stop=23359, strand=+, nt=[TTGAAGAACC..ACAGGAGTAG]
13:33:05.154 - INFO - CDS - contig=contig_11, start=23363, stop=24715, strand=+, nt=[ATGGCATTTG..GCCGTTTTAA]
13:33:05.154 - INFO - CDS - contig=contig_11, start=24782, stop=25021, strand=+, nt=[ATGGTCAAAA..CGCCATCTAA]
13:33:05.154 - INFO - CDS - contig=contig_11, start=25039, stop=25269, strand=+, nt=[ATGAAAGAAC..CATCGATTGA]
13:33:05.154 - INFO - CDS - contig=contig_11, start=25455, stop=25955, strand=+, nt=[ATGAAAAACC..AGATGTATGA]
13:33:05.154 - INFO - CDS - contig=contig_11, start=25948, stop=26700, strand=+, nt=[ATGTATGAGA..CTCGCTCTGA]
13:33:05.154 - INFO - CDS - contig=contig_11, start=26827, stop=27663, strand=+, nt=[ATGAGTTTTA..GGCCTATTGA]
13:33:05.154 - INFO - CDS - contig=contig_11, start=27898, stop=28422, strand=+, nt=[ATGGACTATA..GTCTGTTTGA]
13:33:05.154 - INFO - CDS - contig=contig_11, start=28400, stop=29626, strand=+, nt=[ATGCCGTCAA..GAAGAAATAG]
13:33:05.154 - INFO - CDS - contig=contig_11, start=29644, stop=30081, strand=+, nt=[ATGGACTGGA..GACGCGGTGA]
13:33:05.154 - INFO - CDS - contig=contig_11, start=30333, stop=31190, strand=+, nt=[GTGGATCTTT..GACAACTTGA]
13:33:05.154 - INFO - CDS - contig=contig_11, start=31365, stop=33134, strand=+, nt=[ATGGCATTGA..CCTGCATTAA]
13:33:05.154 - INFO - CDS - contig=contig_11, start=33198, stop=33833, strand=-, nt=[ATGAGCAAGA..GGACCAATAA]
13:33:05.154 - INFO - CDS - contig=contig_11, start=34772, stop=35449, strand=+, nt=[ATGAAACGAA..CAAAAAGTAA]
13:33:05.154 - INFO - CDS - contig=contig_11, start=35813, stop=36268, strand=-, nt=[ATGGCGGACA..CGCGAGGTAA]
13:33:05.154 - INFO - CDS - contig=contig_11, start=36506, stop=37162, strand=+, nt=[ATGGGACGCA..AAAGAAGTGA]
13:33:05.154 - INFO - CDS - contig=contig_11, start=37167, stop=37841, strand=+, nt=[ATGCATTCCT..CGCCCGCTGA]
13:33:05.154 - INFO - CDS - contig=contig_11, start=38280, stop=38540, strand=+, nt=[ATGCCGACCA..GCTGAAATAG]
13:33:05.154 - INFO - CDS - contig=contig_11, start=38579, stop=38947, strand=+, nt=[ATGGCGAAAG..TGCCGGATGA]
13:33:05.154 - INFO - CDS - contig=contig_11, start=38937, stop=39143, strand=+, nt=[ATGCCGGATG..CCACACCTGA]
13:33:05.154 - INFO - CDS - contig=contig_11, start=39203, stop=39655, strand=-, nt=[ATGGAGAACG..CAATGCGTAA]
13:33:05.154 - INFO - CDS - contig=contig_11, start=39755, stop=40411, strand=-, nt=[ATGCTTAACA..GCAAAGGTGA]
13:33:05.155 - INFO - CDS - contig=contig_11, start=40404, stop=40787, strand=-, nt=[ATGAAAAATA..CGATGCTTAA]
13:33:05.155 - INFO - CDS - contig=contig_11, start=40803, stop=41000, strand=-, nt=[ATGGCAGTCA..AACGATTTAA]
13:33:05.155 - INFO - CDS - contig=contig_11, start=41006, stop=41386, strand=-, nt=[ATGCTGACAA..GGGAGGCTGA]
13:33:05.155 - INFO - CDS - contig=contig_11, start=41399, stop=42400, strand=-, nt=[ATGAGAGGTC..ACTTTTGTAA]
13:33:05.155 - INFO - CDS - contig=contig_11, start=42397, stop=42855, strand=-, nt=[ATGACCCAAA..GATGAGATGA]
13:33:05.155 - INFO - CDS - contig=contig_11, start=42852, stop=43388, strand=-, nt=[GTGAAACTGA..TATGACATGA]
13:33:05.155 - INFO - CDS - contig=contig_11, start=43385, stop=44428, strand=-, nt=[ATGTTTGAGG..TGTGACGTGA]
13:33:05.155 - INFO - CDS - contig=contig_11, start=44421, stop=44849, strand=-, nt=[ATGAGCACAC..CCATGTTTGA]
13:33:05.155 - INFO - CDS - contig=contig_11, start=44846, stop=45235, strand=-, nt=[ATGGAAGCAA..GACGCCATGA]
13:33:05.155 - INFO - CDS - contig=contig_11, start=45248, stop=46246, strand=-, nt=[TTGAAGGATG..GGACGCCTGA]
13:33:05.155 - INFO - CDS - contig=contig_11, start=46236, stop=47030, strand=-, nt=[ATGCTGCGGA..TGAAGGATGA]
13:33:05.155 - INFO - CDS - contig=contig_11, start=47062, stop=49044, strand=-, nt=[ATGGCGGAGG..AGAGCCATAG]
13:33:05.155 - INFO - CDS - contig=contig_11, start=49112, stop=49330, strand=+, nt=[ATGTTTTGGG..GCCGCAATGA]
13:33:05.155 - INFO - CDS - contig=contig_11, start=49593, stop=49793, strand=-, nt=[GTGCGGCTAT..ACGGCGTTAA]
13:33:05.155 - INFO - CDS - contig=contig_11, start=49748, stop=50128, strand=-, nt=[ATGAGCGAAC..AAACGAATAG]
13:33:05.155 - INFO - CDS - contig=contig_11, start=50484, stop=50912, strand=-, nt=[ATGGATTCTG..CGGAACCTGA]
13:33:05.155 - INFO - CDS - contig=contig_11, start=50925, stop=51992, strand=-, nt=[ATGGGACTGC..CGTCATTTAA]
13:33:05.155 - INFO - CDS - contig=contig_11, start=51979, stop=52443, strand=-, nt=[ATGCTTAACC..GACTGCCTAA]
13:33:05.155 - INFO - CDS - contig=contig_11, start=52453, stop=52974, strand=-, nt=[GTGAAGACGT..CGACTACTAG]
13:33:05.155 - INFO - CDS - contig=contig_11, start=52974, stop=53531, strand=-, nt=[ATGCACCAGC..GGACCTGTAG]
13:33:05.155 - INFO - CDS - contig=contig_11, start=53541, stop=53873, strand=-, nt=[ATGGCCCTGA..GGGAGGGTAG]
13:33:05.155 - INFO - CDS - contig=contig_11, start=53875, stop=54285, strand=-, nt=[ATGAAGCGTA..AGTGGTTTAA]
13:33:05.155 - INFO - CDS - contig=contig_11, start=54300, stop=55592, strand=-, nt=[ATGGACTACA..CCGCAAGTAA]
13:33:05.155 - INFO - CDS - contig=contig_11, start=55612, stop=56313, strand=-, nt=[ATGGATGTAA..ACATTTTTGA]
13:33:05.155 - INFO - CDS - contig=contig_11, start=56314, stop=57531, strand=-, nt=[ATGATCTTTG..AGAGAAATAG]
13:33:05.155 - INFO - CDS - contig=contig_11, start=57528, stop=57722, strand=-, nt=[ATGAAACATC..AAAACGATGA]
13:33:05.155 - INFO - CDS - contig=contig_11, start=57724, stop=59532, strand=-, nt=[TTGGCGACTA..GGGGATTTGA]
13:33:05.156 - INFO - CDS - contig=contig_11, start=59522, stop=60037, strand=-, nt=[ATGCCCACGC..TGGCGACTAG]
13:33:05.156 - INFO - CDS - contig=contig_11, start=60264, stop=60635, strand=-, nt=[GTGGCGCTGA..GAGAATTTGA]
13:33:05.156 - INFO - CDS - contig=contig_11, start=60705, stop=60914, strand=-, nt=[TTGGAGGTAT..CAGCGCCTGA]
13:33:05.156 - INFO - CDS - contig=contig_11, start=60979, stop=61734, strand=-, nt=[ATGAAGCGGA..AAAGGAATAG]
13:33:05.156 - INFO - CDS - contig=contig_11, start=61721, stop=62161, strand=-, nt=[GTGGAAATTT..AGCGGATTAA]
13:33:05.156 - INFO - CDS - contig=contig_11, start=62229, stop=62342, strand=-, nt=[ATGGCAATCA..TGACGAGTAG]
13:33:05.156 - INFO - CDS - contig=contig_11, start=62382, stop=64148, strand=-, nt=[ATGGAAGATG..TGTGGCATGA]
13:33:05.156 - INFO - CDS - contig=contig_11, start=64154, stop=64489, strand=-, nt=[ATGAGTGCCA..CCTGGGGTGA]
13:33:05.156 - INFO - CDS - contig=contig_11, start=64486, stop=65460, strand=-, nt=[ATGAATGCGA..TGCGGAATGA]
13:33:05.156 - INFO - CDS - contig=contig_11, start=65457, stop=66209, strand=-, nt=[ATGGACAAGC..GGGAATATGA]
13:33:05.156 - INFO - CDS - contig=contig_11, start=66220, stop=66426, strand=-, nt=[GTGCAAATCG..AGTACGATAA]
13:33:05.156 - INFO - CDS - contig=contig_11, start=66439, stop=67776, strand=-, nt=[GTGGTAAACG..CGCATCGTAA]
13:33:05.156 - INFO - CDS - contig=contig_11, start=67770, stop=68549, strand=-, nt=[GTGGGTGAGA..CACGTGGTAA]
13:33:05.156 - INFO - CDS - contig=contig_11, start=68727, stop=69020, strand=-, nt=[TTGGCGGTAG..AATTTGGTAG]
13:33:05.156 - INFO - CDS - contig=contig_11, start=69063, stop=69518, strand=-, nt=[ATGCCGCAAT..CCACGCATAG]
13:33:05.156 - INFO - CDS - contig=contig_11, start=69505, stop=69735, strand=-, nt=[ATGACGCCAG..CGCAATGTGA]
13:33:05.156 - INFO - CDS - contig=contig_11, start=69888, stop=70097, strand=-, nt=[GTGAGAATCT..AGCAAGCTGA]
13:33:05.156 - INFO - CDS - contig=contig_11, start=70978, stop=71202, strand=+, nt=[ATGCTCGCGG..GGATGGCTGA]
13:33:05.156 - INFO - CDS - contig=contig_11, start=71195, stop=71611, strand=+, nt=[ATGGCTGATC..CGGGGCATAA]
13:33:05.156 - INFO - CDS - contig=contig_11, start=71636, stop=72970, strand=+, nt=[ATGGCCTTTT..TTCGTCTTAA]
13:33:05.156 - INFO - CDS - contig=contig_11, start=72992, stop=73315, strand=+, nt=[ATGTCCAATG..GGTGGGCTGA]
13:33:05.156 - INFO - CDS - contig=contig_11, start=73449, stop=74936, strand=+, nt=[ATGGATGCGG..ATACAACTAG]
13:33:05.156 - INFO - CDS - contig=contig_11, start=75101, stop=75736, strand=+, nt=[GTGTACATCG..CTGCAGCTGA]
13:33:05.156 - INFO - CDS - contig=contig_11, start=75790, stop=76890, strand=-, nt=[ATGGGAAAGA..CTTTACATAA]
13:33:05.156 - INFO - CDS - contig=contig_11, start=77068, stop=77601, strand=+, nt=[ATGGCCCGCT..AACCGAATGA]
13:33:05.156 - INFO - CDS - contig=contig_11, start=77598, stop=78596, strand=+, nt=[ATGAGCCGCT..GCGCTCCTGA]
13:33:05.156 - INFO - CDS - contig=contig_11, start=78744, stop=80288, strand=-, nt=[GTGAATATTA..GCTGGTGTGA]
13:33:05.157 - INFO - CDS - contig=contig_11, start=80301, stop=83774, strand=-, nt=[ATGTCCTTCG..CGTGAAGTGA]
13:33:05.157 - INFO - CDS - contig=contig_11, start=83832, stop=84098, strand=-, nt=[ATGGAACGGA..ATGGCGGTAG]
13:33:05.157 - INFO - CDS - contig=contig_11, start=84140, stop=85033, strand=-, nt=[ATGTCCTTTT..GAAACGGTGA]
13:33:05.157 - INFO - CDS - contig=contig_11, start=85091, stop=86113, strand=-, nt=[ATGGAACATG..AATTTTTTAA]
13:33:05.157 - INFO - CDS - contig=contig_11, start=86127, stop=86987, strand=-, nt=[ATGGAATTGA..CCGTGCATAA]
13:33:05.157 - INFO - CDS - contig=contig_11, start=87002, stop=87916, strand=-, nt=[ATGGATCGCT..GGGATTTTGA]
13:33:05.157 - INFO - CDS - contig=contig_11, start=88248, stop=89120, strand=-, nt=[ATGCCAAAGC..TCCGGCGTGA]
13:33:05.157 - INFO - CDS - contig=contig_11, start=89125, stop=90585, strand=-, nt=[ATGGGAAAGC..TCTGCCATAA]
13:33:05.157 - INFO - CDS - contig=contig_11, start=90591, stop=95135, strand=-, nt=[ATGGAACGAC..AGGGGAGTAA]
13:33:05.157 - INFO - CDS - contig=contig_11, start=95160, stop=96377, strand=-, nt=[ATGACTAAAA..GGTACTCTGA]
13:33:05.157 - INFO - CDS - contig=contig_11, start=96553, stop=97086, strand=-, nt=[ATGGAGAAGG..GGGCGCATAA]
13:33:05.157 - INFO - CDS - contig=contig_11, start=97129, stop=98460, strand=-, nt=[ATGGCGTACA..CAACTACTGA]
13:33:05.157 - INFO - CDS - contig=contig_11, start=98996, stop=100360, strand=-, nt=[ATGTCAATCC..CGACGTCTAG]
13:33:05.157 - INFO - CDS - contig=contig_11, start=100805, stop=101134, strand=+, nt=[GTGTACAACG..TCTGGGATAG]
13:33:05.157 - INFO - CDS - contig=contig_11, start=101238, stop=102410, strand=+, nt=[ATGGAGTGCA..GAGGCATTGA]
13:33:05.157 - INFO - CDS - contig=contig_11, start=102520, stop=102732, strand=+, nt=[ATGATTATCG..GACAACCTGA]
13:33:05.157 - INFO - CDS - contig=contig_11, start=102835, stop=103098, strand=+, nt=[ATGATGGCAG..CCTAACGTAA]
13:33:05.157 - INFO - CDS - contig=contig_11, start=103207, stop=105708, strand=+, nt=[ATGACCTGCT..CATCTCCTGA]
13:33:05.157 - INFO - CDS - contig=contig_11, start=106058, stop=107413, strand=+, nt=[ATGTCCACCC..CCGGCTGTAA]
13:33:05.157 - INFO - CDS - contig=contig_11, start=107456, stop=108823, strand=+, nt=[ATGGAGTTGA..CATTGGATAG]
13:33:05.179 - INFO - CDS - contig=contig_12, start=312, stop=1157, strand=+, frame=3, truncated=no, start-type=ATG, RBS-motif=AGGAGG
13:33:05.179 - INFO - CDS - contig=contig_12, start=1272, stop=2099, strand=-, frame=1, truncated=no, start-type=ATG, RBS-motif=GGAG/GAGG
13:33:05.179 - INFO - CDS - contig=contig_12, start=2396, stop=3397, strand=+, frame=2, truncated=no, start-type=ATG, RBS-motif=AGGAGG
13:33:05.179 - INFO - CDS - contig=contig_12, start=3394, stop=3801, strand=+, frame=1, truncated=no, start-type=GTG, RBS-motif=AGGAGG
13:33:05.179 - INFO - CDS - contig=contig_12, start=3820, stop=4677, strand=-, frame=3, truncated=no, start-type=ATG, RBS-motif=AGGAGG
13:33:05.179 - INFO - CDS - contig=contig_12, start=4690, stop=5124, strand=-, frame=3, truncated=no, start-type=ATG, RBS-motif=AGGAG
13:33:05.179 - INFO - CDS - contig=contig_12, start=5355, stop=5687, strand=-, frame=1, truncated=no, start-type=ATG, RBS-motif=GGAGG
13:33:05.179 - INFO - CDS - contig=contig_12, start=5692, stop=5907, strand=-, frame=3, truncated=no, start-type=ATG, RBS-motif=GGAGG
13:33:05.180 - INFO - CDS - contig=contig_12, start=6032, stop=8371, strand=+, frame=2, truncated=no, start-type=TTG, RBS-motif=AGGA
13:33:05.180 - INFO - CDS - contig=contig_12, start=8630, stop=10288, strand=+, frame=2, truncated=no, start-type=ATG, RBS-motif=AGGAG(G)/GGAGG
13:33:05.180 - INFO - CDS - contig=contig_12, start=10364, stop=10525, strand=-, frame=2, truncated=no, start-type=TTG, RBS-motif=AGGAGG
13:33:05.180 - INFO - CDS - contig=contig_12, start=10602, stop=11726, strand=+, frame=3, truncated=no, start-type=ATG, RBS-motif=GGAG/GAGG
13:33:05.180 - INFO - CDS - contig=contig_12, start=11731, stop=13131, strand=+, frame=1, truncated=no, start-type=TTG, RBS-motif=GGAG/GAGG
13:33:05.180 - INFO - CDS - contig=contig_12, start=13247, stop=14287, strand=-, frame=2, truncated=no, start-type=ATG, RBS-motif=GGAG/GAGG
13:33:05.180 - INFO - CDS - contig=contig_12, start=14284, stop=14742, strand=-, frame=3, truncated=no, start-type=GTG, RBS-motif=AGGAGG
13:33:05.180 - INFO - CDS - contig=contig_12, start=14968, stop=16020, strand=+, frame=1, truncated=no, start-type=ATG, RBS-motif=GGAGG
13:33:05.180 - INFO - CDS - contig=contig_12, start=16034, stop=16585, strand=+, frame=2, truncated=no, start-type=ATG, RBS-motif=AGGAG
13:33:05.180 - INFO - CDS - contig=contig_12, start=16708, stop=18570, strand=+, frame=1, truncated=no, start-type=ATG, RBS-motif=GGAGG
13:33:05.180 - INFO - CDS - contig=contig_12, start=18667, stop=19833, strand=+, frame=1, truncated=no, start-type=ATG, RBS-motif=GGAG/GAGG
13:33:05.180 - INFO - CDS - contig=contig_12, start=19890, stop=21815, strand=+, frame=3, truncated=no, start-type=ATG, RBS-motif=GGAGG
13:33:05.180 - INFO - CDS - contig=contig_12, start=21858, stop=22649, strand=+, frame=3, truncated=no, start-type=ATG, RBS-motif=GGAGG
13:33:05.180 - INFO - CDS - contig=contig_12, start=22664, stop=23101, strand=+, frame=2, truncated=no, start-type=ATG, RBS-motif=AGGAGG
13:33:05.180 - INFO - CDS - contig=contig_12, start=23169, stop=23684, strand=+, frame=3, truncated=no, start-type=ATG, RBS-motif=AGxAGG/AGGxGG
13:33:05.180 - INFO - CDS - contig=contig_12, start=24160, stop=25044, strand=-, frame=3, truncated=no, start-type=ATG, RBS-motif=GGA/GAG/AGG
13:33:05.180 - INFO - CDS - contig=contig_12, start=25205, stop=25453, strand=-, frame=2, truncated=no, start-type=ATG, RBS-motif=GGA/GAG/AGG
13:33:05.181 - INFO - CDS - contig=contig_12, start=25894, stop=28044, strand=-, frame=3, truncated=no, start-type=ATG, RBS-motif=GGAGG
13:33:05.181 - INFO - CDS - contig=contig_12, start=28071, stop=28343, strand=-, frame=1, truncated=no, start-type=ATG, RBS-motif=GGA/GAG/AGG
13:33:05.181 - INFO - CDS - contig=contig_12, start=28451, stop=28894, strand=+, frame=2, truncated=no, start-type=ATG, RBS-motif=GGAGG
13:33:05.181 - INFO - CDS - contig=contig_12, start=29067, stop=30434, strand=+, frame=3, truncated=no, start-type=ATG, RBS-motif=GGAGG
13:33:05.181 - INFO - CDS - contig=contig_12, start=30489, stop=32030, strand=-, frame=1, truncated=no, start-type=ATG, RBS-motif=AGGAG/GGAGG
13:33:05.181 - INFO - CDS - contig=contig_12, start=32037, stop=33158, strand=-, frame=1, truncated=no, start-type=ATG, RBS-motif=AGxAGG/AGGxGG
13:33:05.181 - INFO - CDS - contig=contig_12, start=33645, stop=34826, strand=-, frame=1, truncated=no, start-type=ATG, RBS-motif=AGGA
13:33:05.181 - INFO - CDS - contig=contig_12, start=35115, stop=36362, strand=-, frame=1, truncated=no, start-type=ATG, RBS-motif=AGGAG
13:33:05.181 - INFO - CDS - contig=contig_12, start=36359, stop=37336, strand=-, frame=2, truncated=no, start-type=ATG, RBS-motif=AGGAG/GGAGG
13:33:05.181 - INFO - CDS - contig=contig_12, start=37690, stop=40014, strand=+, frame=1, truncated=no, start-type=ATG, RBS-motif=AGGAG
13:33:05.181 - INFO - CDS - contig=contig_12, start=40105, stop=40953, strand=+, frame=1, truncated=no, start-type=TTG, RBS-motif=GGAGG
13:33:05.181 - INFO - CDS - contig=contig_12, start=41250, stop=42497, strand=-, frame=1, truncated=no, start-type=ATG, RBS-motif=GGAGG
13:33:05.181 - INFO - CDS - contig=contig_12, start=42669, stop=43865, strand=+, frame=3, truncated=no, start-type=ATG, RBS-motif=AGGAG/GGAGG
13:33:05.181 - INFO - CDS - contig=contig_12, start=44241, stop=44912, strand=+, frame=3, truncated=no, start-type=TTG, RBS-motif=AGGA
13:33:05.181 - INFO - CDS - contig=contig_12, start=45194, stop=45676, strand=-, frame=2, truncated=no, start-type=ATG, RBS-motif=GGAGG
13:33:05.181 - INFO - CDS - contig=contig_12, start=45969, stop=47324, strand=+, frame=3, truncated=no, start-type=ATG, RBS-motif=GGA/GAG/AGG
13:33:05.182 - INFO - CDS - contig=contig_12, start=48064, stop=48291, strand=+, frame=1, truncated=no, start-type=ATG, RBS-motif=GGA/GAG/AGG
13:33:05.182 - INFO - CDS - contig=contig_12, start=48406, stop=50025, strand=+, frame=1, truncated=no, start-type=ATG, RBS-motif=GGAG/GAGG
13:33:05.182 - INFO - CDS - contig=contig_12, start=50131, stop=51264, strand=+, frame=1, truncated=no, start-type=ATG, RBS-motif=AGGA
13:33:05.182 - INFO - CDS - contig=contig_12, start=51340, stop=51825, strand=+, frame=1, truncated=no, start-type=ATG, RBS-motif=GGAG/GAGG
13:33:05.182 - INFO - CDS - contig=contig_12, start=51818, stop=53452, strand=+, frame=2, truncated=no, start-type=ATG, RBS-motif=GGAGG
13:33:05.182 - INFO - CDS - contig=contig_12, start=53530, stop=54894, strand=-, frame=3, truncated=no, start-type=ATG, RBS-motif=GGAGG
13:33:05.182 - INFO - CDS - contig=contig_12, start=55073, stop=56005, strand=-, frame=2, truncated=no, start-type=GTG, RBS-motif=GGA/GAG/AGG
13:33:05.182 - INFO - CDS - contig=contig_12, start=56002, stop=56217, strand=-, frame=3, truncated=no, start-type=ATG, RBS-motif=AGGA
13:33:05.182 - INFO - CDS - contig=contig_12, start=56301, stop=56948, strand=-, frame=1, truncated=no, start-type=ATG, RBS-motif=GGA/GAG/AGG
13:33:05.182 - INFO - CDS - contig=contig_12, start=57020, stop=57892, strand=-, frame=2, truncated=no, start-type=ATG, RBS-motif=AGxAGG/AGGxGG
13:33:05.182 - INFO - CDS - contig=contig_12, start=57918, stop=59198, strand=-, frame=1, truncated=no, start-type=ATG, RBS-motif=AGxAGG/AGGxGG
13:33:05.182 - INFO - CDS - contig=contig_12, start=59222, stop=59824, strand=-, frame=2, truncated=no, start-type=ATG, RBS-motif=AGGAGG
13:33:05.182 - INFO - CDS - contig=contig_12, start=59861, stop=61048, strand=-, frame=2, truncated=no, start-type=ATG, RBS-motif=AGGAG/GGAGG
13:33:05.182 - INFO - CDS - contig=contig_12, start=61045, stop=61524, strand=-, frame=3, truncated=no, start-type=ATG, RBS-motif=AGGAGG
13:33:05.182 - INFO - CDS - contig=contig_12, start=61815, stop=62138, strand=+, frame=3, truncated=no, start-type=ATG, RBS-motif=GGAGG
13:33:05.182 - INFO - CDS - contig=contig_12, start=62135, stop=63193, strand=+, frame=2, truncated=no, start-type=GTG, RBS-motif=None
13:33:05.183 - INFO - CDS - contig=contig_12, start=63230, stop=65176, strand=+, frame=2, truncated=no, start-type=ATG, RBS-motif=AGGAG
13:33:05.183 - INFO - CDS - contig=contig_12, start=65192, stop=65629, strand=+, frame=2, truncated=no, start-type=ATG, RBS-motif=GGAGG
13:33:05.183 - INFO - CDS - contig=contig_12, start=65703, stop=66011, strand=+, frame=3, truncated=no, start-type=ATG, RBS-motif=GGAG/GAGG
13:33:05.183 - INFO - CDS - contig=contig_12, start=66035, stop=66670, strand=+, frame=2, truncated=no, start-type=ATG, RBS-motif=AGGAGG
13:33:05.183 - INFO - CDS - contig=contig_12, start=66667, stop=68433, strand=+, frame=1, truncated=no, start-type=ATG, RBS-motif=AGGAGG
13:33:05.183 - INFO - CDS - contig=contig_12, start=68546, stop=69952, strand=+, frame=2, truncated=no, start-type=ATG, RBS-motif=AGGAG
13:33:05.183 - INFO - CDS - contig=contig_12, start=69983, stop=70594, strand=+, frame=2, truncated=no, start-type=ATG, RBS-motif=AGGAG
13:33:05.183 - INFO - CDS - contig=contig_12, start=70815, stop=71942, strand=+, frame=3, truncated=no, start-type=ATG, RBS-motif=GGAGG
13:33:05.183 - INFO - CDS - contig=contig_12, start=71989, stop=72561, strand=-, frame=3, truncated=no, start-type=ATG, RBS-motif=GGAGG
13:33:05.183 - INFO - CDS - contig=contig_12, start=73000, stop=74319, strand=+, frame=1, truncated=no, start-type=ATG, RBS-motif=GGA/GAG/AGG
13:33:05.183 - INFO - CDS - contig=contig_12, start=74335, stop=74622, strand=+, frame=1, truncated=no, start-type=ATG, RBS-motif=AGGAGG
13:33:05.183 - INFO - CDS - contig=contig_12, start=74638, stop=76134, strand=+, frame=1, truncated=no, start-type=ATG, RBS-motif=AGxAGG/AGGxGG
13:33:05.183 - INFO - CDS - contig=contig_12, start=76131, stop=77564, strand=+, frame=3, truncated=no, start-type=GTG, RBS-motif=GGAGG
13:33:05.183 - INFO - CDS - contig=contig_12, start=77614, stop=79845, strand=-, frame=3, truncated=no, start-type=ATG, RBS-motif=AGGAG
13:33:05.183 - INFO - CDS - contig=contig_12, start=80124, stop=80681, strand=-, frame=1, truncated=no, start-type=ATG, RBS-motif=GGAGG
13:33:05.183 - INFO - CDS - contig=contig_12, start=80695, stop=81978, strand=-, frame=3, truncated=no, start-type=ATG, RBS-motif=AGGA
13:33:05.183 - INFO - CDS - contig=contig_12, start=82036, stop=82956, strand=-, frame=3, truncated=no, start-type=GTG, RBS-motif=GGAGG
13:33:05.184 - INFO - CDS - contig=contig_12, start=82953, stop=84404, strand=-, frame=1, truncated=no, start-type=ATG, RBS-motif=GGAGG
13:33:05.184 - INFO - CDS - contig=contig_12, start=84442, stop=85122, strand=-, frame=3, truncated=no, start-type=ATG, RBS-motif=AGGAGG
13:33:05.184 - INFO - CDS - contig=contig_12, start=85134, stop=85520, strand=-, frame=1, truncated=no, start-type=ATG, RBS-motif=AGGAG/GGAGG
13:33:05.184 - INFO - CDS - contig=contig_12, start=85717, stop=87111, strand=+, frame=1, truncated=no, start-type=ATG, RBS-motif=GGAG/GAGG
13:33:05.184 - INFO - CDS - contig=contig_12, start=87585, stop=88355, strand=+, frame=3, truncated=no, start-type=ATG, RBS-motif=AGGAGG
13:33:05.184 - INFO - CDS - contig=contig_12, start=88633, stop=88881, strand=-, frame=3, truncated=no, start-type=ATG, RBS-motif=AGGAG
13:33:05.184 - INFO - CDS - contig=contig_12, start=89028, stop=89600, strand=+, frame=3, truncated=no, start-type=TTG, RBS-motif=GGAGG
13:33:05.184 - INFO - CDS - contig=contig_12, start=89714, stop=90394, strand=-, frame=2, truncated=no, start-type=ATG, RBS-motif=AGGAG
13:33:05.184 - INFO - CDS - contig=contig_12, start=90387, stop=90752, strand=-, frame=1, truncated=no, start-type=TTG, RBS-motif=AGGAGG
13:33:05.184 - INFO - CDS - contig=contig_12, start=91430, stop=92242, strand=+, frame=2, truncated=no, start-type=ATG, RBS-motif=AGGA
13:33:05.184 - INFO - CDS - contig=contig_12, start=92498, stop=93313, strand=+, frame=2, truncated=no, start-type=ATG, RBS-motif=AGGAGG
13:33:05.184 - INFO - CDS - contig=contig_12, start=93393, stop=93716, strand=-, frame=1, truncated=no, start-type=GTG, RBS-motif=GGAG/GAGG
13:33:05.184 - INFO - CDS - contig=contig_12, start=93746, stop=94090, strand=-, frame=2, truncated=no, start-type=ATG, RBS-motif=GGA/GAG/AGG
13:33:05.184 - INFO - CDS - contig=contig_12, start=94104, stop=94316, strand=-, frame=1, truncated=no, start-type=ATG, RBS-motif=AGxAGG/AGGxGG
13:33:05.184 - INFO - CDS - contig=contig_12, start=94595, stop=95110, strand=+, frame=2, truncated=no, start-type=ATG, RBS-motif=AGGAG/GGAGG
13:33:05.184 - INFO - CDS - contig=contig_12, start=95129, stop=95998, strand=+, frame=2, truncated=no, start-type=ATG, RBS-motif=AGGAGG
13:33:05.184 - INFO - CDS - contig=contig_12, start=312, stop=1157, strand=+, nt=[ATGCCCGACA..GCGCAAATAA]
13:33:05.184 - INFO - CDS - contig=contig_12, start=1272, stop=2099, strand=-, nt=[ATGAGAGCTG..GGAAGAATGA]
13:33:05.184 - INFO - CDS - contig=contig_12, start=2396, stop=3397, strand=+, nt=[ATGGCGAGAA..ATCTCTGTGA]
13:33:05.184 - INFO - CDS - contig=contig_12, start=3394, stop=3801, strand=+, nt=[GTGAACGGCA..AGAGCTGTAG]
13:33:05.184 - INFO - CDS - contig=contig_12, start=3820, stop=4677, strand=-, nt=[ATGAAATGGA..GGCGCTGTGA]
13:33:05.185 - INFO - CDS - contig=contig_12, start=4690, stop=5124, strand=-, nt=[ATGATCACAC..GGATTGGTAA]
13:33:05.185 - INFO - CDS - contig=contig_12, start=5355, stop=5687, strand=-, nt=[ATGAACCTTC..CTGGGAATGA]
13:33:05.185 - INFO - CDS - contig=contig_12, start=5692, stop=5907, strand=-, nt=[ATGGAAGAGA..GGAGGAATAG]
13:33:05.185 - INFO - CDS - contig=contig_12, start=6032, stop=8371, strand=+, nt=[TTGAAAGCCG..CCAAAAATAA]
13:33:05.185 - INFO - CDS - contig=contig_12, start=8630, stop=10288, strand=+, nt=[ATGGCAGAAA..GGAGGTATAA]
13:33:05.185 - INFO - CDS - contig=contig_12, start=10364, stop=10525, strand=-, nt=[TTGGCCGCCG..GGTCCTGTGA]
13:33:05.185 - INFO - CDS - contig=contig_12, start=10602, stop=11726, strand=+, nt=[ATGCCCGCCT..AATGAGGTGA]
13:33:05.185 - INFO - CDS - contig=contig_12, start=11731, stop=13131, strand=+, nt=[TTGTTTTCTT..GACGGCGTAA]
13:33:05.185 - INFO - CDS - contig=contig_12, start=13247, stop=14287, strand=-, nt=[ATGAAGCGGC..ATCAGAATAA]
13:33:05.185 - INFO - CDS - contig=contig_12, start=14284, stop=14742, strand=-, nt=[GTGGATGCCT..GGAATTATGA]
13:33:05.185 - INFO - CDS - contig=contig_12, start=14968, stop=16020, strand=+, nt=[ATGGATTTGA..TAAGAAATAG]
13:33:05.185 - INFO - CDS - contig=contig_12, start=16034, stop=16585, strand=+, nt=[ATGCGCGAGA..CGCCAACTAG]
13:33:05.185 - INFO - CDS - contig=contig_12, start=16708, stop=18570, strand=+, nt=[ATGTCTAAAA..CAATAAGTAA]
13:33:05.185 - INFO - CDS - contig=contig_12, start=18667, stop=19833, strand=+, nt=[ATGCCTGAAC..AAAGAAATAA]
13:33:05.185 - INFO - CDS - contig=contig_12, start=19890, stop=21815, strand=+, nt=[ATGGGCCCCA..GCCCTTCTGA]
13:33:05.185 - INFO - CDS - contig=contig_12, start=21858, stop=22649, strand=+, nt=[ATGCTTCTTA..CCGGCTGTAA]
13:33:05.185 - INFO - CDS - contig=contig_12, start=22664, stop=23101, strand=+, nt=[ATGAAAATTG..CGAGGGATAA]
13:33:05.185 - INFO - CDS - contig=contig_12, start=23169, stop=23684, strand=+, nt=[ATGTCCCGTC..CCCCTGCTGA]
13:33:05.185 - INFO - CDS - contig=contig_12, start=24160, stop=25044, strand=-, nt=[ATGCCGAGGC..AAGGGGATAA]
13:33:05.185 - INFO - CDS - contig=contig_12, start=25205, stop=25453, strand=-, nt=[ATGTTCAAGT..CACCCTCTAA]
13:33:05.185 - INFO - CDS - contig=contig_12, start=25894, stop=28044, strand=-, nt=[ATGGGATTGA..CCTGGCCTGA]
13:33:05.185 - INFO - CDS - contig=contig_12, start=28071, stop=28343, strand=-, nt=[ATGAGCGAAT..ACTGGCCTGA]
13:33:05.185 - INFO - CDS - contig=contig_12, start=28451, stop=28894, strand=+, nt=[ATGTCCCAGA..GGCGGAATAG]
13:33:05.185 - INFO - CDS - contig=contig_12, start=29067, stop=30434, strand=+, nt=[ATGCCGCAAA..TGAGGAATAG]
13:33:05.185 - INFO - CDS - contig=contig_12, start=30489, stop=32030, strand=-, nt=[ATGTCAATTA..AACGGCATGA]
13:33:05.185 - INFO - CDS - contig=contig_12, start=32037, stop=33158, strand=-, nt=[ATGACGAAGG..AGGAGTATAA]
13:33:05.185 - INFO - CDS - contig=contig_12, start=33645, stop=34826, strand=-, nt=[ATGGCAAAGC..CTACCGGTAA]
13:33:05.185 - INFO - CDS - contig=contig_12, start=35115, stop=36362, strand=-, nt=[ATGAGCATCC..GGCGGAATAG]
13:33:05.185 - INFO - CDS - contig=contig_12, start=36359, stop=37336, strand=-, nt=[ATGGGCATAT..AGCGCTATGA]
13:33:05.186 - INFO - CDS - contig=contig_12, start=37690, stop=40014, strand=+, nt=[ATGCGCACAG..CATGAAATAA]
13:33:05.186 - INFO - CDS - contig=contig_12, start=40105, stop=40953, strand=+, nt=[TTGAAATCCA..TATCCAGTGA]
13:33:05.186 - INFO - CDS - contig=contig_12, start=41250, stop=42497, strand=-, nt=[ATGAGGACGG..GGTGTGCTGA]
13:33:05.186 - INFO - CDS - contig=contig_12, start=42669, stop=43865, strand=+, nt=[ATGAAAGTCC..CAACCAGTAA]
13:33:05.186 - INFO - CDS - contig=contig_12, start=44241, stop=44912, strand=+, nt=[TTGGAAATGC..ACGCCGCTAG]
13:33:05.186 - INFO - CDS - contig=contig_12, start=45194, stop=45676, strand=-, nt=[ATGTACGACG..ACAATTGTGA]
13:33:05.186 - INFO - CDS - contig=contig_12, start=45969, stop=47324, strand=+, nt=[ATGGCATTTC..AAGCTACTAA]
13:33:05.186 - INFO - CDS - contig=contig_12, start=48064, stop=48291, strand=+, nt=[ATGTCACGGT..CATGGATTAG]
13:33:05.186 - INFO - CDS - contig=contig_12, start=48406, stop=50025, strand=+, nt=[ATGATCCGAA..GTCTGTTTGA]
13:33:05.186 - INFO - CDS - contig=contig_12, start=50131, stop=51264, strand=+, nt=[ATGGCTAGGA..CTTGAAATAA]
13:33:05.186 - INFO - CDS - contig=contig_12, start=51340, stop=51825, strand=+, nt=[ATGGCCGCCA..GGATGGATAA]
13:33:05.186 - INFO - CDS - contig=contig_12, start=51818, stop=53452, strand=+, nt=[ATGGATAAGC..CCCGTCATAA]
13:33:05.186 - INFO - CDS - contig=contig_12, start=53530, stop=54894, strand=-, nt=[ATGGCAAGTA..CCAGCGCTGA]
13:33:05.186 - INFO - CDS - contig=contig_12, start=55073, stop=56005, strand=-, nt=[GTGATTTTTT..CCTGTTTTGA]
13:33:05.186 - INFO - CDS - contig=contig_12, start=56002, stop=56217, strand=-, nt=[ATGCGCCGTG..AAAGGCGTGA]
13:33:05.186 - INFO - CDS - contig=contig_12, start=56301, stop=56948, strand=-, nt=[ATGCAACAAA..GTCCGCCTGA]
13:33:05.186 - INFO - CDS - contig=contig_12, start=57020, stop=57892, strand=-, nt=[ATGGCAGTGC..GGTCGAATGA]
13:33:05.186 - INFO - CDS - contig=contig_12, start=57918, stop=59198, strand=-, nt=[ATGACACAGC..GATCCGCTGA]
13:33:05.186 - INFO - CDS - contig=contig_12, start=59222, stop=59824, strand=-, nt=[ATGTACATTA..GATGGACTAA]
13:33:05.186 - INFO - CDS - contig=contig_12, start=59861, stop=61048, strand=-, nt=[ATGAACTACG..GGAGGAGTAA]
13:33:05.186 - INFO - CDS - contig=contig_12, start=61045, stop=61524, strand=-, nt=[ATGAAAAAGT..CTTCTCATGA]
13:33:05.186 - INFO - CDS - contig=contig_12, start=61815, stop=62138, strand=+, nt=[ATGGAATACG..AGCGCCGTGA]
13:33:05.186 - INFO - CDS - contig=contig_12, start=62135, stop=63193, strand=+, nt=[GTGACCGGGG..GGGGCAATGA]
13:33:05.186 - INFO - CDS - contig=contig_12, start=63230, stop=65176, strand=+, nt=[ATGTCCGTCG..TGTCAATTGA]
13:33:05.186 - INFO - CDS - contig=contig_12, start=65192, stop=65629, strand=+, nt=[ATGGTCAAAT..GTTCGTATAA]
13:33:05.186 - INFO - CDS - contig=contig_12, start=65703, stop=66011, strand=+, nt=[ATGAAATACT..CAAGCTCTGA]
13:33:05.186 - INFO - CDS - contig=contig_12, start=66035, stop=66670, strand=+, nt=[ATGCCCGATA..CGCGCAATGA]
13:33:05.186 - INFO - CDS - contig=contig_12, start=66667, stop=68433, strand=+, nt=[ATGAATACCC..AAACCAGTAA]
13:33:05.186 - INFO - CDS - contig=contig_12, start=68546, stop=69952, strand=+, nt=[ATGAGATTGG..GCAGGGCTGA]
13:33:05.186 - INFO - CDS - contig=contig_12, start=69983, stop=70594, strand=+, nt=[ATGGCCGCCG..AAAACGGTAG]
13:33:05.187 - INFO - CDS - contig=contig_12, start=70815, stop=71942, strand=+, nt=[ATGCTCACAC..CCCGTCATAA]
13:33:05.187 - INFO - CDS - contig=contig_12, start=71989, stop=72561, strand=-, nt=[ATGATGGATT..TCCGGTGTAG]
13:33:05.187 - INFO - CDS - contig=contig_12, start=73000, stop=74319, strand=+, nt=[ATGGAATTCA..GGAACCGTAA]
13:33:05.187 - INFO - CDS - contig=contig_12, start=74335, stop=74622, strand=+, nt=[ATGAAAATTA..CGTGGAATAA]
13:33:05.187 - INFO - CDS - contig=contig_12, start=74638, stop=76134, strand=+, nt=[ATGGATTACC..TGCGCAGTGA]
13:33:05.187 - INFO - CDS - contig=contig_12, start=76131, stop=77564, strand=+, nt=[GTGACCTGGG..ACAGAACTAG]
13:33:05.187 - INFO - CDS - contig=contig_12, start=77614, stop=79845, strand=-, nt=[ATGAAACGGC..GAAACCGTAA]
13:33:05.187 - INFO - CDS - contig=contig_12, start=80124, stop=80681, strand=-, nt=[ATGTACGTGG..GGAGTGCTGA]
13:33:05.187 - INFO - CDS - contig=contig_12, start=80695, stop=81978, strand=-, nt=[ATGAGCGATC..GGGGGTATAG]
13:33:05.187 - INFO - CDS - contig=contig_12, start=82036, stop=82956, strand=-, nt=[GTGAACCAAA..ACGGGATTGA]
13:33:05.187 - INFO - CDS - contig=contig_12, start=82953, stop=84404, strand=-, nt=[ATGGCCGAAC..GCAGCCGTGA]
13:33:05.187 - INFO - CDS - contig=contig_12, start=84442, stop=85122, strand=-, nt=[ATGAAGATAT..AAACGGATGA]
13:33:05.187 - INFO - CDS - contig=contig_12, start=85134, stop=85520, strand=-, nt=[ATGAAGATTT..CGTTTCATAG]
13:33:05.187 - INFO - CDS - contig=contig_12, start=85717, stop=87111, strand=+, nt=[ATGAAAAAAT..CCGCCGGTAG]
13:33:05.187 - INFO - CDS - contig=contig_12, start=87585, stop=88355, strand=+, nt=[ATGGAATACA..CTTGGTGTAA]
13:33:05.187 - INFO - CDS - contig=contig_12, start=88633, stop=88881, strand=-, nt=[ATGACCATCG..AGAGGCCTGA]
13:33:05.187 - INFO - CDS - contig=contig_12, start=89028, stop=89600, strand=+, nt=[TTGGCTCCAA..GACATTTTAA]
13:33:05.187 - INFO - CDS - contig=contig_12, start=89714, stop=90394, strand=-, nt=[ATGAGTGAGC..CTTATTGTAA]
13:33:05.187 - INFO - CDS - contig=contig_12, start=90387, stop=90752, strand=-, nt=[TTGAAAATCA..CCATGAGTGA]
13:33:05.187 - INFO - CDS - contig=contig_12, start=91430, stop=92242, strand=+, nt=[ATGAAAAAGC..TTATCGTTGA]
13:33:05.187 - INFO - CDS - contig=contig_12, start=92498, stop=93313, strand=+, nt=[ATGAAAAAAC..CTTCGCCTGA]
13:33:05.187 - INFO - CDS - contig=contig_12, start=93393, stop=93716, strand=-, nt=[GTGGAATGTG..ATATCTTTGA]
13:33:05.187 - INFO - CDS - contig=contig_12, start=93746, stop=94090, strand=-, nt=[ATGGGCCGCA..CAAAAACTGA]
13:33:05.187 - INFO - CDS - contig=contig_12, start=94104, stop=94316, strand=-, nt=[ATGAGCAAGC..GCGGAATTGA]
13:33:05.187 - INFO - CDS - contig=contig_12, start=94595, stop=95110, strand=+, nt=[ATGCGCAAGT..GCGCTGCTGA]
13:33:05.187 - INFO - CDS - contig=contig_12, start=95129, stop=95998, strand=+, nt=[ATGAAGGTAC..ACAGCTGTAA]
13:33:05.202 - INFO - CDS - contig=contig_13, start=263, stop=724, strand=-, frame=1, truncated=no, start-type=ATG, RBS-motif=GGA/GAG/AGG
13:33:05.202 - INFO - CDS - contig=contig_13, start=721, stop=1287, strand=-, frame=2, truncated=no, start-type=TTG, RBS-motif=GGAGG
13:33:05.202 - INFO - CDS - contig=contig_13, start=1284, stop=2345, strand=-, frame=3, truncated=no, start-type=ATG, RBS-motif=GGAG/GAGG
13:33:05.202 - INFO - CDS - contig=contig_13, start=2350, stop=2694, strand=-, frame=2, truncated=no, start-type=ATG, RBS-motif=GGAGG
13:33:05.202 - INFO - CDS - contig=contig_13, start=2696, stop=3073, strand=-, frame=1, truncated=no, start-type=ATG, RBS-motif=AGGAGG
13:33:05.202 - INFO - CDS - contig=contig_13, start=3110, stop=4060, strand=-, frame=1, truncated=no, start-type=ATG, RBS-motif=AGxAGG/AGGxGG
13:33:05.202 - INFO - CDS - contig=contig_13, start=4057, stop=4632, strand=-, frame=2, truncated=no, start-type=GTG, RBS-motif=AGxAGG/AGGxGG
13:33:05.202 - INFO - CDS - contig=contig_13, start=4649, stop=5224, strand=-, frame=1, truncated=no, start-type=TTG, RBS-motif=GGAG/GAGG
13:33:05.202 - INFO - CDS - contig=contig_13, start=5221, stop=5478, strand=-, frame=2, truncated=no, start-type=GTG, RBS-motif=AGGAG(G)/GGAGG
13:33:05.202 - INFO - CDS - contig=contig_13, start=5427, stop=5852, strand=-, frame=3, truncated=no, start-type=ATG, RBS-motif=GGAG/GAGG
13:33:05.202 - INFO - CDS - contig=contig_13, start=5914, stop=6303, strand=-, frame=2, truncated=no, start-type=GTG, RBS-motif=AGGAGG
13:33:05.202 - INFO - CDS - contig=contig_13, start=6337, stop=7368, strand=-, frame=2, truncated=no, start-type=GTG, RBS-motif=GGA/GAG/AGG
13:33:05.202 - INFO - CDS - contig=contig_13, start=7365, stop=7862, strand=-, frame=3, truncated=no, start-type=ATG, RBS-motif=AGxAGG/AGGxGG
13:33:05.202 - INFO - CDS - contig=contig_13, start=7889, stop=8212, strand=-, frame=1, truncated=no, start-type=ATG, RBS-motif=GGxGG
13:33:05.202 - INFO - CDS - contig=contig_13, start=8209, stop=8571, strand=-, frame=2, truncated=no, start-type=ATG, RBS-motif=GGAG/GAGG
13:33:05.203 - INFO - CDS - contig=contig_13, start=8568, stop=9602, strand=-, frame=3, truncated=no, start-type=ATG, RBS-motif=GGAGG
13:33:05.203 - INFO - CDS - contig=contig_13, start=9620, stop=9961, strand=-, frame=1, truncated=no, start-type=ATG, RBS-motif=AGGAG
13:33:05.203 - INFO - CDS - contig=contig_13, start=10282, stop=11175, strand=-, frame=2, truncated=no, start-type=GTG, RBS-motif=AGGAGG
13:33:05.203 - INFO - CDS - contig=contig_13, start=11172, stop=12338, strand=-, frame=3, truncated=no, start-type=ATG, RBS-motif=AGGAG
13:33:05.203 - INFO - CDS - contig=contig_13, start=12370, stop=13626, strand=-, frame=2, truncated=no, start-type=ATG, RBS-motif=GGAG/GAGG
13:33:05.203 - INFO - CDS - contig=contig_13, start=13686, stop=14012, strand=-, frame=3, truncated=no, start-type=GTG, RBS-motif=AGGAG
13:33:05.203 - INFO - CDS - contig=contig_13, start=14343, stop=15635, strand=+, frame=3, truncated=no, start-type=TTG, RBS-motif=GGAG/GAGG
13:33:05.203 - INFO - CDS - contig=contig_13, start=15705, stop=16493, strand=+, frame=3, truncated=no, start-type=TTG, RBS-motif=AGGAG
13:33:05.203 - INFO - CDS - contig=contig_13, start=16546, stop=17028, strand=+, frame=1, truncated=no, start-type=ATG, RBS-motif=AGGAG
13:33:05.203 - INFO - CDS - contig=contig_13, start=17094, stop=18821, strand=+, frame=3, truncated=no, start-type=ATG, RBS-motif=AGGAGG
13:33:05.203 - INFO - CDS - contig=contig_13, start=19191, stop=20090, strand=+, frame=3, truncated=no, start-type=ATG, RBS-motif=AGxAGG/AGGxGG
13:33:05.203 - INFO - CDS - contig=contig_13, start=20514, stop=21095, strand=+, frame=3, truncated=no, start-type=ATG, RBS-motif=GGAGG
13:33:05.203 - INFO - CDS - contig=contig_13, start=21092, stop=21397, strand=+, frame=2, truncated=no, start-type=ATG, RBS-motif=AGGAGG
13:33:05.203 - INFO - CDS - contig=contig_13, start=21399, stop=22598, strand=+, frame=3, truncated=no, start-type=ATG, RBS-motif=AGGAGG
13:33:05.203 - INFO - CDS - contig=contig_13, start=22600, stop=23529, strand=+, frame=1, truncated=no, start-type=ATG, RBS-motif=GGAG/GAGG
13:33:05.203 - INFO - CDS - contig=contig_13, start=23615, stop=24070, strand=+, frame=2, truncated=no, start-type=ATG, RBS-motif=GGAGG
13:33:05.204 - INFO - CDS - contig=contig_13, start=24160, stop=25380, strand=+, frame=1, truncated=no, start-type=ATG, RBS-motif=AGGAG
13:33:05.204 - INFO - CDS - contig=contig_13, start=25463, stop=27904, strand=-, frame=1, truncated=no, start-type=ATG, RBS-motif=AGGA
13:33:05.204 - INFO - CDS - contig=contig_13, start=28124, stop=28414, strand=+, frame=2, truncated=no, start-type=ATG, RBS-motif=AGGAGG
13:33:05.204 - INFO - CDS - contig=contig_13, start=28567, stop=29136, strand=+, frame=1, truncated=no, start-type=ATG, RBS-motif=GGA/GAG/AGG
13:33:05.204 - INFO - CDS - contig=contig_13, start=29214, stop=30158, strand=-, frame=3, truncated=no, start-type=ATG, RBS-motif=AGGAGG
13:33:05.204 - INFO - CDS - contig=contig_13, start=30253, stop=31341, strand=-, frame=2, truncated=no, start-type=ATG, RBS-motif=AGGAGG
13:33:05.204 - INFO - CDS - contig=contig_13, start=31343, stop=32437, strand=-, frame=1, truncated=no, start-type=TTG, RBS-motif=AGGAGG
13:33:05.204 - INFO - CDS - contig=contig_13, start=32515, stop=33060, strand=-, frame=2, truncated=no, start-type=ATG, RBS-motif=GGAGG
13:33:05.204 - INFO - CDS - contig=contig_13, start=33374, stop=34618, strand=-, frame=1, truncated=no, start-type=ATG, RBS-motif=AGGAG
13:33:05.204 - INFO - CDS - contig=contig_13, start=34637, stop=35869, strand=-, frame=1, truncated=no, start-type=ATG, RBS-motif=GGAGG
13:33:05.204 - INFO - CDS - contig=contig_13, start=36008, stop=36703, strand=+, frame=2, truncated=no, start-type=TTG, RBS-motif=GGAG/GAGG
13:33:05.204 - INFO - CDS - contig=contig_13, start=36748, stop=38841, strand=+, frame=1, truncated=no, start-type=ATG, RBS-motif=AGGAG
13:33:05.204 - INFO - CDS - contig=contig_13, start=38962, stop=39873, strand=+, frame=1, truncated=no, start-type=ATG, RBS-motif=AGGAG
13:33:05.204 - INFO - CDS - contig=contig_13, start=40057, stop=40926, strand=-, frame=2, truncated=no, start-type=TTG, RBS-motif=AGxAGG/AGGxGG
13:33:05.204 - INFO - CDS - contig=contig_13, start=41031, stop=41624, strand=+, frame=3, truncated=no, start-type=ATG, RBS-motif=GGAGG
13:33:05.204 - INFO - CDS - contig=contig_13, start=41666, stop=42694, strand=-, frame=1, truncated=no, start-type=ATG, RBS-motif=AGGAGG
13:33:05.204 - INFO - CDS - contig=contig_13, start=42805, stop=43992, strand=+, frame=1, truncated=no, start-type=ATG, RBS-motif=AGGAGG
13:33:05.205 - INFO - CDS - contig=contig_13, start=44021, stop=44230, strand=+, frame=2, truncated=no, start-type=ATG, RBS-motif=GGAGG
13:33:05.205 - INFO - CDS - contig=contig_13, start=44273, stop=44917, strand=-, frame=1, truncated=no, start-type=ATG, RBS-motif=AGxAGG/AGGxGG
13:33:05.205 - INFO - CDS - contig=contig_13, start=45587, stop=45820, strand=+, frame=2, truncated=no, start-type=ATG, RBS-motif=AGGA/GGAG/GAGG
13:33:05.205 - INFO - CDS - contig=contig_13, start=45801, stop=46115, strand=+, frame=3, truncated=no, start-type=ATG, RBS-motif=AGxAGG/AGGxGG
13:33:05.205 - INFO - CDS - contig=contig_13, start=46331, stop=47398, strand=-, frame=1, truncated=no, start-type=ATG, RBS-motif=AGGAG
13:33:05.205 - INFO - CDS - contig=contig_13, start=47468, stop=48337, strand=-, frame=1, truncated=no, start-type=TTG, RBS-motif=AGGA
13:33:05.205 - INFO - CDS - contig=contig_13, start=48804, stop=49880, strand=+, frame=3, truncated=no, start-type=ATG, RBS-motif=AGGAGG
13:33:05.205 - INFO - CDS - contig=contig_13, start=49933, stop=50310, strand=+, frame=1, truncated=no, start-type=ATG, RBS-motif=AGGAGG
13:33:05.205 - INFO - CDS - contig=contig_13, start=50316, stop=51620, strand=+, frame=3, truncated=no, start-type=ATG, RBS-motif=AGGAGG
13:33:05.205 - INFO - CDS - contig=contig_13, start=51620, stop=53041, strand=+, frame=2, truncated=no, start-type=ATG, RBS-motif=AGGAGG
13:33:05.205 - INFO - CDS - contig=contig_13, start=53043, stop=54344, strand=+, frame=3, truncated=no, start-type=ATG, RBS-motif=AGGAGG
13:33:05.205 - INFO - CDS - contig=contig_13, start=54431, stop=55600, strand=+, frame=2, truncated=no, start-type=ATG, RBS-motif=AGGAG
13:33:05.205 - INFO - CDS - contig=contig_13, start=55732, stop=56640, strand=+, frame=1, truncated=no, start-type=ATG, RBS-motif=AGxAGG/AGGxGG
13:33:05.205 - INFO - CDS - contig=contig_13, start=56737, stop=57270, strand=+, frame=1, truncated=no, start-type=ATG, RBS-motif=AGGAG
13:33:05.205 - INFO - CDS - contig=contig_13, start=57335, stop=57796, strand=-, frame=1, truncated=no, start-type=ATG, RBS-motif=None
13:33:05.205 - INFO - CDS - contig=contig_13, start=57783, stop=58385, strand=-, frame=3, truncated=no, start-type=ATG, RBS-motif=AGGAG
13:33:05.205 - INFO - CDS - contig=contig_13, start=58580, stop=58996, strand=-, frame=1, truncated=no, start-type=ATG, RBS-motif=AGGAGG
13:33:05.205 - INFO - CDS - contig=contig_13, start=59143, stop=59949, strand=-, frame=2, truncated=no, start-type=ATG, RBS-motif=GGAG/GAGG
13:33:05.206 - INFO - CDS - contig=contig_13, start=60185, stop=61090, strand=-, frame=1, truncated=no, start-type=GTG, RBS-motif=AGxAGG/AGGxGG
13:33:05.206 - INFO - CDS - contig=contig_13, start=61213, stop=62142, strand=+, frame=1, truncated=no, start-type=TTG, RBS-motif=AGGAGG
13:33:05.206 - INFO - CDS - contig=contig_13, start=62238, stop=62831, strand=-, frame=3, truncated=no, start-type=ATG, RBS-motif=AGGAGG
13:33:05.206 - INFO - CDS - contig=contig_13, start=62938, stop=64155, strand=-, frame=2, truncated=no, start-type=ATG, RBS-motif=AGGAG
13:33:05.206 - INFO - CDS - contig=contig_13, start=64385, stop=65704, strand=+, frame=2, truncated=no, start-type=TTG, RBS-motif=AGGA/GGAG/GAGG
13:33:05.206 - INFO - CDS - contig=contig_13, start=66101, stop=67114, strand=+, frame=2, truncated=no, start-type=ATG, RBS-motif=AGGAG
13:33:05.206 - INFO - CDS - contig=contig_13, start=67388, stop=69094, strand=+, frame=2, truncated=no, start-type=ATG, RBS-motif=AGGAG
13:33:05.206 - INFO - CDS - contig=contig_13, start=69168, stop=70982, strand=-, frame=3, truncated=no, start-type=ATG, RBS-motif=AGGAG
13:33:05.206 - INFO - CDS - contig=contig_13, start=71423, stop=72877, strand=+, frame=2, truncated=no, start-type=TTG, RBS-motif=AGGAGG
13:33:05.206 - INFO - CDS - contig=contig_13, start=72886, stop=73884, strand=+, frame=1, truncated=no, start-type=ATG, RBS-motif=AGxAGG/AGGxGG
13:33:05.206 - INFO - CDS - contig=contig_13, start=73979, stop=75463, strand=-, frame=1, truncated=no, start-type=ATG, RBS-motif=AGGAG/GGAGG
13:33:05.206 - INFO - CDS - contig=contig_13, start=75728, stop=76894, strand=-, frame=1, truncated=no, start-type=ATG, RBS-motif=AGGA
13:33:05.206 - INFO - CDS - contig=contig_13, start=76958, stop=78340, strand=-, frame=1, truncated=no, start-type=ATG, RBS-motif=GGxGG
13:33:05.206 - INFO - CDS - contig=contig_13, start=78811, stop=79578, strand=+, frame=1, truncated=no, start-type=ATG, RBS-motif=AGGAG/GGAGG
13:33:05.206 - INFO - CDS - contig=contig_13, start=79627, stop=81603, strand=+, frame=1, truncated=no, start-type=ATG, RBS-motif=GGAG/GAGG
13:33:05.207 - INFO - CDS - contig=contig_13, start=81686, stop=83020, strand=+, frame=2, truncated=no, start-type=ATG, RBS-motif=AGGAG
13:33:05.207 - INFO - CDS - contig=contig_13, start=263, stop=724, strand=-, nt=[ATGAGAGTTG..GGAGGAGTAA]
13:33:05.207 - INFO - CDS - contig=contig_13, start=721, stop=1287, strand=-, nt=[TTGAAGCATG..GGTACGATGA]
13:33:05.207 - INFO - CDS - contig=contig_13, start=1284, stop=2345, strand=-, nt=[ATGACGGTGG..GAGCGGTTGA]
13:33:05.207 - INFO - CDS - contig=contig_13, start=2350, stop=2694, strand=-, nt=[ATGGAGCTGA..GGGAGCGTGA]
13:33:05.207 - INFO - CDS - contig=contig_13, start=2696, stop=3073, strand=-, nt=[ATGTGGATCT..GGGCGGTTAG]
13:33:05.207 - INFO - CDS - contig=contig_13, start=3110, stop=4060, strand=-, nt=[ATGACGGGGA..GGTCGTTTGA]
13:33:05.207 - INFO - CDS - contig=contig_13, start=4057, stop=4632, strand=-, nt=[GTGAAGCTGG..GGTAGCATGA]
13:33:05.207 - INFO - CDS - contig=contig_13, start=4649, stop=5224, strand=-, nt=[TTGATCGATT..CCTGTTTTGA]
13:33:05.207 - INFO - CDS - contig=contig_13, start=5221, stop=5478, strand=-, nt=[GTGCTCAAGA..GACGGATTGA]
13:33:05.207 - INFO - CDS - contig=contig_13, start=5427, stop=5852, strand=-, nt=[ATGAGAGAAC..CGGGAAATGA]
13:33:05.207 - INFO - CDS - contig=contig_13, start=5914, stop=6303, strand=-, nt=[GTGAATATTT..GGCGGCGTGA]
13:33:05.207 - INFO - CDS - contig=contig_13, start=6337, stop=7368, strand=-, nt=[GTGAGCACGA..TACGGTGTGA]
13:33:05.207 - INFO - CDS - contig=contig_13, start=7365, stop=7862, strand=-, nt=[ATGACGCTGG..AAAAGTGTGA]
13:33:05.207 - INFO - CDS - contig=contig_13, start=7889, stop=8212, strand=-, nt=[ATGAGCCTGT..CGAGGATTGA]
13:33:05.207 - INFO - CDS - contig=contig_13, start=8209, stop=8571, strand=-, nt=[ATGACGGAGC..GCCGGGATGA]
13:33:05.207 - INFO - CDS - contig=contig_13, start=8568, stop=9602, strand=-, nt=[ATGGCTTATC..GGTCGGATGA]
13:33:05.207 - INFO - CDS - contig=contig_13, start=9620, stop=9961, strand=-, nt=[ATGAGCAAGA..GCGCCTGTAA]
13:33:05.207 - INFO - CDS - contig=contig_13, start=10282, stop=11175, strand=-, nt=[GTGAGGATAC..TTTGATTTAA]
13:33:05.207 - INFO - CDS - contig=contig_13, start=11172, stop=12338, strand=-, nt=[ATGGGATTTT..GAAACGGTGA]
13:33:05.207 - INFO - CDS - contig=contig_13, start=12370, stop=13626, strand=-, nt=[ATGCAGTTCA..GGCGTTTTGA]
13:33:05.207 - INFO - CDS - contig=contig_13, start=13686, stop=14012, strand=-, nt=[GTGAGTAGTT..GAGCGGATGA]
13:33:05.207 - INFO - CDS - contig=contig_13, start=14343, stop=15635, strand=+, nt=[TTGACGAAAT..GGTGGGCTGA]
13:33:05.207 - INFO - CDS - contig=contig_13, start=15705, stop=16493, strand=+, nt=[TTGCTGGAGC..TTGCGTCTGA]
13:33:05.207 - INFO - CDS - contig=contig_13, start=16546, stop=17028, strand=+, nt=[ATGCTGGAAG..TCATAAATAG]
13:33:05.207 - INFO - CDS - contig=contig_13, start=17094, stop=18821, strand=+, nt=[ATGACCTACA..GAAACGCTGA]
13:33:05.208 - INFO - CDS - contig=contig_13, start=19191, stop=20090, strand=+, nt=[ATGGAACAGC..CCGGGCGTAA]
13:33:05.208 - INFO - CDS - contig=contig_13, start=20514, stop=21095, strand=+, nt=[ATGAGCGCAT..TCTGGCATGA]
13:33:05.208 - INFO - CDS - contig=contig_13, start=21092, stop=21397, strand=+, nt=[ATGAGCATCC..GGTGCGCTGA]
13:33:05.208 - INFO - CDS - contig=contig_13, start=21399, stop=22598, strand=+, nt=[ATGAGCATCC..GGTGTTGTAA]
13:33:05.208 - INFO - CDS - contig=contig_13, start=22600, stop=23529, strand=+, nt=[ATGGCATATA..CTGCGTGTAA]
13:33:05.208 - INFO - CDS - contig=contig_13, start=23615, stop=24070, strand=+, nt=[ATGCACCGTC..CGGCCTTTGA]
13:33:05.208 - INFO - CDS - contig=contig_13, start=24160, stop=25380, strand=+, nt=[ATGAAACAAG..CCGTCCCTGA]
13:33:05.208 - INFO - CDS - contig=contig_13, start=25463, stop=27904, strand=-, nt=[ATGAGCATGA..ACGAAATTAA]
13:33:05.208 - INFO - CDS - contig=contig_13, start=28124, stop=28414, strand=+, nt=[ATGGAATTGG..TTTGCCGTAA]
13:33:05.208 - INFO - CDS - contig=contig_13, start=28567, stop=29136, strand=+, nt=[ATGGAAAAGA..CCATCTTTAG]
13:33:05.208 - INFO - CDS - contig=contig_13, start=29214, stop=30158, strand=-, nt=[ATGAACTATC..ATTCCGCTGA]
13:33:05.208 - INFO - CDS - contig=contig_13, start=30253, stop=31341, strand=-, nt=[ATGAATCGGA..CAGCTGGTAG]
13:33:05.208 - INFO - CDS - contig=contig_13, start=31343, stop=32437, strand=-, nt=[TTGAAAATCC..GTGCGCCTGA]
13:33:05.208 - INFO - CDS - contig=contig_13, start=32515, stop=33060, strand=-, nt=[ATGGTGCTGC..TTTTTCTTAA]
13:33:05.208 - INFO - CDS - contig=contig_13, start=33374, stop=34618, strand=-, nt=[ATGAAACGGA..GGCGCCGTAA]
13:33:05.208 - INFO - CDS - contig=contig_13, start=34637, stop=35869, strand=-, nt=[ATGAAACGAA..GACGGGCTGA]
13:33:05.208 - INFO - CDS - contig=contig_13, start=36008, stop=36703, strand=+, nt=[TTGTACACTG..GAAGCTGTGA]
13:33:05.208 - INFO - CDS - contig=contig_13, start=36748, stop=38841, strand=+, nt=[ATGAAAAAAC..GTCCGCATAA]
13:33:05.208 - INFO - CDS - contig=contig_13, start=38962, stop=39873, strand=+, nt=[ATGTACGACA..GCCTGTGTAG]
13:33:05.208 - INFO - CDS - contig=contig_13, start=40057, stop=40926, strand=-, nt=[TTGTCAAACC..TCTCGACTGA]
13:33:05.208 - INFO - CDS - contig=contig_13, start=41031, stop=41624, strand=+, nt=[ATGGACTATC..TCAGGTATGA]
13:33:05.208 - INFO - CDS - contig=contig_13, start=41666, stop=42694, strand=-, nt=[ATGCAGCATG..TCGCTGGTGA]
13:33:05.208 - INFO - CDS - contig=contig_13, start=42805, stop=43992, strand=+, nt=[ATGTCCCGAC..TGTGTTATAA]
13:33:05.208 - INFO - CDS - contig=contig_13, start=44021, stop=44230, strand=+, nt=[ATGCTGTTTC..TTCCCTGTAA]
13:33:05.208 - INFO - CDS - contig=contig_13, start=44273, stop=44917, strand=-, nt=[ATGGAGCTGG..CGATCTGTAA]
13:33:05.208 - INFO - CDS - contig=contig_13, start=45587, stop=45820, strand=+, nt=[ATGACTTTAT..CACGCTATAG]
13:33:05.208 - INFO - CDS - contig=contig_13, start=45801, stop=46115, strand=+, nt=[ATGCCAGATA..GGCCGACTGA]
13:33:05.208 - INFO - CDS - contig=contig_13, start=46331, stop=47398, strand=-, nt=[ATGCCGAGCA..CGGGGTATAA]
13:33:05.208 - INFO - CDS - contig=contig_13, start=47468, stop=48337, strand=-, nt=[TTGCCTCTTA..CGTGGCCTGA]
13:33:05.208 - INFO - CDS - contig=contig_13, start=48804, stop=49880, strand=+, nt=[ATGGAAAAAA..ACGAGCGTGA]
13:33:05.208 - INFO - CDS - contig=contig_13, start=49933, stop=50310, strand=+, nt=[ATGAACATTC..GGAGGGCTGA]
13:33:05.208 - INFO - CDS - contig=contig_13, start=50316, stop=51620, strand=+, nt=[ATGGGAAGCT..GCTGGGCTGA]
13:33:05.208 - INFO - CDS - contig=contig_13, start=51620, stop=53041, strand=+, nt=[ATGGAACTCA..GGAGGGCTGA]
13:33:05.209 - INFO - CDS - contig=contig_13, start=53043, stop=54344, strand=+, nt=[ATGTACGATC..GACGCGCTGA]
13:33:05.209 - INFO - CDS - contig=contig_13, start=54431, stop=55600, strand=+, nt=[ATGCGCAAAC..AACGCCGTGA]
13:33:05.209 - INFO - CDS - contig=contig_13, start=55732, stop=56640, strand=+, nt=[ATGCCCCTGC..CCAATTCTGA]
13:33:05.209 - INFO - CDS - contig=contig_13, start=56737, stop=57270, strand=+, nt=[ATGTGGGAGT..GGCGGGCTGA]
13:33:05.209 - INFO - CDS - contig=contig_13, start=57335, stop=57796, strand=-, nt=[ATGGAGCCGC..CGATCCATAA]
13:33:05.209 - INFO - CDS - contig=contig_13, start=57783, stop=58385, strand=-, nt=[ATGAAAAAGA..AGCCGCGTGA]
13:33:05.209 - INFO - CDS - contig=contig_13, start=58580, stop=58996, strand=-, nt=[ATGGAGGTTC..CCGGGATTGA]
13:33:05.209 - INFO - CDS - contig=contig_13, start=59143, stop=59949, strand=-, nt=[ATGCCTTTGG..GCCCTTCTGA]
13:33:05.209 - INFO - CDS - contig=contig_13, start=60185, stop=61090, strand=-, nt=[GTGGACAGCA..ACTGGAATAA]
13:33:05.209 - INFO - CDS - contig=contig_13, start=61213, stop=62142, strand=+, nt=[TTGCTGTCCA..CGGATTCTAA]
13:33:05.209 - INFO - CDS - contig=contig_13, start=62238, stop=62831, strand=-, nt=[ATGTCCATTG..CTTTGAATAA]
13:33:05.209 - INFO - CDS - contig=contig_13, start=62938, stop=64155, strand=-, nt=[ATGAAAAAAA..GGAAGCGTGA]
13:33:05.209 - INFO - CDS - contig=contig_13, start=64385, stop=65704, strand=+, nt=[TTGTTTGACA..GCATCCATGA]
13:33:05.209 - INFO - CDS - contig=contig_13, start=66101, stop=67114, strand=+, nt=[ATGTTACAGA..CCTGCTGTAA]
13:33:05.209 - INFO - CDS - contig=contig_13, start=67388, stop=69094, strand=+, nt=[ATGAAAAAAT..CACCCTGTAA]
13:33:05.209 - INFO - CDS - contig=contig_13, start=69168, stop=70982, strand=-, nt=[ATGGAACTGT..AAAGGCCTGA]
13:33:05.209 - INFO - CDS - contig=contig_13, start=71423, stop=72877, strand=+, nt=[TTGAATTTTC..CAAATTTTAG]
13:33:05.209 - INFO - CDS - contig=contig_13, start=72886, stop=73884, strand=+, nt=[ATGAAGAACG..GGCATCCTGA]
13:33:05.209 - INFO - CDS - contig=contig_13, start=73979, stop=75463, strand=-, nt=[ATGGACAAGA..TCATAAATAG]
13:33:05.209 - INFO - CDS - contig=contig_13, start=75728, stop=76894, strand=-, nt=[ATGCAGACGC..GCGCCTGTGA]
13:33:05.209 - INFO - CDS - contig=contig_13, start=76958, stop=78340, strand=-, nt=[ATGGAACAGA..ACTAAAGTAA]
13:33:05.209 - INFO - CDS - contig=contig_13, start=78811, stop=79578, strand=+, nt=[ATGAAAATCA..CGTGGAGTAA]
13:33:05.209 - INFO - CDS - contig=contig_13, start=79627, stop=81603, strand=+, nt=[ATGAACGCCA..GTACGCCTAA]
13:33:05.209 - INFO - CDS - contig=contig_13, start=81686, stop=83020, strand=+, nt=[ATGCCTCAGG..CCGTTCCTGA]
13:33:05.252 - INFO - CDS - contig=contig_14, start=298, stop=1434, strand=-, frame=2, truncated=no, start-type=ATG, RBS-motif=AGxAGG/AGGxGG
13:33:05.252 - INFO - CDS - contig=contig_14, start=2006, stop=2851, strand=+, frame=2, truncated=no, start-type=ATG, RBS-motif=AGGAGG
13:33:05.252 - INFO - CDS - contig=contig_14, start=3025, stop=4563, strand=-, frame=2, truncated=no, start-type=TTG, RBS-motif=AGxAGG/AGGxGG
13:33:05.253 - INFO - CDS - contig=contig_14, start=4692, stop=5402, strand=+, frame=3, truncated=no, start-type=ATG, RBS-motif=GGAGG
13:33:05.253 - INFO - CDS - contig=contig_14, start=5798, stop=6574, strand=+, frame=2, truncated=no, start-type=ATG, RBS-motif=AGGAGG
13:33:05.253 - INFO - CDS - contig=contig_14, start=6608, stop=7456, strand=+, frame=2, truncated=no, start-type=ATG, RBS-motif=AGGAGG
13:33:05.253 - INFO - CDS - contig=contig_14, start=7558, stop=8718, strand=+, frame=1, truncated=no, start-type=ATG, RBS-motif=AGGAGG
13:33:05.253 - INFO - CDS - contig=contig_14, start=8745, stop=9545, strand=+, frame=3, truncated=no, start-type=ATG, RBS-motif=AGGAG/GGAGG
13:33:05.253 - INFO - CDS - contig=contig_14, start=9565, stop=10671, strand=+, frame=1, truncated=no, start-type=ATG, RBS-motif=AGGAG
13:33:05.253 - INFO - CDS - contig=contig_14, start=10727, stop=10969, strand=-, frame=1, truncated=no, start-type=ATG, RBS-motif=AGGAGG
13:33:05.253 - INFO - CDS - contig=contig_14, start=11236, stop=11508, strand=+, frame=1, truncated=no, start-type=ATG, RBS-motif=AGGAGG
13:33:05.253 - INFO - CDS - contig=contig_14, start=11628, stop=13040, strand=+, frame=3, truncated=no, start-type=TTG, RBS-motif=AGGAGG
13:33:05.253 - INFO - CDS - contig=contig_14, start=13083, stop=14093, strand=-, frame=3, truncated=no, start-type=ATG, RBS-motif=AGGAGG
13:33:05.253 - INFO - CDS - contig=contig_14, start=14238, stop=15026, strand=-, frame=3, truncated=no, start-type=ATG, RBS-motif=AGxAGG/AGGxGG
13:33:05.253 - INFO - CDS - contig=contig_14, start=15023, stop=16588, strand=-, frame=1, truncated=no, start-type=TTG, RBS-motif=GGA/GAG/AGG
13:33:05.253 - INFO - CDS - contig=contig_14, start=16681, stop=17946, strand=-, frame=2, truncated=no, start-type=ATG, RBS-motif=AGxAGG/AGGxGG
13:33:05.253 - INFO - CDS - contig=contig_14, start=18050, stop=19093, strand=-, frame=1, truncated=no, start-type=ATG, RBS-motif=GGAGG
13:33:05.253 - INFO - CDS - contig=contig_14, start=19153, stop=20196, strand=-, frame=2, truncated=no, start-type=ATG, RBS-motif=AGGAGG
13:33:05.253 - INFO - CDS - contig=contig_14, start=20450, stop=21271, strand=-, frame=1, truncated=no, start-type=ATG, RBS-motif=AGGAGG
13:33:05.254 - INFO - CDS - contig=contig_14, start=21672, stop=23159, strand=-, frame=3, truncated=no, start-type=ATG, RBS-motif=AGGAGG
13:33:05.254 - INFO - CDS - contig=contig_14, start=23162, stop=24160, strand=-, frame=1, truncated=no, start-type=TTG, RBS-motif=GGAGG
13:33:05.254 - INFO - CDS - contig=contig_14, start=24411, stop=24719, strand=-, frame=3, truncated=no, start-type=GTG, RBS-motif=GGxGG
13:33:05.254 - INFO - CDS - contig=contig_14, start=24856, stop=25239, strand=+, frame=1, truncated=no, start-type=ATG, RBS-motif=GGAG/GAGG
13:33:05.254 - INFO - CDS - contig=contig_14, start=25280, stop=26716, strand=+, frame=2, truncated=no, start-type=ATG, RBS-motif=GGAGG
13:33:05.254 - INFO - CDS - contig=contig_14, start=26800, stop=28140, strand=+, frame=1, truncated=no, start-type=ATG, RBS-motif=AGGAG
13:33:05.254 - INFO - CDS - contig=contig_14, start=28137, stop=28856, strand=+, frame=3, truncated=no, start-type=ATG, RBS-motif=AGGAGG
13:33:05.254 - INFO - CDS - contig=contig_14, start=29172, stop=30254, strand=-, frame=3, truncated=no, start-type=ATG, RBS-motif=GGAGG
13:33:05.254 - INFO - CDS - contig=contig_14, start=30498, stop=31919, strand=+, frame=3, truncated=no, start-type=ATG, RBS-motif=GGAG/GAGG
13:33:05.254 - INFO - CDS - contig=contig_14, start=32132, stop=32512, strand=-, frame=1, truncated=no, start-type=ATG, RBS-motif=AGGAGG
13:33:05.254 - INFO - CDS - contig=contig_14, start=32572, stop=34779, strand=-, frame=2, truncated=no, start-type=ATG, RBS-motif=AGGAG
13:33:05.254 - INFO - CDS - contig=contig_14, start=34915, stop=35862, strand=+, frame=1, truncated=no, start-type=ATG, RBS-motif=AGGAG
13:33:05.254 - INFO - CDS - contig=contig_14, start=35924, stop=36340, strand=-, frame=1, truncated=no, start-type=ATG, RBS-motif=AGGAGG
13:33:05.254 - INFO - CDS - contig=contig_14, start=36684, stop=37499, strand=+, frame=3, truncated=no, start-type=TTG, RBS-motif=GGAGG
13:33:05.254 - INFO - CDS - contig=contig_14, start=37631, stop=38074, strand=+, frame=2, truncated=no, start-type=ATG, RBS-motif=AGGA/GGAG/GAGG
13:33:05.254 - INFO - CDS - contig=contig_14, start=38215, stop=39963, strand=+, frame=1, truncated=no, start-type=ATG, RBS-motif=GGA/GAG/AGG
13:33:05.255 - INFO - CDS - contig=contig_14, start=40062, stop=41306, strand=+, frame=3, truncated=no, start-type=ATG, RBS-motif=AGGAG/GGAGG
13:33:05.255 - INFO - CDS - contig=contig_14, start=41560, stop=43893, strand=+, frame=1, truncated=no, start-type=ATG, RBS-motif=GGAG/GAGG
13:33:05.255 - INFO - CDS - contig=contig_14, start=43947, stop=44474, strand=+, frame=3, truncated=no, start-type=ATG, RBS-motif=GGAGG
13:33:05.255 - INFO - CDS - contig=contig_14, start=44774, stop=45391, strand=+, frame=2, truncated=no, start-type=ATG, RBS-motif=GGAGG
13:33:05.255 - INFO - CDS - contig=contig_14, start=45388, stop=46029, strand=+, frame=1, truncated=no, start-type=GTG, RBS-motif=GGAG/GAGG
13:33:05.255 - INFO - CDS - contig=contig_14, start=46035, stop=46865, strand=+, frame=3, truncated=no, start-type=ATG, RBS-motif=GGAG/GAGG
13:33:05.255 - INFO - CDS - contig=contig_14, start=48910, stop=49152, strand=-, frame=2, truncated=no, start-type=ATG, RBS-motif=AGGA/GGAG/GAGG
13:33:05.255 - INFO - CDS - contig=contig_14, start=49402, stop=49980, strand=+, frame=1, truncated=no, start-type=ATG, RBS-motif=AGGAGG
13:33:05.255 - INFO - CDS - contig=contig_14, start=49983, stop=50504, strand=+, frame=3, truncated=no, start-type=ATG, RBS-motif=GGAGG
13:33:05.255 - INFO - CDS - contig=contig_14, start=50564, stop=51676, strand=-, frame=1, truncated=no, start-type=ATG, RBS-motif=AGGAG
13:33:05.255 - INFO - CDS - contig=contig_14, start=51894, stop=53081, strand=+, frame=3, truncated=no, start-type=ATG, RBS-motif=AGGAG
13:33:05.255 - INFO - CDS - contig=contig_14, start=53109, stop=53549, strand=+, frame=3, truncated=no, start-type=ATG, RBS-motif=AGGAG
13:33:05.255 - INFO - CDS - contig=contig_14, start=53721, stop=54728, strand=+, frame=3, truncated=no, start-type=GTG, RBS-motif=AGGAG
13:33:05.255 - INFO - CDS - contig=contig_14, start=54721, stop=55476, strand=+, frame=1, truncated=no, start-type=ATG, RBS-motif=AGGAGG
13:33:05.255 - INFO - CDS - contig=contig_14, start=55951, stop=56823, strand=+, frame=1, truncated=no, start-type=ATG, RBS-motif=AGGAG
13:33:05.255 - INFO - CDS - contig=contig_14, start=56900, stop=57808, strand=+, frame=2, truncated=no, start-type=GTG, RBS-motif=AGGAGG
13:33:05.255 - INFO - CDS - contig=contig_14, start=58513, stop=58863, strand=+, frame=1, truncated=no, start-type=ATG, RBS-motif=AGGAGG
13:33:05.255 - INFO - CDS - contig=contig_14, start=58943, stop=62005, strand=-, frame=1, truncated=no, start-type=ATG, RBS-motif=AGGAGG
13:33:05.256 - INFO - CDS - contig=contig_14, start=62316, stop=63776, strand=-, frame=3, truncated=no, start-type=TTG, RBS-motif=GGAG/GAGG
13:33:05.256 - INFO - CDS - contig=contig_14, start=64006, stop=64947, strand=+, frame=1, truncated=no, start-type=ATG, RBS-motif=AGGAGG
13:33:05.256 - INFO - CDS - contig=contig_14, start=64997, stop=65218, strand=-, frame=1, truncated=no, start-type=ATG, RBS-motif=AGGAG
13:33:05.256 - INFO - CDS - contig=contig_14, start=65223, stop=65858, strand=-, frame=3, truncated=no, start-type=ATG, RBS-motif=GGAG/GAGG
13:33:05.256 - INFO - CDS - contig=contig_14, start=65869, stop=66513, strand=-, frame=2, truncated=no, start-type=ATG, RBS-motif=AGxAGG/AGGxGG
13:33:05.256 - INFO - CDS - contig=contig_14, start=66501, stop=67370, strand=-, frame=3, truncated=no, start-type=ATG, RBS-motif=GGAG/GAGG
13:33:05.256 - INFO - CDS - contig=contig_14, start=67370, stop=67747, strand=-, frame=1, truncated=no, start-type=ATG, RBS-motif=AGxAGG/AGGxGG
13:33:05.256 - INFO - CDS - contig=contig_14, start=67962, stop=68975, strand=-, frame=3, truncated=no, start-type=ATG, RBS-motif=AGGAG
13:33:05.256 - INFO - CDS - contig=contig_14, start=69264, stop=70058, strand=+, frame=3, truncated=no, start-type=TTG, RBS-motif=AGGAGG
13:33:05.256 - INFO - CDS - contig=contig_14, start=70339, stop=71514, strand=+, frame=1, truncated=no, start-type=ATG, RBS-motif=GGAG/GAGG
13:33:05.256 - INFO - CDS - contig=contig_14, start=71725, stop=72414, strand=+, frame=1, truncated=no, start-type=ATG, RBS-motif=AGGA
13:33:05.256 - INFO - CDS - contig=contig_14, start=72411, stop=73862, strand=+, frame=3, truncated=no, start-type=ATG, RBS-motif=GGAG/GAGG
13:33:05.256 - INFO - CDS - contig=contig_14, start=73872, stop=75059, strand=+, frame=3, truncated=no, start-type=ATG, RBS-motif=AGGAG
13:33:05.256 - INFO - CDS - contig=contig_14, start=75229, stop=76389, strand=+, frame=1, truncated=no, start-type=ATG, RBS-motif=GGA/GAG/AGG
13:33:05.256 - INFO - CDS - contig=contig_14, start=76639, stop=76890, strand=-, frame=2, truncated=no, start-type=ATG, RBS-motif=AGGAGG
13:33:05.256 - INFO - CDS - contig=contig_14, start=77204, stop=77590, strand=+, frame=2, truncated=no, start-type=ATG, RBS-motif=GGAGG
13:33:05.256 - INFO - CDS - contig=contig_14, start=77593, stop=77991, strand=+, frame=1, truncated=no, start-type=ATG, RBS-motif=GGAGG
13:33:05.257 - INFO - CDS - contig=contig_14, start=78132, stop=78677, strand=+, frame=3, truncated=no, start-type=ATG, RBS-motif=AGGAG
13:33:05.257 - INFO - CDS - contig=contig_14, start=298, stop=1434, strand=-, nt=[ATGGAAAAAA..AATTGTTTAA]
13:33:05.257 - INFO - CDS - contig=contig_14, start=2006, stop=2851, strand=+, nt=[ATGAAACGAG..GGAAGCGTAG]
13:33:05.257 - INFO - CDS - contig=contig_14, start=3025, stop=4563, strand=-, nt=[TTGAAACTCG..GCACGGGTAG]
13:33:05.257 - INFO - CDS - contig=contig_14, start=4692, stop=5402, strand=+, nt=[ATGCTGGCAA..GATAGGATAG]
13:33:05.257 - INFO - CDS - contig=contig_14, start=5798, stop=6574, strand=+, nt=[ATGGGATTTG..GAACAAGTAA]
13:33:05.257 - INFO - CDS - contig=contig_14, start=6608, stop=7456, strand=+, nt=[ATGAAGAAAG..CTCCAAGTAA]
13:33:05.257 - INFO - CDS - contig=contig_14, start=7558, stop=8718, strand=+, nt=[ATGGATCTGC..CGTGAACTAA]
13:33:05.257 - INFO - CDS - contig=contig_14, start=8745, stop=9545, strand=+, nt=[ATGAAAGCAA..CATCATCTAA]
13:33:05.257 - INFO - CDS - contig=contig_14, start=9565, stop=10671, strand=+, nt=[ATGGCTGAAT..AAGCAAGTAA]
13:33:05.257 - INFO - CDS - contig=contig_14, start=10727, stop=10969, strand=-, nt=[ATGCGCTTTT..GATCCGATAG]
13:33:05.257 - INFO - CDS - contig=contig_14, start=11236, stop=11508, strand=+, nt=[ATGAGGGAAC..CTGGCTTTGA]
13:33:05.257 - INFO - CDS - contig=contig_14, start=11628, stop=13040, strand=+, nt=[TTGAACGAGA..TGGGAATTGA]
13:33:05.257 - INFO - CDS - contig=contig_14, start=13083, stop=14093, strand=-, nt=[ATGAAACGCA..CGCCCAATAA]
13:33:05.257 - INFO - CDS - contig=contig_14, start=14238, stop=15026, strand=-, nt=[ATGAGTTCCG..GGATAAATAG]
13:33:05.257 - INFO - CDS - contig=contig_14, start=15023, stop=16588, strand=-, nt=[TTGGAATCCA..CGGCAAATGA]
13:33:05.257 - INFO - CDS - contig=contig_14, start=16681, stop=17946, strand=-, nt=[ATGATCGAAT..CCACGAATAA]
13:33:05.257 - INFO - CDS - contig=contig_14, start=18050, stop=19093, strand=-, nt=[ATGCAGAAAA..ATACGTCTGA]
13:33:05.257 - INFO - CDS - contig=contig_14, start=19153, stop=20196, strand=-, nt=[ATGCAGAAAA..GTACATCTAA]
13:33:05.257 - INFO - CDS - contig=contig_14, start=20450, stop=21271, strand=-, nt=[ATGGAAAAGC..GAACAAGTAA]
13:33:05.257 - INFO - CDS - contig=contig_14, start=21672, stop=23159, strand=-, nt=[ATGGAACTGA..CGACCTGTAG]
13:33:05.257 - INFO - CDS - contig=contig_14, start=23162, stop=24160, strand=-, nt=[TTGAAAAAGC..GGAGGAGTAA]
13:33:05.257 - INFO - CDS - contig=contig_14, start=24411, stop=24719, strand=-, nt=[GTGTTTGAAG..GAAGCGCTAG]
13:33:05.257 - INFO - CDS - contig=contig_14, start=24856, stop=25239, strand=+, nt=[ATGGACGTAA..GCGGGAATAA]
13:33:05.257 - INFO - CDS - contig=contig_14, start=25280, stop=26716, strand=+, nt=[ATGCCATCGA..GACGGAATGA]
13:33:05.257 - INFO - CDS - contig=contig_14, start=26800, stop=28140, strand=+, nt=[ATGAAAACCA..ACGGGCATGA]
13:33:05.257 - INFO - CDS - contig=contig_14, start=28137, stop=28856, strand=+, nt=[ATGAAAATCC..TGCGGAATAG]
13:33:05.258 - INFO - CDS - contig=contig_14, start=29172, stop=30254, strand=-, nt=[ATGCAGGCCC..CCGCCTGTAA]
13:33:05.258 - INFO - CDS - contig=contig_14, start=30498, stop=31919, strand=+, nt=[ATGCGGGTGT..GGGAACGTAA]
13:33:05.258 - INFO - CDS - contig=contig_14, start=32132, stop=32512, strand=-, nt=[ATGCTTTTGA..TGGGGAATAG]
13:33:05.258 - INFO - CDS - contig=contig_14, start=32572, stop=34779, strand=-, nt=[ATGGAAACTA..GGCGGTATGA]
13:33:05.258 - INFO - CDS - contig=contig_14, start=34915, stop=35862, strand=+, nt=[ATGCAAGCGC..GCAGGCATAA]
13:33:05.258 - INFO - CDS - contig=contig_14, start=35924, stop=36340, strand=-, nt=[ATGAAGCTGG..CAGCCTGTAA]
13:33:05.258 - INFO - CDS - contig=contig_14, start=36684, stop=37499, strand=+, nt=[TTGGACGAAC..CCGCTATTGA]
13:33:05.258 - INFO - CDS - contig=contig_14, start=37631, stop=38074, strand=+, nt=[ATGGAAAACA..GCAGCAGTGA]
13:33:05.258 - INFO - CDS - contig=contig_14, start=38215, stop=39963, strand=+, nt=[ATGTCAAACA..GAAGATGTAG]
13:33:05.258 - INFO - CDS - contig=contig_14, start=40062, stop=41306, strand=+, nt=[ATGGACACCA..CCTGCTTTAG]
13:33:05.258 - INFO - CDS - contig=contig_14, start=41560, stop=43893, strand=+, nt=[ATGCGCTTGC..CAGCGTATAA]
13:33:05.258 - INFO - CDS - contig=contig_14, start=43947, stop=44474, strand=+, nt=[ATGCGCATTG..GGAATCCTAA]
13:33:05.258 - INFO - CDS - contig=contig_14, start=44774, stop=45391, strand=+, nt=[ATGACCATTC..GCGCACGTGA]
13:33:05.258 - INFO - CDS - contig=contig_14, start=45388, stop=46029, strand=+, nt=[GTGAGCGGCA..CGAGAGGTGA]
13:33:05.258 - INFO - CDS - contig=contig_14, start=46035, stop=46865, strand=+, nt=[ATGGCCGGAA..CGGAACATAG]
13:33:05.258 - INFO - CDS - contig=contig_14, start=48910, stop=49152, strand=-, nt=[ATGAAATCCA..GGCGAAGTAA]
13:33:05.258 - INFO - CDS - contig=contig_14, start=49402, stop=49980, strand=+, nt=[ATGGCGATGG..GAGGAAGTAG]
13:33:05.258 - INFO - CDS - contig=contig_14, start=49983, stop=50504, strand=+, nt=[ATGGAACTGT..CTTCCATTAA]
13:33:05.258 - INFO - CDS - contig=contig_14, start=50564, stop=51676, strand=-, nt=[ATGGATAGAA..GGCCTCCTGA]
13:33:05.258 - INFO - CDS - contig=contig_14, start=51894, stop=53081, strand=+, nt=[ATGTCGCGAA..GGAACTGTAA]
13:33:05.258 - INFO - CDS - contig=contig_14, start=53109, stop=53549, strand=+, nt=[ATGCTGTATT..CTGCCGCTGA]
13:33:05.258 - INFO - CDS - contig=contig_14, start=53721, stop=54728, strand=+, nt=[GTGATTGAAC..CCATGCCTGA]
13:33:05.258 - INFO - CDS - contig=contig_14, start=54721, stop=55476, strand=+, nt=[ATGCCTGAGC..TCTCCAGTAA]
13:33:05.258 - INFO - CDS - contig=contig_14, start=55951, stop=56823, strand=+, nt=[ATGAAAAAAT..CGTATTCTAA]
13:33:05.258 - INFO - CDS - contig=contig_14, start=56900, stop=57808, strand=+, nt=[GTGAACGTTG..TCAAAGCTGA]
13:33:05.258 - INFO - CDS - contig=contig_14, start=58513, stop=58863, strand=+, nt=[ATGGCACAGT..GATTCCCTGA]
13:33:05.258 - INFO - CDS - contig=contig_14, start=58943, stop=62005, strand=-, nt=[ATGAGAAACC..TGCGATCTAA]
13:33:05.258 - INFO - CDS - contig=contig_14, start=62316, stop=63776, strand=-, nt=[TTGAAGGGAT..AGGGACCTGA]
13:33:05.258 - INFO - CDS - contig=contig_14, start=64006, stop=64947, strand=+, nt=[ATGGCATCGA..CAACTTCTGA]
13:33:05.258 - INFO - CDS - contig=contig_14, start=64997, stop=65218, strand=-, nt=[ATGCTGCATA..CTTCGGATAA]
13:33:05.259 - INFO - CDS - contig=contig_14, start=65223, stop=65858, strand=-, nt=[ATGTACGCGC..GGAGCTGTAA]
13:33:05.259 - INFO - CDS - contig=contig_14, start=65869, stop=66513, strand=-, nt=[ATGCGCGGAC..GGAGCTGTGA]
13:33:05.259 - INFO - CDS - contig=contig_14, start=66501, stop=67370, strand=-, nt=[ATGAACTACG..CGCGGACTGA]
13:33:05.259 - INFO - CDS - contig=contig_14, start=67370, stop=67747, strand=-, nt=[ATGGACATCA..CGAGTCATAA]
13:33:05.259 - INFO - CDS - contig=contig_14, start=67962, stop=68975, strand=-, nt=[ATGAGCATCA..CCACAAGTAA]
13:33:05.259 - INFO - CDS - contig=contig_14, start=69264, stop=70058, strand=+, nt=[TTGGAGCCGT..CGTGGAATAG]
13:33:05.259 - INFO - CDS - contig=contig_14, start=70339, stop=71514, strand=+, nt=[ATGACCGACT..CGGGCATTAG]
13:33:05.259 - INFO - CDS - contig=contig_14, start=71725, stop=72414, strand=+, nt=[ATGGCTAAAA..GGCTGGATGA]
13:33:05.259 - INFO - CDS - contig=contig_14, start=72411, stop=73862, strand=+, nt=[ATGAAAAGCC..GCTGGCCTGA]
13:33:05.259 - INFO - CDS - contig=contig_14, start=73872, stop=75059, strand=+, nt=[ATGCGCAATT..GGAGGACTGA]
13:33:05.259 - INFO - CDS - contig=contig_14, start=75229, stop=76389, strand=+, nt=[ATGCTGATTC..TCGGGATTAG]
13:33:05.259 - INFO - CDS - contig=contig_14, start=76639, stop=76890, strand=-, nt=[ATGGTCCTTA..CGCGCGCTGA]
13:33:05.259 - INFO - CDS - contig=contig_14, start=77204, stop=77590, strand=+, nt=[ATGCCGAGGC..AGGGAAATGA]
13:33:05.259 - INFO - CDS - contig=contig_14, start=77593, stop=77991, strand=+, nt=[ATGAAGATTG..CAGGTGCTAA]
13:33:05.259 - INFO - CDS - contig=contig_14, start=78132, stop=78677, strand=+, nt=[ATGAAGTTCG..CGATATCTGA]
13:33:05.259 - INFO - CDS - contig=contig_15, start=140, stop=1069, strand=-, frame=2, truncated=no, start-type=ATG, RBS-motif=GGA/GAG/AGG
13:33:05.259 - INFO - CDS - contig=contig_15, start=1418, stop=2308, strand=+, frame=2, truncated=no, start-type=GTG, RBS-motif=GGA/GAG/AGG
13:33:05.259 - INFO - CDS - contig=contig_15, start=2593, stop=3912, strand=-, frame=3, truncated=no, start-type=ATG, RBS-motif=AGGA
13:33:05.259 - INFO - CDS - contig=contig_15, start=3948, stop=5315, strand=-, frame=1, truncated=no, start-type=ATG, RBS-motif=AGGAGG
13:33:05.259 - INFO - CDS - contig=contig_15, start=5779, stop=5868, strand=+, frame=1, truncated=no, start-type=ATG, RBS-motif=AGGAG
13:33:05.259 - INFO - CDS - contig=contig_15, start=5892, stop=7139, strand=+, frame=3, truncated=no, start-type=ATG, RBS-motif=GGAG/GAGG
13:33:05.259 - INFO - CDS - contig=contig_15, start=7217, stop=8101, strand=-, frame=2, truncated=no, start-type=GTG, RBS-motif=AGGAGG
13:33:05.260 - INFO - CDS - contig=contig_15, start=8389, stop=8643, strand=-, frame=3, truncated=no, start-type=ATG, RBS-motif=AGxAGG/AGGxGG
13:33:05.260 - INFO - CDS - contig=contig_15, start=8716, stop=8877, strand=+, frame=1, truncated=no, start-type=ATG, RBS-motif=AGGAGG
13:33:05.260 - INFO - CDS - contig=contig_15, start=9535, stop=10539, strand=-, frame=3, truncated=no, start-type=ATG, RBS-motif=AGGAGG
13:33:05.260 - INFO - CDS - contig=contig_15, start=10543, stop=11520, strand=-, frame=3, truncated=no, start-type=GTG, RBS-motif=GGAGG
13:33:05.260 - INFO - CDS - contig=contig_15, start=11622, stop=12284, strand=-, frame=1, truncated=no, start-type=GTG, RBS-motif=GGAGG
13:33:05.260 - INFO - CDS - contig=contig_15, start=12562, stop=13002, strand=+, frame=1, truncated=no, start-type=ATG, RBS-motif=GGAGG
13:33:05.260 - INFO - CDS - contig=contig_15, start=13394, stop=13714, strand=+, frame=2, truncated=no, start-type=ATG, RBS-motif=AGGAGG
13:33:05.260 - INFO - CDS - contig=contig_15, start=13949, stop=16030, strand=+, frame=2, truncated=no, start-type=ATG, RBS-motif=GGAGG
13:33:05.260 - INFO - CDS - contig=contig_15, start=16044, stop=16487, strand=+, frame=3, truncated=no, start-type=ATG, RBS-motif=AGGAG
13:33:05.260 - INFO - CDS - contig=contig_15, start=16493, stop=17083, strand=+, frame=2, truncated=no, start-type=ATG, RBS-motif=GGA/GAG/AGG
13:33:05.260 - INFO - CDS - contig=contig_15, start=17106, stop=17948, strand=+, frame=3, truncated=no, start-type=GTG, RBS-motif=GGAGG
13:33:05.260 - INFO - CDS - contig=contig_15, start=18260, stop=18772, strand=+, frame=2, truncated=no, start-type=ATG, RBS-motif=AGGAGG
13:33:05.260 - INFO - CDS - contig=contig_15, start=18806, stop=20956, strand=+, frame=2, truncated=no, start-type=TTG, RBS-motif=GGAGG
13:33:05.260 - INFO - CDS - contig=contig_15, start=20971, stop=22827, strand=+, frame=1, truncated=no, start-type=ATG, RBS-motif=AGGA
13:33:05.260 - INFO - CDS - contig=contig_15, start=22951, stop=24099, strand=+, frame=1, truncated=no, start-type=ATG, RBS-motif=AGGAGG
13:33:05.260 - INFO - CDS - contig=contig_15, start=24140, stop=24406, strand=-, frame=2, truncated=no, start-type=ATG, RBS-motif=AGxAGG/AGGxGG
13:33:05.260 - INFO - CDS - contig=contig_15, start=24406, stop=24996, strand=-, frame=3, truncated=no, start-type=ATG, RBS-motif=GGAG/GAGG
13:33:05.261 - INFO - CDS - contig=contig_15, start=25127, stop=26401, strand=-, frame=2, truncated=no, start-type=TTG, RBS-motif=AGGAGG
13:33:05.261 - INFO - CDS - contig=contig_15, start=26753, stop=27640, strand=+, frame=2, truncated=no, start-type=ATG, RBS-motif=GGAG/GAGG
13:33:05.261 - INFO - CDS - contig=contig_15, start=27807, stop=29621, strand=+, frame=3, truncated=no, start-type=ATG, RBS-motif=AGGAGG
13:33:05.261 - INFO - CDS - contig=contig_15, start=29608, stop=30978, strand=+, frame=1, truncated=no, start-type=ATG, RBS-motif=AGGAGG
13:33:05.261 - INFO - CDS - contig=contig_15, start=31076, stop=31513, strand=-, frame=2, truncated=no, start-type=ATG, RBS-motif=AGGA/GGAG/GAGG
13:33:05.261 - INFO - CDS - contig=contig_15, start=31558, stop=31833, strand=-, frame=3, truncated=no, start-type=ATG, RBS-motif=AGGAGG
13:33:05.261 - INFO - CDS - contig=contig_15, start=32328, stop=32618, strand=-, frame=1, truncated=no, start-type=ATG, RBS-motif=AGxAGG/AGGxGG
13:33:05.261 - INFO - CDS - contig=contig_15, start=32682, stop=33227, strand=-, frame=1, truncated=no, start-type=ATG, RBS-motif=GGAGG
13:33:05.261 - INFO - CDS - contig=contig_15, start=33359, stop=34345, strand=+, frame=2, truncated=no, start-type=GTG, RBS-motif=AGGAGG
13:33:05.261 - INFO - CDS - contig=contig_15, start=34617, stop=35660, strand=+, frame=3, truncated=no, start-type=ATG, RBS-motif=GGAG/GAGG
13:33:05.261 - INFO - CDS - contig=contig_15, start=35751, stop=36302, strand=-, frame=1, truncated=no, start-type=ATG, RBS-motif=AGGAGG
13:33:05.261 - INFO - CDS - contig=contig_15, start=36515, stop=38062, strand=-, frame=2, truncated=no, start-type=ATG, RBS-motif=AGGAG(G)/GGAGG
13:33:05.261 - INFO - CDS - contig=contig_15, start=38378, stop=39295, strand=+, frame=2, truncated=no, start-type=ATG, RBS-motif=AGxAGG/AGGxGG
13:33:05.261 - INFO - CDS - contig=contig_15, start=39375, stop=40214, strand=-, frame=1, truncated=no, start-type=ATG, RBS-motif=AGGAG
13:33:05.261 - INFO - CDS - contig=contig_15, start=40674, stop=41711, strand=-, frame=1, truncated=no, start-type=ATG, RBS-motif=AGGAG
13:33:05.261 - INFO - CDS - contig=contig_15, start=41793, stop=42269, strand=+, frame=3, truncated=no, start-type=ATG, RBS-motif=GGAG/GAGG
13:33:05.262 - INFO - CDS - contig=contig_15, start=42360, stop=43202, strand=+, frame=3, truncated=no, start-type=ATG, RBS-motif=AGGAG
13:33:05.262 - INFO - CDS - contig=contig_15, start=43383, stop=45548, strand=-, frame=1, truncated=no, start-type=ATG, RBS-motif=None
13:33:05.262 - INFO - CDS - contig=contig_15, start=45622, stop=46374, strand=-, frame=3, truncated=no, start-type=ATG, RBS-motif=AGGAG
13:33:05.262 - INFO - CDS - contig=contig_15, start=46695, stop=48770, strand=+, frame=3, truncated=no, start-type=ATG, RBS-motif=AGGAGG
13:33:05.262 - INFO - CDS - contig=contig_15, start=48862, stop=49191, strand=-, frame=3, truncated=no, start-type=TTG, RBS-motif=GGA/GAG/AGG
13:33:05.262 - INFO - CDS - contig=contig_15, start=49272, stop=51341, strand=+, frame=3, truncated=no, start-type=ATG, RBS-motif=AGGAG(G)/GGAGG
13:33:05.262 - INFO - CDS - contig=contig_15, start=51388, stop=53613, strand=+, frame=1, truncated=no, start-type=ATG, RBS-motif=GGAGG
13:33:05.262 - INFO - CDS - contig=contig_15, start=53742, stop=53954, strand=+, frame=3, truncated=no, start-type=ATG, RBS-motif=AGGAG
13:33:05.262 - INFO - CDS - contig=contig_15, start=53944, stop=55152, strand=+, frame=1, truncated=no, start-type=ATG, RBS-motif=AGxAGG/AGGxGG
13:33:05.262 - INFO - CDS - contig=contig_15, start=55149, stop=55853, strand=+, frame=3, truncated=no, start-type=ATG, RBS-motif=GGAG/GAGG
13:33:05.262 - INFO - CDS - contig=contig_15, start=55910, stop=57430, strand=+, frame=2, truncated=no, start-type=ATG, RBS-motif=GGxGG
13:33:05.262 - INFO - CDS - contig=contig_15, start=57427, stop=58254, strand=+, frame=1, truncated=no, start-type=ATG, RBS-motif=4Base/6BMM
13:33:05.262 - INFO - CDS - contig=contig_15, start=58312, stop=58746, strand=+, frame=1, truncated=no, start-type=ATG, RBS-motif=AGxAGG/AGGxGG
13:33:05.262 - INFO - CDS - contig=contig_15, start=58787, stop=60190, strand=-, frame=2, truncated=no, start-type=ATG, RBS-motif=GGA/GAG/AGG
13:33:05.263 - INFO - CDS - contig=contig_15, start=60406, stop=61422, strand=-, frame=3, truncated=no, start-type=ATG, RBS-motif=GGAGG
13:33:05.263 - INFO - CDS - contig=contig_15, start=61612, stop=62979, strand=+, frame=1, truncated=no, start-type=ATG, RBS-motif=AGGAG
13:33:05.263 - INFO - CDS - contig=contig_15, start=63264, stop=63965, strand=-, frame=1, truncated=no, start-type=ATG, RBS-motif=AGGAGG
13:33:05.263 - INFO - CDS - contig=contig_15, start=63966, stop=65099, strand=-, frame=1, truncated=no, start-type=GTG, RBS-motif=AGGAGG
13:33:05.263 - INFO - CDS - contig=contig_15, start=65110, stop=66141, strand=-, frame=3, truncated=no, start-type=GTG, RBS-motif=None
13:33:05.263 - INFO - CDS - contig=contig_15, start=66166, stop=66648, strand=-, frame=3, truncated=no, start-type=ATG, RBS-motif=GGAGG
13:33:05.263 - INFO - CDS - contig=contig_15, start=66851, stop=67666, strand=+, frame=2, truncated=no, start-type=ATG, RBS-motif=AGGAGG
13:33:05.263 - INFO - CDS - contig=contig_15, start=140, stop=1069, strand=-, nt=[ATGCGGGAGA..CGGGGCCTGA]
13:33:05.263 - INFO - CDS - contig=contig_15, start=1418, stop=2308, strand=+, nt=[GTGAACGACC..TCCTGACTAA]
13:33:05.263 - INFO - CDS - contig=contig_15, start=2593, stop=3912, strand=-, nt=[ATGAACATAA..TCTGGCCTGA]
13:33:05.263 - INFO - CDS - contig=contig_15, start=3948, stop=5315, strand=-, nt=[ATGGGTATAC..GCTGGACTGA]
13:33:05.263 - INFO - CDS - contig=contig_15, start=5779, stop=5868, strand=+, nt=[ATGACAAAAA..CGGGTCCTAA]
13:33:05.263 - INFO - CDS - contig=contig_15, start=5892, stop=7139, strand=+, nt=[ATGTACGAAA..GCTGCAGTAA]
13:33:05.263 - INFO - CDS - contig=contig_15, start=7217, stop=8101, strand=-, nt=[GTGAACCTGA..GGAGGCCTGA]
13:33:05.263 - INFO - CDS - contig=contig_15, start=8389, stop=8643, strand=-, nt=[ATGTGTTTTC..AAATAAATAG]
13:33:05.263 - INFO - CDS - contig=contig_15, start=8716, stop=8877, strand=+, nt=[ATGAAGAAAA..AGATAAATAA]
13:33:05.263 - INFO - CDS - contig=contig_15, start=9535, stop=10539, strand=-, nt=[ATGGCCTACG..GCGGCTGTAA]
13:33:05.263 - INFO - CDS - contig=contig_15, start=10543, stop=11520, strand=-, nt=[GTGGCACAGG..GGGGGGATAA]
13:33:05.263 - INFO - CDS - contig=contig_15, start=11622, stop=12284, strand=-, nt=[GTGGAGAACA..AAAGCAGTAG]
13:33:05.263 - INFO - CDS - contig=contig_15, start=12562, stop=13002, strand=+, nt=[ATGTTGCCCA..AATCGAATAA]
13:33:05.264 - INFO - CDS - contig=contig_15, start=13394, stop=13714, strand=+, nt=[ATGAAGAACC..GGCCAAATAG]
13:33:05.264 - INFO - CDS - contig=contig_15, start=13949, stop=16030, strand=+, nt=[ATGTTAGAGC..CGTAGAATAA]
13:33:05.264 - INFO - CDS - contig=contig_15, start=16044, stop=16487, strand=+, nt=[ATGCAGATGA..GGGGAAGTGA]
13:33:05.264 - INFO - CDS - contig=contig_15, start=16493, stop=17083, strand=+, nt=[ATGGGCATCG..CGAGCTGTGA]
13:33:05.264 - INFO - CDS - contig=contig_15, start=17106, stop=17948, strand=+, nt=[GTGAAAGACT..CGTGGAGTGA]
13:33:05.264 - INFO - CDS - contig=contig_15, start=18260, stop=18772, strand=+, nt=[ATGACCCGCA..CGTGCTGTAG]
13:33:05.264 - INFO - CDS - contig=contig_15, start=18806, stop=20956, strand=+, nt=[TTGGAAGGAA..CCTGCGCTGA]
13:33:05.264 - INFO - CDS - contig=contig_15, start=20971, stop=22827, strand=+, nt=[ATGACGGATA..CGTGGTATAA]
13:33:05.264 - INFO - CDS - contig=contig_15, start=22951, stop=24099, strand=+, nt=[ATGATTCGGA..CGCATCCTGA]
13:33:05.264 - INFO - CDS - contig=contig_15, start=24140, stop=24406, strand=-, nt=[ATGGATTACG..CGGCGGTTAG]
13:33:05.264 - INFO - CDS - contig=contig_15, start=24406, stop=24996, strand=-, nt=[ATGAAAATGA..CACCCTCTGA]
13:33:05.264 - INFO - CDS - contig=contig_15, start=25127, stop=26401, strand=-, nt=[TTGAACGCAC..CCGCAACTAA]
13:33:05.264 - INFO - CDS - contig=contig_15, start=26753, stop=27640, strand=+, nt=[ATGAACCTGG..GAAAAAATGA]
13:33:05.264 - INFO - CDS - contig=contig_15, start=27807, stop=29621, strand=+, nt=[ATGGAAGCGC..AGAAGATTGA]
13:33:05.264 - INFO - CDS - contig=contig_15, start=29608, stop=30978, strand=+, nt=[ATGAAGAAGA..CGGGTATTGA]
13:33:05.264 - INFO - CDS - contig=contig_15, start=31076, stop=31513, strand=-, nt=[ATGGAGTTCG..GCGCAAGTAA]
13:33:05.264 - INFO - CDS - contig=contig_15, start=31558, stop=31833, strand=-, nt=[ATGAAAACCA..CACCAATTAG]
13:33:05.264 - INFO - CDS - contig=contig_15, start=32328, stop=32618, strand=-, nt=[ATGCCGTATG..GTTCCGCTGA]
13:33:05.264 - INFO - CDS - contig=contig_15, start=32682, stop=33227, strand=-, nt=[ATGAGGAACC..GCAGGCGTAA]
13:33:05.264 - INFO - CDS - contig=contig_15, start=33359, stop=34345, strand=+, nt=[GTGCTGCGGG..CTATGAATAG]
13:33:05.264 - INFO - CDS - contig=contig_15, start=34617, stop=35660, strand=+, nt=[ATGGGAACCT..GCTGAACTGA]
13:33:05.264 - INFO - CDS - contig=contig_15, start=35751, stop=36302, strand=-, nt=[ATGGCGGCAG..GATTGATTGA]
13:33:05.264 - INFO - CDS - contig=contig_15, start=36515, stop=38062, strand=-, nt=[ATGCTGCCGT..CGCGAAATAA]
13:33:05.264 - INFO - CDS - contig=contig_15, start=38378, stop=39295, strand=+, nt=[ATGAGCAAGC..ATATGTTTGA]
13:33:05.264 - INFO - CDS - contig=contig_15, start=39375, stop=40214, strand=-, nt=[ATGCGCAAAC..CTACGGATGA]
13:33:05.264 - INFO - CDS - contig=contig_15, start=40674, stop=41711, strand=-, nt=[ATGCATCTGG..GTGCGCATAA]
13:33:05.264 - INFO - CDS - contig=contig_15, start=41793, stop=42269, strand=+, nt=[ATGGCGGAAG..GGGGAAATAA]
13:33:05.264 - INFO - CDS - contig=contig_15, start=42360, stop=43202, strand=+, nt=[ATGAACCAAA..GCTGGACTGA]
13:33:05.264 - INFO - CDS - contig=contig_15, start=43383, stop=45548, strand=-, nt=[ATGGCAAAGG..CCGGTATTGA]
13:33:05.264 - INFO - CDS - contig=contig_15, start=45622, stop=46374, strand=-, nt=[ATGGAGGCCC..GATGCTCTGA]
13:33:05.264 - INFO - CDS - contig=contig_15, start=46695, stop=48770, strand=+, nt=[ATGCCCGATA..AACGGAATAA]
13:33:05.264 - INFO - CDS - contig=contig_15, start=48862, stop=49191, strand=-, nt=[TTGGACATTT..ATATCTTTGA]
13:33:05.265 - INFO - CDS - contig=contig_15, start=49272, stop=51341, strand=+, nt=[ATGAAATATA..GGAACCTTAA]
13:33:05.265 - INFO - CDS - contig=contig_15, start=51388, stop=53613, strand=+, nt=[ATGGACCCCA..CGCGGGATGA]
13:33:05.265 - INFO - CDS - contig=contig_15, start=53742, stop=53954, strand=+, nt=[ATGACTACAA..TGGCAACTGA]
13:33:05.265 - INFO - CDS - contig=contig_15, start=53944, stop=55152, strand=+, nt=[ATGGCAACTG..GGCGAAATGA]
13:33:05.265 - INFO - CDS - contig=contig_15, start=55149, stop=55853, strand=+, nt=[ATGAGCGAAC..CATGGTATAG]
13:33:05.265 - INFO - CDS - contig=contig_15, start=55910, stop=57430, strand=+, nt=[ATGATGGACC..CGGGCGATGA]
13:33:05.265 - INFO - CDS - contig=contig_15, start=57427, stop=58254, strand=+, nt=[ATGACCGCTC..GCAGGAATAA]
13:33:05.265 - INFO - CDS - contig=contig_15, start=58312, stop=58746, strand=+, nt=[ATGCAAGTAC..CTACCCCTGA]
13:33:05.265 - INFO - CDS - contig=contig_15, start=58787, stop=60190, strand=-, nt=[ATGAGTACAC..GCAGGGATAA]
13:33:05.265 - INFO - CDS - contig=contig_15, start=60406, stop=61422, strand=-, nt=[ATGAAACAGG..CGCTGGGTGA]
13:33:05.265 - INFO - CDS - contig=contig_15, start=61612, stop=62979, strand=+, nt=[ATGCAGAATG..TCAGCGGTAA]
13:33:05.265 - INFO - CDS - contig=contig_15, start=63264, stop=63965, strand=-, nt=[ATGGAGCAAC..GCTGTTTTGA]
13:33:05.265 - INFO - CDS - contig=contig_15, start=63966, stop=65099, strand=-, nt=[GTGAGGCGGA..GGAGGATTAA]
13:33:05.265 - INFO - CDS - contig=contig_15, start=65110, stop=66141, strand=-, nt=[GTGTTCGATA..CAGGGGATAA]
13:33:05.265 - INFO - CDS - contig=contig_15, start=66166, stop=66648, strand=-, nt=[ATGAACGATT..GGTATACTGA]
13:33:05.265 - INFO - CDS - contig=contig_15, start=66851, stop=67666, strand=+, nt=[ATGAAACGAG..CTTGCTCTAG]
13:33:05.293 - INFO - CDS - contig=contig_16, start=224, stop=829, strand=-, frame=3, truncated=no, start-type=ATG, RBS-motif=None
13:33:05.294 - INFO - CDS - contig=contig_16, start=826, stop=1425, strand=-, frame=1, truncated=no, start-type=TTG, RBS-motif=GGAG/GAGG
13:33:05.294 - INFO - CDS - contig=contig_16, start=1481, stop=3745, strand=-, frame=3, truncated=no, start-type=ATG, RBS-motif=GGAGG
13:33:05.294 - INFO - CDS - contig=contig_16, start=3742, stop=4836, strand=-, frame=1, truncated=no, start-type=ATG, RBS-motif=AGGA
13:33:05.294 - INFO - CDS - contig=contig_16, start=4920, stop=5699, strand=-, frame=2, truncated=no, start-type=ATG, RBS-motif=AGGAGG
13:33:05.294 - INFO - CDS - contig=contig_16, start=5989, stop=6105, strand=-, frame=1, truncated=no, start-type=GTG, RBS-motif=AGGA/GGAG/GAGG
13:33:05.294 - INFO - CDS - contig=contig_16, start=6177, stop=7889, strand=-, frame=2, truncated=no, start-type=ATG, RBS-motif=AGGAGG
13:33:05.294 - INFO - CDS - contig=contig_16, start=7926, stop=8081, strand=-, frame=2, truncated=no, start-type=ATG, RBS-motif=GGAGG
13:33:05.294 - INFO - CDS - contig=contig_16, start=8131, stop=9051, strand=-, frame=1, truncated=no, start-type=ATG, RBS-motif=AGGAG/GGAGG
13:33:05.294 - INFO - CDS - contig=contig_16, start=9027, stop=9545, strand=-, frame=2, truncated=no, start-type=ATG, RBS-motif=4Base/6BMM
13:33:05.294 - INFO - CDS - contig=contig_16, start=10120, stop=11397, strand=+, frame=1, truncated=no, start-type=ATG, RBS-motif=GGAG/GAGG
13:33:05.294 - INFO - CDS - contig=contig_16, start=11968, stop=12312, strand=-, frame=1, truncated=no, start-type=GTG, RBS-motif=GGAG/GAGG
13:33:05.294 - INFO - CDS - contig=contig_16, start=12328, stop=13608, strand=-, frame=1, truncated=no, start-type=TTG, RBS-motif=AGGAGG
13:33:05.294 - INFO - CDS - contig=contig_16, start=13727, stop=15124, strand=+, frame=2, truncated=no, start-type=ATG, RBS-motif=GGAGG
13:33:05.294 - INFO - CDS - contig=contig_16, start=15163, stop=16485, strand=-, frame=1, truncated=no, start-type=ATG, RBS-motif=AGGAG
13:33:05.294 - INFO - CDS - contig=contig_16, start=16546, stop=16833, strand=-, frame=1, truncated=no, start-type=GTG, RBS-motif=AGGAGG
13:33:05.295 - INFO - CDS - contig=contig_16, start=16867, stop=18090, strand=-, frame=1, truncated=no, start-type=ATG, RBS-motif=GGAGG
13:33:05.295 - INFO - CDS - contig=contig_16, start=18109, stop=19356, strand=-, frame=1, truncated=no, start-type=ATG, RBS-motif=AGGAGG
13:33:05.295 - INFO - CDS - contig=contig_16, start=19732, stop=20976, strand=+, frame=1, truncated=no, start-type=ATG, RBS-motif=AGGAGG
13:33:05.295 - INFO - CDS - contig=contig_16, start=21004, stop=22236, strand=+, frame=1, truncated=no, start-type=ATG, RBS-motif=AGGAGG
13:33:05.295 - INFO - CDS - contig=contig_16, start=22264, stop=23424, strand=+, frame=1, truncated=no, start-type=ATG, RBS-motif=AGGAG
13:33:05.295 - INFO - CDS - contig=contig_16, start=23438, stop=24346, strand=+, frame=2, truncated=no, start-type=GTG, RBS-motif=AGGAGG
13:33:05.295 - INFO - CDS - contig=contig_16, start=24377, stop=25219, strand=+, frame=2, truncated=no, start-type=ATG, RBS-motif=AGGAGG
13:33:05.295 - INFO - CDS - contig=contig_16, start=25232, stop=25837, strand=+, frame=2, truncated=no, start-type=ATG, RBS-motif=AGxAGG/AGGxGG
13:33:05.295 - INFO - CDS - contig=contig_16, start=25850, stop=27019, strand=+, frame=2, truncated=no, start-type=ATG, RBS-motif=AGGAGG
13:33:05.295 - INFO - CDS - contig=contig_16, start=27081, stop=28394, strand=+, frame=3, truncated=no, start-type=ATG, RBS-motif=AGGAG
13:33:05.295 - INFO - CDS - contig=contig_16, start=28605, stop=28715, strand=-, frame=2, truncated=no, start-type=ATG, RBS-motif=AGGAG
13:33:05.295 - INFO - CDS - contig=contig_16, start=29154, stop=29684, strand=+, frame=3, truncated=no, start-type=ATG, RBS-motif=GGAGG
13:33:05.295 - INFO - CDS - contig=contig_16, start=29681, stop=31435, strand=+, frame=2, truncated=no, start-type=ATG, RBS-motif=AGGAGG
13:33:05.295 - INFO - CDS - contig=contig_16, start=31452, stop=34940, strand=+, frame=3, truncated=no, start-type=ATG, RBS-motif=GGAGG
13:33:05.295 - INFO - CDS - contig=contig_16, start=35198, stop=35758, strand=+, frame=2, truncated=no, start-type=ATG, RBS-motif=GGA/GAG/AGG
13:33:05.295 - INFO - CDS - contig=contig_16, start=35949, stop=36521, strand=+, frame=3, truncated=no, start-type=ATG, RBS-motif=AGGAG
13:33:05.295 - INFO - CDS - contig=contig_16, start=36651, stop=37823, strand=+, frame=3, truncated=no, start-type=ATG, RBS-motif=AGGA
13:33:05.296 - INFO - CDS - contig=contig_16, start=37833, stop=38861, strand=+, frame=3, truncated=no, start-type=ATG, RBS-motif=GGAG/GAGG
13:33:05.296 - INFO - CDS - contig=contig_16, start=39020, stop=39343, strand=+, frame=2, truncated=no, start-type=ATG, RBS-motif=None
13:33:05.296 - INFO - CDS - contig=contig_16, start=39385, stop=40209, strand=-, frame=1, truncated=no, start-type=GTG, RBS-motif=GGA/GAG/AGG
13:33:05.296 - INFO - CDS - contig=contig_16, start=40206, stop=41648, strand=-, frame=2, truncated=no, start-type=ATG, RBS-motif=AGGAGG
13:33:05.296 - INFO - CDS - contig=contig_16, start=41884, stop=42198, strand=-, frame=1, truncated=no, start-type=ATG, RBS-motif=None
13:33:05.296 - INFO - CDS - contig=contig_16, start=42246, stop=42749, strand=-, frame=2, truncated=no, start-type=ATG, RBS-motif=AGGAG
13:33:05.296 - INFO - CDS - contig=contig_16, start=42784, stop=43572, strand=-, frame=1, truncated=no, start-type=ATG, RBS-motif=AGGAG/GGAGG
13:33:05.296 - INFO - CDS - contig=contig_16, start=43701, stop=44579, strand=+, frame=3, truncated=no, start-type=GTG, RBS-motif=AGGAGG
13:33:05.296 - INFO - CDS - contig=contig_16, start=45225, stop=46820, strand=+, frame=3, truncated=no, start-type=ATG, RBS-motif=AGxAGG/AGGxGG
13:33:05.296 - INFO - CDS - contig=contig_16, start=46880, stop=48691, strand=+, frame=2, truncated=no, start-type=ATG, RBS-motif=AGGAG
13:33:05.296 - INFO - CDS - contig=contig_16, start=48962, stop=49801, strand=+, frame=2, truncated=no, start-type=ATG, RBS-motif=AGGAG/GGAGG
13:33:05.296 - INFO - CDS - contig=contig_16, start=49927, stop=50790, strand=+, frame=1, truncated=no, start-type=ATG, RBS-motif=GGAGG
13:33:05.296 - INFO - CDS - contig=contig_16, start=50837, stop=52111, strand=+, frame=2, truncated=no, start-type=ATG, RBS-motif=GGA/GAG/AGG
13:33:05.296 - INFO - CDS - contig=contig_16, start=52234, stop=53535, strand=+, frame=1, truncated=no, start-type=ATG, RBS-motif=AGGA
13:33:05.296 - INFO - CDS - contig=contig_16, start=53677, stop=54846, strand=-, frame=1, truncated=no, start-type=ATG, RBS-motif=AGGA
13:33:05.296 - INFO - CDS - contig=contig_16, start=55020, stop=55523, strand=+, frame=3, truncated=no, start-type=TTG, RBS-motif=GGA/GAG/AGG
13:33:05.297 - INFO - CDS - contig=contig_16, start=55526, stop=56110, strand=+, frame=2, truncated=no, start-type=ATG, RBS-motif=GGAG/GAGG
13:33:05.297 - INFO - CDS - contig=contig_16, start=56230, stop=57159, strand=-, frame=1, truncated=no, start-type=ATG, RBS-motif=GGAGG
13:33:05.297 - INFO - CDS - contig=contig_16, start=57367, stop=58908, strand=-, frame=1, truncated=no, start-type=ATG, RBS-motif=GGAGG
13:33:05.297 - INFO - CDS - contig=contig_16, start=59112, stop=59702, strand=-, frame=2, truncated=no, start-type=ATG, RBS-motif=AGGAGG
13:33:05.297 - INFO - CDS - contig=contig_16, start=60026, stop=61366, strand=+, frame=2, truncated=no, start-type=ATG, RBS-motif=AGGAGG
13:33:05.297 - INFO - CDS - contig=contig_16, start=61540, stop=62391, strand=+, frame=1, truncated=no, start-type=ATG, RBS-motif=AGGAGG
13:33:05.297 - INFO - CDS - contig=contig_16, start=62391, stop=63239, strand=+, frame=3, truncated=no, start-type=ATG, RBS-motif=GGAGG
13:33:05.297 - INFO - CDS - contig=contig_16, start=63272, stop=64291, strand=+, frame=2, truncated=no, start-type=ATG, RBS-motif=GGAGG
13:33:05.297 - INFO - CDS - contig=contig_16, start=64297, stop=65808, strand=+, frame=1, truncated=no, start-type=GTG, RBS-motif=GGA/GAG/AGG
13:33:05.297 - INFO - CDS - contig=contig_16, start=66274, stop=67452, strand=+, frame=1, truncated=no, start-type=ATG, RBS-motif=AGxAGG/AGGxGG
13:33:05.297 - INFO - CDS - contig=contig_16, start=224, stop=829, strand=-, nt=[ATGAAGGGCT..TTTGTTATGA]
13:33:05.297 - INFO - CDS - contig=contig_16, start=826, stop=1425, strand=-, nt=[TTGGCAAAAA..GACCGTATGA]
13:33:05.297 - INFO - CDS - contig=contig_16, start=1481, stop=3745, strand=-, nt=[ATGATCATCC..GCATTCCTGA]
13:33:05.297 - INFO - CDS - contig=contig_16, start=3742, stop=4836, strand=-, nt=[ATGCTGACCA..TGTGCCATGA]
13:33:05.297 - INFO - CDS - contig=contig_16, start=4920, stop=5699, strand=-, nt=[ATGATCCTGA..GCACGGCTGA]
13:33:05.297 - INFO - CDS - contig=contig_16, start=5989, stop=6105, strand=-, nt=[GTGGGCGTCA..CATGAAGTAA]
13:33:05.297 - INFO - CDS - contig=contig_16, start=6177, stop=7889, strand=-, nt=[ATGAGAACCG..TTCGGCGTGA]
13:33:05.297 - INFO - CDS - contig=contig_16, start=7926, stop=8081, strand=-, nt=[ATGGAACAGC..GGTCATATAA]
13:33:05.297 - INFO - CDS - contig=contig_16, start=8131, stop=9051, strand=-, nt=[ATGGCAAAAT..TGGGAAATAA]
13:33:05.297 - INFO - CDS - contig=contig_16, start=9027, stop=9545, strand=-, nt=[ATGACCGATA..CAAAACTTAG]
13:33:05.298 - INFO - CDS - contig=contig_16, start=10120, stop=11397, strand=+, nt=[ATGGACAAGC..AATGGCATAA]
13:33:05.298 - INFO - CDS - contig=contig_16, start=11968, stop=12312, strand=-, nt=[GTGAACGGCG..GGACGAGTAA]
13:33:05.298 - INFO - CDS - contig=contig_16, start=12328, stop=13608, strand=-, nt=[TTGTCTGAGA..GAACGGGTAG]
13:33:05.298 - INFO - CDS - contig=contig_16, start=13727, stop=15124, strand=+, nt=[ATGCAGGAAC..AGGTGCTTGA]
13:33:05.298 - INFO - CDS - contig=contig_16, start=15163, stop=16485, strand=-, nt=[ATGGCATTTC..CTGGGGCTGA]
13:33:05.298 - INFO - CDS - contig=contig_16, start=16546, stop=16833, strand=-, nt=[GTGGAAGGAA..CGGTATTTAA]
13:33:05.298 - INFO - CDS - contig=contig_16, start=16867, stop=18090, strand=-, nt=[ATGCCTTTTG..CCAGGCGTAG]
13:33:05.298 - INFO - CDS - contig=contig_16, start=18109, stop=19356, strand=-, nt=[ATGCCTTTTT..TCCGTATTAA]
13:33:05.298 - INFO - CDS - contig=contig_16, start=19732, stop=20976, strand=+, nt=[ATGCCCTTTG..CCCGCTCTGA]
13:33:05.298 - INFO - CDS - contig=contig_16, start=21004, stop=22236, strand=+, nt=[ATGCCCTATT..GGGACAGTAG]
13:33:05.298 - INFO - CDS - contig=contig_16, start=22264, stop=23424, strand=+, nt=[ATGGAATTGC..AGAGCGTTAA]
13:33:05.298 - INFO - CDS - contig=contig_16, start=23438, stop=24346, strand=+, nt=[GTGAAAATCG..TAAAATCTGA]
13:33:05.298 - INFO - CDS - contig=contig_16, start=24377, stop=25219, strand=+, nt=[ATGGCAAAGA..CAAACACTGA]
13:33:05.298 - INFO - CDS - contig=contig_16, start=25232, stop=25837, strand=+, nt=[ATGGAAAAAA..GGGCGAATAG]
13:33:05.298 - INFO - CDS - contig=contig_16, start=25850, stop=27019, strand=+, nt=[ATGAAAAAGA..GGCCCTATAA]
13:33:05.298 - INFO - CDS - contig=contig_16, start=27081, stop=28394, strand=+, nt=[ATGTTGTTTC..GTTCGGCTGA]
13:33:05.298 - INFO - CDS - contig=contig_16, start=28605, stop=28715, strand=-, nt=[ATGTCTAGTT..ACCATCTTAA]
13:33:05.298 - INFO - CDS - contig=contig_16, start=29154, stop=29684, strand=+, nt=[ATGACGAGCA..GTCGAAATGA]
13:33:05.298 - INFO - CDS - contig=contig_16, start=29681, stop=31435, strand=+, nt=[ATGAAAGTAG..CAAGGACTGA]
13:33:05.298 - INFO - CDS - contig=contig_16, start=31452, stop=34940, strand=+, nt=[ATGAAACAGT..CATGCCCTGA]
13:33:05.298 - INFO - CDS - contig=contig_16, start=35198, stop=35758, strand=+, nt=[ATGCAGGAAA..CGGGGTATAG]
13:33:05.298 - INFO - CDS - contig=contig_16, start=35949, stop=36521, strand=+, nt=[ATGTCGAATA..GGATCGGTAA]
13:33:05.298 - INFO - CDS - contig=contig_16, start=36651, stop=37823, strand=+, nt=[ATGGAACAAC..GCTGAAGTGA]
13:33:05.298 - INFO - CDS - contig=contig_16, start=37833, stop=38861, strand=+, nt=[ATGTCAAAGA..GTTTAATTGA]
13:33:05.298 - INFO - CDS - contig=contig_16, start=39020, stop=39343, strand=+, nt=[ATGAATGTGG..GAAATATTGA]
13:33:05.298 - INFO - CDS - contig=contig_16, start=39385, stop=40209, strand=-, nt=[GTGAGGAGGC..CGACGCATAA]
13:33:05.298 - INFO - CDS - contig=contig_16, start=40206, stop=41648, strand=-, nt=[ATGAAGGATC..CCGGCGGTGA]
13:33:05.298 - INFO - CDS - contig=contig_16, start=41884, stop=42198, strand=-, nt=[ATGAAAAAGC..CCCGCCATAA]
13:33:05.298 - INFO - CDS - contig=contig_16, start=42246, stop=42749, strand=-, nt=[ATGATCGAGA..CCTGAACTGA]
13:33:05.298 - INFO - CDS - contig=contig_16, start=42784, stop=43572, strand=-, nt=[ATGCTGTTCG..GGCGGAATGA]
13:33:05.299 - INFO - CDS - contig=contig_16, start=43701, stop=44579, strand=+, nt=[GTGCATCTCA..GCTGCTCTGA]
13:33:05.299 - INFO - CDS - contig=contig_16, start=45225, stop=46820, strand=+, nt=[ATGGGTCCGG..TTGCAAATAA]
13:33:05.299 - INFO - CDS - contig=contig_16, start=46880, stop=48691, strand=+, nt=[ATGGATCTGC..GATCGAATGA]
13:33:05.299 - INFO - CDS - contig=contig_16, start=48962, stop=49801, strand=+, nt=[ATGCAGTTTT..GTGCGATTAA]
13:33:05.299 - INFO - CDS - contig=contig_16, start=49927, stop=50790, strand=+, nt=[ATGAAGCGTT..CATCATGTAA]
13:33:05.299 - INFO - CDS - contig=contig_16, start=50837, stop=52111, strand=+, nt=[ATGAGTAACA..TGGCAAGTAA]
13:33:05.299 - INFO - CDS - contig=contig_16, start=52234, stop=53535, strand=+, nt=[ATGATCTGTG..CGATCGATAG]
13:33:05.299 - INFO - CDS - contig=contig_16, start=53677, stop=54846, strand=-, nt=[ATGCAGTATG..CGCTTTGTAA]
13:33:05.299 - INFO - CDS - contig=contig_16, start=55020, stop=55523, strand=+, nt=[TTGTGTCCGG..GGGAGTGTGA]
13:33:05.299 - INFO - CDS - contig=contig_16, start=55526, stop=56110, strand=+, nt=[ATGGAACAAA..GGATCAGTAG]
13:33:05.299 - INFO - CDS - contig=contig_16, start=56230, stop=57159, strand=-, nt=[ATGACCAAAC..AACCGTCTGA]
13:33:05.299 - INFO - CDS - contig=contig_16, start=57367, stop=58908, strand=-, nt=[ATGACCACGG..CACGAAGTGA]
13:33:05.299 - INFO - CDS - contig=contig_16, start=59112, stop=59702, strand=-, nt=[ATGGCAAAAC..CGAAGTCTAG]
13:33:05.299 - INFO - CDS - contig=contig_16, start=60026, stop=61366, strand=+, nt=[ATGAAAAAGC..CCAGGGCTGA]
13:33:05.299 - INFO - CDS - contig=contig_16, start=61540, stop=62391, strand=+, nt=[ATGGAAAAAG..GCAGCAGTGA]
13:33:05.299 - INFO - CDS - contig=contig_16, start=62391, stop=63239, strand=+, nt=[ATGAAAAGCA..CAAGGGCTGA]
13:33:05.299 - INFO - CDS - contig=contig_16, start=63272, stop=64291, strand=+, nt=[ATGACCATCA..AAGGGCCTGA]
13:33:05.299 - INFO - CDS - contig=contig_16, start=64297, stop=65808, strand=+, nt=[GTGAGAGCAA..CCCGGGCTGA]
13:33:05.299 - INFO - CDS - contig=contig_16, start=66274, stop=67452, strand=+, nt=[ATGGTTCACG..CATCTGCTGA]
13:33:05.317 - INFO - CDS - contig=contig_17, start=168, stop=923, strand=-, frame=3, truncated=no, start-type=ATG, RBS-motif=GGA/GAG/AGG
13:33:05.317 - INFO - CDS - contig=contig_17, start=1159, stop=3405, strand=+, frame=1, truncated=no, start-type=ATG, RBS-motif=GGAGG
13:33:05.318 - INFO - CDS - contig=contig_17, start=3433, stop=4275, strand=+, frame=1, truncated=no, start-type=ATG, RBS-motif=AGGAGG
13:33:05.318 - INFO - CDS - contig=contig_17, start=4373, stop=5284, strand=+, frame=2, truncated=no, start-type=ATG, RBS-motif=AGGAG
13:33:05.318 - INFO - CDS - contig=contig_17, start=5281, stop=6051, strand=+, frame=1, truncated=no, start-type=ATG, RBS-motif=GGAGG
13:33:05.318 - INFO - CDS - contig=contig_17, start=6051, stop=6890, strand=+, frame=3, truncated=no, start-type=ATG, RBS-motif=AGxAGG/AGGxGG
13:33:05.318 - INFO - CDS - contig=contig_17, start=7145, stop=7780, strand=-, frame=1, truncated=no, start-type=ATG, RBS-motif=GGA/GAG/AGG
13:33:05.318 - INFO - CDS - contig=contig_17, start=7785, stop=8495, strand=-, frame=3, truncated=no, start-type=ATG, RBS-motif=AGxAGG/AGGxGG
13:33:05.318 - INFO - CDS - contig=contig_17, start=8492, stop=8920, strand=-, frame=1, truncated=no, start-type=ATG, RBS-motif=GGAG/GAGG
13:33:05.318 - INFO - CDS - contig=contig_17, start=9089, stop=10276, strand=+, frame=2, truncated=no, start-type=TTG, RBS-motif=GGAGG
13:33:05.318 - INFO - CDS - contig=contig_17, start=10382, stop=11698, strand=+, frame=2, truncated=no, start-type=TTG, RBS-motif=AGGAGG
13:33:05.318 - INFO - CDS - contig=contig_17, start=12249, stop=13865, strand=-, frame=3, truncated=no, start-type=ATG, RBS-motif=AGGA
13:33:05.318 - INFO - CDS - contig=contig_17, start=13939, stop=14151, strand=-, frame=2, truncated=no, start-type=ATG, RBS-motif=AGGAGG
13:33:05.318 - INFO - CDS - contig=contig_17, start=14563, stop=14985, strand=-, frame=2, truncated=no, start-type=ATG, RBS-motif=GGAGG
13:33:05.318 - INFO - CDS - contig=contig_17, start=15954, stop=16913, strand=-, frame=3, truncated=no, start-type=ATG, RBS-motif=AGGAG
13:33:05.318 - INFO - CDS - contig=contig_17, start=17005, stop=17556, strand=-, frame=2, truncated=no, start-type=ATG, RBS-motif=AGGAG
13:33:05.318 - INFO - CDS - contig=contig_17, start=17649, stop=17819, strand=-, frame=3, truncated=no, start-type=ATG, RBS-motif=GGAGG
13:33:05.318 - INFO - CDS - contig=contig_17, start=18152, stop=19498, strand=-, frame=1, truncated=no, start-type=ATG, RBS-motif=None
13:33:05.319 - INFO - CDS - contig=contig_17, start=19646, stop=19936, strand=-, frame=1, truncated=no, start-type=ATG, RBS-motif=AGGAGG
13:33:05.319 - INFO - CDS - contig=contig_17, start=20538, stop=21125, strand=+, frame=3, truncated=no, start-type=TTG, RBS-motif=GGAG/GAGG
13:33:05.319 - INFO - CDS - contig=contig_17, start=21161, stop=21508, strand=-, frame=1, truncated=no, start-type=GTG, RBS-motif=GGAGG
13:33:05.319 - INFO - CDS - contig=contig_17, start=21505, stop=21669, strand=-, frame=2, truncated=no, start-type=ATG, RBS-motif=AGGAG
13:33:05.319 - INFO - CDS - contig=contig_17, start=21680, stop=22441, strand=-, frame=1, truncated=no, start-type=GTG, RBS-motif=GGA/GAG/AGG
13:33:05.319 - INFO - CDS - contig=contig_17, start=22579, stop=22947, strand=-, frame=2, truncated=no, start-type=TTG, RBS-motif=GGAGG
13:33:05.319 - INFO - CDS - contig=contig_17, start=22952, stop=23128, strand=-, frame=1, truncated=no, start-type=ATG, RBS-motif=AGGAGG
13:33:05.319 - INFO - CDS - contig=contig_17, start=23125, stop=23910, strand=-, frame=2, truncated=no, start-type=ATG, RBS-motif=AGGAGG
13:33:05.319 - INFO - CDS - contig=contig_17, start=23913, stop=24167, strand=-, frame=3, truncated=no, start-type=ATG, RBS-motif=AGGAGG
13:33:05.319 - INFO - CDS - contig=contig_17, start=24182, stop=25972, strand=-, frame=1, truncated=no, start-type=ATG, RBS-motif=GGAGG
13:33:05.319 - INFO - CDS - contig=contig_17, start=25953, stop=28316, strand=-, frame=3, truncated=no, start-type=TTG, RBS-motif=AGGAGG
13:33:05.319 - INFO - CDS - contig=contig_17, start=28270, stop=28665, strand=-, frame=2, truncated=no, start-type=ATG, RBS-motif=AGGAGG
13:33:05.319 - INFO - CDS - contig=contig_17, start=28669, stop=29226, strand=-, frame=2, truncated=no, start-type=GTG, RBS-motif=GGA/GAG/AGG
13:33:05.319 - INFO - CDS - contig=contig_17, start=29244, stop=30038, strand=-, frame=3, truncated=no, start-type=ATG, RBS-motif=AGGAGG
13:33:05.319 - INFO - CDS - contig=contig_17, start=30028, stop=30279, strand=-, frame=2, truncated=no, start-type=ATG, RBS-motif=GGA/GAG/AGG
13:33:05.319 - INFO - CDS - contig=contig_17, start=30294, stop=31160, strand=-, frame=3, truncated=no, start-type=ATG, RBS-motif=GGA/GAG/AGG
13:33:05.319 - INFO - CDS - contig=contig_17, start=31344, stop=32981, strand=-, frame=3, truncated=no, start-type=ATG, RBS-motif=GGA/GAG/AGG
13:33:05.319 - INFO - CDS - contig=contig_17, start=33015, stop=33212, strand=-, frame=3, truncated=no, start-type=ATG, RBS-motif=GGAGG
13:33:05.320 - INFO - CDS - contig=contig_17, start=33466, stop=34764, strand=-, frame=2, truncated=no, start-type=ATG, RBS-motif=AGGA
13:33:05.320 - INFO - CDS - contig=contig_17, start=34778, stop=35425, strand=-, frame=1, truncated=no, start-type=TTG, RBS-motif=AGGAGG
13:33:05.320 - INFO - CDS - contig=contig_17, start=35497, stop=37086, strand=-, frame=2, truncated=no, start-type=TTG, RBS-motif=AGGAGG
13:33:05.320 - INFO - CDS - contig=contig_17, start=37246, stop=37725, strand=-, frame=2, truncated=no, start-type=ATG, RBS-motif=AGGAGG
13:33:05.320 - INFO - CDS - contig=contig_17, start=38080, stop=38394, strand=-, frame=2, truncated=no, start-type=ATG, RBS-motif=AGGAGG
13:33:05.320 - INFO - CDS - contig=contig_17, start=38391, stop=38729, strand=-, frame=3, truncated=no, start-type=ATG, RBS-motif=AGGAGG
13:33:05.320 - INFO - CDS - contig=contig_17, start=38730, stop=38921, strand=-, frame=3, truncated=no, start-type=ATG, RBS-motif=AGGAG
13:33:05.320 - INFO - CDS - contig=contig_17, start=39455, stop=40276, strand=+, frame=2, truncated=no, start-type=ATG, RBS-motif=AGGAG
13:33:05.320 - INFO - CDS - contig=contig_17, start=40322, stop=41086, strand=-, frame=1, truncated=no, start-type=ATG, RBS-motif=AGGAG/GGAGG
13:33:05.320 - INFO - CDS - contig=contig_17, start=41559, stop=41783, strand=-, frame=3, truncated=no, start-type=ATG, RBS-motif=AGGAG
13:33:05.320 - INFO - CDS - contig=contig_17, start=42046, stop=43656, strand=-, frame=2, truncated=no, start-type=ATG, RBS-motif=GGAGG
13:33:05.320 - INFO - CDS - contig=contig_17, start=43768, stop=43956, strand=-, frame=2, truncated=no, start-type=ATG, RBS-motif=AGGAG
13:33:05.320 - INFO - CDS - contig=contig_17, start=43953, stop=44810, strand=-, frame=3, truncated=no, start-type=ATG, RBS-motif=AGGAGG
13:33:05.320 - INFO - CDS - contig=contig_17, start=44807, stop=45556, strand=-, frame=1, truncated=no, start-type=ATG, RBS-motif=AGGAGG
13:33:05.320 - INFO - CDS - contig=contig_17, start=45546, stop=45758, strand=-, frame=3, truncated=no, start-type=ATG, RBS-motif=AGGAG
13:33:05.320 - INFO - CDS - contig=contig_17, start=45943, stop=47565, strand=-, frame=2, truncated=no, start-type=TTG, RBS-motif=None
13:33:05.320 - INFO - CDS - contig=contig_17, start=47537, stop=47935, strand=-, frame=1, truncated=no, start-type=ATG, RBS-motif=AGGAGG
13:33:05.321 - INFO - CDS - contig=contig_17, start=48524, stop=48736, strand=-, frame=1, truncated=no, start-type=ATG, RBS-motif=GGxGG
13:33:05.321 - INFO - CDS - contig=contig_17, start=48729, stop=49151, strand=-, frame=3, truncated=no, start-type=ATG, RBS-motif=GGA/GAG/AGG
13:33:05.321 - INFO - CDS - contig=contig_17, start=49323, stop=50090, strand=-, frame=3, truncated=no, start-type=ATG, RBS-motif=GGAGG
13:33:05.321 - INFO - CDS - contig=contig_17, start=50141, stop=52060, strand=-, frame=1, truncated=no, start-type=ATG, RBS-motif=GGAGG
13:33:05.321 - INFO - CDS - contig=contig_17, start=52701, stop=52841, strand=-, frame=3, truncated=no, start-type=ATG, RBS-motif=GGAGG
13:33:05.321 - INFO - CDS - contig=contig_17, start=52938, stop=53801, strand=-, frame=3, truncated=no, start-type=TTG, RBS-motif=None
13:33:05.321 - INFO - CDS - contig=contig_17, start=53867, stop=54025, strand=-, frame=1, truncated=no, start-type=ATG, RBS-motif=AGGAGG
13:33:05.321 - INFO - CDS - contig=contig_17, start=54169, stop=56040, strand=-, frame=2, truncated=no, start-type=ATG, RBS-motif=AGGAGG
13:33:05.321 - INFO - CDS - contig=contig_17, start=56037, stop=57533, strand=-, frame=3, truncated=no, start-type=ATG, RBS-motif=AGGAG
13:33:05.321 - INFO - CDS - contig=contig_17, start=57499, stop=57858, strand=-, frame=2, truncated=no, start-type=ATG, RBS-motif=AGGAGG
13:33:05.321 - INFO - CDS - contig=contig_17, start=57986, stop=58510, strand=-, frame=1, truncated=no, start-type=ATG, RBS-motif=AGGAG
13:33:05.321 - INFO - CDS - contig=contig_17, start=58800, stop=58997, strand=-, frame=3, truncated=no, start-type=ATG, RBS-motif=GGAG/GAGG
13:33:05.321 - INFO - CDS - contig=contig_17, start=59137, stop=59481, strand=-, frame=2, truncated=no, start-type=ATG, RBS-motif=AGGAG
13:33:05.321 - INFO - CDS - contig=contig_17, start=59478, stop=62405, strand=-, frame=3, truncated=no, start-type=ATG, RBS-motif=GGAGG
13:33:05.321 - INFO - CDS - contig=contig_17, start=62392, stop=62898, strand=-, frame=2, truncated=no, start-type=GTG, RBS-motif=None
13:33:05.321 - INFO - CDS - contig=contig_17, start=62926, stop=63639, strand=-, frame=2, truncated=no, start-type=ATG, RBS-motif=GGxGG
13:33:05.321 - INFO - CDS - contig=contig_17, start=63639, stop=63980, strand=-, frame=3, truncated=no, start-type=ATG, RBS-motif=GGAGG
13:33:05.322 - INFO - CDS - contig=contig_17, start=64272, stop=65717, strand=-, frame=3, truncated=no, start-type=ATG, RBS-motif=AGGAGG
13:33:05.322 - INFO - CDS - contig=contig_17, start=65918, stop=66793, strand=+, frame=2, truncated=no, start-type=ATG, RBS-motif=AGxAGG/AGGxGG
13:33:05.322 - INFO - CDS - contig=contig_17, start=67059, stop=67343, strand=+, frame=3, truncated=no, start-type=ATG, RBS-motif=AGxAGG/AGGxGG
13:33:05.322 - INFO - CDS - contig=contig_17, start=168, stop=923, strand=-, nt=[ATGGATACAT..TACAGCTTGA]
13:33:05.322 - INFO - CDS - contig=contig_17, start=1159, stop=3405, strand=+, nt=[ATGCTGAACA..CGCCAAGTAA]
13:33:05.322 - INFO - CDS - contig=contig_17, start=3433, stop=4275, strand=+, nt=[ATGAAGCGTA..GGCCCGGTAG]
13:33:05.322 - INFO - CDS - contig=contig_17, start=4373, stop=5284, strand=+, nt=[ATGAAAAAGA..ATTGGGATGA]
13:33:05.322 - INFO - CDS - contig=contig_17, start=5281, stop=6051, strand=+, nt=[ATGAGCGTAC..GACGCGCTGA]
13:33:05.322 - INFO - CDS - contig=contig_17, start=6051, stop=6890, strand=+, nt=[ATGGGCGTCT..GCGGATGTAA]
13:33:05.322 - INFO - CDS - contig=contig_17, start=7145, stop=7780, strand=-, nt=[ATGAACATGG..TACAAAATAA]
13:33:05.322 - INFO - CDS - contig=contig_17, start=7785, stop=8495, strand=-, nt=[ATGAAGATAC..AGGGGAATAG]
13:33:05.322 - INFO - CDS - contig=contig_17, start=8492, stop=8920, strand=-, nt=[ATGGAATATC..TGGAATATGA]
13:33:05.322 - INFO - CDS - contig=contig_17, start=9089, stop=10276, strand=+, nt=[TTGTCCTGGT..CAGGATTTGA]
13:33:05.322 - INFO - CDS - contig=contig_17, start=10382, stop=11698, strand=+, nt=[TTGAAACACC..TCAGTGGTGA]
13:33:05.322 - INFO - CDS - contig=contig_17, start=12249, stop=13865, strand=-, nt=[ATGGAAAATC..CGCCGCATGA]
13:33:05.322 - INFO - CDS - contig=contig_17, start=13939, stop=14151, strand=-, nt=[ATGCCAAAAG..TGCACCTTGA]
13:33:05.322 - INFO - CDS - contig=contig_17, start=14563, stop=14985, strand=-, nt=[ATGACGACCA..AAATTTCTAA]
13:33:05.322 - INFO - CDS - contig=contig_17, start=15954, stop=16913, strand=-, nt=[ATGAATAAAG..AGCCAACTGA]
13:33:05.322 - INFO - CDS - contig=contig_17, start=17005, stop=17556, strand=-, nt=[ATGAGAGAAG..TGAAGCGTAA]
13:33:05.322 - INFO - CDS - contig=contig_17, start=17649, stop=17819, strand=-, nt=[ATGGAAGTAG..ATTTCAGTAG]
13:33:05.322 - INFO - CDS - contig=contig_17, start=18152, stop=19498, strand=-, nt=[ATGGAGGAGC..GGAGCGTTAG]
13:33:05.322 - INFO - CDS - contig=contig_17, start=19646, stop=19936, strand=-, nt=[ATGCGGACAA..GGCAAGCTGA]
13:33:05.322 - INFO - CDS - contig=contig_17, start=20538, stop=21125, strand=+, nt=[TTGGAGAAGA..TAAAAACTAA]
13:33:05.322 - INFO - CDS - contig=contig_17, start=21161, stop=21508, strand=-, nt=[GTGACAAAGA..CAATATGTAA]
13:33:05.323 - INFO - CDS - contig=contig_17, start=21505, stop=21669, strand=-, nt=[ATGGAAAAGA..GGAGCGGTGA]
13:33:05.323 - INFO - CDS - contig=contig_17, start=21680, stop=22441, strand=-, nt=[GTGATCCGCT..TGACAGATAG]
13:33:05.323 - INFO - CDS - contig=contig_17, start=22579, stop=22947, strand=-, nt=[TTGGCCCGTG..TGACAATTAG]
13:33:05.323 - INFO - CDS - contig=contig_17, start=22952, stop=23128, strand=-, nt=[ATGAGGTTTA..CGGGAGGTGA]
13:33:05.323 - INFO - CDS - contig=contig_17, start=23125, stop=23910, strand=-, nt=[ATGAAACGCT..GGACAAATGA]
13:33:05.323 - INFO - CDS - contig=contig_17, start=23913, stop=24167, strand=-, nt=[ATGGCGGCAA..GGAAAATTGA]
13:33:05.323 - INFO - CDS - contig=contig_17, start=24182, stop=25972, strand=-, nt=[ATGAAGCGAA..TTTATCCTGA]
13:33:05.323 - INFO - CDS - contig=contig_17, start=25953, stop=28316, strand=-, nt=[TTGCAAAAAG..AACCGAATAA]
13:33:05.323 - INFO - CDS - contig=contig_17, start=28270, stop=28665, strand=-, nt=[ATGCCCTATG..AGGCCGCTAA]
13:33:05.323 - INFO - CDS - contig=contig_17, start=28669, stop=29226, strand=-, nt=[GTGATCTATG..AGGAGGTTGA]
13:33:05.323 - INFO - CDS - contig=contig_17, start=29244, stop=30038, strand=-, nt=[ATGACCGATA..AGGAGTGTAA]
13:33:05.323 - INFO - CDS - contig=contig_17, start=30028, stop=30279, strand=-, nt=[ATGCCGAGAA..TGACCGATAA]
13:33:05.323 - INFO - CDS - contig=contig_17, start=30294, stop=31160, strand=-, nt=[ATGGATTTTC..CGCACATTGA]
13:33:05.323 - INFO - CDS - contig=contig_17, start=31344, stop=32981, strand=-, nt=[ATGGACGCAA..CACAGCCTGA]
13:33:05.323 - INFO - CDS - contig=contig_17, start=33015, stop=33212, strand=-, nt=[ATGGCAAAAA..GTGCGGGTAA]
13:33:05.323 - INFO - CDS - contig=contig_17, start=33466, stop=34764, strand=-, nt=[ATGCTGGAGG..TCCCTTCTGA]
13:33:05.323 - INFO - CDS - contig=contig_17, start=34778, stop=35425, strand=-, nt=[TTGAATGTAT..GGAGCGTTGA]
13:33:05.323 - INFO - CDS - contig=contig_17, start=35497, stop=37086, strand=-, nt=[TTGCCATGCC..GGAACTTTAA]
13:33:05.323 - INFO - CDS - contig=contig_17, start=37246, stop=37725, strand=-, nt=[ATGGCGAATG..TTTGAGATAG]
13:33:05.323 - INFO - CDS - contig=contig_17, start=38080, stop=38394, strand=-, nt=[ATGAATGAAA..ACGGCCATGA]
13:33:05.323 - INFO - CDS - contig=contig_17, start=38391, stop=38729, strand=-, nt=[ATGGAAGTTG..CCGCCTATGA]
13:33:05.323 - INFO - CDS - contig=contig_17, start=38730, stop=38921, strand=-, nt=[ATGCCGAGAA..CACCGATTGA]
13:33:05.323 - INFO - CDS - contig=contig_17, start=39455, stop=40276, strand=+, nt=[ATGAAAACCC..GTGGAAATGA]
13:33:05.323 - INFO - CDS - contig=contig_17, start=40322, stop=41086, strand=-, nt=[ATGGATAATT..TCATATATAA]
13:33:05.323 - INFO - CDS - contig=contig_17, start=41559, stop=41783, strand=-, nt=[ATGCACATAA..ATTAAATTGA]
13:33:05.323 - INFO - CDS - contig=contig_17, start=42046, stop=43656, strand=-, nt=[ATGTTAAGAC..GCCCGAATAA]
13:33:05.323 - INFO - CDS - contig=contig_17, start=43768, stop=43956, strand=-, nt=[ATGACAGAAA..GGCGATTTGA]
13:33:05.324 - INFO - CDS - contig=contig_17, start=43953, stop=44810, strand=-, nt=[ATGAAAAACG..GAGCCTATGA]
13:33:05.324 - INFO - CDS - contig=contig_17, start=44807, stop=45556, strand=-, nt=[ATGGCAGATA..GAGCTTATGA]
13:33:05.324 - INFO - CDS - contig=contig_17, start=45546, stop=45758, strand=-, nt=[ATGCCAAGAA..TGGCAGATAA]
13:33:05.324 - INFO - CDS - contig=contig_17, start=45943, stop=47565, strand=-, nt=[TTGGCAACAT..GGAGCGATAA]
13:33:05.324 - INFO - CDS - contig=contig_17, start=47537, stop=47935, strand=-, nt=[ATGCGAAAAC..TCAGCTCTAA]
13:33:05.324 - INFO - CDS - contig=contig_17, start=48524, stop=48736, strand=-, nt=[ATGAGTAGAC..CAAGTCATAA]
13:33:05.324 - INFO - CDS - contig=contig_17, start=48729, stop=49151, strand=-, nt=[ATGACCGACC..GTATGAGTAG]
13:33:05.324 - INFO - CDS - contig=contig_17, start=49323, stop=50090, strand=-, nt=[ATGGAATATA..CTTAAAATAA]
13:33:05.324 - INFO - CDS - contig=contig_17, start=50141, stop=52060, strand=-, nt=[ATGAAAATAA..GGTAATGTAA]
13:33:05.324 - INFO - CDS - contig=contig_17, start=52701, stop=52841, strand=-, nt=[ATGCAGTTCT..TGTACGGTAA]
13:33:05.324 - INFO - CDS - contig=contig_17, start=52938, stop=53801, strand=-, nt=[TTGATTTCCT..CTATGTATAA]
13:33:05.324 - INFO - CDS - contig=contig_17, start=53867, stop=54025, strand=-, nt=[ATGAACAATA..CAAAATGTGA]
13:33:05.324 - INFO - CDS - contig=contig_17, start=54169, stop=56040, strand=-, nt=[ATGAATTACA..CCGAGACTGA]
13:33:05.324 - INFO - CDS - contig=contig_17, start=56037, stop=57533, strand=-, nt=[ATGGCACTAT..ATCCCGATGA]
13:33:05.324 - INFO - CDS - contig=contig_17, start=57499, stop=57858, strand=-, nt=[ATGGCAAAAC..CGCAGACTAA]
13:33:05.324 - INFO - CDS - contig=contig_17, start=57986, stop=58510, strand=-, nt=[ATGAAAAAGA..ACAACTTTGA]
13:33:05.324 - INFO - CDS - contig=contig_17, start=58800, stop=58997, strand=-, nt=[ATGAAGAAAA..AAAATCGTAA]
13:33:05.324 - INFO - CDS - contig=contig_17, start=59137, stop=59481, strand=-, nt=[ATGAATATCG..TTATAATTGA]
13:33:05.324 - INFO - CDS - contig=contig_17, start=59478, stop=62405, strand=-, nt=[ATGAGGACAG..AACAGCATGA]
13:33:05.324 - INFO - CDS - contig=contig_17, start=62392, stop=62898, strand=-, nt=[GTGCTTTTTT..GGACAGATAG]
13:33:05.324 - INFO - CDS - contig=contig_17, start=62926, stop=63639, strand=-, nt=[ATGGCGTCCC..GGAACGATAA]
13:33:05.324 - INFO - CDS - contig=contig_17, start=63639, stop=63980, strand=-, nt=[ATGAAACGAT..GCGGTGCTGA]
13:33:05.324 - INFO - CDS - contig=contig_17, start=64272, stop=65717, strand=-, nt=[ATGGCAGATG..GGAGAAGTAA]
13:33:05.324 - INFO - CDS - contig=contig_17, start=65918, stop=66793, strand=+, nt=[ATGCAGATGT..TAGAGAGTAG]
13:33:05.324 - INFO - CDS - contig=contig_17, start=67059, stop=67343, strand=+, nt=[ATGGCAAGGA..GAAGGAGTGA]
13:33:05.334 - INFO - CDS - contig=contig_18, start=257, stop=2248, strand=-, frame=1, truncated=no, start-type=ATG, RBS-motif=AGxAGG/AGGxGG
13:33:05.334 - INFO - CDS - contig=contig_18, start=2594, stop=3052, strand=-, frame=1, truncated=no, start-type=ATG, RBS-motif=GGxGG
13:33:05.334 - INFO - CDS - contig=contig_18, start=3205, stop=4098, strand=-, frame=2, truncated=no, start-type=ATG, RBS-motif=GGAG/GAGG
13:33:05.334 - INFO - CDS - contig=contig_18, start=4099, stop=4566, strand=-, frame=2, truncated=no, start-type=ATG, RBS-motif=GGAG/GAGG
13:33:05.334 - INFO - CDS - contig=contig_18, start=5133, stop=5879, strand=-, frame=3, truncated=no, start-type=ATG, RBS-motif=AGxAGG/AGGxGG
13:33:05.334 - INFO - CDS - contig=contig_18, start=5902, stop=7527, strand=-, frame=2, truncated=no, start-type=ATG, RBS-motif=AGGAG
13:33:05.334 - INFO - CDS - contig=contig_18, start=7524, stop=8270, strand=-, frame=3, truncated=no, start-type=ATG, RBS-motif=AGGA
13:33:05.335 - INFO - CDS - contig=contig_18, start=8270, stop=9871, strand=-, frame=1, truncated=no, start-type=ATG, RBS-motif=AGGAGG
13:33:05.335 - INFO - CDS - contig=contig_18, start=9946, stop=10098, strand=-, frame=2, truncated=no, start-type=ATG, RBS-motif=GGAGG
13:33:05.335 - INFO - CDS - contig=contig_18, start=10649, stop=10936, strand=-, frame=1, truncated=no, start-type=ATG, RBS-motif=GGAGG
13:33:05.335 - INFO - CDS - contig=contig_18, start=11483, stop=11833, strand=+, frame=2, truncated=no, start-type=ATG, RBS-motif=GGAG/GAGG
13:33:05.335 - INFO - CDS - contig=contig_18, start=12143, stop=12523, strand=-, frame=1, truncated=no, start-type=ATG, RBS-motif=GGAG/GAGG
13:33:05.335 - INFO - CDS - contig=contig_18, start=12627, stop=13196, strand=-, frame=3, truncated=no, start-type=ATG, RBS-motif=AGGAG
13:33:05.335 - INFO - CDS - contig=contig_18, start=13246, stop=14382, strand=-, frame=2, truncated=no, start-type=ATG, RBS-motif=AGGAGG
13:33:05.335 - INFO - CDS - contig=contig_18, start=14398, stop=15714, strand=-, frame=2, truncated=no, start-type=ATG, RBS-motif=AGGAGG
13:33:05.335 - INFO - CDS - contig=contig_18, start=15734, stop=16867, strand=-, frame=1, truncated=no, start-type=ATG, RBS-motif=AGGAGG
13:33:05.335 - INFO - CDS - contig=contig_18, start=16937, stop=18157, strand=-, frame=1, truncated=no, start-type=ATG, RBS-motif=AGGAG
13:33:05.335 - INFO - CDS - contig=contig_18, start=18251, stop=19261, strand=-, frame=1, truncated=no, start-type=ATG, RBS-motif=AGGAGG
13:33:05.335 - INFO - CDS - contig=contig_18, start=19274, stop=20740, strand=-, frame=1, truncated=no, start-type=ATG, RBS-motif=AGGAG
13:33:05.335 - INFO - CDS - contig=contig_18, start=20765, stop=21448, strand=-, frame=1, truncated=no, start-type=ATG, RBS-motif=AGGAG
13:33:05.335 - INFO - CDS - contig=contig_18, start=21497, stop=22345, strand=-, frame=1, truncated=no, start-type=ATG, RBS-motif=GGA/GAG/AGG
13:33:05.335 - INFO - CDS - contig=contig_18, start=22371, stop=22772, strand=-, frame=3, truncated=no, start-type=ATG, RBS-motif=AGGAGG
13:33:05.335 - INFO - CDS - contig=contig_18, start=22817, stop=23782, strand=-, frame=1, truncated=no, start-type=ATG, RBS-motif=None
13:33:05.336 - INFO - CDS - contig=contig_18, start=23779, stop=25203, strand=-, frame=2, truncated=no, start-type=ATG, RBS-motif=AGGAG
13:33:05.336 - INFO - CDS - contig=contig_18, start=25233, stop=26546, strand=-, frame=3, truncated=no, start-type=ATG, RBS-motif=GGA/GAG/AGG
13:33:05.336 - INFO - CDS - contig=contig_18, start=26783, stop=31444, strand=-, frame=1, truncated=no, start-type=ATG, RBS-motif=AGGAGG
13:33:05.336 - INFO - CDS - contig=contig_18, start=31686, stop=32054, strand=-, frame=3, truncated=no, start-type=GTG, RBS-motif=GGAGG
13:33:05.336 - INFO - CDS - contig=contig_18, start=32205, stop=32822, strand=-, frame=3, truncated=no, start-type=ATG, RBS-motif=AGGAGG
13:33:05.336 - INFO - CDS - contig=contig_18, start=32819, stop=34249, strand=-, frame=1, truncated=no, start-type=GTG, RBS-motif=GGAGG
13:33:05.336 - INFO - CDS - contig=contig_18, start=34242, stop=36662, strand=-, frame=3, truncated=no, start-type=ATG, RBS-motif=AGGA/GGAG/GAGG
13:33:05.336 - INFO - CDS - contig=contig_18, start=36659, stop=37012, strand=-, frame=1, truncated=no, start-type=ATG, RBS-motif=AGGAGG
13:33:05.336 - INFO - CDS - contig=contig_18, start=37186, stop=38778, strand=-, frame=2, truncated=no, start-type=GTG, RBS-motif=AGGAGG
13:33:05.336 - INFO - CDS - contig=contig_18, start=38801, stop=40174, strand=-, frame=1, truncated=no, start-type=GTG, RBS-motif=GGAG/GAGG
13:33:05.336 - INFO - CDS - contig=contig_18, start=40324, stop=40878, strand=-, frame=2, truncated=no, start-type=ATG, RBS-motif=GGAG/GAGG
13:33:05.336 - INFO - CDS - contig=contig_18, start=41004, stop=41261, strand=+, frame=3, truncated=no, start-type=GTG, RBS-motif=None
13:33:05.336 - INFO - CDS - contig=contig_18, start=41457, stop=41714, strand=-, frame=3, truncated=no, start-type=ATG, RBS-motif=AGGAG
13:33:05.336 - INFO - CDS - contig=contig_18, start=41711, stop=43528, strand=-, frame=1, truncated=no, start-type=ATG, RBS-motif=GGA/GAG/AGG
13:33:05.336 - INFO - CDS - contig=contig_18, start=43645, stop=44550, strand=-, frame=2, truncated=no, start-type=ATG, RBS-motif=AGGAGG
13:33:05.336 - INFO - CDS - contig=contig_18, start=44563, stop=44961, strand=-, frame=2, truncated=no, start-type=GTG, RBS-motif=None
13:33:05.337 - INFO - CDS - contig=contig_18, start=44970, stop=46520, strand=-, frame=3, truncated=no, start-type=ATG, RBS-motif=AGxAG
13:33:05.337 - INFO - CDS - contig=contig_18, start=46524, stop=47000, strand=-, frame=3, truncated=no, start-type=ATG, RBS-motif=GGA/GAG/AGG
13:33:05.337 - INFO - CDS - contig=contig_18, start=47253, stop=48287, strand=-, frame=3, truncated=no, start-type=GTG, RBS-motif=GGxGG
13:33:05.337 - INFO - CDS - contig=contig_18, start=48284, stop=48625, strand=-, frame=1, truncated=no, start-type=GTG, RBS-motif=GGAGG
13:33:05.337 - INFO - CDS - contig=contig_18, start=48622, stop=48879, strand=-, frame=2, truncated=no, start-type=ATG, RBS-motif=AGGA
13:33:05.337 - INFO - CDS - contig=contig_18, start=48894, stop=50090, strand=-, frame=3, truncated=no, start-type=ATG, RBS-motif=AGxAGG/AGGxGG
13:33:05.337 - INFO - CDS - contig=contig_18, start=50090, stop=50530, strand=-, frame=1, truncated=no, start-type=ATG, RBS-motif=None
13:33:05.337 - INFO - CDS - contig=contig_18, start=50488, stop=51921, strand=-, frame=2, truncated=no, start-type=ATG, RBS-motif=AGGAGG
13:33:05.337 - INFO - CDS - contig=contig_18, start=51936, stop=52517, strand=-, frame=3, truncated=no, start-type=ATG, RBS-motif=AGGAGG
13:33:05.337 - INFO - CDS - contig=contig_18, start=52514, stop=52915, strand=-, frame=1, truncated=no, start-type=ATG, RBS-motif=GGAG/GAGG
13:33:05.337 - INFO - CDS - contig=contig_18, start=52917, stop=53138, strand=-, frame=3, truncated=no, start-type=ATG, RBS-motif=None
13:33:05.337 - INFO - CDS - contig=contig_18, start=53235, stop=53570, strand=-, frame=3, truncated=no, start-type=ATG, RBS-motif=AGGAG
13:33:05.337 - INFO - CDS - contig=contig_18, start=53688, stop=54980, strand=-, frame=3, truncated=no, start-type=TTG, RBS-motif=GGA/GAG/AGG
13:33:05.337 - INFO - CDS - contig=contig_18, start=54937, stop=55626, strand=-, frame=2, truncated=no, start-type=ATG, RBS-motif=AGxAGG/AGGxGG
13:33:05.337 - INFO - CDS - contig=contig_18, start=55623, stop=56522, strand=-, frame=3, truncated=no, start-type=TTG, RBS-motif=GGA/GAG/AGG
13:33:05.337 - INFO - CDS - contig=contig_18, start=56618, stop=57043, strand=-, frame=1, truncated=no, start-type=ATG, RBS-motif=AGGAG
13:33:05.337 - INFO - CDS - contig=contig_18, start=57053, stop=57400, strand=-, frame=1, truncated=no, start-type=ATG, RBS-motif=GGAGG
13:33:05.337 - INFO - CDS - contig=contig_18, start=57421, stop=59178, strand=-, frame=2, truncated=no, start-type=ATG, RBS-motif=AGGAG
13:33:05.337 - INFO - CDS - contig=contig_18, start=59245, stop=59829, strand=-, frame=2, truncated=no, start-type=ATG, RBS-motif=AGGAGG
13:33:05.338 - INFO - CDS - contig=contig_18, start=257, stop=2248, strand=-, nt=[ATGCAGCCGA..CAAGGAATAG]
13:33:05.338 - INFO - CDS - contig=contig_18, start=2594, stop=3052, strand=-, nt=[ATGAAATTTT..GTGCATTTGA]
13:33:05.338 - INFO - CDS - contig=contig_18, start=3205, stop=4098, strand=-, nt=[ATGGGGCAAG..ACAAGAATAA]
13:33:05.338 - INFO - CDS - contig=contig_18, start=4099, stop=4566, strand=-, nt=[ATGATCAAGA..TGTGATATGA]
13:33:05.338 - INFO - CDS - contig=contig_18, start=5133, stop=5879, strand=-, nt=[ATGATTTGTG..GGTGGTGTAA]
13:33:05.338 - INFO - CDS - contig=contig_18, start=5902, stop=7527, strand=-, nt=[ATGAGAGACA..TATGATATAA]
13:33:05.338 - INFO - CDS - contig=contig_18, start=7524, stop=8270, strand=-, nt=[ATGGGAAATC..ACCACAATGA]
13:33:05.338 - INFO - CDS - contig=contig_18, start=8270, stop=9871, strand=-, nt=[ATGGAGAAAA..GGTGCGCTGA]
13:33:05.338 - INFO - CDS - contig=contig_18, start=9946, stop=10098, strand=-, nt=[ATGACAGTAC..GTTTCCCTGA]
13:33:05.338 - INFO - CDS - contig=contig_18, start=10649, stop=10936, strand=-, nt=[ATGGGCTTCA..AAAACTCTAA]
13:33:05.338 - INFO - CDS - contig=contig_18, start=11483, stop=11833, strand=+, nt=[ATGTATGACT..GATTGGATGA]
13:33:05.338 - INFO - CDS - contig=contig_18, start=12143, stop=12523, strand=-, nt=[ATGAAAACAG..GTTTTCATAG]
13:33:05.338 - INFO - CDS - contig=contig_18, start=12627, stop=13196, strand=-, nt=[ATGAGTATTT..CTGGGCGTGA]
13:33:05.338 - INFO - CDS - contig=contig_18, start=13246, stop=14382, strand=-, nt=[ATGAAGAATT..CTATGGCTGA]
13:33:05.338 - INFO - CDS - contig=contig_18, start=14398, stop=15714, strand=-, nt=[ATGAAGAAAG..GAAATTCTGA]
13:33:05.338 - INFO - CDS - contig=contig_18, start=15734, stop=16867, strand=-, nt=[ATGCCAACAC..ATTGCCGTGA]
13:33:05.338 - INFO - CDS - contig=contig_18, start=16937, stop=18157, strand=-, nt=[ATGAAAAGGA..GCTCGGCTGA]
13:33:05.338 - INFO - CDS - contig=contig_18, start=18251, stop=19261, strand=-, nt=[ATGAAACGCA..CATTGGATGA]
13:33:05.338 - INFO - CDS - contig=contig_18, start=19274, stop=20740, strand=-, nt=[ATGAAAACCA..CGGCTTTTAA]
13:33:05.338 - INFO - CDS - contig=contig_18, start=20765, stop=21448, strand=-, nt=[ATGAAGAAGT..CAAAAAATAA]
13:33:05.338 - INFO - CDS - contig=contig_18, start=21497, stop=22345, strand=-, nt=[ATGGGGCTCT..CAACGGATAA]
13:33:05.338 - INFO - CDS - contig=contig_18, start=22371, stop=22772, strand=-, nt=[ATGAAAGGTC..CACCGCGTAA]
13:33:05.338 - INFO - CDS - contig=contig_18, start=22817, stop=23782, strand=-, nt=[ATGACCCGTG..ACAGCCATAG]
13:33:05.338 - INFO - CDS - contig=contig_18, start=23779, stop=25203, strand=-, nt=[ATGGGACTGA..GCAGGGATGA]
13:33:05.338 - INFO - CDS - contig=contig_18, start=25233, stop=26546, strand=-, nt=[ATGCTGGCCT..GACACCATAA]
13:33:05.339 - INFO - CDS - contig=contig_18, start=26783, stop=31444, strand=-, nt=[ATGAGAAAAC..TGTGGAATAA]
13:33:05.339 - INFO - CDS - contig=contig_18, start=31686, stop=32054, strand=-, nt=[GTGCTCCTGA..ATCCCTTTGA]
13:33:05.339 - INFO - CDS - contig=contig_18, start=32205, stop=32822, strand=-, nt=[ATGACAAACG..CCTGTATTAA]
13:33:05.339 - INFO - CDS - contig=contig_18, start=32819, stop=34249, strand=-, nt=[GTGGCTGAAT..GGAGAAATGA]
13:33:05.339 - INFO - CDS - contig=contig_18, start=34242, stop=36662, strand=-, nt=[ATGAAAGGGC..CTGTGGCTGA]
13:33:05.339 - INFO - CDS - contig=contig_18, start=36659, stop=37012, strand=-, nt=[ATGACAAATC..GGCGCCATGA]
13:33:05.339 - INFO - CDS - contig=contig_18, start=37186, stop=38778, strand=-, nt=[GTGCTGAACA..GCTGTTCTAA]
13:33:05.339 - INFO - CDS - contig=contig_18, start=38801, stop=40174, strand=-, nt=[GTGAAGGTAC..GGAGCGATAA]
13:33:05.339 - INFO - CDS - contig=contig_18, start=40324, stop=40878, strand=-, nt=[ATGACAAGGG..TGAACGATGA]
13:33:05.339 - INFO - CDS - contig=contig_18, start=41004, stop=41261, strand=+, nt=[GTGGTGATAA..TGAGAAGTAA]
13:33:05.339 - INFO - CDS - contig=contig_18, start=41457, stop=41714, strand=-, nt=[ATGAGTTACT..CGTGAAATAA]
13:33:05.339 - INFO - CDS - contig=contig_18, start=41711, stop=43528, strand=-, nt=[ATGCCACACC..GGAACGATGA]
13:33:05.339 - INFO - CDS - contig=contig_18, start=43645, stop=44550, strand=-, nt=[ATGTCGACTT..CATGCAGTAA]
13:33:05.339 - INFO - CDS - contig=contig_18, start=44563, stop=44961, strand=-, nt=[GTGAGAAAAG..GACCATGTAA]
13:33:05.339 - INFO - CDS - contig=contig_18, start=44970, stop=46520, strand=-, nt=[ATGGCAAAGC..GAGTCCGTAA]
13:33:05.339 - INFO - CDS - contig=contig_18, start=46524, stop=47000, strand=-, nt=[ATGCGGAAAA..GTCGGTGTAA]
13:33:05.339 - INFO - CDS - contig=contig_18, start=47253, stop=48287, strand=-, nt=[GTGAACAGCA..GCAGATGTAG]
13:33:05.339 - INFO - CDS - contig=contig_18, start=48284, stop=48625, strand=-, nt=[GTGAGCCGCA..GATGCAGTGA]
13:33:05.339 - INFO - CDS - contig=contig_18, start=48622, stop=48879, strand=-, nt=[ATGAAACAAG..GGCACAGTGA]
13:33:05.339 - INFO - CDS - contig=contig_18, start=48894, stop=50090, strand=-, nt=[ATGGCTCTTT..CTACGACTGA]
13:33:05.339 - INFO - CDS - contig=contig_18, start=50090, stop=50530, strand=-, nt=[ATGCTCTTCA..TGGTCGCTGA]
13:33:05.339 - INFO - CDS - contig=contig_18, start=50488, stop=51921, strand=-, nt=[ATGGCAAAGA..AAACTTCTGA]
13:33:05.339 - INFO - CDS - contig=contig_18, start=51936, stop=52517, strand=-, nt=[ATGAGCAGAA..GGGCGAATAA]
13:33:05.339 - INFO - CDS - contig=contig_18, start=52514, stop=52915, strand=-, nt=[ATGAGCTATG..CACATTATGA]
13:33:05.339 - INFO - CDS - contig=contig_18, start=52917, stop=53138, strand=-, nt=[ATGCTGTGGC..GAGAATGTGA]
13:33:05.339 - INFO - CDS - contig=contig_18, start=53235, stop=53570, strand=-, nt=[ATGGATGCGA..CGAAGAATGA]
13:33:05.340 - INFO - CDS - contig=contig_18, start=53688, stop=54980, strand=-, nt=[TTGACCAGGA..GGCAAGCTGA]
13:33:05.340 - INFO - CDS - contig=contig_18, start=54937, stop=55626, strand=-, nt=[ATGAAAACGC..GAGCCCTTGA]
13:33:05.340 - INFO - CDS - contig=contig_18, start=55623, stop=56522, strand=-, nt=[TTGTTTATTT..AGCCAAATGA]
13:33:05.340 - INFO - CDS - contig=contig_18, start=56618, stop=57043, strand=-, nt=[ATGAACTTTT..AACCATGTAA]
13:33:05.340 - INFO - CDS - contig=contig_18, start=57053, stop=57400, strand=-, nt=[ATGCGTAAAT..GGGCATCTAA]
13:33:05.340 - INFO - CDS - contig=contig_18, start=57421, stop=59178, strand=-, nt=[ATGAGAAAAA..CGCAACTTAA]
13:33:05.340 - INFO - CDS - contig=contig_18, start=59245, stop=59829, strand=-, nt=[ATGACAGAAA..TGGAGAATAA]
13:33:05.371 - INFO - CDS - contig=contig_19, start=475, stop=648, strand=-, frame=1, truncated=no, start-type=ATG, RBS-motif=None
13:33:05.371 - INFO - CDS - contig=contig_19, start=928, stop=1842, strand=+, frame=1, truncated=no, start-type=ATG, RBS-motif=AGGAGG
13:33:05.371 - INFO - CDS - contig=contig_19, start=1894, stop=2508, strand=+, frame=1, truncated=no, start-type=ATG, RBS-motif=AGGAGG
13:33:05.371 - INFO - CDS - contig=contig_19, start=2498, stop=2761, strand=+, frame=2, truncated=no, start-type=ATG, RBS-motif=GGAG/GAGG
13:33:05.371 - INFO - CDS - contig=contig_19, start=2781, stop=3284, strand=+, frame=3, truncated=no, start-type=ATG, RBS-motif=GGAGG
13:33:05.371 - INFO - CDS - contig=contig_19, start=3274, stop=4101, strand=+, frame=1, truncated=no, start-type=ATG, RBS-motif=GGA/GAG/AGG
13:33:05.371 - INFO - CDS - contig=contig_19, start=4129, stop=4965, strand=+, frame=1, truncated=no, start-type=ATG, RBS-motif=AGGA
13:33:05.371 - INFO - CDS - contig=contig_19, start=5014, stop=5361, strand=+, frame=1, truncated=no, start-type=ATG, RBS-motif=AGGA
13:33:05.371 - INFO - CDS - contig=contig_19, start=5444, stop=5920, strand=+, frame=2, truncated=no, start-type=ATG, RBS-motif=AGGAG/GGAGG
13:33:05.371 - INFO - CDS - contig=contig_19, start=5917, stop=7704, strand=+, frame=1, truncated=no, start-type=ATG, RBS-motif=AGGAG
13:33:05.371 - INFO - CDS - contig=contig_19, start=7799, stop=7930, strand=+, frame=2, truncated=no, start-type=ATG, RBS-motif=GGAGG
13:33:05.371 - INFO - CDS - contig=contig_19, start=8379, stop=8483, strand=+, frame=3, truncated=no, start-type=ATG, RBS-motif=GGAG/GAGG
13:33:05.371 - INFO - CDS - contig=contig_19, start=8891, stop=9760, strand=+, frame=2, truncated=no, start-type=ATG, RBS-motif=AGGAGG
13:33:05.371 - INFO - CDS - contig=contig_19, start=10227, stop=10658, strand=+, frame=3, truncated=no, start-type=ATG, RBS-motif=GGA/GAG/AGG
13:33:05.371 - INFO - CDS - contig=contig_19, start=10699, stop=12984, strand=+, frame=1, truncated=no, start-type=ATG, RBS-motif=None
13:33:05.372 - INFO - CDS - contig=contig_19, start=12981, stop=14690, strand=+, frame=3, truncated=no, start-type=ATG, RBS-motif=AGxAGG/AGGxGG
13:33:05.372 - INFO - CDS - contig=contig_19, start=14706, stop=14945, strand=+, frame=3, truncated=no, start-type=ATG, RBS-motif=AGGAG
13:33:05.372 - INFO - CDS - contig=contig_19, start=14938, stop=15972, strand=+, frame=1, truncated=no, start-type=ATG, RBS-motif=AGGAGG
13:33:05.372 - INFO - CDS - contig=contig_19, start=15969, stop=16157, strand=+, frame=3, truncated=no, start-type=ATG, RBS-motif=GGAGG
13:33:05.372 - INFO - CDS - contig=contig_19, start=16145, stop=18187, strand=+, frame=2, truncated=no, start-type=ATG, RBS-motif=GGAGG
13:33:05.372 - INFO - CDS - contig=contig_19, start=18198, stop=18545, strand=+, frame=3, truncated=no, start-type=ATG, RBS-motif=None
13:33:05.372 - INFO - CDS - contig=contig_19, start=18713, stop=21160, strand=+, frame=2, truncated=no, start-type=ATG, RBS-motif=AGGAG
13:33:05.372 - INFO - CDS - contig=contig_19, start=21162, stop=21392, strand=+, frame=3, truncated=no, start-type=ATG, RBS-motif=AGGAG
13:33:05.372 - INFO - CDS - contig=contig_19, start=22157, stop=22510, strand=+, frame=2, truncated=no, start-type=ATG, RBS-motif=AGGAG
13:33:05.372 - INFO - CDS - contig=contig_19, start=22618, stop=24519, strand=+, frame=1, truncated=no, start-type=ATG, RBS-motif=None
13:33:05.372 - INFO - CDS - contig=contig_19, start=24538, stop=28563, strand=+, frame=1, truncated=no, start-type=TTG, RBS-motif=GGA/GAG/AGG
13:33:05.372 - INFO - CDS - contig=contig_19, start=29296, stop=31179, strand=+, frame=1, truncated=no, start-type=TTG, RBS-motif=AGGA/GGAG/GAGG
13:33:05.372 - INFO - CDS - contig=contig_19, start=31380, stop=33869, strand=+, frame=3, truncated=no, start-type=TTG, RBS-motif=GGA/GAG/AGG
13:33:05.372 - INFO - CDS - contig=contig_19, start=33869, stop=34366, strand=+, frame=2, truncated=no, start-type=ATG, RBS-motif=GGAGG
13:33:05.373 - INFO - CDS - contig=contig_19, start=34370, stop=34708, strand=+, frame=2, truncated=no, start-type=ATG, RBS-motif=GGAG/GAGG
13:33:05.373 - INFO - CDS - contig=contig_19, start=34787, stop=35026, strand=-, frame=3, truncated=no, start-type=TTG, RBS-motif=GGAGG
13:33:05.373 - INFO - CDS - contig=contig_19, start=35252, stop=35569, strand=+, frame=2, truncated=no, start-type=ATG, RBS-motif=AGGAG/GGAGG
13:33:05.373 - INFO - CDS - contig=contig_19, start=35557, stop=35844, strand=+, frame=1, truncated=no, start-type=ATG, RBS-motif=AGGAGG
13:33:05.373 - INFO - CDS - contig=contig_19, start=35945, stop=36538, strand=+, frame=2, truncated=no, start-type=ATG, RBS-motif=AGxAGG/AGGxGG
13:33:05.373 - INFO - CDS - contig=contig_19, start=36535, stop=37374, strand=+, frame=1, truncated=no, start-type=ATG, RBS-motif=GGAGG
13:33:05.373 - INFO - CDS - contig=contig_19, start=37421, stop=38200, strand=+, frame=2, truncated=no, start-type=ATG, RBS-motif=GGA/GAG/AGG
13:33:05.373 - INFO - CDS - contig=contig_19, start=38300, stop=39724, strand=+, frame=2, truncated=no, start-type=ATG, RBS-motif=AGGAGG
13:33:05.373 - INFO - CDS - contig=contig_19, start=39690, stop=39806, strand=+, frame=3, truncated=no, start-type=ATG, RBS-motif=AGGAGG
13:33:05.373 - INFO - CDS - contig=contig_19, start=40148, stop=41140, strand=-, frame=3, truncated=no, start-type=ATG, RBS-motif=AGGAG
13:33:05.373 - INFO - CDS - contig=contig_19, start=41341, stop=41925, strand=+, frame=1, truncated=no, start-type=ATG, RBS-motif=GGAGG
13:33:05.373 - INFO - CDS - contig=contig_19, start=41925, stop=42665, strand=+, frame=3, truncated=no, start-type=ATG, RBS-motif=None
13:33:05.373 - INFO - CDS - contig=contig_19, start=42683, stop=44155, strand=+, frame=2, truncated=no, start-type=ATG, RBS-motif=GGAGG
13:33:05.373 - INFO - CDS - contig=contig_19, start=44152, stop=45897, strand=+, frame=1, truncated=no, start-type=ATG, RBS-motif=AGxAGG/AGGxGG
13:33:05.373 - INFO - CDS - contig=contig_19, start=45912, stop=47648, strand=+, frame=3, truncated=no, start-type=ATG, RBS-motif=AGxAGG/AGGxGG
13:33:05.373 - INFO - CDS - contig=contig_19, start=47660, stop=48028, strand=+, frame=2, truncated=no, start-type=ATG, RBS-motif=AGGAGG
13:33:05.373 - INFO - CDS - contig=contig_19, start=48189, stop=48515, strand=-, frame=2, truncated=no, start-type=ATG, RBS-motif=GGAG/GAGG
13:33:05.374 - INFO - CDS - contig=contig_19, start=48968, stop=49444, strand=+, frame=2, truncated=no, start-type=ATG, RBS-motif=GGAGG
13:33:05.374 - INFO - CDS - contig=contig_19, start=50022, stop=50246, strand=+, frame=3, truncated=no, start-type=ATG, RBS-motif=AGGAG
13:33:05.374 - INFO - CDS - contig=contig_19, start=50369, stop=52003, strand=+, frame=2, truncated=no, start-type=ATG, RBS-motif=AGGAG
13:33:05.374 - INFO - CDS - contig=contig_19, start=52006, stop=53664, strand=+, frame=1, truncated=no, start-type=ATG, RBS-motif=AGxAGG/AGGxGG
13:33:05.374 - INFO - CDS - contig=contig_19, start=53649, stop=55175, strand=+, frame=3, truncated=no, start-type=ATG, RBS-motif=GGAGG
13:33:05.374 - INFO - CDS - contig=contig_19, start=54977, stop=56200, strand=-, frame=3, truncated=no, start-type=ATG, RBS-motif=GGxGG
13:33:05.374 - INFO - CDS - contig=contig_19, start=56305, stop=56454, strand=-, frame=1, truncated=no, start-type=ATG, RBS-motif=GGAGG
13:33:05.374 - INFO - CDS - contig=contig_19, start=56469, stop=56906, strand=-, frame=2, truncated=no, start-type=ATG, RBS-motif=GGA/GAG/AGG
13:33:05.374 - INFO - CDS - contig=contig_19, start=57935, stop=58147, strand=+, frame=2, truncated=no, start-type=ATG, RBS-motif=AGGAGG
13:33:05.374 - INFO - CDS - contig=contig_19, start=58393, stop=58653, strand=+, frame=1, truncated=no, start-type=ATG, RBS-motif=AGGAGG
13:33:05.374 - INFO - CDS - contig=contig_19, start=475, stop=648, strand=-, nt=[ATGCTGGCCT..CACAAAATAA]
13:33:05.374 - INFO - CDS - contig=contig_19, start=928, stop=1842, strand=+, nt=[ATGACTGAAA..GAGCCGTTGA]
13:33:05.374 - INFO - CDS - contig=contig_19, start=1894, stop=2508, strand=+, nt=[ATGTATATCA..TGAACGCTGA]
13:33:05.374 - INFO - CDS - contig=contig_19, start=2498, stop=2761, strand=+, nt=[ATGAACGCTG..GCGTCACTAA]
13:33:05.374 - INFO - CDS - contig=contig_19, start=2781, stop=3284, strand=+, nt=[ATGAGCAGAG..TGAGCTGTGA]
13:33:05.374 - INFO - CDS - contig=contig_19, start=3274, stop=4101, strand=+, nt=[ATGAGCTGTG..AACAGGTTGA]
13:33:05.374 - INFO - CDS - contig=contig_19, start=4129, stop=4965, strand=+, nt=[ATGGCTGTAT..CGGCCCCTAA]
13:33:05.374 - INFO - CDS - contig=contig_19, start=5014, stop=5361, strand=+, nt=[ATGAAACGCC..AAATGAATGA]
13:33:05.374 - INFO - CDS - contig=contig_19, start=5444, stop=5920, strand=+, nt=[ATGCAGGAAG..GGAACGATGA]
13:33:05.374 - INFO - CDS - contig=contig_19, start=5917, stop=7704, strand=+, nt=[ATGAAGCAAG..TGTCGCCTGA]
13:33:05.374 - INFO - CDS - contig=contig_19, start=7799, stop=7930, strand=+, nt=[ATGGCTTTCT..GCGTTCCTGA]
13:33:05.374 - INFO - CDS - contig=contig_19, start=8379, stop=8483, strand=+, nt=[ATGCGGCCCA..AAGGCAATAA]
13:33:05.374 - INFO - CDS - contig=contig_19, start=8891, stop=9760, strand=+, nt=[ATGGATTTCT..TGCACATTAA]
13:33:05.375 - INFO - CDS - contig=contig_19, start=10227, stop=10658, strand=+, nt=[ATGGCCTATG..GAACGGATAA]
13:33:05.375 - INFO - CDS - contig=contig_19, start=10699, stop=12984, strand=+, nt=[ATGTGGCCGG..GTCGGCATGA]
13:33:05.375 - INFO - CDS - contig=contig_19, start=12981, stop=14690, strand=+, nt=[ATGAAAAGAG..CTTGCCGTAA]
13:33:05.375 - INFO - CDS - contig=contig_19, start=14706, stop=14945, strand=+, nt=[ATGAACCCGA..CCATGACTAA]
13:33:05.375 - INFO - CDS - contig=contig_19, start=14938, stop=15972, strand=+, nt=[ATGACTAAGA..GGACGCATGA]
13:33:05.375 - INFO - CDS - contig=contig_19, start=15969, stop=16157, strand=+, nt=[ATGAAATATT..CGCCTTGTGA]
13:33:05.375 - INFO - CDS - contig=contig_19, start=16145, stop=18187, strand=+, nt=[ATGCGCCTTG..CAATGGCTGA]
13:33:05.375 - INFO - CDS - contig=contig_19, start=18198, stop=18545, strand=+, nt=[ATGGATCACA..CCGCAAATAG]
13:33:05.375 - INFO - CDS - contig=contig_19, start=18713, stop=21160, strand=+, nt=[ATGGCTGAAA..GGAGCTTTGA]
13:33:05.375 - INFO - CDS - contig=contig_19, start=21162, stop=21392, strand=+, nt=[ATGAACATCA..TGCCGAGTAA]
13:33:05.375 - INFO - CDS - contig=contig_19, start=22157, stop=22510, strand=+, nt=[ATGAGCGAAC..GTTCAGCTAA]
13:33:05.375 - INFO - CDS - contig=contig_19, start=22618, stop=24519, strand=+, nt=[ATGTTCATTT..GCTCACATAG]
13:33:05.375 - INFO - CDS - contig=contig_19, start=24538, stop=28563, strand=+, nt=[TTGGCACAGC..ACGTTCGTAA]
13:33:05.375 - INFO - CDS - contig=contig_19, start=29296, stop=31179, strand=+, nt=[TTGGCAAACA..CGTTTTCTAA]
13:33:05.375 - INFO - CDS - contig=contig_19, start=31380, stop=33869, strand=+, nt=[TTGGGACTGT..GGCACGATAA]
13:33:05.375 - INFO - CDS - contig=contig_19, start=33869, stop=34366, strand=+, nt=[ATGAAAAATC..GGAGCGCTGA]
13:33:05.375 - INFO - CDS - contig=contig_19, start=34370, stop=34708, strand=+, nt=[ATGGCAAAAC..GCTGAAATAA]
13:33:05.375 - INFO - CDS - contig=contig_19, start=34787, stop=35026, strand=-, nt=[TTGCAGTTGA..GGAACCGTAG]
13:33:05.375 - INFO - CDS - contig=contig_19, start=35252, stop=35569, strand=+, nt=[ATGCTGACAA..TTCATCCTGA]
13:33:05.375 - INFO - CDS - contig=contig_19, start=35557, stop=35844, strand=+, nt=[ATGTTCATCC..CCATAGTTAA]
13:33:05.375 - INFO - CDS - contig=contig_19, start=35945, stop=36538, strand=+, nt=[ATGACCGCCT..ACTCTTATGA]
13:33:05.375 - INFO - CDS - contig=contig_19, start=36535, stop=37374, strand=+, nt=[ATGATAAAGA..GGCGCAGTAG]
13:33:05.375 - INFO - CDS - contig=contig_19, start=37421, stop=38200, strand=+, nt=[ATGGACTTAA..GATAAAATAA]
13:33:05.375 - INFO - CDS - contig=contig_19, start=38300, stop=39724, strand=+, nt=[ATGGCAACCA..GCAGCGCTGA]
13:33:05.375 - INFO - CDS - contig=contig_19, start=39690, stop=39806, strand=+, nt=[ATGAACGACG..TGTGTTCTGA]
13:33:05.375 - INFO - CDS - contig=contig_19, start=40148, stop=41140, strand=-, nt=[ATGAAGATTG..AAATATATAA]
13:33:05.375 - INFO - CDS - contig=contig_19, start=41341, stop=41925, strand=+, nt=[ATGAGTAACA..CATTGTGTGA]
13:33:05.375 - INFO - CDS - contig=contig_19, start=41925, stop=42665, strand=+, nt=[ATGAACGGGC..TTCTTTTTGA]
13:33:05.375 - INFO - CDS - contig=contig_19, start=42683, stop=44155, strand=+, nt=[ATGATACGGA..TACAAAATGA]
13:33:05.375 - INFO - CDS - contig=contig_19, start=44152, stop=45897, strand=+, nt=[ATGAAGGAAG..CCAGATGTAA]
13:33:05.376 - INFO - CDS - contig=contig_19, start=45912, stop=47648, strand=+, nt=[ATGTATGGAA..GGCTCAGTAA]
13:33:05.376 - INFO - CDS - contig=contig_19, start=47660, stop=48028, strand=+, nt=[ATGAAACTTC..GGAGAGGTAA]
13:33:05.376 - INFO - CDS - contig=contig_19, start=48189, stop=48515, strand=-, nt=[ATGAACTTTC..CGATAAATAA]
13:33:05.376 - INFO - CDS - contig=contig_19, start=48968, stop=49444, strand=+, nt=[ATGTTTAATA..TTTCCCGTAA]
13:33:05.376 - INFO - CDS - contig=contig_19, start=50022, stop=50246, strand=+, nt=[ATGATGCAGC..TTTGCGCTGA]
13:33:05.376 - INFO - CDS - contig=contig_19, start=50369, stop=52003, strand=+, nt=[ATGCCTAAAT..GGTGGGGTGA]
13:33:05.376 - INFO - CDS - contig=contig_19, start=52006, stop=53664, strand=+, nt=[ATGGCGAGAA..AAATATGTGA]
13:33:05.376 - INFO - CDS - contig=contig_19, start=53649, stop=55175, strand=+, nt=[ATGCAGAAAT..TTTCGCTTGA]
13:33:05.376 - INFO - CDS - contig=contig_19, start=54977, stop=56200, strand=-, nt=[ATGAAAAAGA..TGCGGCATAG]
13:33:05.376 - INFO - CDS - contig=contig_19, start=56305, stop=56454, strand=-, nt=[ATGAGTTTTG..TGGGAAATAA]
13:33:05.376 - INFO - CDS - contig=contig_19, start=56469, stop=56906, strand=-, nt=[ATGAAAAGGC..CGTACATTAA]
13:33:05.376 - INFO - CDS - contig=contig_19, start=57935, stop=58147, strand=+, nt=[ATGAGTTTTG..GGGGAGGTAA]
13:33:05.376 - INFO - CDS - contig=contig_19, start=58393, stop=58653, strand=+, nt=[ATGCCAAAAG..CGCATCATGA]
13:33:05.376 - INFO - CDS - contig=contig_20, start=287, stop=562, strand=+, frame=2, truncated=no, start-type=ATG, RBS-motif=GGA/GAG/AGG
13:33:05.376 - INFO - CDS - contig=contig_20, start=831, stop=3506, strand=+, frame=3, truncated=no, start-type=ATG, RBS-motif=AGGAGG
13:33:05.376 - INFO - CDS - contig=contig_20, start=3503, stop=4117, strand=+, frame=2, truncated=no, start-type=ATG, RBS-motif=GGAGG
13:33:05.376 - INFO - CDS - contig=contig_20, start=4114, stop=5772, strand=+, frame=1, truncated=no, start-type=ATG, RBS-motif=AGGAGG
13:33:05.376 - INFO - CDS - contig=contig_20, start=5769, stop=6557, strand=+, frame=3, truncated=no, start-type=ATG, RBS-motif=AGGAGG
13:33:05.376 - INFO - CDS - contig=contig_20, start=6665, stop=7663, strand=-, frame=2, truncated=no, start-type=ATG, RBS-motif=GGAG/GAGG
13:33:05.376 - INFO - CDS - contig=contig_20, start=7687, stop=8883, strand=-, frame=3, truncated=no, start-type=ATG, RBS-motif=AGGAG
13:33:05.377 - INFO - CDS - contig=contig_20, start=8928, stop=9902, strand=-, frame=1, truncated=no, start-type=ATG, RBS-motif=AGxAGG/AGGxGG
13:33:05.377 - INFO - CDS - contig=contig_20, start=9940, stop=11265, strand=-, frame=3, truncated=no, start-type=ATG, RBS-motif=AGGAGG
13:33:05.377 - INFO - CDS - contig=contig_20, start=11262, stop=11810, strand=-, frame=1, truncated=no, start-type=ATG, RBS-motif=GGAG/GAGG
13:33:05.377 - INFO - CDS - contig=contig_20, start=11948, stop=13093, strand=-, frame=2, truncated=no, start-type=ATG, RBS-motif=AGGAGG
13:33:05.377 - INFO - CDS - contig=contig_20, start=13376, stop=14155, strand=-, frame=2, truncated=no, start-type=ATG, RBS-motif=GGAGG
13:33:05.377 - INFO - CDS - contig=contig_20, start=14421, stop=15512, strand=-, frame=1, truncated=no, start-type=ATG, RBS-motif=AGGA/GGAG/GAGG
13:33:05.377 - INFO - CDS - contig=contig_20, start=15833, stop=17194, strand=+, frame=2, truncated=no, start-type=ATG, RBS-motif=AGGAG
13:33:05.377 - INFO - CDS - contig=contig_20, start=17362, stop=17994, strand=+, frame=1, truncated=no, start-type=TTG, RBS-motif=GGA/GAG/AGG
13:33:05.377 - INFO - CDS - contig=contig_20, start=17991, stop=18287, strand=+, frame=3, truncated=no, start-type=GTG, RBS-motif=GGxGG
13:33:05.377 - INFO - CDS - contig=contig_20, start=18612, stop=20453, strand=-, frame=1, truncated=no, start-type=ATG, RBS-motif=AGGA
13:33:05.377 - INFO - CDS - contig=contig_20, start=20626, stop=21144, strand=-, frame=3, truncated=no, start-type=TTG, RBS-motif=AGGAG
13:33:05.377 - INFO - CDS - contig=contig_20, start=21172, stop=22011, strand=-, frame=3, truncated=no, start-type=ATG, RBS-motif=AGGAGG
13:33:05.377 - INFO - CDS - contig=contig_20, start=22150, stop=23526, strand=-, frame=3, truncated=no, start-type=ATG, RBS-motif=GGAG/GAGG
13:33:05.377 - INFO - CDS - contig=contig_20, start=23532, stop=24116, strand=-, frame=1, truncated=no, start-type=ATG, RBS-motif=GGAGG
13:33:05.377 - INFO - CDS - contig=contig_20, start=24234, stop=24794, strand=+, frame=3, truncated=no, start-type=ATG, RBS-motif=GGAG/GAGG
13:33:05.377 - INFO - CDS - contig=contig_20, start=24820, stop=25824, strand=-, frame=3, truncated=no, start-type=ATG, RBS-motif=GGAG/GAGG
13:33:05.377 - INFO - CDS - contig=contig_20, start=25864, stop=27675, strand=-, frame=3, truncated=no, start-type=ATG, RBS-motif=GGAG/GAGG
13:33:05.378 - INFO - CDS - contig=contig_20, start=27927, stop=28874, strand=-, frame=1, truncated=no, start-type=TTG, RBS-motif=GGAG/GAGG
13:33:05.378 - INFO - CDS - contig=contig_20, start=28984, stop=29694, strand=+, frame=1, truncated=no, start-type=ATG, RBS-motif=GGAG/GAGG
13:33:05.378 - INFO - CDS - contig=contig_20, start=29688, stop=30020, strand=+, frame=3, truncated=no, start-type=ATG, RBS-motif=GGAGG
13:33:05.378 - INFO - CDS - contig=contig_20, start=30101, stop=30922, strand=-, frame=2, truncated=no, start-type=ATG, RBS-motif=AGxAGG/AGGxGG
13:33:05.378 - INFO - CDS - contig=contig_20, start=31020, stop=31964, strand=-, frame=1, truncated=no, start-type=ATG, RBS-motif=AGGAGG
13:33:05.378 - INFO - CDS - contig=contig_20, start=31966, stop=33462, strand=-, frame=3, truncated=no, start-type=ATG, RBS-motif=GGAGG
13:33:05.378 - INFO - CDS - contig=contig_20, start=33538, stop=34143, strand=-, frame=3, truncated=no, start-type=ATG, RBS-motif=AGGA/GGAG/GAGG
13:33:05.378 - INFO - CDS - contig=contig_20, start=34223, stop=34666, strand=-, frame=2, truncated=no, start-type=ATG, RBS-motif=AGGAG
13:33:05.378 - INFO - CDS - contig=contig_20, start=34680, stop=35747, strand=-, frame=1, truncated=no, start-type=ATG, RBS-motif=AGxAGG/AGGxGG
13:33:05.378 - INFO - CDS - contig=contig_20, start=35960, stop=37369, strand=+, frame=2, truncated=no, start-type=TTG, RBS-motif=GGAGG
13:33:05.378 - INFO - CDS - contig=contig_20, start=37528, stop=40122, strand=+, frame=1, truncated=no, start-type=ATG, RBS-motif=AGGAG
13:33:05.378 - INFO - CDS - contig=contig_20, start=40159, stop=40857, strand=+, frame=1, truncated=no, start-type=ATG, RBS-motif=AGGAG
13:33:05.378 - INFO - CDS - contig=contig_20, start=40990, stop=42927, strand=+, frame=1, truncated=no, start-type=ATG, RBS-motif=AGGAG
13:33:05.378 - INFO - CDS - contig=contig_20, start=43230, stop=43514, strand=+, frame=3, truncated=no, start-type=ATG, RBS-motif=AGGAG
13:33:05.378 - INFO - CDS - contig=contig_20, start=43623, stop=44903, strand=+, frame=3, truncated=no, start-type=ATG, RBS-motif=GGA/GAG/AGG
13:33:05.378 - INFO - CDS - contig=contig_20, start=44949, stop=45653, strand=+, frame=3, truncated=no, start-type=ATG, RBS-motif=AGGAGG
13:33:05.378 - INFO - CDS - contig=contig_20, start=45678, stop=46172, strand=+, frame=3, truncated=no, start-type=ATG, RBS-motif=GGAGG
13:33:05.379 - INFO - CDS - contig=contig_20, start=46390, stop=47187, strand=+, frame=1, truncated=no, start-type=ATG, RBS-motif=GGxGG
13:33:05.379 - INFO - CDS - contig=contig_20, start=47621, stop=50422, strand=+, frame=2, truncated=no, start-type=ATG, RBS-motif=AGGAG
13:33:05.379 - INFO - CDS - contig=contig_20, start=50471, stop=51454, strand=-, frame=2, truncated=no, start-type=ATG, RBS-motif=GGA/GAG/AGG
13:33:05.379 - INFO - CDS - contig=contig_20, start=51671, stop=52804, strand=+, frame=2, truncated=no, start-type=ATG, RBS-motif=GGAGG
13:33:05.379 - INFO - CDS - contig=contig_20, start=52837, stop=54327, strand=+, frame=1, truncated=no, start-type=ATG, RBS-motif=AGGAGG
13:33:05.379 - INFO - CDS - contig=contig_20, start=54397, stop=55278, strand=-, frame=3, truncated=no, start-type=TTG, RBS-motif=AGGAG
13:33:05.379 - INFO - CDS - contig=contig_20, start=55456, stop=55944, strand=+, frame=1, truncated=no, start-type=ATG, RBS-motif=AGGAG
13:33:05.379 - INFO - CDS - contig=contig_20, start=55919, stop=56833, strand=+, frame=2, truncated=no, start-type=ATG, RBS-motif=GGAG/GAGG
13:33:05.379 - INFO - CDS - contig=contig_20, start=57048, stop=57623, strand=+, frame=3, truncated=no, start-type=ATG, RBS-motif=GGAGG
13:33:05.379 - INFO - CDS - contig=contig_20, start=57636, stop=58442, strand=+, frame=3, truncated=no, start-type=TTG, RBS-motif=GGA/GAG/AGG
13:33:05.379 - INFO - CDS - contig=contig_20, start=287, stop=562, strand=+, nt=[ATGCTTGTAA..GAACAAATAG]
13:33:05.379 - INFO - CDS - contig=contig_20, start=831, stop=3506, strand=+, nt=[ATGCAGGCAA..GCGCGTATGA]
13:33:05.379 - INFO - CDS - contig=contig_20, start=3503, stop=4117, strand=+, nt=[ATGAAACATG..CAACGGATGA]
13:33:05.379 - INFO - CDS - contig=contig_20, start=4114, stop=5772, strand=+, nt=[ATGACACATC..ACACAAATGA]
13:33:05.379 - INFO - CDS - contig=contig_20, start=5769, stop=6557, strand=+, nt=[ATGAACAACA..GTTTGACTGA]
13:33:05.379 - INFO - CDS - contig=contig_20, start=6665, stop=7663, strand=-, nt=[ATGACGAACC..CCAAATCTGA]
13:33:05.379 - INFO - CDS - contig=contig_20, start=7687, stop=8883, strand=-, nt=[ATGCCGGAAT..GGAATTTTAA]
13:33:05.379 - INFO - CDS - contig=contig_20, start=8928, stop=9902, strand=-, nt=[ATGGACGTCA..CCTGCGCTGA]
13:33:05.379 - INFO - CDS - contig=contig_20, start=9940, stop=11265, strand=-, nt=[ATGAATTCGA..GGCGGTCTGA]
13:33:05.380 - INFO - CDS - contig=contig_20, start=11262, stop=11810, strand=-, nt=[ATGAAAGCTA..CGACAAATGA]
13:33:05.380 - INFO - CDS - contig=contig_20, start=11948, stop=13093, strand=-, nt=[ATGAAAAAGA..CGCCAACTGA]
13:33:05.380 - INFO - CDS - contig=contig_20, start=13376, stop=14155, strand=-, nt=[ATGGCTGAAA..AGCCCTCTGA]
13:33:05.380 - INFO - CDS - contig=contig_20, start=14421, stop=15512, strand=-, nt=[ATGAAATTAG..CAACGTCTGA]
13:33:05.380 - INFO - CDS - contig=contig_20, start=15833, stop=17194, strand=+, nt=[ATGGGTATCC..GACGGAATAA]
13:33:05.380 - INFO - CDS - contig=contig_20, start=17362, stop=17994, strand=+, nt=[TTGAGCGAGC..GCGGCCGTGA]
13:33:05.380 - INFO - CDS - contig=contig_20, start=17991, stop=18287, strand=+, nt=[GTGAGGGCGT..GGCGGGCTGA]
13:33:05.380 - INFO - CDS - contig=contig_20, start=18612, stop=20453, strand=-, nt=[ATGACATTCC..GGACGACTGA]
13:33:05.380 - INFO - CDS - contig=contig_20, start=20626, stop=21144, strand=-, nt=[TTGAAGGACA..GCGCTTGTAA]
13:33:05.380 - INFO - CDS - contig=contig_20, start=21172, stop=22011, strand=-, nt=[ATGCCATGCA..ACTGCCCTGA]
13:33:05.380 - INFO - CDS - contig=contig_20, start=22150, stop=23526, strand=-, nt=[ATGGCAAAGC..TGGGGCTTAG]
13:33:05.380 - INFO - CDS - contig=contig_20, start=23532, stop=24116, strand=-, nt=[ATGAGCGCGA..CGAGGCGTGA]
13:33:05.380 - INFO - CDS - contig=contig_20, start=24234, stop=24794, strand=+, nt=[ATGGCGCATT..GCTCGGATAA]
13:33:05.380 - INFO - CDS - contig=contig_20, start=24820, stop=25824, strand=-, nt=[ATGAAGGAAA..GATCGCATAA]
13:33:05.380 - INFO - CDS - contig=contig_20, start=25864, stop=27675, strand=-, nt=[ATGCATGACT..ACGGGGCTGA]
13:33:05.380 - INFO - CDS - contig=contig_20, start=27927, stop=28874, strand=-, nt=[TTGGTACAAT..CGGGAAATAA]
13:33:05.380 - INFO - CDS - contig=contig_20, start=28984, stop=29694, strand=+, nt=[ATGGATCGAA..GTCATGCTGA]
13:33:05.380 - INFO - CDS - contig=contig_20, start=29688, stop=30020, strand=+, nt=[ATGCTGAGTA..GTTCGTGTAG]
13:33:05.380 - INFO - CDS - contig=contig_20, start=30101, stop=30922, strand=-, nt=[ATGTCCGAAT..GGCCGAATAA]
13:33:05.380 - INFO - CDS - contig=contig_20, start=31020, stop=31964, strand=-, nt=[ATGCCCTATC..CCGCTACTGA]
13:33:05.380 - INFO - CDS - contig=contig_20, start=31966, stop=33462, strand=-, nt=[ATGAAGCTCT..GGAGGGGTAG]
13:33:05.380 - INFO - CDS - contig=contig_20, start=33538, stop=34143, strand=-, nt=[ATGCAAATCA..GGAGGGCTGA]
13:33:05.380 - INFO - CDS - contig=contig_20, start=34223, stop=34666, strand=-, nt=[ATGCGCGCTG..CCAGATGTGA]
13:33:05.380 - INFO - CDS - contig=contig_20, start=34680, stop=35747, strand=-, nt=[ATGAAAAAGC..ATACCGATAA]
13:33:05.380 - INFO - CDS - contig=contig_20, start=35960, stop=37369, strand=+, nt=[TTGAACCGAG..GCCGGACTGA]
13:33:05.380 - INFO - CDS - contig=contig_20, start=37528, stop=40122, strand=+, nt=[ATGGCCGAAC..GCTGCTGTAA]
13:33:05.380 - INFO - CDS - contig=contig_20, start=40159, stop=40857, strand=+, nt=[ATGCCGAAAC..GATCCGTTGA]
13:33:05.380 - INFO - CDS - contig=contig_20, start=40990, stop=42927, strand=+, nt=[ATGCCTCACA..GCGGGCGTGA]
13:33:05.381 - INFO - CDS - contig=contig_20, start=43230, stop=43514, strand=+, nt=[ATGCAAAAGA..CGGACGGTAG]
13:33:05.381 - INFO - CDS - contig=contig_20, start=43623, stop=44903, strand=+, nt=[ATGAAACAAG..CGTGCGGTAG]
13:33:05.381 - INFO - CDS - contig=contig_20, start=44949, stop=45653, strand=+, nt=[ATGTCCCTTG..TACACGGTGA]
13:33:05.381 - INFO - CDS - contig=contig_20, start=45678, stop=46172, strand=+, nt=[ATGGGATTTA..GTATTTCTGA]
13:33:05.381 - INFO - CDS - contig=contig_20, start=46390, stop=47187, strand=+, nt=[ATGCTGACAC..AATCAAATAA]
13:33:05.381 - INFO - CDS - contig=contig_20, start=47621, stop=50422, strand=+, nt=[ATGGACTACA..ACAGGGCTGA]
13:33:05.381 - INFO - CDS - contig=contig_20, start=50471, stop=51454, strand=-, nt=[ATGAATCTGG..AGAGGCATAA]
13:33:05.381 - INFO - CDS - contig=contig_20, start=51671, stop=52804, strand=+, nt=[ATGGATGAGC..GATGGGATAA]
13:33:05.381 - INFO - CDS - contig=contig_20, start=52837, stop=54327, strand=+, nt=[ATGCCGGATA..TCTCCTATAA]
13:33:05.381 - INFO - CDS - contig=contig_20, start=54397, stop=55278, strand=-, nt=[TTGGAACGCG..AAGGCCTTGA]
13:33:05.381 - INFO - CDS - contig=contig_20, start=55456, stop=55944, strand=+, nt=[ATGCTGTATT..TGACGGCTGA]
13:33:05.381 - INFO - CDS - contig=contig_20, start=55919, stop=56833, strand=+, nt=[ATGACGCCGC..GTTGGTATAG]
13:33:05.381 - INFO - CDS - contig=contig_20, start=57048, stop=57623, strand=+, nt=[ATGACAACCA..GAAGAAATAA]
13:33:05.381 - INFO - CDS - contig=contig_20, start=57636, stop=58442, strand=+, nt=[TTGGGCAAGT..GCGATATTAA]
13:33:05.413 - INFO - CDS - contig=contig_21, start=438, stop=1565, strand=-, frame=2, truncated=no, start-type=ATG, RBS-motif=GGAGG
13:33:05.413 - INFO - CDS - contig=contig_21, start=1626, stop=2807, strand=-, frame=2, truncated=no, start-type=ATG, RBS-motif=AGxAGG/AGGxGG
13:33:05.413 - INFO - CDS - contig=contig_21, start=2821, stop=5196, strand=-, frame=1, truncated=no, start-type=ATG, RBS-motif=AGGAG
13:33:05.413 - INFO - CDS - contig=contig_21, start=5500, stop=6831, strand=+, frame=1, truncated=no, start-type=ATG, RBS-motif=GGA/GAG/AGG
13:33:05.413 - INFO - CDS - contig=contig_21, start=7229, stop=8638, strand=+, frame=2, truncated=no, start-type=ATG, RBS-motif=AGGAG
13:33:05.413 - INFO - CDS - contig=contig_21, start=8659, stop=9960, strand=+, frame=1, truncated=no, start-type=ATG, RBS-motif=GGAGG
13:33:05.413 - INFO - CDS - contig=contig_21, start=9981, stop=10760, strand=+, frame=3, truncated=no, start-type=ATG, RBS-motif=AGGAG
13:33:05.414 - INFO - CDS - contig=contig_21, start=10863, stop=12353, strand=+, frame=3, truncated=no, start-type=ATG, RBS-motif=AGGAG
13:33:05.414 - INFO - CDS - contig=contig_21, start=12343, stop=13134, strand=+, frame=1, truncated=no, start-type=ATG, RBS-motif=AGGAG
13:33:05.414 - INFO - CDS - contig=contig_21, start=13182, stop=14399, strand=+, frame=3, truncated=no, start-type=ATG, RBS-motif=AGGAGG
13:33:05.414 - INFO - CDS - contig=contig_21, start=14482, stop=15543, strand=+, frame=1, truncated=no, start-type=ATG, RBS-motif=AGGAGG
13:33:05.414 - INFO - CDS - contig=contig_21, start=15540, stop=16343, strand=+, frame=3, truncated=no, start-type=ATG, RBS-motif=AGGAGG
13:33:05.414 - INFO - CDS - contig=contig_21, start=16358, stop=17377, strand=+, frame=2, truncated=no, start-type=ATG, RBS-motif=GGAGG
13:33:05.414 - INFO - CDS - contig=contig_21, start=17776, stop=18447, strand=-, frame=1, truncated=no, start-type=ATG, RBS-motif=GGAGG
13:33:05.414 - INFO - CDS - contig=contig_21, start=18872, stop=19249, strand=+, frame=2, truncated=no, start-type=ATG, RBS-motif=AGGAG
13:33:05.414 - INFO - CDS - contig=contig_21, start=19264, stop=20475, strand=+, frame=1, truncated=no, start-type=ATG, RBS-motif=None
13:33:05.414 - INFO - CDS - contig=contig_21, start=20518, stop=21585, strand=+, frame=1, truncated=no, start-type=ATG, RBS-motif=AGGAG
13:33:05.414 - INFO - CDS - contig=contig_21, start=21589, stop=22977, strand=+, frame=1, truncated=no, start-type=ATG, RBS-motif=None
13:33:05.414 - INFO - CDS - contig=contig_21, start=22993, stop=24654, strand=+, frame=1, truncated=no, start-type=ATG, RBS-motif=AGGAGG
13:33:05.414 - INFO - CDS - contig=contig_21, start=24725, stop=25744, strand=+, frame=2, truncated=no, start-type=ATG, RBS-motif=AGGAG
13:33:05.415 - INFO - CDS - contig=contig_21, start=25751, stop=26656, strand=+, frame=2, truncated=no, start-type=ATG, RBS-motif=GGAG/GAGG
13:33:05.415 - INFO - CDS - contig=contig_21, start=26658, stop=27638, strand=+, frame=3, truncated=no, start-type=ATG, RBS-motif=GGAGG
13:33:05.415 - INFO - CDS - contig=contig_21, start=27635, stop=28597, strand=+, frame=2, truncated=no, start-type=ATG, RBS-motif=AGGAGG
13:33:05.415 - INFO - CDS - contig=contig_21, start=29003, stop=30124, strand=-, frame=3, truncated=no, start-type=ATG, RBS-motif=AGxAGG/AGGxGG
13:33:05.415 - INFO - CDS - contig=contig_21, start=30239, stop=31681, strand=-, frame=3, truncated=no, start-type=ATG, RBS-motif=AGxAGG/AGGxGG
13:33:05.415 - INFO - CDS - contig=contig_21, start=31720, stop=33138, strand=-, frame=1, truncated=no, start-type=TTG, RBS-motif=GGA/GAG/AGG
13:33:05.415 - INFO - CDS - contig=contig_21, start=33308, stop=34795, strand=-, frame=3, truncated=no, start-type=ATG, RBS-motif=GGAGG
13:33:05.415 - INFO - CDS - contig=contig_21, start=35025, stop=35534, strand=-, frame=2, truncated=no, start-type=ATG, RBS-motif=GGxGG
13:33:05.415 - INFO - CDS - contig=contig_21, start=35818, stop=36594, strand=-, frame=1, truncated=no, start-type=ATG, RBS-motif=AGGA
13:33:05.415 - INFO - CDS - contig=contig_21, start=36848, stop=37897, strand=-, frame=3, truncated=no, start-type=ATG, RBS-motif=GGA/GAG/AGG
13:33:05.415 - INFO - CDS - contig=contig_21, start=38373, stop=39674, strand=+, frame=3, truncated=no, start-type=ATG, RBS-motif=GGAGG
13:33:05.415 - INFO - CDS - contig=contig_21, start=39708, stop=40340, strand=+, frame=3, truncated=no, start-type=ATG, RBS-motif=GGA/GAG/AGG
13:33:05.415 - INFO - CDS - contig=contig_21, start=40452, stop=41630, strand=-, frame=2, truncated=no, start-type=ATG, RBS-motif=AGGAGG
13:33:05.415 - INFO - CDS - contig=contig_21, start=42202, stop=44079, strand=+, frame=1, truncated=no, start-type=ATG, RBS-motif=GGAG/GAGG
13:33:05.415 - INFO - CDS - contig=contig_21, start=44139, stop=44816, strand=+, frame=3, truncated=no, start-type=ATG, RBS-motif=AGxAGG/AGGxGG
13:33:05.416 - INFO - CDS - contig=contig_21, start=44892, stop=45659, strand=+, frame=3, truncated=no, start-type=ATG, RBS-motif=AGxAGG/AGGxGG
13:33:05.416 - INFO - CDS - contig=contig_21, start=45964, stop=46917, strand=-, frame=1, truncated=no, start-type=ATG, RBS-motif=GGAGG
13:33:05.416 - INFO - CDS - contig=contig_21, start=47106, stop=49373, strand=+, frame=3, truncated=no, start-type=ATG, RBS-motif=GGAGG
13:33:05.416 - INFO - CDS - contig=contig_21, start=49925, stop=50284, strand=+, frame=2, truncated=no, start-type=ATG, RBS-motif=AGGAGG
13:33:05.416 - INFO - CDS - contig=contig_21, start=50357, stop=53197, strand=-, frame=3, truncated=no, start-type=ATG, RBS-motif=GGAG/GAGG
13:33:05.416 - INFO - CDS - contig=contig_21, start=438, stop=1565, strand=-, nt=[ATGAGTTTGT..GCTGAAATAA]
13:33:05.416 - INFO - CDS - contig=contig_21, start=1626, stop=2807, strand=-, nt=[ATGAAAGATG..GCTGCCCTGA]
13:33:05.416 - INFO - CDS - contig=contig_21, start=2821, stop=5196, strand=-, nt=[ATGGACTGCA..CAGGAATTAA]
13:33:05.416 - INFO - CDS - contig=contig_21, start=5500, stop=6831, strand=+, nt=[ATGAGACCTC..GAACAAATGA]
13:33:05.416 - INFO - CDS - contig=contig_21, start=7229, stop=8638, strand=+, nt=[ATGTCAACAC..AACAGAGTAA]
13:33:05.416 - INFO - CDS - contig=contig_21, start=8659, stop=9960, strand=+, nt=[ATGAACCCGC..ACTTTGGTAA]
13:33:05.416 - INFO - CDS - contig=contig_21, start=9981, stop=10760, strand=+, nt=[ATGGAATACC..CGGCAGATAA]
13:33:05.416 - INFO - CDS - contig=contig_21, start=10863, stop=12353, strand=+, nt=[ATGCTGTTTC..TGGAATATAA]
13:33:05.416 - INFO - CDS - contig=contig_21, start=12343, stop=13134, strand=+, nt=[ATGGAATATA..CGGGACCTAG]
13:33:05.416 - INFO - CDS - contig=contig_21, start=13182, stop=14399, strand=+, nt=[ATGTTTGATG..CAAACTCTGA]
13:33:05.416 - INFO - CDS - contig=contig_21, start=14482, stop=15543, strand=+, nt=[ATGGCGCGAG..AACAAAATGA]
13:33:05.416 - INFO - CDS - contig=contig_21, start=15540, stop=16343, strand=+, nt=[ATGAATATCT..TATCATCTAA]
13:33:05.416 - INFO - CDS - contig=contig_21, start=16358, stop=17377, strand=+, nt=[ATGGAAGCCA..CGATAATTAA]
13:33:05.417 - INFO - CDS - contig=contig_21, start=17776, stop=18447, strand=-, nt=[ATGGAGCAAA..GTCCAAATAG]
13:33:05.417 - INFO - CDS - contig=contig_21, start=18872, stop=19249, strand=+, nt=[ATGGAAAAAG..CGCACTGTAA]
13:33:05.417 - INFO - CDS - contig=contig_21, start=19264, stop=20475, strand=+, nt=[ATGGCCGGTA..GCAGGATTAG]
13:33:05.417 - INFO - CDS - contig=contig_21, start=20518, stop=21585, strand=+, nt=[ATGAAAGCTA..CGGTTACTAA]
13:33:05.417 - INFO - CDS - contig=contig_21, start=21589, stop=22977, strand=+, nt=[ATGGACGGGG..GACCGACTAA]
13:33:05.417 - INFO - CDS - contig=contig_21, start=22993, stop=24654, strand=+, nt=[ATGAAAACCA..CATGAAGTAA]
13:33:05.417 - INFO - CDS - contig=contig_21, start=24725, stop=25744, strand=+, nt=[ATGCGAAAGA..ATCGGAGTGA]
13:33:05.417 - INFO - CDS - contig=contig_21, start=25751, stop=26656, strand=+, nt=[ATGATGACAA..GGAGAAGTGA]
13:33:05.417 - INFO - CDS - contig=contig_21, start=26658, stop=27638, strand=+, nt=[ATGGAGAAGA..GGCGGTATGA]
13:33:05.417 - INFO - CDS - contig=contig_21, start=27635, stop=28597, strand=+, nt=[ATGAGCGAAA..CTGCATCTGA]
13:33:05.417 - INFO - CDS - contig=contig_21, start=29003, stop=30124, strand=-, nt=[ATGCCCGATC..GGGCGGATGA]
13:33:05.417 - INFO - CDS - contig=contig_21, start=30239, stop=31681, strand=-, nt=[ATGTCTGCAC..GATCTTCTAA]
13:33:05.417 - INFO - CDS - contig=contig_21, start=31720, stop=33138, strand=-, nt=[TTGTCAGAGG..CGTACCATAG]
13:33:05.417 - INFO - CDS - contig=contig_21, start=33308, stop=34795, strand=-, nt=[ATGAAGGAGA..GCAATGGTAG]
13:33:05.417 - INFO - CDS - contig=contig_21, start=35025, stop=35534, strand=-, nt=[ATGGAGCAGG..GCATGTATAG]
13:33:05.417 - INFO - CDS - contig=contig_21, start=35818, stop=36594, strand=-, nt=[ATGGAAAATC..GGAGAAATGA]
13:33:05.417 - INFO - CDS - contig=contig_21, start=36848, stop=37897, strand=-, nt=[ATGAAGGAGG..AATGGCATAA]
13:33:05.417 - INFO - CDS - contig=contig_21, start=38373, stop=39674, strand=+, nt=[ATGGATCTGA..CGCAGACTGA]
13:33:05.417 - INFO - CDS - contig=contig_21, start=39708, stop=40340, strand=+, nt=[ATGAGCATTG..TTTGGCCTGA]
13:33:05.417 - INFO - CDS - contig=contig_21, start=40452, stop=41630, strand=-, nt=[ATGGCAGACT..GGGCGGCTGA]
13:33:05.417 - INFO - CDS - contig=contig_21, start=42202, stop=44079, strand=+, nt=[ATGGATCATC..GACCGAATGA]
13:33:05.417 - INFO - CDS - contig=contig_21, start=44139, stop=44816, strand=+, nt=[ATGTTTCAAG..CGAACAATAA]
13:33:05.417 - INFO - CDS - contig=contig_21, start=44892, stop=45659, strand=+, nt=[ATGAACAAGT..CTATCCATGA]
13:33:05.417 - INFO - CDS - contig=contig_21, start=45964, stop=46917, strand=-, nt=[ATGTACGAGC..GCTGGAGTGA]
13:33:05.417 - INFO - CDS - contig=contig_21, start=47106, stop=49373, strand=+, nt=[ATGCCTATTT..ATGCGGCTGA]
13:33:05.417 - INFO - CDS - contig=contig_21, start=49925, stop=50284, strand=+, nt=[ATGGCACAGT..CCTGCGGTGA]
13:33:05.417 - INFO - CDS - contig=contig_21, start=50357, stop=53197, strand=-, nt=[ATGCTGCTGG..CAACCAGTAA]
13:33:05.423 - INFO - CDS - contig=contig_22, start=148, stop=1068, strand=-, frame=3, truncated=no, start-type=ATG, RBS-motif=GGAGG
13:33:05.423 - INFO - CDS - contig=contig_22, start=1516, stop=2226, strand=+, frame=1, truncated=no, start-type=ATG, RBS-motif=AGGAGG
13:33:05.423 - INFO - CDS - contig=contig_22, start=2269, stop=3327, strand=+, frame=1, truncated=no, start-type=ATG, RBS-motif=GGAG/GAGG
13:33:05.423 - INFO - CDS - contig=contig_22, start=3367, stop=4458, strand=+, frame=1, truncated=no, start-type=ATG, RBS-motif=AGGAGG
13:33:05.424 - INFO - CDS - contig=contig_22, start=4582, stop=5118, strand=+, frame=1, truncated=no, start-type=ATG, RBS-motif=GGAG/GAGG
13:33:05.424 - INFO - CDS - contig=contig_22, start=5118, stop=6386, strand=+, frame=3, truncated=no, start-type=ATG, RBS-motif=AGGAG
13:33:05.424 - INFO - CDS - contig=contig_22, start=6529, stop=7947, strand=+, frame=1, truncated=no, start-type=ATG, RBS-motif=AGGAGG
13:33:05.424 - INFO - CDS - contig=contig_22, start=8038, stop=8490, strand=+, frame=1, truncated=no, start-type=ATG, RBS-motif=GGAGG
13:33:05.424 - INFO - CDS - contig=contig_22, start=8565, stop=9827, strand=+, frame=3, truncated=no, start-type=ATG, RBS-motif=AGGAG
13:33:05.424 - INFO - CDS - contig=contig_22, start=9833, stop=11965, strand=+, frame=2, truncated=no, start-type=ATG, RBS-motif=AGGAGG
13:33:05.424 - INFO - CDS - contig=contig_22, start=11962, stop=12492, strand=+, frame=1, truncated=no, start-type=ATG, RBS-motif=GGAGG
13:33:05.424 - INFO - CDS - contig=contig_22, start=12489, stop=13256, strand=+, frame=3, truncated=no, start-type=ATG, RBS-motif=AGGA
13:33:05.424 - INFO - CDS - contig=contig_22, start=13325, stop=14152, strand=-, frame=2, truncated=no, start-type=ATG, RBS-motif=AGGAG
13:33:05.424 - INFO - CDS - contig=contig_22, start=14236, stop=14904, strand=-, frame=3, truncated=no, start-type=ATG, RBS-motif=GGAGG
13:33:05.424 - INFO - CDS - contig=contig_22, start=15232, stop=16923, strand=-, frame=3, truncated=no, start-type=ATG, RBS-motif=AGGAG
13:33:05.424 - INFO - CDS - contig=contig_22, start=16946, stop=18019, strand=-, frame=2, truncated=no, start-type=ATG, RBS-motif=GGAG/GAGG
13:33:05.424 - INFO - CDS - contig=contig_22, start=18027, stop=20249, strand=-, frame=1, truncated=no, start-type=ATG, RBS-motif=GGAGG
13:33:05.424 - INFO - CDS - contig=contig_22, start=20365, stop=20865, strand=+, frame=1, truncated=no, start-type=ATG, RBS-motif=GGAGG
13:33:05.425 - INFO - CDS - contig=contig_22, start=20936, stop=21496, strand=+, frame=2, truncated=no, start-type=ATG, RBS-motif=GGAGG
13:33:05.425 - INFO - CDS - contig=contig_22, start=21539, stop=21958, strand=-, frame=2, truncated=no, start-type=ATG, RBS-motif=None
13:33:05.425 - INFO - CDS - contig=contig_22, start=22291, stop=23115, strand=-, frame=3, truncated=no, start-type=ATG, RBS-motif=GGAG/GAGG
13:33:05.425 - INFO - CDS - contig=contig_22, start=23125, stop=23871, strand=-, frame=3, truncated=no, start-type=ATG, RBS-motif=AGGAG
13:33:05.425 - INFO - CDS - contig=contig_22, start=24148, stop=24774, strand=-, frame=3, truncated=no, start-type=ATG, RBS-motif=GGAGG
13:33:05.425 - INFO - CDS - contig=contig_22, start=24919, stop=25182, strand=-, frame=3, truncated=no, start-type=ATG, RBS-motif=None
13:33:05.425 - INFO - CDS - contig=contig_22, start=25315, stop=25848, strand=-, frame=3, truncated=no, start-type=ATG, RBS-motif=None
13:33:05.425 - INFO - CDS - contig=contig_22, start=25845, stop=26282, strand=-, frame=1, truncated=no, start-type=ATG, RBS-motif=AGGAGG
13:33:05.425 - INFO - CDS - contig=contig_22, start=26762, stop=27385, strand=+, frame=2, truncated=no, start-type=ATG, RBS-motif=AGGAGG
13:33:05.425 - INFO - CDS - contig=contig_22, start=27433, stop=28308, strand=-, frame=3, truncated=no, start-type=ATG, RBS-motif=AGGAGG
13:33:05.425 - INFO - CDS - contig=contig_22, start=28385, stop=29365, strand=-, frame=2, truncated=no, start-type=TTG, RBS-motif=AGGAGG
13:33:05.425 - INFO - CDS - contig=contig_22, start=30054, stop=34922, strand=-, frame=1, truncated=no, start-type=ATG, RBS-motif=AGGAG
13:33:05.425 - INFO - CDS - contig=contig_22, start=34936, stop=35268, strand=-, frame=3, truncated=no, start-type=TTG, RBS-motif=GGxGG
13:33:05.425 - INFO - CDS - contig=contig_22, start=35772, stop=36614, strand=-, frame=1, truncated=no, start-type=ATG, RBS-motif=GGAGG
13:33:05.425 - INFO - CDS - contig=contig_22, start=36633, stop=36983, strand=+, frame=3, truncated=no, start-type=TTG, RBS-motif=None
13:33:05.425 - INFO - CDS - contig=contig_22, start=37376, stop=37984, strand=+, frame=2, truncated=no, start-type=ATG, RBS-motif=GGAGG
13:33:05.425 - INFO - CDS - contig=contig_22, start=38595, stop=40175, strand=+, frame=3, truncated=no, start-type=ATG, RBS-motif=GGA/GAG/AGG
13:33:05.426 - INFO - CDS - contig=contig_22, start=40116, stop=40307, strand=-, frame=1, truncated=no, start-type=ATG, RBS-motif=AGGAG
13:33:05.426 - INFO - CDS - contig=contig_22, start=40312, stop=41019, strand=-, frame=3, truncated=no, start-type=ATG, RBS-motif=GGAG/GAGG
13:33:05.426 - INFO - CDS - contig=contig_22, start=41016, stop=41426, strand=-, frame=1, truncated=no, start-type=ATG, RBS-motif=GGAG/GAGG
13:33:05.426 - INFO - CDS - contig=contig_22, start=41447, stop=42637, strand=-, frame=2, truncated=no, start-type=ATG, RBS-motif=AGGAG/GGAGG
13:33:05.426 - INFO - CDS - contig=contig_22, start=42680, stop=43222, strand=-, frame=2, truncated=no, start-type=ATG, RBS-motif=GGAG/GAGG
13:33:05.426 - INFO - CDS - contig=contig_22, start=43219, stop=43578, strand=-, frame=3, truncated=no, start-type=ATG, RBS-motif=AGGAG
13:33:05.426 - INFO - CDS - contig=contig_22, start=43598, stop=44359, strand=-, frame=2, truncated=no, start-type=ATG, RBS-motif=AGGAG
13:33:05.426 - INFO - CDS - contig=contig_22, start=44438, stop=44725, strand=-, frame=2, truncated=no, start-type=ATG, RBS-motif=AGGA/GGAG/GAGG
13:33:05.426 - INFO - CDS - contig=contig_22, start=44784, stop=45755, strand=-, frame=1, truncated=no, start-type=ATG, RBS-motif=GGAGG
13:33:05.426 - INFO - CDS - contig=contig_22, start=45869, stop=46507, strand=+, frame=2, truncated=no, start-type=ATG, RBS-motif=GGAGG
13:33:05.426 - INFO - CDS - contig=contig_22, start=46540, stop=46920, strand=-, frame=3, truncated=no, start-type=ATG, RBS-motif=GGAGG
13:33:05.426 - INFO - CDS - contig=contig_22, start=46961, stop=47827, strand=-, frame=2, truncated=no, start-type=ATG, RBS-motif=AGxAGG/AGGxGG
13:33:05.426 - INFO - CDS - contig=contig_22, start=48119, stop=48241, strand=-, frame=2, truncated=no, start-type=ATG, RBS-motif=AGGAG/GGAGG
13:33:05.426 - INFO - CDS - contig=contig_22, start=49560, stop=50126, strand=+, frame=3, truncated=no, start-type=ATG, RBS-motif=None
13:33:05.426 - INFO - CDS - contig=contig_22, start=50681, stop=51499, strand=-, frame=2, truncated=no, start-type=ATG, RBS-motif=GGA/GAG/AGG
13:33:05.426 - INFO - CDS - contig=contig_22, start=148, stop=1068, strand=-, nt=[ATGTTTCTTC..TTCCAATTGA]
13:33:05.426 - INFO - CDS - contig=contig_22, start=1516, stop=2226, strand=+, nt=[ATGTATTGCG..TACCCTGTAA]
13:33:05.426 - INFO - CDS - contig=contig_22, start=2269, stop=3327, strand=+, nt=[ATGGCGCAGG..GGGAGATTAA]
13:33:05.427 - INFO - CDS - contig=contig_22, start=3367, stop=4458, strand=+, nt=[ATGAAGAAGA..CATGCGGTAA]
13:33:05.427 - INFO - CDS - contig=contig_22, start=4582, stop=5118, strand=+, nt=[ATGAACGCCT..TGAGAAGTAA]
13:33:05.427 - INFO - CDS - contig=contig_22, start=5118, stop=6386, strand=+, nt=[ATGGCTGTCA..GATGAAATGA]
13:33:05.427 - INFO - CDS - contig=contig_22, start=6529, stop=7947, strand=+, nt=[ATGGGCTTCC..GCTGCGCTGA]
13:33:05.427 - INFO - CDS - contig=contig_22, start=8038, stop=8490, strand=+, nt=[ATGGAAAGCG..GAAGGACTAA]
13:33:05.427 - INFO - CDS - contig=contig_22, start=8565, stop=9827, strand=+, nt=[ATGAAAAACT..AGGCGAATGA]
13:33:05.427 - INFO - CDS - contig=contig_22, start=9833, stop=11965, strand=+, nt=[ATGAGTGAAT..ACGGAAATGA]
13:33:05.427 - INFO - CDS - contig=contig_22, start=11962, stop=12492, strand=+, nt=[ATGAGCTATA..CTCCGAATGA]
13:33:05.427 - INFO - CDS - contig=contig_22, start=12489, stop=13256, strand=+, nt=[ATGAAAAAGG..TGTCCTTTAA]
13:33:05.427 - INFO - CDS - contig=contig_22, start=13325, stop=14152, strand=-, nt=[ATGCCTAAGA..GCCCCGTTGA]
13:33:05.427 - INFO - CDS - contig=contig_22, start=14236, stop=14904, strand=-, nt=[ATGGCAATGA..CAAGGAATAA]
13:33:05.427 - INFO - CDS - contig=contig_22, start=15232, stop=16923, strand=-, nt=[ATGGCCCCCT..CCATCCTTAA]
13:33:05.427 - INFO - CDS - contig=contig_22, start=16946, stop=18019, strand=-, nt=[ATGAACCAAT..GCTGTATTGA]
13:33:05.427 - INFO - CDS - contig=contig_22, start=18027, stop=20249, strand=-, nt=[ATGAAGGTCA..GGCGAGGTGA]
13:33:05.427 - INFO - CDS - contig=contig_22, start=20365, stop=20865, strand=+, nt=[ATGATGGATG..GGAAAACTGA]
13:33:05.427 - INFO - CDS - contig=contig_22, start=20936, stop=21496, strand=+, nt=[ATGCCCCAAT..GAAAAACTGA]
13:33:05.427 - INFO - CDS - contig=contig_22, start=21539, stop=21958, strand=-, nt=[ATGCCGGAAA..CGAGAAATAA]
13:33:05.427 - INFO - CDS - contig=contig_22, start=22291, stop=23115, strand=-, nt=[ATGAAACGGA..ATCCATCTGA]
13:33:05.427 - INFO - CDS - contig=contig_22, start=23125, stop=23871, strand=-, nt=[ATGTGCGCGG..CCTTCCATGA]
13:33:05.427 - INFO - CDS - contig=contig_22, start=24148, stop=24774, strand=-, nt=[ATGGCAAAAG..GACCCTATAG]
13:33:05.427 - INFO - CDS - contig=contig_22, start=24919, stop=25182, strand=-, nt=[ATGATGGACG..CGAGGATTAA]
13:33:05.427 - INFO - CDS - contig=contig_22, start=25315, stop=25848, strand=-, nt=[ATGAGAAACC..AAAAAGATAA]
13:33:05.427 - INFO - CDS - contig=contig_22, start=25845, stop=26282, strand=-, nt=[ATGGAACCAT..GCTTCCATGA]
13:33:05.427 - INFO - CDS - contig=contig_22, start=26762, stop=27385, strand=+, nt=[ATGAACCAAG..ATTGGTGTAG]
13:33:05.427 - INFO - CDS - contig=contig_22, start=27433, stop=28308, strand=-, nt=[ATGGACTGGA..GAAACCGTGA]
13:33:05.427 - INFO - CDS - contig=contig_22, start=28385, stop=29365, strand=-, nt=[TTGGCCCCGC..CGAGGCCTGA]
13:33:05.427 - INFO - CDS - contig=contig_22, start=30054, stop=34922, strand=-, nt=[ATGAAACGAT..TGCGGAGTGA]
13:33:05.428 - INFO - CDS - contig=contig_22, start=34936, stop=35268, strand=-, nt=[TTGGCCGGAT..ACGCAAATGA]
13:33:05.428 - INFO - CDS - contig=contig_22, start=35772, stop=36614, strand=-, nt=[ATGGATATAA..GGTCTCATAG]
13:33:05.428 - INFO - CDS - contig=contig_22, start=36633, stop=36983, strand=+, nt=[TTGTGGTACC..GGTTGTTTGA]
13:33:05.428 - INFO - CDS - contig=contig_22, start=37376, stop=37984, strand=+, nt=[ATGAAAGAAT..GACGCATTGA]
13:33:05.428 - INFO - CDS - contig=contig_22, start=38595, stop=40175, strand=+, nt=[ATGAAGAAAA..CCCCCAATAG]
13:33:05.428 - INFO - CDS - contig=contig_22, start=40116, stop=40307, strand=-, nt=[ATGTTTCCCG..TTTCCTCTGA]
13:33:05.428 - INFO - CDS - contig=contig_22, start=40312, stop=41019, strand=-, nt=[ATGAGAGCGG..GAAGGAGTAG]
13:33:05.428 - INFO - CDS - contig=contig_22, start=41016, stop=41426, strand=-, nt=[ATGATTCGGG..CATTATATGA]
13:33:05.428 - INFO - CDS - contig=contig_22, start=41447, stop=42637, strand=-, nt=[ATGATCGATG..AGGAGAATAA]
13:33:05.428 - INFO - CDS - contig=contig_22, start=42680, stop=43222, strand=-, nt=[ATGAAAGGGT..GAGAACATGA]
13:33:05.428 - INFO - CDS - contig=contig_22, start=43219, stop=43578, strand=-, nt=[ATGGCGTCTG..GACGGCATGA]
13:33:05.428 - INFO - CDS - contig=contig_22, start=43598, stop=44359, strand=-, nt=[ATGAACGACT..CCGGCTGTGA]
13:33:05.428 - INFO - CDS - contig=contig_22, start=44438, stop=44725, strand=-, nt=[ATGATGTTTG..CGTTCTGTGA]
13:33:05.428 - INFO - CDS - contig=contig_22, start=44784, stop=45755, strand=-, nt=[ATGCGGGTAG..CGAGCTGTAA]
13:33:05.428 - INFO - CDS - contig=contig_22, start=45869, stop=46507, strand=+, nt=[ATGGTTACAG..TGAGGCGTGA]
13:33:05.428 - INFO - CDS - contig=contig_22, start=46540, stop=46920, strand=-, nt=[ATGACATCAG..AGTGCGCTGA]
13:33:05.428 - INFO - CDS - contig=contig_22, start=46961, stop=47827, strand=-, nt=[ATGCACTACA..CCTGTTTTGA]
13:33:05.428 - INFO - CDS - contig=contig_22, start=48119, stop=48241, strand=-, nt=[ATGACGTTCT..GATGATTTGA]
13:33:05.428 - INFO - CDS - contig=contig_22, start=49560, stop=50126, strand=+, nt=[ATGTGGCTGT..CAAGGTTTGA]
13:33:05.428 - INFO - CDS - contig=contig_22, start=50681, stop=51499, strand=-, nt=[ATGGCAATGG..TGGTTTGTAA]
13:33:05.445 - INFO - CDS - contig=contig_23, start=316, stop=1329, strand=-, frame=2, truncated=no, start-type=ATG, RBS-motif=AGGAGG
13:33:05.445 - INFO - CDS - contig=contig_23, start=1510, stop=2484, strand=-, frame=2, truncated=no, start-type=ATG, RBS-motif=AGxAGG/AGGxGG
13:33:05.445 - INFO - CDS - contig=contig_23, start=2517, stop=3326, strand=-, frame=3, truncated=no, start-type=ATG, RBS-motif=AGGAGG
13:33:05.445 - INFO - CDS - contig=contig_23, start=3367, stop=3717, strand=-, frame=2, truncated=no, start-type=ATG, RBS-motif=AGGAG
13:33:05.445 - INFO - CDS - contig=contig_23, start=4100, stop=4576, strand=+, frame=2, truncated=no, start-type=ATG, RBS-motif=GGAG/GAGG
13:33:05.445 - INFO - CDS - contig=contig_23, start=4897, stop=6234, strand=+, frame=1, truncated=no, start-type=ATG, RBS-motif=AGGAGG
13:33:05.445 - INFO - CDS - contig=contig_23, start=6378, stop=7223, strand=+, frame=3, truncated=no, start-type=ATG, RBS-motif=GGA/GAG/AGG
13:33:05.445 - INFO - CDS - contig=contig_23, start=7227, stop=8174, strand=+, frame=3, truncated=no, start-type=ATG, RBS-motif=AGGAG/GGAGG
13:33:05.445 - INFO - CDS - contig=contig_23, start=8171, stop=8998, strand=+, frame=2, truncated=no, start-type=GTG, RBS-motif=GGA/GAG/AGG
13:33:05.445 - INFO - CDS - contig=contig_23, start=9056, stop=10396, strand=-, frame=1, truncated=no, start-type=TTG, RBS-motif=AGGAGG
13:33:05.446 - INFO - CDS - contig=contig_23, start=10472, stop=11272, strand=+, frame=2, truncated=no, start-type=ATG, RBS-motif=GGAGG
13:33:05.446 - INFO - CDS - contig=contig_23, start=11354, stop=12925, strand=+, frame=2, truncated=no, start-type=GTG, RBS-motif=GGxGG
13:33:05.446 - INFO - CDS - contig=contig_23, start=13076, stop=14068, strand=-, frame=1, truncated=no, start-type=ATG, RBS-motif=GGAG/GAGG
13:33:05.446 - INFO - CDS - contig=contig_23, start=14091, stop=15377, strand=-, frame=3, truncated=no, start-type=ATG, RBS-motif=AGxAGG/AGGxGG
13:33:05.446 - INFO - CDS - contig=contig_23, start=15364, stop=15858, strand=-, frame=2, truncated=no, start-type=ATG, RBS-motif=AGGAG
13:33:05.446 - INFO - CDS - contig=contig_23, start=15926, stop=17032, strand=-, frame=1, truncated=no, start-type=ATG, RBS-motif=GGA/GAG/AGG
13:33:05.446 - INFO - CDS - contig=contig_23, start=17464, stop=18165, strand=+, frame=1, truncated=no, start-type=ATG, RBS-motif=GGAG/GAGG
13:33:05.446 - INFO - CDS - contig=contig_23, start=18167, stop=20476, strand=+, frame=2, truncated=no, start-type=ATG, RBS-motif=GGAG/GAGG
13:33:05.447 - INFO - CDS - contig=contig_23, start=20493, stop=21923, strand=+, frame=3, truncated=no, start-type=ATG, RBS-motif=GGAG/GAGG
13:33:05.447 - INFO - CDS - contig=contig_23, start=22118, stop=22756, strand=+, frame=2, truncated=no, start-type=ATG, RBS-motif=GGAG/GAGG
13:33:05.447 - INFO - CDS - contig=contig_23, start=23271, stop=23855, strand=+, frame=3, truncated=no, start-type=ATG, RBS-motif=AGGAG
13:33:05.447 - INFO - CDS - contig=contig_23, start=23985, stop=25760, strand=+, frame=3, truncated=no, start-type=ATG, RBS-motif=AGGAGG
13:33:05.447 - INFO - CDS - contig=contig_23, start=25954, stop=27084, strand=+, frame=1, truncated=no, start-type=ATG, RBS-motif=AGGAG
13:33:05.447 - INFO - CDS - contig=contig_23, start=27170, stop=29011, strand=+, frame=2, truncated=no, start-type=ATG, RBS-motif=GGAG/GAGG
13:33:05.447 - INFO - CDS - contig=contig_23, start=28998, stop=29666, strand=+, frame=3, truncated=no, start-type=ATG, RBS-motif=GGAGG
13:33:05.447 - INFO - CDS - contig=contig_23, start=30288, stop=30491, strand=+, frame=3, truncated=no, start-type=ATG, RBS-motif=GGA/GAG/AGG
13:33:05.447 - INFO - CDS - contig=contig_23, start=30876, stop=31457, strand=-, frame=3, truncated=no, start-type=GTG, RBS-motif=GGA/GAG/AGG
13:33:05.447 - INFO - CDS - contig=contig_23, start=31650, stop=32123, strand=-, frame=3, truncated=no, start-type=GTG, RBS-motif=GGxGG
13:33:05.447 - INFO - CDS - contig=contig_23, start=32127, stop=32522, strand=-, frame=3, truncated=no, start-type=ATG, RBS-motif=AGGAG
13:33:05.447 - INFO - CDS - contig=contig_23, start=32641, stop=33720, strand=-, frame=2, truncated=no, start-type=TTG, RBS-motif=GGA/GAG/AGG
13:33:05.447 - INFO - CDS - contig=contig_23, start=33792, stop=34658, strand=-, frame=3, truncated=no, start-type=GTG, RBS-motif=AGxAGG/AGGxGG
13:33:05.447 - INFO - CDS - contig=contig_23, start=34655, stop=35503, strand=-, frame=1, truncated=no, start-type=ATG, RBS-motif=GGAGG
13:33:05.447 - INFO - CDS - contig=contig_23, start=35493, stop=36626, strand=-, frame=3, truncated=no, start-type=ATG, RBS-motif=GGAGG
13:33:05.447 - INFO - CDS - contig=contig_23, start=36860, stop=37387, strand=+, frame=2, truncated=no, start-type=ATG, RBS-motif=AGGAGG
13:33:05.447 - INFO - CDS - contig=contig_23, start=37454, stop=38245, strand=+, frame=2, truncated=no, start-type=ATG, RBS-motif=AGGAGG
13:33:05.447 - INFO - CDS - contig=contig_23, start=38393, stop=38908, strand=+, frame=2, truncated=no, start-type=ATG, RBS-motif=AGGA
13:33:05.448 - INFO - CDS - contig=contig_23, start=39577, stop=40194, strand=+, frame=1, truncated=no, start-type=ATG, RBS-motif=AGGA
13:33:05.448 - INFO - CDS - contig=contig_23, start=40262, stop=41242, strand=+, frame=2, truncated=no, start-type=ATG, RBS-motif=AGGAGG
13:33:05.448 - INFO - CDS - contig=contig_23, start=41250, stop=41597, strand=+, frame=3, truncated=no, start-type=ATG, RBS-motif=AGGA
13:33:05.448 - INFO - CDS - contig=contig_23, start=41821, stop=42783, strand=-, frame=2, truncated=no, start-type=ATG, RBS-motif=AGGAG
13:33:05.448 - INFO - CDS - contig=contig_23, start=43012, stop=43512, strand=+, frame=1, truncated=no, start-type=ATG, RBS-motif=GGAG/GAGG
13:33:05.448 - INFO - CDS - contig=contig_23, start=43556, stop=43747, strand=+, frame=2, truncated=no, start-type=ATG, RBS-motif=AGGAGG
13:33:05.448 - INFO - CDS - contig=contig_23, start=44200, stop=45576, strand=+, frame=1, truncated=no, start-type=ATG, RBS-motif=AGGAG(G)/GGAGG
13:33:05.448 - INFO - CDS - contig=contig_23, start=45617, stop=46942, strand=+, frame=2, truncated=no, start-type=ATG, RBS-motif=GGAG/GAGG
13:33:05.448 - INFO - CDS - contig=contig_23, start=46948, stop=47670, strand=+, frame=1, truncated=no, start-type=GTG, RBS-motif=AGGAGG
13:33:05.448 - INFO - CDS - contig=contig_23, start=47667, stop=48668, strand=+, frame=3, truncated=no, start-type=ATG, RBS-motif=GGAG/GAGG
13:33:05.448 - INFO - CDS - contig=contig_23, start=316, stop=1329, strand=-, nt=[ATGGGCAAGA..CAACAAGTAA]
13:33:05.448 - INFO - CDS - contig=contig_23, start=1510, stop=2484, strand=-, nt=[ATGGTTTCTG..CGGCAAGTAA]
13:33:05.448 - INFO - CDS - contig=contig_23, start=2517, stop=3326, strand=-, nt=[ATGGTTCCCA..GACCGTCTGA]
13:33:05.448 - INFO - CDS - contig=contig_23, start=3367, stop=3717, strand=-, nt=[ATGGTCAAGC..CAACGCCTGA]
13:33:05.448 - INFO - CDS - contig=contig_23, start=4100, stop=4576, strand=+, nt=[ATGCGCGCCG..AGATCGCTAA]
13:33:05.448 - INFO - CDS - contig=contig_23, start=4897, stop=6234, strand=+, nt=[ATGCCCGCCA..TGTGAAATAA]
13:33:05.448 - INFO - CDS - contig=contig_23, start=6378, stop=7223, strand=+, nt=[ATGGAACAGA..GGGGAAGTAA]
13:33:05.448 - INFO - CDS - contig=contig_23, start=7227, stop=8174, strand=+, nt=[ATGAGTGAGA..GAAGCCGTGA]
13:33:05.448 - INFO - CDS - contig=contig_23, start=8171, stop=8998, strand=+, nt=[GTGACACAGA..AGCGCCTTGA]
13:33:05.448 - INFO - CDS - contig=contig_23, start=9056, stop=10396, strand=-, nt=[TTGAATCTGA..TGCGGCCTGA]
13:33:05.448 - INFO - CDS - contig=contig_23, start=10472, stop=11272, strand=+, nt=[ATGAAAGAAT..GGTGCGGTAA]
13:33:05.448 - INFO - CDS - contig=contig_23, start=11354, stop=12925, strand=+, nt=[GTGCTGGAGA..TCTGCTGTAA]
13:33:05.449 - INFO - CDS - contig=contig_23, start=13076, stop=14068, strand=-, nt=[ATGAAATTAA..GCACGTATAA]
13:33:05.449 - INFO - CDS - contig=contig_23, start=14091, stop=15377, strand=-, nt=[ATGACAATGC..GGGCGCTTGA]
13:33:05.449 - INFO - CDS - contig=contig_23, start=15364, stop=15858, strand=-, nt=[ATGCAAGTGT..CAATGCTTGA]
13:33:05.449 - INFO - CDS - contig=contig_23, start=15926, stop=17032, strand=-, nt=[ATGAAAAAGA..CAATTCCTGA]
13:33:05.449 - INFO - CDS - contig=contig_23, start=17464, stop=18165, strand=+, nt=[ATGGCGGTCA..GGAGTGGTGA]
13:33:05.449 - INFO - CDS - contig=contig_23, start=18167, stop=20476, strand=+, nt=[ATGATTTGGC..CGTGGAATAA]
13:33:05.449 - INFO - CDS - contig=contig_23, start=20493, stop=21923, strand=+, nt=[ATGAAGCGGA..TCTGCCGTAA]
13:33:05.449 - INFO - CDS - contig=contig_23, start=22118, stop=22756, strand=+, nt=[ATGAGTACAT..CTGCGGCTGA]
13:33:05.449 - INFO - CDS - contig=contig_23, start=23271, stop=23855, strand=+, nt=[ATGTCGCAGA..AAATGATTAA]
13:33:05.449 - INFO - CDS - contig=contig_23, start=23985, stop=25760, strand=+, nt=[ATGTATTATT..CGTAATCTGA]
13:33:05.449 - INFO - CDS - contig=contig_23, start=25954, stop=27084, strand=+, nt=[ATGAGGCAAA..GCTGCAGTGA]
13:33:05.449 - INFO - CDS - contig=contig_23, start=27170, stop=29011, strand=+, nt=[ATGAATCGTA..CGAAGCATAG]
13:33:05.449 - INFO - CDS - contig=contig_23, start=28998, stop=29666, strand=+, nt=[ATGCCGAAGC..CTGGGAGTGA]
13:33:05.449 - INFO - CDS - contig=contig_23, start=30288, stop=30491, strand=+, nt=[ATGATGATAT..AGCGAGGTAA]
13:33:05.449 - INFO - CDS - contig=contig_23, start=30876, stop=31457, strand=-, nt=[GTGAACGAAT..TGTGGAATGA]
13:33:05.449 - INFO - CDS - contig=contig_23, start=31650, stop=32123, strand=-, nt=[GTGTCCATTG..CTGGCAGTGA]
13:33:05.449 - INFO - CDS - contig=contig_23, start=32127, stop=32522, strand=-, nt=[ATGTCAGTTA..CGGTCGGTGA]
13:33:05.449 - INFO - CDS - contig=contig_23, start=32641, stop=33720, strand=-, nt=[TTGAAAAAGT..CGCAAACTGA]
13:33:05.449 - INFO - CDS - contig=contig_23, start=33792, stop=34658, strand=-, nt=[GTGAGCAAGC..GCAGAGCTGA]
13:33:05.449 - INFO - CDS - contig=contig_23, start=34655, stop=35503, strand=-, nt=[ATGCGGAATA..GGTCCTGTGA]
13:33:05.449 - INFO - CDS - contig=contig_23, start=35493, stop=36626, strand=-, nt=[ATGTCCAAGG..TGCGGAATAG]
13:33:05.449 - INFO - CDS - contig=contig_23, start=36860, stop=37387, strand=+, nt=[ATGACGCGGA..AATTTTTTAA]
13:33:05.449 - INFO - CDS - contig=contig_23, start=37454, stop=38245, strand=+, nt=[ATGGCGGAAG..GCCGGAATAG]
13:33:05.449 - INFO - CDS - contig=contig_23, start=38393, stop=38908, strand=+, nt=[ATGAAGAAAA..CAGAGACTAA]
13:33:05.449 - INFO - CDS - contig=contig_23, start=39577, stop=40194, strand=+, nt=[ATGGTGAAAC..TTCCATCTAA]
13:33:05.449 - INFO - CDS - contig=contig_23, start=40262, stop=41242, strand=+, nt=[ATGAGGCATC..CACTGCGTAG]
13:33:05.449 - INFO - CDS - contig=contig_23, start=41250, stop=41597, strand=+, nt=[ATGCGCAGCC..CTGCGTATAA]
13:33:05.449 - INFO - CDS - contig=contig_23, start=41821, stop=42783, strand=-, nt=[ATGAAGGAGT..GGGCGAGTAA]
13:33:05.450 - INFO - CDS - contig=contig_23, start=43012, stop=43512, strand=+, nt=[ATGCGACTGA..AGAAGACTGA]
13:33:05.450 - INFO - CDS - contig=contig_23, start=43556, stop=43747, strand=+, nt=[ATGGCAGTCC..GGCGAAGTAA]
13:33:05.450 - INFO - CDS - contig=contig_23, start=44200, stop=45576, strand=+, nt=[ATGAGCATGA..GGGAACTTAA]
13:33:05.450 - INFO - CDS - contig=contig_23, start=45617, stop=46942, strand=+, nt=[ATGAAACCCT..GGAGGGGTGA]
13:33:05.450 - INFO - CDS - contig=contig_23, start=46948, stop=47670, strand=+, nt=[GTGGGCAACG..GAAACCATGA]
13:33:05.450 - INFO - CDS - contig=contig_23, start=47667, stop=48668, strand=+, nt=[ATGAAGATCG..CTGGGTGTAG]
13:33:05.465 - INFO - CDS - contig=contig_24, start=157, stop=942, strand=-, frame=1, truncated=no, start-type=ATG, RBS-motif=AGGAGG
13:33:05.465 - INFO - CDS - contig=contig_24, start=1158, stop=1784, strand=-, frame=2, truncated=no, start-type=ATG, RBS-motif=AGGAG
13:33:05.465 - INFO - CDS - contig=contig_24, start=1937, stop=2068, strand=-, frame=3, truncated=no, start-type=ATG, RBS-motif=GGAG/GAGG
13:33:05.465 - INFO - CDS - contig=contig_24, start=2078, stop=2212, strand=-, frame=3, truncated=no, start-type=ATG, RBS-motif=AGGA
13:33:05.466 - INFO - CDS - contig=contig_24, start=2237, stop=2662, strand=-, frame=3, truncated=no, start-type=ATG, RBS-motif=GGAGG
13:33:05.466 - INFO - CDS - contig=contig_24, start=2655, stop=3749, strand=-, frame=2, truncated=no, start-type=ATG, RBS-motif=GGA/GAG/AGG
13:33:05.466 - INFO - CDS - contig=contig_24, start=3913, stop=4146, strand=-, frame=1, truncated=no, start-type=GTG, RBS-motif=GGAG/GAGG
13:33:05.466 - INFO - CDS - contig=contig_24, start=4121, stop=4393, strand=-, frame=3, truncated=no, start-type=GTG, RBS-motif=GGAG/GAGG
13:33:05.466 - INFO - CDS - contig=contig_24, start=4467, stop=5087, strand=-, frame=2, truncated=no, start-type=ATG, RBS-motif=AGxAGG/AGGxGG
13:33:05.466 - INFO - CDS - contig=contig_24, start=5134, stop=5892, strand=-, frame=1, truncated=no, start-type=ATG, RBS-motif=GGA/GAG/AGG
13:33:05.466 - INFO - CDS - contig=contig_24, start=5896, stop=6567, strand=-, frame=1, truncated=no, start-type=ATG, RBS-motif=AGGAGG
13:33:05.466 - INFO - CDS - contig=contig_24, start=6564, stop=8027, strand=-, frame=2, truncated=no, start-type=TTG, RBS-motif=AGGAGG
13:33:05.466 - INFO - CDS - contig=contig_24, start=8205, stop=8858, strand=-, frame=2, truncated=no, start-type=ATG, RBS-motif=GGAG/GAGG
13:33:05.466 - INFO - CDS - contig=contig_24, start=8863, stop=9747, strand=-, frame=1, truncated=no, start-type=ATG, RBS-motif=AGGAG
13:33:05.466 - INFO - CDS - contig=contig_24, start=10048, stop=11412, strand=-, frame=1, truncated=no, start-type=TTG, RBS-motif=GGAG/GAGG
13:33:05.466 - INFO - CDS - contig=contig_24, start=11448, stop=12869, strand=-, frame=2, truncated=no, start-type=ATG, RBS-motif=GGAGG
13:33:05.466 - INFO - CDS - contig=contig_24, start=12980, stop=14071, strand=-, frame=3, truncated=no, start-type=ATG, RBS-motif=AGxAGG/AGGxGG
13:33:05.466 - INFO - CDS - contig=contig_24, start=14261, stop=15859, strand=-, frame=3, truncated=no, start-type=TTG, RBS-motif=AGGAGG
13:33:05.466 - INFO - CDS - contig=contig_24, start=15891, stop=16115, strand=-, frame=2, truncated=no, start-type=ATG, RBS-motif=AGGA/GGAG/GAGG
13:33:05.466 - INFO - CDS - contig=contig_24, start=16260, stop=17165, strand=-, frame=2, truncated=no, start-type=ATG, RBS-motif=AGGAGG
13:33:05.467 - INFO - CDS - contig=contig_24, start=17281, stop=18570, strand=+, frame=1, truncated=no, start-type=ATG, RBS-motif=AGGAGG
13:33:05.467 - INFO - CDS - contig=contig_24, start=18587, stop=20038, strand=+, frame=2, truncated=no, start-type=ATG, RBS-motif=AGGAG/GGAGG
13:33:05.467 - INFO - CDS - contig=contig_24, start=20091, stop=21521, strand=-, frame=2, truncated=no, start-type=ATG, RBS-motif=GGAGG
13:33:05.467 - INFO - CDS - contig=contig_24, start=21718, stop=22929, strand=-, frame=1, truncated=no, start-type=GTG, RBS-motif=GGAGG
13:33:05.467 - INFO - CDS - contig=contig_24, start=22944, stop=24350, strand=-, frame=2, truncated=no, start-type=ATG, RBS-motif=AGGAG
13:33:05.467 - INFO - CDS - contig=contig_24, start=24364, stop=25428, strand=-, frame=1, truncated=no, start-type=ATG, RBS-motif=GGAG/GAGG
13:33:05.467 - INFO - CDS - contig=contig_24, start=25434, stop=25802, strand=-, frame=2, truncated=no, start-type=ATG, RBS-motif=AGGAGG
13:33:05.467 - INFO - CDS - contig=contig_24, start=25864, stop=26712, strand=-, frame=1, truncated=no, start-type=ATG, RBS-motif=AGGAG/GGAGG
13:33:05.467 - INFO - CDS - contig=contig_24, start=26716, stop=27384, strand=-, frame=1, truncated=no, start-type=ATG, RBS-motif=AGxAGG/AGGxGG
13:33:05.467 - INFO - CDS - contig=contig_24, start=27448, stop=29004, strand=-, frame=1, truncated=no, start-type=ATG, RBS-motif=AGxAGG/AGGxGG
13:33:05.467 - INFO - CDS - contig=contig_24, start=28991, stop=30310, strand=-, frame=3, truncated=no, start-type=ATG, RBS-motif=GGAG/GAGG
13:33:05.467 - INFO - CDS - contig=contig_24, start=30586, stop=31926, strand=+, frame=1, truncated=no, start-type=TTG, RBS-motif=AGGAGG
13:33:05.467 - INFO - CDS - contig=contig_24, start=32261, stop=32680, strand=-, frame=3, truncated=no, start-type=ATG, RBS-motif=AGGAGG
13:33:05.467 - INFO - CDS - contig=contig_24, start=32682, stop=33161, strand=-, frame=2, truncated=no, start-type=ATG, RBS-motif=AGxAGG/AGGxGG
13:33:05.467 - INFO - CDS - contig=contig_24, start=33174, stop=34004, strand=-, frame=2, truncated=no, start-type=ATG, RBS-motif=GGAGG
13:33:05.467 - INFO - CDS - contig=contig_24, start=34191, stop=34691, strand=+, frame=3, truncated=no, start-type=ATG, RBS-motif=GGAGG
13:33:05.467 - INFO - CDS - contig=contig_24, start=34799, stop=35746, strand=+, frame=2, truncated=no, start-type=ATG, RBS-motif=AGGAGG
13:33:05.468 - INFO - CDS - contig=contig_24, start=35795, stop=36574, strand=-, frame=3, truncated=no, start-type=ATG, RBS-motif=GGA/GAG/AGG
13:33:05.468 - INFO - CDS - contig=contig_24, start=36677, stop=37603, strand=-, frame=3, truncated=no, start-type=ATG, RBS-motif=AGGA/GGAG/GAGG
13:33:05.468 - INFO - CDS - contig=contig_24, start=37677, stop=38657, strand=-, frame=2, truncated=no, start-type=ATG, RBS-motif=AGGAG
13:33:05.468 - INFO - CDS - contig=contig_24, start=38671, stop=39969, strand=-, frame=1, truncated=no, start-type=ATG, RBS-motif=GGAGG
13:33:05.468 - INFO - CDS - contig=contig_24, start=39966, stop=40466, strand=-, frame=2, truncated=no, start-type=ATG, RBS-motif=AGGAG
13:33:05.468 - INFO - CDS - contig=contig_24, start=40618, stop=41733, strand=-, frame=1, truncated=no, start-type=ATG, RBS-motif=AGxAGG/AGGxGG
13:33:05.468 - INFO - CDS - contig=contig_24, start=41927, stop=42823, strand=-, frame=3, truncated=no, start-type=ATG, RBS-motif=AGGAGG
13:33:05.468 - INFO - CDS - contig=contig_24, start=42900, stop=44714, strand=-, frame=2, truncated=no, start-type=GTG, RBS-motif=AGxAGG/AGGxGG
13:33:05.468 - INFO - CDS - contig=contig_24, start=44711, stop=44992, strand=-, frame=3, truncated=no, start-type=ATG, RBS-motif=GGAGG
13:33:05.468 - INFO - CDS - contig=contig_24, start=157, stop=942, strand=-, nt=[ATGAAAGTGT..GGCGCAATAA]
13:33:05.468 - INFO - CDS - contig=contig_24, start=1158, stop=1784, strand=-, nt=[ATGGATATGC..GGATACATAG]
13:33:05.468 - INFO - CDS - contig=contig_24, start=1937, stop=2068, strand=-, nt=[ATGGCAAAGC..CGAGCGGTAA]
13:33:05.468 - INFO - CDS - contig=contig_24, start=2078, stop=2212, strand=-, nt=[ATGCCAAAGG..CGATGTGTGA]
13:33:05.468 - INFO - CDS - contig=contig_24, start=2237, stop=2662, strand=-, nt=[ATGGATAAGA..ACAGGCGTAG]
13:33:05.468 - INFO - CDS - contig=contig_24, start=2655, stop=3749, strand=-, nt=[ATGTCCGTCA..GAATGGATAA]
13:33:05.468 - INFO - CDS - contig=contig_24, start=3913, stop=4146, strand=-, nt=[GTGTTATTAG..TGGGCCGTAG]
13:33:05.468 - INFO - CDS - contig=contig_24, start=4121, stop=4393, strand=-, nt=[GTGACGCTGG..TGGCGGGTAA]
13:33:05.468 - INFO - CDS - contig=contig_24, start=4467, stop=5087, strand=-, nt=[ATGACAACCA..TTTGCCGTGA]
13:33:05.468 - INFO - CDS - contig=contig_24, start=5134, stop=5892, strand=-, nt=[ATGGCCCTGC..CCAATCCTGA]
13:33:05.469 - INFO - CDS - contig=contig_24, start=5896, stop=6567, strand=-, nt=[ATGAGCGAGG..CGGACAGTAA]
13:33:05.469 - INFO - CDS - contig=contig_24, start=6564, stop=8027, strand=-, nt=[TTGGACAAGG..GAACGTATGA]
13:33:05.469 - INFO - CDS - contig=contig_24, start=8205, stop=8858, strand=-, nt=[ATGACAGGCG..TGAGGTTTAG]
13:33:05.469 - INFO - CDS - contig=contig_24, start=8863, stop=9747, strand=-, nt=[ATGAACGAAA..TTTGAGGTGA]
13:33:05.469 - INFO - CDS - contig=contig_24, start=10048, stop=11412, strand=-, nt=[TTGATACTCA..ACTGGCCTGA]
13:33:05.469 - INFO - CDS - contig=contig_24, start=11448, stop=12869, strand=-, nt=[ATGAGTGAGC..CAACAAGTAG]
13:33:05.469 - INFO - CDS - contig=contig_24, start=12980, stop=14071, strand=-, nt=[ATGGAACGAT..GCTGGTATAG]
13:33:05.469 - INFO - CDS - contig=contig_24, start=14261, stop=15859, strand=-, nt=[TTGAAACTGA..GGACCGATAG]
13:33:05.469 - INFO - CDS - contig=contig_24, start=15891, stop=16115, strand=-, nt=[ATGGAAAACC..TGTAAAATAA]
13:33:05.469 - INFO - CDS - contig=contig_24, start=16260, stop=17165, strand=-, nt=[ATGCTGGAAT..TTACCGCTGA]
13:33:05.469 - INFO - CDS - contig=contig_24, start=17281, stop=18570, strand=+, nt=[ATGGGCAAAC..CCAACAATAA]
13:33:05.469 - INFO - CDS - contig=contig_24, start=18587, stop=20038, strand=+, nt=[ATGTCCGACT..TTTGTTTTAA]
13:33:05.469 - INFO - CDS - contig=contig_24, start=20091, stop=21521, strand=-, nt=[ATGAGAAAGA..GCGCCTGTAA]
13:33:05.469 - INFO - CDS - contig=contig_24, start=21718, stop=22929, strand=-, nt=[GTGAAGCGCA..GGAGGAATGA]
13:33:05.469 - INFO - CDS - contig=contig_24, start=22944, stop=24350, strand=-, nt=[ATGCTCTTTT..TAACTTTTAG]
13:33:05.469 - INFO - CDS - contig=contig_24, start=24364, stop=25428, strand=-, nt=[ATGGGGAAAA..TCTCACATAA]
13:33:05.469 - INFO - CDS - contig=contig_24, start=25434, stop=25802, strand=-, nt=[ATGCTGCAAT..CCGGGAGTAG]
13:33:05.469 - INFO - CDS - contig=contig_24, start=25864, stop=26712, strand=-, nt=[ATGGCGTTTT..AGGGATGTAG]
13:33:05.469 - INFO - CDS - contig=contig_24, start=26716, stop=27384, strand=-, nt=[ATGAACCTGT..AGAGGAATGA]
13:33:05.469 - INFO - CDS - contig=contig_24, start=27448, stop=29004, strand=-, nt=[ATGAGCAGAA..CGCGCGCTGA]
13:33:05.469 - INFO - CDS - contig=contig_24, start=28991, stop=30310, strand=-, nt=[ATGAACCAAG..GCAGAAGTGA]
13:33:05.469 - INFO - CDS - contig=contig_24, start=30586, stop=31926, strand=+, nt=[TTGCAACCCC..CGGCGACTGA]
13:33:05.469 - INFO - CDS - contig=contig_24, start=32261, stop=32680, strand=-, nt=[ATGTATGCCG..TGGCCGATGA]
13:33:05.469 - INFO - CDS - contig=contig_24, start=32682, stop=33161, strand=-, nt=[ATGAATCTGA..GAGGCCTTAG]
13:33:05.469 - INFO - CDS - contig=contig_24, start=33174, stop=34004, strand=-, nt=[ATGAGCCGCG..GGCGGTGTAA]
13:33:05.469 - INFO - CDS - contig=contig_24, start=34191, stop=34691, strand=+, nt=[ATGAAGGATC..AAACCTTTGA]
13:33:05.469 - INFO - CDS - contig=contig_24, start=34799, stop=35746, strand=+, nt=[ATGAACATTG..GATCCTGTAA]
13:33:05.470 - INFO - CDS - contig=contig_24, start=35795, stop=36574, strand=-, nt=[ATGACGGCCA..CGCCATGTGA]
13:33:05.470 - INFO - CDS - contig=contig_24, start=36677, stop=37603, strand=-, nt=[ATGACGGAAA..GAGAAGCTGA]
13:33:05.470 - INFO - CDS - contig=contig_24, start=37677, stop=38657, strand=-, nt=[ATGGCAGACG..AAAGTACTGA]
13:33:05.470 - INFO - CDS - contig=contig_24, start=38671, stop=39969, strand=-, nt=[ATGAACTCTG..TGTCGTATAA]
13:33:05.470 - INFO - CDS - contig=contig_24, start=39966, stop=40466, strand=-, nt=[ATGGTTTCCA..GCAGGCATGA]
13:33:05.470 - INFO - CDS - contig=contig_24, start=40618, stop=41733, strand=-, nt=[ATGAAAAGGA..GGCCGGCTGA]
13:33:05.470 - INFO - CDS - contig=contig_24, start=41927, stop=42823, strand=-, nt=[ATGTTGAACG..GCGGAAATAA]
13:33:05.470 - INFO - CDS - contig=contig_24, start=42900, stop=44714, strand=-, nt=[GTGAGCCAAC..GCCCAAATAG]
13:33:05.470 - INFO - CDS - contig=contig_24, start=44711, stop=44992, strand=-, nt=[ATGAAGCTGA..TGCGTCGTGA]
13:33:05.477 - INFO - CDS - contig=contig_25, start=646, stop=1560, strand=+, frame=1, truncated=no, start-type=ATG, RBS-motif=GGAGG
13:33:05.477 - INFO - CDS - contig=contig_25, start=1956, stop=3170, strand=-, frame=2, truncated=no, start-type=ATG, RBS-motif=AGGAGG
13:33:05.477 - INFO - CDS - contig=contig_25, start=3191, stop=5098, strand=-, frame=3, truncated=no, start-type=ATG, RBS-motif=AGGAGG
13:33:05.477 - INFO - CDS - contig=contig_25, start=5188, stop=5586, strand=-, frame=1, truncated=no, start-type=ATG, RBS-motif=AGGAGG
13:33:05.477 - INFO - CDS - contig=contig_25, start=5751, stop=6413, strand=+, frame=3, truncated=no, start-type=ATG, RBS-motif=AGGAGG
13:33:05.477 - INFO - CDS - contig=contig_25, start=6994, stop=7437, strand=-, frame=1, truncated=no, start-type=ATG, RBS-motif=AGGAGG
13:33:05.477 - INFO - CDS - contig=contig_25, start=7555, stop=8043, strand=+, frame=1, truncated=no, start-type=ATG, RBS-motif=AGGAG
13:33:05.477 - INFO - CDS - contig=contig_25, start=8097, stop=8366, strand=+, frame=3, truncated=no, start-type=GTG, RBS-motif=AGGAG/GGAGG
13:33:05.477 - INFO - CDS - contig=contig_25, start=8497, stop=11523, strand=-, frame=1, truncated=no, start-type=ATG, RBS-motif=AGGAGG
13:33:05.477 - INFO - CDS - contig=contig_25, start=11974, stop=13185, strand=-, frame=1, truncated=no, start-type=ATG, RBS-motif=GGAG/GAGG
13:33:05.477 - INFO - CDS - contig=contig_25, start=13312, stop=14214, strand=+, frame=1, truncated=no, start-type=ATG, RBS-motif=AGGAGG
13:33:05.478 - INFO - CDS - contig=contig_25, start=14226, stop=15635, strand=-, frame=2, truncated=no, start-type=ATG, RBS-motif=AGGA
13:33:05.478 - INFO - CDS - contig=contig_25, start=15705, stop=16622, strand=-, frame=2, truncated=no, start-type=GTG, RBS-motif=GGAGG
13:33:05.478 - INFO - CDS - contig=contig_25, start=17110, stop=18468, strand=-, frame=1, truncated=no, start-type=ATG, RBS-motif=AGGAGG
13:33:05.478 - INFO - CDS - contig=contig_25, start=18516, stop=19541, strand=-, frame=2, truncated=no, start-type=TTG, RBS-motif=GGAGG
13:33:05.478 - INFO - CDS - contig=contig_25, start=19676, stop=20140, strand=+, frame=2, truncated=no, start-type=TTG, RBS-motif=AGxAGG/AGGxGG
13:33:05.478 - INFO - CDS - contig=contig_25, start=20143, stop=21504, strand=+, frame=1, truncated=no, start-type=ATG, RBS-motif=AGGAGG
13:33:05.478 - INFO - CDS - contig=contig_25, start=21553, stop=21936, strand=-, frame=1, truncated=no, start-type=ATG, RBS-motif=GGA/GAG/AGG
13:33:05.478 - INFO - CDS - contig=contig_25, start=22038, stop=24155, strand=-, frame=2, truncated=no, start-type=ATG, RBS-motif=AGxAGG/AGGxGG
13:33:05.478 - INFO - CDS - contig=contig_25, start=24796, stop=25503, strand=+, frame=1, truncated=no, start-type=ATG, RBS-motif=GGA/GAG/AGG
13:33:05.478 - INFO - CDS - contig=contig_25, start=25561, stop=26907, strand=-, frame=1, truncated=no, start-type=ATG, RBS-motif=AGxAGG/AGGxGG
13:33:05.478 - INFO - CDS - contig=contig_25, start=26909, stop=27622, strand=-, frame=3, truncated=no, start-type=ATG, RBS-motif=AGGAGG
13:33:05.478 - INFO - CDS - contig=contig_25, start=27767, stop=30058, strand=+, frame=2, truncated=no, start-type=TTG, RBS-motif=4Base/6BMM
13:33:05.478 - INFO - CDS - contig=contig_25, start=30075, stop=32432, strand=+, frame=3, truncated=no, start-type=ATG, RBS-motif=AGGAG
13:33:05.478 - INFO - CDS - contig=contig_25, start=33305, stop=36733, strand=+, frame=2, truncated=no, start-type=ATG, RBS-motif=AGGA
13:33:05.479 - INFO - CDS - contig=contig_25, start=36896, stop=37852, strand=+, frame=2, truncated=no, start-type=ATG, RBS-motif=AGGAGG
13:33:05.479 - INFO - CDS - contig=contig_25, start=37959, stop=38468, strand=+, frame=3, truncated=no, start-type=ATG, RBS-motif=AGGAGG
13:33:05.479 - INFO - CDS - contig=contig_25, start=646, stop=1560, strand=+, nt=[ATGCCCATTA..GCAGCTGTAA]
13:33:05.479 - INFO - CDS - contig=contig_25, start=1956, stop=3170, strand=-, nt=[ATGTACTGCG..GCGCACATAA]
13:33:05.479 - INFO - CDS - contig=contig_25, start=3191, stop=5098, strand=-, nt=[ATGTTGTTCC..CCGGGCATGA]
13:33:05.479 - INFO - CDS - contig=contig_25, start=5188, stop=5586, strand=-, nt=[ATGCTCATCA..TTTGGCATGA]
13:33:05.479 - INFO - CDS - contig=contig_25, start=5751, stop=6413, strand=+, nt=[ATGAACATCA..TCTGCTCTGA]
13:33:05.479 - INFO - CDS - contig=contig_25, start=6994, stop=7437, strand=-, nt=[ATGGATATGA..CCGGGGATGA]
13:33:05.479 - INFO - CDS - contig=contig_25, start=7555, stop=8043, strand=+, nt=[ATGGATATTC..CCATGGCTAA]
13:33:05.479 - INFO - CDS - contig=contig_25, start=8097, stop=8366, strand=+, nt=[GTGTGCGCCG..CTTTTACTGA]
13:33:05.479 - INFO - CDS - contig=contig_25, start=8497, stop=11523, strand=-, nt=[ATGAAGCGAT..CATGCGGTAA]
13:33:05.479 - INFO - CDS - contig=contig_25, start=11974, stop=13185, strand=-, nt=[ATGCCGGAAA..CCAGCCGTAA]
13:33:05.479 - INFO - CDS - contig=contig_25, start=13312, stop=14214, strand=+, nt=[ATGGCGGAAC..GCTGGAGTGA]
13:33:05.479 - INFO - CDS - contig=contig_25, start=14226, stop=15635, strand=-, nt=[ATGGAGCAGA..CCTGCGCTGA]
13:33:05.479 - INFO - CDS - contig=contig_25, start=15705, stop=16622, strand=-, nt=[GTGAGCGGCG..GCCCGGGTAA]
13:33:05.479 - INFO - CDS - contig=contig_25, start=17110, stop=18468, strand=-, nt=[ATGCAGCAGA..GCTGATGTGA]
13:33:05.479 - INFO - CDS - contig=contig_25, start=18516, stop=19541, strand=-, nt=[TTGAAATCCT..GCTGAAGTGA]
13:33:05.479 - INFO - CDS - contig=contig_25, start=19676, stop=20140, strand=+, nt=[TTGCAGGAAC..GGAGGTTTGA]
13:33:05.479 - INFO - CDS - contig=contig_25, start=20143, stop=21504, strand=+, nt=[ATGGACCGCA..TCTGACCTAA]
13:33:05.479 - INFO - CDS - contig=contig_25, start=21553, stop=21936, strand=-, nt=[ATGACCAAAC..CAACGCGTAA]
13:33:05.479 - INFO - CDS - contig=contig_25, start=22038, stop=24155, strand=-, nt=[ATGACGCTGC..GTTCAACTGA]
13:33:05.479 - INFO - CDS - contig=contig_25, start=24796, stop=25503, strand=+, nt=[ATGTCTTGCG..GCCCGTGTGA]
13:33:05.479 - INFO - CDS - contig=contig_25, start=25561, stop=26907, strand=-, nt=[ATGGAGCAGA..GAAGGTTTGA]
13:33:05.479 - INFO - CDS - contig=contig_25, start=26909, stop=27622, strand=-, nt=[ATGCAAGAGA..GAAGGGATAA]
13:33:05.479 - INFO - CDS - contig=contig_25, start=27767, stop=30058, strand=+, nt=[TTGACTCTTG..AAAACACTGA]
13:33:05.480 - INFO - CDS - contig=contig_25, start=30075, stop=32432, strand=+, nt=[ATGAAAACTG..CCGCAAATAA]
13:33:05.480 - INFO - CDS - contig=contig_25, start=33305, stop=36733, strand=+, nt=[ATGGCGGAAT..CATCCGGTAA]
13:33:05.480 - INFO - CDS - contig=contig_25, start=36896, stop=37852, strand=+, nt=[ATGGAAACGA..GATGCGCTGA]
13:33:05.480 - INFO - CDS - contig=contig_25, start=37959, stop=38468, strand=+, nt=[ATGAAACGCG..CTGCCCTTAA]
13:33:05.486 - INFO - CDS - contig=contig_26, start=409, stop=3030, strand=+, frame=1, truncated=no, start-type=ATG, RBS-motif=GGAG/GAGG
13:33:05.486 - INFO - CDS - contig=contig_26, start=3033, stop=3389, strand=+, frame=3, truncated=no, start-type=ATG, RBS-motif=AGGAGG
13:33:05.486 - INFO - CDS - contig=contig_26, start=3389, stop=7138, strand=+, frame=2, truncated=no, start-type=ATG, RBS-motif=AGxAGG/AGGxGG
13:33:05.486 - INFO - CDS - contig=contig_26, start=7150, stop=9066, strand=+, frame=1, truncated=no, start-type=GTG, RBS-motif=AGGAGG
13:33:05.486 - INFO - CDS - contig=contig_26, start=9258, stop=9626, strand=-, frame=2, truncated=no, start-type=ATG, RBS-motif=AGGA
13:33:05.486 - INFO - CDS - contig=contig_26, start=9701, stop=10714, strand=-, frame=3, truncated=no, start-type=ATG, RBS-motif=AGGAG/GGAGG
13:33:05.486 - INFO - CDS - contig=contig_26, start=11035, stop=11664, strand=+, frame=1, truncated=no, start-type=ATG, RBS-motif=GGAGG
13:33:05.486 - INFO - CDS - contig=contig_26, start=11651, stop=12400, strand=+, frame=2, truncated=no, start-type=ATG, RBS-motif=AGxAGG/AGGxGG
13:33:05.486 - INFO - CDS - contig=contig_26, start=12464, stop=13939, strand=+, frame=2, truncated=no, start-type=ATG, RBS-motif=AGGAG
13:33:05.487 - INFO - CDS - contig=contig_26, start=14029, stop=14760, strand=-, frame=1, truncated=no, start-type=TTG, RBS-motif=AGGAG
13:33:05.487 - INFO - CDS - contig=contig_26, start=15074, stop=16195, strand=-, frame=3, truncated=no, start-type=ATG, RBS-motif=AGxAGG/AGGxGG
13:33:05.487 - INFO - CDS - contig=contig_26, start=16192, stop=17406, strand=-, frame=1, truncated=no, start-type=ATG, RBS-motif=AGGAG
13:33:05.487 - INFO - CDS - contig=contig_26, start=17399, stop=18622, strand=-, frame=3, truncated=no, start-type=ATG, RBS-motif=AGGAG
13:33:05.487 - INFO - CDS - contig=contig_26, start=18771, stop=18935, strand=+, frame=3, truncated=no, start-type=ATG, RBS-motif=AGGA/GGAG/GAGG
13:33:05.487 - INFO - CDS - contig=contig_26, start=18942, stop=19571, strand=-, frame=2, truncated=no, start-type=ATG, RBS-motif=None
13:33:05.487 - INFO - CDS - contig=contig_26, start=19552, stop=20094, strand=-, frame=1, truncated=no, start-type=ATG, RBS-motif=GGAG/GAGG
13:33:05.487 - INFO - CDS - contig=contig_26, start=20105, stop=20776, strand=-, frame=3, truncated=no, start-type=GTG, RBS-motif=AGGAGG
13:33:05.487 - INFO - CDS - contig=contig_26, start=20773, stop=21504, strand=-, frame=1, truncated=no, start-type=TTG, RBS-motif=GGAGG
13:33:05.487 - INFO - CDS - contig=contig_26, start=21785, stop=22819, strand=+, frame=2, truncated=no, start-type=ATG, RBS-motif=GGAGG
13:33:05.487 - INFO - CDS - contig=contig_26, start=22919, stop=23869, strand=+, frame=2, truncated=no, start-type=ATG, RBS-motif=GGAGG
13:33:05.487 - INFO - CDS - contig=contig_26, start=23862, stop=24656, strand=+, frame=3, truncated=no, start-type=ATG, RBS-motif=AGGAGG
13:33:05.487 - INFO - CDS - contig=contig_26, start=24925, stop=25977, strand=-, frame=1, truncated=no, start-type=ATG, RBS-motif=GGAGG
13:33:05.487 - INFO - CDS - contig=contig_26, start=25979, stop=26668, strand=-, frame=3, truncated=no, start-type=ATG, RBS-motif=None
13:33:05.487 - INFO - CDS - contig=contig_26, start=26714, stop=27568, strand=-, frame=3, truncated=no, start-type=ATG, RBS-motif=AGGAG
13:33:05.487 - INFO - CDS - contig=contig_26, start=27688, stop=28173, strand=-, frame=1, truncated=no, start-type=ATG, RBS-motif=AGGAGG
13:33:05.487 - INFO - CDS - contig=contig_26, start=28170, stop=28613, strand=-, frame=2, truncated=no, start-type=ATG, RBS-motif=GGAGG
13:33:05.488 - INFO - CDS - contig=contig_26, start=28618, stop=29592, strand=-, frame=1, truncated=no, start-type=GTG, RBS-motif=AGGAGG
13:33:05.488 - INFO - CDS - contig=contig_26, start=29585, stop=30097, strand=-, frame=3, truncated=no, start-type=ATG, RBS-motif=4Base/6BMM
13:33:05.488 - INFO - CDS - contig=contig_26, start=30084, stop=30563, strand=-, frame=2, truncated=no, start-type=ATG, RBS-motif=AGGAG/GGAGG
13:33:05.488 - INFO - CDS - contig=contig_26, start=30631, stop=31836, strand=-, frame=1, truncated=no, start-type=ATG, RBS-motif=GGA/GAG/AGG
13:33:05.488 - INFO - CDS - contig=contig_26, start=31840, stop=32865, strand=-, frame=1, truncated=no, start-type=ATG, RBS-motif=GGAGG
13:33:05.488 - INFO - CDS - contig=contig_26, start=33149, stop=33529, strand=-, frame=3, truncated=no, start-type=ATG, RBS-motif=None
13:33:05.488 - INFO - CDS - contig=contig_26, start=409, stop=3030, strand=+, nt=[ATGAGAAACA..GGAGGAGTGA]
13:33:05.488 - INFO - CDS - contig=contig_26, start=3033, stop=3389, strand=+, nt=[ATGGAGCAGA..CGGCGTCTGA]
13:33:05.488 - INFO - CDS - contig=contig_26, start=3389, stop=7138, strand=+, nt=[ATGGAGCCGA..GGAACGATAG]
13:33:05.488 - INFO - CDS - contig=contig_26, start=7150, stop=9066, strand=+, nt=[GTGAAACAGC..TCGGGGATAG]
13:33:05.488 - INFO - CDS - contig=contig_26, start=9258, stop=9626, strand=-, nt=[ATGGAACTCT..CAAGTCGTAA]
13:33:05.488 - INFO - CDS - contig=contig_26, start=9701, stop=10714, strand=-, nt=[ATGATCACAA..CACAAAATAA]
13:33:05.488 - INFO - CDS - contig=contig_26, start=11035, stop=11664, strand=+, nt=[ATGGTGGAAC..CGGTCTATGA]
13:33:05.488 - INFO - CDS - contig=contig_26, start=11651, stop=12400, strand=+, nt=[ATGACGGTCT..AGCCCCTTGA]
13:33:05.488 - INFO - CDS - contig=contig_26, start=12464, stop=13939, strand=+, nt=[ATGGTCAACA..TCCGCAGTAA]
13:33:05.488 - INFO - CDS - contig=contig_26, start=14029, stop=14760, strand=-, nt=[TTGCCGCTGA..CCGCAGCTGA]
13:33:05.488 - INFO - CDS - contig=contig_26, start=15074, stop=16195, strand=-, nt=[ATGACCCCCT..ACCGAATTGA]
13:33:05.488 - INFO - CDS - contig=contig_26, start=16192, stop=17406, strand=-, nt=[ATGGATAAGC..GGGCTTATGA]
13:33:05.488 - INFO - CDS - contig=contig_26, start=17399, stop=18622, strand=-, nt=[ATGTCACAGG..CAATGGATAA]
13:33:05.488 - INFO - CDS - contig=contig_26, start=18771, stop=18935, strand=+, nt=[ATGTGCTGTG..CTGCTGCTGA]
13:33:05.488 - INFO - CDS - contig=contig_26, start=18942, stop=19571, strand=-, nt=[ATGAAGTCCA..ACTTAGGTAG]
13:33:05.488 - INFO - CDS - contig=contig_26, start=19552, stop=20094, strand=-, nt=[ATGGTAACGA..TTACCGCTGA]
13:33:05.488 - INFO - CDS - contig=contig_26, start=20105, stop=20776, strand=-, nt=[GTGAGCGGAA..TCTTCCGTGA]
13:33:05.488 - INFO - CDS - contig=contig_26, start=20773, stop=21504, strand=-, nt=[TTGCGCACTG..CGGCCGGTGA]
13:33:05.489 - INFO - CDS - contig=contig_26, start=21785, stop=22819, strand=+, nt=[ATGAAAAACT..CGCCGGATAA]
13:33:05.489 - INFO - CDS - contig=contig_26, start=22919, stop=23869, strand=+, nt=[ATGCTGGGTT..TAATGCTTGA]
13:33:05.489 - INFO - CDS - contig=contig_26, start=23862, stop=24656, strand=+, nt=[ATGCTTGAGG..CCTGTCTTAA]
13:33:05.489 - INFO - CDS - contig=contig_26, start=24925, stop=25977, strand=-, nt=[ATGTCTCTGA..CGAACATTGA]
13:33:05.489 - INFO - CDS - contig=contig_26, start=25979, stop=26668, strand=-, nt=[ATGGACTGGT..GGAGGTGTGA]
13:33:05.489 - INFO - CDS - contig=contig_26, start=26714, stop=27568, strand=-, nt=[ATGAAAAAGC..CCCCGGCTGA]
13:33:05.489 - INFO - CDS - contig=contig_26, start=27688, stop=28173, strand=-, nt=[ATGAGAGCTG..CGCCCGATGA]
13:33:05.489 - INFO - CDS - contig=contig_26, start=28170, stop=28613, strand=-, nt=[ATGGGCAAAG..GCCGTTATGA]
13:33:05.489 - INFO - CDS - contig=contig_26, start=28618, stop=29592, strand=-, nt=[GTGCTTGACC..TGGAGGGTAA]
13:33:05.489 - INFO - CDS - contig=contig_26, start=29585, stop=30097, strand=-, nt=[ATGACCGTGG..CCGTGCTTGA]
13:33:05.489 - INFO - CDS - contig=contig_26, start=30084, stop=30563, strand=-, nt=[ATGGACGCGA..CCGTGGATAG]
13:33:05.489 - INFO - CDS - contig=contig_26, start=30631, stop=31836, strand=-, nt=[ATGGTGACCG..GCTGCTGTAG]
13:33:05.489 - INFO - CDS - contig=contig_26, start=31840, stop=32865, strand=-, nt=[ATGAAGCTGA..AGGGGTGTAG]
13:33:05.489 - INFO - CDS - contig=contig_26, start=33149, stop=33529, strand=-, nt=[ATGACACAGC..GAGGGACTAG]
13:33:05.502 - INFO - CDS - contig=contig_27, start=64, stop=594, strand=+, frame=1, truncated=no, start-type=ATG, RBS-motif=GGAGG
13:33:05.502 - INFO - CDS - contig=contig_27, start=643, stop=1167, strand=-, frame=2, truncated=no, start-type=ATG, RBS-motif=GGAG/GAGG
13:33:05.502 - INFO - CDS - contig=contig_27, start=1164, stop=1724, strand=-, frame=3, truncated=no, start-type=ATG, RBS-motif=AGGAGG
13:33:05.503 - INFO - CDS - contig=contig_27, start=1996, stop=2310, strand=-, frame=2, truncated=no, start-type=ATG, RBS-motif=GGAG/GAGG
13:33:05.503 - INFO - CDS - contig=contig_27, start=2467, stop=3006, strand=+, frame=1, truncated=no, start-type=ATG, RBS-motif=AGGAGG
13:33:05.503 - INFO - CDS - contig=contig_27, start=3064, stop=3729, strand=+, frame=1, truncated=no, start-type=ATG, RBS-motif=GGAGG
13:33:05.503 - INFO - CDS - contig=contig_27, start=3726, stop=4847, strand=+, frame=3, truncated=no, start-type=ATG, RBS-motif=GGAG/GAGG
13:33:05.503 - INFO - CDS - contig=contig_27, start=4939, stop=6306, strand=+, frame=1, truncated=no, start-type=ATG, RBS-motif=GGAGG
13:33:05.503 - INFO - CDS - contig=contig_27, start=6323, stop=6511, strand=+, frame=2, truncated=no, start-type=ATG, RBS-motif=AGxAGG/AGGxGG
13:33:05.503 - INFO - CDS - contig=contig_27, start=6526, stop=7164, strand=+, frame=1, truncated=no, start-type=ATG, RBS-motif=AGxAGG/AGGxGG
13:33:05.503 - INFO - CDS - contig=contig_27, start=7383, stop=7799, strand=+, frame=3, truncated=no, start-type=ATG, RBS-motif=GGAGG
13:33:05.503 - INFO - CDS - contig=contig_27, start=8167, stop=8814, strand=+, frame=1, truncated=no, start-type=ATG, RBS-motif=GGA/GAG/AGG
13:33:05.503 - INFO - CDS - contig=contig_27, start=9177, stop=10862, strand=+, frame=3, truncated=no, start-type=ATG, RBS-motif=AGGAGG
13:33:05.503 - INFO - CDS - contig=contig_27, start=10971, stop=11387, strand=+, frame=3, truncated=no, start-type=ATG, RBS-motif=GGAGG
13:33:05.503 - INFO - CDS - contig=contig_27, start=12140, stop=12649, strand=+, frame=2, truncated=no, start-type=GTG, RBS-motif=GGAGG
13:33:05.503 - INFO - CDS - contig=contig_27, start=12831, stop=13277, strand=-, frame=3, truncated=no, start-type=ATG, RBS-motif=GGA/GAG/AGG
13:33:05.503 - INFO - CDS - contig=contig_27, start=13448, stop=13804, strand=+, frame=2, truncated=no, start-type=ATG, RBS-motif=GGAG/GAGG
13:33:05.503 - INFO - CDS - contig=contig_27, start=14300, stop=14659, strand=+, frame=2, truncated=no, start-type=ATG, RBS-motif=GGAG/GAGG
13:33:05.503 - INFO - CDS - contig=contig_27, start=14670, stop=16637, strand=+, frame=3, truncated=no, start-type=ATG, RBS-motif=GGAG/GAGG
13:33:05.504 - INFO - CDS - contig=contig_27, start=16830, stop=17246, strand=+, frame=3, truncated=no, start-type=ATG, RBS-motif=GGAGG
13:33:05.504 - INFO - CDS - contig=contig_27, start=17520, stop=19094, strand=+, frame=3, truncated=no, start-type=ATG, RBS-motif=None
13:33:05.504 - INFO - CDS - contig=contig_27, start=19312, stop=20661, strand=-, frame=2, truncated=no, start-type=ATG, RBS-motif=GGAGG
13:33:05.504 - INFO - CDS - contig=contig_27, start=21346, stop=21705, strand=+, frame=1, truncated=no, start-type=ATG, RBS-motif=AGGA
13:33:05.504 - INFO - CDS - contig=contig_27, start=21716, stop=22975, strand=+, frame=2, truncated=no, start-type=ATG, RBS-motif=AGGAGG
13:33:05.504 - INFO - CDS - contig=contig_27, start=23049, stop=24503, strand=+, frame=3, truncated=no, start-type=ATG, RBS-motif=AGGAGG
13:33:05.504 - INFO - CDS - contig=contig_27, start=24669, stop=25085, strand=+, frame=3, truncated=no, start-type=ATG, RBS-motif=GGAGG
13:33:05.504 - INFO - CDS - contig=contig_27, start=25421, stop=26092, strand=+, frame=2, truncated=no, start-type=ATG, RBS-motif=GGAGG
13:33:05.504 - INFO - CDS - contig=contig_27, start=26766, stop=27494, strand=+, frame=3, truncated=no, start-type=ATG, RBS-motif=GGA/GAG/AGG
13:33:05.504 - INFO - CDS - contig=contig_27, start=27623, stop=28438, strand=+, frame=2, truncated=no, start-type=ATG, RBS-motif=AGGAG/GGAGG
13:33:05.504 - INFO - CDS - contig=contig_27, start=28589, stop=29014, strand=+, frame=2, truncated=no, start-type=ATG, RBS-motif=GGAGG
13:33:05.504 - INFO - CDS - contig=contig_27, start=29211, stop=29765, strand=+, frame=3, truncated=no, start-type=GTG, RBS-motif=AGGAG
13:33:05.504 - INFO - CDS - contig=contig_27, start=29839, stop=30219, strand=+, frame=1, truncated=no, start-type=ATG, RBS-motif=AGGAG
13:33:05.504 - INFO - CDS - contig=contig_27, start=31150, stop=31806, strand=+, frame=1, truncated=no, start-type=ATG, RBS-motif=AGGAG
13:33:05.504 - INFO - CDS - contig=contig_27, start=32266, stop=33090, strand=+, frame=1, truncated=no, start-type=ATG, RBS-motif=AGGAG
13:33:05.504 - INFO - CDS - contig=contig_27, start=64, stop=594, strand=+, nt=[ATGGCAAAGT..ACCCCCTTGA]
13:33:05.504 - INFO - CDS - contig=contig_27, start=643, stop=1167, strand=-, nt=[ATGAACGCAA..CGAAGATTGA]
13:33:05.504 - INFO - CDS - contig=contig_27, start=1164, stop=1724, strand=-, nt=[ATGATAGACG..ATTCGTATGA]
13:33:05.504 - INFO - CDS - contig=contig_27, start=1996, stop=2310, strand=-, nt=[ATGGACGAAG..AGGAAAATGA]
13:33:05.504 - INFO - CDS - contig=contig_27, start=2467, stop=3006, strand=+, nt=[ATGAATGAAT..TAATTCTTAA]
13:33:05.505 - INFO - CDS - contig=contig_27, start=3064, stop=3729, strand=+, nt=[ATGGCAATCT..AATGCCATGA]
13:33:05.505 - INFO - CDS - contig=contig_27, start=3726, stop=4847, strand=+, nt=[ATGAAGAAGC..TACAAAATAG]
13:33:05.505 - INFO - CDS - contig=contig_27, start=4939, stop=6306, strand=+, nt=[ATGAATTTTA..AATGAGTTAA]
13:33:05.505 - INFO - CDS - contig=contig_27, start=6323, stop=6511, strand=+, nt=[ATGAAAAGAA..AGAAGGCTAA]
13:33:05.505 - INFO - CDS - contig=contig_27, start=6526, stop=7164, strand=+, nt=[ATGGAAATTT..ACTTTATTAA]
13:33:05.505 - INFO - CDS - contig=contig_27, start=7383, stop=7799, strand=+, nt=[ATGGGAGAAA..TGAAAAATAG]
13:33:05.505 - INFO - CDS - contig=contig_27, start=8167, stop=8814, strand=+, nt=[ATGGCGAGAA..AAGTGAGTAA]
13:33:05.505 - INFO - CDS - contig=contig_27, start=9177, stop=10862, strand=+, nt=[ATGATACGTT..GAAAAAATAA]
13:33:05.505 - INFO - CDS - contig=contig_27, start=10971, stop=11387, strand=+, nt=[ATGCAAGAGA..CGAAAAATAG]
13:33:05.505 - INFO - CDS - contig=contig_27, start=12140, stop=12649, strand=+, nt=[GTGCAAAATT..ACAGGGCTGA]
13:33:05.505 - INFO - CDS - contig=contig_27, start=12831, stop=13277, strand=-, nt=[ATGGTGGTTT..CCGCTTATGA]
13:33:05.505 - INFO - CDS - contig=contig_27, start=13448, stop=13804, strand=+, nt=[ATGGAATTAG..GCAGGAATAG]
13:33:05.505 - INFO - CDS - contig=contig_27, start=14300, stop=14659, strand=+, nt=[ATGGAAATCA..TTTGGAATGA]
13:33:05.505 - INFO - CDS - contig=contig_27, start=14670, stop=16637, strand=+, nt=[ATGAGCCTGC..AATTGAATGA]
13:33:05.505 - INFO - CDS - contig=contig_27, start=16830, stop=17246, strand=+, nt=[ATGGAAGAAC..CGAAAGATAG]
13:33:05.505 - INFO - CDS - contig=contig_27, start=17520, stop=19094, strand=+, nt=[ATGAAACAAA..AAAAGAATAG]
13:33:05.505 - INFO - CDS - contig=contig_27, start=19312, stop=20661, strand=-, nt=[ATGGTAACTT..GGAACAGTAA]
13:33:05.505 - INFO - CDS - contig=contig_27, start=21346, stop=21705, strand=+, nt=[ATGGCAATTA..ATTGGAATAG]
13:33:05.505 - INFO - CDS - contig=contig_27, start=21716, stop=22975, strand=+, nt=[ATGAGCCTAT..GGAGGACTAA]
13:33:05.505 - INFO - CDS - contig=contig_27, start=23049, stop=24503, strand=+, nt=[ATGAGCCTAT..CGCGCGATAA]
13:33:05.505 - INFO - CDS - contig=contig_27, start=24669, stop=25085, strand=+, nt=[ATGAAAGAAA..TGAAAAATAG]
13:33:05.505 - INFO - CDS - contig=contig_27, start=25421, stop=26092, strand=+, nt=[ATGCAGCATA..AGAAAGTTAA]
13:33:05.505 - INFO - CDS - contig=contig_27, start=26766, stop=27494, strand=+, nt=[ATGGCAGATT..TCGATTCTAA]
13:33:05.505 - INFO - CDS - contig=contig_27, start=27623, stop=28438, strand=+, nt=[ATGAAGAAAT..TGTAAAATAA]
13:33:05.505 - INFO - CDS - contig=contig_27, start=28589, stop=29014, strand=+, nt=[ATGAAGGAGA..ACATGGATGA]
13:33:05.505 - INFO - CDS - contig=contig_27, start=29211, stop=29765, strand=+, nt=[GTGAAAATAA..TTTGACCTGA]
13:33:05.505 - INFO - CDS - contig=contig_27, start=29839, stop=30219, strand=+, nt=[ATGGATCGAT..GCAATCGTGA]
13:33:05.505 - INFO - CDS - contig=contig_27, start=31150, stop=31806, strand=+, nt=[ATGTTGAATT..TGTGAACTGA]
13:33:05.505 - INFO - CDS - contig=contig_27, start=32266, stop=33090, strand=+, nt=[ATGGATCAAA..ACAGGGTTGA]
13:33:05.506 - INFO - CDS - contig=contig_28, start=463, stop=1185, strand=+, frame=1, truncated=no, start-type=ATG, RBS-motif=AGxAGG/AGGxGG
13:33:05.506 - INFO - CDS - contig=contig_28, start=1187, stop=1741, strand=+, frame=2, truncated=no, start-type=ATG, RBS-motif=AGGAGG
13:33:05.506 - INFO - CDS - contig=contig_28, start=1950, stop=2696, strand=+, frame=3, truncated=no, start-type=ATG, RBS-motif=AGGA
13:33:05.506 - INFO - CDS - contig=contig_28, start=2697, stop=3527, strand=+, frame=3, truncated=no, start-type=GTG, RBS-motif=GGAGG
13:33:05.506 - INFO - CDS - contig=contig_28, start=3524, stop=4663, strand=+, frame=2, truncated=no, start-type=ATG, RBS-motif=GGxGG
13:33:05.506 - INFO - CDS - contig=contig_28, start=4800, stop=5864, strand=+, frame=3, truncated=no, start-type=ATG, RBS-motif=AGGAG
13:33:05.506 - INFO - CDS - contig=contig_28, start=5878, stop=6915, strand=+, frame=1, truncated=no, start-type=GTG, RBS-motif=AGxAGG/AGGxGG
13:33:05.506 - INFO - CDS - contig=contig_28, start=7056, stop=11177, strand=+, frame=3, truncated=no, start-type=ATG, RBS-motif=AGGAG/GGAGG
13:33:05.506 - INFO - CDS - contig=contig_28, start=11750, stop=12922, strand=+, frame=2, truncated=no, start-type=GTG, RBS-motif=GGAG/GAGG
13:33:05.506 - INFO - CDS - contig=contig_28, start=12919, stop=13569, strand=+, frame=1, truncated=no, start-type=ATG, RBS-motif=GGxGG
13:33:05.506 - INFO - CDS - contig=contig_28, start=13566, stop=14840, strand=+, frame=3, truncated=no, start-type=ATG, RBS-motif=GGAG/GAGG
13:33:05.507 - INFO - CDS - contig=contig_28, start=14866, stop=15477, strand=+, frame=1, truncated=no, start-type=GTG, RBS-motif=AGGAGG
13:33:05.507 - INFO - CDS - contig=contig_28, start=15477, stop=15785, strand=+, frame=3, truncated=no, start-type=ATG, RBS-motif=GGAG/GAGG
13:33:05.507 - INFO - CDS - contig=contig_28, start=15782, stop=16390, strand=+, frame=2, truncated=no, start-type=ATG, RBS-motif=AGGAGG
13:33:05.507 - INFO - CDS - contig=contig_28, start=16387, stop=17109, strand=+, frame=1, truncated=no, start-type=ATG, RBS-motif=GGAGG
13:33:05.507 - INFO - CDS - contig=contig_28, start=17210, stop=17965, strand=+, frame=2, truncated=no, start-type=ATG, RBS-motif=GGAGG
13:33:05.507 - INFO - CDS - contig=contig_28, start=17972, stop=18304, strand=+, frame=2, truncated=no, start-type=ATG, RBS-motif=GGAG/GAGG
13:33:05.507 - INFO - CDS - contig=contig_28, start=18301, stop=18630, strand=+, frame=1, truncated=no, start-type=ATG, RBS-motif=GGAGG
13:33:05.507 - INFO - CDS - contig=contig_28, start=18855, stop=19673, strand=+, frame=3, truncated=no, start-type=ATG, RBS-motif=AGGAG
13:33:05.507 - INFO - CDS - contig=contig_28, start=19871, stop=20755, strand=-, frame=1, truncated=no, start-type=TTG, RBS-motif=GGAG/GAGG
13:33:05.507 - INFO - CDS - contig=contig_28, start=20752, stop=21201, strand=-, frame=2, truncated=no, start-type=ATG, RBS-motif=AGGAGG
13:33:05.507 - INFO - CDS - contig=contig_28, start=21350, stop=22786, strand=-, frame=1, truncated=no, start-type=ATG, RBS-motif=AGxAGG/AGGxGG
13:33:05.507 - INFO - CDS - contig=contig_28, start=22857, stop=23420, strand=-, frame=3, truncated=no, start-type=ATG, RBS-motif=AGGAGG
13:33:05.507 - INFO - CDS - contig=contig_28, start=23417, stop=24625, strand=-, frame=1, truncated=no, start-type=ATG, RBS-motif=AGGAG
13:33:05.507 - INFO - CDS - contig=contig_28, start=24642, stop=25031, strand=-, frame=3, truncated=no, start-type=TTG, RBS-motif=AGGAGG
13:33:05.507 - INFO - CDS - contig=contig_28, start=25198, stop=25830, strand=+, frame=1, truncated=no, start-type=ATG, RBS-motif=GGA/GAG/AGG
13:33:05.507 - INFO - CDS - contig=contig_28, start=25827, stop=26987, strand=+, frame=3, truncated=no, start-type=ATG, RBS-motif=GGAGG
13:33:05.507 - INFO - CDS - contig=contig_28, start=27158, stop=27598, strand=+, frame=2, truncated=no, start-type=ATG, RBS-motif=GGA/GAG/AGG
13:33:05.507 - INFO - CDS - contig=contig_28, start=27688, stop=29427, strand=+, frame=1, truncated=no, start-type=ATG, RBS-motif=AGGAGG
13:33:05.508 - INFO - CDS - contig=contig_28, start=29420, stop=31294, strand=+, frame=2, truncated=no, start-type=ATG, RBS-motif=GGAGG
13:33:05.508 - INFO - CDS - contig=contig_28, start=31410, stop=31577, strand=+, frame=3, truncated=no, start-type=ATG, RBS-motif=AGGAGG
13:33:05.508 - INFO - CDS - contig=contig_28, start=463, stop=1185, strand=+, nt=[ATGAGCGAAC..GGAACCGTGA]
13:33:05.508 - INFO - CDS - contig=contig_28, start=1187, stop=1741, strand=+, nt=[ATGAAGGAAG..GGCGGTGTGA]
13:33:05.508 - INFO - CDS - contig=contig_28, start=1950, stop=2696, strand=+, nt=[ATGGCATTTT..AGGTGTTTGA]
13:33:05.508 - INFO - CDS - contig=contig_28, start=2697, stop=3527, strand=+, nt=[GTGGGGAAAC..GGGCGCATGA]
13:33:05.508 - INFO - CDS - contig=contig_28, start=3524, stop=4663, strand=+, nt=[ATGAGCAGAA..GATTTCGTAG]
13:33:05.508 - INFO - CDS - contig=contig_28, start=4800, stop=5864, strand=+, nt=[ATGACCATCG..GCTCTTCTGA]
13:33:05.508 - INFO - CDS - contig=contig_28, start=5878, stop=6915, strand=+, nt=[GTGACAAAAC..CACGCTGTGA]
13:33:05.508 - INFO - CDS - contig=contig_28, start=7056, stop=11177, strand=+, nt=[ATGCCGGAAG..GCTGTTTTGA]
13:33:05.508 - INFO - CDS - contig=contig_28, start=11750, stop=12922, strand=+, nt=[GTGAAGTACA..TGTGCCATGA]
13:33:05.508 - INFO - CDS - contig=contig_28, start=12919, stop=13569, strand=+, nt=[ATGACCATGA..GCGGAAATGA]
13:33:05.508 - INFO - CDS - contig=contig_28, start=13566, stop=14840, strand=+, nt=[ATGATTCAGA..CTTTGAATAA]
13:33:05.508 - INFO - CDS - contig=contig_28, start=14866, stop=15477, strand=+, nt=[GTGAAAGTGC..AGTCCTGTGA]
13:33:05.508 - INFO - CDS - contig=contig_28, start=15477, stop=15785, strand=+, nt=[ATGGCGGCGG..ACAGACATGA]
13:33:05.508 - INFO - CDS - contig=contig_28, start=15782, stop=16390, strand=+, nt=[ATGAGCTATA..GAACCGATGA]
13:33:05.508 - INFO - CDS - contig=contig_28, start=16387, stop=17109, strand=+, nt=[ATGATCGTTT..ACAGACATGA]
13:33:05.508 - INFO - CDS - contig=contig_28, start=17210, stop=17965, strand=+, nt=[ATGTTAGCAA..GGTGAGGTGA]
13:33:05.508 - INFO - CDS - contig=contig_28, start=17972, stop=18304, strand=+, nt=[ATGGCGTTTG..AACGATATGA]
13:33:05.508 - INFO - CDS - contig=contig_28, start=18301, stop=18630, strand=+, nt=[ATGAACGACA..GGAGACCTGA]
13:33:05.508 - INFO - CDS - contig=contig_28, start=18855, stop=19673, strand=+, nt=[ATGGCCAAGA..GCTGGACTGA]
13:33:05.508 - INFO - CDS - contig=contig_28, start=19871, stop=20755, strand=-, nt=[TTGAGCGGCG..GGCTCCGTAA]
13:33:05.508 - INFO - CDS - contig=contig_28, start=20752, stop=21201, strand=-, nt=[ATGGATGACC..GGCGCCTTGA]
13:33:05.508 - INFO - CDS - contig=contig_28, start=21350, stop=22786, strand=-, nt=[ATGCATTTCG..AGGCTCCTGA]
13:33:05.508 - INFO - CDS - contig=contig_28, start=22857, stop=23420, strand=-, nt=[ATGACCTGTG..CGTTCCCTGA]
13:33:05.508 - INFO - CDS - contig=contig_28, start=23417, stop=24625, strand=-, nt=[ATGCCTACGG..CAACGGATGA]
13:33:05.508 - INFO - CDS - contig=contig_28, start=24642, stop=25031, strand=-, nt=[TTGGAATTTA..GAACCTGTAA]
13:33:05.508 - INFO - CDS - contig=contig_28, start=25198, stop=25830, strand=+, nt=[ATGAAAAAGC..GGAGCCATGA]
13:33:05.508 - INFO - CDS - contig=contig_28, start=25827, stop=26987, strand=+, nt=[ATGAGGAGGG..CCGGTCCTAA]
13:33:05.508 - INFO - CDS - contig=contig_28, start=27158, stop=27598, strand=+, nt=[ATGGATACGA..TCTCAGCTGA]
13:33:05.509 - INFO - CDS - contig=contig_28, start=27688, stop=29427, strand=+, nt=[ATGAAGAAAA..CCATGAATAA]
13:33:05.509 - INFO - CDS - contig=contig_28, start=29420, stop=31294, strand=+, nt=[ATGAATAAGA..ATTGGAATAA]
13:33:05.509 - INFO - CDS - contig=contig_28, start=31410, stop=31577, strand=+, nt=[ATGGGGTGCA..CGGCTGCTGA]
13:33:05.527 - INFO - CDS - contig=contig_29, start=140, stop=985, strand=-, frame=2, truncated=no, start-type=ATG, RBS-motif=AGGAGG
13:33:05.527 - INFO - CDS - contig=contig_29, start=985, stop=1878, strand=-, frame=3, truncated=no, start-type=ATG, RBS-motif=AGxAGG/AGGxGG
13:33:05.527 - INFO - CDS - contig=contig_29, start=1953, stop=3347, strand=-, frame=1, truncated=no, start-type=ATG, RBS-motif=AGGAGG
13:33:05.527 - INFO - CDS - contig=contig_29, start=3487, stop=4365, strand=-, frame=3, truncated=no, start-type=ATG, RBS-motif=GGAGG
13:33:05.527 - INFO - CDS - contig=contig_29, start=4516, stop=5436, strand=+, frame=1, truncated=no, start-type=ATG, RBS-motif=GGAG/GAGG
13:33:05.527 - INFO - CDS - contig=contig_29, start=5790, stop=7805, strand=-, frame=1, truncated=no, start-type=ATG, RBS-motif=AGGAGG
13:33:05.527 - INFO - CDS - contig=contig_29, start=8007, stop=8126, strand=-, frame=1, truncated=no, start-type=ATG, RBS-motif=GGAG/GAGG
13:33:05.527 - INFO - CDS - contig=contig_29, start=8378, stop=8872, strand=-, frame=2, truncated=no, start-type=GTG, RBS-motif=GGAG/GAGG
13:33:05.527 - INFO - CDS - contig=contig_29, start=8880, stop=9767, strand=-, frame=1, truncated=no, start-type=ATG, RBS-motif=AGGA/GGAG/GAGG
13:33:05.527 - INFO - CDS - contig=contig_29, start=9977, stop=10642, strand=-, frame=2, truncated=no, start-type=TTG, RBS-motif=GGAGG
13:33:05.527 - INFO - CDS - contig=contig_29, start=10632, stop=11339, strand=-, frame=1, truncated=no, start-type=ATG, RBS-motif=GGAG/GAGG
13:33:05.528 - INFO - CDS - contig=contig_29, start=11348, stop=12127, strand=-, frame=2, truncated=no, start-type=ATG, RBS-motif=AGGAG
13:33:05.528 - INFO - CDS - contig=contig_29, start=12124, stop=12564, strand=-, frame=3, truncated=no, start-type=ATG, RBS-motif=AGGAG
13:33:05.528 - INFO - CDS - contig=contig_29, start=12580, stop=13485, strand=-, frame=3, truncated=no, start-type=ATG, RBS-motif=AGGAG
13:33:05.528 - INFO - CDS - contig=contig_29, start=13491, stop=14417, strand=-, frame=1, truncated=no, start-type=ATG, RBS-motif=AGGA
13:33:05.528 - INFO - CDS - contig=contig_29, start=14433, stop=15716, strand=-, frame=1, truncated=no, start-type=ATG, RBS-motif=AGGAGG
13:33:05.528 - INFO - CDS - contig=contig_29, start=15713, stop=16237, strand=-, frame=2, truncated=no, start-type=ATG, RBS-motif=AGGA/GGAG/GAGG
13:33:05.528 - INFO - CDS - contig=contig_29, start=16355, stop=17464, strand=-, frame=2, truncated=no, start-type=ATG, RBS-motif=AGGAGG
13:33:05.528 - INFO - CDS - contig=contig_29, start=17524, stop=18195, strand=-, frame=3, truncated=no, start-type=ATG, RBS-motif=AGGAGG
13:33:05.528 - INFO - CDS - contig=contig_29, start=18494, stop=19273, strand=+, frame=2, truncated=no, start-type=ATG, RBS-motif=GGAGG
13:33:05.528 - INFO - CDS - contig=contig_29, start=19321, stop=20268, strand=-, frame=3, truncated=no, start-type=ATG, RBS-motif=None
13:33:05.528 - INFO - CDS - contig=contig_29, start=20327, stop=20884, strand=-, frame=2, truncated=no, start-type=ATG, RBS-motif=GGAG/GAGG
13:33:05.528 - INFO - CDS - contig=contig_29, start=20886, stop=21719, strand=-, frame=1, truncated=no, start-type=ATG, RBS-motif=AGxAGG/AGGxGG
13:33:05.528 - INFO - CDS - contig=contig_29, start=21740, stop=22426, strand=-, frame=2, truncated=no, start-type=ATG, RBS-motif=AGxAGG/AGGxGG
13:33:05.528 - INFO - CDS - contig=contig_29, start=22784, stop=23527, strand=+, frame=2, truncated=no, start-type=ATG, RBS-motif=None
13:33:05.528 - INFO - CDS - contig=contig_29, start=23561, stop=24289, strand=+, frame=2, truncated=no, start-type=ATG, RBS-motif=GGA/GAG/AGG
13:33:05.528 - INFO - CDS - contig=contig_29, start=24455, stop=25705, strand=+, frame=2, truncated=no, start-type=TTG, RBS-motif=GGAG/GAGG
13:33:05.529 - INFO - CDS - contig=contig_29, start=25776, stop=27152, strand=+, frame=3, truncated=no, start-type=ATG, RBS-motif=AGGAG
13:33:05.529 - INFO - CDS - contig=contig_29, start=27161, stop=28474, strand=+, frame=2, truncated=no, start-type=ATG, RBS-motif=GGAG/GAGG
13:33:05.529 - INFO - CDS - contig=contig_29, start=140, stop=985, strand=-, nt=[ATGGGACGCA..CATCAAGTAG]
13:33:05.529 - INFO - CDS - contig=contig_29, start=985, stop=1878, strand=-, nt=[ATGAGATTGA..GGGGGCCTGA]
13:33:05.529 - INFO - CDS - contig=contig_29, start=1953, stop=3347, strand=-, nt=[ATGAAAAAAG..CGTTGGCTGA]
13:33:05.529 - INFO - CDS - contig=contig_29, start=3487, stop=4365, strand=-, nt=[ATGCATATCC..CCGCGCCTGA]
13:33:05.529 - INFO - CDS - contig=contig_29, start=4516, stop=5436, strand=+, nt=[ATGGAAGCTG..GTACGCCTGA]
13:33:05.529 - INFO - CDS - contig=contig_29, start=5790, stop=7805, strand=-, nt=[ATGAAACGAA..CGAACGATAG]
13:33:05.529 - INFO - CDS - contig=contig_29, start=8007, stop=8126, strand=-, nt=[ATGGCCGAGA..GAAAAAATGA]
13:33:05.529 - INFO - CDS - contig=contig_29, start=8378, stop=8872, strand=-, nt=[GTGGACGGTA..TTTTCGATAA]
13:33:05.529 - INFO - CDS - contig=contig_29, start=8880, stop=9767, strand=-, nt=[ATGAGTGATT..GTGCGGCTGA]
13:33:05.529 - INFO - CDS - contig=contig_29, start=9977, stop=10642, strand=-, nt=[TTGAGCGATA..GGTCGATTGA]
13:33:05.529 - INFO - CDS - contig=contig_29, start=10632, stop=11339, strand=-, nt=[ATGAGCAAGC..TGAGCGATAA]
13:33:05.529 - INFO - CDS - contig=contig_29, start=11348, stop=12127, strand=-, nt=[ATGAACCGCA..CTATCGCTGA]
13:33:05.529 - INFO - CDS - contig=contig_29, start=12124, stop=12564, strand=-, nt=[ATGGACGAGA..CGAGGAATGA]
13:33:05.529 - INFO - CDS - contig=contig_29, start=12580, stop=13485, strand=-, nt=[ATGCTGGAGC..GGAATCATGA]
13:33:05.529 - INFO - CDS - contig=contig_29, start=13491, stop=14417, strand=-, nt=[ATGCGAATCG..GAAGGAGTGA]
13:33:05.529 - INFO - CDS - contig=contig_29, start=14433, stop=15716, strand=-, nt=[ATGATCATTG..TCTGGGCTGA]
13:33:05.529 - INFO - CDS - contig=contig_29, start=15713, stop=16237, strand=-, nt=[ATGAAAGCCT..ACAGGCATGA]
13:33:05.529 - INFO - CDS - contig=contig_29, start=16355, stop=17464, strand=-, nt=[ATGAAAAGAA..CGCGCAGTAA]
13:33:05.529 - INFO - CDS - contig=contig_29, start=17524, stop=18195, strand=-, nt=[ATGATCATTG..GCTCCACTGA]
13:33:05.529 - INFO - CDS - contig=contig_29, start=18494, stop=19273, strand=+, nt=[ATGGAGAAGG..GATGCTGTAA]
13:33:05.529 - INFO - CDS - contig=contig_29, start=19321, stop=20268, strand=-, nt=[ATGGCTTCCG..GAAGGCCTGA]
13:33:05.529 - INFO - CDS - contig=contig_29, start=20327, stop=20884, strand=-, nt=[ATGGCCAAGT..AAGAAGGTAG]
13:33:05.529 - INFO - CDS - contig=contig_29, start=20886, stop=21719, strand=-, nt=[ATGAGAGAAC..GGTGCTTTGA]
13:33:05.530 - INFO - CDS - contig=contig_29, start=21740, stop=22426, strand=-, nt=[ATGGACATGC..AGGAGAGTAA]
13:33:05.530 - INFO - CDS - contig=contig_29, start=22784, stop=23527, strand=+, nt=[ATGCTTGATC..GCGCGGATGA]
13:33:05.530 - INFO - CDS - contig=contig_29, start=23561, stop=24289, strand=+, nt=[ATGGACAAGC..CTGTTTGTGA]
13:33:05.530 - INFO - CDS - contig=contig_29, start=24455, stop=25705, strand=+, nt=[TTGGCAAACA..CCTGGCCTGA]
13:33:05.530 - INFO - CDS - contig=contig_29, start=25776, stop=27152, strand=+, nt=[ATGAACTTTG..CAGCAAGTGA]
13:33:05.530 - INFO - CDS - contig=contig_29, start=27161, stop=28474, strand=+, nt=[ATGGAAGCCA..GAGGAAATGA]
13:33:05.530 - INFO - CDS - contig=contig_30, start=217, stop=1653, strand=-, frame=3, truncated=no, start-type=ATG, RBS-motif=GGAG/GAGG
13:33:05.530 - INFO - CDS - contig=contig_30, start=1650, stop=2924, strand=-, frame=1, truncated=no, start-type=TTG, RBS-motif=GGAGG
13:33:05.530 - INFO - CDS - contig=contig_30, start=3225, stop=4391, strand=-, frame=1, truncated=no, start-type=TTG, RBS-motif=AGGAGG
13:33:05.530 - INFO - CDS - contig=contig_30, start=4463, stop=5980, strand=-, frame=2, truncated=no, start-type=ATG, RBS-motif=AGGA/GGAG/GAGG
13:33:05.530 - INFO - CDS - contig=contig_30, start=6414, stop=10049, strand=+, frame=3, truncated=no, start-type=ATG, RBS-motif=AGGAGG
13:33:05.530 - INFO - CDS - contig=contig_30, start=10214, stop=10621, strand=-, frame=2, truncated=no, start-type=ATG, RBS-motif=GGAGG
13:33:05.530 - INFO - CDS - contig=contig_30, start=10821, stop=11033, strand=+, frame=3, truncated=no, start-type=ATG, RBS-motif=AGGAGG
13:33:05.530 - INFO - CDS - contig=contig_30, start=11047, stop=11268, strand=+, frame=1, truncated=no, start-type=GTG, RBS-motif=AGGAGG
13:33:05.530 - INFO - CDS - contig=contig_30, start=11328, stop=13496, strand=+, frame=3, truncated=no, start-type=ATG, RBS-motif=GGAG/GAGG
13:33:05.530 - INFO - CDS - contig=contig_30, start=13510, stop=13671, strand=+, frame=1, truncated=no, start-type=ATG, RBS-motif=AGGAGG
13:33:05.530 - INFO - CDS - contig=contig_30, start=13825, stop=14412, strand=-, frame=3, truncated=no, start-type=TTG, RBS-motif=None
13:33:05.531 - INFO - CDS - contig=contig_30, start=14409, stop=15821, strand=-, frame=1, truncated=no, start-type=ATG, RBS-motif=AGGAG/GGAGG
13:33:05.531 - INFO - CDS - contig=contig_30, start=15814, stop=16641, strand=-, frame=3, truncated=no, start-type=ATG, RBS-motif=AGGAG
13:33:05.531 - INFO - CDS - contig=contig_30, start=16836, stop=17381, strand=+, frame=3, truncated=no, start-type=ATG, RBS-motif=GGAG/GAGG
13:33:05.531 - INFO - CDS - contig=contig_30, start=17810, stop=20560, strand=+, frame=2, truncated=no, start-type=ATG, RBS-motif=GGA/GAG/AGG
13:33:05.531 - INFO - CDS - contig=contig_30, start=20765, stop=21595, strand=+, frame=2, truncated=no, start-type=ATG, RBS-motif=AGGAG
13:33:05.531 - INFO - CDS - contig=contig_30, start=21592, stop=23130, strand=+, frame=1, truncated=no, start-type=TTG, RBS-motif=AGGAGG
13:33:05.531 - INFO - CDS - contig=contig_30, start=23216, stop=26920, strand=+, frame=2, truncated=no, start-type=ATG, RBS-motif=GGxGG
13:33:05.531 - INFO - CDS - contig=contig_30, start=27041, stop=27280, strand=+, frame=2, truncated=no, start-type=ATG, RBS-motif=AGGAGG
13:33:05.531 - INFO - CDS - contig=contig_30, start=217, stop=1653, strand=-, nt=[ATGACGCTGC..GGCCCTGTAG]
13:33:05.531 - INFO - CDS - contig=contig_30, start=1650, stop=2924, strand=-, nt=[TTGTCCCACA..TTCGGAATGA]
13:33:05.531 - INFO - CDS - contig=contig_30, start=3225, stop=4391, strand=-, nt=[TTGGACGAGA..GCGCGTGTAG]
13:33:05.531 - INFO - CDS - contig=contig_30, start=4463, stop=5980, strand=-, nt=[ATGCTCCATC..CCGGCGCTGA]
13:33:05.531 - INFO - CDS - contig=contig_30, start=6414, stop=10049, strand=+, nt=[ATGGCGAGAA..GTACAAGTAA]
13:33:05.531 - INFO - CDS - contig=contig_30, start=10214, stop=10621, strand=-, nt=[ATGAAAATTT..CGAACGTTAG]
13:33:05.531 - INFO - CDS - contig=contig_30, start=10821, stop=11033, strand=+, nt=[ATGATGCCCT..CATGATTTGA]
13:33:05.531 - INFO - CDS - contig=contig_30, start=11047, stop=11268, strand=+, nt=[GTGAAGACGC..GATCGCGTAA]
13:33:05.531 - INFO - CDS - contig=contig_30, start=11328, stop=13496, strand=+, nt=[ATGGACATCA..GGCCCGGTAA]
13:33:05.531 - INFO - CDS - contig=contig_30, start=13510, stop=13671, strand=+, nt=[ATGAATGTCC..CGAGCGGTAG]
13:33:05.531 - INFO - CDS - contig=contig_30, start=13825, stop=14412, strand=-, nt=[TTGAGCGATG..GTCCAAATGA]
13:33:05.532 - INFO - CDS - contig=contig_30, start=14409, stop=15821, strand=-, nt=[ATGGATAAGC..CGTGCGTTGA]
13:33:05.532 - INFO - CDS - contig=contig_30, start=15814, stop=16641, strand=-, nt=[ATGAAACGAA..CCATGGATAA]
13:33:05.532 - INFO - CDS - contig=contig_30, start=16836, stop=17381, strand=+, nt=[ATGACGCAGC..AGCCCAATGA]
13:33:05.532 - INFO - CDS - contig=contig_30, start=17810, stop=20560, strand=+, nt=[ATGGGACTTT..CCCCGACTGA]
13:33:05.532 - INFO - CDS - contig=contig_30, start=20765, stop=21595, strand=+, nt=[ATGAATATCA..CACAGCTTGA]
13:33:05.532 - INFO - CDS - contig=contig_30, start=21592, stop=23130, strand=+, nt=[TTGAGAAGGA..CGTCGCGTAA]
13:33:05.532 - INFO - CDS - contig=contig_30, start=23216, stop=26920, strand=+, nt=[ATGGGGAACG..CTTCCGGTAA]
13:33:05.532 - INFO - CDS - contig=contig_30, start=27041, stop=27280, strand=+, nt=[ATGATCACTT..GATCCTGTAA]
13:33:05.538 - INFO - CDS - contig=contig_31, start=64, stop=594, strand=+, frame=1, truncated=no, start-type=ATG, RBS-motif=GGAGG
13:33:05.538 - INFO - CDS - contig=contig_31, start=691, stop=1005, strand=-, frame=3, truncated=no, start-type=ATG, RBS-motif=GGAG/GAGG
13:33:05.538 - INFO - CDS - contig=contig_31, start=1037, stop=1141, strand=+, frame=2, truncated=no, start-type=ATG, RBS-motif=AGGA
13:33:05.538 - INFO - CDS - contig=contig_31, start=1809, stop=2429, strand=+, frame=3, truncated=no, start-type=ATG, RBS-motif=GGxGG
13:33:05.538 - INFO - CDS - contig=contig_31, start=2623, stop=4092, strand=+, frame=1, truncated=no, start-type=ATG, RBS-motif=AGxAGG/AGGxGG
13:33:05.538 - INFO - CDS - contig=contig_31, start=4089, stop=5471, strand=+, frame=3, truncated=no, start-type=ATG, RBS-motif=GGxGG
13:33:05.538 - INFO - CDS - contig=contig_31, start=5490, stop=6581, strand=+, frame=3, truncated=no, start-type=ATG, RBS-motif=AGGAGG
13:33:05.538 - INFO - CDS - contig=contig_31, start=6595, stop=6996, strand=+, frame=1, truncated=no, start-type=ATG, RBS-motif=AGGAG
13:33:05.539 - INFO - CDS - contig=contig_31, start=7014, stop=7847, strand=+, frame=3, truncated=no, start-type=ATG, RBS-motif=GGAGG
13:33:05.539 - INFO - CDS - contig=contig_31, start=7932, stop=8588, strand=+, frame=3, truncated=no, start-type=ATG, RBS-motif=GGA/GAG/AGG
13:33:05.539 - INFO - CDS - contig=contig_31, start=8610, stop=9365, strand=+, frame=3, truncated=no, start-type=ATG, RBS-motif=AGGAG
13:33:05.539 - INFO - CDS - contig=contig_31, start=9870, stop=12299, strand=+, frame=3, truncated=no, start-type=TTG, RBS-motif=AGxAGG/AGGxGG
13:33:05.539 - INFO - CDS - contig=contig_31, start=12309, stop=13334, strand=+, frame=3, truncated=no, start-type=ATG, RBS-motif=GGAG/GAGG
13:33:05.539 - INFO - CDS - contig=contig_31, start=13350, stop=13973, strand=+, frame=3, truncated=no, start-type=ATG, RBS-motif=GGAG/GAGG
13:33:05.539 - INFO - CDS - contig=contig_31, start=14015, stop=14875, strand=+, frame=2, truncated=no, start-type=ATG, RBS-motif=GGAG/GAGG
13:33:05.539 - INFO - CDS - contig=contig_31, start=14885, stop=15262, strand=+, frame=2, truncated=no, start-type=ATG, RBS-motif=GGAG/GAGG
13:33:05.539 - INFO - CDS - contig=contig_31, start=15309, stop=16010, strand=+, frame=3, truncated=no, start-type=ATG, RBS-motif=GGAG/GAGG
13:33:05.539 - INFO - CDS - contig=contig_31, start=16025, stop=16300, strand=+, frame=2, truncated=no, start-type=GTG, RBS-motif=AGGAGG
13:33:05.539 - INFO - CDS - contig=contig_31, start=16314, stop=17318, strand=+, frame=3, truncated=no, start-type=ATG, RBS-motif=GGAG/GAGG
13:33:05.539 - INFO - CDS - contig=contig_31, start=17396, stop=18061, strand=+, frame=2, truncated=no, start-type=ATG, RBS-motif=GGAG/GAGG
13:33:05.539 - INFO - CDS - contig=contig_31, start=18164, stop=18412, strand=+, frame=2, truncated=no, start-type=ATG, RBS-motif=GGAGG
13:33:05.539 - INFO - CDS - contig=contig_31, start=18470, stop=19429, strand=+, frame=2, truncated=no, start-type=ATG, RBS-motif=AGGAGG
13:33:05.539 - INFO - CDS - contig=contig_31, start=19444, stop=20013, strand=+, frame=1, truncated=no, start-type=ATG, RBS-motif=GGAGG
13:33:05.540 - INFO - CDS - contig=contig_31, start=20055, stop=24488, strand=+, frame=3, truncated=no, start-type=ATG, RBS-motif=AGGAG
13:33:05.540 - INFO - CDS - contig=contig_31, start=24502, stop=25209, strand=+, frame=1, truncated=no, start-type=GTG, RBS-motif=AGGAGG
13:33:05.540 - INFO - CDS - contig=contig_31, start=25425, stop=25922, strand=+, frame=3, truncated=no, start-type=ATG, RBS-motif=AGGAGG
13:33:05.540 - INFO - CDS - contig=contig_31, start=26390, stop=26899, strand=+, frame=2, truncated=no, start-type=GTG, RBS-motif=GGAGG
13:33:05.540 - INFO - CDS - contig=contig_31, start=26830, stop=26988, strand=-, frame=3, truncated=no, start-type=ATG, RBS-motif=AGxAGG/AGGxGG
13:33:05.540 - INFO - CDS - contig=contig_31, start=64, stop=594, strand=+, nt=[ATGGCAAAGT..ACCCCCTTGA]
13:33:05.540 - INFO - CDS - contig=contig_31, start=691, stop=1005, strand=-, nt=[ATGGATGAAG..CAAGGACTGA]
13:33:05.540 - INFO - CDS - contig=contig_31, start=1037, stop=1141, strand=+, nt=[ATGAAATGCC..TGAGATTTGA]
13:33:05.540 - INFO - CDS - contig=contig_31, start=1809, stop=2429, strand=+, nt=[ATGGCACGAA..GATAAGGTGA]
13:33:05.540 - INFO - CDS - contig=contig_31, start=2623, stop=4092, strand=+, nt=[ATGAGTTTAC..CCTGCTATGA]
13:33:05.540 - INFO - CDS - contig=contig_31, start=4089, stop=5471, strand=+, nt=[ATGAGTTTGC..TTTTCAATAG]
13:33:05.540 - INFO - CDS - contig=contig_31, start=5490, stop=6581, strand=+, nt=[ATGAGTGAAG..TGAGGAATAA]
13:33:05.540 - INFO - CDS - contig=contig_31, start=6595, stop=6996, strand=+, nt=[ATGACAAAAG..CACCTTTTAA]
13:33:05.540 - INFO - CDS - contig=contig_31, start=7014, stop=7847, strand=+, nt=[ATGGCATTAA..ACTGGCATGA]
13:33:05.540 - INFO - CDS - contig=contig_31, start=7932, stop=8588, strand=+, nt=[ATGATTACTG..ATCACATTAG]
13:33:05.540 - INFO - CDS - contig=contig_31, start=8610, stop=9365, strand=+, nt=[ATGGAACAGG..GTCGCTGTAA]
13:33:05.540 - INFO - CDS - contig=contig_31, start=9870, stop=12299, strand=+, nt=[TTGAACTTTG..CTTGCTGTGA]
13:33:05.540 - INFO - CDS - contig=contig_31, start=12309, stop=13334, strand=+, nt=[ATGAAAGCGA..CTTGGAGTAG]
13:33:05.540 - INFO - CDS - contig=contig_31, start=13350, stop=13973, strand=+, nt=[ATGCTTTTCA..TATATGGTAG]
13:33:05.540 - INFO - CDS - contig=contig_31, start=14015, stop=14875, strand=+, nt=[ATGGCATTAC..CGCAGTCTGA]
13:33:05.540 - INFO - CDS - contig=contig_31, start=14885, stop=15262, strand=+, nt=[ATGGAATTAT..ACTTTTTTAG]
13:33:05.540 - INFO - CDS - contig=contig_31, start=15309, stop=16010, strand=+, nt=[ATGGTTAAAA..AGAATCGTGA]
13:33:05.540 - INFO - CDS - contig=contig_31, start=16025, stop=16300, strand=+, nt=[GTGCAAGTCT..AGCAAATTGA]
13:33:05.540 - INFO - CDS - contig=contig_31, start=16314, stop=17318, strand=+, nt=[ATGAACGAGA..TGAGAGGTGA]
13:33:05.540 - INFO - CDS - contig=contig_31, start=17396, stop=18061, strand=+, nt=[ATGTCCAAGC..CAATCTGTAA]
13:33:05.540 - INFO - CDS - contig=contig_31, start=18164, stop=18412, strand=+, nt=[ATGATCAAAG..GGATATTTGA]
13:33:05.540 - INFO - CDS - contig=contig_31, start=18470, stop=19429, strand=+, nt=[ATGGAATGGC..AGGATTGTAA]
13:33:05.540 - INFO - CDS - contig=contig_31, start=19444, stop=20013, strand=+, nt=[ATGATATATA..TGCTTATTAG]
13:33:05.541 - INFO - CDS - contig=contig_31, start=20055, stop=24488, strand=+, nt=[ATGGATTTAT..GTGGGATTGA]
13:33:05.541 - INFO - CDS - contig=contig_31, start=24502, stop=25209, strand=+, nt=[GTGGGATACG..CGAAGGATAG]
13:33:05.541 - INFO - CDS - contig=contig_31, start=25425, stop=25922, strand=+, nt=[ATGAAGTTAC..TAATCGCTGA]
13:33:05.541 - INFO - CDS - contig=contig_31, start=26390, stop=26899, strand=+, nt=[GTGCAAAATT..ACAGGGTTGA]
13:33:05.541 - INFO - CDS - contig=contig_31, start=26830, stop=26988, strand=-, nt=[ATGAATGAGT..AACGGCTTGA]
13:33:05.547 - INFO - CDS - contig=contig_32, start=246, stop=1001, strand=-, frame=1, truncated=no, start-type=ATG, RBS-motif=GGAGG
13:33:05.548 - INFO - CDS - contig=contig_32, start=992, stop=1183, strand=-, frame=2, truncated=no, start-type=ATG, RBS-motif=AGGAG
13:33:05.548 - INFO - CDS - contig=contig_32, start=1204, stop=1656, strand=-, frame=3, truncated=no, start-type=ATG, RBS-motif=AGGAGG
13:33:05.548 - INFO - CDS - contig=contig_32, start=1721, stop=2344, strand=-, frame=2, truncated=no, start-type=ATG, RBS-motif=AGGAGG
13:33:05.548 - INFO - CDS - contig=contig_32, start=2516, stop=3013, strand=+, frame=2, truncated=no, start-type=ATG, RBS-motif=AGGA
13:33:05.548 - INFO - CDS - contig=contig_32, start=2992, stop=4734, strand=+, frame=1, truncated=no, start-type=ATG, RBS-motif=GGA/GAG/AGG
13:33:05.548 - INFO - CDS - contig=contig_32, start=4731, stop=6803, strand=+, frame=3, truncated=no, start-type=ATG, RBS-motif=AGxAGG/AGGxGG
13:33:05.548 - INFO - CDS - contig=contig_32, start=6922, stop=7689, strand=+, frame=1, truncated=no, start-type=ATG, RBS-motif=AGGAGG
13:33:05.548 - INFO - CDS - contig=contig_32, start=7944, stop=8474, strand=+, frame=3, truncated=no, start-type=ATG, RBS-motif=GGA/GAG/AGG
13:33:05.548 - INFO - CDS - contig=contig_32, start=8536, stop=9969, strand=-, frame=3, truncated=no, start-type=ATG, RBS-motif=AGGAGG
13:33:05.548 - INFO - CDS - contig=contig_32, start=9981, stop=10700, strand=-, frame=1, truncated=no, start-type=ATG, RBS-motif=AGGAGG
13:33:05.548 - INFO - CDS - contig=contig_32, start=10787, stop=11344, strand=-, frame=2, truncated=no, start-type=ATG, RBS-motif=AGxAGG/AGGxGG
13:33:05.548 - INFO - CDS - contig=contig_32, start=11637, stop=11903, strand=+, frame=3, truncated=no, start-type=ATG, RBS-motif=AGxAGG/AGGxGG
13:33:05.548 - INFO - CDS - contig=contig_32, start=12096, stop=14246, strand=+, frame=3, truncated=no, start-type=ATG, RBS-motif=AGGAGG
13:33:05.548 - INFO - CDS - contig=contig_32, start=14462, stop=15754, strand=-, frame=2, truncated=no, start-type=ATG, RBS-motif=GGAGG
13:33:05.548 - INFO - CDS - contig=contig_32, start=15919, stop=16164, strand=+, frame=1, truncated=no, start-type=ATG, RBS-motif=AGGAGG
13:33:05.549 - INFO - CDS - contig=contig_32, start=16371, stop=16955, strand=+, frame=3, truncated=no, start-type=ATG, RBS-motif=GGxGG
13:33:05.549 - INFO - CDS - contig=contig_32, start=16988, stop=17257, strand=+, frame=2, truncated=no, start-type=ATG, RBS-motif=AGGAG
13:33:05.549 - INFO - CDS - contig=contig_32, start=17330, stop=18688, strand=+, frame=2, truncated=no, start-type=TTG, RBS-motif=GGAGG
13:33:05.549 - INFO - CDS - contig=contig_32, start=18919, stop=20982, strand=+, frame=1, truncated=no, start-type=ATG, RBS-motif=AGGAG
13:33:05.549 - INFO - CDS - contig=contig_32, start=20988, stop=22322, strand=+, frame=3, truncated=no, start-type=ATG, RBS-motif=AGGAG
13:33:05.549 - INFO - CDS - contig=contig_32, start=22619, stop=23032, strand=+, frame=2, truncated=no, start-type=ATG, RBS-motif=AGGAG
13:33:05.549 - INFO - CDS - contig=contig_32, start=23099, stop=24115, strand=-, frame=2, truncated=no, start-type=ATG, RBS-motif=AGGAG
13:33:05.549 - INFO - CDS - contig=contig_32, start=24156, stop=25496, strand=-, frame=1, truncated=no, start-type=ATG, RBS-motif=AGGAG
13:33:05.549 - INFO - CDS - contig=contig_32, start=25716, stop=26639, strand=+, frame=3, truncated=no, start-type=ATG, RBS-motif=AGGAGG
13:33:05.549 - INFO - CDS - contig=contig_32, start=246, stop=1001, strand=-, nt=[ATGCATCTGA..GAACGGATAA]
13:33:05.549 - INFO - CDS - contig=contig_32, start=992, stop=1183, strand=-, nt=[ATGGGAAAGA..ATGCATCTGA]
13:33:05.549 - INFO - CDS - contig=contig_32, start=1204, stop=1656, strand=-, nt=[ATGCGCCCAC..CAGTGTATGA]
13:33:05.549 - INFO - CDS - contig=contig_32, start=1721, stop=2344, strand=-, nt=[ATGAAAAAGC..GCGGTACTGA]
13:33:05.549 - INFO - CDS - contig=contig_32, start=2516, stop=3013, strand=+, nt=[ATGAGCCCAC..AAGACCTTAG]
13:33:05.549 - INFO - CDS - contig=contig_32, start=2992, stop=4734, strand=+, nt=[ATGCAATTGC..GGAAGCATGA]
13:33:05.549 - INFO - CDS - contig=contig_32, start=4731, stop=6803, strand=+, nt=[ATGACACAGC..ACTTTCCTGA]
13:33:05.549 - INFO - CDS - contig=contig_32, start=6922, stop=7689, strand=+, nt=[ATGGGGAAAT..GCGGCCCTAA]
13:33:05.549 - INFO - CDS - contig=contig_32, start=7944, stop=8474, strand=+, nt=[ATGATGAATC..TGTAAAATGA]
13:33:05.549 - INFO - CDS - contig=contig_32, start=8536, stop=9969, strand=-, nt=[ATGCCTGACG..CACAGAATAA]
13:33:05.549 - INFO - CDS - contig=contig_32, start=9981, stop=10700, strand=-, nt=[ATGGCAGCCT..CCATTATTAA]
13:33:05.550 - INFO - CDS - contig=contig_32, start=10787, stop=11344, strand=-, nt=[ATGCAAAAGA..ACTGGCTTAG]
13:33:05.550 - INFO - CDS - contig=contig_32, start=11637, stop=11903, strand=+, nt=[ATGATCCGTA..CCGTAAGTAA]
13:33:05.550 - INFO - CDS - contig=contig_32, start=12096, stop=14246, strand=+, nt=[ATGTCAACCA..GGTCAAGTAG]
13:33:05.550 - INFO - CDS - contig=contig_32, start=14462, stop=15754, strand=-, nt=[ATGCGAGTTG..CCTGCGGTAA]
13:33:05.550 - INFO - CDS - contig=contig_32, start=15919, stop=16164, strand=+, nt=[ATGTCCGGTT..GGGGCAGTAA]
13:33:05.550 - INFO - CDS - contig=contig_32, start=16371, stop=16955, strand=+, nt=[ATGACGGAAC..GCTGCAATAA]
13:33:05.550 - INFO - CDS - contig=contig_32, start=16988, stop=17257, strand=+, nt=[ATGAGAGCGA..CCGGATCTGA]
13:33:05.550 - INFO - CDS - contig=contig_32, start=17330, stop=18688, strand=+, nt=[TTGATCAATA..GAAGAACTGA]
13:33:05.550 - INFO - CDS - contig=contig_32, start=18919, stop=20982, strand=+, nt=[ATGCCCACAT..GAAGGAGTGA]
13:33:05.550 - INFO - CDS - contig=contig_32, start=20988, stop=22322, strand=+, nt=[ATGACGATCC..CCGCCTGTAG]
13:33:05.550 - INFO - CDS - contig=contig_32, start=22619, stop=23032, strand=+, nt=[ATGGTGAGAG..GTATTTCTGA]
13:33:05.550 - INFO - CDS - contig=contig_32, start=23099, stop=24115, strand=-, nt=[ATGAATAACC..ATTATATTAG]
13:33:05.550 - INFO - CDS - contig=contig_32, start=24156, stop=25496, strand=-, nt=[ATGAACATTC..TCTGATCTAA]
13:33:05.550 - INFO - CDS - contig=contig_32, start=25716, stop=26639, strand=+, nt=[ATGCAGTTTT..CGAACCGTGA]
13:33:05.557 - INFO - CDS - contig=contig_33, start=989, stop=3514, strand=+, frame=2, truncated=no, start-type=ATG, RBS-motif=GGAGG
13:33:05.557 - INFO - CDS - contig=contig_33, start=4285, stop=6408, strand=+, frame=1, truncated=no, start-type=ATG, RBS-motif=AGGAG/GGAGG
13:33:05.557 - INFO - CDS - contig=contig_33, start=6480, stop=7145, strand=+, frame=3, truncated=no, start-type=ATG, RBS-motif=AGGAG
13:33:05.557 - INFO - CDS - contig=contig_33, start=7142, stop=8902, strand=+, frame=2, truncated=no, start-type=ATG, RBS-motif=AGGAGG
13:33:05.557 - INFO - CDS - contig=contig_33, start=8904, stop=9800, strand=+, frame=3, truncated=no, start-type=ATG, RBS-motif=AGGAGG
13:33:05.557 - INFO - CDS - contig=contig_33, start=9797, stop=10459, strand=+, frame=2, truncated=no, start-type=GTG, RBS-motif=None
13:33:05.557 - INFO - CDS - contig=contig_33, start=10456, stop=11487, strand=+, frame=1, truncated=no, start-type=ATG, RBS-motif=GGAGG
13:33:05.557 - INFO - CDS - contig=contig_33, start=11495, stop=11785, strand=+, frame=2, truncated=no, start-type=ATG, RBS-motif=GGAG/GAGG
13:33:05.557 - INFO - CDS - contig=contig_33, start=13123, stop=13668, strand=+, frame=1, truncated=no, start-type=ATG, RBS-motif=AGGAG(G)/GGAGG
13:33:05.557 - INFO - CDS - contig=contig_33, start=13665, stop=14915, strand=+, frame=3, truncated=no, start-type=ATG, RBS-motif=AGGAGG
13:33:05.558 - INFO - CDS - contig=contig_33, start=16089, stop=16889, strand=+, frame=3, truncated=no, start-type=ATG, RBS-motif=GGAGG
13:33:05.558 - INFO - CDS - contig=contig_33, start=16886, stop=17182, strand=+, frame=2, truncated=no, start-type=ATG, RBS-motif=AGxAGG/AGGxGG
13:33:05.558 - INFO - CDS - contig=contig_33, start=17200, stop=17739, strand=+, frame=1, truncated=no, start-type=ATG, RBS-motif=AGGAGG
13:33:05.558 - INFO - CDS - contig=contig_33, start=17753, stop=18589, strand=+, frame=2, truncated=no, start-type=ATG, RBS-motif=GGAGG
13:33:05.558 - INFO - CDS - contig=contig_33, start=18570, stop=19229, strand=+, frame=3, truncated=no, start-type=ATG, RBS-motif=AGGAG
13:33:05.558 - INFO - CDS - contig=contig_33, start=19222, stop=19860, strand=+, frame=1, truncated=no, start-type=ATG, RBS-motif=GGxGG
13:33:05.558 - INFO - CDS - contig=contig_33, start=19857, stop=20516, strand=+, frame=3, truncated=no, start-type=ATG, RBS-motif=GGAGG
13:33:05.558 - INFO - CDS - contig=contig_33, start=20519, stop=21205, strand=+, frame=2, truncated=no, start-type=ATG, RBS-motif=GGAG/GAGG
13:33:05.558 - INFO - CDS - contig=contig_33, start=21270, stop=21740, strand=+, frame=3, truncated=no, start-type=ATG, RBS-motif=AGxAGG/AGGxGG
13:33:05.558 - INFO - CDS - contig=contig_33, start=21844, stop=23097, strand=-, frame=2, truncated=no, start-type=ATG, RBS-motif=GGA/GAG/AGG
13:33:05.558 - INFO - CDS - contig=contig_33, start=23087, stop=23563, strand=-, frame=1, truncated=no, start-type=ATG, RBS-motif=GGAG/GAGG
13:33:05.558 - INFO - CDS - contig=contig_33, start=989, stop=3514, strand=+, nt=[ATGACAGCCA..CAAAAGTTGA]
13:33:05.558 - INFO - CDS - contig=contig_33, start=4285, stop=6408, strand=+, nt=[ATGCAGTATC..GATTCTGTGA]
13:33:05.558 - INFO - CDS - contig=contig_33, start=6480, stop=7145, strand=+, nt=[ATGTCCATCC..ACGGGGATGA]
13:33:05.558 - INFO - CDS - contig=contig_33, start=7142, stop=8902, strand=+, nt=[ATGATCTTAC..GGAGAAATAA]
13:33:05.558 - INFO - CDS - contig=contig_33, start=8904, stop=9800, strand=+, nt=[ATGTCTGAGC..CATGGGGTGA]
13:33:05.558 - INFO - CDS - contig=contig_33, start=9797, stop=10459, strand=+, nt=[GTGACCGATA..TACGCCATGA]
13:33:05.558 - INFO - CDS - contig=contig_33, start=10456, stop=11487, strand=+, nt=[ATGAAGCAGC..GTGGAAGTGA]
13:33:05.558 - INFO - CDS - contig=contig_33, start=11495, stop=11785, strand=+, nt=[ATGCTGGTAC..CTTGATTTGA]
13:33:05.558 - INFO - CDS - contig=contig_33, start=13123, stop=13668, strand=+, nt=[ATGAGAGAAG..AACCTTATGA]
13:33:05.558 - INFO - CDS - contig=contig_33, start=13665, stop=14915, strand=+, nt=[ATGAAACGCA..TGATTCTTGA]
13:33:05.558 - INFO - CDS - contig=contig_33, start=16089, stop=16889, strand=+, nt=[ATGAAAACAG..CGTGCAATGA]
13:33:05.559 - INFO - CDS - contig=contig_33, start=16886, stop=17182, strand=+, nt=[ATGAATGCGA..AACCCTGTAA]
13:33:05.559 - INFO - CDS - contig=contig_33, start=17200, stop=17739, strand=+, nt=[ATGCAACCGA..CAACCGTTAA]
13:33:05.559 - INFO - CDS - contig=contig_33, start=17753, stop=18589, strand=+, nt=[ATGCAGCCAG..CCAAGGATGA]
13:33:05.559 - INFO - CDS - contig=contig_33, start=18570, stop=19229, strand=+, nt=[ATGAAGTTTA..CCATGGATAA]
13:33:05.559 - INFO - CDS - contig=contig_33, start=19222, stop=19860, strand=+, nt=[ATGGATAAGC..CGCCGTATGA]
13:33:05.559 - INFO - CDS - contig=contig_33, start=19857, stop=20516, strand=+, nt=[ATGACGGTAA..GGAGCCGTAG]
13:33:05.559 - INFO - CDS - contig=contig_33, start=20519, stop=21205, strand=+, nt=[ATGCTGGAAC..TCCTGCCTGA]
13:33:05.559 - INFO - CDS - contig=contig_33, start=21270, stop=21740, strand=+, nt=[ATGAAAGGTC..GGCGGGATGA]
13:33:05.559 - INFO - CDS - contig=contig_33, start=21844, stop=23097, strand=-, nt=[ATGAAGCATA..CGGAACTTGA]
13:33:05.559 - INFO - CDS - contig=contig_33, start=23087, stop=23563, strand=-, nt=[ATGGATATTA..TGAAGCATAG]
13:33:05.561 - INFO - CDS - contig=contig_34, start=104, stop=736, strand=-, frame=2, truncated=no, start-type=ATG, RBS-motif=GGAGG
13:33:05.561 - INFO - CDS - contig=contig_34, start=733, stop=1455, strand=-, frame=3, truncated=no, start-type=TTG, RBS-motif=AGGA/GGAG/GAGG
13:33:05.561 - INFO - CDS - contig=contig_34, start=1818, stop=2177, strand=+, frame=3, truncated=no, start-type=ATG, RBS-motif=GGA/GAG/AGG
13:33:05.561 - INFO - CDS - contig=contig_34, start=3004, stop=3633, strand=+, frame=1, truncated=no, start-type=ATG, RBS-motif=GGxGG
13:33:05.561 - INFO - CDS - contig=contig_34, start=3581, stop=3883, strand=+, frame=2, truncated=no, start-type=GTG, RBS-motif=AGGAGG
13:33:05.561 - INFO - CDS - contig=contig_34, start=4080, stop=6239, strand=+, frame=3, truncated=no, start-type=ATG, RBS-motif=GGA/GAG/AGG
13:33:05.561 - INFO - CDS - contig=contig_34, start=6312, stop=6863, strand=+, frame=3, truncated=no, start-type=ATG, RBS-motif=AGGAG
13:33:05.561 - INFO - CDS - contig=contig_34, start=7353, stop=8747, strand=-, frame=1, truncated=no, start-type=ATG, RBS-motif=GGAG/GAGG
13:33:05.561 - INFO - CDS - contig=contig_34, start=8906, stop=9391, strand=-, frame=2, truncated=no, start-type=ATG, RBS-motif=AGGAG
13:33:05.561 - INFO - CDS - contig=contig_34, start=9366, stop=10820, strand=-, frame=1, truncated=no, start-type=ATG, RBS-motif=GGAG/GAGG
13:33:05.561 - INFO - CDS - contig=contig_34, start=10877, stop=11686, strand=-, frame=2, truncated=no, start-type=ATG, RBS-motif=AGGAGG
13:33:05.561 - INFO - CDS - contig=contig_34, start=11701, stop=12135, strand=-, frame=3, truncated=no, start-type=ATG, RBS-motif=AGxAGG/AGGxGG
13:33:05.561 - INFO - CDS - contig=contig_34, start=12192, stop=12989, strand=-, frame=1, truncated=no, start-type=ATG, RBS-motif=GGAGG
13:33:05.561 - INFO - CDS - contig=contig_34, start=13041, stop=14309, strand=-, frame=1, truncated=no, start-type=ATG, RBS-motif=GGA/GAG/AGG
13:33:05.561 - INFO - CDS - contig=contig_34, start=14306, stop=16348, strand=-, frame=2, truncated=no, start-type=ATG, RBS-motif=GGA/GAG/AGG
13:33:05.562 - INFO - CDS - contig=contig_34, start=16473, stop=16709, strand=-, frame=1, truncated=no, start-type=GTG, RBS-motif=AGGA
13:33:05.562 - INFO - CDS - contig=contig_34, start=16878, stop=18872, strand=-, frame=1, truncated=no, start-type=ATG, RBS-motif=AGGAG/GGAGG
13:33:05.562 - INFO - CDS - contig=contig_34, start=18862, stop=19629, strand=-, frame=3, truncated=no, start-type=ATG, RBS-motif=AGGAGG
13:33:05.562 - INFO - CDS - contig=contig_34, start=19801, stop=20175, strand=+, frame=1, truncated=no, start-type=ATG, RBS-motif=AGGAGG
13:33:05.562 - INFO - CDS - contig=contig_34, start=20415, stop=21740, strand=+, frame=3, truncated=no, start-type=ATG, RBS-motif=GGAG/GAGG
13:33:05.562 - INFO - CDS - contig=contig_34, start=21813, stop=22454, strand=-, frame=1, truncated=no, start-type=ATG, RBS-motif=GGAG/GAGG
13:33:05.562 - INFO - CDS - contig=contig_34, start=104, stop=736, strand=-, nt=[ATGAATACGC..GATATCATAG]
13:33:05.562 - INFO - CDS - contig=contig_34, start=733, stop=1455, strand=-, nt=[TTGGATGCTA..GCTGAAATGA]
13:33:05.562 - INFO - CDS - contig=contig_34, start=1818, stop=2177, strand=+, nt=[ATGGCAAAAA..AGAAAAATGA]
13:33:05.562 - INFO - CDS - contig=contig_34, start=3004, stop=3633, strand=+, nt=[ATGAAACAGA..TGGCGAATGA]
13:33:05.562 - INFO - CDS - contig=contig_34, start=3581, stop=3883, strand=+, nt=[GTGGAGGAAC..TCATGGATGA]
13:33:05.562 - INFO - CDS - contig=contig_34, start=4080, stop=6239, strand=+, nt=[ATGAAAGTGG..GCATCTGTAG]
13:33:05.562 - INFO - CDS - contig=contig_34, start=6312, stop=6863, strand=+, nt=[ATGTATTACG..ACAGCCGTAG]
13:33:05.562 - INFO - CDS - contig=contig_34, start=7353, stop=8747, strand=-, nt=[ATGCAACGCA..AGACTTTTAA]
13:33:05.562 - INFO - CDS - contig=contig_34, start=8906, stop=9391, strand=-, nt=[ATGAAACGGA..CGCCTATTGA]
13:33:05.562 - INFO - CDS - contig=contig_34, start=9366, stop=10820, strand=-, nt=[ATGGAAAAGA..GGCTGTATAA]
13:33:05.562 - INFO - CDS - contig=contig_34, start=10877, stop=11686, strand=-, nt=[ATGTCCACCA..GAGGGGCTAG]
13:33:05.562 - INFO - CDS - contig=contig_34, start=11701, stop=12135, strand=-, nt=[ATGAAGGTGG..CGGCCTTTGA]
13:33:05.562 - INFO - CDS - contig=contig_34, start=12192, stop=12989, strand=-, nt=[ATGAGACAAA..GCCTGTCTGA]
13:33:05.562 - INFO - CDS - contig=contig_34, start=13041, stop=14309, strand=-, nt=[ATGACGAAAC..GGGGGAATAG]
13:33:05.562 - INFO - CDS - contig=contig_34, start=14306, stop=16348, strand=-, nt=[ATGAAACAAA..GAAACGATGA]
13:33:05.562 - INFO - CDS - contig=contig_34, start=16473, stop=16709, strand=-, nt=[GTGGAGATCG..CCTGATCTGA]
13:33:05.563 - INFO - CDS - contig=contig_34, start=16878, stop=18872, strand=-, nt=[ATGTTCTCTA..GGGAAGGTAG]
13:33:05.563 - INFO - CDS - contig=contig_34, start=18862, stop=19629, strand=-, nt=[ATGGAACCCA..TGTTCTCTAA]
13:33:05.563 - INFO - CDS - contig=contig_34, start=19801, stop=20175, strand=+, nt=[ATGAATAAAA..CGTCAAGTGA]
13:33:05.563 - INFO - CDS - contig=contig_34, start=20415, stop=21740, strand=+, nt=[ATGGGTACTA..GCGCCGCTGA]
13:33:05.563 - INFO - CDS - contig=contig_34, start=21813, stop=22454, strand=-, nt=[ATGCTTGACG..AGAGACGTAG]
13:33:05.573 - INFO - CDS - contig=contig_35, start=269, stop=490, strand=+, frame=2, truncated=no, start-type=ATG, RBS-motif=GGA/GAG/AGG
13:33:05.574 - INFO - CDS - contig=contig_35, start=477, stop=1715, strand=+, frame=3, truncated=no, start-type=TTG, RBS-motif=GGxGG
13:33:05.574 - INFO - CDS - contig=contig_35, start=1694, stop=1924, strand=+, frame=2, truncated=no, start-type=GTG, RBS-motif=GGAG/GAGG
13:33:05.574 - INFO - CDS - contig=contig_35, start=1921, stop=3291, strand=+, frame=1, truncated=no, start-type=GTG, RBS-motif=GGAG/GAGG
13:33:05.574 - INFO - CDS - contig=contig_35, start=3294, stop=4889, strand=+, frame=3, truncated=no, start-type=ATG, RBS-motif=AGxAGG/AGGxGG
13:33:05.574 - INFO - CDS - contig=contig_35, start=5119, stop=5316, strand=+, frame=1, truncated=no, start-type=ATG, RBS-motif=AGGAGG
13:33:05.574 - INFO - CDS - contig=contig_35, start=5420, stop=5983, strand=+, frame=2, truncated=no, start-type=ATG, RBS-motif=AGGA
13:33:05.574 - INFO - CDS - contig=contig_35, start=5992, stop=6999, strand=+, frame=1, truncated=no, start-type=ATG, RBS-motif=AGGA/GGAG/GAGG
13:33:05.574 - INFO - CDS - contig=contig_35, start=7014, stop=7364, strand=+, frame=3, truncated=no, start-type=ATG, RBS-motif=AGGAGG
13:33:05.574 - INFO - CDS - contig=contig_35, start=7358, stop=7729, strand=+, frame=2, truncated=no, start-type=ATG, RBS-motif=AGxAGG/AGGxGG
13:33:05.574 - INFO - CDS - contig=contig_35, start=7726, stop=8184, strand=+, frame=1, truncated=no, start-type=ATG, RBS-motif=GGAGG
13:33:05.574 - INFO - CDS - contig=contig_35, start=8181, stop=8639, strand=+, frame=3, truncated=no, start-type=ATG, RBS-motif=AGxAGG/AGGxGG
13:33:05.574 - INFO - CDS - contig=contig_35, start=8627, stop=9151, strand=+, frame=2, truncated=no, start-type=ATG, RBS-motif=GGAG/GAGG
13:33:05.574 - INFO - CDS - contig=contig_35, start=9214, stop=9633, strand=+, frame=1, truncated=no, start-type=ATG, RBS-motif=AGGAG
13:33:05.574 - INFO - CDS - contig=contig_35, start=10259, stop=10795, strand=-, frame=2, truncated=no, start-type=GTG, RBS-motif=AGxAGG/AGGxGG
13:33:05.574 - INFO - CDS - contig=contig_35, start=10953, stop=13478, strand=+, frame=3, truncated=no, start-type=ATG, RBS-motif=GGAG/GAGG
13:33:05.574 - INFO - CDS - contig=contig_35, start=13480, stop=13869, strand=+, frame=1, truncated=no, start-type=ATG, RBS-motif=GGxGG
13:33:05.575 - INFO - CDS - contig=contig_35, start=13866, stop=16073, strand=+, frame=3, truncated=no, start-type=ATG, RBS-motif=GGAG/GAGG
13:33:05.575 - INFO - CDS - contig=contig_35, start=16083, stop=16466, strand=+, frame=3, truncated=no, start-type=ATG, RBS-motif=GGAG/GAGG
13:33:05.575 - INFO - CDS - contig=contig_35, start=16463, stop=16801, strand=+, frame=2, truncated=no, start-type=ATG, RBS-motif=GGAGG
13:33:05.575 - INFO - CDS - contig=contig_35, start=16794, stop=17051, strand=+, frame=3, truncated=no, start-type=GTG, RBS-motif=AGxAGG/AGGxGG
13:33:05.575 - INFO - CDS - contig=contig_35, start=17065, stop=17721, strand=+, frame=1, truncated=no, start-type=ATG, RBS-motif=AGxAGG/AGGxGG
13:33:05.575 - INFO - CDS - contig=contig_35, start=17730, stop=18695, strand=+, frame=3, truncated=no, start-type=ATG, RBS-motif=GGAG/GAGG
13:33:05.575 - INFO - CDS - contig=contig_35, start=18705, stop=19925, strand=+, frame=3, truncated=no, start-type=ATG, RBS-motif=GGAG/GAGG
13:33:05.575 - INFO - CDS - contig=contig_35, start=19947, stop=20327, strand=+, frame=3, truncated=no, start-type=ATG, RBS-motif=AGGAGG
13:33:05.575 - INFO - CDS - contig=contig_35, start=20327, stop=20470, strand=+, frame=2, truncated=no, start-type=ATG, RBS-motif=GGAGG
13:33:05.575 - INFO - CDS - contig=contig_35, start=20517, stop=20903, strand=+, frame=3, truncated=no, start-type=ATG, RBS-motif=AGGA
13:33:05.575 - INFO - CDS - contig=contig_35, start=20890, stop=21501, strand=+, frame=1, truncated=no, start-type=GTG, RBS-motif=GGA/GAG/AGG
13:33:05.575 - INFO - CDS - contig=contig_35, start=21498, stop=21794, strand=+, frame=3, truncated=no, start-type=ATG, RBS-motif=GGAGG
13:33:05.575 - INFO - CDS - contig=contig_35, start=21807, stop=22259, strand=+, frame=3, truncated=no, start-type=ATG, RBS-motif=AGGAGG
13:33:05.575 - INFO - CDS - contig=contig_35, start=269, stop=490, strand=+, nt=[ATGAACCTGA..CGACTACTAA]
13:33:05.575 - INFO - CDS - contig=contig_35, start=477, stop=1715, strand=+, nt=[TTGACGACTA..GGGACGTTAG]
13:33:05.575 - INFO - CDS - contig=contig_35, start=1694, stop=1924, strand=+, nt=[GTGGAGACGG..GCGCCAGTGA]
13:33:05.575 - INFO - CDS - contig=contig_35, start=1921, stop=3291, strand=+, nt=[GTGAGTATAT..CGGTGATTGA]
13:33:05.575 - INFO - CDS - contig=contig_35, start=3294, stop=4889, strand=+, nt=[ATGCTGACGC..GCGAGAATAA]
13:33:05.575 - INFO - CDS - contig=contig_35, start=5119, stop=5316, strand=+, nt=[ATGATTTGCC..GTGCGAGTAG]
13:33:05.575 - INFO - CDS - contig=contig_35, start=5420, stop=5983, strand=+, nt=[ATGAAGCGGG..GAAAGGATGA]
13:33:05.575 - INFO - CDS - contig=contig_35, start=5992, stop=6999, strand=+, nt=[ATGGCTATTA..CGGCGGTTAA]
13:33:05.575 - INFO - CDS - contig=contig_35, start=7014, stop=7364, strand=+, nt=[ATGGTGAACT..GCAATGCTGA]
13:33:05.575 - INFO - CDS - contig=contig_35, start=7358, stop=7729, strand=+, nt=[ATGCTGAGTG..AGGAGGATGA]
13:33:05.576 - INFO - CDS - contig=contig_35, start=7726, stop=8184, strand=+, nt=[ATGAGTACCA..CAAGGCATGA]
13:33:05.576 - INFO - CDS - contig=contig_35, start=8181, stop=8639, strand=+, nt=[ATGACAGCCT..GCTGATATGA]
13:33:05.576 - INFO - CDS - contig=contig_35, start=8627, stop=9151, strand=+, nt=[ATGGCTGATA..AGACGAATAA]
13:33:05.576 - INFO - CDS - contig=contig_35, start=9214, stop=9633, strand=+, nt=[ATGGCTGAAC..CAAAAAGTAA]
13:33:05.576 - INFO - CDS - contig=contig_35, start=10259, stop=10795, strand=-, nt=[GTGAGATCAA..TCCAAGCTAA]
13:33:05.576 - INFO - CDS - contig=contig_35, start=10953, stop=13478, strand=+, nt=[ATGCCAGATG..GGGGGGATGA]
13:33:05.576 - INFO - CDS - contig=contig_35, start=13480, stop=13869, strand=+, nt=[ATGCAGACAG..CCCCACATGA]
13:33:05.576 - INFO - CDS - contig=contig_35, start=13866, stop=16073, strand=+, nt=[ATGAGGAATA..TGCAGTGTGA]
13:33:05.576 - INFO - CDS - contig=contig_35, start=16083, stop=16466, strand=+, nt=[ATGGCAATAC..CAGCACATGA]
13:33:05.576 - INFO - CDS - contig=contig_35, start=16463, stop=16801, strand=+, nt=[ATGACGATCA..CCGTGAGTAA]
13:33:05.576 - INFO - CDS - contig=contig_35, start=16794, stop=17051, strand=+, nt=[GTGAGTAACC..AGCGCTCTAG]
13:33:05.576 - INFO - CDS - contig=contig_35, start=17065, stop=17721, strand=+, nt=[ATGAGTATTG..TGCGATCTGA]
13:33:05.576 - INFO - CDS - contig=contig_35, start=17730, stop=18695, strand=+, nt=[ATGAGCGTAC..GTATGCGTGA]
13:33:05.576 - INFO - CDS - contig=contig_35, start=18705, stop=19925, strand=+, nt=[ATGGCGCACA..CACAGAATAA]
13:33:05.576 - INFO - CDS - contig=contig_35, start=19947, stop=20327, strand=+, nt=[ATGATTTGCG..TGCTGAGTGA]
13:33:05.576 - INFO - CDS - contig=contig_35, start=20327, stop=20470, strand=+, nt=[ATGAGCGCGA..ACAGGCATAA]
13:33:05.576 - INFO - CDS - contig=contig_35, start=20517, stop=20903, strand=+, nt=[ATGAACGGAA..CGGCCAGTAA]
13:33:05.576 - INFO - CDS - contig=contig_35, start=20890, stop=21501, strand=+, nt=[GTGACGGCCA..GGGCACATGA]
13:33:05.576 - INFO - CDS - contig=contig_35, start=21498, stop=21794, strand=+, nt=[ATGAAAAAAC..CGACGCGTGA]
13:33:05.576 - INFO - CDS - contig=contig_35, start=21807, stop=22259, strand=+, nt=[ATGGAGAACG..CAATACGTAA]
13:33:05.576 - INFO - CDS - contig=contig_36, start=534, stop=2351, strand=-, frame=3, truncated=no, start-type=ATG, RBS-motif=AGGAGG
13:33:05.576 - INFO - CDS - contig=contig_36, start=2344, stop=4101, strand=-, frame=2, truncated=no, start-type=ATG, RBS-motif=AGGAG
13:33:05.576 - INFO - CDS - contig=contig_36, start=4844, stop=5428, strand=+, frame=2, truncated=no, start-type=ATG, RBS-motif=AGxAGG/AGGxGG
13:33:05.576 - INFO - CDS - contig=contig_36, start=5643, stop=6857, strand=+, frame=3, truncated=no, start-type=ATG, RBS-motif=GGAGG
13:33:05.576 - INFO - CDS - contig=contig_36, start=7429, stop=9048, strand=-, frame=2, truncated=no, start-type=ATG, RBS-motif=AGGAGG
13:33:05.577 - INFO - CDS - contig=contig_36, start=9337, stop=9612, strand=-, frame=2, truncated=no, start-type=ATG, RBS-motif=None
13:33:05.577 - INFO - CDS - contig=contig_36, start=9888, stop=10130, strand=+, frame=3, truncated=no, start-type=ATG, RBS-motif=AGGAG/GGAGG
13:33:05.577 - INFO - CDS - contig=contig_36, start=10558, stop=10926, strand=-, frame=2, truncated=no, start-type=ATG, RBS-motif=AGGAG/GGAGG
13:33:05.577 - INFO - CDS - contig=contig_36, start=11162, stop=11257, strand=+, frame=2, truncated=no, start-type=ATG, RBS-motif=GGAGG
13:33:05.577 - INFO - CDS - contig=contig_36, start=11257, stop=12480, strand=+, frame=1, truncated=no, start-type=GTG, RBS-motif=GGA/GAG/AGG
13:33:05.577 - INFO - CDS - contig=contig_36, start=12532, stop=12867, strand=-, frame=2, truncated=no, start-type=ATG, RBS-motif=GGA/GAG/AGG
13:33:05.577 - INFO - CDS - contig=contig_36, start=12864, stop=14543, strand=-, frame=3, truncated=no, start-type=ATG, RBS-motif=GGA/GAG/AGG
13:33:05.577 - INFO - CDS - contig=contig_36, start=14544, stop=16376, strand=-, frame=3, truncated=no, start-type=ATG, RBS-motif=GGAG/GAGG
13:33:05.577 - INFO - CDS - contig=contig_36, start=16617, stop=17270, strand=-, frame=3, truncated=no, start-type=ATG, RBS-motif=GGAGG
13:33:05.577 - INFO - CDS - contig=contig_36, start=17550, stop=19331, strand=+, frame=3, truncated=no, start-type=ATG, RBS-motif=GGxGG
13:33:05.577 - INFO - CDS - contig=contig_36, start=19381, stop=20154, strand=-, frame=2, truncated=no, start-type=ATG, RBS-motif=AGGAG
13:33:05.577 - INFO - CDS - contig=contig_36, start=534, stop=2351, strand=-, nt=[ATGCCTAATC..CACCGCCTAA]
13:33:05.577 - INFO - CDS - contig=contig_36, start=2344, stop=4101, strand=-, nt=[ATGAGAATTA..AAATGCCTAA]
13:33:05.577 - INFO - CDS - contig=contig_36, start=4844, stop=5428, strand=+, nt=[ATGCCGCAGG..GCATGAGTGA]
13:33:05.577 - INFO - CDS - contig=contig_36, start=5643, stop=6857, strand=+, nt=[ATGCAAGAAA..CGGGATGTGA]
13:33:05.577 - INFO - CDS - contig=contig_36, start=7429, stop=9048, strand=-, nt=[ATGTACTTAG..TACGGCGTAA]
13:33:05.577 - INFO - CDS - contig=contig_36, start=9337, stop=9612, strand=-, nt=[ATGTTTTATC..ATATCTGTAA]
13:33:05.577 - INFO - CDS - contig=contig_36, start=9888, stop=10130, strand=+, nt=[ATGCTGGAGG..GATGCCTTAA]
13:33:05.577 - INFO - CDS - contig=contig_36, start=10558, stop=10926, strand=-, nt=[ATGATCCGGC..CAATCGGTAA]
13:33:05.578 - INFO - CDS - contig=contig_36, start=11162, stop=11257, strand=+, nt=[ATGAAATCAC..CAGGGCATAG]
13:33:05.578 - INFO - CDS - contig=contig_36, start=11257, stop=12480, strand=+, nt=[GTGGGCATCC..ATTTCAATGA]
13:33:05.578 - INFO - CDS - contig=contig_36, start=12532, stop=12867, strand=-, nt=[ATGAAACAAG..ACTGGGATAA]
13:33:05.578 - INFO - CDS - contig=contig_36, start=12864, stop=14543, strand=-, nt=[ATGGCAGGCA..ACGGGCATGA]
13:33:05.578 - INFO - CDS - contig=contig_36, start=14544, stop=16376, strand=-, nt=[ATGGAGCACC..GGGATTTTAA]
13:33:05.578 - INFO - CDS - contig=contig_36, start=16617, stop=17270, strand=-, nt=[ATGTTGACTG..CCGGAACTAA]
13:33:05.578 - INFO - CDS - contig=contig_36, start=17550, stop=19331, strand=+, nt=[ATGAGTATTG..GACCAGATAA]
13:33:05.578 - INFO - CDS - contig=contig_36, start=19381, stop=20154, strand=-, nt=[ATGAACAAGA..CCTGATGTAA]
13:33:05.585 - INFO - CDS - contig=contig_37, start=186, stop=674, strand=-, frame=2, truncated=no, start-type=ATG, RBS-motif=GGAG/GAGG
13:33:05.585 - INFO - CDS - contig=contig_37, start=806, stop=1201, strand=-, frame=3, truncated=no, start-type=ATG, RBS-motif=AGGAGG
13:33:05.585 - INFO - CDS - contig=contig_37, start=1213, stop=2085, strand=-, frame=1, truncated=no, start-type=ATG, RBS-motif=GGAGG
13:33:05.585 - INFO - CDS - contig=contig_37, start=2090, stop=3019, strand=-, frame=3, truncated=no, start-type=GTG, RBS-motif=AGGAGG
13:33:05.585 - INFO - CDS - contig=contig_37, start=3016, stop=4512, strand=-, frame=1, truncated=no, start-type=ATG, RBS-motif=AGGAGG
13:33:05.585 - INFO - CDS - contig=contig_37, start=4655, stop=5461, strand=-, frame=3, truncated=no, start-type=ATG, RBS-motif=AGxAGG/AGGxGG
13:33:05.585 - INFO - CDS - contig=contig_37, start=5458, stop=6288, strand=-, frame=1, truncated=no, start-type=ATG, RBS-motif=AGGAGG
13:33:05.586 - INFO - CDS - contig=contig_37, start=6299, stop=6703, strand=-, frame=3, truncated=no, start-type=ATG, RBS-motif=None
13:33:05.586 - INFO - CDS - contig=contig_37, start=6703, stop=6957, strand=-, frame=1, truncated=no, start-type=ATG, RBS-motif=AGGAGG
13:33:05.586 - INFO - CDS - contig=contig_37, start=7101, stop=7607, strand=-, frame=2, truncated=no, start-type=ATG, RBS-motif=None
13:33:05.586 - INFO - CDS - contig=contig_37, start=7688, stop=8047, strand=-, frame=3, truncated=no, start-type=ATG, RBS-motif=AGGAG
13:33:05.586 - INFO - CDS - contig=contig_37, start=8066, stop=8791, strand=-, frame=3, truncated=no, start-type=ATG, RBS-motif=GGA/GAG/AGG
13:33:05.586 - INFO - CDS - contig=contig_37, start=8784, stop=9227, strand=-, frame=2, truncated=no, start-type=ATG, RBS-motif=GGAGG
13:33:05.586 - INFO - CDS - contig=contig_37, start=9230, stop=10216, strand=-, frame=3, truncated=no, start-type=TTG, RBS-motif=GGxGG
13:33:05.586 - INFO - CDS - contig=contig_37, start=10213, stop=10557, strand=-, frame=1, truncated=no, start-type=ATG, RBS-motif=AGGAG
13:33:05.586 - INFO - CDS - contig=contig_37, start=10710, stop=11744, strand=-, frame=2, truncated=no, start-type=GTG, RBS-motif=GGAG/GAGG
13:33:05.586 - INFO - CDS - contig=contig_37, start=11741, stop=12922, strand=-, frame=3, truncated=no, start-type=TTG, RBS-motif=GGAGG
13:33:05.586 - INFO - CDS - contig=contig_37, start=12915, stop=14009, strand=-, frame=2, truncated=no, start-type=ATG, RBS-motif=GGAGG
13:33:05.586 - INFO - CDS - contig=contig_37, start=14010, stop=15062, strand=-, frame=2, truncated=no, start-type=ATG, RBS-motif=GGAG/GAGG
13:33:05.586 - INFO - CDS - contig=contig_37, start=15109, stop=15222, strand=-, frame=1, truncated=no, start-type=ATG, RBS-motif=AGGAGG
13:33:05.586 - INFO - CDS - contig=contig_37, start=15244, stop=15981, strand=-, frame=1, truncated=no, start-type=GTG, RBS-motif=AGGAGG
13:33:05.586 - INFO - CDS - contig=contig_37, start=15978, stop=16967, strand=-, frame=2, truncated=no, start-type=ATG, RBS-motif=AGGA/GGAG/GAGG
13:33:05.586 - INFO - CDS - contig=contig_37, start=16964, stop=17428, strand=-, frame=3, truncated=no, start-type=ATG, RBS-motif=GGAGG
13:33:05.586 - INFO - CDS - contig=contig_37, start=17432, stop=18628, strand=-, frame=3, truncated=no, start-type=ATG, RBS-motif=None
13:33:05.586 - INFO - CDS - contig=contig_37, start=18632, stop=19321, strand=-, frame=3, truncated=no, start-type=ATG, RBS-motif=AGGAG
13:33:05.587 - INFO - CDS - contig=contig_37, start=19395, stop=20069, strand=-, frame=2, truncated=no, start-type=ATG, RBS-motif=AGGAGG
13:33:05.587 - INFO - CDS - contig=contig_37, start=186, stop=674, strand=-, nt=[ATGATTCTGG..GCTCTTCTAA]
13:33:05.587 - INFO - CDS - contig=contig_37, start=806, stop=1201, strand=-, nt=[ATGAGAAAAT..CTGGAAGTGA]
13:33:05.587 - INFO - CDS - contig=contig_37, start=1213, stop=2085, strand=-, nt=[ATGGGCGCAC..CCTGTTCTAA]
13:33:05.587 - INFO - CDS - contig=contig_37, start=2090, stop=3019, strand=-, nt=[GTGACAACCA..TCGGAGGTGA]
13:33:05.587 - INFO - CDS - contig=contig_37, start=3016, stop=4512, strand=-, nt=[ATGCTTGGCG..ATCTGCGTGA]
13:33:05.587 - INFO - CDS - contig=contig_37, start=4655, stop=5461, strand=-, nt=[ATGAATTTCA..GGTATTTTGA]
13:33:05.587 - INFO - CDS - contig=contig_37, start=5458, stop=6288, strand=-, nt=[ATGAAAATTT..TGGGGAATGA]
13:33:05.587 - INFO - CDS - contig=contig_37, start=6299, stop=6703, strand=-, nt=[ATGCTCTGGG..TTTCTTATAA]
13:33:05.587 - INFO - CDS - contig=contig_37, start=6703, stop=6957, strand=-, nt=[ATGAAGAAGC..CGCTGGCTGA]
13:33:05.587 - INFO - CDS - contig=contig_37, start=7101, stop=7607, strand=-, nt=[ATGGTGGGCT..GACCATGTAG]
13:33:05.587 - INFO - CDS - contig=contig_37, start=7688, stop=8047, strand=-, nt=[ATGGCAACAC..GCAGATGTAA]
13:33:05.587 - INFO - CDS - contig=contig_37, start=8066, stop=8791, strand=-, nt=[ATGACTAAGG..ATCCATGTAA]
13:33:05.587 - INFO - CDS - contig=contig_37, start=8784, stop=9227, strand=-, nt=[ATGACATTTA..CAATGACTAA]
13:33:05.587 - INFO - CDS - contig=contig_37, start=9230, stop=10216, strand=-, nt=[TTGAAAAGCT..GGAGGAATGA]
13:33:05.587 - INFO - CDS - contig=contig_37, start=10213, stop=10557, strand=-, nt=[ATGACCACGA..TACCGCTTGA]
13:33:05.587 - INFO - CDS - contig=contig_37, start=10710, stop=11744, strand=-, nt=[GTGAACGCGC..GTCCATGTGA]
13:33:05.587 - INFO - CDS - contig=contig_37, start=11741, stop=12922, strand=-, nt=[TTGGATAAGG..GATGCAGTGA]
13:33:05.587 - INFO - CDS - contig=contig_37, start=12915, stop=14009, strand=-, nt=[ATGGCGGTAT..CCTTGGATAA]
13:33:05.587 - INFO - CDS - contig=contig_37, start=14010, stop=15062, strand=-, nt=[ATGAGCAACA..AGGAATGTAA]
13:33:05.587 - INFO - CDS - contig=contig_37, start=15109, stop=15222, strand=-, nt=[ATGAAAAAGA..TTGCCGCTGA]
13:33:05.587 - INFO - CDS - contig=contig_37, start=15244, stop=15981, strand=-, nt=[GTGAATCGTG..AATGACTTGA]
13:33:05.587 - INFO - CDS - contig=contig_37, start=15978, stop=16967, strand=-, nt=[ATGAATCAGG..CACCGGGTGA]
13:33:05.587 - INFO - CDS - contig=contig_37, start=16964, stop=17428, strand=-, nt=[ATGGCCACCC..GATGGAATGA]
13:33:05.588 - INFO - CDS - contig=contig_37, start=17432, stop=18628, strand=-, nt=[ATGATGGAAG..AGGAATGTGA]
13:33:05.588 - INFO - CDS - contig=contig_37, start=18632, stop=19321, strand=-, nt=[ATGACGCGCC..TGATTCCTAA]
13:33:05.588 - INFO - CDS - contig=contig_37, start=19395, stop=20069, strand=-, nt=[ATGGATAGAG..GACAATGTAA]
13:33:05.592 - INFO - CDS - contig=contig_38, start=146, stop=601, strand=+, frame=2, truncated=no, start-type=GTG, RBS-motif=AGxAGG/AGGxGG
13:33:05.592 - INFO - CDS - contig=contig_38, start=591, stop=1871, strand=+, frame=3, truncated=no, start-type=ATG, RBS-motif=GGAG/GAGG
13:33:05.592 - INFO - CDS - contig=contig_38, start=1874, stop=2074, strand=+, frame=2, truncated=no, start-type=ATG, RBS-motif=GGAGG
13:33:05.592 - INFO - CDS - contig=contig_38, start=2074, stop=3759, strand=+, frame=1, truncated=no, start-type=ATG, RBS-motif=AGxAGG/AGGxGG
13:33:05.592 - INFO - CDS - contig=contig_38, start=3846, stop=4694, strand=+, frame=3, truncated=no, start-type=ATG, RBS-motif=AGGAG
13:33:05.592 - INFO - CDS - contig=contig_38, start=4714, stop=5766, strand=+, frame=1, truncated=no, start-type=ATG, RBS-motif=AGGA
13:33:05.592 - INFO - CDS - contig=contig_38, start=5798, stop=6004, strand=-, frame=1, truncated=no, start-type=ATG, RBS-motif=AGGAGG
13:33:05.592 - INFO - CDS - contig=contig_38, start=6110, stop=6547, strand=+, frame=2, truncated=no, start-type=ATG, RBS-motif=AGGAGG
13:33:05.592 - INFO - CDS - contig=contig_38, start=6549, stop=8342, strand=+, frame=3, truncated=no, start-type=ATG, RBS-motif=GGAG/GAGG
13:33:05.592 - INFO - CDS - contig=contig_38, start=8355, stop=10112, strand=+, frame=3, truncated=no, start-type=ATG, RBS-motif=GGAGG
13:33:05.592 - INFO - CDS - contig=contig_38, start=10115, stop=10408, strand=+, frame=2, truncated=no, start-type=ATG, RBS-motif=AGGAGG
13:33:05.593 - INFO - CDS - contig=contig_38, start=10408, stop=10728, strand=+, frame=1, truncated=no, start-type=ATG, RBS-motif=AGGAGG
13:33:05.593 - INFO - CDS - contig=contig_38, start=11130, stop=11513, strand=+, frame=3, truncated=no, start-type=ATG, RBS-motif=GGAG/GAGG
13:33:05.593 - INFO - CDS - contig=contig_38, start=11506, stop=12072, strand=+, frame=1, truncated=no, start-type=ATG, RBS-motif=None
13:33:05.593 - INFO - CDS - contig=contig_38, start=12069, stop=12365, strand=+, frame=3, truncated=no, start-type=ATG, RBS-motif=GGAGG
13:33:05.593 - INFO - CDS - contig=contig_38, start=12378, stop=12824, strand=+, frame=3, truncated=no, start-type=ATG, RBS-motif=AGGAGG
13:33:05.593 - INFO - CDS - contig=contig_38, start=12888, stop=15317, strand=+, frame=3, truncated=no, start-type=ATG, RBS-motif=AGGAG
13:33:05.593 - INFO - CDS - contig=contig_38, start=15330, stop=20567, strand=+, frame=3, truncated=no, start-type=ATG, RBS-motif=AGGAG
13:33:05.593 - INFO - CDS - contig=contig_38, start=146, stop=601, strand=+, nt=[GTGGCGAAAG..TGCAAATTGA]
13:33:05.593 - INFO - CDS - contig=contig_38, start=591, stop=1871, strand=+, nt=[ATGCAAATTG..CGGAGGCTGA]
13:33:05.593 - INFO - CDS - contig=contig_38, start=1874, stop=2074, strand=+, nt=[ATGGTATTCA..TGAGCGCTGA]
13:33:05.593 - INFO - CDS - contig=contig_38, start=2074, stop=3759, strand=+, nt=[ATGGGGCCGA..GGCATTTTGA]
13:33:05.593 - INFO - CDS - contig=contig_38, start=3846, stop=4694, strand=+, nt=[ATGGACGAAA..GGACGACTAA]
13:33:05.593 - INFO - CDS - contig=contig_38, start=4714, stop=5766, strand=+, nt=[ATGGCAATCA..CACGGTCTAA]
13:33:05.593 - INFO - CDS - contig=contig_38, start=5798, stop=6004, strand=-, nt=[ATGCGTCCAT..ATTGGGGTAG]
13:33:05.593 - INFO - CDS - contig=contig_38, start=6110, stop=6547, strand=+, nt=[ATGGCGACAA..GAGGTGGTAG]
13:33:05.593 - INFO - CDS - contig=contig_38, start=6549, stop=8342, strand=+, nt=[ATGGCAAAGA..CGTAAAGTGA]
13:33:05.593 - INFO - CDS - contig=contig_38, start=8355, stop=10112, strand=+, nt=[ATGTCTCTTA..GGAGGTATAG]
13:33:05.593 - INFO - CDS - contig=contig_38, start=10115, stop=10408, strand=+, nt=[ATGCCGGTTT..GGTGCAGTGA]
13:33:05.593 - INFO - CDS - contig=contig_38, start=10408, stop=10728, strand=+, nt=[ATGCCGATCT..GCAGTTTTAA]
13:33:05.593 - INFO - CDS - contig=contig_38, start=11130, stop=11513, strand=+, nt=[ATGAAAAACA..CGATGCTTAA]
13:33:05.593 - INFO - CDS - contig=contig_38, start=11506, stop=12072, strand=+, nt=[ATGCTTAACA..GGGCGTATGA]
13:33:05.593 - INFO - CDS - contig=contig_38, start=12069, stop=12365, strand=+, nt=[ATGAAAAAAC..CGACGCGTGA]
13:33:05.593 - INFO - CDS - contig=contig_38, start=12378, stop=12824, strand=+, nt=[ATGGAGAACG..GCAGGAATAG]
13:33:05.593 - INFO - CDS - contig=contig_38, start=12888, stop=15317, strand=+, nt=[ATGGCGATTG..CGCTGTTTAA]
13:33:05.594 - INFO - CDS - contig=contig_38, start=15330, stop=20567, strand=+, nt=[ATGGCCATTG..GATCGGCTGA]
13:33:05.594 - INFO - CDS - contig=contig_39, start=598, stop=840, strand=-, frame=1, truncated=no, start-type=ATG, RBS-motif=GGAGG
13:33:05.594 - INFO - CDS - contig=contig_39, start=833, stop=988, strand=-, frame=3, truncated=no, start-type=ATG, RBS-motif=GGAG/GAGG
13:33:05.594 - INFO - CDS - contig=contig_39, start=1290, stop=1703, strand=-, frame=2, truncated=no, start-type=ATG, RBS-motif=None
13:33:05.594 - INFO - CDS - contig=contig_39, start=1729, stop=3324, strand=-, frame=1, truncated=no, start-type=GTG, RBS-motif=GGAG/GAGG
13:33:05.594 - INFO - CDS - contig=contig_39, start=4185, stop=4949, strand=+, frame=3, truncated=no, start-type=GTG, RBS-motif=AGGAG
13:33:05.594 - INFO - CDS - contig=contig_39, start=5149, stop=5325, strand=-, frame=1, truncated=no, start-type=ATG, RBS-motif=GGAG/GAGG
13:33:05.594 - INFO - CDS - contig=contig_39, start=5696, stop=6442, strand=+, frame=2, truncated=no, start-type=ATG, RBS-motif=GGA/GAG/AGG
13:33:05.594 - INFO - CDS - contig=contig_39, start=6909, stop=7787, strand=-, frame=2, truncated=no, start-type=ATG, RBS-motif=GGAG/GAGG
13:33:05.595 - INFO - CDS - contig=contig_39, start=7798, stop=8538, strand=-, frame=1, truncated=no, start-type=ATG, RBS-motif=AGGAGG
13:33:05.595 - INFO - CDS - contig=contig_39, start=8651, stop=9598, strand=+, frame=2, truncated=no, start-type=ATG, RBS-motif=GGAGG
13:33:05.595 - INFO - CDS - contig=contig_39, start=9469, stop=10119, strand=-, frame=1, truncated=no, start-type=ATG, RBS-motif=GGAGG
13:33:05.595 - INFO - CDS - contig=contig_39, start=10416, stop=11609, strand=-, frame=2, truncated=no, start-type=ATG, RBS-motif=AGGAG
13:33:05.595 - INFO - CDS - contig=contig_39, start=11711, stop=12601, strand=-, frame=3, truncated=no, start-type=ATG, RBS-motif=GGA/GAG/AGG
13:33:05.595 - INFO - CDS - contig=contig_39, start=12722, stop=12862, strand=+, frame=2, truncated=no, start-type=ATG, RBS-motif=AGGAG
13:33:05.595 - INFO - CDS - contig=contig_39, start=13372, stop=14649, strand=-, frame=1, truncated=no, start-type=ATG, RBS-motif=AGGAGG
13:33:05.595 - INFO - CDS - contig=contig_39, start=14894, stop=15544, strand=-, frame=3, truncated=no, start-type=ATG, RBS-motif=GGAGG
13:33:05.595 - INFO - CDS - contig=contig_39, start=15799, stop=16107, strand=+, frame=1, truncated=no, start-type=ATG, RBS-motif=AGGAG/GGAGG
13:33:05.595 - INFO - CDS - contig=contig_39, start=16097, stop=16843, strand=+, frame=2, truncated=no, start-type=ATG, RBS-motif=GGA/GAG/AGG
13:33:05.595 - INFO - CDS - contig=contig_39, start=16849, stop=17727, strand=+, frame=1, truncated=no, start-type=ATG, RBS-motif=AGGA/GGAG/GAGG
13:33:05.595 - INFO - CDS - contig=contig_39, start=598, stop=840, strand=-, nt=[ATGCTTGACC..TTCAAAATAA]
13:33:05.595 - INFO - CDS - contig=contig_39, start=833, stop=988, strand=-, nt=[ATGTCTTATG..ACATGCTTGA]
13:33:05.595 - INFO - CDS - contig=contig_39, start=1290, stop=1703, strand=-, nt=[ATGGCGGTCG..GGAGGCGTAA]
13:33:05.595 - INFO - CDS - contig=contig_39, start=1729, stop=3324, strand=-, nt=[GTGGGAGAAT..GATGCCTTAG]
13:33:05.595 - INFO - CDS - contig=contig_39, start=4185, stop=4949, strand=+, nt=[GTGAACGAAA..GGTAAAATAA]
13:33:05.595 - INFO - CDS - contig=contig_39, start=5149, stop=5325, strand=-, nt=[ATGGAGCCGA..GGACGGATGA]
13:33:05.595 - INFO - CDS - contig=contig_39, start=5696, stop=6442, strand=+, nt=[ATGAAATCGG..TCCGCCGTAA]
13:33:05.595 - INFO - CDS - contig=contig_39, start=6909, stop=7787, strand=-, nt=[ATGGTCATCC..TCCACGGTGA]
13:33:05.596 - INFO - CDS - contig=contig_39, start=7798, stop=8538, strand=-, nt=[ATGCCTGTGA..GCTGATCTGA]
13:33:05.596 - INFO - CDS - contig=contig_39, start=8651, stop=9598, strand=+, nt=[ATGAAACGAA..CCAGGAGTGA]
13:33:05.596 - INFO - CDS - contig=contig_39, start=9469, stop=10119, strand=-, nt=[ATGCTGCGGC..GATCAGGTGA]
13:33:05.596 - INFO - CDS - contig=contig_39, start=10416, stop=11609, strand=-, nt=[ATGAGCCGGA..CACGGAATAA]
13:33:05.596 - INFO - CDS - contig=contig_39, start=11711, stop=12601, strand=-, nt=[ATGAACACCA..GGGAGCGTAA]
13:33:05.596 - INFO - CDS - contig=contig_39, start=12722, stop=12862, strand=+, nt=[ATGACGATGA..CAACGCGTAA]
13:33:05.596 - INFO - CDS - contig=contig_39, start=13372, stop=14649, strand=-, nt=[ATGGTCAAAG..CCGCAAATGA]
13:33:05.596 - INFO - CDS - contig=contig_39, start=14894, stop=15544, strand=-, nt=[ATGAAGATAG..GTGCCGCTAA]
13:33:05.596 - INFO - CDS - contig=contig_39, start=15799, stop=16107, strand=+, nt=[ATGACAAAAA..TGGCGTATGA]
13:33:05.596 - INFO - CDS - contig=contig_39, start=16097, stop=16843, strand=+, nt=[ATGGCGTATG..GGAATCCTGA]
13:33:05.596 - INFO - CDS - contig=contig_39, start=16849, stop=17727, strand=+, nt=[ATGGCAGACA..GTCTCTGTAA]
13:33:05.597 - INFO - CDS - contig=contig_40, start=145, stop=1041, strand=-, frame=1, truncated=no, start-type=TTG, RBS-motif=GGAGG
13:33:05.597 - INFO - CDS - contig=contig_40, start=1044, stop=2102, strand=-, frame=2, truncated=no, start-type=ATG, RBS-motif=GGAG/GAGG
13:33:05.597 - INFO - CDS - contig=contig_40, start=2114, stop=2704, strand=-, frame=3, truncated=no, start-type=ATG, RBS-motif=GGAGG
13:33:05.597 - INFO - CDS - contig=contig_40, start=2688, stop=3275, strand=-, frame=2, truncated=no, start-type=GTG, RBS-motif=GGAGG
13:33:05.597 - INFO - CDS - contig=contig_40, start=3262, stop=4155, strand=-, frame=1, truncated=no, start-type=ATG, RBS-motif=GGAGG
13:33:05.598 - INFO - CDS - contig=contig_40, start=4190, stop=4285, strand=-, frame=3, truncated=no, start-type=ATG, RBS-motif=AGGAG
13:33:05.598 - INFO - CDS - contig=contig_40, start=4310, stop=4630, strand=-, frame=3, truncated=no, start-type=ATG, RBS-motif=AGGA
13:33:05.598 - INFO - CDS - contig=contig_40, start=145, stop=1041, strand=-, nt=[TTGGCAAAAA..TGAACTGTGA]
13:33:05.598 - INFO - CDS - contig=contig_40, start=1044, stop=2102, strand=-, nt=[ATGAGCAGAA..GGAGGTGTAA]
13:33:05.598 - INFO - CDS - contig=contig_40, start=2114, stop=2704, strand=-, nt=[ATGGCGAAGA..GGAATTGTGA]
13:33:05.598 - INFO - CDS - contig=contig_40, start=2688, stop=3275, strand=-, nt=[GTGAGCCTGG..AGAACTTTAA]
13:33:05.598 - INFO - CDS - contig=contig_40, start=3262, stop=4155, strand=-, nt=[ATGCCGATGA..GCCTGGATAA]
13:33:05.598 - INFO - CDS - contig=contig_40, start=4190, stop=4285, strand=-, nt=[ATGAAAAAAG..CGCCAACTAA]
13:33:05.598 - INFO - CDS - contig=contig_40, start=4310, stop=4630, strand=-, nt=[ATGGCGGGAA..GGAACTGTAA]
13:33:05.598 - INFO - CDS - contig=contig_41, start=324, stop=593, strand=-, frame=1, truncated=no, start-type=ATG, RBS-motif=GGA/GAG/AGG
13:33:05.598 - INFO - CDS - contig=contig_41, start=535, stop=1374, strand=-, frame=3, truncated=no, start-type=TTG, RBS-motif=AGGAG
13:33:05.598 - INFO - CDS - contig=contig_41, start=324, stop=593, strand=-, nt=[ATGGCGAGGA..GGAGCAGTGA]
13:33:05.598 - INFO - CDS - contig=contig_41, start=535, stop=1374, strand=-, nt=[TTGCGCTATA..CGAAGTATAA]
13:33:05.598 - INFO - CDS - contig=contig_42, start=1208, stop=1825, strand=+, frame=2, truncated=no, start-type=ATG, RBS-motif=GGA/GAG/AGG
13:33:05.598 - INFO - CDS - contig=contig_42, start=2942, stop=4138, strand=+, frame=2, truncated=no, start-type=ATG, RBS-motif=None
13:33:05.598 - INFO - CDS - contig=contig_42, start=6004, stop=6372, strand=-, frame=1, truncated=no, start-type=ATG, RBS-motif=AGGA
13:33:05.598 - INFO - CDS - contig=contig_42, start=6491, stop=7150, strand=+, frame=2, truncated=no, start-type=ATG, RBS-motif=GGAG/GAGG
13:33:05.598 - INFO - CDS - contig=contig_42, start=7161, stop=8201, strand=-, frame=2, truncated=no, start-type=ATG, RBS-motif=AGGAGG
13:33:05.599 - INFO - CDS - contig=contig_42, start=1208, stop=1825, strand=+, nt=[ATGGCTCCCA..GACCACTTAG]
13:33:05.599 - INFO - CDS - contig=contig_42, start=2942, stop=4138, strand=+, nt=[ATGGATGTAC..CTTCGTCTAA]
13:33:05.599 - INFO - CDS - contig=contig_42, start=6004, stop=6372, strand=-, nt=[ATGAGCAAAC..TCCCCGCTGA]
13:33:05.599 - INFO - CDS - contig=contig_42, start=6491, stop=7150, strand=+, nt=[ATGGCTGACC..GTATTGGTGA]
13:33:05.599 - INFO - CDS - contig=contig_42, start=7161, stop=8201, strand=-, nt=[ATGCCTAAAA..GGCCGGATAA]
13:33:05.599 - INFO - CDS - contig=contig_43, start=133, stop=708, strand=-, frame=3, truncated=no, start-type=GTG, RBS-motif=AGGAGG
13:33:05.599 - INFO - CDS - contig=contig_43, start=710, stop=1240, strand=-, frame=2, truncated=no, start-type=ATG, RBS-motif=GGA/GAG/AGG
13:33:05.599 - INFO - CDS - contig=contig_43, start=133, stop=708, strand=-, nt=[GTGGCACAGG..GGGAAAATAA]
13:33:05.599 - INFO - CDS - contig=contig_43, start=710, stop=1240, strand=-, nt=[ATGGATTTGA..AGGCGAGTGA]
13:33:05.604 - INFO - CDS - contig=contig_44, start=848, stop=2560, strand=+, frame=2, truncated=no, start-type=ATG, RBS-motif=GGAG/GAGG
13:33:05.604 - INFO - CDS - contig=contig_44, start=2573, stop=3448, strand=+, frame=2, truncated=no, start-type=ATG, RBS-motif=AGGA
13:33:05.604 - INFO - CDS - contig=contig_44, start=3445, stop=6972, strand=+, frame=1, truncated=no, start-type=ATG, RBS-motif=AGxAG
13:33:05.605 - INFO - CDS - contig=contig_44, start=6984, stop=8117, strand=+, frame=3, truncated=no, start-type=ATG, RBS-motif=AGGAG
13:33:05.605 - INFO - CDS - contig=contig_44, start=8139, stop=10298, strand=+, frame=3, truncated=no, start-type=ATG, RBS-motif=GGA/GAG/AGG
13:33:05.605 - INFO - CDS - contig=contig_44, start=10285, stop=10476, strand=+, frame=1, truncated=no, start-type=ATG, RBS-motif=GGAGG
13:33:05.605 - INFO - CDS - contig=contig_44, start=10473, stop=12548, strand=+, frame=3, truncated=no, start-type=ATG, RBS-motif=AGGAGG
13:33:05.605 - INFO - CDS - contig=contig_44, start=12548, stop=13084, strand=+, frame=2, truncated=no, start-type=ATG, RBS-motif=AGxAGG/AGGxGG
13:33:05.605 - INFO - CDS - contig=contig_44, start=13834, stop=15561, strand=+, frame=1, truncated=no, start-type=ATG, RBS-motif=AGGAG
13:33:05.605 - INFO - CDS - contig=contig_44, start=848, stop=2560, strand=+, nt=[ATGATAAAAT..ACGAAGTTAA]
13:33:05.605 - INFO - CDS - contig=contig_44, start=2573, stop=3448, strand=+, nt=[ATGGACAAGA..TAACGCATGA]
13:33:05.605 - INFO - CDS - contig=contig_44, start=3445, stop=6972, strand=+, nt=[ATGAAATTAC..GATGACCTAA]
13:33:05.605 - INFO - CDS - contig=contig_44, start=6984, stop=8117, strand=+, nt=[ATGATTTATT..GAGTCTCTAA]
13:33:05.605 - INFO - CDS - contig=contig_44, start=8139, stop=10298, strand=+, nt=[ATGAGTTTCC..CGACGAATGA]
13:33:05.605 - INFO - CDS - contig=contig_44, start=10285, stop=10476, strand=+, nt=[ATGGCGACGA..TGTCGAATGA]
13:33:05.605 - INFO - CDS - contig=contig_44, start=10473, stop=12548, strand=+, nt=[ATGAAATTTG..GCTTGAATAA]
13:33:05.605 - INFO - CDS - contig=contig_44, start=12548, stop=13084, strand=+, nt=[ATGGCAGTAA..AATCGGATAA]
13:33:05.605 - INFO - CDS - contig=contig_44, start=13834, stop=15561, strand=+, nt=[ATGGATGCAC..TCAACCCTAA]
13:33:05.607 - INFO - CDS - contig=contig_45, start=447, stop=689, strand=-, frame=1, truncated=no, start-type=ATG, RBS-motif=AGGAGG
13:33:05.607 - INFO - CDS - contig=contig_45, start=707, stop=907, strand=-, frame=2, truncated=no, start-type=ATG, RBS-motif=GGA/GAG/AGG
13:33:05.607 - INFO - CDS - contig=contig_45, start=1562, stop=2878, strand=-, frame=2, truncated=no, start-type=ATG, RBS-motif=AGGAG
13:33:05.607 - INFO - CDS - contig=contig_45, start=2915, stop=4231, strand=-, frame=2, truncated=no, start-type=ATG, RBS-motif=AGxAGG/AGGxGG
13:33:05.607 - INFO - CDS - contig=contig_45, start=5912, stop=6511, strand=+, frame=2, truncated=no, start-type=ATG, RBS-motif=GGAG/GAGG
13:33:05.607 - INFO - CDS - contig=contig_45, start=6649, stop=7734, strand=+, frame=1, truncated=no, start-type=ATG, RBS-motif=AGGA
13:33:05.607 - INFO - CDS - contig=contig_45, start=7841, stop=8809, strand=-, frame=2, truncated=no, start-type=ATG, RBS-motif=GGAG/GAGG
13:33:05.607 - INFO - CDS - contig=contig_45, start=9045, stop=9470, strand=+, frame=3, truncated=no, start-type=TTG, RBS-motif=GGA/GAG/AGG
13:33:05.607 - INFO - CDS - contig=contig_45, start=9467, stop=9676, strand=+, frame=2, truncated=no, start-type=GTG, RBS-motif=AGxAGG/AGGxGG
13:33:05.607 - INFO - CDS - contig=contig_45, start=10041, stop=10400, strand=+, frame=3, truncated=no, start-type=ATG, RBS-motif=GGAGG
13:33:05.607 - INFO - CDS - contig=contig_45, start=11120, stop=11641, strand=+, frame=2, truncated=no, start-type=ATG, RBS-motif=AGGAG
13:33:05.607 - INFO - CDS - contig=contig_45, start=12060, stop=13211, strand=+, frame=3, truncated=no, start-type=ATG, RBS-motif=AGGAGG
13:33:05.607 - INFO - CDS - contig=contig_45, start=447, stop=689, strand=-, nt=[ATGGACAAGA..TGCCTCGTAG]
13:33:05.607 - INFO - CDS - contig=contig_45, start=707, stop=907, strand=-, nt=[ATGATCGCCT..TCTGGTTTAA]
13:33:05.607 - INFO - CDS - contig=contig_45, start=1562, stop=2878, strand=-, nt=[ATGAAGTATG..TTTTATCTAA]
13:33:05.607 - INFO - CDS - contig=contig_45, start=2915, stop=4231, strand=-, nt=[ATGGACAAAA..TATCGTTTAA]
13:33:05.607 - INFO - CDS - contig=contig_45, start=5912, stop=6511, strand=+, nt=[ATGGCGGTTA..GGTAGAGTAA]
13:33:05.607 - INFO - CDS - contig=contig_45, start=6649, stop=7734, strand=+, nt=[ATGAAAACAA..GCATTTTTAA]
13:33:05.608 - INFO - CDS - contig=contig_45, start=7841, stop=8809, strand=-, nt=[ATGCCGGACT..GCTGTCATGA]
13:33:05.608 - INFO - CDS - contig=contig_45, start=9045, stop=9470, strand=+, nt=[TTGCGCTTCC..TGCGCAGTGA]
13:33:05.608 - INFO - CDS - contig=contig_45, start=9467, stop=9676, strand=+, nt=[GTGATCACGC..CAGTACCTAA]
13:33:05.608 - INFO - CDS - contig=contig_45, start=10041, stop=10400, strand=+, nt=[ATGGCAGAGA..AAGAGAGTAA]
13:33:05.608 - INFO - CDS - contig=contig_45, start=11120, stop=11641, strand=+, nt=[ATGAATTCCG..GCTGATGTGA]
13:33:05.608 - INFO - CDS - contig=contig_45, start=12060, stop=13211, strand=+, nt=[ATGGCAAAGA..GGTTCGCTAA]
13:33:05.611 - INFO - CDS - contig=contig_46, start=908, stop=2284, strand=-, frame=3, truncated=no, start-type=ATG, RBS-motif=GGAGG
13:33:05.611 - INFO - CDS - contig=contig_46, start=2274, stop=3029, strand=-, frame=2, truncated=no, start-type=ATG, RBS-motif=AGGAGG
13:33:05.611 - INFO - CDS - contig=contig_46, start=3019, stop=3894, strand=-, frame=1, truncated=no, start-type=TTG, RBS-motif=GGAGG
13:33:05.612 - INFO - CDS - contig=contig_46, start=3913, stop=4359, strand=-, frame=1, truncated=no, start-type=ATG, RBS-motif=None
13:33:05.612 - INFO - CDS - contig=contig_46, start=4356, stop=5075, strand=-, frame=2, truncated=no, start-type=ATG, RBS-motif=GGAGG
13:33:05.612 - INFO - CDS - contig=contig_46, start=5088, stop=5180, strand=-, frame=2, truncated=no, start-type=ATG, RBS-motif=GGAG/GAGG
13:33:05.612 - INFO - CDS - contig=contig_46, start=5182, stop=6042, strand=-, frame=1, truncated=no, start-type=ATG, RBS-motif=GGA/GAG/AGG
13:33:05.612 - INFO - CDS - contig=contig_46, start=6048, stop=6482, strand=-, frame=2, truncated=no, start-type=ATG, RBS-motif=AGGAGG
13:33:05.612 - INFO - CDS - contig=contig_46, start=6648, stop=7130, strand=-, frame=2, truncated=no, start-type=ATG, RBS-motif=GGxGG
13:33:05.612 - INFO - CDS - contig=contig_46, start=7130, stop=7453, strand=-, frame=3, truncated=no, start-type=ATG, RBS-motif=AGGAGG
13:33:05.612 - INFO - CDS - contig=contig_46, start=7466, stop=7675, strand=-, frame=3, truncated=no, start-type=ATG, RBS-motif=GGAG/GAGG
13:33:05.612 - INFO - CDS - contig=contig_46, start=7687, stop=8523, strand=-, frame=1, truncated=no, start-type=TTG, RBS-motif=AGGAGG
13:33:05.612 - INFO - CDS - contig=contig_46, start=8593, stop=8871, strand=-, frame=1, truncated=no, start-type=ATG, RBS-motif=AGGAGG
13:33:05.612 - INFO - CDS - contig=contig_46, start=8932, stop=9195, strand=-, frame=1, truncated=no, start-type=ATG, RBS-motif=AGGAGG
13:33:05.612 - INFO - CDS - contig=contig_46, start=9273, stop=9635, strand=-, frame=2, truncated=no, start-type=ATG, RBS-motif=AGGAGG
13:33:05.612 - INFO - CDS - contig=contig_46, start=9653, stop=11218, strand=-, frame=3, truncated=no, start-type=TTG, RBS-motif=AGGAGG
13:33:05.612 - INFO - CDS - contig=contig_46, start=11231, stop=11680, strand=-, frame=3, truncated=no, start-type=TTG, RBS-motif=AGGA/GGAG/GAGG
13:33:05.612 - INFO - CDS - contig=contig_46, start=11677, stop=12342, strand=-, frame=1, truncated=no, start-type=ATG, RBS-motif=AGxAGG/AGGxGG
13:33:05.612 - INFO - CDS - contig=contig_46, start=12372, stop=13421, strand=-, frame=2, truncated=no, start-type=TTG, RBS-motif=GGA/GAG/AGG
13:33:05.612 - INFO - CDS - contig=contig_46, start=13532, stop=14146, strand=-, frame=3, truncated=no, start-type=ATG, RBS-motif=AGGAG
13:33:05.612 - INFO - CDS - contig=contig_46, start=908, stop=2284, strand=-, nt=[ATGGCAAGTA..AACTGCGTGA]
13:33:05.613 - INFO - CDS - contig=contig_46, start=2274, stop=3029, strand=-, nt=[ATGGCGAATA..TGGCAAGTAA]
13:33:05.613 - INFO - CDS - contig=contig_46, start=3019, stop=3894, strand=-, nt=[TTGAACAAGA..TGGCGAATAA]
13:33:05.613 - INFO - CDS - contig=contig_46, start=3913, stop=4359, strand=-, nt=[ATGAATCCTC..TGTAATCTGA]
13:33:05.613 - INFO - CDS - contig=contig_46, start=4356, stop=5075, strand=-, nt=[ATGCTGGAAA..GGAGCCATGA]
13:33:05.613 - INFO - CDS - contig=contig_46, start=5088, stop=5180, strand=-, nt=[ATGTTTCAGA..AATCATGTGA]
13:33:05.613 - INFO - CDS - contig=contig_46, start=5182, stop=6042, strand=-, nt=[ATGCAGGGGC..TGGAGAATAA]
13:33:05.613 - INFO - CDS - contig=contig_46, start=6048, stop=6482, strand=-, nt=[ATGCAGCCGA..CAACTCATAG]
13:33:05.613 - INFO - CDS - contig=contig_46, start=6648, stop=7130, strand=-, nt=[ATGTACGCAA..AGAACTGTGA]
13:33:05.613 - INFO - CDS - contig=contig_46, start=7130, stop=7453, strand=-, nt=[ATGGACGAAG..GCTTGAATAA]
13:33:05.613 - INFO - CDS - contig=contig_46, start=7466, stop=7675, strand=-, nt=[ATGGTGACAA..CTATTCCTGA]
13:33:05.613 - INFO - CDS - contig=contig_46, start=7687, stop=8523, strand=-, nt=[TTGGAATATA..GGGAAAGTGA]
13:33:05.613 - INFO - CDS - contig=contig_46, start=8593, stop=8871, strand=-, nt=[ATGGAGTTCA..CGTGTCCTGA]
13:33:05.613 - INFO - CDS - contig=contig_46, start=8932, stop=9195, strand=-, nt=[ATGGCTAACT..CGGCGGCTGA]
13:33:05.613 - INFO - CDS - contig=contig_46, start=9273, stop=9635, strand=-, nt=[ATGAAAGAGA..CTACCAGTAA]
13:33:05.613 - INFO - CDS - contig=contig_46, start=9653, stop=11218, strand=-, nt=[TTGAAGTTGA..TGATGATTAA]
13:33:05.613 - INFO - CDS - contig=contig_46, start=11231, stop=11680, strand=-, nt=[TTGAAAACAA..AGAAAAATAA]
13:33:05.613 - INFO - CDS - contig=contig_46, start=11677, stop=12342, strand=-, nt=[ATGAAAATTC..ACCGTTTTGA]
13:33:05.613 - INFO - CDS - contig=contig_46, start=12372, stop=13421, strand=-, nt=[TTGAGGCTGG..GGAATTATAA]
13:33:05.613 - INFO - CDS - contig=contig_46, start=13532, stop=14146, strand=-, nt=[ATGAAAATCC..GGAAATTTGA]
13:33:05.616 - INFO - CDS - contig=contig_47, start=266, stop=649, strand=-, frame=1, truncated=no, start-type=ATG, RBS-motif=GGAGG
13:33:05.616 - INFO - CDS - contig=contig_47, start=646, stop=1179, strand=-, frame=2, truncated=no, start-type=ATG, RBS-motif=AGGA
13:33:05.616 - INFO - CDS - contig=contig_47, start=1207, stop=3471, strand=-, frame=2, truncated=no, start-type=ATG, RBS-motif=GGAG/GAGG
13:33:05.616 - INFO - CDS - contig=contig_47, start=3828, stop=4145, strand=-, frame=3, truncated=no, start-type=ATG, RBS-motif=GGAG/GAGG
13:33:05.616 - INFO - CDS - contig=contig_47, start=4150, stop=6147, strand=-, frame=2, truncated=no, start-type=ATG, RBS-motif=GGAG/GAGG
13:33:05.616 - INFO - CDS - contig=contig_47, start=6164, stop=6544, strand=-, frame=1, truncated=no, start-type=ATG, RBS-motif=GGxGG
13:33:05.616 - INFO - CDS - contig=contig_47, start=6545, stop=9700, strand=-, frame=1, truncated=no, start-type=ATG, RBS-motif=GGA/GAG/AGG
13:33:05.616 - INFO - CDS - contig=contig_47, start=9928, stop=10602, strand=+, frame=1, truncated=no, start-type=ATG, RBS-motif=GGA/GAG/AGG
13:33:05.616 - INFO - CDS - contig=contig_47, start=10660, stop=11352, strand=+, frame=1, truncated=no, start-type=ATG, RBS-motif=GGAGG
13:33:05.617 - INFO - CDS - contig=contig_47, start=11439, stop=13145, strand=-, frame=3, truncated=no, start-type=TTG, RBS-motif=4Base/6BMM
13:33:05.617 - INFO - CDS - contig=contig_47, start=266, stop=649, strand=-, nt=[ATGAAACGAA..GGAGCCGTGA]
13:33:05.617 - INFO - CDS - contig=contig_47, start=646, stop=1179, strand=-, nt=[ATGAAAGTCA..ACTCAAATGA]
13:33:05.617 - INFO - CDS - contig=contig_47, start=1207, stop=3471, strand=-, nt=[ATGCCAACCT..GTTCAAGTAA]
13:33:05.617 - INFO - CDS - contig=contig_47, start=3828, stop=4145, strand=-, nt=[ATGGAAAAAT..GGAGTGCTGA]
13:33:05.617 - INFO - CDS - contig=contig_47, start=4150, stop=6147, strand=-, nt=[ATGGAAAATT..GAAGAGGTGA]
13:33:05.617 - INFO - CDS - contig=contig_47, start=6164, stop=6544, strand=-, nt=[ATGACTGAAG..GAAGAGATAA]
13:33:05.617 - INFO - CDS - contig=contig_47, start=6545, stop=9700, strand=-, nt=[ATGCTGCCTC..GGTGGGATAA]
13:33:05.617 - INFO - CDS - contig=contig_47, start=9928, stop=10602, strand=+, nt=[ATGTACACTT..GAGCCGATAG]
13:33:05.617 - INFO - CDS - contig=contig_47, start=10660, stop=11352, strand=+, nt=[ATGGCGGCCA..TGGATATTAA]
13:33:05.617 - INFO - CDS - contig=contig_47, start=11439, stop=13145, strand=-, nt=[TTGTCAACAG..CAATTTATAA]
13:33:05.618 - INFO - CDS - contig=contig_48, start=68, stop=1591, strand=-, frame=2, truncated=no, start-type=GTG, RBS-motif=AGGAG
13:33:05.618 - INFO - CDS - contig=contig_48, start=1555, stop=2757, strand=-, frame=3, truncated=no, start-type=ATG, RBS-motif=AGGAGG
13:33:05.618 - INFO - CDS - contig=contig_48, start=2732, stop=2911, strand=-, frame=2, truncated=no, start-type=ATG, RBS-motif=AGGA
13:33:05.618 - INFO - CDS - contig=contig_48, start=3444, stop=3818, strand=-, frame=1, truncated=no, start-type=ATG, RBS-motif=AGGAG
13:33:05.618 - INFO - CDS - contig=contig_48, start=3815, stop=4270, strand=-, frame=2, truncated=no, start-type=ATG, RBS-motif=GGAGG
13:33:05.618 - INFO - CDS - contig=contig_48, start=4270, stop=4479, strand=-, frame=3, truncated=no, start-type=ATG, RBS-motif=AGGAGG
13:33:05.618 - INFO - CDS - contig=contig_48, start=4649, stop=7729, strand=+, frame=2, truncated=no, start-type=ATG, RBS-motif=AGGAGG
13:33:05.618 - INFO - CDS - contig=contig_48, start=7722, stop=8591, strand=+, frame=3, truncated=no, start-type=ATG, RBS-motif=GGAGG
13:33:05.618 - INFO - CDS - contig=contig_48, start=8804, stop=9244, strand=-, frame=2, truncated=no, start-type=ATG, RBS-motif=AGGAGG
13:33:05.618 - INFO - CDS - contig=contig_48, start=9355, stop=9714, strand=+, frame=1, truncated=no, start-type=ATG, RBS-motif=GGAGG
13:33:05.618 - INFO - CDS - contig=contig_48, start=9850, stop=10743, strand=+, frame=1, truncated=no, start-type=ATG, RBS-motif=GGAGG
13:33:05.618 - INFO - CDS - contig=contig_48, start=10827, stop=11027, strand=-, frame=1, truncated=no, start-type=ATG, RBS-motif=GGA/GAG/AGG
13:33:05.618 - INFO - CDS - contig=contig_48, start=11198, stop=11314, strand=-, frame=2, truncated=no, start-type=ATG, RBS-motif=AGGAGG
13:33:05.618 - INFO - CDS - contig=contig_48, start=11311, stop=11634, strand=-, frame=3, truncated=no, start-type=ATG, RBS-motif=AGGAGG
13:33:05.619 - INFO - CDS - contig=contig_48, start=11770, stop=12432, strand=-, frame=3, truncated=no, start-type=ATG, RBS-motif=AGGA
13:33:05.619 - INFO - CDS - contig=contig_48, start=68, stop=1591, strand=-, nt=[GTGGCAAGAA..GAATGAATGA]
13:33:05.619 - INFO - CDS - contig=contig_48, start=1555, stop=2757, strand=-, nt=[ATGGCAAAGC..GGAACCGTAA]
13:33:05.619 - INFO - CDS - contig=contig_48, start=2732, stop=2911, strand=-, nt=[ATGGAAGAAC..CGTCCGGTGA]
13:33:05.619 - INFO - CDS - contig=contig_48, start=3444, stop=3818, strand=-, nt=[ATGATCCAGG..GGCGGGATGA]
13:33:05.619 - INFO - CDS - contig=contig_48, start=3815, stop=4270, strand=-, nt=[ATGTTCCAAC..GAGTGCATGA]
13:33:05.619 - INFO - CDS - contig=contig_48, start=4270, stop=4479, strand=-, nt=[ATGAGAGAAT..TGATGCCTGA]
13:33:05.619 - INFO - CDS - contig=contig_48, start=4649, stop=7729, strand=+, nt=[ATGCCGTTGG..CCATGATTAA]
13:33:05.619 - INFO - CDS - contig=contig_48, start=7722, stop=8591, strand=+, nt=[ATGATTAACG..TTTGCCATAA]
13:33:05.619 - INFO - CDS - contig=contig_48, start=8804, stop=9244, strand=-, nt=[ATGAAAACCG..CTCCAAATAA]
13:33:05.619 - INFO - CDS - contig=contig_48, start=9355, stop=9714, strand=+, nt=[ATGAAAAAGG..TTTGGATTGA]
13:33:05.619 - INFO - CDS - contig=contig_48, start=9850, stop=10743, strand=+, nt=[ATGTTCATGA..GCAGGACTGA]
13:33:05.619 - INFO - CDS - contig=contig_48, start=10827, stop=11027, strand=-, nt=[ATGCCTGAAC..CATGGGATAA]
13:33:05.619 - INFO - CDS - contig=contig_48, start=11198, stop=11314, strand=-, nt=[ATGAAGAAGT..CCCGCCGTGA]
13:33:05.619 - INFO - CDS - contig=contig_48, start=11311, stop=11634, strand=-, nt=[ATGAAATACG..AAAACAATGA]
13:33:05.619 - INFO - CDS - contig=contig_48, start=11770, stop=12432, strand=-, nt=[ATGCGTGTAA..GATAGGGTGA]
13:33:05.623 - INFO - CDS - contig=contig_49, start=926, stop=1447, strand=-, frame=1, truncated=no, start-type=ATG, RBS-motif=AGGAG
13:33:05.623 - INFO - CDS - contig=contig_49, start=1472, stop=1942, strand=-, frame=1, truncated=no, start-type=GTG, RBS-motif=GGAGG
13:33:05.623 - INFO - CDS - contig=contig_49, start=2001, stop=2495, strand=-, frame=3, truncated=no, start-type=ATG, RBS-motif=AGGAGG
13:33:05.623 - INFO - CDS - contig=contig_49, start=2701, stop=3237, strand=+, frame=1, truncated=no, start-type=ATG, RBS-motif=GGAG/GAGG
13:33:05.623 - INFO - CDS - contig=contig_49, start=3259, stop=3963, strand=+, frame=1, truncated=no, start-type=ATG, RBS-motif=GGA/GAG/AGG
13:33:05.623 - INFO - CDS - contig=contig_49, start=4293, stop=6074, strand=+, frame=3, truncated=no, start-type=ATG, RBS-motif=AGGAGG
13:33:05.624 - INFO - CDS - contig=contig_49, start=6061, stop=7416, strand=+, frame=1, truncated=no, start-type=ATG, RBS-motif=GGAGG
13:33:05.624 - INFO - CDS - contig=contig_49, start=7420, stop=8244, strand=+, frame=1, truncated=no, start-type=ATG, RBS-motif=None
13:33:05.624 - INFO - CDS - contig=contig_49, start=8385, stop=8816, strand=+, frame=3, truncated=no, start-type=ATG, RBS-motif=AGGAGG
13:33:05.624 - INFO - CDS - contig=contig_49, start=8901, stop=11804, strand=-, frame=3, truncated=no, start-type=ATG, RBS-motif=GGAG/GAGG
13:33:05.624 - INFO - CDS - contig=contig_49, start=926, stop=1447, strand=-, nt=[ATGGCTCAGA..ACAGTGCTGA]
13:33:05.624 - INFO - CDS - contig=contig_49, start=1472, stop=1942, strand=-, nt=[GTGGAGAGCA..CGGCGGATAA]
13:33:05.624 - INFO - CDS - contig=contig_49, start=2001, stop=2495, strand=-, nt=[ATGACCATCC..CCCCGTCTAG]
13:33:05.624 - INFO - CDS - contig=contig_49, start=2701, stop=3237, strand=+, nt=[ATGGAATTGA..GGGGCGGTAA]
13:33:05.624 - INFO - CDS - contig=contig_49, start=3259, stop=3963, strand=+, nt=[ATGGCCAAGC..CAACGCATAA]
13:33:05.624 - INFO - CDS - contig=contig_49, start=4293, stop=6074, strand=+, nt=[ATGTTCCGCA..ACATGCTTAA]
13:33:05.624 - INFO - CDS - contig=contig_49, start=6061, stop=7416, strand=+, nt=[ATGGACATGC..CGGGGCGTGA]
13:33:05.624 - INFO - CDS - contig=contig_49, start=7420, stop=8244, strand=+, nt=[ATGGAATGGT..GGTGGAGTAA]
13:33:05.624 - INFO - CDS - contig=contig_49, start=8385, stop=8816, strand=+, nt=[ATGGCACAGT..ATTTCAGTGA]
13:33:05.624 - INFO - CDS - contig=contig_49, start=8901, stop=11804, strand=-, nt=[ATGCTGCTGG..CGCCGCCTGA]
13:33:05.624 - INFO - CDS - contig=contig_50, start=137, stop=571, strand=-, frame=3, truncated=no, start-type=ATG, RBS-motif=AGGAGG
13:33:05.624 - INFO - CDS - contig=contig_50, start=541, stop=798, strand=-, frame=1, truncated=no, start-type=ATG, RBS-motif=None
13:33:05.624 - INFO - CDS - contig=contig_50, start=795, stop=1112, strand=-, frame=2, truncated=no, start-type=ATG, RBS-motif=AGGAGG
13:33:05.624 - INFO - CDS - contig=contig_50, start=1105, stop=1296, strand=-, frame=1, truncated=no, start-type=ATG, RBS-motif=AGGAGG
13:33:05.624 - INFO - CDS - contig=contig_50, start=1289, stop=1615, strand=-, frame=3, truncated=no, start-type=ATG, RBS-motif=AGGAGG
13:33:05.624 - INFO - CDS - contig=contig_50, start=1819, stop=2811, strand=-, frame=1, truncated=no, start-type=ATG, RBS-motif=AGGAGG
13:33:05.625 - INFO - CDS - contig=contig_50, start=2815, stop=3126, strand=-, frame=1, truncated=no, start-type=ATG, RBS-motif=GGAGG
13:33:05.625 - INFO - CDS - contig=contig_50, start=3101, stop=3445, strand=-, frame=3, truncated=no, start-type=GTG, RBS-motif=AGGAGG
13:33:05.625 - INFO - CDS - contig=contig_50, start=3442, stop=3774, strand=-, frame=1, truncated=no, start-type=ATG, RBS-motif=GGAG/GAGG
13:33:05.625 - INFO - CDS - contig=contig_50, start=3771, stop=4109, strand=-, frame=2, truncated=no, start-type=ATG, RBS-motif=AGxAG
13:33:05.625 - INFO - CDS - contig=contig_50, start=4378, stop=6132, strand=-, frame=1, truncated=no, start-type=ATG, RBS-motif=GGA/GAG/AGG
13:33:05.625 - INFO - CDS - contig=contig_50, start=6216, stop=6743, strand=-, frame=2, truncated=no, start-type=ATG, RBS-motif=GGAG/GAGG
13:33:05.625 - INFO - CDS - contig=contig_50, start=137, stop=571, strand=-, nt=[ATGGACAGTC..TCTGTTATGA]
13:33:05.625 - INFO - CDS - contig=contig_50, start=541, stop=798, strand=-, nt=[ATGATGTGTT..CGGATGTTGA]
13:33:05.625 - INFO - CDS - contig=contig_50, start=795, stop=1112, strand=-, nt=[ATGGCTAAGA..GGCCGGATGA]
13:33:05.625 - INFO - CDS - contig=contig_50, start=1105, stop=1296, strand=-, nt=[ATGGCTAAAC..GAATGGCTAA]
13:33:05.625 - INFO - CDS - contig=contig_50, start=1289, stop=1615, strand=-, nt=[ATGGCTGAAT..GGATGGCTAA]
13:33:05.625 - INFO - CDS - contig=contig_50, start=1819, stop=2811, strand=-, nt=[ATGAGCTGTG..TAATGGCTGA]
13:33:05.625 - INFO - CDS - contig=contig_50, start=2815, stop=3126, strand=-, nt=[ATGGATCGCA..GGAGGCGTAA]
13:33:05.625 - INFO - CDS - contig=contig_50, start=3101, stop=3445, strand=-, nt=[GTGAATGCAA..CACTGGTTAA]
13:33:05.625 - INFO - CDS - contig=contig_50, start=3442, stop=3774, strand=-, nt=[ATGATCACCA..CATACGGTGA]
13:33:05.625 - INFO - CDS - contig=contig_50, start=3771, stop=4109, strand=-, nt=[ATGAAATTAT..GCCCAGATGA]
13:33:05.625 - INFO - CDS - contig=contig_50, start=4378, stop=6132, strand=-, nt=[ATGGAAGAGC..GCTCCCGTGA]
13:33:05.625 - INFO - CDS - contig=contig_50, start=6216, stop=6743, strand=-, nt=[ATGGACGCTG..TCGGAACTGA]
13:33:05.625 - INFO - CDS - contig=contig_51, start=406, stop=1038, strand=-, frame=2, truncated=no, start-type=ATG, RBS-motif=AGGAGG
13:33:05.626 - INFO - CDS - contig=contig_51, start=1038, stop=1259, strand=-, frame=3, truncated=no, start-type=ATG, RBS-motif=GGAG/GAGG
13:33:05.626 - INFO - CDS - contig=contig_51, start=406, stop=1038, strand=-, nt=[ATGGGGATCC..GGAAAAATAA]
13:33:05.626 - INFO - CDS - contig=contig_51, start=1038, stop=1259, strand=-, nt=[ATGAAGGCGA..GGAAACATAA]
13:33:05.626 - INFO - CDS - contig=contig_52, start=7, stop=714, strand=-, frame=1, truncated=no, start-type=ATG, RBS-motif=GGAG/GAGG
13:33:05.626 - INFO - CDS - contig=contig_52, start=707, stop=1306, strand=-, frame=3, truncated=no, start-type=ATG, RBS-motif=AGGAGG
13:33:05.626 - INFO - CDS - contig=contig_52, start=1318, stop=2124, strand=-, frame=1, truncated=no, start-type=ATG, RBS-motif=AGxAGG/AGGxGG
13:33:05.626 - INFO - CDS - contig=contig_52, start=7, stop=714, strand=-, nt=[ATGTTTAAAG..ATGGCAATAA]
13:33:05.626 - INFO - CDS - contig=contig_52, start=707, stop=1306, strand=-, nt=[ATGGACAAGC..CAATGTTTAA]
13:33:05.626 - INFO - CDS - contig=contig_52, start=1318, stop=2124, strand=-, nt=[ATGGACAAGC..AGTAGATTAG]
13:33:05.626 - INFO - CDS - contig=contig_53, start=198, stop=1793, strand=-, frame=3, truncated=no, start-type=ATG, RBS-motif=AGGAGG
13:33:05.626 - INFO - CDS - contig=contig_53, start=1862, stop=3280, strand=-, frame=1, truncated=no, start-type=ATG, RBS-motif=AGGAG
13:33:05.626 - INFO - CDS - contig=contig_53, start=3381, stop=3974, strand=+, frame=3, truncated=no, start-type=ATG, RBS-motif=GGAG/GAGG
13:33:05.626 - INFO - CDS - contig=contig_53, start=4017, stop=4445, strand=+, frame=3, truncated=no, start-type=ATG, RBS-motif=GGAG/GAGG
13:33:05.626 - INFO - CDS - contig=contig_53, start=4664, stop=5062, strand=+, frame=2, truncated=no, start-type=ATG, RBS-motif=GGA/GAG/AGG
13:33:05.626 - INFO - CDS - contig=contig_53, start=5264, stop=8236, strand=-, frame=1, truncated=no, start-type=ATG, RBS-motif=GGxGG
13:33:05.626 - INFO - CDS - contig=contig_53, start=8233, stop=8619, strand=-, frame=2, truncated=no, start-type=ATG, RBS-motif=GGA/GAG/AGG
13:33:05.626 - INFO - CDS - contig=contig_53, start=8693, stop=8989, strand=-, frame=1, truncated=no, start-type=ATG, RBS-motif=None
13:33:05.626 - INFO - CDS - contig=contig_53, start=198, stop=1793, strand=-, nt=[ATGCCTGTTA..TGAACCATAA]
13:33:05.627 - INFO - CDS - contig=contig_53, start=1862, stop=3280, strand=-, nt=[ATGCAGCCGG..CGGATCCTAA]
13:33:05.627 - INFO - CDS - contig=contig_53, start=3381, stop=3974, strand=+, nt=[ATGAAAAAAG..CGGCGTATAA]
13:33:05.627 - INFO - CDS - contig=contig_53, start=4017, stop=4445, strand=+, nt=[ATGCTGACAG..ATTCTTATAG]
13:33:05.627 - INFO - CDS - contig=contig_53, start=4664, stop=5062, strand=+, nt=[ATGGTGAAAT..CAAGTCATAG]
13:33:05.627 - INFO - CDS - contig=contig_53, start=5264, stop=8236, strand=-, nt=[ATGAGCGACC..CTATGAATAG]
13:33:05.627 - INFO - CDS - contig=contig_53, start=8233, stop=8619, strand=-, nt=[ATGGCAGCGG..AACGCCATGA]
13:33:05.627 - INFO - CDS - contig=contig_53, start=8693, stop=8989, strand=-, nt=[ATGAAACTGA..TGCTGGCTGA]
13:33:05.630 - INFO - CDS - contig=contig_54, start=67, stop=459, strand=+, frame=1, truncated=no, start-type=ATG, RBS-motif=GGA/GAG/AGG
13:33:05.630 - INFO - CDS - contig=contig_54, start=808, stop=1419, strand=-, frame=3, truncated=no, start-type=ATG, RBS-motif=GGA/GAG/AGG
13:33:05.630 - INFO - CDS - contig=contig_54, start=1759, stop=2439, strand=-, frame=3, truncated=no, start-type=ATG, RBS-motif=GGAG/GAGG
13:33:05.630 - INFO - CDS - contig=contig_54, start=2455, stop=3582, strand=-, frame=3, truncated=no, start-type=ATG, RBS-motif=GGA/GAG/AGG
13:33:05.630 - INFO - CDS - contig=contig_54, start=3612, stop=4304, strand=-, frame=1, truncated=no, start-type=ATG, RBS-motif=AGxAGG/AGGxGG
13:33:05.630 - INFO - CDS - contig=contig_54, start=4405, stop=4752, strand=-, frame=3, truncated=no, start-type=ATG, RBS-motif=AGGAG
13:33:05.630 - INFO - CDS - contig=contig_54, start=4765, stop=6501, strand=-, frame=3, truncated=no, start-type=TTG, RBS-motif=GGAG/GAGG
13:33:05.630 - INFO - CDS - contig=contig_54, start=67, stop=459, strand=+, nt=[ATGGATAACA..GGCCGCGTAA]
13:33:05.630 - INFO - CDS - contig=contig_54, start=808, stop=1419, strand=-, nt=[ATGAAACGAA..GTTCGATTGA]
13:33:05.630 - INFO - CDS - contig=contig_54, start=1759, stop=2439, strand=-, nt=[ATGGATCCAA..AGACCTATAG]
13:33:05.630 - INFO - CDS - contig=contig_54, start=2455, stop=3582, strand=-, nt=[ATGGAACAGG..CGTCCAATGA]
13:33:05.630 - INFO - CDS - contig=contig_54, start=3612, stop=4304, strand=-, nt=[ATGAAACGGA..GAAGGCATAA]
13:33:05.630 - INFO - CDS - contig=contig_54, start=4405, stop=4752, strand=-, nt=[ATGGCGAAGG..GCCGTTTTGA]
13:33:05.630 - INFO - CDS - contig=contig_54, start=4765, stop=6501, strand=-, nt=[TTGTATCAAG..CAAAGAATAA]
13:33:05.630 - INFO - CDS - contig=contig_55, start=529, stop=2928, strand=-, frame=2, truncated=no, start-type=ATG, RBS-motif=AGGAG
13:33:05.630 - INFO - CDS - contig=contig_55, start=2942, stop=4147, strand=-, frame=1, truncated=no, start-type=GTG, RBS-motif=AGxAGG/AGGxGG
13:33:05.631 - INFO - CDS - contig=contig_55, start=4144, stop=4839, strand=-, frame=2, truncated=no, start-type=ATG, RBS-motif=None
13:33:05.631 - INFO - CDS - contig=contig_55, start=4844, stop=6754, strand=-, frame=1, truncated=no, start-type=ATG, RBS-motif=AGGAGG
13:33:05.631 - INFO - CDS - contig=contig_55, start=529, stop=2928, strand=-, nt=[ATGAGAAAAC..CATCAAGTAA]
13:33:05.631 - INFO - CDS - contig=contig_55, start=2942, stop=4147, strand=-, nt=[GTGAATCTGA..TGCGGAATAA]
13:33:05.631 - INFO - CDS - contig=contig_55, start=4144, stop=4839, strand=-, nt=[ATGCTCATAG..CTTCCAGTGA]
13:33:05.631 - INFO - CDS - contig=contig_55, start=4844, stop=6754, strand=-, nt=[ATGACGCAAC..TTGGGGTTGA]
13:33:05.631 - INFO - CDS - contig=contig_56, start=188, stop=1474, strand=-, frame=1, truncated=no, start-type=ATG, RBS-motif=AGGAGG
13:33:05.631 - INFO - CDS - contig=contig_56, start=1474, stop=1980, strand=-, frame=2, truncated=no, start-type=ATG, RBS-motif=GGA/GAG/AGG
13:33:05.631 - INFO - CDS - contig=contig_56, start=2112, stop=3185, strand=-, frame=3, truncated=no, start-type=ATG, RBS-motif=GGA/GAG/AGG
13:33:05.631 - INFO - CDS - contig=contig_56, start=3257, stop=3598, strand=-, frame=1, truncated=no, start-type=ATG, RBS-motif=AGGAG
13:33:05.631 - INFO - CDS - contig=contig_56, start=4585, stop=5307, strand=+, frame=1, truncated=no, start-type=ATG, RBS-motif=AGGAGG
13:33:05.631 - INFO - CDS - contig=contig_56, start=5396, stop=6310, strand=+, frame=2, truncated=no, start-type=ATG, RBS-motif=GGAGG
13:33:05.631 - INFO - CDS - contig=contig_56, start=6539, stop=6835, strand=-, frame=1, truncated=no, start-type=ATG, RBS-motif=None
13:33:05.631 - INFO - CDS - contig=contig_56, start=188, stop=1474, strand=-, nt=[ATGGAATGTG..GATGGGCTAA]
13:33:05.631 - INFO - CDS - contig=contig_56, start=1474, stop=1980, strand=-, nt=[ATGTCCGTCG..CACGGAATAA]
13:33:05.631 - INFO - CDS - contig=contig_56, start=2112, stop=3185, strand=-, nt=[ATGAAAAAAG..TCTCCAGTAA]
13:33:05.631 - INFO - CDS - contig=contig_56, start=3257, stop=3598, strand=-, nt=[ATGGTCAAGC..CTACACCTAA]
13:33:05.632 - INFO - CDS - contig=contig_56, start=4585, stop=5307, strand=+, nt=[ATGGCAGTCG..CGCTGAGTAA]
13:33:05.632 - INFO - CDS - contig=contig_56, start=5396, stop=6310, strand=+, nt=[ATGGCAATCA..GGGCAAGTAA]
13:33:05.632 - INFO - CDS - contig=contig_56, start=6539, stop=6835, strand=-, nt=[ATGAAACTGA..TGCTGGCTGA]
13:33:05.633 - INFO - CDS - contig=contig_57, start=152, stop=493, strand=+, frame=2, truncated=no, start-type=ATG, RBS-motif=GGA/GAG/AGG
13:33:05.633 - INFO - CDS - contig=contig_57, start=543, stop=1370, strand=-, frame=2, truncated=no, start-type=ATG, RBS-motif=GGAG/GAGG
13:33:05.634 - INFO - CDS - contig=contig_57, start=1680, stop=2102, strand=+, frame=3, truncated=no, start-type=ATG, RBS-motif=GGAGG
13:33:05.634 - INFO - CDS - contig=contig_57, start=2434, stop=2646, strand=+, frame=1, truncated=no, start-type=ATG, RBS-motif=AGGAGG
13:33:05.634 - INFO - CDS - contig=contig_57, start=2719, stop=4323, strand=+, frame=1, truncated=no, start-type=ATG, RBS-motif=AGGA
13:33:05.634 - INFO - CDS - contig=contig_57, start=4604, stop=5932, strand=-, frame=3, truncated=no, start-type=TTG, RBS-motif=4Base/6BMM
13:33:05.634 - INFO - CDS - contig=contig_57, start=152, stop=493, strand=+, nt=[ATGGAGAACC..GGCAAAGTAA]
13:33:05.634 - INFO - CDS - contig=contig_57, start=543, stop=1370, strand=-, nt=[ATGGGGAATA..TAGATGGTAA]
13:33:05.634 - INFO - CDS - contig=contig_57, start=1680, stop=2102, strand=+, nt=[ATGGCTATTA..ATCTCTGTAA]
13:33:05.634 - INFO - CDS - contig=contig_57, start=2434, stop=2646, strand=+, nt=[ATGCCCCAAA..TGTACCTTGA]
13:33:05.634 - INFO - CDS - contig=contig_57, start=2719, stop=4323, strand=+, nt=[ATGAAAAATC..TGCCGCATAA]
13:33:05.634 - INFO - CDS - contig=contig_57, start=4604, stop=5932, strand=-, nt=[TTGAGATTTT..AGATGAATGA]
13:33:05.634 - INFO - CDS - contig=contig_58, start=40, stop=555, strand=+, frame=1, truncated=no, start-type=GTG, RBS-motif=None
13:33:05.634 - INFO - CDS - contig=contig_58, start=572, stop=967, strand=+, frame=2, truncated=no, start-type=GTG, RBS-motif=AGGAGG
13:33:05.634 - INFO - CDS - contig=contig_58, start=964, stop=1509, strand=+, frame=1, truncated=no, start-type=GTG, RBS-motif=GGAGG
13:33:05.634 - INFO - CDS - contig=contig_58, start=1662, stop=2207, strand=+, frame=3, truncated=no, start-type=ATG, RBS-motif=AGGAGG
13:33:05.634 - INFO - CDS - contig=contig_58, start=40, stop=555, strand=+, nt=[GTGTTTCTGG..ACTGTTCTAA]
13:33:05.634 - INFO - CDS - contig=contig_58, start=572, stop=967, strand=+, nt=[GTGAAACGAC..TTGGAAGTGA]
13:33:05.634 - INFO - CDS - contig=contig_58, start=964, stop=1509, strand=+, nt=[GTGAAGAAGA..CAGGTTTTAA]
13:33:05.634 - INFO - CDS - contig=contig_58, start=1662, stop=2207, strand=+, nt=[ATGAGTGCAA..CATGGGCTGA]
13:33:05.635 - INFO - CDS - contig=contig_60, start=383, stop=697, strand=+, frame=2, truncated=no, start-type=ATG, RBS-motif=AGGAG
13:33:05.635 - INFO - CDS - contig=contig_60, start=1146, stop=1703, strand=+, frame=3, truncated=no, start-type=TTG, RBS-motif=GGAG/GAGG
13:33:05.635 - INFO - CDS - contig=contig_60, start=1700, stop=2803, strand=+, frame=2, truncated=no, start-type=ATG, RBS-motif=AGGAGG
13:33:05.635 - INFO - CDS - contig=contig_60, start=383, stop=697, strand=+, nt=[ATGAAAACGA..TACGATTTAA]
13:33:05.635 - INFO - CDS - contig=contig_60, start=1146, stop=1703, strand=+, nt=[TTGGAGGACA..ATATTTATGA]
13:33:05.635 - INFO - CDS - contig=contig_60, start=1700, stop=2803, strand=+, nt=[ATGAATAGCA..GCCCCTTTGA]
13:33:05.636 - INFO - CDS - contig=contig_61, start=146, stop=2005, strand=+, frame=2, truncated=no, start-type=ATG, RBS-motif=AGxAGG/AGGxGG
13:33:05.636 - INFO - CDS - contig=contig_61, start=2011, stop=2838, strand=+, frame=1, truncated=no, start-type=ATG, RBS-motif=GGAG/GAGG
13:33:05.636 - INFO - CDS - contig=contig_61, start=146, stop=2005, strand=+, nt=[ATGAAGGTAA..AAGGGAGTGA]
13:33:05.636 - INFO - CDS - contig=contig_61, start=2011, stop=2838, strand=+, nt=[ATGTTAACTG..TTGTTGCTAA]
13:33:05.636 - INFO - CDS - contig=contig_62, start=86, stop=1117, strand=-, frame=2, truncated=no, start-type=ATG, RBS-motif=GGAGG
13:33:05.636 - INFO - CDS - contig=contig_62, start=1095, stop=1271, strand=-, frame=1, truncated=no, start-type=GTG, RBS-motif=AGxAGG/AGGxGG
13:33:05.636 - INFO - CDS - contig=contig_62, start=1256, stop=2080, strand=-, frame=2, truncated=no, start-type=TTG, RBS-motif=GGAGG
13:33:05.636 - INFO - CDS - contig=contig_62, start=2097, stop=2576, strand=-, frame=1, truncated=no, start-type=ATG, RBS-motif=AGGAGG
13:33:05.636 - INFO - CDS - contig=contig_62, start=2637, stop=2852, strand=-, frame=1, truncated=no, start-type=TTG, RBS-motif=None
13:33:05.636 - INFO - CDS - contig=contig_62, start=86, stop=1117, strand=-, nt=[ATGCTGTTGT..GCGCCTGTAA]
13:33:05.636 - INFO - CDS - contig=contig_62, start=1095, stop=1271, strand=-, nt=[GTGGGCGATC..TGACGAGTAA]
13:33:05.636 - INFO - CDS - contig=contig_62, start=1256, stop=2080, strand=-, nt=[TTGGCTGTTG..GATCTACTAA]
13:33:05.636 - INFO - CDS - contig=contig_62, start=2097, stop=2576, strand=-, nt=[ATGAATCATG..ACCGGACTGA]
13:33:05.636 - INFO - CDS - contig=contig_62, start=2637, stop=2852, strand=-, nt=[TTGGATATTC..CGGCCGGTAA]
13:33:05.637 - INFO - CDS - contig=contig_63, start=1037, stop=1960, strand=-, frame=2, truncated=no, start-type=ATG, RBS-motif=AGGAGG
13:33:05.637 - INFO - CDS - contig=contig_63, start=1947, stop=2705, strand=-, frame=1, truncated=no, start-type=ATG, RBS-motif=AGGAGG
13:33:05.637 - INFO - CDS - contig=contig_63, start=1037, stop=1960, strand=-, nt=[ATGCTCAGCC..CCATCCCTGA]
13:33:05.637 - INFO - CDS - contig=contig_63, start=1947, stop=2705, strand=-, nt=[ATGTTCGTGC..TCAGCCTTGA]
13:33:05.638 - INFO - CDS - contig=contig_64, start=352, stop=1170, strand=-, frame=2, truncated=no, start-type=ATG, RBS-motif=AGGAG
13:33:05.638 - INFO - CDS - contig=contig_64, start=1410, stop=2336, strand=-, frame=3, truncated=no, start-type=TTG, RBS-motif=AGGAGG
13:33:05.638 - INFO - CDS - contig=contig_64, start=2338, stop=2637, strand=-, frame=2, truncated=no, start-type=ATG, RBS-motif=AGGAGG
13:33:05.638 - INFO - CDS - contig=contig_64, start=352, stop=1170, strand=-, nt=[ATGGCAAAAC..CCGGTCCTGA]
13:33:05.638 - INFO - CDS - contig=contig_64, start=1410, stop=2336, strand=-, nt=[TTGGCAAAAC..GCAACTGTAA]
13:33:05.638 - INFO - CDS - contig=contig_64, start=2338, stop=2637, strand=-, nt=[ATGTACGACT..AGGCGATTGA]
13:33:05.638 - INFO - CDS - contig=contig_65, start=145, stop=1263, strand=+, frame=1, truncated=no, start-type=ATG, RBS-motif=GGAGG
13:33:05.638 - INFO - CDS - contig=contig_65, start=1530, stop=2123, strand=+, frame=3, truncated=no, start-type=ATG, RBS-motif=AGGAGG
13:33:05.638 - INFO - CDS - contig=contig_65, start=2515, stop=2643, strand=-, frame=2, truncated=no, start-type=ATG, RBS-motif=GGAGG
13:33:05.638 - INFO - CDS - contig=contig_65, start=145, stop=1263, strand=+, nt=[ATGAAAAACA..CTCCCTGTAG]
13:33:05.638 - INFO - CDS - contig=contig_65, start=1530, stop=2123, strand=+, nt=[ATGAAACACA..GGGGGAATGA]
13:33:05.638 - INFO - CDS - contig=contig_65, start=2515, stop=2643, strand=-, nt=[ATGTACTCCA..CCTGAAGTAA]
13:33:05.638 - INFO - CDS - contig=contig_66, start=446, stop=946, strand=-, frame=1, truncated=no, start-type=TTG, RBS-motif=None
13:33:05.638 - INFO - CDS - contig=contig_66, start=943, stop=2091, strand=-, frame=2, truncated=no, start-type=TTG, RBS-motif=AGGAG
13:33:05.639 - INFO - CDS - contig=contig_66, start=446, stop=946, strand=-, nt=[TTGACCCAAA..ATTGAGGTGA]
13:33:05.639 - INFO - CDS - contig=contig_66, start=943, stop=2091, strand=-, nt=[TTGGAAAATC..AGACACTTGA]
13:33:05.639 - INFO - CDS - contig=contig_67, start=117, stop=467, strand=-, frame=3, truncated=no, start-type=ATG, RBS-motif=AGGAG
13:33:05.639 - INFO - CDS - contig=contig_67, start=675, stop=1886, strand=-, frame=3, truncated=no, start-type=ATG, RBS-motif=GGAGG
13:33:05.639 - INFO - CDS - contig=contig_67, start=117, stop=467, strand=-, nt=[ATGATAGAAG..TGCGAAATAA]
13:33:05.639 - INFO - CDS - contig=contig_67, start=675, stop=1886, strand=-, nt=[ATGATTGATA..GGAGTATTGA]
13:33:05.640 - INFO - CDS - contig=contig_68, start=61, stop=759, strand=+, frame=1, truncated=no, start-type=TTG, RBS-motif=GGAG/GAGG
13:33:05.640 - INFO - CDS - contig=contig_68, start=762, stop=1727, strand=+, frame=3, truncated=no, start-type=ATG, RBS-motif=GGA/GAG/AGG
13:33:05.640 - INFO - CDS - contig=contig_68, start=61, stop=759, strand=+, nt=[TTGCTTTTGC..TGTTGTCTAA]
13:33:05.640 - INFO - CDS - contig=contig_68, start=762, stop=1727, strand=+, nt=[ATGAAGCACA..TCATTGTTAG]
13:33:05.640 - INFO - CDS - contig=contig_69, start=267, stop=821, strand=+, frame=3, truncated=no, start-type=ATG, RBS-motif=GGAGG
13:33:05.640 - INFO - CDS - contig=contig_69, start=871, stop=1620, strand=+, frame=1, truncated=no, start-type=TTG, RBS-motif=None
13:33:05.640 - INFO - CDS - contig=contig_69, start=267, stop=821, strand=+, nt=[ATGAACTCTG..TTTTCGATAA]
13:33:05.640 - INFO - CDS - contig=contig_69, start=871, stop=1620, strand=+, nt=[TTGTTGGACA..ACAGATCTGA]
13:33:05.640 - INFO - CDS - contig=contig_70, start=336, stop=818, strand=+, frame=3, truncated=no, start-type=TTG, RBS-motif=GGAGG
13:33:05.640 - INFO - CDS - contig=contig_70, start=336, stop=818, strand=+, nt=[TTGAAGGAAT..TGATTTATAA]
13:33:05.640 - INFO - CDS - contig=contig_71, start=120, stop=482, strand=-, frame=2, truncated=no, start-type=ATG, RBS-motif=GGAGG
13:33:05.641 - INFO - CDS - contig=contig_71, start=479, stop=916, strand=-, frame=3, truncated=no, start-type=ATG, RBS-motif=AGGAG
13:33:05.641 - INFO - CDS - contig=contig_71, start=934, stop=1308, strand=-, frame=1, truncated=no, start-type=ATG, RBS-motif=None
13:33:05.641 - INFO - CDS - contig=contig_71, start=120, stop=482, strand=-, nt=[ATGAGCAAAA..GGAACTATAA]
13:33:05.641 - INFO - CDS - contig=contig_71, start=479, stop=916, strand=-, nt=[ATGAACGACA..AGGCCGATGA]
13:33:05.641 - INFO - CDS - contig=contig_71, start=934, stop=1308, strand=-, nt=[ATGAAATCAG..CAATCCGTAA]
13:33:05.641 - INFO - CDS - contig=contig_72, start=479, stop=916, strand=-, frame=3, truncated=no, start-type=ATG, RBS-motif=AGGAG
13:33:05.641 - INFO - CDS - contig=contig_72, start=934, stop=1308, strand=-, frame=1, truncated=no, start-type=ATG, RBS-motif=None
13:33:05.641 - INFO - CDS - contig=contig_72, start=479, stop=916, strand=-, nt=[ATGAACGACA..AAGCCGATGA]
13:33:05.641 - INFO - CDS - contig=contig_72, start=934, stop=1308, strand=-, nt=[ATGAAATCAG..CAATCCGTAA]
13:33:05.641 - INFO - CDS - contig=contig_74, start=243, stop=1085, strand=+, frame=3, truncated=no, start-type=ATG, RBS-motif=AGGAGG
13:33:05.641 - INFO - CDS - contig=contig_74, start=243, stop=1085, strand=+, nt=[ATGACAGAAG..CCAAAAGTGA]
13:33:05.642 - INFO - CDS - contig=contig_76, start=412, stop=663, strand=-, frame=2, truncated=no, start-type=ATG, RBS-motif=4Base/6BMM
13:33:05.642 - INFO - CDS - contig=contig_76, start=412, stop=663, strand=-, nt=[ATGACGTTTT..GATGATTTGA]
13:33:05.642 - INFO - CDS - contig=contig_77, start=502, stop=1050, strand=-, frame=3, truncated=no, start-type=ATG, RBS-motif=GGA/GAG/AGG
13:33:05.642 - INFO - CDS - contig=contig_77, start=502, stop=1050, strand=-, nt=[ATGGGGACGG..TGCGGAATGA]
13:33:05.642 - INFO - CDS - contig=contig_79, start=62, stop=487, strand=-, frame=3, truncated=no, start-type=TTG, RBS-motif=GGA/GAG/AGG
13:33:05.642 - INFO - CDS - contig=contig_79, start=62, stop=487, strand=-, nt=[TTGTACTTAT..TGCTGCTTGA]
13:33:05.643 - INFO - CDS - contig=contig_80, start=61, stop=855, strand=-, frame=1, truncated=no, start-type=ATG, RBS-motif=None
13:33:05.643 - INFO - CDS - contig=contig_80, start=61, stop=855, strand=-, nt=[ATGTGCGCGT..CTCCACATAA]
13:33:05.643 - INFO - CDS - contig=contig_82, start=254, stop=538, strand=-, frame=2, truncated=no, start-type=ATG, RBS-motif=None
13:33:05.643 - INFO - CDS - contig=contig_82, start=254, stop=538, strand=-, nt=[ATGATCCTTC..CCTTGCCTGA]
13:33:05.643 - INFO - CDS - contig=contig_83, start=373, stop=615, strand=+, frame=1, truncated=no, start-type=ATG, RBS-motif=AGGAGG
13:33:05.643 - INFO - CDS - contig=contig_83, start=373, stop=615, strand=+, nt=[ATGTATGAAA..TGCGGAGTAG]
13:33:05.643 - INFO - CDS - contig=contig_84, start=436, stop=828, strand=+, frame=1, truncated=no, start-type=TTG, RBS-motif=AGxAGG/AGGxGG
13:33:05.643 - INFO - CDS - contig=contig_84, start=436, stop=828, strand=+, nt=[TTGACCACGA..GTTACTTTGA]
13:33:05.644 - INFO - CDS - contig=contig_85, start=116, stop=736, strand=-, frame=2, truncated=no, start-type=GTG, RBS-motif=None
13:33:05.644 - INFO - CDS - contig=contig_85, start=116, stop=736, strand=-, nt=[GTGAAGCGGT..TGGAGGATAG]
13:33:05.644 - INFO - CDS - contig=contig_89, start=10, stop=294, strand=+, frame=1, truncated=no, start-type=ATG, RBS-motif=None
13:33:05.644 - INFO - CDS - contig=contig_89, start=287, stop=655, strand=+, frame=2, truncated=no, start-type=ATG, RBS-motif=GGAGG
13:33:05.644 - INFO - CDS - contig=contig_89, start=10, stop=294, strand=+, nt=[ATGAGCAGCA..GTATGCGTGA]
13:33:05.644 - INFO - CDS - contig=contig_89, start=287, stop=655, strand=+, nt=[ATGCGTGATG..GGAAAGATAG]
13:33:05.644 - INFO - CDS - contig=contig_90, start=10, stop=294, strand=+, frame=1, truncated=no, start-type=ATG, RBS-motif=None
13:33:05.645 - INFO - CDS - contig=contig_90, start=287, stop=655, strand=+, frame=2, truncated=no, start-type=ATG, RBS-motif=GGAGG
13:33:05.645 - INFO - CDS - contig=contig_90, start=10, stop=294, strand=+, nt=[ATGAGCAGCA..GTATGCGTGA]
13:33:05.645 - INFO - CDS - contig=contig_90, start=287, stop=655, strand=+, nt=[ATGCGTGATG..GGAAAGATAG]
13:33:05.645 - INFO - CDS - contig=contig_96, start=25, stop=246, strand=-, frame=3, truncated=no, start-type=ATG, RBS-motif=GGA/GAG/AGG
13:33:05.645 - INFO - CDS - contig=contig_96, start=248, stop=442, strand=-, frame=2, truncated=no, start-type=ATG, RBS-motif=AGGAG
13:33:05.645 - INFO - CDS - contig=contig_96, start=25, stop=246, strand=-, nt=[ATGACAACAA..GCACGTATGA]
13:33:05.646 - INFO - CDS - contig=contig_96, start=248, stop=442, strand=-, nt=[ATGTCAATCC..GGATGAGTGA]
13:33:05.646 - INFO - CDS - contig=contig_97, start=25, stop=246, strand=-, frame=3, truncated=no, start-type=ATG, RBS-motif=GGA/GAG/AGG
13:33:05.646 - INFO - CDS - contig=contig_97, start=248, stop=442, strand=-, frame=2, truncated=no, start-type=ATG, RBS-motif=AGGAG
13:33:05.646 - INFO - CDS - contig=contig_97, start=25, stop=246, strand=-, nt=[ATGACAACAA..GCACGTATGA]
13:33:05.646 - INFO - CDS - contig=contig_97, start=248, stop=442, strand=-, nt=[ATGTCAATCC..GGATGAGTGA]
13:33:05.646 - INFO - CDS - contig=contig_98, start=117, stop=464, strand=-, frame=3, truncated=no, start-type=ATG, RBS-motif=AGGAG
13:33:05.646 - INFO - CDS - contig=contig_98, start=117, stop=464, strand=-, nt=[ATGACTGCGA..TGCGAAGTAA]
13:33:05.646 - INFO - CDS - contig=contig_103, start=305, stop=583, strand=-, frame=3, truncated=no, start-type=ATG, RBS-motif=None
13:33:05.646 - INFO - CDS - contig=contig_103, start=305, stop=583, strand=-, nt=[ATGTGGTCTC..CAACCACTAA]
13:33:05.647 - INFO - CDS - contig=contig_104, start=305, stop=583, strand=-, frame=3, truncated=no, start-type=ATG, RBS-motif=None
13:33:05.647 - INFO - CDS - contig=contig_104, start=305, stop=583, strand=-, nt=[ATGTGGTCTC..CAACCACTGA]
13:33:05.648 - INFO - CDS - predicted=3256
13:33:06.988 - INFO - ORF - discarded=0
13:33:34.323 - INFO - UPS - looked-up=2992
13:33:36.599 - INFO - IPS - looked-up=2992
13:33:36.603 - INFO - ORF - write internal aa seqs: # seqs=264, path=/tmp/slurm-687207/tmp6953v1_h/cds.psc.faa
13:42:57.468 - INFO - PSC - found: PSC=151, PSCC=42
13:43:00.713 - INFO - PSC - looked-up=3176
13:43:03.201 - INFO - PSCC - looked-up=3085
13:43:03.204 - INFO - ORF - write internal aa seqs: # seqs=3256, path=/tmp/slurm-687207/tmp6953v1_h/cds.expert.faa
13:43:31.779 - INFO - EXPERT-AMRFINDER - found=4
13:43:41.105 - INFO - EXPERT_AA_SEQ - found=1
13:43:41.105 - INFO - ANNOTATION - fix product: replace Homolog. new=Stage 0 sporulation  A-like protein, old=Stage 0 sporulation protein A homolog
13:43:41.105 - INFO - ANNOTATION - fix product: revise whitespaces. new=Stage 0 sporulation A-like protein, old=Stage 0 sporulation  A-like protein
13:43:41.106 - INFO - ANNOTATION - fix product: replace Homolog. new=Rqc2-like protein RqcH, old=Rqc2 homolog RqcH
13:43:41.106 - INFO - ANNOTATION - fix gene: extract symbol from protein name. symbol=rqcH
13:43:41.106 - INFO - ANNOTATION - fix gene: extract symbol from protein name. symbol=ypeB
13:43:41.106 - INFO - ANNOTATION - fix gene: extract symbol from protein name. symbol=rraA
13:43:41.106 - INFO - ANNOTATION - fix gene: extract symbol from protein name. symbol=rraA
13:43:41.106 - INFO - ANNOTATION - fix gene: extract symbol from protein name. symbol=rraA
13:43:41.106 - INFO - ANNOTATION - fix gene: extract symbol from protein name. symbol=ubiX
13:43:41.106 - INFO - ANNOTATION - fix gene: extract symbol from protein name. symbol=gntR
13:43:41.106 - INFO - ANNOTATION - fix gene: extract symbol from protein name. symbol=ugpC
13:43:41.107 - INFO - ANNOTATION - fix gene: extract symbol from protein name. symbol=plsX
13:43:41.107 - INFO - ANNOTATION - marked as hypothetical: contig=contig_1, start=43526, stop=43726, strand=+
13:43:41.107 - INFO - ANNOTATION - fix gene: extract symbol from protein name. symbol=dprA
13:43:41.107 - INFO - ANNOTATION - fix gene: extract symbol from protein name. symbol=trkA
13:43:41.107 - INFO - ANNOTATION - fix gene: extract symbol from protein name. symbol=trkH
13:43:41.107 - INFO - ANNOTATION - marked as hypothetical: contig=contig_1, start=51859, stop=51978, strand=-
13:43:41.107 - INFO - ANNOTATION - fix gene: extract symbol from protein name. symbol=marR
13:43:41.107 - INFO - ANNOTATION - marked as hypothetical: contig=contig_1, start=53492, stop=54043, strand=+
13:43:41.107 - INFO - ANNOTATION - fix gene: extract symbol from protein name. symbol=trbL
13:43:41.107 - INFO - ANNOTATION - fix gene: extract symbol from protein name. symbol=traG
13:43:41.107 - INFO - ANNOTATION - fix gene: extract symbol from protein name. symbol=virB4
13:43:41.107 - INFO - ANNOTATION - fix gene: lowercase first char. new=virB4, old=VirB4
13:43:41.107 - INFO - ANNOTATION - fix gene: lowercase first char. new=virB4, old=VirB4
13:43:41.107 - INFO - ANNOTATION - fix product: revise DUF. new=DUF5697 domain-containing protein, old=Family of unknown function (DUF5697)
13:43:41.107 - INFO - ANNOTATION - fix product: revise DUF. new=DUF6100 domain-containing protein, old=Family of unknown function (DUF6100)
13:43:41.107 - INFO - ANNOTATION - fix gene: extract symbol from protein name. symbol=sseB
13:43:41.108 - INFO - ANNOTATION - fix gene: extract symbol from protein name. symbol=virD4
13:43:41.108 - INFO - ANNOTATION - fix gene: lowercase first char. new=virD4, old=VirD4
13:43:41.108 - INFO - ANNOTATION - fix gene: lowercase first char. new=virD4, old=VirD4
13:43:41.108 - INFO - ANNOTATION - fix product: revise DUF. new=DUF4320 domain-containing protein, old=DUF4320 family protein
13:43:41.108 - INFO - ANNOTATION - fix gene: extract symbol from protein name. symbol=cpaB
13:43:41.108 - INFO - ANNOTATION - fix gene: lowercase first char. new=mrp, old=Mrp
13:43:41.108 - INFO - ANNOTATION - fix gene: lowercase first char. new=mrp, old=Mrp
13:43:41.108 - INFO - ANNOTATION - fix gene: extract symbol from protein name. symbol=tadB
13:43:41.108 - INFO - ANNOTATION - marked as hypothetical: contig=contig_1, start=78005, stop=78151, strand=+
13:43:41.108 - INFO - ANNOTATION - marked as hypothetical: contig=contig_1, start=78508, stop=78855, strand=+
13:43:41.108 - INFO - ANNOTATION - fix gene: extract symbol from protein name. symbol=ftsK
13:43:41.108 - INFO - ANNOTATION - marked as hypothetical: contig=contig_1, start=84666, stop=85511, strand=+
13:43:41.109 - INFO - ANNOTATION - marked as hypothetical: contig=contig_1, start=87416, stop=87859, strand=+
13:43:41.109 - INFO - ANNOTATION - fix product: revise DUF. new=DUF6809 domain-containing protein, old=Family of unknown function (DUF6809)
13:43:41.109 - INFO - ANNOTATION - marked as hypothetical: contig=contig_1, start=88911, stop=89573, strand=+
13:43:41.109 - INFO - ANNOTATION - marked as hypothetical: contig=contig_1, start=89533, stop=89712, strand=+
13:43:41.109 - INFO - ANNOTATION - fix gene: extract symbol from protein name. symbol=soxS
13:43:41.109 - INFO - ANNOTATION - fix gene: extract symbol from protein name. symbol=ccmA
13:43:41.109 - INFO - ANNOTATION - fix gene: extract symbol from protein name. symbol=cseB
13:43:41.109 - INFO - ANNOTATION - fix gene: extract symbol from protein name. symbol=vbhA
13:43:41.109 - INFO - ANNOTATION - fix gene: extract symbol from protein name. symbol=ccmA
13:43:41.109 - INFO - ANNOTATION - fix gene: extract symbol from protein name. symbol=abrB
13:43:41.110 - INFO - ANNOTATION - fix gene: extract symbol from protein name. symbol=msbA
13:43:41.110 - INFO - ANNOTATION - fix gene: extract symbol from protein name. symbol=ccmA
13:43:41.110 - INFO - ANNOTATION - fix gene: extract symbol from protein name. symbol=ecfT
13:43:41.110 - INFO - ANNOTATION - fix gene: extract symbol from protein name. symbol=rhaS
13:43:41.110 - INFO - ANNOTATION - fix gene: extract symbol from protein name. symbol=ccmA
13:43:41.110 - INFO - ANNOTATION - fix gene: extract symbol from protein name. symbol=ecfT
13:43:41.110 - INFO - ANNOTATION - fix gene: extract symbol from protein name. symbol=yvdT
13:43:41.110 - INFO - ANNOTATION - fix gene: extract symbol from protein name. symbol=ttgW
13:43:41.110 - INFO - ANNOTATION - fix gene: extract symbol from protein name. symbol=msbA
13:43:41.111 - INFO - ANNOTATION - marked as hypothetical: contig=contig_1, start=140367, stop=140510, strand=+
13:43:41.111 - INFO - ANNOTATION - fix gene: extract symbol from protein name. symbol=araC
13:43:41.111 - INFO - ANNOTATION - fix gene: extract symbol from protein name. symbol=phoB
13:43:41.111 - INFO - ANNOTATION - fix gene: extract symbol from protein name. symbol=ecfT
13:43:41.111 - INFO - ANNOTATION - fix product: replace domain name underscores. new=Trep-Strep domain-containing protein, old=Trep_Strep domain-containing protein
13:43:41.111 - INFO - ANNOTATION - fix gene: extract symbol from protein name. symbol=irtA
13:43:41.111 - INFO - ANNOTATION - fix product: revise DUF. new=DUF1273 domain-containing protein, old=DUF1273 family protein
13:43:41.111 - INFO - ANNOTATION - fix gene: extract symbol from protein name. symbol=parR
13:43:41.111 - INFO - ANNOTATION - marked as hypothetical: contig=contig_1, start=162454, stop=162678, strand=-
13:43:41.111 - INFO - ANNOTATION - fix gene: extract symbol from protein name. symbol=ligA
13:43:41.111 - INFO - ANNOTATION - marked as hypothetical: contig=contig_1, start=164773, stop=165093, strand=-
13:43:41.111 - INFO - ANNOTATION - marked as hypothetical: contig=contig_1, start=165328, stop=165810, strand=-
13:43:41.112 - INFO - ANNOTATION - marked as hypothetical: contig=contig_1, start=169664, stop=169927, strand=-
13:43:41.112 - INFO - ANNOTATION - marked as hypothetical: contig=contig_1, start=171741, stop=172760, strand=-
13:43:41.112 - INFO - ANNOTATION - fix gene: extract symbol from protein name. symbol=greA
13:43:41.112 - INFO - ANNOTATION - marked as hypothetical: contig=contig_1, start=180902, stop=181612, strand=-
13:43:41.112 - INFO - ANNOTATION - fix gene: extract symbol from protein name. symbol=merR
13:43:41.112 - INFO - ANNOTATION - fix gene: extract symbol from protein name. symbol=ftsX
13:43:41.112 - INFO - ANNOTATION - fix gene: extract symbol from protein name. symbol=ftsE
13:43:41.112 - INFO - ANNOTATION - fix gene: extract symbol from protein name. symbol=yfcC
13:43:41.113 - INFO - ANNOTATION - fix gene: extract symbol from protein name. symbol=traL
13:43:41.113 - INFO - ANNOTATION - fix gene: extract symbol from protein name. symbol=rusA
13:43:41.113 - INFO - ANNOTATION - fix gene: extract symbol from protein name. symbol=gtrA
13:43:41.113 - INFO - ANNOTATION - fix gene: extract symbol from protein name. symbol=rimO
13:43:41.113 - INFO - ANNOTATION - fix gene: extract symbol from protein name. symbol=recX
13:43:41.113 - INFO - ANNOTATION - fix gene: extract symbol from protein name. symbol=recA
13:43:41.113 - INFO - ANNOTATION - fix gene: extract symbol from protein name. symbol=ompR
13:43:41.113 - INFO - ANNOTATION - fix gene: lowercase first char. new=ompR, old=OmpR
13:43:41.113 - INFO - ANNOTATION - fix gene: lowercase first char. new=ompR, old=OmpR
13:43:41.114 - INFO - ANNOTATION - marked as hypothetical: contig=contig_1, start=244204, stop=244332, strand=+
13:43:41.114 - INFO - ANNOTATION - marked as hypothetical: contig=contig_1, start=244502, stop=244678, strand=+
13:43:41.114 - INFO - ANNOTATION - fix gene: extract symbol from protein name. symbol=xhlA
13:43:41.114 - INFO - ANNOTATION - marked as hypothetical: contig=contig_1, start=246274, stop=246654, strand=-
13:43:41.114 - INFO - ANNOTATION - marked as hypothetical: contig=contig_1, start=253415, stop=253720, strand=-
13:43:41.114 - INFO - ANNOTATION - fix gene: extract symbol from protein name. symbol=marR
13:43:41.115 - INFO - ANNOTATION - fix gene: extract symbol from protein name. symbol=ftsZ
13:43:41.115 - INFO - ANNOTATION - fix gene: extract symbol from protein name. symbol=ftsW
13:43:41.115 - INFO - ANNOTATION - fix gene: extract symbol from protein name. symbol=ftsL
13:43:41.115 - INFO - ANNOTATION - fix gene: extract symbol from protein name. symbol=rsmH
13:43:41.115 - INFO - ANNOTATION - fix gene: extract symbol from protein name. symbol=mraZ
13:43:41.115 - INFO - ANNOTATION - fix gene: extract symbol from protein name. symbol=rsmD
13:43:41.115 - INFO - ANNOTATION - fix gene: extract symbol from protein name. symbol=uvrC
13:43:41.115 - INFO - ANNOTATION - fix gene: extract symbol from protein name. symbol=vanW
13:43:41.115 - INFO - ANNOTATION - fix gene: lowercase first char. new=ptsH, old=PtsH
13:43:41.115 - INFO - ANNOTATION - fix gene: lowercase first char. new=ptsH, old=PtsH
13:43:41.115 - INFO - ANNOTATION - fix gene: extract symbol from protein name. symbol=mutS2
13:43:41.116 - INFO - ANNOTATION - fix gene: extract symbol from protein name. symbol=phzF
13:43:41.116 - INFO - ANNOTATION - fix gene: extract symbol from protein name. symbol=recO
13:43:41.116 - INFO - ANNOTATION - marked as hypothetical: contig=contig_1, start=315002, stop=315118, strand=-
13:43:41.116 - INFO - ANNOTATION - fix gene: extract symbol from protein name. symbol=ybeY
13:43:41.116 - INFO - ANNOTATION - fix gene: extract symbol from protein name. symbol=phoH
13:43:41.116 - INFO - ANNOTATION - fix gene: extract symbol from protein name. symbol=yqfD
13:43:41.116 - INFO - ANNOTATION - fix gene: lowercase first char. new=mreB, old=MreB
13:43:41.116 - INFO - ANNOTATION - fix gene: lowercase first char. new=mreB, old=MreB
13:43:41.116 - INFO - ANNOTATION - fix gene: extract symbol from protein name. symbol=comF
13:43:41.116 - INFO - ANNOTATION - marked as hypothetical: contig=contig_1, start=327179, stop=327511, strand=-
13:43:41.116 - INFO - ANNOTATION - fix gene: lowercase first char. new=pyrE, old=PyrE
13:43:41.116 - INFO - ANNOTATION - fix gene: lowercase first char. new=pyrE, old=PyrE
13:43:41.116 - INFO - ANNOTATION - fix gene: extract symbol from protein name. symbol=radC
13:43:41.116 - INFO - ANNOTATION - fix gene: extract symbol from protein name. symbol=uvrB
13:43:41.116 - INFO - ANNOTATION - fix gene: extract symbol from protein name. symbol=uvrA
13:43:41.117 - INFO - ANNOTATION - fix gene: extract symbol from protein name. symbol=ecfT
13:43:41.117 - INFO - ANNOTATION - fix gene: extract symbol from protein name. symbol=truA
13:43:41.117 - INFO - ANNOTATION - fix gene: extract symbol from protein name. symbol=cvpA
13:43:41.117 - INFO - ANNOTATION - fix product: replace putative synonyms. new=putative molybdenum cofactor guanylyltransferase, old=Probable molybdenum cofactor guanylyltransferase
13:43:41.117 - INFO - ANNOTATION - fix gene: extract symbol from protein name. symbol=glgB
13:43:41.117 - INFO - ANNOTATION - fix gene: extract symbol from protein name. symbol=glgD
13:43:41.117 - INFO - ANNOTATION - fix gene: extract symbol from protein name. symbol=glgA
13:43:41.117 - INFO - ANNOTATION - fix gene: extract symbol from protein name. symbol=cstA
13:43:41.117 - INFO - ANNOTATION - fix gene: lowercase first char. new=cstA, old=CstA
13:43:41.117 - INFO - ANNOTATION - fix gene: lowercase first char. new=cstA, old=CstA
13:43:41.118 - INFO - ANNOTATION - fix gene: extract symbol from protein name. symbol=lysE
13:43:41.118 - INFO - ANNOTATION - marked as hypothetical: contig=contig_2, start=17257, stop=17511, strand=+
13:43:41.118 - INFO - ANNOTATION - fix gene: extract symbol from protein name. symbol=lysR
13:43:41.118 - INFO - ANNOTATION - fix gene: extract symbol from protein name. symbol=cvpA
13:43:41.118 - INFO - ANNOTATION - marked as hypothetical: contig=contig_2, start=31812, stop=32117, strand=+
13:43:41.118 - INFO - ANNOTATION - fix gene: extract symbol from protein name. symbol=lysR
13:43:41.118 - INFO - ANNOTATION - fix gene: extract symbol from protein name. symbol=glpK
13:43:41.119 - INFO - ANNOTATION - fix gene: extract symbol from protein name. symbol=gntR
13:43:41.119 - INFO - ANNOTATION - fix gene: extract symbol from protein name. symbol=gntR
13:43:41.119 - INFO - ANNOTATION - fix gene: lowercase first char. new=porG, old=PorG
13:43:41.119 - INFO - ANNOTATION - fix gene: lowercase first char. new=porG, old=PorG
13:43:41.119 - INFO - ANNOTATION - fix gene: lowercase first char. new=porB, old=PorB
13:43:41.119 - INFO - ANNOTATION - fix gene: lowercase first char. new=porB, old=PorB
13:43:41.119 - INFO - ANNOTATION - fix gene: lowercase first char. new=porA, old=PorA
13:43:41.119 - INFO - ANNOTATION - fix gene: lowercase first char. new=porA, old=PorA
13:43:41.119 - INFO - ANNOTATION - marked as hypothetical: contig=contig_2, start=62124, stop=62288, strand=-
13:43:41.119 - INFO - ANNOTATION - fix gene: extract symbol from protein name. symbol=folD
13:43:41.119 - INFO - ANNOTATION - fix gene: extract symbol from protein name. symbol=ytxH
13:43:41.119 - INFO - ANNOTATION - fix product: revise DUF. new=DUF6054 domain-containing protein, old=Family of unknown function (DUF6054)
13:43:41.120 - INFO - ANNOTATION - fix product: revise DUF. new=DUF6054 domain-containing protein, old=Family of unknown function (DUF6054)
13:43:41.120 - INFO - ANNOTATION - fix gene: extract symbol from protein name. symbol=ygiQ
13:43:41.120 - INFO - ANNOTATION - fix gene: extract symbol from protein name. symbol=vanG
13:43:41.120 - INFO - ANNOTATION - fix gene: lowercase first char. new=yotD, old=YotD
13:43:41.120 - INFO - ANNOTATION - fix gene: lowercase first char. new=yotD, old=YotD
13:43:41.120 - INFO - ANNOTATION - fix gene: extract symbol from protein name. symbol=nusB
13:43:41.120 - INFO - ANNOTATION - fix gene: extract symbol from protein name. symbol=tlyA
13:43:41.120 - INFO - ANNOTATION - fix gene: extract symbol from protein name. symbol=recN
13:43:41.120 - INFO - ANNOTATION - marked as hypothetical: contig=contig_2, start=99538, stop=99765, strand=+
13:43:41.120 - INFO - ANNOTATION - fix product: replace Homolog. new=Stage 0 sporulation  A-like protein, old=Stage 0 sporulation protein A homolog
13:43:41.120 - INFO - ANNOTATION - fix product: revise whitespaces. new=Stage 0 sporulation A-like protein, old=Stage 0 sporulation  A-like protein
13:43:41.121 - INFO - ANNOTATION - marked as hypothetical: contig=contig_2, start=123287, stop=123829, strand=+
13:43:41.121 - INFO - ANNOTATION - fix gene: extract symbol from protein name. symbol=xerC
13:43:41.121 - INFO - ANNOTATION - fix gene: extract symbol from protein name. symbol=radA
13:43:41.121 - INFO - ANNOTATION - fix gene: extract symbol from protein name. symbol=ligA
13:43:41.121 - INFO - ANNOTATION - fix gene: extract symbol from protein name. symbol=vanZ
13:43:41.121 - INFO - ANNOTATION - fix gene: extract symbol from protein name. symbol=yunB
13:43:41.121 - INFO - ANNOTATION - fix gene: lowercase first char. new=tACO1, old=TACO1
13:43:41.122 - INFO - ANNOTATION - fix gene: lowercase first char. new=tACO1, old=TACO1
13:43:41.122 - INFO - ANNOTATION - fix product: replace putative synonyms. new=putative zinc-binding domain-containing protein, old=Probable zinc-binding domain-containing protein
13:43:41.122 - INFO - ANNOTATION - fix gene: extract symbol from protein name. symbol=sigS
13:43:41.122 - INFO - ANNOTATION - fix gene: extract symbol from protein name. symbol=ruvB
13:43:41.122 - INFO - ANNOTATION - fix gene: extract symbol from protein name. symbol=ruvA
13:43:41.122 - INFO - ANNOTATION - fix gene: extract symbol from protein name. symbol=ruvC
13:43:41.122 - INFO - ANNOTATION - fix gene: extract symbol from protein name. symbol=xerD
13:43:41.122 - INFO - ANNOTATION - fix gene: extract symbol from protein name. symbol=yajC
13:43:41.122 - INFO - ANNOTATION - fix gene: extract symbol from protein name. symbol=queA
13:43:41.123 - INFO - ANNOTATION - fix gene: extract symbol from protein name. symbol=mnmA
13:43:41.123 - INFO - ANNOTATION - marked as hypothetical: contig=contig_2, start=173456, stop=173629, strand=-
13:43:41.123 - INFO - ANNOTATION - fix gene: extract symbol from protein name. symbol=rlmN
13:43:41.123 - INFO - ANNOTATION - fix gene: extract symbol from protein name. symbol=rsmB
13:43:41.123 - INFO - ANNOTATION - fix product: revise DUF. new=DUF370 domain-containing protein, old=Regulator of extracellular matrix RemA, YlzA/DUF370 family
13:43:41.123 - INFO - ANNOTATION - fix gene: lowercase first char. new=remA, old=RemA
13:43:41.123 - INFO - ANNOTATION - fix gene: lowercase first char. new=remA, old=RemA
13:43:41.123 - INFO - ANNOTATION - fix gene: extract symbol from protein name. symbol=yicC
13:43:41.123 - INFO - ANNOTATION - fix gene: extract symbol from protein name. symbol=dnaJ
13:43:41.123 - INFO - ANNOTATION - fix product: revise DUF. new=DUF5685 domain-containing protein, old=Family of unknown function (DUF5685)
13:43:41.123 - INFO - ANNOTATION - fix gene: extract symbol from protein name. symbol=soxR
13:43:41.124 - INFO - ANNOTATION - fix gene: extract symbol from protein name. symbol=rseC
13:43:41.124 - INFO - ANNOTATION - fix gene: extract symbol from protein name. symbol=cdaA
13:43:41.124 - INFO - ANNOTATION - marked as hypothetical: contig=contig_2, start=199861, stop=200439, strand=-
13:43:41.124 - INFO - ANNOTATION - fix gene: extract symbol from protein name. symbol=fdrA
13:43:41.124 - INFO - ANNOTATION - fix gene: extract symbol from protein name. symbol=pucR
13:43:41.124 - INFO - ANNOTATION - fix gene: lowercase first char. new=cdnL, old=CdnL
13:43:41.124 - INFO - ANNOTATION - fix gene: lowercase first char. new=cdnL, old=CdnL
13:43:41.124 - INFO - ANNOTATION - fix gene: lowercase first char. new=rpiR, old=RpiR
13:43:41.124 - INFO - ANNOTATION - fix gene: lowercase first char. new=rpiR, old=RpiR
13:43:41.125 - INFO - ANNOTATION - fix gene: extract symbol from protein name. symbol=gerW
13:43:41.125 - INFO - ANNOTATION - fix gene: extract symbol from protein name. symbol=scpB
13:43:41.125 - INFO - ANNOTATION - fix gene: extract symbol from protein name. symbol=ftsK
13:43:41.125 - INFO - ANNOTATION - fix gene: extract symbol from protein name. symbol=clpX
13:43:41.125 - INFO - ANNOTATION - fix gene: extract symbol from protein name. symbol=ylqF
13:43:41.126 - INFO - ANNOTATION - fix gene: extract symbol from protein name. symbol=mobL
13:43:41.126 - INFO - ANNOTATION - marked as hypothetical: contig=contig_3, start=1778, stop=2134, strand=-
13:43:41.126 - INFO - ANNOTATION - fix gene: extract symbol from protein name. symbol=phnE
13:43:41.126 - INFO - ANNOTATION - fix gene: extract symbol from protein name. symbol=phnE
13:43:41.126 - INFO - ANNOTATION - fix gene: extract symbol from protein name. symbol=yvoA
13:43:41.126 - INFO - ANNOTATION - fix gene: extract symbol from protein name. symbol=yvoA
13:43:41.126 - INFO - ANNOTATION - fix gene: extract symbol from protein name. symbol=potA
13:43:41.126 - INFO - ANNOTATION - fix gene: extract symbol from protein name. symbol=potB
13:43:41.126 - INFO - ANNOTATION - fix gene: extract symbol from protein name. symbol=ydcV
13:43:41.126 - INFO - ANNOTATION - fix gene: extract symbol from protein name. symbol=frlB
13:43:41.126 - INFO - ANNOTATION - fix gene: extract symbol from protein name. symbol=trmO
13:43:41.127 - INFO - ANNOTATION - fix gene: extract symbol from protein name. symbol=degV
13:43:41.127 - INFO - ANNOTATION - fix gene: extract symbol from protein name. symbol=yheS
13:43:41.127 - INFO - ANNOTATION - fix gene: extract symbol from protein name. symbol=tatD
13:43:41.127 - INFO - ANNOTATION - marked as hypothetical: contig=contig_3, start=40155, stop=40277, strand=-
13:43:41.127 - INFO - ANNOTATION - fix gene: extract symbol from protein name. symbol=ftsH
13:43:41.127 - INFO - ANNOTATION - marked as hypothetical: contig=contig_3, start=47827, stop=48558, strand=-
13:43:41.127 - INFO - ANNOTATION - fix gene: extract symbol from protein name. symbol=rluA
13:43:41.127 - INFO - ANNOTATION - fix gene: extract symbol from protein name. symbol=lysR
13:43:41.127 - INFO - ANNOTATION - fix gene: extract symbol from protein name. symbol=uxaA
13:43:41.128 - INFO - ANNOTATION - fix gene: extract symbol from protein name. symbol=uxaA
13:43:41.128 - INFO - ANNOTATION - marked as hypothetical: contig=contig_3, start=69826, stop=71451, strand=-
13:43:41.128 - INFO - ANNOTATION - marked as hypothetical: contig=contig_3, start=73280, stop=73867, strand=+
13:43:41.128 - INFO - ANNOTATION - fix gene: extract symbol from protein name. symbol=typA
13:43:41.128 - INFO - ANNOTATION - fix gene: extract symbol from protein name. symbol=ycxB
13:43:41.128 - INFO - ANNOTATION - marked as hypothetical: contig=contig_3, start=80141, stop=80506, strand=-
13:43:41.128 - INFO - ANNOTATION - fix gene: lowercase first char. new=tilS, old=TilS
13:43:41.128 - INFO - ANNOTATION - fix gene: lowercase first char. new=tilS, old=TilS
13:43:41.128 - INFO - ANNOTATION - marked as hypothetical: contig=contig_3, start=89887, stop=90075, strand=-
13:43:41.128 - INFO - ANNOTATION - fix gene: extract symbol from protein name. symbol=htpG
13:43:41.129 - INFO - ANNOTATION - fix gene: extract symbol from protein name. symbol=zupT
13:43:41.129 - INFO - ANNOTATION - fix gene: extract symbol from protein name. symbol=yjjG
13:43:41.129 - INFO - ANNOTATION - marked as hypothetical: contig=contig_3, start=118682, stop=119125, strand=+
13:43:41.129 - INFO - ANNOTATION - fix gene: extract symbol from protein name. symbol=mnmE
13:43:41.129 - INFO - ANNOTATION - fix gene: extract symbol from protein name. symbol=yitT
13:43:41.130 - INFO - ANNOTATION - fix gene: lowercase first char. new=gyrB, old=GyrB
13:43:41.130 - INFO - ANNOTATION - fix gene: lowercase first char. new=gyrB, old=GyrB
13:43:41.130 - INFO - ANNOTATION - fix product: revise DUF. new=DUF2508 domain-containing protein, old=DUF2508 family protein
13:43:41.130 - INFO - ANNOTATION - fix gene: extract symbol from protein name. symbol=bofA
13:43:41.130 - INFO - ANNOTATION - fix product: replace Homolog. new=S-layer-like y domain-containing protein, old=S-layer homology domain-containing protein
13:43:41.130 - INFO - ANNOTATION - fix gene: extract symbol from protein name. symbol=marR
13:43:41.130 - INFO - ANNOTATION - fix gene: lowercase first char. new=ntpA, old=NtpA
13:43:41.130 - INFO - ANNOTATION - fix gene: lowercase first char. new=ntpA, old=NtpA
13:43:41.130 - INFO - ANNOTATION - fix gene: lowercase first char. new=ntpB, old=NtpB
13:43:41.130 - INFO - ANNOTATION - fix gene: lowercase first char. new=ntpB, old=NtpB
13:43:41.130 - INFO - ANNOTATION - marked as hypothetical: contig=contig_3, start=146812, stop=147762, strand=+
13:43:41.130 - INFO - ANNOTATION - marked as hypothetical: contig=contig_3, start=147989, stop=148909, strand=+
13:43:41.130 - INFO - ANNOTATION - fix gene: extract symbol from protein name. symbol=sufD
13:43:41.130 - INFO - ANNOTATION - fix gene: extract symbol from protein name. symbol=paaI
13:43:41.130 - INFO - ANNOTATION - marked as hypothetical: contig=contig_3, start=154373, stop=154903, strand=-
13:43:41.130 - INFO - ANNOTATION - fix gene: extract symbol from protein name. symbol=dctP
13:43:41.131 - INFO - ANNOTATION - fix gene: extract symbol from protein name. symbol=iclR
13:43:41.131 - INFO - ANNOTATION - fix gene: extract symbol from protein name. symbol=iclR
13:43:41.131 - INFO - ANNOTATION - fix gene: extract symbol from protein name. symbol=selD
13:43:41.131 - INFO - ANNOTATION - fix gene: extract symbol from protein name. symbol=tusA
13:43:41.131 - INFO - ANNOTATION - fix gene: extract symbol from protein name. symbol=yedE
13:43:41.131 - INFO - ANNOTATION - fix gene: extract symbol from protein name. symbol=lysR
13:43:41.131 - INFO - ANNOTATION - marked as hypothetical: contig=contig_3, start=168773, stop=168925, strand=-
13:43:41.131 - INFO - ANNOTATION - fix gene: extract symbol from protein name. symbol=obgE
13:43:41.131 - INFO - ANNOTATION - fix gene: lowercase first char. new=srmB, old=SrmB
13:43:41.131 - INFO - ANNOTATION - fix gene: lowercase first char. new=srmB, old=SrmB
13:43:41.131 - INFO - ANNOTATION - fix gene: extract symbol from protein name. symbol=lysR
13:43:41.131 - INFO - ANNOTATION - fix gene: extract symbol from protein name. symbol=pspC
13:43:41.132 - INFO - ANNOTATION - marked as hypothetical: contig=contig_3, start=184053, stop=184271, strand=-
13:43:41.132 - INFO - ANNOTATION - fix gene: lowercase first char. new=yloU, old=YloU
13:43:41.132 - INFO - ANNOTATION - fix gene: lowercase first char. new=yloU, old=YloU
13:43:41.132 - INFO - ANNOTATION - marked as hypothetical: contig=contig_3, start=199156, stop=199347, strand=+
13:43:41.132 - INFO - ANNOTATION - fix gene: extract symbol from protein name. symbol=fabG
13:43:41.132 - INFO - ANNOTATION - fix product: replace Homolog. new=S-layer-like y domain-containing protein, old=S-layer homology domain-containing protein
13:43:41.132 - INFO - ANNOTATION - fix gene: extract symbol from protein name. symbol=lysR
13:43:41.133 - INFO - ANNOTATION - fix gene: extract symbol from protein name. symbol=ssnA
13:43:41.133 - INFO - ANNOTATION - fix gene: extract symbol from protein name. symbol=ygfK
13:43:41.133 - INFO - ANNOTATION - fix product: replace Homolog. new=Stage 0 sporulation  A-like protein, old=Stage 0 sporulation protein A homolog
13:43:41.133 - INFO - ANNOTATION - fix product: revise whitespaces. new=Stage 0 sporulation A-like protein, old=Stage 0 sporulation  A-like protein
13:43:41.133 - INFO - ANNOTATION - marked as hypothetical: contig=contig_4, start=19853, stop=20071, strand=+
13:43:41.133 - INFO - ANNOTATION - marked as hypothetical: contig=contig_4, start=20061, stop=20306, strand=+
13:43:41.133 - INFO - ANNOTATION - fix gene: extract symbol from protein name. symbol=ccmA
13:43:41.134 - INFO - ANNOTATION - fix product: replace Homolog. new=Stage 0 sporulation  A-like protein, old=Stage 0 sporulation protein A homolog
13:43:41.134 - INFO - ANNOTATION - fix product: revise whitespaces. new=Stage 0 sporulation A-like protein, old=Stage 0 sporulation  A-like protein
13:43:41.134 - INFO - ANNOTATION - marked as hypothetical: contig=contig_4, start=36691, stop=36783, strand=-
13:43:41.134 - INFO - ANNOTATION - fix gene: extract symbol from protein name. symbol=lysR
13:43:41.134 - INFO - ANNOTATION - fix gene: extract symbol from protein name. symbol=lacI
13:43:41.134 - INFO - ANNOTATION - fix gene: extract symbol from protein name. symbol=ompR
13:43:41.134 - INFO - ANNOTATION - fix gene: lowercase first char. new=ompR, old=OmpR
13:43:41.134 - INFO - ANNOTATION - fix gene: lowercase first char. new=ompR, old=OmpR
13:43:41.134 - INFO - ANNOTATION - marked as hypothetical: contig=contig_4, start=67810, stop=67920, strand=+
13:43:41.135 - INFO - ANNOTATION - fix gene: extract symbol from protein name. symbol=uxaA
13:43:41.135 - INFO - ANNOTATION - fix gene: extract symbol from protein name. symbol=uxaA
13:43:41.135 - INFO - ANNOTATION - fix product: replace Homolog. new=S-layer-like y domain-containing protein, old=S-layer homology domain-containing protein
13:43:41.135 - INFO - ANNOTATION - marked as hypothetical: contig=contig_4, start=91168, stop=91413, strand=-
13:43:41.135 - INFO - ANNOTATION - fix gene: lowercase first char. new=groES, old=GroES
13:43:41.135 - INFO - ANNOTATION - fix gene: lowercase first char. new=groES, old=GroES
13:43:41.135 - INFO - ANNOTATION - fix product: replace Homolog. new=S-layer-like y domain-containing protein, old=S-layer homology domain-containing protein
13:43:41.135 - INFO - ANNOTATION - fix gene: extract symbol from protein name. symbol=nfeD
13:43:41.135 - INFO - ANNOTATION - fix gene: lowercase first char. new=hflC, old=HflC
13:43:41.135 - INFO - ANNOTATION - fix gene: lowercase first char. new=hflC, old=HflC
13:43:41.135 - INFO - ANNOTATION - fix gene: extract symbol from protein name. symbol=ribF
13:43:41.135 - INFO - ANNOTATION - fix gene: extract symbol from protein name. symbol=truB
13:43:41.135 - INFO - ANNOTATION - fix gene: extract symbol from protein name. symbol=recJ
13:43:41.136 - INFO - ANNOTATION - fix gene: extract symbol from protein name. symbol=rbfA
13:43:41.136 - INFO - ANNOTATION - fix product: revise DUF. new=DUF448 domain-containing protein, old=Nucleoid-associated protein YlxR, Predicted RNA-binding, DUF448 family
13:43:41.136 - INFO - ANNOTATION - fix gene: lowercase first char. new=ylxR, old=YlxR
13:43:41.136 - INFO - ANNOTATION - fix gene: lowercase first char. new=ylxR, old=YlxR
13:43:41.136 - INFO - ANNOTATION - fix gene: extract symbol from protein name. symbol=nusA
13:43:41.136 - INFO - ANNOTATION - fix gene: extract symbol from protein name. symbol=rimP
13:43:41.136 - INFO - ANNOTATION - fix gene: extract symbol from protein name. symbol=moxR
13:43:41.136 - INFO - ANNOTATION - marked as hypothetical: contig=contig_4, start=119662, stop=119997, strand=+
13:43:41.136 - INFO - ANNOTATION - fix gene: extract symbol from protein name. symbol=ygeY
13:43:41.136 - INFO - ANNOTATION - fix gene: extract symbol from protein name. symbol=ygeW
13:43:41.137 - INFO - ANNOTATION - fix gene: extract symbol from protein name. symbol=pstC
13:43:41.137 - INFO - ANNOTATION - fix gene: extract symbol from protein name. symbol=pstA
13:43:41.137 - INFO - ANNOTATION - fix gene: extract symbol from protein name. symbol=pstB
13:43:41.137 - INFO - ANNOTATION - fix gene: extract symbol from protein name. symbol=phoU
13:43:41.137 - INFO - ANNOTATION - fix product: replace Homolog. new=Stage 0 sporulation  A-like protein, old=Stage 0 sporulation protein A homolog
13:43:41.137 - INFO - ANNOTATION - fix product: revise whitespaces. new=Stage 0 sporulation A-like protein, old=Stage 0 sporulation  A-like protein
13:43:41.137 - INFO - ANNOTATION - fix product: replace Homolog. new=S-layer-like y domain-containing protein, old=S-layer homology domain-containing protein
13:43:41.137 - INFO - ANNOTATION - fix gene: extract symbol from protein name. symbol=nhaC
13:43:41.137 - INFO - ANNOTATION - fix gene: extract symbol from protein name. symbol=nadR
13:43:41.137 - INFO - ANNOTATION - fix product: replace putative synonyms. new=putative transcriptional regulator YheO, contains PAS and DNA-binding HTH domains, old=Predicted transcriptional regulator YheO, contains PAS and DNA-binding HTH domains
13:43:41.138 - INFO - ANNOTATION - fix gene: lowercase first char. new=yheO, old=YheO
13:43:41.138 - INFO - ANNOTATION - fix gene: lowercase first char. new=yheO, old=YheO
13:43:41.138 - INFO - ANNOTATION - fix gene: extract symbol from protein name. symbol=gntP
13:43:41.138 - INFO - ANNOTATION - marked as hypothetical: contig=contig_4, start=192697, stop=193011, strand=-
13:43:41.138 - INFO - ANNOTATION - fix product: replace Homolog. new=Stage 0 sporulation  A-like protein, old=Stage 0 sporulation protein A homolog
13:43:41.138 - INFO - ANNOTATION - fix product: revise whitespaces. new=Stage 0 sporulation A-like protein, old=Stage 0 sporulation  A-like protein
13:43:41.138 - INFO - ANNOTATION - fix gene: extract symbol from protein name. symbol=lacI
13:43:41.138 - INFO - ANNOTATION - marked as hypothetical: contig=contig_4, start=209241, stop=209471, strand=-
13:43:41.139 - INFO - ANNOTATION - fix gene: extract symbol from protein name. symbol=trpC
13:43:41.139 - INFO - ANNOTATION - fix product: replace Homolog. new=S-layer-like y domain-containing protein, old=S-layer homology domain-containing protein
13:43:41.139 - INFO - ANNOTATION - fix product: replace Homolog. new=S-layer-like y domain-containing protein, old=S-layer homology domain-containing protein
13:43:41.139 - INFO - ANNOTATION - fix gene: extract symbol from protein name. symbol=maoC
13:43:41.139 - INFO - ANNOTATION - fix gene: extract symbol from protein name. symbol=maoC
13:43:41.139 - INFO - ANNOTATION - marked as hypothetical: contig=contig_4, start=228240, stop=228683, strand=-
13:43:41.139 - INFO - ANNOTATION - fix gene: extract symbol from protein name. symbol=paaI
13:43:41.139 - INFO - ANNOTATION - fix product: replace Homolog. new=S-layer-like y domain-containing protein, old=S-layer homology domain-containing protein
13:43:41.139 - INFO - ANNOTATION - fix gene: extract symbol from protein name. symbol=merR
13:43:41.139 - INFO - ANNOTATION - fix gene: extract symbol from protein name. symbol=yesL
13:43:41.140 - INFO - ANNOTATION - marked as hypothetical: contig=contig_5, start=30983, stop=31120, strand=-
13:43:41.140 - INFO - ANNOTATION - fix gene: extract symbol from protein name. symbol=nusG
13:43:41.140 - INFO - ANNOTATION - fix gene: extract symbol from protein name. symbol=secE
13:43:41.140 - INFO - ANNOTATION - fix gene: extract symbol from protein name. symbol=ruvX
13:43:41.140 - INFO - ANNOTATION - fix product: replace putative synonyms. new=putative membrane transporter protein, old=Probable membrane transporter protein
13:43:41.140 - INFO - ANNOTATION - fix product: replace putative synonyms. new=putative membrane transporter protein, old=Probable membrane transporter protein
13:43:41.140 - INFO - ANNOTATION - marked as hypothetical: contig=contig_5, start=40238, stop=40696, strand=-
13:43:41.140 - INFO - ANNOTATION - fix gene: extract symbol from protein name. symbol=ytvI
13:43:41.141 - INFO - ANNOTATION - fix product: replace putative synonyms. new=putative membrane transporter protein, old=Probable membrane transporter protein
13:43:41.141 - INFO - ANNOTATION - fix gene: extract symbol from protein name. symbol=marR
13:43:41.141 - INFO - ANNOTATION - fix product: replace Homolog. new=Stage 0 sporulation  A-like protein, old=Stage 0 sporulation protein A homolog
13:43:41.141 - INFO - ANNOTATION - fix product: revise whitespaces. new=Stage 0 sporulation A-like protein, old=Stage 0 sporulation  A-like protein
13:43:41.141 - INFO - ANNOTATION - fix product: replace Homolog. new=Stage 0 sporulation  A-like protein, old=Stage 0 sporulation protein A homolog
13:43:41.141 - INFO - ANNOTATION - fix product: revise whitespaces. new=Stage 0 sporulation A-like protein, old=Stage 0 sporulation  A-like protein
13:43:41.141 - INFO - ANNOTATION - fix gene: extract symbol from protein name. symbol=ykvI
13:43:41.141 - INFO - ANNOTATION - fix gene: extract symbol from protein name. symbol=ireB
13:43:41.141 - INFO - ANNOTATION - fix gene: extract symbol from protein name. symbol=lacI
13:43:41.141 - INFO - ANNOTATION - fix product: revise DUF. new=DUF3793 domain-containing protein, old=DUF3793 family protein
13:43:41.142 - INFO - ANNOTATION - marked as hypothetical: contig=contig_5, start=88367, stop=88549, strand=-
13:43:41.142 - INFO - ANNOTATION - marked as hypothetical: contig=contig_5, start=89209, stop=89580, strand=+
13:43:41.142 - INFO - ANNOTATION - fix gene: extract symbol from protein name. symbol=ftsY
13:43:41.142 - INFO - ANNOTATION - fix gene: extract symbol from protein name. symbol=yhbY
13:43:41.142 - INFO - ANNOTATION - fix gene: extract symbol from protein name. symbol=yqeK
13:43:41.142 - INFO - ANNOTATION - fix gene: lowercase first char. new=rpoE, old=RpoE
13:43:41.142 - INFO - ANNOTATION - fix gene: lowercase first char. new=rpoE, old=RpoE
13:43:41.142 - INFO - ANNOTATION - marked as hypothetical: contig=contig_5, start=106224, stop=106457, strand=-
13:43:41.142 - INFO - ANNOTATION - fix gene: extract symbol from protein name. symbol=aroM
13:43:41.142 - INFO - ANNOTATION - fix gene: extract symbol from protein name. symbol=yqeG
13:43:41.143 - INFO - ANNOTATION - marked as hypothetical: contig=contig_5, start=119484, stop=119822, strand=+
13:43:41.143 - INFO - ANNOTATION - marked as hypothetical: contig=contig_5, start=120299, stop=120970, strand=+
13:43:41.143 - INFO - ANNOTATION - fix gene: extract symbol from protein name. symbol=gntR
13:43:41.143 - INFO - ANNOTATION - fix gene: extract symbol from protein name. symbol=yesL
13:43:41.143 - INFO - ANNOTATION - fix product: replace Homolog. new=Stage 0 sporulation  A-like protein, old=Stage 0 sporulation protein A homolog
13:43:41.143 - INFO - ANNOTATION - fix product: revise whitespaces. new=Stage 0 sporulation A-like protein, old=Stage 0 sporulation  A-like protein
13:43:41.143 - INFO - ANNOTATION - fix product: revise DUF. new=DUF6514 domain-containing protein, old=Family of unknown function (DUF6514)
13:43:41.143 - INFO - ANNOTATION - fix gene: extract symbol from protein name. symbol=greA
13:43:41.143 - INFO - ANNOTATION - fix gene: extract symbol from protein name. symbol=arsR
13:43:41.143 - INFO - ANNOTATION - fix gene: lowercase first char. new=arsR, old=ArsR
13:43:41.143 - INFO - ANNOTATION - fix gene: lowercase first char. new=arsR, old=ArsR
13:43:41.144 - INFO - ANNOTATION - fix gene: extract symbol from protein name. symbol=glpK
13:43:41.144 - INFO - ANNOTATION - fix gene: extract symbol from protein name. symbol=galE
13:43:41.144 - INFO - ANNOTATION - marked as hypothetical: contig=contig_5, start=147100, stop=147324, strand=+
13:43:41.144 - INFO - ANNOTATION - fix gene: extract symbol from protein name. symbol=argJ
13:43:41.144 - INFO - ANNOTATION - fix gene: extract symbol from protein name. symbol=lacI
13:43:41.144 - INFO - ANNOTATION - marked as hypothetical: contig=contig_5, start=159934, stop=160200, strand=+
13:43:41.144 - INFO - ANNOTATION - fix gene: extract symbol from protein name. symbol=cutC
13:43:41.144 - INFO - ANNOTATION - fix gene: lowercase first char. new=glyA, old=GlyA
13:43:41.144 - INFO - ANNOTATION - fix gene: lowercase first char. new=glyA, old=GlyA
13:43:41.144 - INFO - ANNOTATION - marked as hypothetical: contig=contig_5, start=170852, stop=171007, strand=-
13:43:41.144 - INFO - ANNOTATION - fix product: replace Homolog. new=S-layer-like y domain-containing protein, old=S-layer homology domain-containing protein
13:43:41.145 - INFO - ANNOTATION - fix gene: extract symbol from protein name. symbol=dsrE
13:43:41.145 - INFO - ANNOTATION - fix gene: extract symbol from protein name. symbol=sigE
13:43:41.145 - INFO - ANNOTATION - fix product: replace Homolog. new=Stage 0 sporulation  A-like protein, old=Stage 0 sporulation protein A homolog
13:43:41.145 - INFO - ANNOTATION - fix product: revise whitespaces. new=Stage 0 sporulation A-like protein, old=Stage 0 sporulation  A-like protein
13:43:41.145 - INFO - ANNOTATION - fix gene: extract symbol from protein name. symbol=sigG
13:43:41.145 - INFO - ANNOTATION - fix product: replace Homolog. new=Stage 0 sporulation  A-like protein, old=Stage 0 sporulation protein A homolog
13:43:41.145 - INFO - ANNOTATION - fix product: revise whitespaces. new=Stage 0 sporulation A-like protein, old=Stage 0 sporulation  A-like protein
13:43:41.145 - INFO - ANNOTATION - fix gene: extract symbol from protein name. symbol=hlyD
13:43:41.145 - INFO - ANNOTATION - fix product: replace Homolog. new=S-layer-like y domain-containing protein, old=S-layer homology domain-containing protein
13:43:41.145 - INFO - ANNOTATION - marked as hypothetical: contig=contig_5, start=202514, stop=203098, strand=+
13:43:41.146 - INFO - ANNOTATION - fix product: replace Homolog. new=Stage 0 sporulation  A-like protein, old=Stage 0 sporulation protein A homolog
13:43:41.146 - INFO - ANNOTATION - fix product: revise whitespaces. new=Stage 0 sporulation A-like protein, old=Stage 0 sporulation  A-like protein
13:43:41.146 - INFO - ANNOTATION - marked as hypothetical: contig=contig_6, start=13396, stop=13653, strand=-
13:43:41.146 - INFO - ANNOTATION - fix gene: extract symbol from protein name. symbol=addA
13:43:41.146 - INFO - ANNOTATION - fix gene: extract symbol from protein name. symbol=hflX
13:43:41.146 - INFO - ANNOTATION - fix gene: extract symbol from protein name. symbol=yigZ
13:43:41.146 - INFO - ANNOTATION - fix gene: extract symbol from protein name. symbol=sigA
13:43:41.146 - INFO - ANNOTATION - fix gene: lowercase first char. new=mazF, old=MazF
13:43:41.146 - INFO - ANNOTATION - fix gene: lowercase first char. new=mazF, old=MazF
13:43:41.146 - INFO - ANNOTATION - fix gene: extract symbol from protein name. symbol=pilP
13:43:41.147 - INFO - ANNOTATION - fix gene: lowercase first char. new=oVP1, old=OVP1
13:43:41.147 - INFO - ANNOTATION - fix gene: lowercase first char. new=oVP1, old=OVP1
13:43:41.147 - INFO - ANNOTATION - fix gene: extract symbol from protein name. symbol=trkH
13:43:41.147 - INFO - ANNOTATION - fix gene: extract symbol from protein name. symbol=trkA
13:43:41.147 - INFO - ANNOTATION - fix gene: extract symbol from protein name. symbol=leuA
13:43:41.147 - INFO - ANNOTATION - fix gene: extract symbol from protein name. symbol=ccmA
13:43:41.147 - INFO - ANNOTATION - fix gene: extract symbol from protein name. symbol=iclR
13:43:41.147 - INFO - ANNOTATION - marked as hypothetical: contig=contig_6, start=54737, stop=54919, strand=-
13:43:41.147 - INFO - ANNOTATION - fix product: replace Homolog. new=S-layer-like y domain-containing protein, old=S-layer homology domain-containing protein
13:43:41.147 - INFO - ANNOTATION - marked as hypothetical: contig=contig_6, start=58701, stop=58961, strand=-
13:43:41.147 - INFO - ANNOTATION - marked as hypothetical: contig=contig_6, start=60518, stop=60706, strand=-
13:43:41.148 - INFO - ANNOTATION - fix gene: extract symbol from protein name. symbol=nrdR
13:43:41.148 - INFO - ANNOTATION - fix product: revise DUF. new=DUF4363 domain-containing protein, old=DUF4363 family protein
13:43:41.148 - INFO - ANNOTATION - marked as hypothetical: contig=contig_6, start=69164, stop=69682, strand=+
13:43:41.148 - INFO - ANNOTATION - fix gene: extract symbol from protein name. symbol=xerD
13:43:41.148 - INFO - ANNOTATION - fix gene: lowercase first char. new=xerD, old=XerD
13:43:41.148 - INFO - ANNOTATION - fix gene: lowercase first char. new=xerD, old=XerD
13:43:41.148 - INFO - ANNOTATION - fix product: replace putative synonyms. new=putative transcriptional regulator, old=Predicted transcriptional regulator
13:43:41.148 - INFO - ANNOTATION - marked as hypothetical: contig=contig_6, start=81844, stop=83103, strand=+
13:43:41.148 - INFO - ANNOTATION - fix gene: extract symbol from protein name. symbol=nusG
13:43:41.149 - INFO - ANNOTATION - fix gene: extract symbol from protein name. symbol=ydcF
13:43:41.149 - INFO - ANNOTATION - marked as hypothetical: contig=contig_6, start=100518, stop=100787, strand=+
13:43:41.149 - INFO - ANNOTATION - marked as hypothetical: contig=contig_6, start=100806, stop=100913, strand=+
13:43:41.149 - INFO - ANNOTATION - fix gene: extract symbol from protein name. symbol=lytB
13:43:41.149 - INFO - ANNOTATION - marked as hypothetical: contig=contig_6, start=118848, stop=119345, strand=-
13:43:41.149 - INFO - ANNOTATION - marked as hypothetical: contig=contig_6, start=119335, stop=120057, strand=-
13:43:41.149 - INFO - ANNOTATION - fix gene: extract symbol from protein name. symbol=gntR
13:43:41.149 - INFO - ANNOTATION - marked as hypothetical: contig=contig_6, start=128212, stop=128514, strand=-
13:43:41.150 - INFO - ANNOTATION - marked as hypothetical: contig=contig_6, start=129029, stop=129316, strand=-
13:43:41.150 - INFO - ANNOTATION - fix gene: extract symbol from protein name. symbol=gerC
13:43:41.150 - INFO - ANNOTATION - fix product: replace Homolog. new=Stage 0 sporulation  A-like protein, old=Stage 0 sporulation protein A homolog
13:43:41.150 - INFO - ANNOTATION - fix product: revise whitespaces. new=Stage 0 sporulation A-like protein, old=Stage 0 sporulation  A-like protein
13:43:41.150 - INFO - ANNOTATION - fix product: replace Homolog. new=Stage 0 sporulation  A-like protein, old=Stage 0 sporulation protein A homolog
13:43:41.150 - INFO - ANNOTATION - fix product: revise whitespaces. new=Stage 0 sporulation A-like protein, old=Stage 0 sporulation  A-like protein
13:43:41.150 - INFO - ANNOTATION - fix product: replace Homolog. new=Bacterial Pleckstrin-like y domain-containing protein, old=Bacterial Pleckstrin homology domain-containing protein
13:43:41.150 - INFO - ANNOTATION - fix gene: extract symbol from protein name. symbol=gntR
13:43:41.150 - INFO - ANNOTATION - fix gene: lowercase first char. new=atoD, old=AtoD
13:43:41.150 - INFO - ANNOTATION - fix gene: lowercase first char. new=atoD, old=AtoD
13:43:41.151 - INFO - ANNOTATION - fix gene: lowercase first char. new=atoA, old=AtoA
13:43:41.151 - INFO - ANNOTATION - fix gene: lowercase first char. new=atoA, old=AtoA
13:43:41.151 - INFO - ANNOTATION - marked as hypothetical: contig=contig_7, start=31143, stop=32627, strand=+
13:43:41.151 - INFO - ANNOTATION - marked as hypothetical: contig=contig_7, start=34175, stop=34330, strand=+
13:43:41.151 - INFO - ANNOTATION - fix gene: extract symbol from protein name. symbol=lysR
13:43:41.151 - INFO - ANNOTATION - fix gene: extract symbol from protein name. symbol=xdhC
13:43:41.151 - INFO - ANNOTATION - fix gene: extract symbol from protein name. symbol=xdhB
13:43:41.151 - INFO - ANNOTATION - fix gene: extract symbol from protein name. symbol=xdhA
13:43:41.151 - INFO - ANNOTATION - fix gene: extract symbol from protein name. symbol=xdhC
13:43:41.152 - INFO - ANNOTATION - fix gene: extract symbol from protein name. symbol=yqeB
13:43:41.152 - INFO - ANNOTATION - fix gene: extract symbol from protein name. symbol=yqeC
13:43:41.152 - INFO - ANNOTATION - fix gene: extract symbol from protein name. symbol=mntP
13:43:41.152 - INFO - ANNOTATION - fix product: replace Homolog. new=S-layer-like y domain-containing protein, old=S-layer homology domain-containing protein
13:43:41.152 - INFO - ANNOTATION - fix gene: extract symbol from protein name. symbol=yitT
13:43:41.152 - INFO - ANNOTATION - fix gene: extract symbol from protein name. symbol=parA
13:43:41.153 - INFO - ANNOTATION - fix gene: extract symbol from protein name. symbol=mscL
13:43:41.153 - INFO - ANNOTATION - marked as hypothetical: contig=contig_7, start=64720, stop=65076, strand=+
13:43:41.153 - INFO - ANNOTATION - fix gene: extract symbol from protein name. symbol=rsmG
13:43:41.153 - INFO - ANNOTATION - fix gene: extract symbol from protein name. symbol=minD
13:43:41.153 - INFO - ANNOTATION - fix product: replace Homolog. new=S-layer-like y domain-containing protein, old=S-layer homology domain-containing protein
13:43:41.153 - INFO - ANNOTATION - marked as hypothetical: contig=contig_7, start=72138, stop=72317, strand=+
13:43:41.153 - INFO - ANNOTATION - fix gene: extract symbol from protein name. symbol=brkB
13:43:41.153 - INFO - ANNOTATION - fix gene: extract symbol from protein name. symbol=recF
13:43:41.153 - INFO - ANNOTATION - fix gene: extract symbol from protein name. symbol=dnaA
13:43:41.153 - INFO - ANNOTATION - fix gene: extract symbol from protein name. symbol=yidD
13:43:41.154 - INFO - ANNOTATION - marked as hypothetical: contig=contig_7, start=91946, stop=92284, strand=+
13:43:41.154 - INFO - ANNOTATION - marked as hypothetical: contig=contig_7, start=92460, stop=92690, strand=-
13:43:41.154 - INFO - ANNOTATION - fix gene: extract symbol from protein name. symbol=sgcQ
13:43:41.154 - INFO - ANNOTATION - marked as hypothetical: contig=contig_7, start=95763, stop=96212, strand=-
13:43:41.154 - INFO - ANNOTATION - fix gene: extract symbol from protein name. symbol=marR
13:43:41.154 - INFO - ANNOTATION - fix gene: extract symbol from protein name. symbol=fabZ
13:43:41.154 - INFO - ANNOTATION - fix gene: extract symbol from protein name. symbol=fabG
13:43:41.155 - INFO - ANNOTATION - marked as hypothetical: contig=contig_8, start=262, stop=375, strand=+
13:43:41.155 - INFO - ANNOTATION - fix gene: extract symbol from protein name. symbol=degV
13:43:41.155 - INFO - ANNOTATION - marked as hypothetical: contig=contig_8, start=13272, stop=13394, strand=+
13:43:41.155 - INFO - ANNOTATION - marked as hypothetical: contig=contig_8, start=13408, stop=13530, strand=+
13:43:41.155 - INFO - ANNOTATION - fix gene: extract symbol from protein name. symbol=ridA
13:43:41.155 - INFO - ANNOTATION - fix gene: lowercase first char. new=darA, old=DarA
13:43:41.155 - INFO - ANNOTATION - fix gene: lowercase first char. new=darA, old=DarA
13:43:41.155 - INFO - ANNOTATION - fix product: replace Homolog. new=S-layer-like y domain-containing protein, old=S-layer homology domain-containing protein
13:43:41.155 - INFO - ANNOTATION - fix gene: extract symbol from protein name. symbol=marR
13:43:41.155 - INFO - ANNOTATION - fix gene: extract symbol from protein name. symbol=fabZ
13:43:41.156 - INFO - ANNOTATION - fix gene: extract symbol from protein name. symbol=phiG
13:43:41.156 - INFO - ANNOTATION - fix gene: extract symbol from protein name. symbol=dctP
13:43:41.156 - INFO - ANNOTATION - marked as hypothetical: contig=contig_8, start=41397, stop=43103, strand=-
13:43:41.156 - INFO - ANNOTATION - marked as hypothetical: contig=contig_8, start=45921, stop=46205, strand=-
13:43:41.156 - INFO - ANNOTATION - fix product: replace Homolog. new=S-layer-like y domain-containing protein, old=S-layer homology domain-containing protein
13:43:41.156 - INFO - ANNOTATION - fix gene: extract symbol from protein name. symbol=gntR
13:43:41.156 - INFO - ANNOTATION - fix gene: lowercase first char. new=gntR, old=GntR
13:43:41.156 - INFO - ANNOTATION - fix gene: lowercase first char. new=gntR, old=GntR
13:43:41.156 - INFO - ANNOTATION - fix gene: lowercase first char. new=glnQ, old=GlnQ
13:43:41.156 - INFO - ANNOTATION - fix gene: lowercase first char. new=glnQ, old=GlnQ
13:43:41.157 - INFO - ANNOTATION - fix gene: extract symbol from protein name. symbol=tcyA
13:43:41.157 - INFO - ANNOTATION - fix gene: lowercase first char. new=hisM, old=HisM
13:43:41.157 - INFO - ANNOTATION - fix gene: lowercase first char. new=hisM, old=HisM
13:43:41.157 - INFO - ANNOTATION - fix gene: lowercase first char. new=rbsK, old=RbsK
13:43:41.157 - INFO - ANNOTATION - fix gene: lowercase first char. new=rbsK, old=RbsK
13:43:41.157 - INFO - ANNOTATION - fix product: replace Homolog. new=S-layer-like y domain-containing protein, old=S-layer homology domain-containing protein
13:43:41.157 - INFO - ANNOTATION - fix gene: extract symbol from protein name. symbol=araC
13:43:41.157 - INFO - ANNOTATION - fix gene: extract symbol from protein name. symbol=araC
13:43:41.158 - INFO - ANNOTATION - fix gene: extract symbol from protein name. symbol=secY
13:43:41.158 - INFO - ANNOTATION - marked as hypothetical: contig=contig_8, start=106515, stop=106661, strand=+
13:43:41.158 - INFO - ANNOTATION - fix gene: extract symbol from protein name. symbol=lysO
13:43:41.158 - INFO - ANNOTATION - marked as hypothetical: contig=contig_8, start=108360, stop=108449, strand=-
13:43:41.158 - INFO - ANNOTATION - marked as hypothetical: contig=contig_8, start=110588, stop=110848, strand=-
13:43:41.158 - INFO - ANNOTATION - fix gene: extract symbol from protein name. symbol=pilZ
13:43:41.159 - INFO - ANNOTATION - marked as hypothetical: contig=contig_8, start=125343, stop=125474, strand=-
13:43:41.159 - INFO - ANNOTATION - marked as hypothetical: contig=contig_9, start=128, stop=250, strand=+
13:43:41.159 - INFO - ANNOTATION - marked as hypothetical: contig=contig_9, start=2598, stop=2837, strand=+
13:43:41.159 - INFO - ANNOTATION - fix gene: extract symbol from protein name. symbol=carD
13:43:41.159 - INFO - ANNOTATION - fix gene: extract symbol from protein name. symbol=ompR
13:43:41.159 - INFO - ANNOTATION - fix gene: lowercase first char. new=ompR, old=OmpR
13:43:41.159 - INFO - ANNOTATION - fix gene: lowercase first char. new=ompR, old=OmpR
13:43:41.159 - INFO - ANNOTATION - fix gene: extract symbol from protein name. symbol=kdpD
13:43:41.159 - INFO - ANNOTATION - fix gene: lowercase first char. new=kdpD, old=KdpD
13:43:41.159 - INFO - ANNOTATION - fix gene: lowercase first char. new=kdpD, old=KdpD
13:43:41.159 - INFO - ANNOTATION - fix gene: lowercase first char. new=lolD, old=LolD
13:43:41.159 - INFO - ANNOTATION - fix gene: lowercase first char. new=lolD, old=LolD
13:43:41.159 - INFO - ANNOTATION - fix gene: lowercase first char. new=yotD, old=YotD
13:43:41.159 - INFO - ANNOTATION - fix gene: lowercase first char. new=yotD, old=YotD
13:43:41.159 - INFO - ANNOTATION - marked as hypothetical: contig=contig_9, start=14683, stop=14904, strand=-
13:43:41.160 - INFO - ANNOTATION - fix gene: extract symbol from protein name. symbol=epsC
13:43:41.160 - INFO - ANNOTATION - fix gene: extract symbol from protein name. symbol=mepA
13:43:41.160 - INFO - ANNOTATION - fix gene: extract symbol from protein name. symbol=tsaD
13:43:41.160 - INFO - ANNOTATION - fix gene: extract symbol from protein name. symbol=gntR
13:43:41.160 - INFO - ANNOTATION - fix gene: extract symbol from protein name. symbol=ridA
13:43:41.160 - INFO - ANNOTATION - fix gene: extract symbol from protein name. symbol=gntR
13:43:41.160 - INFO - ANNOTATION - fix gene: extract symbol from protein name. symbol=nuoE
13:43:41.161 - INFO - ANNOTATION - fix gene: lowercase first char. new=rsbW, old=RsbW
13:43:41.161 - INFO - ANNOTATION - fix gene: lowercase first char. new=rsbW, old=RsbW
13:43:41.161 - INFO - ANNOTATION - marked as hypothetical: contig=contig_9, start=65829, stop=66530, strand=-
13:43:41.161 - INFO - ANNOTATION - fix gene: extract symbol from protein name. symbol=clpB
13:43:41.161 - INFO - ANNOTATION - fix gene: extract symbol from protein name. symbol=mepA
13:43:41.161 - INFO - ANNOTATION - fix gene: lowercase first char. new=yciA, old=YciA
13:43:41.161 - INFO - ANNOTATION - fix gene: lowercase first char. new=yciA, old=YciA
13:43:41.161 - INFO - ANNOTATION - fix product: replace putative synonyms. new=putative phosphoketolase, old=Probable phosphoketolase
13:43:41.161 - INFO - ANNOTATION - marked as hypothetical: contig=contig_9, start=92599, stop=92823, strand=+
13:43:41.161 - INFO - ANNOTATION - marked as hypothetical: contig=contig_9, start=92943, stop=93053, strand=+
13:43:41.162 - INFO - ANNOTATION - fix product: replace putative synonyms. new=putative nucleotide-binding protein, sugar kinase/HSP70/actin superfamily, old=Predicted nucleotide-binding protein, sugar kinase/HSP70/actin superfamily
13:43:41.162 - INFO - ANNOTATION - fix gene: extract symbol from protein name. symbol=lacI
13:43:41.162 - INFO - ANNOTATION - fix product: revise DUF. new=DUF4097 domain-containing protein, old=DUF4097 family beta strand repeat protein
13:43:41.162 - INFO - ANNOTATION - fix gene: extract symbol from protein name. symbol=lysR
13:43:41.162 - INFO - ANNOTATION - marked as hypothetical: contig=contig_9, start=108801, stop=108959, strand=+
13:43:41.162 - INFO - ANNOTATION - marked as hypothetical: contig=contig_9, start=118151, stop=118384, strand=+
13:43:41.162 - INFO - ANNOTATION - marked as hypothetical: contig=contig_9, start=118327, stop=118803, strand=-
13:43:41.162 - INFO - ANNOTATION - marked as hypothetical: contig=contig_9, start=118989, stop=119219, strand=+
13:43:41.162 - INFO - ANNOTATION - fix gene: extract symbol from protein name. symbol=nifU
13:43:41.162 - INFO - ANNOTATION - marked as hypothetical: contig=contig_10, start=6426, stop=6761, strand=-
13:43:41.162 - INFO - ANNOTATION - fix product: replace Homolog. new=S-layer-like y domain-containing protein, old=S-layer homology domain-containing protein
13:43:41.163 - INFO - ANNOTATION - fix product: replace Homolog. new=S-layer-like y domain-containing protein, old=S-layer homology domain-containing protein
13:43:41.163 - INFO - ANNOTATION - fix gene: extract symbol from protein name. symbol=cbiB
13:43:41.163 - INFO - ANNOTATION - fix gene: extract symbol from protein name. symbol=cbiD
13:43:41.163 - INFO - ANNOTATION - fix product: replace Homolog. new=S-layer-like y domain-containing protein, old=S-layer homology domain-containing protein
13:43:41.163 - INFO - ANNOTATION - fix gene: lowercase first char. new=lolD, old=LolD
13:43:41.163 - INFO - ANNOTATION - fix gene: lowercase first char. new=lolD, old=LolD
13:43:41.163 - INFO - ANNOTATION - fix gene: extract symbol from protein name. symbol=hlyD
13:43:41.163 - INFO - ANNOTATION - fix product: revise DUF. new=DUF6198 domain-containing protein, old=Family of unknown function (DUF6198)
13:43:41.164 - INFO - ANNOTATION - fix product: replace Homolog. new=S-layer-like y domain-containing protein, old=S-layer homology domain-containing protein
13:43:41.164 - INFO - ANNOTATION - fix gene: extract symbol from protein name. symbol=dusB
13:43:41.164 - INFO - ANNOTATION - fix gene: extract symbol from protein name. symbol=rsiW
13:43:41.164 - INFO - ANNOTATION - fix product: replace Homolog. new=S-layer-like y domain-containing protein, old=S-layer homology domain-containing protein
13:43:41.164 - INFO - ANNOTATION - marked as hypothetical: contig=contig_10, start=72385, stop=72831, strand=-
13:43:41.164 - INFO - ANNOTATION - marked as hypothetical: contig=contig_10, start=76402, stop=77262, strand=-
13:43:41.164 - INFO - ANNOTATION - fix gene: extract symbol from protein name. symbol=rsxA
13:43:41.164 - INFO - ANNOTATION - fix gene: extract symbol from protein name. symbol=rsxC
13:43:41.165 - INFO - ANNOTATION - marked as hypothetical: contig=contig_10, start=93754, stop=94269, strand=-
13:43:41.165 - INFO - ANNOTATION - fix gene: extract symbol from protein name. symbol=fadR
13:43:41.165 - INFO - ANNOTATION - marked as hypothetical: contig=contig_10, start=97022, stop=97312, strand=-
13:43:41.165 - INFO - ANNOTATION - fix product: revise DUF. new=DUF975 domain-containing protein, old=DUF975 family protein
13:43:41.165 - INFO - ANNOTATION - fix product: replace Homolog. new=Stage 0 sporulation  A-like protein, old=Stage 0 sporulation protein A homolog
13:43:41.165 - INFO - ANNOTATION - fix product: revise whitespaces. new=Stage 0 sporulation A-like protein, old=Stage 0 sporulation  A-like protein
13:43:41.165 - INFO - ANNOTATION - fix gene: extract symbol from protein name. symbol=lemA
13:43:41.165 - INFO - ANNOTATION - fix gene: extract symbol from protein name. symbol=recR
13:43:41.165 - INFO - ANNOTATION - fix gene: extract symbol from protein name. symbol=sfsA
13:43:41.165 - INFO - ANNOTATION - fix product: revise DUF. new=DUF1273 domain-containing protein, old=DUF1273 family protein
13:43:41.166 - INFO - ANNOTATION - fix gene: extract symbol from protein name. symbol=khpA
13:43:41.166 - INFO - ANNOTATION - fix gene: extract symbol from protein name. symbol=rimM
13:43:41.166 - INFO - ANNOTATION - fix gene: extract symbol from protein name. symbol=trmD
13:43:41.166 - INFO - ANNOTATION - fix gene: extract symbol from protein name. symbol=degV
13:43:41.166 - INFO - ANNOTATION - fix gene: extract symbol from protein name. symbol=rsmA
13:43:41.166 - INFO - ANNOTATION - marked as hypothetical: contig=contig_11, start=40404, stop=40787, strand=-
13:43:41.166 - INFO - ANNOTATION - fix gene: extract symbol from protein name. symbol=vbhA
13:43:41.166 - INFO - ANNOTATION - marked as hypothetical: contig=contig_11, start=41399, stop=42400, strand=-
13:43:41.166 - INFO - ANNOTATION - marked as hypothetical: contig=contig_11, start=42397, stop=42855, strand=-
13:43:41.167 - INFO - ANNOTATION - fix gene: extract symbol from protein name. symbol=ymfQ
13:43:41.167 - INFO - ANNOTATION - fix product: revise DUF. new=DUF2577 domain-containing protein, old=DUF2577 family protein
13:43:41.167 - INFO - ANNOTATION - fix gene: extract symbol from protein name. symbol=lysM
13:43:41.167 - INFO - ANNOTATION - marked as hypothetical: contig=contig_11, start=49112, stop=49330, strand=+
13:43:41.167 - INFO - ANNOTATION - marked as hypothetical: contig=contig_11, start=49593, stop=49793, strand=-
13:43:41.167 - INFO - ANNOTATION - marked as hypothetical: contig=contig_11, start=52974, stop=53531, strand=-
13:43:41.167 - INFO - ANNOTATION - marked as hypothetical: contig=contig_11, start=57528, stop=57722, strand=-
13:43:41.167 - INFO - ANNOTATION - marked as hypothetical: contig=contig_11, start=61721, stop=62161, strand=-
13:43:41.167 - INFO - ANNOTATION - marked as hypothetical: contig=contig_11, start=62229, stop=62342, strand=-
13:43:41.167 - INFO - ANNOTATION - fix gene: extract symbol from protein name. symbol=pcfJ
13:43:41.167 - INFO - ANNOTATION - marked as hypothetical: contig=contig_11, start=65457, stop=66209, strand=-
13:43:41.167 - INFO - ANNOTATION - marked as hypothetical: contig=contig_11, start=66220, stop=66426, strand=-
13:43:41.167 - INFO - ANNOTATION - marked as hypothetical: contig=contig_11, start=68727, stop=69020, strand=-
13:43:41.168 - INFO - ANNOTATION - marked as hypothetical: contig=contig_11, start=69505, stop=69735, strand=-
13:43:41.168 - INFO - ANNOTATION - marked as hypothetical: contig=contig_11, start=70978, stop=71202, strand=+
13:43:41.168 - INFO - ANNOTATION - marked as hypothetical: contig=contig_11, start=72992, stop=73315, strand=+
13:43:41.168 - INFO - ANNOTATION - marked as hypothetical: contig=contig_11, start=75101, stop=75736, strand=+
13:43:41.168 - INFO - ANNOTATION - fix product: revise DUF. new=DUF4364 domain-containing protein, old=DUF4364 family protein
13:43:41.168 - INFO - ANNOTATION - marked as hypothetical: contig=contig_11, start=83832, stop=84098, strand=-
13:43:41.168 - INFO - ANNOTATION - fix gene: extract symbol from protein name. symbol=whiA
13:43:41.168 - INFO - ANNOTATION - fix gene: extract symbol from protein name. symbol=rapZ
13:43:41.168 - INFO - ANNOTATION - fix gene: extract symbol from protein name. symbol=copZ
13:43:41.169 - INFO - ANNOTATION - fix gene: extract symbol from protein name. symbol=arsC
13:43:41.169 - INFO - ANNOTATION - fix gene: lowercase first char. new=rnjA, old=RnjA
13:43:41.169 - INFO - ANNOTATION - fix gene: lowercase first char. new=rnjA, old=RnjA
13:43:41.169 - INFO - ANNOTATION - fix gene: extract symbol from protein name. symbol=hrcA
13:43:41.169 - INFO - ANNOTATION - fix gene: extract symbol from protein name. symbol=grpE
13:43:41.169 - INFO - ANNOTATION - fix gene: extract symbol from protein name. symbol=dnaK
13:43:41.169 - INFO - ANNOTATION - fix gene: extract symbol from protein name. symbol=dnaJ
13:43:41.169 - INFO - ANNOTATION - fix product: revise DUF. new=DUF6512 domain-containing protein, old=Family of unknown function (DUF6512)
13:43:41.170 - INFO - ANNOTATION - marked as hypothetical: contig=contig_12, start=44241, stop=44912, strand=+
13:43:41.170 - INFO - ANNOTATION - fix gene: extract symbol from protein name. symbol=corA
13:43:41.170 - INFO - ANNOTATION - marked as hypothetical: contig=contig_12, start=56002, stop=56217, strand=-
13:43:41.170 - INFO - ANNOTATION - fix gene: extract symbol from protein name. symbol=thrH
13:43:41.170 - INFO - ANNOTATION - fix gene: extract symbol from protein name. symbol=gatC
13:43:41.170 - INFO - ANNOTATION - fix gene: extract symbol from protein name. symbol=gatA
13:43:41.170 - INFO - ANNOTATION - fix gene: extract symbol from protein name. symbol=gatB
13:43:41.171 - INFO - ANNOTATION - fix gene: extract symbol from protein name. symbol=ompR
13:43:41.171 - INFO - ANNOTATION - fix gene: lowercase first char. new=ompR, old=OmpR
13:43:41.171 - INFO - ANNOTATION - fix gene: lowercase first char. new=ompR, old=OmpR
13:43:41.171 - INFO - ANNOTATION - fix gene: extract symbol from protein name. symbol=merR
13:43:41.171 - INFO - ANNOTATION - fix gene: extract symbol from protein name. symbol=lrgB
13:43:41.171 - INFO - ANNOTATION - marked as hypothetical: contig=contig_12, start=93746, stop=94090, strand=-
13:43:41.171 - INFO - ANNOTATION - fix gene: extract symbol from protein name. symbol=queT
13:43:41.171 - INFO - ANNOTATION - fix gene: extract symbol from protein name. symbol=galU
13:43:41.171 - INFO - ANNOTATION - fix gene: extract symbol from protein name. symbol=lysM
13:43:41.171 - INFO - ANNOTATION - marked as hypothetical: contig=contig_13, start=4649, stop=5224, strand=-
13:43:41.171 - INFO - ANNOTATION - marked as hypothetical: contig=contig_13, start=5427, stop=5852, strand=-
13:43:41.172 - INFO - ANNOTATION - marked as hypothetical: contig=contig_13, start=7889, stop=8212, strand=-
13:43:41.172 - INFO - ANNOTATION - fix product: revise DUF. new=DUF2190 domain-containing protein, old=DUF2190 family protein
13:43:41.172 - INFO - ANNOTATION - marked as hypothetical: contig=contig_13, start=10282, stop=11175, strand=-
13:43:41.172 - INFO - ANNOTATION - fix gene: extract symbol from protein name. symbol=rlmH
13:43:41.172 - INFO - ANNOTATION - marked as hypothetical: contig=contig_13, start=28124, stop=28414, strand=+
13:43:41.172 - INFO - ANNOTATION - fix product: replace Homolog. new=Stage 0 sporulation  A-like protein, old=Stage 0 sporulation protein A homolog
13:43:41.172 - INFO - ANNOTATION - fix product: revise whitespaces. new=Stage 0 sporulation A-like protein, old=Stage 0 sporulation  A-like protein
13:43:41.172 - INFO - ANNOTATION - fix gene: extract symbol from protein name. symbol=degV
13:43:41.173 - INFO - ANNOTATION - fix product: revise DUF. new=DUF2508 domain-containing protein, old=DUF2508 family protein
13:43:41.173 - INFO - ANNOTATION - fix gene: extract symbol from protein name. symbol=gcvT
13:43:41.173 - INFO - ANNOTATION - fix gene: extract symbol from protein name. symbol=gcvH
13:43:41.173 - INFO - ANNOTATION - fix gene: extract symbol from protein name. symbol=miaA
13:43:41.173 - INFO - ANNOTATION - marked as hypothetical: contig=contig_13, start=57335, stop=57796, strand=-
13:43:41.173 - INFO - ANNOTATION - fix product: revise DUF. new=DUF3842 domain-containing protein, old=DUF3842 family protein
13:43:41.173 - INFO - ANNOTATION - fix gene: extract symbol from protein name. symbol=lysR
13:43:41.173 - INFO - ANNOTATION - fix gene: extract symbol from protein name. symbol=recQ
13:43:41.174 - INFO - ANNOTATION - marked as hypothetical: contig=contig_14, start=298, stop=1434, strand=-
13:43:41.174 - INFO - ANNOTATION - fix gene: extract symbol from protein name. symbol=aidB
13:43:41.174 - INFO - ANNOTATION - fix gene: lowercase first char. new=caiA, old=CaiA
13:43:41.174 - INFO - ANNOTATION - fix gene: lowercase first char. new=caiA, old=CaiA
13:43:41.174 - INFO - ANNOTATION - marked as hypothetical: contig=contig_14, start=10727, stop=10969, strand=-
13:43:41.174 - INFO - ANNOTATION - fix product: revise DUF. new=DUF6514 domain-containing protein, old=Family of unknown function (DUF6514)
13:43:41.174 - INFO - ANNOTATION - fix gene: extract symbol from protein name. symbol=mtbC1
13:43:41.174 - INFO - ANNOTATION - fix gene: lowercase first char. new=mtbC1, old=MtbC1
13:43:41.174 - INFO - ANNOTATION - fix gene: lowercase first char. new=mtbC1, old=MtbC1
13:43:41.174 - INFO - ANNOTATION - fix gene: extract symbol from protein name. symbol=mutS
13:43:41.175 - INFO - ANNOTATION - fix gene: extract symbol from protein name. symbol=murT
13:43:41.175 - INFO - ANNOTATION - fix gene: lowercase first char. new=abrB, old=AbrB
13:43:41.175 - INFO - ANNOTATION - fix gene: lowercase first char. new=abrB, old=AbrB
13:43:41.175 - INFO - ANNOTATION - fix gene: extract symbol from protein name. symbol=spmA
13:43:41.175 - INFO - ANNOTATION - fix gene: lowercase first char. new=spmA, old=SpmA
13:43:41.175 - INFO - ANNOTATION - fix gene: lowercase first char. new=spmA, old=SpmA
13:43:41.175 - INFO - ANNOTATION - fix gene: extract symbol from protein name. symbol=spmB
13:43:41.175 - INFO - ANNOTATION - fix gene: lowercase first char. new=spmB, old=SpmB
13:43:41.175 - INFO - ANNOTATION - fix gene: lowercase first char. new=spmB, old=SpmB
13:43:41.175 - INFO - ANNOTATION - fix gene: extract symbol from protein name. symbol=nifS
13:43:41.176 - INFO - ANNOTATION - fix gene: extract symbol from protein name. symbol=nifU
13:43:41.176 - INFO - ANNOTATION - fix product: replace Homolog. new=S-layer-like y domain-containing protein, old=S-layer homology domain-containing protein
13:43:41.176 - INFO - ANNOTATION - fix gene: extract symbol from protein name. symbol=gntR
13:43:41.176 - INFO - ANNOTATION - fix gene: extract symbol from protein name. symbol=ompR
13:43:41.176 - INFO - ANNOTATION - fix gene: lowercase first char. new=ompR, old=OmpR
13:43:41.176 - INFO - ANNOTATION - fix gene: lowercase first char. new=ompR, old=OmpR
13:43:41.176 - INFO - ANNOTATION - fix gene: extract symbol from protein name. symbol=lysR
13:43:41.176 - INFO - ANNOTATION - fix gene: extract symbol from protein name. symbol=gntP
13:43:41.176 - INFO - ANNOTATION - marked as hypothetical: contig=contig_15, start=5779, stop=5868, strand=+
13:43:41.176 - INFO - ANNOTATION - fix gene: extract symbol from protein name. symbol=lysR
13:43:41.177 - INFO - ANNOTATION - marked as hypothetical: contig=contig_15, start=8389, stop=8643, strand=-
13:43:41.177 - INFO - ANNOTATION - marked as hypothetical: contig=contig_15, start=8716, stop=8877, strand=+
13:43:41.177 - INFO - ANNOTATION - fix gene: extract symbol from protein name. symbol=dnaD
13:43:41.177 - INFO - ANNOTATION - fix gene: extract symbol from protein name. symbol=zapA
13:43:41.177 - INFO - ANNOTATION - fix gene: extract symbol from protein name. symbol=mreC
13:43:41.177 - INFO - ANNOTATION - fix gene: extract symbol from protein name. symbol=mreD
13:43:41.177 - INFO - ANNOTATION - fix gene: extract symbol from protein name. symbol=yedF
13:43:41.177 - INFO - ANNOTATION - fix gene: extract symbol from protein name. symbol=lysR
13:43:41.177 - INFO - ANNOTATION - fix product: replace putative synonyms. new=putative RNA-binding protein, contains ribosomal protein S1 (RPS1) domain, old=Predicted RNA-binding protein, contains ribosomal protein S1 (RPS1) domain
13:43:41.177 - INFO - ANNOTATION - fix gene: lowercase first char. new=yabR, old=YabR
13:43:41.177 - INFO - ANNOTATION - fix gene: lowercase first char. new=yabR, old=YabR
13:43:41.177 - INFO - ANNOTATION - fix gene: extract symbol from protein name. symbol=yabP
13:43:41.177 - INFO - ANNOTATION - fix gene: extract symbol from protein name. symbol=birA
13:43:41.178 - INFO - ANNOTATION - marked as hypothetical: contig=contig_15, start=43383, stop=45548, strand=-
13:43:41.178 - INFO - ANNOTATION - fix gene: extract symbol from protein name. symbol=rlmB
13:43:41.178 - INFO - ANNOTATION - fix gene: extract symbol from protein name. symbol=ftsH
13:43:41.178 - INFO - ANNOTATION - fix gene: extract symbol from protein name. symbol=recJ
13:43:41.178 - INFO - ANNOTATION - marked as hypothetical: contig=contig_15, start=53742, stop=53954, strand=+
13:43:41.178 - INFO - ANNOTATION - marked as hypothetical: contig=contig_15, start=66851, stop=67666, strand=+
13:43:41.178 - INFO - ANNOTATION - fix gene: extract symbol from protein name. symbol=ymdB
13:43:41.178 - INFO - ANNOTATION - marked as hypothetical: contig=contig_16, start=7926, stop=8081, strand=-
13:43:41.178 - INFO - ANNOTATION - marked as hypothetical: contig=contig_16, start=9027, stop=9545, strand=-
13:43:41.179 - INFO - ANNOTATION - marked as hypothetical: contig=contig_16, start=11968, stop=12312, strand=-
13:43:41.179 - INFO - ANNOTATION - marked as hypothetical: contig=contig_16, start=16546, stop=16833, strand=-
13:43:41.179 - INFO - ANNOTATION - fix gene: extract symbol from protein name. symbol=nuoE
13:43:41.180 - INFO - ANNOTATION - fix gene: extract symbol from protein name. symbol=lacI
13:43:41.180 - INFO - ANNOTATION - fix gene: extract symbol from protein name. symbol=tsaB
13:43:41.180 - INFO - ANNOTATION - fix gene: extract symbol from protein name. symbol=tsaE
13:43:41.180 - INFO - ANNOTATION - fix product: replace Homolog. new=S-layer-like y domain-containing protein, old=S-layer homology domain-containing protein
13:43:41.180 - INFO - ANNOTATION - marked as hypothetical: contig=contig_17, start=13939, stop=14151, strand=-
13:43:41.180 - INFO - ANNOTATION - marked as hypothetical: contig=contig_17, start=17649, stop=17819, strand=-
13:43:41.180 - INFO - ANNOTATION - marked as hypothetical: contig=contig_17, start=20538, stop=21125, strand=+
13:43:41.180 - INFO - ANNOTATION - fix product: revise DUF. new=DUF4315 domain-containing protein, old=DUF4315 family protein
13:43:41.181 - INFO - ANNOTATION - fix gene: extract symbol from protein name. symbol=cwlS
13:43:41.181 - INFO - ANNOTATION - fix gene: extract symbol from protein name. symbol=virB4
13:43:41.181 - INFO - ANNOTATION - fix gene: lowercase first char. new=virB4, old=VirB4
13:43:41.181 - INFO - ANNOTATION - fix gene: lowercase first char. new=virB4, old=VirB4
13:43:41.181 - INFO - ANNOTATION - fix gene: extract symbol from protein name. symbol=prgI
13:43:41.181 - INFO - ANNOTATION - fix gene: lowercase first char. new=yhdJ, old=YhdJ
13:43:41.181 - INFO - ANNOTATION - fix gene: lowercase first char. new=yhdJ, old=YhdJ
13:43:41.181 - INFO - ANNOTATION - fix gene: extract symbol from protein name. symbol=pinE
13:43:41.181 - INFO - ANNOTATION - fix gene: lowercase first char. new=spoIVCA, old=SpoIVCA
13:43:41.181 - INFO - ANNOTATION - fix gene: lowercase first char. new=spoIVCA, old=SpoIVCA
13:43:41.181 - INFO - ANNOTATION - marked as hypothetical: contig=contig_17, start=33015, stop=33212, strand=-
13:43:41.181 - INFO - ANNOTATION - fix product: replace putative synonyms. new=putative P-loop ATPase and inactivated derivatives, old=Predicted P-loop ATPase and inactivated derivatives
13:43:41.181 - INFO - ANNOTATION - fix gene: extract symbol from protein name. symbol=mobQ
13:43:41.181 - INFO - ANNOTATION - fix product: replace putative synonyms. new=putative transcriptional regulator, old=Predicted transcriptional regulator
13:43:41.181 - INFO - ANNOTATION - fix gene: lowercase first char. new=hipB, old=HipB
13:43:41.181 - INFO - ANNOTATION - fix gene: lowercase first char. new=hipB, old=HipB
13:43:41.181 - INFO - ANNOTATION - fix gene: lowercase first char. new=yozG, old=YozG
13:43:41.181 - INFO - ANNOTATION - fix gene: lowercase first char. new=yozG, old=YozG
13:43:41.181 - INFO - ANNOTATION - fix gene: extract symbol from protein name. symbol=pinE
13:43:41.181 - INFO - ANNOTATION - fix gene: lowercase first char. new=spoIVCA, old=SpoIVCA
13:43:41.182 - INFO - ANNOTATION - fix gene: lowercase first char. new=spoIVCA, old=SpoIVCA
13:43:41.182 - INFO - ANNOTATION - fix gene: extract symbol from protein name. symbol=dnaC
13:43:41.182 - INFO - ANNOTATION - fix gene: lowercase first char. new=dnaC, old=DnaC
13:43:41.182 - INFO - ANNOTATION - fix gene: lowercase first char. new=dnaC, old=DnaC
13:43:41.182 - INFO - ANNOTATION - fix gene: lowercase first char. new=ubiE, old=UbiE
13:43:41.182 - INFO - ANNOTATION - fix gene: lowercase first char. new=ubiE, old=UbiE
13:43:41.182 - INFO - ANNOTATION - fix gene: extract symbol from protein name. symbol=traG
13:43:41.182 - INFO - ANNOTATION - fix gene: extract symbol from protein name. symbol=tnpW
13:43:41.182 - INFO - ANNOTATION - fix gene: lowercase first char. new=repA, old=RepA
13:43:41.182 - INFO - ANNOTATION - fix gene: lowercase first char. new=repA, old=RepA
13:43:41.182 - INFO - ANNOTATION - fix gene: extract symbol from protein name. symbol=mobQ
13:43:41.182 - INFO - ANNOTATION - marked as hypothetical: contig=contig_17, start=58800, stop=58997, strand=-
13:43:41.182 - INFO - ANNOTATION - fix gene: extract symbol from protein name. symbol=tnpV
13:43:41.182 - INFO - ANNOTATION - fix gene: extract symbol from protein name. symbol=pcfB
13:43:41.182 - INFO - ANNOTATION - fix gene: extract symbol from protein name. symbol=ardA
13:43:41.183 - INFO - ANNOTATION - fix product: replace putative synonyms. new=Icc-related putative phosphoesterase, old=Icc-related predicted phosphoesterase
13:43:41.183 - INFO - ANNOTATION - marked as hypothetical: contig=contig_18, start=9946, stop=10098, strand=-
13:43:41.183 - INFO - ANNOTATION - marked as hypothetical: contig=contig_18, start=19274, stop=20740, strand=-
13:43:41.183 - INFO - ANNOTATION - fix product: replace Homolog. new=S-layer-like y domain-containing protein, old=S-layer homology domain-containing protein
13:43:41.183 - INFO - ANNOTATION - fix product: replace Homolog. new=Stage 0 sporulation  A-like protein, old=Stage 0 sporulation protein A homolog
13:43:41.183 - INFO - ANNOTATION - fix product: revise whitespaces. new=Stage 0 sporulation A-like protein, old=Stage 0 sporulation  A-like protein
13:43:41.183 - INFO - ANNOTATION - fix gene: extract symbol from protein name. symbol=luxR
13:43:41.183 - INFO - ANNOTATION - fix gene: extract symbol from protein name. symbol=yoqJ
13:43:41.184 - INFO - ANNOTATION - fix gene: lowercase first char. new=hipB, old=HipB
13:43:41.184 - INFO - ANNOTATION - fix gene: lowercase first char. new=hipB, old=HipB
13:43:41.184 - INFO - ANNOTATION - marked as hypothetical: contig=contig_18, start=44563, stop=44961, strand=-
13:43:41.184 - INFO - ANNOTATION - fix gene: extract symbol from protein name. symbol=mobP3
13:43:41.184 - INFO - ANNOTATION - fix gene: extract symbol from protein name. symbol=copG
13:43:41.184 - INFO - ANNOTATION - marked as hypothetical: contig=contig_18, start=48284, stop=48625, strand=-
13:43:41.184 - INFO - ANNOTATION - fix gene: extract symbol from protein name. symbol=copG
13:43:41.184 - INFO - ANNOTATION - fix gene: extract symbol from protein name. symbol=traG
13:43:41.184 - INFO - ANNOTATION - fix gene: extract symbol from protein name. symbol=herA
13:43:41.184 - INFO - ANNOTATION - fix gene: extract symbol from protein name. symbol=prgI
13:43:41.184 - INFO - ANNOTATION - fix gene: extract symbol from protein name. symbol=trbL
13:43:41.184 - INFO - ANNOTATION - fix product: revise DUF. new=DUF6550 domain-containing protein, old=Family of unknown function (DUF6550)
13:43:41.184 - INFO - ANNOTATION - marked as hypothetical: contig=contig_19, start=475, stop=648, strand=-
13:43:41.184 - INFO - ANNOTATION - marked as hypothetical: contig=contig_19, start=2781, stop=3284, strand=+
13:43:41.185 - INFO - ANNOTATION - fix gene: extract symbol from protein name. symbol=pcfB
13:43:41.185 - INFO - ANNOTATION - fix gene: extract symbol from protein name. symbol=traM
13:43:41.185 - INFO - ANNOTATION - marked as hypothetical: contig=contig_19, start=8379, stop=8483, strand=+
13:43:41.185 - INFO - ANNOTATION - fix gene: extract symbol from protein name. symbol=prgI
13:43:41.185 - INFO - ANNOTATION - fix gene: extract symbol from protein name. symbol=traG
13:43:41.185 - INFO - ANNOTATION - fix product: revise DUF. new=DUF4315 domain-containing protein, old=DUF4315 family protein
13:43:41.185 - INFO - ANNOTATION - fix gene: extract symbol from protein name. symbol=tnpV
13:43:41.185 - INFO - ANNOTATION - marked as hypothetical: contig=contig_19, start=31380, stop=33869, strand=+
13:43:41.185 - INFO - ANNOTATION - marked as hypothetical: contig=contig_19, start=35252, stop=35569, strand=+
13:43:41.185 - INFO - ANNOTATION - marked as hypothetical: contig=contig_19, start=39690, stop=39806, strand=+
13:43:41.186 - INFO - ANNOTATION - fix gene: extract symbol from protein name. symbol=soxS
13:43:41.186 - INFO - ANNOTATION - fix gene: extract symbol from protein name. symbol=ecfT
13:43:41.186 - INFO - ANNOTATION - marked as hypothetical: contig=contig_19, start=50022, stop=50246, strand=+
13:43:41.186 - INFO - ANNOTATION - fix gene: extract symbol from protein name. symbol=tnpX
13:43:41.186 - INFO - ANNOTATION - marked as hypothetical: contig=contig_19, start=54977, stop=56200, strand=-
13:43:41.186 - INFO - ANNOTATION - marked as hypothetical: contig=contig_19, start=56305, stop=56454, strand=-
13:43:41.186 - INFO - ANNOTATION - fix gene: extract symbol from protein name. symbol=asrA
13:43:41.186 - INFO - ANNOTATION - fix gene: extract symbol from protein name. symbol=asrB
13:43:41.186 - INFO - ANNOTATION - fix gene: extract symbol from protein name. symbol=iclR
13:43:41.186 - INFO - ANNOTATION - fix gene: extract symbol from protein name. symbol=ychF
13:43:41.187 - INFO - ANNOTATION - marked as hypothetical: contig=contig_20, start=21172, stop=22011, strand=-
13:43:41.187 - INFO - ANNOTATION - fix gene: extract symbol from protein name. symbol=mepA
13:43:41.187 - INFO - ANNOTATION - fix gene: extract symbol from protein name. symbol=mnmA
13:43:41.187 - INFO - ANNOTATION - fix gene: extract symbol from protein name. symbol=mnmG
13:43:41.187 - INFO - ANNOTATION - fix gene: extract symbol from protein name. symbol=azlC
13:43:41.187 - INFO - ANNOTATION - fix gene: extract symbol from protein name. symbol=azlD
13:43:41.187 - INFO - ANNOTATION - fix gene: extract symbol from protein name. symbol=hemZ
13:43:41.187 - INFO - ANNOTATION - fix gene: extract symbol from protein name. symbol=miaB
13:43:41.187 - INFO - ANNOTATION - fix gene: extract symbol from protein name. symbol=mutS
13:43:41.187 - INFO - ANNOTATION - fix gene: extract symbol from protein name. symbol=mutL
13:43:41.187 - INFO - ANNOTATION - fix gene: extract symbol from protein name. symbol=ftsZ
13:43:41.187 - INFO - ANNOTATION - fix gene: lowercase first char. new=sepF, old=SepF
13:43:41.187 - INFO - ANNOTATION - fix gene: lowercase first char. new=sepF, old=SepF
13:43:41.188 - INFO - ANNOTATION - fix gene: extract symbol from protein name. symbol=lysR
13:43:41.188 - INFO - ANNOTATION - marked as hypothetical: contig=contig_20, start=52837, stop=54327, strand=+
13:43:41.188 - INFO - ANNOTATION - fix gene: extract symbol from protein name. symbol=thiT
13:43:41.188 - INFO - ANNOTATION - fix product: replace Homolog. new=Stage 0 sporulation  A-like protein, old=Stage 0 sporulation protein A homolog
13:43:41.188 - INFO - ANNOTATION - fix product: revise whitespaces. new=Stage 0 sporulation A-like protein, old=Stage 0 sporulation  A-like protein
13:43:41.188 - INFO - ANNOTATION - fix gene: extract symbol from protein name. symbol=eutH
13:43:41.189 - INFO - ANNOTATION - fix gene: extract symbol from protein name. symbol=marR
13:43:41.189 - INFO - ANNOTATION - fix gene: extract symbol from protein name. symbol=pocR
13:43:41.189 - INFO - ANNOTATION - fix gene: extract symbol from protein name. symbol=vanW
13:43:41.189 - INFO - ANNOTATION - marked as hypothetical: contig=contig_21, start=49925, stop=50284, strand=+
13:43:41.189 - INFO - ANNOTATION - fix product: replace Homolog. new=S-layer-like y domain-containing protein, old=S-layer homology domain-containing protein
13:43:41.189 - INFO - ANNOTATION - fix gene: extract symbol from protein name. symbol=lysR
13:43:41.189 - INFO - ANNOTATION - fix gene: extract symbol from protein name. symbol=ridA
13:43:41.189 - INFO - ANNOTATION - fix gene: extract symbol from protein name. symbol=csaB
13:43:41.190 - INFO - ANNOTATION - fix gene: extract symbol from protein name. symbol=araC
13:43:41.190 - INFO - ANNOTATION - fix product: replace Homolog. new=S-layer-like y domain-containing protein, old=S-layer homology domain-containing protein
13:43:41.190 - INFO - ANNOTATION - marked as hypothetical: contig=contig_22, start=34936, stop=35268, strand=-
13:43:41.190 - INFO - ANNOTATION - marked as hypothetical: contig=contig_22, start=36633, stop=36983, strand=+
13:43:41.190 - INFO - ANNOTATION - marked as hypothetical: contig=contig_22, start=40116, stop=40307, strand=-
13:43:41.190 - INFO - ANNOTATION - fix gene: extract symbol from protein name. symbol=yafY
13:43:41.190 - INFO - ANNOTATION - marked as hypothetical: contig=contig_22, start=48119, stop=48241, strand=-
13:43:41.190 - INFO - ANNOTATION - fix gene: extract symbol from protein name. symbol=mepA
13:43:41.191 - INFO - ANNOTATION - fix gene: extract symbol from protein name. symbol=merR
13:43:41.191 - INFO - ANNOTATION - fix gene: extract symbol from protein name. symbol=hlyD
13:43:41.191 - INFO - ANNOTATION - fix gene: lowercase first char. new=potA, old=PotA
13:43:41.191 - INFO - ANNOTATION - fix gene: lowercase first char. new=potA, old=PotA
13:43:41.191 - INFO - ANNOTATION - marked as hypothetical: contig=contig_23, start=41250, stop=41597, strand=+
13:43:41.192 - INFO - ANNOTATION - fix gene: extract symbol from protein name. symbol=eutH
13:43:41.192 - INFO - ANNOTATION - fix gene: extract symbol from protein name. symbol=ccmL
13:43:41.192 - INFO - ANNOTATION - marked as hypothetical: contig=contig_24, start=4121, stop=4393, strand=-
13:43:41.192 - INFO - ANNOTATION - fix gene: extract symbol from protein name. symbol=eutL
13:43:41.192 - INFO - ANNOTATION - fix gene: extract symbol from protein name. symbol=eutC
13:43:41.192 - INFO - ANNOTATION - fix gene: lowercase first char. new=eutB, old=EutB
13:43:41.192 - INFO - ANNOTATION - fix gene: lowercase first char. new=eutB, old=EutB
13:43:41.192 - INFO - ANNOTATION - fix gene: extract symbol from protein name. symbol=eutA
13:43:41.192 - INFO - ANNOTATION - marked as hypothetical: contig=contig_24, start=15891, stop=16115, strand=-
13:43:41.192 - INFO - ANNOTATION - fix gene: extract symbol from protein name. symbol=lysR
13:43:41.192 - INFO - ANNOTATION - marked as hypothetical: contig=contig_24, start=32261, stop=32680, strand=-
13:43:41.193 - INFO - ANNOTATION - marked as hypothetical: contig=contig_24, start=34191, stop=34691, strand=+
13:43:41.193 - INFO - ANNOTATION - fix gene: extract symbol from protein name. symbol=iclR
13:43:41.193 - INFO - ANNOTATION - fix gene: extract symbol from protein name. symbol=fprA
13:43:41.193 - INFO - ANNOTATION - fix product: revise DUF. new=DUF6530 domain-containing protein, old=Family of unknown function (DUF6530)
13:43:41.193 - INFO - ANNOTATION - fix gene: extract symbol from protein name. symbol=hemW
13:43:41.193 - INFO - ANNOTATION - fix gene: extract symbol from protein name. symbol=recG
13:43:41.193 - INFO - ANNOTATION - fix product: replace Homolog. new=Stage 0 sporulation  A-like protein, old=Stage 0 sporulation protein A homolog
13:43:41.194 - INFO - ANNOTATION - fix product: revise whitespaces. new=Stage 0 sporulation A-like protein, old=Stage 0 sporulation  A-like protein
13:43:41.194 - INFO - ANNOTATION - fix gene: lowercase first char. new=pycA, old=PycA
13:43:41.194 - INFO - ANNOTATION - fix gene: lowercase first char. new=pycA, old=PycA
13:43:41.194 - INFO - ANNOTATION - fix product: replace Homolog. new=S-layer-like y domain-containing protein, old=S-layer homology domain-containing protein
13:43:41.194 - INFO - ANNOTATION - fix product: replace Homolog. new=Stage 0 sporulation  A-like protein, old=Stage 0 sporulation protein A homolog
13:43:41.194 - INFO - ANNOTATION - fix product: revise whitespaces. new=Stage 0 sporulation A-like protein, old=Stage 0 sporulation  A-like protein
13:43:41.194 - INFO - ANNOTATION - fix product: replace Homolog. new=Stage 0 sporulation  A-like protein, old=Stage 0 sporulation protein A homolog
13:43:41.194 - INFO - ANNOTATION - fix product: revise whitespaces. new=Stage 0 sporulation A-like protein, old=Stage 0 sporulation  A-like protein
13:43:41.195 - INFO - ANNOTATION - fix gene: extract symbol from protein name. symbol=moaA
13:43:41.195 - INFO - ANNOTATION - fix gene: extract symbol from protein name. symbol=moaC
13:43:41.195 - INFO - ANNOTATION - marked as hypothetical: contig=contig_26, start=33149, stop=33529, strand=-
13:43:41.195 - INFO - ANNOTATION - marked as hypothetical: contig=contig_27, start=643, stop=1167, strand=-
13:43:41.195 - INFO - ANNOTATION - fix gene: lowercase first char. new=rpoE, old=RpoE
13:43:41.195 - INFO - ANNOTATION - fix gene: lowercase first char. new=rpoE, old=RpoE
13:43:41.195 - INFO - ANNOTATION - fix product: replace Homolog. new=Stage 0 sporulation  A-like protein, old=Stage 0 sporulation protein A homolog
13:43:41.195 - INFO - ANNOTATION - fix product: revise whitespaces. new=Stage 0 sporulation A-like protein, old=Stage 0 sporulation  A-like protein
13:43:41.195 - INFO - ANNOTATION - fix gene: extract symbol from protein name. symbol=kstR2
13:43:41.195 - INFO - ANNOTATION - fix gene: extract symbol from protein name. symbol=msbA
13:43:41.195 - INFO - ANNOTATION - fix gene: extract symbol from protein name. symbol=blaI
13:43:41.196 - INFO - ANNOTATION - fix gene: extract symbol from protein name. symbol=mecI
13:43:41.196 - INFO - ANNOTATION - fix product: replace Homolog. new=Stage 0 sporulation  A-like protein, old=Stage 0 sporulation protein A homolog
13:43:41.196 - INFO - ANNOTATION - fix product: revise whitespaces. new=Stage 0 sporulation A-like protein, old=Stage 0 sporulation  A-like protein
13:43:41.196 - INFO - ANNOTATION - fix gene: extract symbol from protein name. symbol=copY
13:43:41.196 - INFO - ANNOTATION - marked as hypothetical: contig=contig_27, start=31150, stop=31806, strand=+
13:43:41.196 - INFO - ANNOTATION - marked as hypothetical: contig=contig_27, start=32266, stop=33090, strand=+
13:43:41.196 - INFO - ANNOTATION - fix gene: extract symbol from protein name. symbol=rseP
13:43:41.196 - INFO - ANNOTATION - fix gene: extract symbol from protein name. symbol=hisB
13:43:41.196 - INFO - ANNOTATION - fix gene: extract symbol from protein name. symbol=hisH
13:43:41.197 - INFO - ANNOTATION - fix gene: extract symbol from protein name. symbol=hisF
13:43:41.197 - INFO - ANNOTATION - fix product: revise DUF. new=DUF6179 domain-containing protein, old=Family of unknown function (DUF6179)
13:43:41.197 - INFO - ANNOTATION - fix product: revise DUF. new=DUF6323 domain-containing protein, old=Family of unknown function (DUF6323)
13:43:41.197 - INFO - ANNOTATION - fix gene: extract symbol from protein name. symbol=marR
13:43:41.197 - INFO - ANNOTATION - marked as hypothetical: contig=contig_29, start=8007, stop=8126, strand=-
13:43:41.197 - INFO - ANNOTATION - fix gene: extract symbol from protein name. symbol=gntR
13:43:41.198 - INFO - ANNOTATION - fix gene: extract symbol from protein name. symbol=lysR
13:43:41.198 - INFO - ANNOTATION - fix gene: extract symbol from protein name. symbol=gntR
13:43:41.198 - INFO - ANNOTATION - fix product: replace putative synonyms. new=putative tRNA sulfurtransferase, old=Probable tRNA sulfurtransferase
13:43:41.198 - INFO - ANNOTATION - fix gene: extract symbol from protein name. symbol=yifB
13:43:41.198 - INFO - ANNOTATION - marked as hypothetical: contig=contig_30, start=13825, stop=14412, strand=-
13:43:41.198 - INFO - ANNOTATION - fix gene: extract symbol from protein name. symbol=rlmD
13:43:41.198 - INFO - ANNOTATION - fix gene: extract symbol from protein name. symbol=secA
13:43:41.198 - INFO - ANNOTATION - fix gene: extract symbol from protein name. symbol=pgeF
13:43:41.198 - INFO - ANNOTATION - marked as hypothetical: contig=contig_31, start=1037, stop=1141, strand=+
13:43:41.199 - INFO - ANNOTATION - fix gene: extract symbol from protein name. symbol=tetR
13:43:41.199 - INFO - ANNOTATION - fix product: revise DUF. new=DUF6138 domain-containing protein, old=Family of unknown function (DUF6138)
13:43:41.199 - INFO - ANNOTATION - fix product: revise DUF. new=DUF6138 domain-containing protein, old=Family of unknown function (DUF6138)
13:43:41.199 - INFO - ANNOTATION - fix gene: extract symbol from protein name. symbol=parB
13:43:41.199 - INFO - ANNOTATION - marked as hypothetical: contig=contig_31, start=16025, stop=16300, strand=+
13:43:41.199 - INFO - ANNOTATION - marked as hypothetical: contig=contig_31, start=18164, stop=18412, strand=+
13:43:41.199 - INFO - ANNOTATION - marked as hypothetical: contig=contig_31, start=26830, stop=26988, strand=-
13:43:41.199 - INFO - ANNOTATION - fix gene: extract symbol from protein name. symbol=lexA
13:43:41.199 - INFO - ANNOTATION - fix gene: extract symbol from protein name. symbol=marR
13:43:41.199 - INFO - ANNOTATION - fix gene: lowercase first char. new=fabG, old=FabG
13:43:41.200 - INFO - ANNOTATION - fix gene: lowercase first char. new=fabG, old=FabG
13:43:41.200 - INFO - ANNOTATION - fix gene: lowercase first char. new=yqiK, old=YqiK
13:43:41.200 - INFO - ANNOTATION - fix gene: lowercase first char. new=yqiK, old=YqiK
13:43:41.200 - INFO - ANNOTATION - fix product: revise DUF. new=DUF1449 domain-containing protein, old=DUF1449 family protein
13:43:41.200 - INFO - ANNOTATION - fix gene: extract symbol from protein name. symbol=mtaB
13:43:41.200 - INFO - ANNOTATION - fix product: revise UPF. new=UPF0210 protein, old=Uncharacterized conserved protein, UPF0210 family
13:43:41.200 - INFO - ANNOTATION - fix gene: extract symbol from protein name. symbol=pilT
13:43:41.200 - INFO - ANNOTATION - fix gene: extract symbol from protein name. symbol=gntP
13:43:41.200 - INFO - ANNOTATION - fix gene: extract symbol from protein name. symbol=lysR
13:43:41.201 - INFO - ANNOTATION - fix gene: extract symbol from protein name. symbol=thiW
13:43:41.201 - INFO - ANNOTATION - marked as hypothetical: contig=contig_33, start=20519, stop=21205, strand=+
13:43:41.201 - INFO - ANNOTATION - fix gene: extract symbol from protein name. symbol=marR
13:43:41.201 - INFO - ANNOTATION - fix product: replace Homolog. new=Stage 0 sporulation  A-like protein, old=Stage 0 sporulation protein A homolog
13:43:41.201 - INFO - ANNOTATION - fix product: revise whitespaces. new=Stage 0 sporulation A-like protein, old=Stage 0 sporulation  A-like protein
13:43:41.201 - INFO - ANNOTATION - fix product: revise DUF. new=DUF3021 domain-containing protein, old=DUF3021 family protein
13:43:41.201 - INFO - ANNOTATION - fix gene: extract symbol from protein name. symbol=secG
13:43:41.201 - INFO - ANNOTATION - fix gene: extract symbol from protein name. symbol=ridA
13:43:41.201 - INFO - ANNOTATION - marked as hypothetical: contig=contig_35, start=269, stop=490, strand=+
13:43:41.202 - INFO - ANNOTATION - marked as hypothetical: contig=contig_35, start=1694, stop=1924, strand=+
13:43:41.202 - INFO - ANNOTATION - marked as hypothetical: contig=contig_35, start=5119, stop=5316, strand=+
13:43:41.202 - INFO - ANNOTATION - marked as hypothetical: contig=contig_35, start=7358, stop=7729, strand=+
13:43:41.202 - INFO - ANNOTATION - marked as hypothetical: contig=contig_35, start=10259, stop=10795, strand=-
13:43:41.202 - INFO - ANNOTATION - marked as hypothetical: contig=contig_35, start=10953, stop=13478, strand=+
13:43:41.202 - INFO - ANNOTATION - marked as hypothetical: contig=contig_35, start=13866, stop=16073, strand=+
13:43:41.202 - INFO - ANNOTATION - marked as hypothetical: contig=contig_35, start=16083, stop=16466, strand=+
13:43:41.202 - INFO - ANNOTATION - fix gene: extract symbol from protein name. symbol=bppU
13:43:41.202 - INFO - ANNOTATION - marked as hypothetical: contig=contig_35, start=16794, stop=17051, strand=+
13:43:41.202 - INFO - ANNOTATION - marked as hypothetical: contig=contig_35, start=17065, stop=17721, strand=+
13:43:41.202 - INFO - ANNOTATION - marked as hypothetical: contig=contig_35, start=18705, stop=19925, strand=+
13:43:41.202 - INFO - ANNOTATION - marked as hypothetical: contig=contig_35, start=19947, stop=20327, strand=+
13:43:41.202 - INFO - ANNOTATION - fix gene: extract symbol from protein name. symbol=xkdX
13:43:41.202 - INFO - ANNOTATION - marked as hypothetical: contig=contig_35, start=20517, stop=20903, strand=+
13:43:41.202 - INFO - ANNOTATION - fix gene: extract symbol from protein name. symbol=trmB
13:43:41.202 - INFO - ANNOTATION - marked as hypothetical: contig=contig_36, start=9337, stop=9612, strand=-
13:43:41.202 - INFO - ANNOTATION - marked as hypothetical: contig=contig_36, start=9888, stop=10130, strand=+
13:43:41.202 - INFO - ANNOTATION - marked as hypothetical: contig=contig_36, start=11162, stop=11257, strand=+
13:43:41.202 - INFO - ANNOTATION - marked as hypothetical: contig=contig_36, start=11257, stop=12480, strand=+
13:43:41.203 - INFO - ANNOTATION - fix gene: extract symbol from protein name. symbol=sigK
13:43:41.203 - INFO - ANNOTATION - fix gene: extract symbol from protein name. symbol=tadB
13:43:41.203 - INFO - ANNOTATION - fix gene: extract symbol from protein name. symbol=cpaF
13:43:41.203 - INFO - ANNOTATION - fix gene: extract symbol from protein name. symbol=cpaB
13:43:41.203 - INFO - ANNOTATION - fix product: revise DUF. new=DUF6133 domain-containing protein, old=Family of unknown function (DUF6133)
13:43:41.203 - INFO - ANNOTATION - fix gene: extract symbol from protein name. symbol=ardA
13:43:41.203 - INFO - ANNOTATION - fix gene: extract symbol from protein name. symbol=ardA
13:43:41.203 - INFO - ANNOTATION - marked as hypothetical: contig=contig_37, start=15109, stop=15222, strand=-
13:43:41.203 - INFO - ANNOTATION - marked as hypothetical: contig=contig_37, start=15244, stop=15981, strand=-
13:43:41.203 - INFO - ANNOTATION - fix gene: extract symbol from protein name. symbol=ardA
13:43:41.203 - INFO - ANNOTATION - marked as hypothetical: contig=contig_37, start=18632, stop=19321, strand=-
13:43:41.204 - INFO - ANNOTATION - marked as hypothetical: contig=contig_38, start=1874, stop=2074, strand=+
13:43:41.204 - INFO - ANNOTATION - marked as hypothetical: contig=contig_38, start=3846, stop=4694, strand=+
13:43:41.204 - INFO - ANNOTATION - marked as hypothetical: contig=contig_38, start=5798, stop=6004, strand=-
13:43:41.204 - INFO - ANNOTATION - marked as hypothetical: contig=contig_38, start=6110, stop=6547, strand=+
13:43:41.204 - INFO - ANNOTATION - marked as hypothetical: contig=contig_38, start=6549, stop=8342, strand=+
13:43:41.204 - INFO - ANNOTATION - marked as hypothetical: contig=contig_38, start=10115, stop=10408, strand=+
13:43:41.204 - INFO - ANNOTATION - marked as hypothetical: contig=contig_38, start=10408, stop=10728, strand=+
13:43:41.204 - INFO - ANNOTATION - marked as hypothetical: contig=contig_38, start=11130, stop=11513, strand=+
13:43:41.204 - INFO - ANNOTATION - marked as hypothetical: contig=contig_38, start=12888, stop=15317, strand=+
13:43:41.204 - INFO - ANNOTATION - marked as hypothetical: contig=contig_38, start=15330, stop=20567, strand=+
13:43:41.204 - INFO - ANNOTATION - marked as hypothetical: contig=contig_39, start=598, stop=840, strand=-
13:43:41.204 - INFO - ANNOTATION - marked as hypothetical: contig=contig_39, start=5696, stop=6442, strand=+
13:43:41.204 - INFO - ANNOTATION - fix gene: extract symbol from protein name. symbol=lysM
13:43:41.204 - INFO - ANNOTATION - marked as hypothetical: contig=contig_39, start=9469, stop=10119, strand=-
13:43:41.204 - INFO - ANNOTATION - fix gene: extract symbol from protein name. symbol=lysR
13:43:41.204 - INFO - ANNOTATION - marked as hypothetical: contig=contig_39, start=12722, stop=12862, strand=+
13:43:41.204 - INFO - ANNOTATION - fix product: revise DUF. new=DUF3298 DUF4163 domains-containing protein, old=DUF3298 and DUF4163 domain-containing protein
13:43:41.205 - INFO - ANNOTATION - fix product: replace putative synonyms. new=putative DNA-binding transcriptional regulator YerC, contains ArsR-like HTH domain, old=Predicted DNA-binding transcriptional regulator YerC, contains ArsR-like HTH domain
13:43:41.205 - INFO - ANNOTATION - fix gene: lowercase first char. new=yerC, old=YerC
13:43:41.205 - INFO - ANNOTATION - fix gene: lowercase first char. new=yerC, old=YerC
13:43:41.205 - INFO - ANNOTATION - fix gene: extract symbol from protein name. symbol=hslO
13:43:41.205 - INFO - ANNOTATION - fix product: revise DUF. new=DUF3991 domain-containing protein, old=Protein of unknown function (DUF3991)
13:43:41.205 - INFO - ANNOTATION - marked as hypothetical: contig=contig_40, start=4190, stop=4285, strand=-
13:43:41.205 - INFO - ANNOTATION - marked as hypothetical: contig=contig_40, start=4310, stop=4630, strand=-
13:43:41.205 - INFO - ANNOTATION - marked as hypothetical: contig=contig_41, start=324, stop=593, strand=-
13:43:41.205 - INFO - ANNOTATION - marked as hypothetical: contig=contig_41, start=535, stop=1374, strand=-
13:43:41.205 - INFO - ANNOTATION - marked as hypothetical: contig=contig_42, start=1208, stop=1825, strand=+
13:43:41.205 - INFO - ANNOTATION - marked as hypothetical: contig=contig_42, start=2942, stop=4138, strand=+
13:43:41.205 - INFO - ANNOTATION - fix gene: extract symbol from protein name. symbol=tnpV
13:43:41.205 - INFO - ANNOTATION - fix product: revise DUF. new=DUF4007 domain-containing protein, old=DUF4007 family protein
13:43:41.205 - INFO - ANNOTATION - fix gene: extract symbol from protein name. symbol=marR
13:43:41.205 - INFO - ANNOTATION - marked as hypothetical: contig=contig_44, start=10285, stop=10476, strand=+
13:43:41.205 - INFO - ANNOTATION - marked as hypothetical: contig=contig_44, start=12548, stop=13084, strand=+
13:43:41.205 - INFO - ANNOTATION - marked as hypothetical: contig=contig_45, start=447, stop=689, strand=-
13:43:41.205 - INFO - ANNOTATION - marked as hypothetical: contig=contig_45, start=707, stop=907, strand=-
13:43:41.206 - INFO - ANNOTATION - marked as hypothetical: contig=contig_45, start=5912, stop=6511, strand=+
13:43:41.206 - INFO - ANNOTATION - fix product: revise DUF. new=DUF6076 domain-containing protein, old=Family of unknown function (DUF6076)
13:43:41.206 - INFO - ANNOTATION - fix gene: extract symbol from protein name. symbol=mobC
13:43:41.206 - INFO - ANNOTATION - fix gene: extract symbol from protein name. symbol=cpaF
13:43:41.206 - INFO - ANNOTATION - fix gene: lowercase first char. new=cpaF, old=CpaF
13:43:41.206 - INFO - ANNOTATION - fix gene: lowercase first char. new=cpaF, old=CpaF
13:43:41.206 - INFO - ANNOTATION - fix gene: extract symbol from protein name. symbol=cpaB
13:43:41.206 - INFO - ANNOTATION - marked as hypothetical: contig=contig_46, start=5088, stop=5180, strand=-
13:43:41.206 - INFO - ANNOTATION - marked as hypothetical: contig=contig_46, start=6048, stop=6482, strand=-
13:43:41.206 - INFO - ANNOTATION - fix gene: extract symbol from protein name. symbol=prgI
13:43:41.206 - INFO - ANNOTATION - fix gene: extract symbol from protein name. symbol=trbL
13:43:41.206 - INFO - ANNOTATION - fix gene: extract symbol from protein name. symbol=virD4
13:43:41.206 - INFO - ANNOTATION - fix gene: lowercase first char. new=virD4, old=VirD4
13:43:41.206 - INFO - ANNOTATION - fix gene: lowercase first char. new=virD4, old=VirD4
13:43:41.207 - INFO - ANNOTATION - marked as hypothetical: contig=contig_48, start=2732, stop=2911, strand=-
13:43:41.207 - INFO - ANNOTATION - marked as hypothetical: contig=contig_48, start=3444, stop=3818, strand=-
13:43:41.207 - INFO - ANNOTATION - marked as hypothetical: contig=contig_48, start=10827, stop=11027, strand=-
13:43:41.207 - INFO - ANNOTATION - marked as hypothetical: contig=contig_48, start=11198, stop=11314, strand=-
13:43:41.207 - INFO - ANNOTATION - fix product: revise DUF. new=DUF6809 domain-containing protein, old=Family of unknown function (DUF6809)
13:43:41.207 - INFO - ANNOTATION - fix gene: extract symbol from protein name. symbol=smpB
13:43:41.207 - INFO - ANNOTATION - fix gene: extract symbol from protein name. symbol=mecA
13:43:41.207 - INFO - ANNOTATION - fix product: replace Homolog. new=Stage 0 sporulation  A-like protein, old=Stage 0 sporulation protein A homolog
13:43:41.207 - INFO - ANNOTATION - fix product: revise whitespaces. new=Stage 0 sporulation A-like protein, old=Stage 0 sporulation  A-like protein
13:43:41.207 - INFO - ANNOTATION - marked as hypothetical: contig=contig_49, start=8385, stop=8816, strand=+
13:43:41.207 - INFO - ANNOTATION - fix product: replace Homolog. new=S-layer-like y domain-containing protein, old=S-layer homology domain-containing protein
13:43:41.207 - INFO - ANNOTATION - marked as hypothetical: contig=contig_50, start=541, stop=798, strand=-
13:43:41.208 - INFO - ANNOTATION - marked as hypothetical: contig=contig_50, start=795, stop=1112, strand=-
13:43:41.208 - INFO - ANNOTATION - marked as hypothetical: contig=contig_50, start=1105, stop=1296, strand=-
13:43:41.208 - INFO - ANNOTATION - marked as hypothetical: contig=contig_50, start=1819, stop=2811, strand=-
13:43:41.208 - INFO - ANNOTATION - marked as hypothetical: contig=contig_50, start=2815, stop=3126, strand=-
13:43:41.208 - INFO - ANNOTATION - marked as hypothetical: contig=contig_50, start=3101, stop=3445, strand=-
13:43:41.208 - INFO - ANNOTATION - marked as hypothetical: contig=contig_50, start=3771, stop=4109, strand=-
13:43:41.208 - INFO - ANNOTATION - marked as hypothetical: contig=contig_51, start=1038, stop=1259, strand=-
13:43:41.208 - INFO - ANNOTATION - marked as hypothetical: contig=contig_52, start=7, stop=714, strand=-
13:43:41.208 - INFO - ANNOTATION - fix gene: extract symbol from protein name. symbol=mepA
13:43:41.208 - INFO - ANNOTATION - fix product: revise DUF. new=DUF6061 domain-containing protein, old=DUF6061 family protein
13:43:41.208 - INFO - ANNOTATION - fix product: replace Homolog. new=S-layer-like y domain-containing protein, old=S-layer homology domain-containing protein
13:43:41.208 - INFO - ANNOTATION - fix gene: extract symbol from protein name. symbol=hlyD
13:43:41.209 - INFO - ANNOTATION - marked as hypothetical: contig=contig_57, start=2434, stop=2646, strand=+
13:43:41.209 - INFO - ANNOTATION - marked as hypothetical: contig=contig_58, start=40, stop=555, strand=+
13:43:41.209 - INFO - ANNOTATION - fix product: revise DUF. new=DUF6550 domain-containing protein, old=Family of unknown function (DUF6550)
13:43:41.209 - INFO - ANNOTATION - fix product: revise DUF. new=DUF4417 domain-containing protein, old=Domain of unknown function (DUF4417)
13:43:41.209 - INFO - ANNOTATION - fix product: replace Homolog. new=Stage 0 sporulation  A-like protein, old=Stage 0 sporulation protein A homolog
13:43:41.209 - INFO - ANNOTATION - fix product: revise whitespaces. new=Stage 0 sporulation A-like protein, old=Stage 0 sporulation  A-like protein
13:43:41.209 - INFO - ANNOTATION - marked as hypothetical: contig=contig_62, start=1095, stop=1271, strand=-
13:43:41.209 - INFO - ANNOTATION - marked as hypothetical: contig=contig_62, start=2637, stop=2852, strand=-
13:43:41.209 - INFO - ANNOTATION - marked as hypothetical: contig=contig_65, start=2515, stop=2643, strand=-
13:43:41.210 - INFO - ANNOTATION - fix product: replace putative synonyms. new=putative ATPase, AAA+ superfamily, old=Predicted ATPase, AAA+ superfamily
13:43:41.210 - INFO - ANNOTATION - marked as hypothetical: contig=contig_68, start=61, stop=759, strand=+
13:43:41.210 - INFO - ANNOTATION - marked as hypothetical: contig=contig_69, start=267, stop=821, strand=+
13:43:41.210 - INFO - ANNOTATION - fix gene: extract symbol from protein name. symbol=copG
13:43:41.210 - INFO - ANNOTATION - marked as hypothetical: contig=contig_71, start=120, stop=482, strand=-
13:43:41.210 - INFO - ANNOTATION - marked as hypothetical: contig=contig_71, start=934, stop=1308, strand=-
13:43:41.210 - INFO - ANNOTATION - marked as hypothetical: contig=contig_72, start=934, stop=1308, strand=-
13:43:41.210 - INFO - ANNOTATION - marked as hypothetical: contig=contig_76, start=412, stop=663, strand=-
13:43:41.210 - INFO - ANNOTATION - marked as hypothetical: contig=contig_77, start=502, stop=1050, strand=-
13:43:41.210 - INFO - ANNOTATION - fix gene: extract symbol from protein name. symbol=pocR
13:43:41.210 - INFO - ANNOTATION - marked as hypothetical: contig=contig_89, start=287, stop=655, strand=+
13:43:41.210 - INFO - ANNOTATION - marked as hypothetical: contig=contig_90, start=287, stop=655, strand=+
13:43:41.210 - INFO - ANNOTATION - marked as hypothetical: contig=contig_96, start=25, stop=246, strand=-
13:43:41.210 - INFO - ANNOTATION - marked as hypothetical: contig=contig_96, start=248, stop=442, strand=-
13:43:41.210 - INFO - ANNOTATION - marked as hypothetical: contig=contig_97, start=25, stop=246, strand=-
13:43:41.210 - INFO - ANNOTATION - marked as hypothetical: contig=contig_97, start=248, stop=442, strand=-
13:43:41.210 - INFO - ANNOTATION - marked as hypothetical: contig=contig_103, start=305, stop=583, strand=-
13:43:41.210 - INFO - ANNOTATION - marked as hypothetical: contig=contig_104, start=305, stop=583, strand=-
13:43:41.211 - INFO - ORF - write internal aa seqs: # seqs=266, path=/tmp/slurm-687207/tmp6953v1_h/cds.pseudo.candidates.faa
13:51:17.843 - INFO - CDS - found: pseudogene-candidates=17
13:51:18.340 - INFO - CDS - pseudogene observation: contig=contig_1, start=140367, stop=140510, strand=+, cause=deletion, position=140344
13:51:18.341 - INFO - CDS - pseudogene: contig=contig_1, start=140367, stop=140510, strand=+, insertions=[], deletions=[140344], mutations=[], effect=
13:51:18.341 - INFO - CDS - pseudogene observation: contig=contig_9, start=14683, stop=14904, strand=-, cause=deletion, position=14933
13:51:18.342 - INFO - CDS - pseudogene: contig=contig_9, start=14683, stop=14904, strand=-, insertions=[], deletions=[14933], mutations=[], effect=
13:51:18.342 - INFO - CDS - pseudogene observation: contig=contig_19, start=39690, stop=39806, strand=+, effect=stop, cause=mutation, position=39804
13:51:18.342 - INFO - CDS - pseudogene: contig=contig_19, start=39690, stop=39806, strand=+, insertions=[], deletions=[], mutations=[39804], effect=Internal stop codon at 39804
13:51:18.342 - INFO - CDS - pseudogene observation: contig=contig_24, start=32261, stop=32680, strand=-, cause=insertion, position=32323
13:51:18.343 - INFO - CDS - pseudogene: contig=contig_24, start=32261, stop=32680, strand=-, insertions=[32323], deletions=[], mutations=[], effect=
13:51:18.343 - INFO - CDS - found: pseudogenes=4
13:51:18.357 - INFO - PSC - looked-up=4
13:51:18.374 - INFO - PSCC - looked-up=3
13:51:18.374 - INFO - ANNOTATION - marked as hypothetical: contig=contig_19, start=39690, stop=39806, strand=+
13:51:18.461 - INFO - CDS - pfam detected: contig=contig_33, start=20519, stop=21205, strand=+, pfam-id=PF00005.31, length=144, aa-start=20, aa-stop=154, aa-cov=0.6, hmm-cov=0.9, evalue=1.2e-25, bitscore=84.7, name=ABC_tran
13:51:18.847 - INFO - CDS - pfam detected: contig=contig_8, start=125343, stop=125474, strand=-, pfam-id=PF05853.16, length=40, aa-start=2, aa-stop=41, aa-cov=0.9, hmm-cov=1.0, evalue=2.9e-14, bitscore=47.1, name=BKACE
13:51:18.847 - INFO - CDS - pfam detected: contig=contig_65, start=2515, stop=2643, strand=-, pfam-id=PF05853.16, length=41, aa-start=1, aa-stop=41, aa-cov=1.0, hmm-cov=1.0, evalue=9.8e-14, bitscore=45.3, name=BKACE
13:51:19.350 - INFO - CDS - pfam detected: contig=contig_36, start=11257, stop=12480, strand=+, pfam-id=PF01266.28, length=349, aa-start=1, aa-stop=302, aa-cov=0.7, hmm-cov=0.9, evalue=1.3e-32, bitscore=107.7, name=DAO
13:51:19.988 - INFO - CDS - pfam detected: contig=contig_19, start=50022, stop=50246, strand=+, pfam-id=PF21757.1, length=61, aa-start=12, aa-stop=72, aa-cov=0.8, hmm-cov=1.0, evalue=8.8e-30, bitscore=96.6, name=DUF6870
13:51:20.694 - INFO - CDS - pfam detected: contig=contig_19, start=31380, stop=33869, strand=+, pfam-id=PF00271.35, length=73, aa-start=442, aa-stop=514, aa-cov=0.1, hmm-cov=1.0, evalue=2.2e-07, bitscore=25.2, name=Helicase_C
13:51:21.632 - INFO - CDS - pfam detected: contig=contig_5, start=89209, stop=89580, strand=+, pfam-id=PF21758.1, length=113, aa-start=10, aa-stop=121, aa-cov=0.9, hmm-cov=1.0, evalue=1.1e-27, bitscore=90.1, name=PAC_bac
13:51:22.306 - INFO - CDS - pfam detected: contig=contig_9, start=128, stop=250, strand=+, pfam-id=PF00301.24, length=17, aa-start=17, aa-stop=33, aa-cov=0.4, hmm-cov=1.0, evalue=5.6e-07, bitscore=23.6, name=Rubredoxin
13:51:22.308 - INFO - CDS - pfam detected: contig=contig_9, start=128, stop=250, strand=+, pfam-id=PF21349.1, length=31, aa-start=4, aa-stop=34, aa-cov=0.8, hmm-cov=1.0, evalue=6.2e-16, bitscore=51.7, name=RUBY_RBDX
13:51:22.415 - INFO - CDS - pfam detected: contig=contig_18, start=44563, stop=44961, strand=-, pfam-id=PF08238.16, length=36, aa-start=17, aa-stop=52, aa-cov=0.3, hmm-cov=1.0, evalue=1.3e-14, bitscore=48.2, name=Sel1
13:51:22.503 - INFO - CDS - pfam detected: contig=contig_11, start=65457, stop=66209, strand=-, pfam-id=PF01464.24, length=101, aa-start=128, aa-stop=216, aa-cov=0.4, hmm-cov=1.0, evalue=2.9e-18, bitscore=59.6, name=SLT
13:51:23.276 - INFO - CDS - pfam detected: contig=contig_35, start=10259, stop=10795, strand=-, pfam-id=PF13240.10, length=22, aa-start=5, aa-stop=26, aa-cov=0.1, hmm-cov=1.0, evalue=1.0e-07, bitscore=25.7, name=zinc_ribbon_2
13:51:23.278 - INFO - CDS - predicted-pfams=12, CDS-w/-pfams=11
13:51:25.871 - INFO - S_ORF - predicted=31041
13:51:26.765 - INFO - S_ORF - sORF filter: # valid=5241, # discarded=25800
13:51:27.176 - INFO - ORF - discarded=0
13:52:23.231 - INFO - UPS - looked-up=2
13:52:23.251 - INFO - IPS - looked-up=2
13:52:23.251 - INFO - ORF - write internal aa seqs: # seqs=5239, path=/tmp/slurm-687207/tmp6953v1_h/sorf.faa
13:52:23.542 - INFO - S_ORF - found=0
13:52:23.544 - INFO - PSC - looked-up=2
13:52:23.546 - INFO - PSCC - looked-up=2
13:52:24.783 - INFO - ORI - predicted=0
13:52:25.019 - INFO - ORI - predicted=0
13:52:25.020 - INFO - ANNOTATION - overlap: ncRNA-region (c-di-GMP-I-GGC riboswitch) [353283, 353369] overlapping with ncRNA-region (Cyclic di-GMP-I riboswitch) [353284, 353370] at [353284,353369] on contig=contig_1, lower bitscore (56.000000/77.500000)
13:52:25.021 - INFO - ANNOTATION - overlap: CDS (None/hypothetical protein) [73280, 73867] overlapping tRNA (trnR) [73414, 73490], [73414,73490], contig=contig_3
13:52:25.021 - INFO - ANNOTATION - overlap: CDS (None/Carbohydrate-binding domain-containing protein) [6701, 9031] overlapping CRISPR [8028, 8289], [8028,8289], contig=contig_5
13:52:25.028 - INFO - UTILS - generated sequence tag prefix: prefix=IDJGNLCBNM, length=10, MD5=2D3075CB764FDC7A2EBD107448EFF305
13:52:25.030 - INFO - MAIN - selected features=3349
13:52:25.036 - INFO - UTILS - generated sequence tag prefix: prefix=IDJGNL, length=6, MD5=2D3075CB764FDC7A2EBD107448EFF305
13:52:25.036 - INFO - MAIN - locus tag prefix=IDJGNL
13:52:25.043 - INFO - UTILS - genome-size=3499704
13:52:25.066 - INFO - UTILS - GC=0.603
13:52:25.066 - INFO - UTILS - N=0.000
13:52:25.066 - INFO - UTILS - N50=120007
13:52:25.067 - INFO - UTILS - coding-ratio=0.870
13:52:25.070 - INFO - TSV - write tsv: path=/mount/britton/Jose/Jobs/Jason/2026-05-19-BAKTA-Annotation-Pseudo-Strain/workflow-output/bakta/GCF_014287895.1_ASM1428789v1_genomic/GCF_014287895.1_ASM1428789v1_genomic.tsv
13:52:25.098 - INFO - GFF - write GFF3: path=/mount/britton/Jose/Jobs/Jason/2026-05-19-BAKTA-Annotation-Pseudo-Strain/workflow-output/bakta/GCF_014287895.1_ASM1428789v1_genomic/GCF_014287895.1_ASM1428789v1_genomic.gff3
13:52:25.258 - INFO - INSDC - write GenBank: path=/mount/britton/Jose/Jobs/Jason/2026-05-19-BAKTA-Annotation-Pseudo-Strain/workflow-output/bakta/GCF_014287895.1_ASM1428789v1_genomic/GCF_014287895.1_ASM1428789v1_genomic.gbff
13:52:25.572 - INFO - INSDC - write EMBL: path=/mount/britton/Jose/Jobs/Jason/2026-05-19-BAKTA-Annotation-Pseudo-Strain/workflow-output/bakta/GCF_014287895.1_ASM1428789v1_genomic/GCF_014287895.1_ASM1428789v1_genomic.embl
13:52:25.951 - INFO - FASTA - write genome sequences: path=/mount/britton/Jose/Jobs/Jason/2026-05-19-BAKTA-Annotation-Pseudo-Strain/workflow-output/bakta/GCF_014287895.1_ASM1428789v1_genomic/GCF_014287895.1_ASM1428789v1_genomic.fna, description=True, wrap=True
13:52:25.975 - INFO - FASTA - write feature nucleotide sequences: path=/mount/britton/Jose/Jobs/Jason/2026-05-19-BAKTA-Annotation-Pseudo-Strain/workflow-output/bakta/GCF_014287895.1_ASM1428789v1_genomic/GCF_014287895.1_ASM1428789v1_genomic.ffn
13:52:26.006 - INFO - FASTA - write translated CDS/sORF: path=/mount/britton/Jose/Jobs/Jason/2026-05-19-BAKTA-Annotation-Pseudo-Strain/workflow-output/bakta/GCF_014287895.1_ASM1428789v1_genomic/GCF_014287895.1_ASM1428789v1_genomic.faa
13:52:26.380 - INFO - PLOT - write circular genome plot: file-name=GCF_014287895.1_ASM1428789v1_genomic, output-dir=/mount/britton/Jose/Jobs/Jason/2026-05-19-BAKTA-Annotation-Pseudo-Strain/workflow-output/bakta/GCF_014287895.1_ASM1428789v1_genomic
13:52:40.241 - INFO - TSV - write hypothetical tsv: path=/mount/britton/Jose/Jobs/Jason/2026-05-19-BAKTA-Annotation-Pseudo-Strain/workflow-output/bakta/GCF_014287895.1_ASM1428789v1_genomic/GCF_014287895.1_ASM1428789v1_genomic.hypotheticals.tsv
13:52:40.250 - INFO - FASTA - write translated CDS/sORF: path=/mount/britton/Jose/Jobs/Jason/2026-05-19-BAKTA-Annotation-Pseudo-Strain/workflow-output/bakta/GCF_014287895.1_ASM1428789v1_genomic/GCF_014287895.1_ASM1428789v1_genomic.hypotheticals.faa
13:52:40.258 - INFO - JSON - write JSON: path=/mount/britton/Jose/Jobs/Jason/2026-05-19-BAKTA-Annotation-Pseudo-Strain/workflow-output/bakta/GCF_014287895.1_ASM1428789v1_genomic/GCF_014287895.1_ASM1428789v1_genomic.json
13:52:40.527 - INFO - MAIN - removed tmp dir: /tmp/slurm-687207/tmp6953v1_h
