#Annotated with Bakta v1.9.3, https://github.com/oschwengers/bakta
#Database v5.1, https://doi.org/10.5281/zenodo.4247252
#Sequence Id	Start	Stop	Strand	Locus Tag	Mol Weight [kDa]	Iso El. Point	Pfam hits	Dbxrefs
contig_1	1568	1828	+	NAPDKL_00010	9.7	9.8		
contig_1	3718	4098	+	NAPDKL_00025	14.3	9.8		
contig_1	4099	4353	+	NAPDKL_00030	8.9	7.8		
contig_1	6556	6903	+	NAPDKL_00035	13.2	5.5		SO:0001217, UniRef:UniRef50_UPI00189A4FAA, UniRef:UniRef90_UPI00189A4FAA
contig_1	7041	7763	+	NAPDKL_00040	27.3	4.6		SO:0001217, UniRef:UniRef50_UPI001898EF10, UniRef:UniRef90_UPI001898EF10
contig_1	7708	8091	+	NAPDKL_00045	14.3	4.1		
contig_1	8332	8856	+	NAPDKL_00050	19.5	5.2		SO:0001217, UniRef:UniRef50_UPI0018988518
contig_1	9105	9389	+	NAPDKL_00055	11.0	4.4		
contig_1	9444	9653	+	NAPDKL_00060	7.9	5.7		SO:0001217, UniRef:UniRef50_UPI0018970898, UniRef:UniRef90_UPI0018970898
contig_1	14898	15092	+	NAPDKL_00085	7.2	6.5		
contig_1	15428	17008	-	NAPDKL_00090	60.6	6.2		SO:0001217, UniRef:UniRef50_A0A096B3D3
contig_1	17178	17519	-	NAPDKL_00095	13.5	4.8		
contig_1	31084	31752	-	NAPDKL_00150	24.7	4.3		SO:0001217, UniRef:UniRef50_A0A096B656, UniRef:UniRef90_A0A096B656
contig_1	32617	33060	-	NAPDKL_00160	16.5	4.4		SO:0001217, UniRef:UniRef50_R9M9S0, UniRef:UniRef90_A0A096B4Z1
contig_1	34493	35596	-	NAPDKL_00175	41.3	4.7		SO:0001217, UniRef:UniRef50_A0A096B5X5, UniRef:UniRef90_A0A096B5X5
contig_1	41416	42003	-	NAPDKL_00205	22.8	5.4		SO:0001217, UniRef:UniRef50_R9M8T4, UniRef:UniRef90_A0A096DA91
contig_1	57921	58553	-	NAPDKL_00280	24.2	7.0		RefSeq:WP_024722885.1, SO:0001217, UniParc:UPI000464B6AA, UniRef:UniRef100_UPI000464B6AA, UniRef:UniRef50_A0A096B4W8, UniRef:UniRef90_UPI00189C34E4
contig_1	62154	62720	-	NAPDKL_00310	21.8	5.6		SO:0001217, UniRef:UniRef50_A0A096B629, UniRef:UniRef90_A0A096B629
contig_1	63996	64307	-	NAPDKL_00320	11.6	4.8		RefSeq:WP_044942020.1, SO:0001217, UniParc:UPI0005070DFE, UniRef:UniRef100_A0A096DA73, UniRef:UniRef50_A0A096DA73, UniRef:UniRef90_A0A096DA73
contig_1	66374	67141	-	NAPDKL_00335	28.7	4.9		SO:0001217, UniRef:UniRef50_A0A096B623, UniRef:UniRef90_A0A096B623
contig_1	69516	70220	-	NAPDKL_00350	27.1	8.8		RefSeq:WP_108979406.1, SO:0001217, UniParc:UPI000D2EA0C1, UniRef:UniRef100_UPI000D2EA0C1, UniRef:UniRef50_A0A096B4V5, UniRef:UniRef90_A0A096B4V5
contig_1	112168	112431	-	NAPDKL_00545	10.0	4.1		
contig_1	112974	113093	+	NAPDKL_00550	4.6	4.4		
contig_1	116052	116309	+	NAPDKL_00565	9.5	4.9		SO:0001217, UniRef:UniRef50_UPI0023F2EA30, UniRef:UniRef90_UPI0023F2EA30
contig_1	116370	116741	+	NAPDKL_00570	12.9	5.2		SO:0001217, UniRef:UniRef50_UPI0023EFFD6B, UniRef:UniRef90_UPI0023EFFD6B
contig_1	116819	117058	+	NAPDKL_00575	9.0	9.3		SO:0001217, UniParc:UPI000D2A17E4, UniRef:UniRef100_UPI000D2A17E4, UniRef:UniRef50_UPI000AD8EC9A, UniRef:UniRef90_UPI000AD8EC9A
contig_1	137800	139200	+	NAPDKL_00670	50.7	4.2		SO:0001217, UniParc:UPI000D2B6DF4, UniRef:UniRef100_UPI000D2B6DF4, UniRef:UniRef50_UPI002659B392, UniRef:UniRef90_UPI002659B392
contig_1	149162	149419	+	NAPDKL_00720	9.2	11.1		RefSeq:WP_050625099.1, SO:0001217, UniParc:UPI00067E834E, UniRef:UniRef100_UPI00067E834E, UniRef:UniRef50_UPI0023EFD94C, UniRef:UniRef90_UPI0023EFD94C
contig_1	152966	153229	+	NAPDKL_00745	9.9	4.9		SO:0001217, UniParc:UPI000D28F7B7, UniRef:UniRef100_UPI000D28F7B7, UniRef:UniRef50_UPI000D28F7B7, UniRef:UniRef90_UPI000D28F7B7
contig_1	157255	157386	+	NAPDKL_00765	5.1	4.6		SO:0001217, UniRef:UniRef50_UPI00266F278D, UniRef:UniRef90_UPI00266F278D
contig_1	158487	158930	-	NAPDKL_00780	16.7	5.7		RefSeq:WP_050625106.1, SO:0001217, UniParc:UPI00067F2F93, UniRef:UniRef100_UPI00067F2F93, UniRef:UniRef50_A0A4P6M3T0, UniRef:UniRef90_UPI0026DAA6CE
contig_1	167383	167934	+	NAPDKL_00825	20.0	9.7		RefSeq:WP_050625115.1, SO:0001217, UniParc:UPI00067ECCC3, UniRef:UniRef100_UPI00067ECCC3, UniRef:UniRef50_UPI00067ECCC3, UniRef:UniRef90_UPI00067ECCC3
contig_1	204391	204879	-	NAPDKL_01015	17.5	4.1		SO:0001217, UniRef:UniRef50_UPI00067F0C4A, UniRef:UniRef90_UPI00067F0C4A
contig_1	207926	208279	+	NAPDKL_01030	13.1	5.6		RefSeq:WP_108979484.1, SO:0001217, UniParc:UPI000D2C0121, UniRef:UniRef100_UPI000D2C0121, UniRef:UniRef50_UPI00067EFD40, UniRef:UniRef90_UPI00067EFD40
contig_1	210103	210732	-	NAPDKL_01040	22.4	4.1		RefSeq:WP_050625153.1, SO:0001217, UniParc:UPI00067E7744, UniRef:UniRef100_UPI00067E7744, UniRef:UniRef50_UPI00067E7744, UniRef:UniRef90_UPI00067E7744
contig_1	210950	211804	+	NAPDKL_01045	31.4	5.0		SO:0001217, UniRef:UniRef50_UPI00266FAE11, UniRef:UniRef90_UPI00266FAE11
contig_1	215117	216139	-	NAPDKL_01065	37.6	4.5		SO:0001217, UniParc:UPI000D2C0E78, UniRef:UniRef100_UPI000D2C0E78, UniRef:UniRef50_UPI0026DAD332, UniRef:UniRef90_UPI0026DAD332
contig_1	227074	227517	+	NAPDKL_01120	16.0	5.5		RefSeq:WP_133248248.1, SO:0001217, UniParc:UPI000AB7D3D3, UniRef:UniRef100_UPI000AB7D3D3, UniRef:UniRef50_UPI000AB7D3D3, UniRef:UniRef90_UPI000AB7D3D3
contig_1	233353	233613	-	NAPDKL_01145	9.6	5.2	PF21757.1|DUF6870	PFAM:PF21757.1, RefSeq:WP_009296117.1, SO:0001217, UniParc:UPI000231F46E, UniRef:UniRef100_UPI000231F46E, UniRef:UniRef50_D9R220, UniRef:UniRef90_A0A1C7FRC7
contig_1	239341	239931	+	NAPDKL_01175	23.4	8.2		RefSeq:WP_009296108.1, SO:0001217, UniParc:UPI000231F465, UniRef:UniRef100_UPI000231F465, UniRef:UniRef50_A0A8J6JHL8, UniRef:UniRef90_A0A8J6JHL8
contig_1	241801	241977	-	NAPDKL_01200	6.6	10.2		RefSeq:WP_009296103.1, SO:0001217, UniParc:UPI000231F460, UniRef:UniRef100_UPI000231F460, UniRef:UniRef50_A0A1I0JLD0, UniRef:UniRef90_UPI000231F460
contig_1	263232	263588	-	NAPDKL_01305	13.4	4.8	PF21757.1|DUF6870	PFAM:PF21757.1, SO:0001217, UniRef:UniRef50_UPI002109426C, UniRef:UniRef90_UPI002109426C
contig_1	264998	265759	-	NAPDKL_01315	27.2	4.1		RefSeq:WP_050625214.1, SO:0001217, UniParc:UPI00067E6F6F, UniRef:UniRef100_UPI00067E6F6F, UniRef:UniRef50_UPI002659B42F, UniRef:UniRef90_UPI002659B42F
contig_1	339992	340624	+	NAPDKL_01660	22.5	4.3		SO:0001217, UniParc:UPI000D2CE8F6, UniRef:UniRef100_UPI000D2CE8F6, UniRef:UniRef50_UPI0023F7F8DF, UniRef:UniRef90_UPI0023F7F8DF
contig_1	346288	346437	-	NAPDKL_01690	5.7	9.5		
contig_1	346549	347322	-	NAPDKL_01695	27.5	4.5		SO:0001217, UniRef:UniRef50_UPI0023F068F9, UniRef:UniRef90_UPI0023F068F9
contig_1	349643	349804	+	NAPDKL_01715	6.0	6.5		
contig_1	351370	351873	-	NAPDKL_01735	19.4	9.0		RefSeq:WP_050625291.1, SO:0001217, UniParc:UPI00067EA16B, UniRef:UniRef100_UPI00067EA16B, UniRef:UniRef50_UPI00067EA16B, UniRef:UniRef90_UPI00067EA16B
contig_1	353839	354012	-	NAPDKL_01750	6.7	5.2		RefSeq:WP_154669741.1, SO:0001217, UniParc:UPI000AC2D375, UniRef:UniRef100_UPI000AC2D375, UniRef:UniRef50_V2YFX3, UniRef:UniRef90_UPI000AC2D375
contig_1	357170	357610	-	NAPDKL_01775	16.8	7.7		RefSeq:WP_050625296.1, SO:0001217, UniParc:UPI00067EA118, UniRef:UniRef100_UPI00067EA118, UniRef:UniRef50_UPI00067EA118, UniRef:UniRef90_UPI00067EA118
contig_1	358015	358242	+	NAPDKL_01780	8.8	9.7		
contig_1	365444	365953	+	NAPDKL_01820	19.4	5.3		
contig_1	366522	366680	+	NAPDKL_01830	5.7	9.7		SO:0001217, UniRef:UniRef50_A0A9D2JJV6
contig_1	371041	371310	+	NAPDKL_01870	9.9	4.8		SO:0001217, UniRef:UniRef50_A0A1M6M367
contig_1	371995	372420	+	NAPDKL_01880	15.3	6.4		SO:0001217, UniRef:UniRef50_A0A1C6AHY4
contig_1	372413	372655	+	NAPDKL_01885	9.1	7.7		
contig_1	372652	372840	+	NAPDKL_01890	7.1	8.4		SO:0001217, UniRef:UniRef50_UPI001C0FEFF0
contig_1	373660	374085	+	NAPDKL_01900	15.7	10.6		
contig_1	374082	374555	+	NAPDKL_01905	17.7	9.0		
contig_1	382426	382812	+	NAPDKL_01960	13.8	4.9		SO:0001217, UniRef:UniRef50_A0A1M6M423
contig_1	382809	383246	+	NAPDKL_01965	17.0	5.0	PF20765.1|DUF6838	PFAM:PF20765.1, SO:0001217, UniRef:UniRef50_A0A1M6M466
contig_1	383246	383440	+	NAPDKL_01970	6.8	9.0		SO:0001217, UniRef:UniRef50_A0A1C6AJI0
contig_1	392617	392880	+	NAPDKL_02030	9.9	5.1		SO:0001217, UniRef:UniRef50_A0A1C6AKR3
contig_1	398936	399421	+	NAPDKL_02065	18.6	10.1		SO:0001217, UniRef:UniRef50_R6H5V4
contig_1	399455	400111	-	NAPDKL_02070	23.2	10.1		SO:0001217, UniRef:UniRef50_UPI001898AD3D
contig_1	400582	400794	+	NAPDKL_02080	7.6	10.5	PF01381.26|HTH_3, PF12844.11|HTH_19, PF13443.10|HTH_26, PF13560.10|HTH_31	PFAM:PF01381.26, PFAM:PF12844.11, PFAM:PF13443.10, PFAM:PF13560.10
contig_1	420457	420732	+	NAPDKL_02170	10.5	4.7		RefSeq:WP_133248255.1, SO:0001217, UniParc:UPI000AF818DB, UniRef:UniRef100_UPI000AF818DB, UniRef:UniRef50_UPI00265ACB21, UniRef:UniRef90_UPI00265ACB21
contig_1	426483	426893	-	NAPDKL_02205	13.5	8.8		SO:0001217, UniRef:UniRef50_UPI001B436411, UniRef:UniRef90_UPI001B436411
contig_1	435928	436404	-	NAPDKL_02260	18.3	8.3		SO:0001217, UniParc:UPI000D2882EB, UniRef:UniRef100_UPI000D2882EB, UniRef:UniRef50_UPI0023EF8799, UniRef:UniRef90_UPI0023EF8799
contig_1	437459	437854	-	NAPDKL_02270	14.8	10.6		RefSeq:WP_050625334.1, SO:0001217, UniParc:UPI00067EC3BE, UniRef:UniRef100_UPI00067EC3BE, UniRef:UniRef50_UPI00265B4B8F, UniRef:UniRef90_UPI00265B4B8F
contig_1	465873	466109	-	NAPDKL_02400	8.8	9.5		RefSeq:WP_050622583.1, SO:0001217, UniParc:UPI00067EDB2B, UniRef:UniRef100_UPI00067EDB2B, UniRef:UniRef50_A0A1Y4LC54, UniRef:UniRef90_UPI00067EDB2B
contig_1	475093	475971	+	NAPDKL_02440	33.9	5.6		SO:0001217, UniParc:UPI000D28490A, UniRef:UniRef100_UPI00130074B2, UniRef:UniRef50_A0A1C5Z5Z6, UniRef:UniRef90_UPI00130074B2
contig_1	477872	477970	-	NAPDKL_02450	3.8	8.8		
contig_1	477998	478168	-	NAPDKL_02455	6.2	6.5		SO:0001217, UniRef:UniRef50_A0A1C5Z682, UniRef:UniRef90_UPI0021093170
contig_1	479443	481512	+	NAPDKL_02465	79.1	5.4		SO:0001217, UniRef:UniRef50_UPI00258384F9
contig_1	503126	503296	-	NAPDKL_02570	6.2	10.5		
contig_1	510998	513013	+	NAPDKL_02600	73.2	8.2	PF00440.27|TetR_N	PFAM:PF00440.27
contig_1	513194	513313	+	NAPDKL_02605	4.6	4.9		
contig_1	543836	544279	+	NAPDKL_02735	16.1	4.5		RefSeq:WP_108979679.1, SO:0001217, UniParc:UPI000D2954E5, UniRef:UniRef100_UPI000D2954E5, UniRef:UniRef50_UPI0023EFE3DC, UniRef:UniRef90_UPI0023EFE3DC
contig_1	576766	577095	-	NAPDKL_02860	12.5	5.2	PF21757.1|DUF6870	PFAM:PF21757.1, SO:0001217, UniRef:UniRef50_A0A1C6BXT3, UniRef:UniRef90_A0A1C6BXT3
contig_1	577236	577370	-	NAPDKL_02865	5.1	4.1		RefSeq:WP_255654084.1, SO:0001217, UniParc:UPI0008213CF2, UniRef:UniRef100_A0A1C6BXH6, UniRef:UniRef50_A0A8J6IZ26, UniRef:UniRef90_A0A1C6BXH6
contig_1	583891	584145	-	NAPDKL_02905	9.3	9.4		RefSeq:WP_108979697.1, SO:0001217, UniParc:UPI000820F2B7, UniRef:UniRef100_A0A1C6BZ91, UniRef:UniRef50_A0A1C6BZ91, UniRef:UniRef90_A0A1C6BZ91
contig_1	584129	584323	-	NAPDKL_02910	7.2	4.1		SO:0001217, UniRef:UniRef50_A0A923MJL1, UniRef:UniRef90_A0A923MJL1
contig_1	587135	587647	-	NAPDKL_02930	19.1	5.8		SO:0001217, UniRef:UniRef50_A0A417NC91, UniRef:UniRef90_A0A923S840
contig_1	587672	587821	-	NAPDKL_02935	5.9	4.7		SO:0001217, UniRef:UniRef50_A0A1C6BZ84, UniRef:UniRef90_A0A1C6BZ84
contig_1	595794	596363	+	NAPDKL_03000	21.0	9.0		RefSeq:WP_108979715.1, SO:0001217, UniParc:UPI0008215E67, UniRef:UniRef100_A0A1C6C0I9, UniRef:UniRef50_A0A1C6C0I9, UniRef:UniRef90_A0A1C6C0I9
contig_1	596478	596714	-	NAPDKL_03005	9.1	5.1		SO:0001217, UniParc:UPI0008202D5E, UniRef:UniRef100_A0A1C6C050, UniRef:UniRef50_A0A923SBP8, UniRef:UniRef90_A0A923SBP8
contig_1	598105	598767	+	NAPDKL_03020	25.5	5.1		SO:0001217, UniRef:UniRef50_A0A923S7Z4, UniRef:UniRef90_A0A923S7Z4
contig_1	598803	598970	-	NAPDKL_03025	6.6	4.9		SO:0001217, UniParc:UPI000822FC96, UniRef:UniRef100_A0A1C6F8S3, UniRef:UniRef50_A0A1C6F8S3, UniRef:UniRef90_A0A1C6F8S3
contig_1	601936	602544	+	NAPDKL_03040	24.0	4.7		RefSeq:WP_108979722.1, SO:0001217, UniParc:UPI00082343CC, UniRef:UniRef100_A0A1C6C0S6, UniRef:UniRef50_A0A1Q6RQE3, UniRef:UniRef90_A0A923MIH5
contig_1	605016	605402	+	NAPDKL_03065	14.8	4.4		RefSeq:WP_108979727.1, SO:0001217, UniParc:UPI000820C117, UniRef:UniRef100_A0A1C6C1P9, UniRef:UniRef50_A0A1Q6RSP0, UniRef:UniRef90_A0A1C6C1P9
contig_1	605475	605714	+	NAPDKL_03070	9.1	4.1		RefSeq:WP_162497703.1, SO:0001217, UniParc:UPI000821B38F, UniRef:UniRef100_A0A1C6C275, UniRef:UniRef50_A0A1C6C275, UniRef:UniRef90_A0A1C6C275
contig_1	605801	605935	+	NAPDKL_03075	5.2	5.0		RefSeq:WP_256435340.1, SO:0001217, UniParc:UPI0008220056, UniRef:UniRef100_A0A1C6C1P4, UniRef:UniRef50_A0A8J6IZ34, UniRef:UniRef90_A0A8J6IZ34
contig_1	618832	619245	+	NAPDKL_03185	16.2	5.6		RefSeq:WP_108979732.1, SO:0001217, UniParc:UPI000822CD1A, UniRef:UniRef100_A0A1C6C399, UniRef:UniRef50_A0A8J6M4J1, UniRef:UniRef90_A0A8J6M4J1
contig_1	635253	635492	-	NAPDKL_03255	8.7	10.3		RefSeq:WP_108979743.1, SO:0001217, UniParc:UPI0008224544, UniRef:UniRef100_A0A1C6C4F3, UniRef:UniRef50_A0A9D2LYE8, UniRef:UniRef90_A0A417NC35
contig_1	635545	636036	-	NAPDKL_03260	18.5	5.9		SO:0001217, UniRef:UniRef50_A0A1C6C4D8
contig_1	642513	642887	-	NAPDKL_03290	14.3	4.5		SO:0001217, UniRef:UniRef50_A0A8J6M5E9, UniRef:UniRef90_A0A8J6M5E9
contig_1	643879	644856	-	NAPDKL_03300	37.4	5.6		SO:0001217, UniRef:UniRef50_A0A417N8W2, UniRef:UniRef90_A0A417N8W2
contig_1	648908	649135	-	NAPDKL_03325	8.4	4.2		SO:0001217, UniRef:UniRef50_A0A8J6IYZ9, UniRef:UniRef90_A0A8J6IYZ9
contig_1	649148	649471	-	NAPDKL_03330	12.3	4.1		
contig_1	649609	650193	-	NAPDKL_03335	21.7	5.2		SO:0001217, UniRef:UniRef50_A0A1C6C5T4, UniRef:UniRef90_A0A1C6C5T4
contig_1	650664	651281	-	NAPDKL_03345	24.8	4.9		
contig_1	651292	651426	-	NAPDKL_03350	5.0	4.2		
contig_1	651449	651760	-	NAPDKL_03355	12.0	9.0		SO:0001217, UniRef:UniRef50_A0A417N8P9, UniRef:UniRef90_A0A8J6IZ47
contig_1	652731	652991	-	NAPDKL_03365	9.8	4.8		SO:0001217, UniRef:UniRef50_A0A417N8S0, UniRef:UniRef90_A0A8J6MA40
contig_1	656302	656838	-	NAPDKL_03395	21.1	5.2		SO:0001217, UniRef:UniRef50_A0A417N8R9, UniRef:UniRef90_A0A923MG13
contig_1	656839	657291	-	NAPDKL_03400	17.5	5.6		RefSeq:WP_108979770.1, SO:0001217, UniParc:UPI0008218168, UniRef:UniRef100_A0A1C6C7F8, UniRef:UniRef50_A0A417N8N9, UniRef:UniRef90_A0A1C6C7F8
contig_1	657935	658582	-	NAPDKL_03410	24.6	8.9		SO:0001217, UniRef:UniRef50_A0A417N8R0, UniRef:UniRef90_A0A417N8R0
contig_1	659203	659544	-	NAPDKL_03420	12.7	5.4		RefSeq:WP_108979774.1, SO:0001217, UniParc:UPI000D27E5A6, UniRef:UniRef100_A0A923MJE8, UniRef:UniRef50_A0A923MJE8, UniRef:UniRef90_A0A923MJE8
contig_1	659563	660039	-	NAPDKL_03425	18.7	5.0		RefSeq:WP_108979775.1, SO:0001217, UniParc:UPI0008208E95, UniRef:UniRef100_A0A1C6C878, UniRef:UniRef50_A0A417N8Q4, UniRef:UniRef90_A0A417N8Q4
contig_1	660382	660705	-	NAPDKL_03435	12.2	4.2		SO:0001217, UniRef:UniRef50_A0A417N8U8, UniRef:UniRef90_A0A417N8U8
contig_1	662923	663258	-	NAPDKL_03445	12.3	4.8		RefSeq:WP_108979779.1, SO:0001217, UniParc:UPI000821C9A2, UniRef:UniRef100_A0A1C6C8L2, UniRef:UniRef50_A0A417N8M6, UniRef:UniRef90_A0A417N8M6
contig_1	681159	681581	-	NAPDKL_03565	16.4	10.2		SO:0001217, UniRef:UniRef50_A0A923S8M1
contig_1	681563	681976	-	NAPDKL_03570	15.5	6.7		SO:0001217, UniRef:UniRef50_A0A923MI35
contig_1	685103	685711	-	NAPDKL_03590	23.5	6.5		SO:0001217, UniRef:UniRef50_A0A417N7B9, UniRef:UniRef90_A0A417N7B9
contig_1	685820	686068	-	NAPDKL_03595	9.4	6.5		SO:0001217, UniRef:UniRef50_A0A3D4D8U5, UniRef:UniRef90_A0A923MGS8
contig_1	686040	686273	-	NAPDKL_03600	8.8	5.0		RefSeq:WP_108979805.1, SO:0001217, UniParc:UPI000D2B06A2, UniRef:UniRef100_A0A923S6U6, UniRef:UniRef50_A0A8J6J4V3, UniRef:UniRef90_A0A8J6J4V3
contig_1	686337	686702	-	NAPDKL_03605	13.3	4.7		RefSeq:WP_108979806.1, SO:0001217, UniParc:UPI000820A26C, UniRef:UniRef100_A0A1C6CAX3, UniRef:UniRef50_A0A417N7C7, UniRef:UniRef90_A0A417N7C7
contig_1	705492	706715	-	NAPDKL_03675	41.3	5.3		SO:0001217, UniRef:UniRef50_A0A417N737, UniRef:UniRef90_A0A923S6V1
contig_1	708193	708798	-	NAPDKL_03695	23.2	7.0		RefSeq:WP_108979822.1, SO:0001217, UniParc:UPI000D26F5EF, UniRef:UniRef100_UPI000D26F5EF, UniRef:UniRef50_A0A417N770, UniRef:UniRef90_A0A3D4D8C1
contig_1	712326	713114	-	NAPDKL_03725	31.0	6.3		SO:0001217, UniRef:UniRef50_UPI0024BBD248
contig_1	713127	713522	-	NAPDKL_03730	13.6	8.8		
contig_1	713621	714382	-	NAPDKL_03735	26.7	4.3		SO:0001217, UniRef:UniRef50_B0PAT0, UniRef:UniRef90_A0A1C5N9P3
contig_1	714706	715194	-	NAPDKL_03745	17.9	5.0		SO:0001217, UniRef:UniRef50_A0A8J6IXJ7, UniRef:UniRef90_A0A8J6IXJ7
contig_1	715178	715339	-	NAPDKL_03750	5.9	4.5		SO:0001217, UniRef:UniRef50_A0A1C5N920, UniRef:UniRef90_A0A1C5N920
contig_1	716747	717091	-	NAPDKL_03770	12.8	8.3		SO:0001217, UniParc:UPI000D293FB2, UniRef:UniRef100_UPI000D293FB2, UniRef:UniRef50_A0A8S5MTP5, UniRef:UniRef90_UPI000D293FB2
contig_1	717581	718084	-	NAPDKL_03780	18.1	5.3		SO:0001217, UniRef:UniRef50_A0A943N359
contig_1	718036	718389	-	NAPDKL_03785	13.4	4.2		SO:0001217, UniRef:UniRef50_UPI0026387B89
contig_1	718386	720809	-	NAPDKL_03790	85.2	4.7		
contig_1	720799	722556	-	NAPDKL_03795	61.4	4.3	PF01391.22|Collagen	PFAM:PF01391.22
contig_1	722556	722729	-	NAPDKL_03800	6.1	4.8		
contig_1	722740	725013	-	NAPDKL_03805	77.3	5.2		
contig_1	725423	727999	-	NAPDKL_03815	89.6	5.0		SO:0001217, UniRef:UniRef50_UPI001897E045
contig_1	728073	728864	+	NAPDKL_03820	28.4	5.0	PF12869.11|tRNA_anti-like	PFAM:PF12869.11, SO:0001217, UniRef:UniRef50_UPI00195DB8D3
contig_1	730926	731336	-	NAPDKL_03845	15.1	9.6		
contig_1	731336	731779	-	NAPDKL_03850	16.1	4.8		SO:0001217, UniRef:UniRef50_A0A2U1BEH7
contig_1	731751	732203	-	NAPDKL_03855	15.8	5.3		SO:0001217, UniRef:UniRef50_A0A2U1BEL0
contig_1	732218	732358	-	NAPDKL_03860	4.8	5.9		
contig_1	740514	740759	-	NAPDKL_03900	9.2	4.7		
contig_1	740756	740887	-	NAPDKL_03905	5.0	4.1		SO:0001217, UniRef:UniRef50_A0A8J6MDZ8
contig_1	740880	741095	-	NAPDKL_03910	8.1	4.7		
contig_1	741082	741345	-	NAPDKL_03915	9.9	4.7		SO:0001217, UniRef:UniRef50_A0A1Y4EQP6
contig_1	741342	741506	-	NAPDKL_03920	6.0	9.5		SO:0001217, UniRef:UniRef50_UPI002109C6EC
contig_1	741503	741991	-	NAPDKL_03925	18.7	5.2		SO:0001217, UniRef:UniRef50_A0A1C6ISM0
contig_1	741993	742247	-	NAPDKL_03930	10.1	5.2		
contig_1	746212	746856	-	NAPDKL_03960	24.6	8.8		
contig_1	747273	747497	-	NAPDKL_03970	8.6	8.7	PF14090.10|HTH_39	PFAM:PF14090.10, SO:0001217, UniRef:UniRef50_A0A1C5N5K5
contig_1	747488	747832	-	NAPDKL_03975	13.0	8.8		
contig_1	748352	748933	-	NAPDKL_03985	21.3	6.0		
contig_1	749162	749284	-	NAPDKL_03990	4.8	11.6		
contig_1	751206	751409	+	NAPDKL_04005	8.0	4.8		SO:0001217, UniRef:UniRef50_A0A1C5N4P8, UniRef:UniRef90_A0A1C5N4P8
contig_1	752831	753754	+	NAPDKL_04025	35.5	5.3		
contig_1	753831	754067	+	NAPDKL_04030	9.3	7.9		
contig_1	754116	754940	+	NAPDKL_04035	31.1	9.0		
contig_1	784247	786496	+	NAPDKL_04150	81.2	5.0		SO:0001217, UniParc:UPI000D2CAB3B, UniRef:UniRef100_UPI000D2CAB3B, UniRef:UniRef50_V2Y9S6, UniRef:UniRef90_UPI000D2CAB3B
contig_1	787555	788253	-	NAPDKL_04160	25.5	6.3		SO:0001217, UniParc:UPI000D2B79C7, UniRef:UniRef100_UPI000D2B79C7, UniRef:UniRef50_UPI00067F586A, UniRef:UniRef90_UPI00067F586A
contig_1	791061	791189	-	NAPDKL_04175	4.9	6.2		
contig_1	808186	808296	-	NAPDKL_04270	4.3	4.1		SO:0001217, UniRef:UniRef50_V2YH03
contig_1	814096	814665	-	NAPDKL_04295	20.7	5.3		SO:0001217, UniParc:UPI000D266E8F, UniRef:UniRef100_UPI000D266E8F, UniRef:UniRef50_UPI00067F6F26, UniRef:UniRef90_UPI00067F6F26
contig_1	818321	818467	-	NAPDKL_04315	5.6	9.8		SO:0001217, UniRef:UniRef50_C6JJS7
contig_1	821845	822000	-	NAPDKL_04335	5.8	10.0		RefSeq:WP_154669717.1, SO:0001217, UniParc:UPI000AE07EA4, UniRef:UniRef100_UPI000AE07EA4, UniRef:UniRef50_UPI000AE07EA4, UniRef:UniRef90_UPI000AE07EA4
contig_1	837691	838110	-	NAPDKL_04390	15.5	5.1		SO:0001217, UniParc:UPI000D2A5C46, UniRef:UniRef100_UPI000D2A5C46, UniRef:UniRef50_UPI002657C578, UniRef:UniRef90_UPI002657C578
contig_1	852308	852895	-	NAPDKL_04450	20.9	6.7		SO:0001217, UniRef:UniRef50_UPI0023F1C88E, UniRef:UniRef90_UPI0023F1C88E
contig_1	853508	853936	+	NAPDKL_04455	16.1	8.9		RefSeq:WP_050622768.1, SO:0001217, UniParc:UPI00067F62E1, UniRef:UniRef100_UPI00067F62E1, UniRef:UniRef50_UPI0026582485, UniRef:UniRef90_UPI0026582485
contig_1	856747	856947	+	NAPDKL_04475	7.7	4.4		SO:0001217, UniParc:UPI000822A25C, UniRef:UniRef100_A0A1C5NVG2, UniRef:UniRef50_A0A4D7ASB0, UniRef:UniRef90_A0A174KY86
contig_1	857008	857139	+	NAPDKL_04480	4.8	6.5		
contig_1	857610	857885	+	NAPDKL_04485	10.6	5.6		
contig_1	857898	858176	+	NAPDKL_04490	10.0	8.2		
contig_1	858300	858788	+	NAPDKL_04495	17.7	5.2		SO:0001217, UniRef:UniRef50_A0A096DF51, UniRef:UniRef90_UPI001D3BD517
contig_1	859077	859232	+	NAPDKL_04505	6.1	5.4		SO:0001217, UniRef:UniRef50_A0A6N3GI98, UniRef:UniRef90_UPI0026DB26BE
contig_1	859574	859864	-	NAPDKL_04510	10.7	4.5		SO:0001217, UniParc:UPI000D2D1B77, UniRef:UniRef100_UPI000D2D1B77, UniRef:UniRef50_A0A1Y3R2N3, UniRef:UniRef90_UPI000D2D1B77
contig_1	859851	860246	-	NAPDKL_04515	14.5	5.9		SO:0001217, UniParc:UPI000D2C5F09, UniRef:UniRef100_UPI000D2C5F09, UniRef:UniRef50_A0A9E1EX13, UniRef:UniRef90_UPI000D2C5F09
contig_1	861245	861352	-	NAPDKL_04530	3.6	4.1		SO:0001217, UniParc:UPI000820F10B, UniRef:UniRef100_A0A1C5NS22, UniRef:UniRef50_A0A1C5NS22, UniRef:UniRef90_A0A1C5NS22
contig_1	861349	861537	-	NAPDKL_04535	6.6	5.6		SO:0001217, UniRef:UniRef50_A0A6L6LTP9, UniRef:UniRef90_UPI0026DD8B5F
contig_1	873807	873944	-	NAPDKL_04595	5.3	8.9		
contig_1	878146	878874	+	NAPDKL_04620	25.2	4.1		SO:0001217, UniRef:UniRef50_UPI00067F50F7, UniRef:UniRef90_UPI00067F50F7
contig_1	889303	889422	+	NAPDKL_04680	4.6	4.2		SO:0001217, UniRef:UniRef50_V2Y032, UniRef:UniRef90_V2Y032
contig_1	897274	897882	-	NAPDKL_04715	22.1	5.1		SO:0001217, UniRef:UniRef50_UPI00067E6F0F, UniRef:UniRef90_UPI00067E6F0F
contig_1	905700	906446	+	NAPDKL_04760	27.5	10.1		SO:0001217, UniParc:UPI000D2A6E76, UniRef:UniRef100_UPI000D2A6E76, UniRef:UniRef50_UPI0026DD3836, UniRef:UniRef90_UPI0026DD3836
contig_1	907386	908009	+	NAPDKL_04770	22.1	9.4		SO:0001217, UniRef:UniRef50_UPI0023F18CA1, UniRef:UniRef90_UPI0023F18CA1
contig_1	914418	914534	-	NAPDKL_04805	4.3	10.0		
contig_1	923229	923636	-	NAPDKL_04860	14.2	5.2		SO:0001217, UniParc:UPI000D2DA7C1, UniRef:UniRef100_UPI000D2DA7C1, UniRef:UniRef50_UPI0023F24115, UniRef:UniRef90_UPI0023F24115
contig_1	925172	925861	-	NAPDKL_04875	25.1	5.0		SO:0001217, UniParc:UPI000D2BA98E, UniRef:UniRef100_UPI000D2BA98E, UniRef:UniRef50_UPI0023F0F4C2, UniRef:UniRef90_UPI0023F0F4C2
contig_1	926142	926486	-	NAPDKL_04885	12.4	4.8		SO:0001217, UniRef:UniRef50_UPI0026DD1381, UniRef:UniRef90_UPI0026DD1381
contig_1	928468	928800	-	NAPDKL_04905	12.6	6.7		SO:0001217, UniParc:UPI000D2E5E96, UniRef:UniRef100_UPI000D2E5E96, UniRef:UniRef50_A0A8J6JB10, UniRef:UniRef90_UPI00067E66F8
contig_1	930572	931498	-	NAPDKL_04925	34.1	5.5		RefSeq:WP_108979991.1, SO:0001217, UniParc:UPI000D268FEA, UniRef:UniRef100_UPI000D268FEA, UniRef:UniRef50_A0A1Y4W735, UniRef:UniRef90_UPI00204BA547
contig_1	953425	953868	-	NAPDKL_05015	16.6	5.3		SO:0001217, UniParc:UPI000D2BF5E7, UniRef:UniRef100_UPI000D2BF5E7, UniRef:UniRef50_UPI0023F242D5, UniRef:UniRef90_UPI0023F242D5
contig_1	959498	960082	+	NAPDKL_05050	20.7	5.0		SO:0001217, UniParc:UPI000D2CE616, UniRef:UniRef100_UPI000D2CE616, UniRef:UniRef50_UPI0026705DE5, UniRef:UniRef90_UPI0026705DE5
contig_1	963896	964429	+	NAPDKL_05060	18.3	11.1		
contig_1	964586	964825	+	NAPDKL_05065	9.3	10.0		SO:0001217, UniParc:UPI000D2B6984, UniRef:UniRef100_UPI000D2B6984, UniRef:UniRef50_A0A845R8X0, UniRef:UniRef90_UPI000D2B6984
contig_1	964827	965462	+	NAPDKL_05070	24.1	5.0		SO:0001217, UniParc:UPI000D2CD5EA, UniRef:UniRef100_UPI000D2CD5EA, UniRef:UniRef50_A0A845REL6, UniRef:UniRef90_UPI000D2CD5EA
contig_1	978359	981868	+	NAPDKL_05130	128.6	4.1	PF00395.24|SLH	PFAM:PF00395.24, SO:0001217, UniRef:UniRef50_UPI0026700FD6, UniRef:UniRef90_UPI0026700FD6
contig_1	981931	982152	-	NAPDKL_05135	8.1	6.2		SO:0001217, UniRef:UniRef50_UPI00067E6EA4, UniRef:UniRef90_UPI00067E6EA4
contig_1	990323	991222	-	NAPDKL_05180	31.9	6.1		RefSeq:WP_050622911.1, SO:0001217, UniParc:UPI00067F1258, UniRef:UniRef100_UPI00067F1258, UniRef:UniRef50_UPI00265B4F66, UniRef:UniRef90_UPI00265B4F66
contig_1	996312	996755	+	NAPDKL_05210	16.1	4.8		RefSeq:WP_050622918.1, SO:0001217, UniParc:UPI00067F2A0C, UniRef:UniRef100_UPI00067F2A0C, UniRef:UniRef50_UPI00067F24C7, UniRef:UniRef90_UPI0023F4DBA6
contig_1	996829	997740	+	NAPDKL_05215	33.7	4.8		RefSeq:WP_133248273.1, SO:0001217, UniParc:UPI000A71DDF2, UniRef:UniRef100_UPI000A71DDF2, UniRef:UniRef50_UPI000A71DDF2, UniRef:UniRef90_UPI000A71DDF2
contig_1	997737	998258	+	NAPDKL_05220	19.6	4.6		RefSeq:WP_133248274.1, SO:0001217, UniParc:UPI000B0BC849, UniRef:UniRef100_UPI000B0BC849, UniRef:UniRef50_UPI000B0BC849, UniRef:UniRef90_UPI000B0BC849
contig_1	998461	998949	+	NAPDKL_05225	18.6	4.5		SO:0001217, UniRef:UniRef50_UPI00265F293F, UniRef:UniRef90_UPI00265F293F
contig_1	999161	999493	+	NAPDKL_05230	12.7	6.1		SO:0001217, UniParc:UPI000D2AD79B, UniRef:UniRef100_UPI000D2AD79B, UniRef:UniRef50_UPI000D2AD79B, UniRef:UniRef90_UPI000D2AD79B
contig_1	999490	999951	+	NAPDKL_05235	17.3	4.9		SO:0001217, UniParc:UPI000D2E6976, UniRef:UniRef100_UPI000D2E6976, UniRef:UniRef50_UPI00067E7B38, UniRef:UniRef90_UPI00067E7B38
contig_1	1010535	1010741	-	NAPDKL_05285	7.9	9.4		SO:0001217, UniRef:UniRef50_UPI0026600F5D, UniRef:UniRef90_UPI0026600F5D
contig_1	1010841	1011107	-	NAPDKL_05290	9.6	10.7		
contig_1	1011104	1011598	-	NAPDKL_05295	18.6	4.5		RefSeq:WP_050622933.1, SO:0001217, UniParc:UPI00067F4BE1, UniRef:UniRef100_UPI000A94AE93, UniRef:UniRef50_UPI000A94AE93, UniRef:UniRef90_UPI000A94AE93
contig_1	1011621	1012895	-	NAPDKL_05300	46.1	4.7		RefSeq:WP_050622934.1, SO:0001217, UniParc:UPI00067F014A, UniRef:UniRef100_UPI00067F014A, UniRef:UniRef50_UPI00067F014A, UniRef:UniRef90_UPI00067F014A
contig_1	1012940	1013383	-	NAPDKL_05305	15.8	4.8		SO:0001217, UniRef:UniRef50_UPI00067F24C7, UniRef:UniRef90_UPI00067F24C7
contig_1	1015087	1015191	+	NAPDKL_05320	4.2	11.2		
contig_1	1019028	1020218	+	NAPDKL_05350	42.9	4.7		RefSeq:WP_050622942.1, SO:0001217, UniParc:UPI00067E97DA, UniRef:UniRef100_UPI00067E97DA, UniRef:UniRef50_UPI00067E97DA, UniRef:UniRef90_UPI00067E97DA
contig_1	1020215	1020535	+	NAPDKL_05355	11.6	5.3		RefSeq:WP_050622943.1, SO:0001217, UniParc:UPI00067EF795, UniRef:UniRef100_UPI00067EF795, UniRef:UniRef50_A0A1Y4LF76, UniRef:UniRef90_UPI00067EF795
contig_1	1022812	1023018	-	NAPDKL_05365	7.4	8.8		SO:0001217, UniParc:UPI000D2DCFC3, UniRef:UniRef100_UPI000D2DCFC3, UniRef:UniRef50_A0A1Q6RN56, UniRef:UniRef90_UPI0021087F37
contig_1	1023034	1023759	-	NAPDKL_05370	25.8	9.1		SO:0001217, UniParc:UPI000D276BFA, UniRef:UniRef100_UPI000D276BFA, UniRef:UniRef50_UPI00067ECB1A, UniRef:UniRef90_UPI00067ECB1A
contig_1	1023764	1024426	-	NAPDKL_05375	24.6	10.2		SO:0001217, UniParc:UPI000D28D9DA, UniRef:UniRef100_UPI000D28D9DA, UniRef:UniRef50_UPI0023EFBC60, UniRef:UniRef90_UPI0023EFBC60
contig_1	1049131	1049652	+	NAPDKL_05505	19.4	11.4		SO:0001217, UniParc:UPI000D2782CE, UniRef:UniRef100_UPI000D2782CE, UniRef:UniRef50_UPI000D2782CE, UniRef:UniRef90_UPI000D2782CE
contig_1	1075876	1075977	+	NAPDKL_05615	3.6	4.3		
contig_1	1081201	1081605	-	NAPDKL_05640	14.9	9.4		SO:0001217, UniParc:UPI000D2E4A9C, UniRef:UniRef100_UPI000D2E4A9C, UniRef:UniRef50_A0A1C5TG37, UniRef:UniRef90_UPI0023F50F81
contig_1	1094843	1094974	+	NAPDKL_05690	4.5	12.0		
contig_1	1134155	1134367	-	NAPDKL_05865	7.5	5.9		RefSeq:WP_108980095.1, SO:0001217, UniParc:UPI000D2C08C2, UniRef:UniRef100_UPI000D2C08C2, UniRef:UniRef50_F4XE57, UniRef:UniRef90_UPI000D2C08C2
contig_1	1143437	1144306	+	NAPDKL_05910	31.5	4.1		SO:0001217, UniParc:UPI000D59CFF7, UniRef:UniRef100_UPI000D59CFF7, UniRef:UniRef50_UPI00067ECA8B, UniRef:UniRef90_UPI00067ECA8B
contig_1	1152934	1154394	+	NAPDKL_05940	54.2	9.5		SO:0001217, UniParc:UPI000D271E37, UniRef:UniRef100_UPI000D271E37, UniRef:UniRef50_UPI0026DC2E71, UniRef:UniRef90_UPI0026DC2E71
contig_1	1154451	1155572	+	NAPDKL_05945	41.4	9.0		SO:0001217, UniRef:UniRef50_UPI00067EA53C, UniRef:UniRef90_UPI00067EA53C
contig_1	1176694	1177431	+	NAPDKL_06060	27.1	8.2	PF09992.13|NAGPA	PFAM:PF09992.13, SO:0001217, UniRef:UniRef50_UPI0023F4FA19, UniRef:UniRef90_UPI0023F4FA19
contig_1	1177456	1178580	-	NAPDKL_06065	42.3	5.6	PF00415.22|RCC1, PF13540.10|RCC1_2	PFAM:PF00415.22, PFAM:PF13540.10, SO:0001217, UniRef:UniRef50_UPI0023EF883A, UniRef:UniRef90_UPI0023EF883A
contig_1	1178832	1179326	-	NAPDKL_06070	18.4	4.2		RefSeq:WP_108980119.1, SO:0001217, UniParc:UPI000D27CB07, UniRef:UniRef100_UPI000D27CB07, UniRef:UniRef50_UPI0023F359E8, UniRef:UniRef90_UPI0023F359E8
contig_1	1182526	1182924	-	NAPDKL_06090	14.7	5.4		SO:0001217, UniRef:UniRef50_UPI0023F2DC03
contig_1	1187821	1188117	-	NAPDKL_06125	11.3	8.7		
contig_1	1189655	1190854	+	NAPDKL_06135	44.1	4.2		RefSeq:WP_108980128.1, SO:0001217, UniParc:UPI000D5A11B1, UniRef:UniRef100_UPI000D5A11B1, UniRef:UniRef50_UPI000D5A11B1, UniRef:UniRef90_UPI000D5A11B1
contig_1	1191942	1193036	-	NAPDKL_06145	39.4	8.7		RefSeq:WP_133248278.1, SO:0001217, UniParc:UPI000D289AFA, UniRef:UniRef100_UPI000D289AFA, UniRef:UniRef50_UPI000D289AFA, UniRef:UniRef90_UPI000D289AFA
contig_1	1193333	1194412	-	NAPDKL_06150	39.5	4.7		RefSeq:WP_108980130.1, SO:0001217, UniParc:UPI000D29BF3B, UniRef:UniRef100_UPI000D29BF3B, UniRef:UniRef50_UPI000D29BF3B, UniRef:UniRef90_UPI000D29BF3B
contig_1	1215636	1216232	-	NAPDKL_06230	22.1	4.1		SO:0001217, UniRef:UniRef50_UPI00210E5BAB, UniRef:UniRef90_UPI00210E5BAB
contig_1	1216422	1216799	-	NAPDKL_06235	15.0	4.6		SO:0001217, UniRef:UniRef50_A0A1C5ZSC7, UniRef:UniRef90_UPI00210E9153
contig_1	1217016	1218626	-	NAPDKL_06240	58.5	4.2	PF00395.24|SLH, PF09479.14|Flg_new, PF18998.4|Flg_new_2	PFAM:PF00395.24, PFAM:PF09479.14, PFAM:PF18998.4
contig_1	1245555	1245938	+	NAPDKL_06355	14.7	8.7		SO:0001217, UniRef:UniRef50_D4LTS7, UniRef:UniRef90_A0A3R6TAI9
contig_1	1270071	1270343	-	NAPDKL_06475	10.0	9.8		RefSeq:WP_050622451.1, SO:0001217, UniParc:UPI00067ED06F, UniRef:UniRef100_UPI00067ED06F, UniRef:UniRef50_A0A1Y4WAM3, UniRef:UniRef90_UPI002659F699
contig_1	1270327	1270587	-	NAPDKL_06480	9.1	9.7		RefSeq:WP_050622450.1, SO:0001217, UniParc:UPI00067E7223, UniRef:UniRef100_UPI00067E7223, UniRef:UniRef50_UPI00067E7223, UniRef:UniRef90_UPI00067E7223
contig_1	1273165	1274070	-	NAPDKL_06500	33.3	5.2		
contig_1	1274925	1275491	-	NAPDKL_06510	21.5	6.6	PF12161.12|HsdM_N	PFAM:PF12161.12
contig_1	1283740	1284474	+	NAPDKL_06550	26.4	9.5		
contig_1	1284503	1285072	+	NAPDKL_06555	20.2	4.5		
contig_1	1285047	1285472	+	NAPDKL_06560	15.9	5.0		
contig_1	1285845	1286264	+	NAPDKL_06565	16.2	4.6		
contig_1	1286276	1286851	+	NAPDKL_06570	20.8	5.0	PF00395.24|SLH	PFAM:PF00395.24
contig_1	1287716	1288006	+	NAPDKL_06580	11.4	9.5		SO:0001217, UniRef:UniRef50_A0A174NRC1
contig_1	1289214	1289783	+	NAPDKL_06585	21.3	6.7		
contig_1	1289785	1290396	+	NAPDKL_06590	23.5	5.8	PF08238.16|Sel1	PFAM:PF08238.16
contig_1	1290853	1291173	+	NAPDKL_06600	12.2	4.3		SO:0001217, UniRef:UniRef50_A0A9E1GMX7
contig_1	1292291	1292638	+	NAPDKL_06615	12.4	5.5		
contig_1	1300587	1300949	+	NAPDKL_06660	13.9	4.2		SO:0001217, UniRef:UniRef50_A0A1Y3SAJ4, UniRef:UniRef90_A0A943WXM9
contig_1	1307231	1308736	-	NAPDKL_06705	52.5	8.9		
contig_1	1308739	1309281	-	NAPDKL_06710	20.1	9.7		
contig_1	1309385	1310395	-	NAPDKL_06715	35.8	4.1		
contig_1	1313708	1313857	+	NAPDKL_06735	5.8	9.9		
contig_1	1334347	1334502	+	NAPDKL_06860	5.7	8.2		RefSeq:WP_154669721.1, SO:0001217, UniParc:UPI000A440B17, UniRef:UniRef100_UPI000A440B17, UniRef:UniRef50_UPI000A440B17, UniRef:UniRef90_UPI000A440B17
contig_1	1375060	1375329	+	NAPDKL_07035	9.7	9.0		SO:0001217, UniRef:UniRef50_UPI00067F10F0, UniRef:UniRef90_UPI00067F10F0
contig_1	1382578	1382862	-	NAPDKL_07070	10.7	4.3		RefSeq:WP_050623052.1, SO:0001217, UniParc:UPI00067E8C32, UniRef:UniRef100_UPI00067E8C32, UniRef:UniRef50_UPI00265DBEC7, UniRef:UniRef90_UPI00210DF1E9
contig_1	1390390	1391070	-	NAPDKL_07110	24.9	4.7		SO:0001217, UniParc:UPI000D2B5C93, UniRef:UniRef100_UPI000D2B5C93, UniRef:UniRef50_UPI000D2B5C93, UniRef:UniRef90_UPI000D2B5C93
contig_1	1403749	1404249	-	NAPDKL_07175	18.0	4.9		RefSeq:WP_108980244.1, SO:0001217, UniParc:UPI000D2AB8B4, UniRef:UniRef100_UPI000D2AB8B4, UniRef:UniRef50_UPI00067E9116, UniRef:UniRef90_UPI00067E9116
contig_1	1404972	1405463	-	NAPDKL_07185	18.5	4.9		SO:0001217, UniRef:UniRef50_UPI00265EB93D, UniRef:UniRef90_UPI00265EB93D
contig_1	1407307	1407591	+	NAPDKL_07200	10.5	4.5		RefSeq:WP_108980248.1, SO:0001217, UniParc:UPI000D298281, UniRef:UniRef100_UPI00067E902A, UniRef:UniRef50_UPI00265A3F2B, UniRef:UniRef90_UPI00265A3F2B
contig_1	1412471	1413061	-	NAPDKL_07235	21.9	4.5		RefSeq:WP_050623084.1, SO:0001217, UniParc:UPI00067E8FF0, UniRef:UniRef100_UPI00067E8FF0, UniRef:UniRef50_UPI0023F75652, UniRef:UniRef90_UPI0023F75652
contig_1	1430536	1430904	-	NAPDKL_07290	13.9	4.3		RefSeq:WP_108980257.1, SO:0001217, UniParc:UPI000D2D26B4, UniRef:UniRef100_UPI000D2D26B4, UniRef:UniRef50_UPI000D2D26B4, UniRef:UniRef90_UPI000D2D26B4
contig_1	1438243	1439151	+	NAPDKL_07325	31.7	4.4		SO:0001217, UniParc:UPI000D2E1B8B, UniRef:UniRef100_UPI000D2E1B8B, UniRef:UniRef50_UPI0023F0D2A7, UniRef:UniRef90_UPI0023F0D2A7
contig_1	1439169	1440218	+	NAPDKL_07330	37.2	4.2		SO:0001217, UniParc:UPI000D2B7E20, UniRef:UniRef100_UPI000D2B7E20, UniRef:UniRef50_UPI0026DBD44D, UniRef:UniRef90_UPI0026DBD44D
contig_1	1441474	1441908	-	NAPDKL_07340	15.1	4.7		RefSeq:WP_108980266.1, SO:0001217, UniParc:UPI000D5993FF, UniRef:UniRef100_UPI000D5993FF, UniRef:UniRef50_UPI0023F9D0C6, UniRef:UniRef90_UPI0023F9D0C6
contig_1	1444868	1445455	+	NAPDKL_07360	22.4	9.6		SO:0001217, UniParc:UPI000D28D381, UniRef:UniRef100_UPI000D28D381, UniRef:UniRef50_UPI000D28D381, UniRef:UniRef90_UPI000D28D381
contig_1	1452163	1452600	+	NAPDKL_07400	15.8	5.0		SO:0001217, UniParc:UPI000D28BB2A, UniRef:UniRef100_UPI000D28BB2A, UniRef:UniRef50_UPI00266FFBA3, UniRef:UniRef90_UPI000D28BB2A
contig_1	1460681	1460956	-	NAPDKL_07440	10.7	5.9		SO:0001217, UniParc:UPI001058327A, UniRef:UniRef100_UPI001058327A, UniRef:UniRef50_UPI0023F81F2F, UniRef:UniRef90_UPI0023F81F2F
contig_1	1466711	1467412	+	NAPDKL_07465	26.3	5.2		RefSeq:WP_050623126.1, SO:0001217, UniParc:UPI00067F60D8, UniRef:UniRef100_UPI00067F60D8, UniRef:UniRef50_UPI00265A0006, UniRef:UniRef90_UPI00265A0006
contig_1	1470708	1472630	-	NAPDKL_07485	70.3	4.7		KEGG:K16919, SO:0001217, UniRef:UniRef50_UPI0026DBFD8B, UniRef:UniRef90_UPI0026DBFD8B
contig_1	1479737	1479991	-	NAPDKL_07530	9.4	4.1		RefSeq:WP_050623139.1, SO:0001217, UniParc:UPI00067F2671, UniRef:UniRef100_UPI00067F2671, UniRef:UniRef50_UPI00067F2671, UniRef:UniRef90_UPI00067F2671
contig_1	1486341	1486952	-	NAPDKL_07550	22.6	6.8		SO:0001217, UniParc:UPI000D2CA0F0, UniRef:UniRef100_UPI000D2CA0F0, UniRef:UniRef50_UPI0023F2A5B8, UniRef:UniRef90_UPI0023F2A5B8
contig_1	1492312	1492605	-	NAPDKL_07570	10.8	4.3		SO:0001217, UniParc:UPI000D2D3502, UniRef:UniRef100_UPI000D2D3502, UniRef:UniRef50_UPI0023F1A991, UniRef:UniRef90_UPI0023F1A991
contig_1	1528706	1528984	-	NAPDKL_07725	10.7	4.8		RefSeq:WP_050623175.1, SO:0001217, UniParc:UPI00067E9C9E, UniRef:UniRef100_UPI00067E9C9E, UniRef:UniRef50_UPI00067E9C9E, UniRef:UniRef90_UPI00067E9C9E
contig_1	1536028	1536282	-	NAPDKL_07765	9.3	5.5		RefSeq:WP_108980311.1, SO:0001217, UniParc:UPI000A79A896, UniRef:UniRef100_UPI000A79A896, UniRef:UniRef50_UPI0023F7FD4E, UniRef:UniRef90_UPI0023EFF845
contig_1	1536310	1536864	-	NAPDKL_07770	21.1	6.9		RefSeq:WP_108980312.1, SO:0001217, UniParc:UPI000D2E1862, UniRef:UniRef100_UPI000D2E1862, UniRef:UniRef50_UPI0026DAEBC7, UniRef:UniRef90_UPI0026DAEBC7
contig_1	1536893	1537429	-	NAPDKL_07775	19.6	9.2		RefSeq:WP_050623184.1, SO:0001217, UniParc:UPI00067F6807, UniRef:UniRef100_UPI00266FEA3E, UniRef:UniRef50_UPI00266FEA3E, UniRef:UniRef90_UPI00266FEA3E
contig_1	1543482	1544171	+	NAPDKL_07835	25.9	5.3		SO:0001217, UniParc:UPI000D2677AC, UniRef:UniRef100_UPI000D2677AC, UniRef:UniRef50_UPI000D2677AC, UniRef:UniRef90_UPI000D2677AC
contig_1	1567111	1567365	+	NAPDKL_08030	9.9	9.1		SO:0001217, UniRef:UniRef50_UPI001057F8D2, UniRef:UniRef90_UPI001057F8D2
contig_1	1571215	1571460	+	NAPDKL_08060	8.9	4.8		RefSeq:WP_050623233.1, SO:0001217, UniParc:UPI00067E8F20, UniRef:UniRef100_UPI00067E8F20, UniRef:UniRef50_F4XEX4, UniRef:UniRef90_UPI0023F44830
contig_1	1572184	1572609	+	NAPDKL_08070	15.5	9.2		RefSeq:WP_050623235.1, SO:0001217, UniParc:UPI00067E760E, UniRef:UniRef100_UPI00210A4329, UniRef:UniRef50_UPI00210A4329, UniRef:UniRef90_UPI00210A4329
contig_1	1597687	1599012	+	NAPDKL_08185	49.1	4.2		SO:0001217, UniParc:UPI000D29AA35, UniRef:UniRef100_UPI000D29AA35, UniRef:UniRef50_UPI00067ED8EB, UniRef:UniRef90_UPI00067ED8EB
contig_1	1634640	1635149	-	NAPDKL_08345	18.5	8.8		SO:0001217, UniParc:UPI000D2BCB49, UniRef:UniRef100_UPI000D2BCB49, UniRef:UniRef50_UPI000D2BCB49, UniRef:UniRef90_UPI000D2BCB49
contig_1	1654855	1655010	+	NAPDKL_08445	5.7	9.7		
contig_1	1685327	1685749	-	NAPDKL_08575	15.2	4.7		SO:0001217, UniRef:UniRef50_UPI00265A4A9F, UniRef:UniRef90_UPI00265A4A9F
contig_1	1697937	1698191	+	NAPDKL_08635	9.3	10.0		
contig_1	1702557	1702778	-	NAPDKL_08655	8.0	4.9		SO:0001217, UniParc:UPI000D2A4F47, UniRef:UniRef100_UPI000D2A4F47, UniRef:UniRef50_UPI0025A4C46B, UniRef:UniRef90_UPI000D2A4F47
contig_1	1728994	1729776	-	NAPDKL_08760	28.2	5.2		SO:0001217, UniRef:UniRef50_UPI00210B5984, UniRef:UniRef90_UPI00067EF86A
contig_1	1729987	1730391	-	NAPDKL_08765	14.9	6.5		SO:0001217, UniRef:UniRef50_UPI00067F2A9B, UniRef:UniRef90_UPI00067F2A9B
contig_1	1763281	1763628	+	NAPDKL_08890	12.8	8.6		RefSeq:WP_050623342.1, SO:0001217, UniParc:UPI00067F6249, UniRef:UniRef100_UPI00067F6249, UniRef:UniRef50_A0A8S5MTP5, UniRef:UniRef90_UPI0026DB61DF
contig_1	1777562	1777876	+	NAPDKL_08980	11.7	10.2		RefSeq:WP_050623352.1, SO:0001217, UniParc:UPI00067ECF35, UniRef:UniRef100_UPI00067ECF35, UniRef:UniRef50_UPI0023EF7AAA, UniRef:UniRef90_UPI0023EF7AAA
contig_1	1779452	1779886	+	NAPDKL_08995	16.7	9.8		RefSeq:WP_108980426.1, SO:0001217, UniParc:UPI000D5956AC, UniRef:UniRef100_UPI000D5956AC, UniRef:UniRef50_UPI00067F3DDC, UniRef:UniRef90_UPI00067F3DDC
contig_1	1816409	1817503	+	NAPDKL_09145	43.0	5.9		SO:0001217, UniRef:UniRef50_A0A417HLK0, UniRef:UniRef90_A0A6I3QDH0
contig_1	1817528	1817626	+	NAPDKL_09150	3.7	10.2		SO:0001217, UniRef:UniRef50_A0A1C5YK05, UniRef:UniRef90_A0A1C5YK05
contig_1	1818539	1819141	+	NAPDKL_09160	23.4	4.4		RefSeq:WP_256182715.1, SO:0001217, UniParc:UPI0021089B2F, UniRef:UniRef100_UPI0021089B2F, UniRef:UniRef50_A0A6N7W5W3, UniRef:UniRef90_A0A6N7W5W3
contig_1	1825982	1826350	+	NAPDKL_09205	13.3	4.1		RefSeq:WP_108980453.1, SO:0001217, UniParc:UPI000D2657D3, UniRef:UniRef100_UPI000D2657D3, UniRef:UniRef50_A0A316M829, UniRef:UniRef90_C0EBU3
contig_1	1827690	1828229	+	NAPDKL_09220	20.6	9.7	PF13396.10|PLDc_N	PFAM:PF13396.10
contig_1	1831120	1831269	-	NAPDKL_09240	5.3	4.4		SO:0001217, UniRef:UniRef50_C0EBX6, UniRef:UniRef90_A0A1C5YHA9
contig_1	1835457	1836155	-	NAPDKL_09265	26.0	5.8		RefSeq:WP_256182719.1, SO:0001217, UniParc:UPI000D2E6278, UniRef:UniRef100_UPI000D2E6278, UniRef:UniRef50_D9RA82, UniRef:UniRef90_A0A1C5YHL6
contig_1	1836185	1836559	-	NAPDKL_09270	14.0	4.1		RefSeq:WP_108980461.1, SO:0001217, UniParc:UPI000D2E4CDC, UniRef:UniRef100_UPI000D2E4CDC, UniRef:UniRef50_A0A1Y3S4A4, UniRef:UniRef90_A0A173YC83
contig_1	1848540	1848635	-	NAPDKL_09345	3.5	8.3		SO:0001217, UniRef:UniRef50_A0A1C5YIX0, UniRef:UniRef90_A0A1C5YIX0
contig_1	1855092	1855463	-	NAPDKL_09400	14.6	4.8		RefSeq:WP_108980483.1, SO:0001217, UniParc:UPI000D2866E2, UniRef:UniRef100_UPI000D2866E2, UniRef:UniRef50_UPI000D2866E2, UniRef:UniRef90_UPI000D2866E2
contig_1	1855610	1855957	-	NAPDKL_09405	12.8	4.4		
contig_1	1871129	1871242	-	NAPDKL_09490	4.5	9.3		
contig_1	1871303	1872382	+	NAPDKL_09495	40.2	6.9		RefSeq:WP_108980489.1, SO:0001217, UniParc:UPI000D275272, UniRef:UniRef100_UPI000D275272, UniRef:UniRef50_UPI000D275272, UniRef:UniRef90_UPI000D275272
contig_1	1877781	1878179	+	NAPDKL_09525	14.6	5.8		RefSeq:WP_133248295.1, SO:0001217, UniParc:UPI000D2A87B0, UniRef:UniRef100_UPI000D2A87B0, UniRef:UniRef50_UPI0023F2DC03, UniRef:UniRef90_UPI000D2A87B0
contig_1	1889594	1889707	+	NAPDKL_09585	4.5	10.0		SO:0001217, UniRef:UniRef50_A0A810Q0V7, UniRef:UniRef90_A0A810Q0V7
contig_1	1901208	1901516	-	NAPDKL_09660	12.0	9.9		RefSeq:WP_108980511.1, SO:0001217, UniParc:UPI000D26B58F, UniRef:UniRef100_UPI000D26B58F, UniRef:UniRef50_UPI00265EC42F, UniRef:UniRef90_UPI00265EC42F
contig_1	1911537	1912052	+	NAPDKL_09715	19.1	5.8		RefSeq:WP_108980519.1, SO:0001217, UniParc:UPI000D27ACAF, UniRef:UniRef100_UPI000D27ACAF, UniRef:UniRef50_UPI00067E83DD, UniRef:UniRef90_UPI00067E83DD
contig_1	1929284	1929424	+	NAPDKL_09785	5.2	9.4		
contig_1	1932743	1933546	+	NAPDKL_09805	29.8	9.5		RefSeq:WP_050623417.1, SO:0001217, UniParc:UPI00067EDDA6, UniRef:UniRef100_UPI00067EDDA6, UniRef:UniRef50_F4XD11, UniRef:UniRef90_UPI00266F9257
contig_1	1939151	1939561	+	NAPDKL_09835	15.0	5.1		
contig_1	1959362	1959739	-	NAPDKL_09935	14.0	9.1		RefSeq:WP_108980544.1, SO:0001217, UniParc:UPI000D59710C, UniRef:UniRef100_UPI000D59710C, UniRef:UniRef50_UPI00266FB3E9, UniRef:UniRef90_UPI00266FB3E9
contig_1	1961305	1961571	-	NAPDKL_09950	10.2	8.6		RefSeq:WP_108980546.1, SO:0001217, UniParc:UPI000D280E3A, UniRef:UniRef100_UPI000D280E3A, UniRef:UniRef50_UPI001B48BC91, UniRef:UniRef90_UPI001B48BC91
contig_1	1963803	1964282	+	NAPDKL_09960	17.0	7.9		RefSeq:WP_108980548.1, SO:0001217, UniParc:UPI000D27D44D, UniRef:UniRef100_UPI000D27D44D, UniRef:UniRef50_V2ZEK7, UniRef:UniRef90_UPI000D27D44D
contig_1	1966547	1967044	-	NAPDKL_09970	18.9	5.2		RefSeq:WP_108980550.1, SO:0001217, UniParc:UPI000D2A3934, UniRef:UniRef100_UPI000D2A3934, UniRef:UniRef50_UPI0023F79959, UniRef:UniRef90_UPI0023F79959
contig_1	1968705	1969649	+	NAPDKL_09980	35.7	5.0		RefSeq:WP_108980551.1, SO:0001217, UniParc:UPI000D2D3254, UniRef:UniRef100_UPI000D2D3254, UniRef:UniRef50_UPI000D2D3254, UniRef:UniRef90_UPI000D2D3254
contig_1	1984196	1984633	+	NAPDKL_10055	16.3	7.9		SO:0001217, UniRef:UniRef50_UPI00067F729B, UniRef:UniRef90_UPI00067F729B
contig_1	1988189	1989496	+	NAPDKL_10075	46.8	4.6		RefSeq:WP_108980562.1, SO:0001217, UniParc:UPI000D299F07, UniRef:UniRef100_UPI000D299F07, UniRef:UniRef50_UPI00265A9B95, UniRef:UniRef90_UPI00265A9B95
contig_1	1989522	1990379	+	NAPDKL_10080	31.5	4.5		RefSeq:WP_108980563.1, SO:0001217, UniParc:UPI000D2C5C13, UniRef:UniRef100_UPI000D2C5C13, UniRef:UniRef50_UPI0026709003, UniRef:UniRef90_UPI0026709003
contig_1	1996779	1998725	+	NAPDKL_10110	71.2	6.0	PF00156.31|Pribosyltran, PF11734.12|TilS_C	PFAM:PF00156.31, PFAM:PF11734.12
contig_1	2030170	2031285	+	NAPDKL_10260	41.8	7.1		RefSeq:WP_108980587.1, SO:0001217, UniParc:UPI000D282838, UniRef:UniRef100_UPI000D282838, UniRef:UniRef50_UPI0026596722, UniRef:UniRef90_UPI0026596722
contig_1	2046412	2046549	-	NAPDKL_10335	5.1	9.5	PF13936.10|HTH_38	PFAM:PF13936.10
contig_1	2046867	2047061	-	NAPDKL_10340	7.3	4.8		RefSeq:WP_108980604.1, SO:0001217, UniParc:UPI000D2AB508, UniRef:UniRef100_UPI000D2AB508, UniRef:UniRef50_UPI0023F181FE, UniRef:UniRef90_UPI0023F181FE
contig_1	2057292	2057825	-	NAPDKL_10390	19.2	5.4		SO:0001217, UniRef:UniRef50_A0A1Y4LMU2, UniRef:UniRef90_UPI0023F3ECA3
contig_1	2073412	2073648	-	NAPDKL_10470	8.5	5.3		RefSeq:WP_108980625.1, SO:0001217, UniParc:UPI000D2DD91D, UniRef:UniRef100_UPI000D2DD91D, UniRef:UniRef50_A0A1Y4LDY7, UniRef:UniRef90_UPI00067E83F2
contig_1	2093239	2093508	+	NAPDKL_10565	10.5	4.3		RefSeq:WP_050623578.1, SO:0001217, UniParc:UPI00067EBF32, UniRef:UniRef100_UPI00067EBF32, UniRef:UniRef50_UPI002657F90D, UniRef:UniRef90_UPI00067EBF32
contig_1	2095259	2095519	-	NAPDKL_10580	9.5	9.3		RefSeq:WP_050623581.1, SO:0001217, UniParc:UPI00067F16C8, UniRef:UniRef100_UPI00067F16C8, UniRef:UniRef50_UPI0023F30800, UniRef:UniRef90_UPI0023F30800
contig_1	2120721	2120888	+	NAPDKL_10685	6.7	9.9		SO:0001217, UniRef:UniRef50_UPI0011CA59D8, UniRef:UniRef90_UPI0011CA59D8
contig_1	2160809	2162578	-	NAPDKL_10890	65.9	4.5		RefSeq:WP_108980671.1, SO:0001217, UniParc:UPI000D2D4F1B, UniRef:UniRef100_UPI000D2D4F1B, UniRef:UniRef50_UPI000D2D4F1B, UniRef:UniRef90_UPI000D2D4F1B
contig_1	2162611	2164560	-	NAPDKL_10895	70.7	4.3		RefSeq:WP_108980672.1, SO:0001217, UniParc:UPI000D2A16A8, UniRef:UniRef100_UPI000D2A16A8, UniRef:UniRef50_UPI00265902A3, UniRef:UniRef90_UPI00265902A3
contig_1	2164612	2166732	-	NAPDKL_10900	76.7	4.5		SO:0001217, UniRef:UniRef50_UPI00067F22B6, UniRef:UniRef90_UPI00067F22B6
contig_1	2166750	2167925	-	NAPDKL_10905	42.9	4.8		SO:0001217, UniRef:UniRef50_UPI00265B0007, UniRef:UniRef90_UPI00265B0007
contig_1	2167970	2169712	-	NAPDKL_10910	63.3	4.3		SO:0001217, UniRef:UniRef50_UPI0023F49A44, UniRef:UniRef90_UPI0023F49A44
contig_1	2206217	2206477	+	NAPDKL_11115	9.3	7.7		SO:0001217, UniParc:UPI000D2D8669, UniRef:UniRef100_UPI000D2D8669, UniRef:UniRef50_UPI00265AD756, UniRef:UniRef90_UPI00265AD756
contig_1	2207644	2208072	+	NAPDKL_11125	16.3	10.6		
contig_1	2208069	2209544	+	NAPDKL_11130	51.9	4.1	PF13306.10|LRR_5	PFAM:PF13306.10
contig_1	2232814	2233074	+	NAPDKL_11245	9.6	9.8		SO:0001217, UniRef:UniRef50_UPI0010581550, UniRef:UniRef90_UPI0010581550
contig_1	2237752	2237868	-	NAPDKL_11270	4.4	5.5		SO:0001217, UniRef:UniRef50_A0A1C6BBA0
contig_1	2238239	2238787	+	NAPDKL_11275	21.1	9.1		RefSeq:WP_108980711.1, SO:0001217, UniParc:UPI000D261FE2, UniRef:UniRef100_UPI000D261FE2, UniRef:UniRef50_UPI0026DC4EA8, UniRef:UniRef90_UPI000D261FE2
contig_1	2251480	2251914	+	NAPDKL_11340	16.1	4.7		RefSeq:WP_108980718.1, SO:0001217, UniParc:UPI000D286862, UniRef:UniRef100_UPI000D286862, UniRef:UniRef50_A0A096CQQ0, UniRef:UniRef90_UPI0023F8CF2F
contig_1	2259407	2259724	+	NAPDKL_11380	11.6	10.2		RefSeq:WP_108980723.1, SO:0001217, UniParc:UPI000D2754D8, UniRef:UniRef100_UPI000D2754D8, UniRef:UniRef50_UPI0023F969C9, UniRef:UniRef90_UPI0023F969C9
contig_1	2302744	2302872	+	NAPDKL_11590	5.0	5.2		
contig_1	2306364	2306576	-	NAPDKL_11605	7.2	4.4		RefSeq:WP_108980750.1, SO:0001217, UniParc:UPI000D2EA13A, UniRef:UniRef100_UPI000D2EA13A, UniRef:UniRef50_UPI00067E7E97, UniRef:UniRef90_UPI00067E7E97
contig_1	2320763	2321017	+	NAPDKL_11685	9.7	6.3		SO:0001217, UniRef:UniRef50_A0A1C5MCG4, UniRef:UniRef90_UPI0026DD8905
contig_1	2334067	2334318	-	NAPDKL_11745	9.7	4.5		RefSeq:WP_108980770.1, SO:0001217, UniParc:UPI000D26689A, UniRef:UniRef100_UPI000D26689A, UniRef:UniRef50_UPI00265AF717, UniRef:UniRef90_UPI00265AF717
contig_1	2373246	2373596	-	NAPDKL_11950	13.1	9.6		RefSeq:WP_108980793.1, SO:0001217, UniParc:UPI000D26D578, UniRef:UniRef100_UPI000D26D578, UniRef:UniRef50_UPI00067F030D, UniRef:UniRef90_UPI00067F030D
contig_1	2381580	2381765	+	NAPDKL_11985	7.2	7.8		RefSeq:WP_050623817.1, SO:0001217, UniParc:UPI00067EABF6, UniRef:UniRef100_UPI00067EABF6, UniRef:UniRef50_UPI00067EABF6, UniRef:UniRef90_UPI00067EABF6
contig_1	2384999	2385256	+	NAPDKL_12005	9.4	10.9		RefSeq:WP_133248304.1, SO:0001217, UniParc:UPI001057AD8D, UniRef:UniRef100_UPI001057AD8D, UniRef:UniRef50_UPI001057AD8D, UniRef:UniRef90_UPI001057AD8D
contig_1	2385253	2385624	+	NAPDKL_12010	13.9	5.5		
contig_1	2405033	2405899	+	NAPDKL_12100	32.1	5.5		
contig_1	2411714	2412439	+	NAPDKL_12135	27.2	6.3		
contig_1	2412690	2413364	+	NAPDKL_12140	24.3	5.1		
contig_1	2416950	2417897	-	NAPDKL_12160	34.5	5.6		
contig_1	2419527	2420069	+	NAPDKL_12170	19.1	6.7	PF00694.23|Aconitase_C	PFAM:PF00694.23
contig_1	2420174	2421238	+	NAPDKL_12175	37.7	4.3		
contig_1	2421309	2423357	+	NAPDKL_12180	73.6	8.3		
contig_1	2423453	2424220	+	NAPDKL_12185	28.5	7.6		
contig_1	2425098	2425940	+	NAPDKL_12195	31.0	6.0	PF04909.18|Amidohydro_2	PFAM:PF04909.18
contig_1	2425897	2426169	+	NAPDKL_12200	10.4	6.3		
contig_1	2427013	2427399	-	NAPDKL_12210	14.4	10.4	PF00239.25|Resolvase	PFAM:PF00239.25
contig_1	2427544	2428320	-	NAPDKL_12215	29.2	6.5		
contig_1	2428317	2428592	-	NAPDKL_12220	10.5	9.2		SO:0001217, UniRef:UniRef50_UPI000D58E4ED, UniRef:UniRef90_UPI000D58E4ED
contig_1	2430082	2430192	-	NAPDKL_12230	4.0	7.9		
contig_1	2434501	2434617	+	NAPDKL_12240	4.2	6.1		
contig_1	2434738	2435376	+	NAPDKL_12245	23.8	4.3		SO:0001217, UniParc:UPI000D2DD516, UniRef:UniRef100_UPI000D2DD516, UniRef:UniRef50_A0A1Y4W722, UniRef:UniRef90_UPI0026DD4210
contig_1	2436773	2437360	+	NAPDKL_12260	21.6	6.1		SO:0001217, UniParc:UPI000D2833DE, UniRef:UniRef100_UPI000D2833DE, UniRef:UniRef50_UPI00265A338B, UniRef:UniRef90_UPI00265A338B
contig_1	2439612	2440034	+	NAPDKL_12280	15.9	8.5		RefSeq:WP_050623840.1, SO:0001217, UniParc:UPI00067F36C9, UniRef:UniRef100_UPI00067F36C9, UniRef:UniRef50_UPI00067F36C9, UniRef:UniRef90_UPI00067F36C9
contig_1	2466909	2470394	+	NAPDKL_12380	126.3	4.3	PF07833.15|Cu_amine_oxidN1	PFAM:PF07833.15, SO:0001217, UniParc:UPI000D2E87E8, UniRef:UniRef100_UPI000D2E87E8, UniRef:UniRef50_UPI00210C65A2, UniRef:UniRef90_UPI00210C65A2
contig_1	2486642	2487181	-	NAPDKL_12465	20.3	7.7		RefSeq:WP_050623872.1, SO:0001217, UniParc:UPI00067E767D, UniRef:UniRef100_UPI00067E767D, UniRef:UniRef50_V2YI68, UniRef:UniRef90_UPI00067E767D
contig_1	2530235	2531062	-	NAPDKL_12660	30.7	8.4	PF02899.21|Phage_int_SAM_1	PFAM:PF02899.21, SO:0001217, UniParc:UPI000D2B7825, UniRef:UniRef100_UPI000D2B7825, UniRef:UniRef50_A0A1Y4KT07, UniRef:UniRef90_UPI00067ED0E5
contig_1	2540332	2540598	-	NAPDKL_12700	10.3	4.4		SO:0001217, UniParc:UPI000D2D3875, UniRef:UniRef100_UPI000D2D3875, UniRef:UniRef50_UPI0026703B83, UniRef:UniRef90_UPI0026703B83
contig_1	2542859	2543116	-	NAPDKL_12715	9.9	4.5		RefSeq:WP_050623921.1, SO:0001217, UniParc:UPI00067ED853, UniRef:UniRef100_UPI00067ED853, UniRef:UniRef50_UPI001B766D70, UniRef:UniRef90_UPI001B766D70
contig_1	2556320	2556448	+	NAPDKL_12785	4.8	9.2		
contig_1	2569528	2569701	+	NAPDKL_12850	6.1	8.3		RefSeq:WP_187120338.1, SO:0001217, UniParc:UPI000AE243CC, UniRef:UniRef100_UPI000AE243CC, UniRef:UniRef50_A0A1C5X2U6, UniRef:UniRef90_UPI000AE243CC
contig_1	2575604	2575744	-	NAPDKL_12885	5.3	5.1		SO:0001217, UniRef:UniRef50_A0A1Y4L557, UniRef:UniRef90_UPI000D2DE938
contig_1	2588363	2589259	-	NAPDKL_12940	33.9	4.8		SO:0001217, UniParc:UPI000D29E2E6, UniRef:UniRef100_UPI000D29E2E6, UniRef:UniRef50_UPI000D29E2E6, UniRef:UniRef90_UPI000D29E2E6
contig_1	2594087	2594182	-	NAPDKL_12960	3.6	5.0		
contig_1	2594326	2594892	+	NAPDKL_12965	20.8	11.6		
contig_1	2610710	2610862	-	NAPDKL_13030	5.6	8.8		SO:0001217, UniRef:UniRef50_F4XGL8
contig_1	2615178	2615936	-	NAPDKL_13065	28.6	4.7		
contig_1	2618800	2619078	-	NAPDKL_13090	10.2	5.2		RefSeq:WP_050623979.1, SO:0001217, UniParc:UPI00067EC225, UniRef:UniRef100_UPI00067EC225, UniRef:UniRef50_B0PI42, UniRef:UniRef90_B0PI42
contig_1	2626560	2626889	-	NAPDKL_13110	13.1	5.1		SO:0001217, UniRef:UniRef50_B9YCP0, UniRef:UniRef90_UPI00067F6499
contig_1	2631943	2632179	-	NAPDKL_13160	9.2	4.9		SO:0001217, UniRef:UniRef50_A0A096CFL2, UniRef:UniRef90_A0A413LS57
contig_1	2637026	2637232	-	NAPDKL_13175	7.7	5.7		SO:0001217, UniRef:UniRef50_A0A1Y4RUN5
contig_1	2647907	2648116	-	NAPDKL_13260	8.7	4.3		SO:0001217, UniRef:UniRef50_B0PGH1, UniRef:UniRef90_A0A656CIV7
contig_1	2665249	2665689	+	NAPDKL_13335	16.7	7.6	PF14659.10|Phage_int_SAM_3	PFAM:PF14659.10
contig_1	2672557	2673114	+	NAPDKL_13385	21.6	5.3		
contig_1	2676625	2676810	+	NAPDKL_13395	6.9	9.0		RefSeq:WP_242850314.1, SO:0001217, UniParc:UPI000A5AA5FB, UniRef:UniRef100_UPI000A5AA5FB, UniRef:UniRef50_UPI00262AAB47, UniRef:UniRef90_UPI000A5AA5FB
contig_1	2680878	2681093	+	NAPDKL_13430	8.0	10.4		
contig_1	2684455	2684619	+	NAPDKL_13445	6.0	6.1		SO:0001217, UniRef:UniRef50_A0A1Y4LR52
contig_1	2700439	2700885	+	NAPDKL_13520	16.5	9.5	PF01325.23|Fe_dep_repress	PFAM:PF01325.23
contig_1	2705965	2706858	-	NAPDKL_13550	33.9	7.4		
contig_1	2711182	2711553	+	NAPDKL_13585	14.0	5.2		SO:0001217, UniRef:UniRef50_B0PGM2, UniRef:UniRef90_G9YT77
contig_1	2721545	2722489	-	NAPDKL_13650	35.4	5.3		
contig_1	2727177	2728133	+	NAPDKL_13670	36.4	4.7		
contig_1	2728168	2729196	+	NAPDKL_13675	39.5	5.8		
contig_1	2729919	2730047	+	NAPDKL_13685	5.0	5.6		
contig_1	2731874	2732731	+	NAPDKL_13700	33.1	5.2	PF00149.32|Metallophos	PFAM:PF00149.32
contig_1	2732763	2733320	+	NAPDKL_13705	21.3	6.3		
contig_1	2733610	2733732	+	NAPDKL_13710	4.6	8.5		
contig_1	2764954	2765622	-	NAPDKL_13855	24.6	4.3		SO:0001217, UniRef:UniRef50_A0A096B656
contig_1	2766415	2766858	-	NAPDKL_13865	16.5	4.3		SO:0001217, UniRef:UniRef50_R9M9S0, UniRef:UniRef90_A0A096B4Z1
contig_1	2768291	2769124	-	NAPDKL_13880	31.2	5.0		SO:0001217, UniRef:UniRef50_UPI0018AABCCB
contig_1	2774987	2775574	-	NAPDKL_13910	22.9	5.5		SO:0001217, UniRef:UniRef50_R9M8T4
contig_1	2782833	2783126	+	NAPDKL_13955	10.5	9.9		
contig_1	2790021	2790353	-	NAPDKL_13980	12.3	4.3		SO:0001217, UniRef:UniRef50_UPI00189C6AA0
contig_1	2792470	2793102	-	NAPDKL_14000	24.3	8.5		SO:0001217, UniRef:UniRef50_A0A096B4W8, UniRef:UniRef90_UPI00189C34E4
contig_1	2793117	2793860	-	NAPDKL_14005	28.2	5.6	PF12960.11|DUF3849	PFAM:PF12960.11, SO:0001217, UniRef:UniRef50_A0A644XJP4, UniRef:UniRef90_A0A096CHY0
contig_1	2796706	2797275	-	NAPDKL_14030	21.6	6.0		SO:0001217, UniRef:UniRef50_A0A096B629, UniRef:UniRef90_A0A096B629
contig_1	2800633	2801400	-	NAPDKL_14050	28.8	5.0		SO:0001217, UniRef:UniRef50_A0A096B623, UniRef:UniRef90_A0A096B623
contig_1	2803775	2804479	-	NAPDKL_14065	27.2	9.0		SO:0001217, UniRef:UniRef50_A0A096B4V5, UniRef:UniRef90_UPI00189AA4EF
contig_1	2825763	2825981	-	NAPDKL_14190	7.6	8.6		SO:0001217, UniRef:UniRef50_E2ZJH9, UniRef:UniRef90_C0EGS5
contig_1	2833817	2834068	+	NAPDKL_14240	9.1	10.1		
contig_1	2834038	2834163	-	NAPDKL_14245	4.7	10.2		
contig_1	2859744	2860211	+	NAPDKL_14340	17.0	8.6		SO:0001217, UniParc:UPI000D2DEAB5, UniRef:UniRef100_UPI000D2DEAB5, UniRef:UniRef50_UPI000D2DEAB5, UniRef:UniRef90_UPI000D2DEAB5
contig_1	2863814	2864410	+	NAPDKL_14360	21.1	8.8		
contig_1	2868285	2868584	+	NAPDKL_14385	10.3	10.8		
contig_1	2871260	2871361	-	NAPDKL_14410	3.6	9.7		
contig_1	2883570	2884817	-	NAPDKL_14465	48.5	5.1	PF18476.5|PIN_8	PFAM:PF18476.5
contig_1	2893960	2894856	-	NAPDKL_14520	33.4	5.3		SO:0001217, UniRef:UniRef50_UPI00067EF5D0, UniRef:UniRef90_UPI00067EF5D0
contig_1	2910052	2910255	+	NAPDKL_14585	7.3	9.0		SO:0001217, UniParc:UPI000D2E7655, UniRef:UniRef100_UPI000D2E7655, UniRef:UniRef50_UPI000D2E7655, UniRef:UniRef90_UPI000D2E7655
contig_1	2910301	2910513	+	NAPDKL_14590	7.7	7.8		RefSeq:WP_050624978.1, SO:0001217, UniParc:UPI00067F3759, UniRef:UniRef100_UPI00067F3759, UniRef:UniRef50_UPI0023F41E5A, UniRef:UniRef90_UPI0023F41E5A
contig_1	2914655	2915245	+	NAPDKL_14620	22.9	4.5		RefSeq:WP_256181959.1, SO:0001217, UniParc:UPI000D2DEB19, UniRef:UniRef100_UPI000D2DEB19, UniRef:UniRef50_UPI0026591F56, UniRef:UniRef90_UPI0026591F56
contig_1	2938433	2938639	-	NAPDKL_14725	7.3	4.2		RefSeq:WP_050624951.1, SO:0001217, UniParc:UPI00067EA479, UniRef:UniRef100_UPI00067EA479, UniRef:UniRef50_A0A8J6M621, UniRef:UniRef90_UPI00067EA479
contig_1	2938695	2939129	-	NAPDKL_14730	15.0	4.6		RefSeq:WP_108981163.1, SO:0001217, UniParc:UPI000D2DA8EC, UniRef:UniRef100_UPI000D2DA8EC, UniRef:UniRef50_UPI00266F1BA5, UniRef:UniRef90_UPI00266F1BA5
contig_1	2943485	2944285	+	NAPDKL_14760	29.4	6.1		SO:0001217, UniRef:UniRef50_UPI001B4D7B33, UniRef:UniRef90_UPI001B4D7B33
contig_1	2966595	2967458	-	NAPDKL_14860	33.4	5.0		SO:0001217, UniParc:UPI000D2765E2, UniRef:UniRef100_UPI000D2765E2, UniRef:UniRef50_UPI0023EF9CE3, UniRef:UniRef90_UPI0023EF9CE3
contig_1	2981006	2981887	-	NAPDKL_14935	30.9	4.6		SO:0001217, UniParc:UPI000D2885BC, UniRef:UniRef100_UPI000D2885BC, UniRef:UniRef50_UPI0023F4D0E5, UniRef:UniRef90_UPI0023F4D0E5
contig_1	3057884	3060544	-	NAPDKL_15350	97.7	5.0	PF08238.16|Sel1	PFAM:PF08238.16
contig_1	3071250	3072542	-	NAPDKL_15420	48.2	7.1		SO:0001217, UniRef:UniRef50_A0A1I4BF09, UniRef:UniRef90_UPI00067F0F32
contig_1	3080681	3080803	-	NAPDKL_15480	4.4	4.2		
contig_1	3080800	3080889	-	NAPDKL_15485	3.2	9.5		
contig_1	3081374	3083521	-	NAPDKL_15495	82.9	9.4		SO:0001217, UniRef:UniRef50_UPI00210D9A3A, UniRef:UniRef90_UPI00210D9A3A
contig_1	3083691	3083957	+	NAPDKL_15500	10.0	6.3		RefSeq:WP_108981235.1, SO:0001217, UniParc:UPI000D28DAA3, UniRef:UniRef100_UPI000D28DAA3, UniRef:UniRef50_UPI00265AE71A, UniRef:UniRef90_UPI000D28DAA3
contig_1	3084479	3084628	+	NAPDKL_15510	5.6	10.3		
contig_1	3086354	3086542	-	NAPDKL_15520	7.3	4.2		
contig_1	3086568	3086729	-	NAPDKL_15525	6.0	5.1		
contig_1	3096696	3096848	+	NAPDKL_15565	6.1	9.9		
contig_1	3124212	3124406	-	NAPDKL_15705	7.3	6.2		RefSeq:WP_050624746.1, SO:0001217, UniParc:UPI00067E8C09, UniRef:UniRef100_UPI00067E8C09, UniRef:UniRef50_UPI00067E8C09, UniRef:UniRef90_UPI00067E8C09
contig_1	3158560	3158970	-	NAPDKL_15870	15.3	8.7		RefSeq:WP_077138763.1, SO:0001217, UniParc:UPI00097D33DE, UniRef:UniRef100_UPI00097D33DE, UniRef:UniRef50_UPI00265B3556, UniRef:UniRef90_UPI00265B3556
contig_1	3168942	3170843	-	NAPDKL_15900	70.1	9.6		
contig_1	3172805	3173053	+	NAPDKL_15915	9.1	11.7		SO:0001217, UniParc:UPI000D26A7C3, UniRef:UniRef100_UPI000D26A7C3, UniRef:UniRef50_UPI0023F16D11, UniRef:UniRef90_UPI0023F16D11
contig_1	3195417	3195566	-	NAPDKL_16055	4.8	5.2		
contig_1	3204062	3204181	-	NAPDKL_16095	4.6	8.0		
contig_1	3209461	3209751	+	NAPDKL_16125	10.5	9.6		SO:0001217, UniParc:UPI000D2AA49C, UniRef:UniRef100_UPI000D2AA49C, UniRef:UniRef50_UPI00067F349A, UniRef:UniRef90_UPI00067F349A
contig_1	3212033	3212464	-	NAPDKL_16140	17.0	9.8		SO:0001217, UniParc:UPI000D270001, UniRef:UniRef100_UPI000D270001, UniRef:UniRef50_UPI00067F0E81, UniRef:UniRef90_UPI00067F0E81
contig_1	3212489	3212962	-	NAPDKL_16145	17.4	9.3		SO:0001217, UniParc:UPI000D2925DE, UniRef:UniRef100_UPI000D2925DE, UniRef:UniRef50_UPI0023F7E1AB, UniRef:UniRef90_UPI0023F7E1AB
contig_1	3215622	3215891	-	NAPDKL_16165	9.7	4.5		RefSeq:WP_050624658.1, SO:0001217, UniParc:UPI00067F03B8, UniRef:UniRef100_UPI00067F03B8, UniRef:UniRef50_A0A1Y4LQA2, UniRef:UniRef90_UPI002658BF6E
contig_1	3238842	3239135	-	NAPDKL_16265	10.6	9.3		RefSeq:WP_050624643.1, SO:0001217, UniParc:UPI00067EBB99, UniRef:UniRef100_UPI00067EBB99, UniRef:UniRef50_UPI0026590C64, UniRef:UniRef90_UPI0026590C64
contig_1	3247036	3247509	-	NAPDKL_16305	16.3	5.1		SO:0001217, UniParc:UPI000D2696BA, UniRef:UniRef100_UPI000D2696BA, UniRef:UniRef50_UPI000D2696BA, UniRef:UniRef90_UPI000D2696BA
contig_1	3252726	3253307	-	NAPDKL_16350	21.3	8.9		RefSeq:WP_133248314.1, SO:0001217, UniParc:UPI000D2A53FA, UniRef:UniRef100_UPI000D2A53FA, UniRef:UniRef50_UPI0023F90B83, UniRef:UniRef90_UPI0023F90B83
contig_1	3253413	3254042	-	NAPDKL_16355	22.9	4.4		RefSeq:WP_133248315.1, SO:0001217, UniParc:UPI000D2B32A0, UniRef:UniRef100_UPI000D2B32A0, UniRef:UniRef50_UPI0026DA903A, UniRef:UniRef90_UPI0026DA903A
contig_1	3280299	3280646	-	NAPDKL_16475	12.8	8.7		SO:0001217, UniRef:UniRef50_A0A8S5MTP5, UniRef:UniRef90_UPI0026DB61DF
contig_1	3281564	3283438	-	NAPDKL_16490	65.5	4.5	PF00041.25|fn3	PFAM:PF00041.25, SO:0001217, UniRef:UniRef50_UPI00210A15A8
contig_1	3283672	3284331	-	NAPDKL_16495	23.3	4.3		SO:0001217, UniRef:UniRef50_UPI0023F27FE0, UniRef:UniRef90_UPI0023F27FE0
contig_1	3286357	3286872	-	NAPDKL_16515	18.2	4.5		
contig_1	3288761	3288859	+	NAPDKL_16535	3.4	8.3		
contig_1	3295788	3296405	-	NAPDKL_16575	23.0	6.5		SO:0001217, UniRef:UniRef50_A0A2U1BC16
contig_1	3299540	3300763	-	NAPDKL_16600	46.2	6.2		
contig_1	3300760	3300954	-	NAPDKL_16605	6.7	9.9		RefSeq:WP_108981347.1, SO:0001217, UniParc:UPI000D2699EE, UniRef:UniRef100_UPI000D2699EE, UniRef:UniRef50_A0A096BC03, UniRef:UniRef90_UPI00265EC1FF
contig_1	3304293	3305063	-	NAPDKL_16630	29.5	10.0		SO:0001217, UniRef:UniRef50_UPI0026F3F1A2, UniRef:UniRef90_UPI0026702C1F
contig_1	3305056	3305541	-	NAPDKL_16635	18.0	5.2		SO:0001217, UniRef:UniRef50_UPI0023F17980, UniRef:UniRef90_UPI0023F17980
contig_1	3305508	3305786	-	NAPDKL_16640	10.4	6.6		SO:0001217, UniRef:UniRef50_UPI00265E19EF, UniRef:UniRef90_UPI00265E19EF
contig_1	3305767	3306264	-	NAPDKL_16645	18.4	4.8		SO:0001217, UniRef:UniRef50_UPI00265DDEFC, UniRef:UniRef90_UPI00265DDEFC
contig_1	3306264	3306566	-	NAPDKL_16650	11.5	5.1		SO:0001217, UniRef:UniRef50_A0A8S5Q5L3, UniRef:UniRef90_UPI0026DAB3B2
contig_1	3306566	3306904	-	NAPDKL_16655	13.0	4.6		
contig_1	3306888	3307220	-	NAPDKL_16660	12.5	4.8		
contig_1	3307814	3307969	-	NAPDKL_16675	5.4	5.0		SO:0001217, UniRef:UniRef50_UPI00136DCDEA
contig_1	3307966	3308193	-	NAPDKL_16680	8.7	6.7		SO:0001217, UniRef:UniRef50_UPI00266535B5
contig_1	3308168	3308293	-	NAPDKL_16685	4.7	10.5		
contig_1	3312155	3312460	-	NAPDKL_16710	11.6	6.6		SO:0001217, UniRef:UniRef50_UPI00265D999F, UniRef:UniRef90_UPI00265D999F
contig_1	3312457	3312588	-	NAPDKL_16715	4.8	9.9		
contig_1	3312585	3312776	-	NAPDKL_16720	6.8	4.3		SO:0001217, UniRef:UniRef50_UPI0023F0CA39, UniRef:UniRef90_UPI0023F0CA39
contig_1	3312784	3312900	-	NAPDKL_16725	4.4	9.5		
contig_1	3312913	3313431	-	NAPDKL_16730	19.7	5.5		SO:0001217, UniParc:UPI00205D57CF, UniRef:UniRef100_UPI00205D57CF, UniRef:UniRef50_UPI00265F0D43, UniRef:UniRef90_UPI00265F0D43
contig_1	3314018	3314347	+	NAPDKL_16735	12.2	5.1		SO:0001217, UniRef:UniRef50_UPI0023F48B6C, UniRef:UniRef90_UPI0023F48B6C
contig_1	3314651	3314824	+	NAPDKL_16740	6.5	5.5		
contig_1	3316213	3317205	+	NAPDKL_16755	36.5	5.8	PF16473.9|Rv2179c-like	PFAM:PF16473.9
contig_1	3317174	3317725	+	NAPDKL_16760	20.9	6.6		SO:0001217, UniRef:UniRef50_A0A1Y4S793
contig_1	3320420	3320824	+	NAPDKL_16780	14.8	9.3		SO:0001217, UniRef:UniRef50_UPI0023F65B9C, UniRef:UniRef90_UPI0023F65B9C
contig_1	3334495	3334695	-	NAPDKL_16840	7.6	8.8		SO:0001217, UniParc:UPI000D2C8FC4, UniRef:UniRef100_UPI000D2C8FC4, UniRef:UniRef50_UPI00067EE05F, UniRef:UniRef90_UPI00067EE05F
contig_1	3349869	3349973	-	NAPDKL_16910	3.6	9.5		
contig_1	3358394	3358699	+	NAPDKL_16960	11.1	4.5		SO:0001217, UniParc:UPI000D2D8229, UniRef:UniRef100_UPI000D2D8229, UniRef:UniRef50_UPI0023F9532D, UniRef:UniRef90_UPI0023F9532D
contig_1	3417637	3417774	+	NAPDKL_17275	5.3	10.9		
contig_1	3424479	3424784	-	NAPDKL_17315	11.4	5.7		SO:0001217, UniParc:UPI000D2B07ED, UniRef:UniRef100_UPI000D2B07ED, UniRef:UniRef50_UPI00067F3EA5, UniRef:UniRef90_UPI00067F3EA5
contig_1	3429686	3430033	-	NAPDKL_17345	12.4	5.3		SO:0001217, UniParc:UPI0023F75B92, UniRef:UniRef100_UPI000D292A17, UniRef:UniRef50_UPI00097D3E75, UniRef:UniRef90_UPI00097D3E75
contig_1	3430478	3430915	-	NAPDKL_17350	16.1	4.3		RefSeq:WP_108981435.1, SO:0001217, UniParc:UPI000D2A9516, UniRef:UniRef100_UPI000D2A9516, UniRef:UniRef50_UPI00067F4CB6, UniRef:UniRef90_UPI00067F4CB6
contig_1	3430937	3431470	-	NAPDKL_17355	18.1	8.6		RefSeq:WP_050624507.1, SO:0001217, UniParc:UPI00067EBDC2, UniRef:UniRef100_UPI00067EBDC2, UniRef:UniRef50_UPI00067EBDC2, UniRef:UniRef90_UPI00067EBDC2
contig_1	3431476	3431937	-	NAPDKL_17360	17.2	9.7		SO:0001217, UniParc:UPI001057B5C3, UniRef:UniRef100_UPI001057B5C3, UniRef:UniRef50_UPI0023F933E2, UniRef:UniRef90_UPI0023F933E2
contig_1	3431921	3432430	-	NAPDKL_17365	18.5	8.4		SO:0001217, UniParc:UPI000D2A1C93, UniRef:UniRef100_UPI000D2A1C93, UniRef:UniRef50_UPI0026DBEFC9, UniRef:UniRef90_UPI0026DBEFC9
contig_1	3432505	3432966	-	NAPDKL_17370	16.7	4.8		SO:0001217, UniRef:UniRef50_UPI0023F123D9, UniRef:UniRef90_UPI0023F123D9
contig_1	3448329	3448778	+	NAPDKL_17445	17.3	9.6	PF00165.27|HTH_AraC, PF12833.11|HTH_18	PFAM:PF00165.27, PFAM:PF12833.11
contig_1	3472171	3472311	-	NAPDKL_17550	4.7	6.0		
contig_1	3490180	3491856	+	NAPDKL_17670	63.7	5.7		SO:0001217, UniRef:UniRef50_UPI0003AD8971, UniRef:UniRef90_UPI0003AD8971
contig_1	3494080	3494694	+	NAPDKL_17695	23.5	7.1		
contig_1	3498316	3498540	-	NAPDKL_17700	8.1	4.5		
contig_1	3498509	3499147	-	NAPDKL_17705	22.8	4.3		
contig_1	3499723	3500226	+	NAPDKL_17710	18.6	6.8		
contig_1	3500532	3500888	+	NAPDKL_17715	13.8	8.1		
contig_2	1936	2268	+	NAPDKL_17740	12.4	4.1		SO:0001217, UniRef:UniRef50_A0A6I2RIW4, UniRef:UniRef90_A0A6I2RIW4
contig_2	2275	2646	+	NAPDKL_17745	14.0	4.6		SO:0001217, UniRef:UniRef50_A0A6I2RBY1, UniRef:UniRef90_A0A6I2RBY1
contig_2	2983	3222	+	NAPDKL_17750	8.9	9.9		
contig_2	3219	3461	+	NAPDKL_17755	9.1	9.7		
contig_2	3442	3657	+	NAPDKL_17760	8.3	9.5		
contig_2	4120	4446	+	NAPDKL_17765	12.2	9.8	PF13518.10|HTH_28	PFAM:PF13518.10
contig_2	4481	4606	+	NAPDKL_17770	4.5	5.5		
contig_2	4603	4797	+	NAPDKL_17775	7.7	9.8		
contig_2	5974	6360	-	NAPDKL_17785	14.3	4.9	PF00625.25|Guanylate_kin	PFAM:PF00625.25
contig_2	7199	7321	-	NAPDKL_17795	4.7	6.1		SO:0001217, UniRef:UniRef50_A0A6I2R2S3, UniRef:UniRef90_A0A6I2R2S3
contig_2	9861	10214	+	NAPDKL_17810	12.7	9.7		RefSeq:WP_108981643.1, SO:0001217, UniParc:UPI000D2CCCCE, UniRef:UniRef100_A0A6I2R1Q5, UniRef:UniRef50_A0A6I2R1Q5, UniRef:UniRef90_A0A6I2R1Q5
contig_2	10399	10587	-	NAPDKL_17815	6.3	5.4		RefSeq:WP_108981644.1, SO:0001217, UniParc:UPI000D27E52C, UniRef:UniRef100_A0A6I2R4Z3, UniRef:UniRef50_A0A6I2R4Z3, UniRef:UniRef90_A0A6I2R4Z3
contig_2	14668	16326	-	NAPDKL_17830	61.3	8.1		RefSeq:WP_108981648.1, SO:0001217, UniParc:UPI000D2E5E7E, UniRef:UniRef100_A0A6I2R3T1, UniRef:UniRef50_A0A6I2R3T1, UniRef:UniRef90_A0A6I2R3T1
contig_2	16384	17112	-	NAPDKL_17835	26.9	9.4		RefSeq:WP_108981649.1, SO:0001217, UniParc:UPI000D2A6A22, UniRef:UniRef100_A0A6I2R1L0, UniRef:UniRef50_A0A6I2R1L0, UniRef:UniRef90_A0A6I2R1L0
contig_2	21227	21850	-	NAPDKL_17860	20.8	5.1		RefSeq:WP_133248328.1, SO:0001217, UniParc:UPI000D29ED1B, UniRef:UniRef100_A0A6I2R4Y6, UniRef:UniRef50_A0A6I2R4Y6, UniRef:UniRef90_A0A6I2R4Y6
contig_2	22269	23024	+	NAPDKL_17865	28.9	7.7		RefSeq:WP_108981655.1, SO:0001217, UniParc:UPI000D275FC1, UniRef:UniRef100_A0A6I2RBA2, UniRef:UniRef50_A0A6I2RBA2, UniRef:UniRef90_A0A6I2RBA2
contig_2	28468	28707	+	NAPDKL_17885	9.4	10.3		RefSeq:WP_108981659.1, SO:0001217, UniParc:UPI000D2E4862, UniRef:UniRef100_A0A6I2R1J8, UniRef:UniRef50_A0A6I2R1J8, UniRef:UniRef90_A0A6I2R1J8
contig_2	28749	29162	+	NAPDKL_17890	15.8	4.1		RefSeq:WP_108981660.1, SO:0001217, UniParc:UPI000D287217, UniRef:UniRef100_A0A6I2R9W5, UniRef:UniRef50_A0A6I2R9W5, UniRef:UniRef90_A0A6I2R9W5
contig_2	29179	29460	+	NAPDKL_17895	10.7	4.2		SO:0001217, UniParc:UPI000D263D19, UniRef:UniRef100_UPI000D263D19, UniRef:UniRef50_A0A6I2R5Q6, UniRef:UniRef90_A0A6I2R5Q6
contig_2	29457	29693	+	NAPDKL_17900	8.5	9.4		RefSeq:WP_108981662.1, SO:0001217, UniParc:UPI000D2913D2, UniRef:UniRef100_A0A6I2R2Q2, UniRef:UniRef50_A0A6I2R2Q2, UniRef:UniRef90_A0A6I2R2Q2
contig_2	30143	30355	+	NAPDKL_17905	8.1	4.4		RefSeq:WP_108981663.1, SO:0001217, UniParc:UPI000D2766D3, UniRef:UniRef100_A0A6I2R1N4, UniRef:UniRef50_A0A6I2R1N4, UniRef:UniRef90_A0A6I2R1N4
contig_2	31652	31846	-	NAPDKL_17920	7.3	9.7		
contig_2	31988	32221	-	NAPDKL_17925	8.7	4.4		RefSeq:WP_108981667.1, SO:0001217, UniParc:UPI000D2D09D5, UniRef:UniRef100_A0A6I2R2V8, UniRef:UniRef50_A0A6I2R2V8, UniRef:UniRef90_A0A6I2R2V8
contig_2	34972	35520	-	NAPDKL_17935	20.6	8.7		SO:0001217, UniRef:UniRef50_A0A6I2R3R0, UniRef:UniRef90_A0A6I2R3R0
contig_2	53323	53745	-	NAPDKL_17960	15.1	5.5		RefSeq:WP_108981674.1, SO:0001217, UniParc:UPI000D275C90, UniRef:UniRef100_A0A6I2R1M6, UniRef:UniRef50_A0A6I2R1M6, UniRef:UniRef90_A0A6I2R1M6
contig_2	53767	54225	-	NAPDKL_17965	16.0	9.7		RefSeq:WP_108981675.1, SO:0001217, UniParc:UPI000D2711F8, UniRef:UniRef100_A0A6I2R4W7, UniRef:UniRef50_A0A6I2R4W7, UniRef:UniRef90_A0A6I2R4W7
contig_2	54708	54992	-	NAPDKL_17970	10.7	4.6		SO:0001217, UniRef:UniRef50_UPI001EDD4941
contig_2	56083	56358	-	NAPDKL_17980	10.4	8.4		RefSeq:WP_108981677.1, SO:0001217, UniParc:UPI000D2A263E, UniRef:UniRef100_A0A6I2R6D2, UniRef:UniRef50_A0A6I2R6D2, UniRef:UniRef90_A0A6I2R6D2
contig_2	56375	56650	-	NAPDKL_17985	10.3	6.2		RefSeq:WP_108981678.1, SO:0001217, UniParc:UPI000D298E18, UniRef:UniRef100_A0A6I2R3Q1, UniRef:UniRef50_A0A6I2R3Q1, UniRef:UniRef90_A0A6I2R3Q1
contig_2	60532	60714	-	NAPDKL_18000	6.6	5.2		RefSeq:WP_157954785.1, SO:0001217, UniParc:UPI000D2CB937, UniRef:UniRef100_UPI000D2CB937, UniRef:UniRef50_UPI000D2CB937, UniRef:UniRef90_UPI000D2CB937
contig_2	65271	66551	+	NAPDKL_18010	46.3	4.8		RefSeq:WP_108981682.1, SO:0001217, UniParc:UPI000D28AC2F, UniRef:UniRef100_A0A6I2R2N4, UniRef:UniRef50_A0A6I2R2N4, UniRef:UniRef90_A0A6I2R2N4
contig_2	66987	67457	+	NAPDKL_18015	16.3	4.5		RefSeq:WP_157954786.1, SO:0001217, UniParc:UPI000D2B5EFA, UniRef:UniRef100_UPI000D2B5EFA, UniRef:UniRef50_UPI000D2B5EFA, UniRef:UniRef90_UPI000D2B5EFA
contig_2	73766	74227	+	NAPDKL_18045	16.8	9.0		RefSeq:WP_108981688.1, SO:0001217, UniParc:UPI000D28CA09, UniRef:UniRef100_A0A6I2R3P0, UniRef:UniRef50_A0A6I2R3P0, UniRef:UniRef90_A0A6I2R3P0
contig_2	75981	76730	+	NAPDKL_18055	28.5	11.0		
contig_2	76923	77825	+	NAPDKL_18060	32.4	4.1		RefSeq:WP_108981690.1, SO:0001217, UniParc:UPI000D2A1DA4, UniRef:UniRef100_A0A6I2R9T4, UniRef:UniRef50_A0A6I2R9T4, UniRef:UniRef90_A0A6I2R9T4
contig_2	79713	79892	+	NAPDKL_18070	6.8	4.5		RefSeq:WP_108981692.1, SO:0001217, UniParc:UPI000D2E5BB0, UniRef:UniRef100_A0A6I2R1K5, UniRef:UniRef50_A0A6I2R1K5, UniRef:UniRef90_A0A6I2R1K5
contig_2	79896	80696	+	NAPDKL_18075	29.6	4.4		RefSeq:WP_133248331.1, SO:0001217, UniParc:UPI000D2EA750, UniRef:UniRef100_A0A6I2R1K5, UniRef:UniRef50_A0A6I2R1K5, UniRef:UniRef90_A0A6I2R1K5
contig_2	81603	82301	+	NAPDKL_18080	26.4	4.9		RefSeq:WP_108981694.1, SO:0001217, UniParc:UPI000D264C6A, UniRef:UniRef100_A0A6I2R4U8, UniRef:UniRef50_A0A6I2R4U8, UniRef:UniRef90_A0A6I2R4U8
contig_2	82298	83029	+	NAPDKL_18085	26.7	8.2		SO:0001217, UniRef:UniRef50_A0A6I2RB56, UniRef:UniRef90_A0A6I2RB56
contig_2	83364	84152	+	NAPDKL_18090	29.3	5.2		SO:0001217, UniRef:UniRef50_A0A6I2R2S5
contig_2	84149	84871	+	NAPDKL_18095	27.7	5.3		RefSeq:WP_133248332.1, SO:0001217, UniParc:UPI0010576A18, UniRef:UniRef100_A0A6I2R1J5, UniRef:UniRef50_A0A6I2R1J5, UniRef:UniRef90_A0A6I2R1J5
contig_2	84864	85598	+	NAPDKL_18100	28.0	4.9		RefSeq:WP_108981698.1, SO:0001217, UniParc:UPI000D29618B, UniRef:UniRef100_A0A6I2R4T5, UniRef:UniRef50_A0A6I2R4T5, UniRef:UniRef90_A0A6I2R4T5
contig_2	85600	86046	+	NAPDKL_18105	16.4	4.3		RefSeq:WP_108981699.1, SO:0001217, UniParc:UPI000D2AC20E, UniRef:UniRef100_A0A6I2RB44, UniRef:UniRef50_A0A6I2RB44, UniRef:UniRef90_A0A6I2RB44
contig_2	86089	86829	+	NAPDKL_18110	28.1	5.0		RefSeq:WP_108981700.1, SO:0001217, UniParc:UPI000D29C921, UniRef:UniRef100_A0A6I2R2R6, UniRef:UniRef50_A0A6I2R2R6, UniRef:UniRef90_A0A6I2R2R6
contig_2	86854	87252	+	NAPDKL_18115	14.7	4.5		SO:0001217, UniRef:UniRef50_A0A6I2R6B2, UniRef:UniRef90_A0A6I2R6B2
contig_2	87416	87814	-	NAPDKL_18120	15.6	5.1		SO:0001217, UniRef:UniRef50_A0A6I2R1F9, UniRef:UniRef90_A0A6I2R1F9
contig_2	90232	90801	-	NAPDKL_18140	20.6	5.7		RefSeq:WP_108981704.1, SO:0001217, UniParc:UPI000D29CCCA, UniRef:UniRef100_A0A6I2R5K8, UniRef:UniRef50_A0A6I2R5K8, UniRef:UniRef90_A0A6I2R5K8
contig_2	90973	91257	-	NAPDKL_18150	10.3	5.1		RefSeq:WP_108981705.1, SO:0001217, UniParc:UPI000D2D5A71, UniRef:UniRef100_A0A6I2R2K4, UniRef:UniRef50_A0A6I2R2K4, UniRef:UniRef90_A0A6I2R2K4
contig_2	96545	96670	-	NAPDKL_18240	4.8	9.2		
contig_2	96805	97374	-	NAPDKL_18245	20.9	5.2		RefSeq:WP_133248333.1, SO:0001217, UniParc:UPI000D27AC90, UniRef:UniRef100_A0A6I2RCH1, UniRef:UniRef50_A0A6I2RCH1, UniRef:UniRef90_A0A6I2RCH1
contig_2	97378	97689	-	NAPDKL_18250	11.5	4.5		RefSeq:WP_108981709.1, SO:0001217, UniParc:UPI000D2D8307, UniRef:UniRef100_A0A6I2R9D9, UniRef:UniRef50_A0A6I2R9D9, UniRef:UniRef90_A0A6I2R9D9
contig_2	97705	98322	-	NAPDKL_18255	23.3	5.5		SO:0001217, UniRef:UniRef50_A0A6I2R851, UniRef:UniRef90_A0A6I2R851
contig_2	98316	99047	-	NAPDKL_18260	27.1	4.7		SO:0001217, UniRef:UniRef50_A0A6I2RBI1, UniRef:UniRef90_A0A6I2RBI1
contig_2	101779	102537	+	NAPDKL_18285	28.3	4.8		SO:0001217, UniRef:UniRef50_UPI002330B065, UniRef:UniRef90_UPI002330B065
contig_2	102542	103282	+	NAPDKL_18290	27.3	4.9		SO:0001217, UniRef:UniRef50_UPI00232AF611, UniRef:UniRef90_UPI00232AF611
contig_2	103282	104040	+	NAPDKL_18295	27.5	4.2		RefSeq:WP_108981718.1, SO:0001217, UniParc:UPI000D2804E6, UniRef:UniRef100_A0A6I2RH34, UniRef:UniRef50_A0A6I2RH34, UniRef:UniRef90_A0A6I2RH34
contig_2	104286	104687	+	NAPDKL_18300	14.7	7.8		RefSeq:WP_108981719.1, SO:0001217, UniParc:UPI000D293042, UniRef:UniRef100_A0A6I2RCG1, UniRef:UniRef50_A0A6I2RCG1, UniRef:UniRef90_A0A6I2RCG1
contig_2	105212	105370	+	NAPDKL_18305	6.3	4.5		SO:0001217, UniRef:UniRef50_A0A6I2R9C9, UniRef:UniRef90_A0A6I2R9C9
contig_2	108165	108377	+	NAPDKL_18325	8.3	9.7		
contig_2	110338	110745	+	NAPDKL_18340	13.4	4.1		SO:0001217, UniRef:UniRef50_A0A6I2RC19
contig_2	110918	111184	+	NAPDKL_18350	9.3	9.9		RefSeq:WP_108981728.1, SO:0001217, UniParc:UPI000D268550, UniRef:UniRef100_A0A6I2R8M9, UniRef:UniRef50_A0A6I2R8M9, UniRef:UniRef90_A0A6I2R8M9
contig_2	111222	111746	+	NAPDKL_18355	19.9	5.4		SO:0001217, UniRef:UniRef50_A0A6I2R9Y5, UniRef:UniRef90_A0A6I2R9Y5
contig_2	120225	120383	-	NAPDKL_18395	6.0	10.3		
contig_2	126742	127446	-	NAPDKL_18415	26.1	4.9		RefSeq:WP_108981738.1, SO:0001217, UniParc:UPI000D2D43F0, UniRef:UniRef100_A0A6I2RBN4, UniRef:UniRef50_A0A6I2R9Q7, UniRef:UniRef90_A0A6I2RBN4
contig_2	129094	129246	+	NAPDKL_18425	5.4	4.3		RefSeq:WP_157954795.1, SO:0001217, UniParc:UPI000D289091, UniRef:UniRef100_A0A6I2RAX5, UniRef:UniRef50_A0A6I2RAX5, UniRef:UniRef90_A0A6I2RAX5
contig_2	131255	131602	+	NAPDKL_18435	12.6	10.2		RefSeq:WP_108981742.1, SO:0001217, UniParc:UPI000D2816F6, UniRef:UniRef100_A0A6I2R884, UniRef:UniRef50_A0A6I2R884, UniRef:UniRef90_A0A6I2R884
contig_2	133445	133795	+	NAPDKL_18445	13.4	8.7		RefSeq:WP_108981744.1, SO:0001217, UniParc:UPI000D2B7DE4, UniRef:UniRef100_A0A6I2RCL1, UniRef:UniRef50_A0A6I2RCL1, UniRef:UniRef90_A0A6I2RCL1
contig_2	143403	143843	-	NAPDKL_18460	16.2	10.0		RefSeq:WP_108981747.1, SO:0001217, UniParc:UPI000D2E8AA9, UniRef:UniRef100_A0A6I2R1I4, UniRef:UniRef50_A0A6I2R1I4, UniRef:UniRef90_A0A6I2R1I4
contig_2	144694	144954	-	NAPDKL_18465	10.4	5.7		RefSeq:WP_108981748.1, SO:0001217, UniParc:UPI000D2C6DE5, UniRef:UniRef100_A0A6I2R4U9, UniRef:UniRef50_A0A6I2R4U9, UniRef:UniRef90_A0A6I2R4U9
contig_2	147128	147559	-	NAPDKL_18480	16.0	5.4		RefSeq:WP_108981751.1, SO:0001217, UniParc:UPI000D2995AC, UniRef:UniRef100_A0A6I2R8H5, UniRef:UniRef50_A0A6I2R8H5, UniRef:UniRef90_A0A6I2R8H5
contig_2	147936	148262	+	NAPDKL_18485	12.4	4.5		RefSeq:WP_108981752.1, SO:0001217, UniParc:UPI000D27059F, UniRef:UniRef100_A0A6I2R4A5, UniRef:UniRef50_A0A6I2R4A5, UniRef:UniRef90_A0A6I2R4A5
contig_2	148791	149351	+	NAPDKL_18495	20.3	4.2		RefSeq:WP_108981754.1, SO:0001217, UniParc:UPI000D2E3E89, UniRef:UniRef100_A0A6I2R0B2, UniRef:UniRef50_A0A6I2R0B2, UniRef:UniRef90_A0A6I2R0B2
contig_2	160379	160750	+	NAPDKL_18520	13.7	4.4		RefSeq:WP_108981759.1, SO:0001217, UniParc:UPI000D282612, UniRef:UniRef100_A0A6I2R272, UniRef:UniRef50_A0A6I2R272, UniRef:UniRef90_A0A6I2R272
contig_2	160885	161043	+	NAPDKL_18525	5.7	4.1		RefSeq:WP_157954801.1, SO:0001217, UniParc:UPI000D264A82, UniRef:UniRef100_A0A6I2R051, UniRef:UniRef50_A0A6I2R051, UniRef:UniRef90_A0A6I2R051
contig_2	161116	161913	+	NAPDKL_18530	30.8	6.1		RefSeq:WP_108981760.1, SO:0001217, UniParc:UPI000D2DF5C8, UniRef:UniRef100_A0A6I2R8G4, UniRef:UniRef50_A0A6I2R8G4, UniRef:UniRef90_A0A6I2R8G4
contig_2	162592	162924	+	NAPDKL_18540	12.8	4.7		RefSeq:WP_108981762.1, SO:0001217, UniParc:UPI000D2A9D7E, UniRef:UniRef100_A0A6I2R183, UniRef:UniRef50_A0A6I2R183, UniRef:UniRef90_A0A6I2R183
contig_2	164477	164701	+	NAPDKL_18555	8.4	4.6		RefSeq:WP_108981765.1, SO:0001217, UniParc:UPI000D2BB67B, UniRef:UniRef100_A0A6I2R9M7, UniRef:UniRef50_A0A6I2R9M7, UniRef:UniRef90_A0A6I2R9M7
contig_2	164698	165114	+	NAPDKL_18560	15.4	4.1		RefSeq:WP_108981766.1, SO:0001217, UniParc:UPI000D2E28D2, UniRef:UniRef100_A0A6I2R1G3, UniRef:UniRef50_A0A6I2R1G3, UniRef:UniRef90_A0A6I2R1G3
contig_2	165127	165318	+	NAPDKL_18565	6.9	6.5		RefSeq:WP_108981767.1, SO:0001217, UniParc:UPI000D27838B, UniRef:UniRef100_A0A6I2R4S9, UniRef:UniRef50_A0A6I2R4S9, UniRef:UniRef90_A0A6I2R4S9
contig_2	165360	165803	-	NAPDKL_18570	16.6	5.2		RefSeq:WP_108981768.1, SO:0001217, UniParc:UPI000D265F50, UniRef:UniRef100_A0A6I2R258, UniRef:UniRef50_A0A6I2R258, UniRef:UniRef90_A0A6I2R258
contig_2	166246	166437	+	NAPDKL_18575	7.1	10.6		RefSeq:WP_108981769.1, SO:0001217, UniParc:UPI000D2B203C, UniRef:UniRef100_A0A6I2R041, UniRef:UniRef50_A0A940BJ77, UniRef:UniRef90_A0A6I2R041
contig_2	166511	167200	+	NAPDKL_18580	26.0	5.1		RefSeq:WP_108981770.1, SO:0001217, UniParc:UPI000D279B88, UniRef:UniRef100_A0A6I2R8F5, UniRef:UniRef50_A0A6I2R8F5, UniRef:UniRef90_A0A6I2R8F5
contig_2	167229	167957	+	NAPDKL_18585	27.3	6.2		RefSeq:WP_108981771.1, SO:0001217, UniParc:UPI000D27B238, UniRef:UniRef100_A0A6I2R487, UniRef:UniRef50_A0A6I2R487, UniRef:UniRef90_A0A6I2R487
contig_2	167975	168727	+	NAPDKL_18590	28.0	5.3		RefSeq:WP_108981772.1, SO:0001217, UniParc:UPI000D27258C, UniRef:UniRef100_A0A6I2R175, UniRef:UniRef50_A0A6I2R175, UniRef:UniRef90_A0A6I2R175
contig_2	168850	169527	+	NAPDKL_18595	25.3	7.0		SO:0001217, UniRef:UniRef50_A0A6I2R094, UniRef:UniRef90_A0A6I2R094
contig_2	174748	178779	+	NAPDKL_18620	140.4	5.6		SO:0001217, UniRef:UniRef50_A0A6I2R249, UniRef:UniRef90_A0A6I2R249
contig_2	181889	182272	+	NAPDKL_18630	14.8	7.8		SO:0001217, UniRef:UniRef50_A0A6I2R8E8, UniRef:UniRef90_A0A6I2R8E8
contig_2	182480	182863	+	NAPDKL_18635	15.0	9.4		RefSeq:WP_108981781.1, SO:0001217, UniParc:UPI000D2D6DE2, UniRef:UniRef100_A0A6I2R477, UniRef:UniRef50_A0A6I2R477, UniRef:UniRef90_A0A6I2R477
contig_2	184606	185013	+	NAPDKL_18650	15.9	9.5		RefSeq:WP_108981784.1, SO:0001217, UniParc:UPI000D275598, UniRef:UniRef100_A0A6I2R3B3, UniRef:UniRef50_A0A6I2R3B3, UniRef:UniRef90_A0A6I2R3B3
contig_2	185010	185231	+	NAPDKL_18655	7.8	7.7		RefSeq:WP_108981785.1, SO:0001217, UniParc:UPI000D28F6FE, UniRef:UniRef100_A0A6I2R9K8, UniRef:UniRef50_A0A6I2R9K8, UniRef:UniRef90_A0A6I2R9K8
contig_2	185245	185469	+	NAPDKL_18660	8.5	10.0		RefSeq:WP_108981786.1, SO:0001217, UniParc:UPI000D2A4BC0, UniRef:UniRef100_A0A6I2R1E7, UniRef:UniRef50_A0A6I2R1E7, UniRef:UniRef90_A0A6I2R1E7
contig_2	185523	185846	+	NAPDKL_18665	12.2	4.4		RefSeq:WP_108981787.1, SO:0001217, UniParc:UPI000D2745AA, UniRef:UniRef100_A0A6I2R4Q8, UniRef:UniRef50_A0A6I2R4Q8, UniRef:UniRef90_A0A6I2R4Q8
contig_2	185998	186309	+	NAPDKL_18670	11.6	5.8		RefSeq:WP_133248337.1, SO:0001217, UniParc:UPI000D2CCE74, UniRef:UniRef100_A0A6I2R238, UniRef:UniRef50_A0A844KBJ9, UniRef:UniRef90_A0A6I2R238
contig_2	189534	189851	-	NAPDKL_18690	12.2	5.7		RefSeq:WP_108981792.1, SO:0001217, UniParc:UPI000D268B22, UniRef:UniRef100_A0A6I2R154, UniRef:UniRef50_A0A6I2R154, UniRef:UniRef90_A0A6I2R154
contig_2	190283	190534	-	NAPDKL_18700	9.6	7.8		RefSeq:WP_108981794.1, SO:0001217, UniParc:UPI000D2E8339, UniRef:UniRef100_A0A6I2R3A3, UniRef:UniRef50_A0A6I2R3A3, UniRef:UniRef90_A0A6I2R3A3
contig_2	192712	192825	+	NAPDKL_18715	3.8	8.9		
contig_2	194622	195296	+	NAPDKL_18735	25.4	7.6		RefSeq:WP_108981800.1, SO:0001217, UniParc:UPI000D2D8761, UniRef:UniRef100_A0A6I2R8D4, UniRef:UniRef50_A0A6I2R8D4, UniRef:UniRef90_A0A6I2R8D4
contig_2	199374	199811	+	NAPDKL_18750	16.9	4.1		RefSeq:WP_108981803.1, SO:0001217, UniParc:UPI000D29AAC6, UniRef:UniRef100_A0A6I2R067, UniRef:UniRef50_A0A6I2R067, UniRef:UniRef90_A0A6I2R067
contig_2	200160	200288	+	NAPDKL_18755	4.4	4.2		
contig_2	200646	201155	+	NAPDKL_18760	18.6	4.1		RefSeq:WP_108981804.1, SO:0001217, UniParc:UPI000D2CC3BE, UniRef:UniRef100_A0A6I2R389, UniRef:UniRef50_A0A6I2R389, UniRef:UniRef90_A0A6I2R389
contig_2	201275	201673	+	NAPDKL_18765	15.3	6.5		SO:0001217, UniParc:UPI000D2CF4F9, UniRef:UniRef100_UPI000D2CF4F9, UniRef:UniRef50_A0A6I2R9I8, UniRef:UniRef90_A0A6I2R9I8
contig_2	201832	202158	-	NAPDKL_18770	12.2	9.3		SO:0001217, UniRef:UniRef50_UPI001957B02D
contig_2	203068	203460	-	NAPDKL_18780	14.9	4.7		RefSeq:WP_108981807.1, SO:0001217, UniParc:UPI000D2E710E, UniRef:UniRef100_A0A6I2R4N7, UniRef:UniRef50_A0A6I2R4N7, UniRef:UniRef90_A0A6I2R4N7
contig_2	209066	210118	+	NAPDKL_18795	39.0	8.8		RefSeq:WP_108981810.1, SO:0001217, UniParc:UPI000D2A2834, UniRef:UniRef100_A0A6I2R8C4, UniRef:UniRef50_A0A6I2R8C4, UniRef:UniRef90_A0A6I2R8C4
contig_2	215283	215786	-	NAPDKL_18815	18.2	10.2		
contig_2	215755	217575	-	NAPDKL_18820	68.2	5.7		SO:0001217, UniRef:UniRef50_A0A6I2R381
contig_2	217577	218260	-	NAPDKL_18825	26.6	9.3		RefSeq:WP_108981815.1, SO:0001217, UniParc:UPI000D2A28B5, UniRef:UniRef100_A0A6I2R9F6, UniRef:UniRef50_A0A6I2R9F6, UniRef:UniRef90_A0A6I2R9F6
contig_2	218378	218617	+	NAPDKL_18830	8.9	4.5		SO:0001217, UniRef:UniRef50_A0A6I2R1B8, UniRef:UniRef90_A0A6I2R1B8
contig_2	218744	219208	-	NAPDKL_18835	17.0	6.8		SO:0001217, UniRef:UniRef50_A0A6I2R4M7, UniRef:UniRef90_A0A6I2R4M7
contig_2	219454	219858	-	NAPDKL_18840	14.6	4.7		SO:0001217, UniRef:UniRef50_UPI0015AC4FC2
contig_2	220999	221718	-	NAPDKL_18850	26.7	5.4		SO:0001217, UniRef:UniRef50_A0A6I2QZZ7, UniRef:UniRef90_A0A6I2QZZ7
contig_2	230880	231269	+	NAPDKL_18890	14.4	4.3		SO:0001217, UniRef:UniRef50_A0A6I2R1A8, UniRef:UniRef90_A0A6I2R1A8
contig_2	231294	231449	+	NAPDKL_18895	5.8	5.2		SO:0001217, UniRef:UniRef50_A0A6I2R4L7, UniRef:UniRef90_A0A6I2R4L7
contig_2	231551	231934	-	NAPDKL_18900	13.4	5.3		SO:0001217, UniRef:UniRef50_A0A6I2R1Z7
contig_2	233535	233963	-	NAPDKL_18910	16.8	8.4		
contig_2	234000	235019	+	NAPDKL_18915	37.4	10.2		
contig_2	237317	237526	-	NAPDKL_18930	7.9	4.3		SO:0001217, UniRef:UniRef50_A0A6I2R039, UniRef:UniRef90_UPI001EDCEEE2
contig_2	238179	238556	-	NAPDKL_18940	14.8	4.9		SO:0001217, UniRef:UniRef50_A0A6I2R9E1
contig_2	238576	238734	-	NAPDKL_18945	6.5	9.4		SO:0001217, UniRef:UniRef50_A0A173UF28, UniRef:UniRef90_UPI0015A98CC7
contig_2	238734	238985	-	NAPDKL_18950	9.4	10.4		SO:0001217, UniRef:UniRef50_A0A6I2R197, UniRef:UniRef90_UPI0015AE5CF1
contig_2	239575	239979	-	NAPDKL_18960	13.6	4.7		SO:0001217, UniRef:UniRef50_A0A6I2R1Y6
contig_2	240043	240411	-	NAPDKL_18965	14.2	4.8		
contig_2	240544	240732	-	NAPDKL_18970	6.8	4.1		
contig_2	242650	243282	-	NAPDKL_18990	23.1	5.1		RefSeq:WP_108981842.1, SO:0001217, UniParc:UPI000D27B524, UniRef:UniRef100_A0A6I2R353, UniRef:UniRef50_A0A6I2R353, UniRef:UniRef90_A0A6I2R353
contig_2	247008	247265	-	NAPDKL_19015	10.3	9.4		RefSeq:WP_108981846.1, SO:0001217, UniParc:UPI000D595C05, UniRef:UniRef100_A0A6I2QZX4, UniRef:UniRef50_A0A6I2QZX4, UniRef:UniRef90_A0A6I2QZX4
contig_2	248691	249398	+	NAPDKL_19025	25.8	4.8		SO:0001217, UniRef:UniRef50_A0A6I2R409, UniRef:UniRef90_A0A6I2R409
contig_2	252487	253371	+	NAPDKL_19040	31.3	4.1		RefSeq:WP_108981849.1, SO:0001217, UniParc:UPI000D2AF155, UniRef:UniRef100_A0A6I2R347, UniRef:UniRef50_A0A6I2R347, UniRef:UniRef90_A0A6I2R347
contig_2	256180	256443	-	NAPDKL_19055	9.8	4.3		RefSeq:WP_108981852.1, SO:0001217, UniParc:UPI000D2900B7, UniRef:UniRef100_A0A6I2R4I9, UniRef:UniRef50_A0A6I2R4I9, UniRef:UniRef90_A0A6I2R4I9
contig_2	256456	257325	-	NAPDKL_19060	32.8	5.7		RefSeq:WP_108981853.1, SO:0001217, UniParc:UPI000D27ABE1, UniRef:UniRef100_A0A6I2R1W4, UniRef:UniRef50_A0A6I2R1W4, UniRef:UniRef90_A0A6I2R1W4
contig_2	257338	257721	-	NAPDKL_19065	14.5	4.8		SO:0001217, UniRef:UniRef50_A0A6I2QZW5
contig_2	257724	257933	-	NAPDKL_19070	8.0	4.3		RefSeq:WP_108981855.1, SO:0001217, UniParc:UPI000D2E47E8, UniRef:UniRef100_A0A6I2R879, UniRef:UniRef50_A0A6I2R879, UniRef:UniRef90_A0A6I2R879
contig_2	257923	258477	-	NAPDKL_19075	21.5	5.8		SO:0001217, UniParc:UPI000D261BF3, UniRef:UniRef100_UPI000D261BF3, UniRef:UniRef50_A0A6I2R3Z5, UniRef:UniRef90_A0A6I2R3Z5
contig_2	258482	258775	-	NAPDKL_19080	10.9	4.1		SO:0001217, UniRef:UniRef50_A0A6I2R0Y6, UniRef:UniRef90_A0A6I2R0Y6
contig_2	258793	258966	-	NAPDKL_19085	6.4	5.1		SO:0001217, UniRef:UniRef50_UPI0019569036
contig_2	259624	260049	+	NAPDKL_19095	15.8	9.8		RefSeq:WP_108981858.1, SO:0001217, UniParc:UPI000D263203, UniRef:UniRef100_A0A6I2R332, UniRef:UniRef50_A0A6I2R332, UniRef:UniRef90_A0A6I2R332
contig_2	275832	276440	+	NAPDKL_19130	21.9	5.0		SO:0001217, UniRef:UniRef50_A0A6I2RA30, UniRef:UniRef90_A0A6I2RA30
contig_2	276720	276908	-	NAPDKL_19135	7.2	4.8		RefSeq:WP_108981866.1, SO:0001217, UniParc:UPI000D59F04E, UniRef:UniRef100_UPI000D59F04E, UniRef:UniRef50_A0A1C5ZS80, UniRef:UniRef90_UPI000D59F04E
contig_2	276947	277579	-	NAPDKL_19140	22.9	4.1		RefSeq:WP_108981867.1, SO:0001217, UniParc:UPI000D2A3AD6, UniRef:UniRef100_A0A6I2R6X6, UniRef:UniRef50_A0A6I2R6X6, UniRef:UniRef90_A0A6I2R6X6
contig_2	278166	278579	+	NAPDKL_19145	16.5	4.9		RefSeq:WP_133248343.1, SO:0001217, UniParc:UPI000D281EC0, UniRef:UniRef100_UPI000D281EC0, UniRef:UniRef50_A0A1C5ZSC7, UniRef:UniRef90_UPI000D281EC0
contig_2	279668	280237	+	NAPDKL_19155	22.4	5.1		RefSeq:WP_108981870.1, SO:0001217, UniParc:UPI000D2839F9, UniRef:UniRef100_A0A6I2R8T8, UniRef:UniRef50_A0A6I2R8T8, UniRef:UniRef90_A0A6I2R8T8
contig_2	280263	280625	+	NAPDKL_19160	14.1	4.7		RefSeq:WP_108981871.1, SO:0001217, UniParc:UPI000D2653AE, UniRef:UniRef100_A0A6I2R5H3, UniRef:UniRef50_A0A6I2R5H3, UniRef:UniRef90_A0A6I2R5H3
contig_2	280665	280769	+	NAPDKL_19165	3.7	10.3		
contig_2	282528	283262	+	NAPDKL_19175	27.3	5.5		RefSeq:WP_108981873.1, SO:0001217, UniParc:UPI000D2D9093, UniRef:UniRef100_A0A6I2R9Q7, UniRef:UniRef50_A0A6I2R9Q7, UniRef:UniRef90_A0A6I2R9Q7
contig_2	295764	296120	-	NAPDKL_19220	13.1	4.9		RefSeq:WP_108981880.1, SO:0001217, UniParc:UPI000D2CE83C, UniRef:UniRef100_A0A6I2R5I4, UniRef:UniRef50_A0A6I2R5I4, UniRef:UniRef90_A0A6I2R5I4
contig_2	296120	296425	-	NAPDKL_19225	11.7	5.5		SO:0001217, UniRef:UniRef50_A0A6I2R6P1, UniRef:UniRef90_A0A6I2R6P1
contig_2	296549	297055	-	NAPDKL_19230	19.0	9.0		SO:0001217, UniRef:UniRef50_UPI0015AB48C3
contig_2	302766	303794	-	NAPDKL_19240	39.1	5.2		RefSeq:WP_108981884.1, SO:0001217, UniParc:UPI000D2EB936, UniRef:UniRef100_A0A6I2RE75, UniRef:UniRef50_A0A6I2RE75, UniRef:UniRef90_A0A6I2RE75
contig_2	304992	306095	+	NAPDKL_19250	41.2	8.4		RefSeq:WP_133248345.1, SO:0001217, UniParc:UPI001058190E, UniRef:UniRef100_A0A6I2R854, UniRef:UniRef50_A0A6I2R854, UniRef:UniRef90_A0A6I2R854
contig_2	306279	307421	-	NAPDKL_19255	41.9	4.2		RefSeq:WP_108981887.1, SO:0001217, UniParc:UPI000D27492A, UniRef:UniRef100_A0A6I2RA49, UniRef:UniRef50_A0A6I2RA49, UniRef:UniRef90_A0A6I2RA49
contig_2	307414	307743	-	NAPDKL_19260	11.8	7.9		RefSeq:WP_108981888.1, SO:0001217, UniParc:UPI000D591E37, UniRef:UniRef100_A0A6I2R6Z3, UniRef:UniRef50_A0A6I2R6Z3, UniRef:UniRef90_A0A6I2R6Z3
contig_2	312196	313203	-	NAPDKL_19275	38.4	5.3		RefSeq:WP_108981890.1, SO:0001217, UniParc:UPI000D289259, UniRef:UniRef100_A0A6I2R8V4, UniRef:UniRef50_A0A6I2R8V4, UniRef:UniRef90_A0A6I2R8V4
contig_2	313231	313677	-	NAPDKL_19280	16.7	5.2		RefSeq:WP_108981891.1, SO:0001217, UniParc:UPI000D2969E2, UniRef:UniRef100_A0A6I2R5J3, UniRef:UniRef50_A0A6I2R5J3, UniRef:UniRef90_A0A6I2R5J3
contig_2	314454	315266	-	NAPDKL_19285	30.2	9.7		
contig_2	315447	315767	+	NAPDKL_19290	11.8	4.3		RefSeq:WP_108981892.1, SO:0001217, UniParc:UPI000D29A304, UniRef:UniRef100_A0A6I2R6Q3, UniRef:UniRef50_A0A6I2R6Q3, UniRef:UniRef90_A0A6I2R6Q3
contig_2	315764	316504	+	NAPDKL_19295	28.7	5.3		RefSeq:WP_108981893.1, SO:0001217, UniParc:UPI000D2B0E6C, UniRef:UniRef100_A0A6I2R9S7, UniRef:UniRef50_A0A6I2R9S7, UniRef:UniRef90_A0A6I2R9S7
contig_2	316532	317416	+	NAPDKL_19300	34.0	5.7		RefSeq:WP_108981894.1, SO:0001217, UniParc:UPI000D270B65, UniRef:UniRef100_A0A6I2RE88, UniRef:UniRef50_A0A6I2RE88, UniRef:UniRef90_A0A6I2RE88
contig_2	319383	320129	+	NAPDKL_19310	27.9	5.4		SO:0001217, UniRef:UniRef50_UPI00233080B0, UniRef:UniRef90_UPI00233080B0
contig_2	324663	325340	+	NAPDKL_19325	25.0	6.3		RefSeq:WP_108981898.1, SO:0001217, UniParc:UPI000D2772CC, UniRef:UniRef100_A0A6I2R702, UniRef:UniRef50_A0A6I2R702, UniRef:UniRef90_A0A6I2R702
contig_2	327510	327989	-	NAPDKL_19335	17.2	8.7		RefSeq:WP_108981900.1, SO:0001217, UniParc:UPI000D2C7B85, UniRef:UniRef100_A0A6I2R8W2, UniRef:UniRef50_A0A6I2R8W2, UniRef:UniRef90_A0A6I2R8W2
contig_2	329208	329831	-	NAPDKL_19345	24.2	8.7		RefSeq:WP_108981902.1, SO:0001217, UniParc:UPI000D2B2745, UniRef:UniRef100_A0A6I2R6R0, UniRef:UniRef50_A0A6I2R6R0, UniRef:UniRef90_A0A6I2R6R0
contig_2	329837	330286	-	NAPDKL_19350	16.4	4.9		RefSeq:WP_108981903.1, SO:0001217, UniParc:UPI000D28846C, UniRef:UniRef100_A0A6I2R9T7, UniRef:UniRef50_A0A6I2R9T7, UniRef:UniRef90_A0A6I2R9T7
contig_2	332558	332677	+	NAPDKL_19360	4.5	7.9		
contig_2	333747	334184	-	NAPDKL_19375	16.2	4.4		RefSeq:WP_108981907.1, SO:0001217, UniParc:UPI000D27F534, UniRef:UniRef100_A0A6I2RA71, UniRef:UniRef50_A0A6I2RA71, UniRef:UniRef90_A0A6I2RA71
contig_2	334250	334948	-	NAPDKL_19380	26.0	9.3	PF02452.21|PemK_toxin	PFAM:PF02452.21
contig_2	336748	337005	-	NAPDKL_19400	9.6	8.8		
contig_2	338413	338673	-	NAPDKL_19410	9.8	7.8		RefSeq:WP_133248347.1, SO:0001217, UniParc:UPI000D2AE467, UniRef:UniRef100_A0A6I2R9U7, UniRef:UniRef50_A0A6I2R9U7, UniRef:UniRef90_A0A6I2R9U7
contig_2	340343	340681	-	NAPDKL_19420	12.4	5.3		RefSeq:WP_108981915.1, SO:0001217, UniParc:UPI000D29A776, UniRef:UniRef100_A0A6I2RDP3, UniRef:UniRef50_A0A6I2RDP3, UniRef:UniRef90_A0A6I2RDP3
contig_2	340808	341740	-	NAPDKL_19425	34.8	4.5		RefSeq:WP_108981916.1, SO:0001217, UniParc:UPI000D2C79B6, UniRef:UniRef100_A0A6I2R522, UniRef:UniRef50_A0A6I2R522, UniRef:UniRef90_A0A6I2R522
contig_2	342200	342463	+	NAPDKL_19430	9.5	5.7		RefSeq:WP_108981917.1, SO:0001217, UniParc:UPI000D2C9A36, UniRef:UniRef100_A0A6I2R7L5, UniRef:UniRef50_A0A6I2R7L5, UniRef:UniRef90_A0A6I2R7L5
contig_2	342557	344395	+	NAPDKL_19435	68.3	6.8		RefSeq:WP_108981918.1, SO:0001217, UniParc:UPI000D29C584, UniRef:UniRef100_A0A6I2R9N4, UniRef:UniRef50_A0A6I2R9N4, UniRef:UniRef90_A0A6I2R9N4
contig_2	346505	347047	+	NAPDKL_19455	21.5	4.9		SO:0001217, UniRef:UniRef50_UPI001EDF37E0
contig_2	348313	348669	-	NAPDKL_19465	13.5	4.3		RefSeq:WP_108981924.1, SO:0001217, UniParc:UPI000D262589, UniRef:UniRef100_A0A6I2R9C3, UniRef:UniRef50_A0A6I2R9C3, UniRef:UniRef90_A0A6I2R9C3
contig_2	349981	350919	-	NAPDKL_19475	35.8	5.5		RefSeq:WP_108981926.1, SO:0001217, UniParc:UPI000D2DA52E, UniRef:UniRef100_A0A6I2R531, UniRef:UniRef50_A0A6I2R531, UniRef:UniRef90_A0A6I2R531
contig_2	351132	351398	-	NAPDKL_19480	10.5	9.2		RefSeq:WP_108981927.1, SO:0001217, UniParc:UPI000D2EDF6B, UniRef:UniRef100_A0A6I2R7M5, UniRef:UniRef50_A0A096B400, UniRef:UniRef90_A0A6I2R7M5
contig_2	351403	351579	-	NAPDKL_19485	6.4	4.8		RefSeq:WP_157954819.1, SO:0001217, UniParc:UPI000D293326, UniRef:UniRef100_A0A6I2R9P5, UniRef:UniRef50_A0A6I2R9P5, UniRef:UniRef90_A0A6I2R9P5
contig_2	351581	351727	-	NAPDKL_19490	5.5	4.1		RefSeq:WP_172698025.1, SO:0001217, UniParc:UPI000D299924, UniRef:UniRef100_A0A6I2R6J5, UniRef:UniRef50_A0A6I2R6J5, UniRef:UniRef90_A0A6I2R6J5
contig_2	351730	353214	-	NAPDKL_19495	56.3	5.3		RefSeq:WP_108981928.1, SO:0001217, UniParc:UPI000D2A4A7D, UniRef:UniRef100_A0A6I2RF03, UniRef:UniRef50_A0A174PCH7, UniRef:UniRef90_A0A6I2RF03
contig_2	353254	353508	-	NAPDKL_19500	9.8	4.1		RefSeq:WP_108981929.1, SO:0001217, UniParc:UPI000D2C9C82, UniRef:UniRef100_A0A6I2R8F9, UniRef:UniRef50_A0A6I2R8F9, UniRef:UniRef90_A0A6I2R8F9
contig_2	353528	353926	-	NAPDKL_19505	15.3	5.8		RefSeq:WP_108981930.1, SO:0001217, UniParc:UPI000D29625F, UniRef:UniRef100_A0A6I2R520, UniRef:UniRef50_A0A6I2R520, UniRef:UniRef90_A0A6I2R520
contig_2	355400	356038	+	NAPDKL_19515	24.5	4.7		RefSeq:WP_108981932.1, SO:0001217, UniParc:UPI000D2AF46C, UniRef:UniRef100_A0A6I2R9D1, UniRef:UniRef50_A0A6I2R9D1, UniRef:UniRef90_A0A6I2R9D1
contig_2	356042	356329	+	NAPDKL_19520	10.3	8.8		RefSeq:WP_108981933.1, SO:0001217, UniParc:UPI000D293189, UniRef:UniRef100_A0A6I2RDR0, UniRef:UniRef50_A0A6I2RDR0, UniRef:UniRef90_A0A6I2RDR0
contig_2	360141	360344	+	NAPDKL_19545	7.3	7.8		
contig_2	364248	366530	-	NAPDKL_19570	87.4	5.6		RefSeq:WP_108981942.1, SO:0001217, UniParc:UPI000D264ECB, UniRef:UniRef100_A0A6I2R648, UniRef:UniRef50_A0A6I2R648, UniRef:UniRef90_A0A6I2R648
contig_2	367655	368539	-	NAPDKL_19580	32.2	7.7		SO:0001217, UniRef:UniRef50_UPI001EDF61F6, UniRef:UniRef90_UPI001EDF61F6
contig_2	368555	369205	-	NAPDKL_19585	24.3	5.1		RefSeq:WP_108981945.1, SO:0001217, UniParc:UPI000D27196B, UniRef:UniRef100_A0A6I2R549, UniRef:UniRef50_A0A6I2R549, UniRef:UniRef90_A0A6I2R549
contig_2	369645	370409	+	NAPDKL_19590	28.4	5.6		RefSeq:WP_108981946.1, SO:0001217, UniParc:UPI000D262904, UniRef:UniRef100_A0A6I2R7P5, UniRef:UniRef50_A0A6I2R7P5, UniRef:UniRef90_A0A6I2R7P5
contig_2	370412	371773	+	NAPDKL_19595	52.0	5.1		RefSeq:WP_108981947.1, SO:0001217, UniParc:UPI000D2B7EBC, UniRef:UniRef100_A0A6I2R9Q6, UniRef:UniRef50_A0A6I2R9Q6, UniRef:UniRef90_A0A6I2R9Q6
contig_2	372143	372355	+	NAPDKL_19600	8.4	5.1		RefSeq:WP_108981948.1, SO:0001217, UniParc:UPI000D2D5761, UniRef:UniRef100_A0A6I2R6L2, UniRef:UniRef50_A0A6I2R6L2, UniRef:UniRef90_A0A6I2R6L2
contig_2	372561	372875	+	NAPDKL_19605	11.4	7.7		SO:0001217, UniRef:UniRef50_A0A6I2RF27, UniRef:UniRef90_A0A6I2RF27
contig_2	373285	373770	+	NAPDKL_19615	17.9	4.4		RefSeq:WP_108981951.1, SO:0001217, UniParc:UPI000D2D29FB, UniRef:UniRef100_A0A6I2R542, UniRef:UniRef50_A0A6I2R542, UniRef:UniRef90_A0A6I2R542
contig_2	374357	375004	-	NAPDKL_19625	24.0	5.1		RefSeq:WP_108981953.1, SO:0001217, UniParc:UPI000D296213, UniRef:UniRef100_A0A6I2R9E9, UniRef:UniRef50_A0A6I2R9E9, UniRef:UniRef90_A0A6I2R9E9
contig_2	375017	375580	-	NAPDKL_19630	21.0	4.4		RefSeq:WP_108981954.1, SO:0001217, UniParc:UPI000D2CDDBC, UniRef:UniRef100_A0A6I2RDS8, UniRef:UniRef50_A0A6I2RDS8, UniRef:UniRef90_A0A6I2RDS8
contig_2	376315	376518	-	NAPDKL_19640	7.8	7.9		RefSeq:WP_108981956.1, SO:0001217, UniParc:UPI000D278694, UniRef:UniRef100_A0A6I2R7Q7, UniRef:UniRef50_A0A6I2R7Q7, UniRef:UniRef90_A0A6I2R7Q7
contig_2	376538	377161	-	NAPDKL_19645	22.7	4.6		RefSeq:WP_108981957.1, SO:0001217, UniParc:UPI000D2A7BEC, UniRef:UniRef100_A0A6I2R9R8, UniRef:UniRef50_A0A6I2R9R8, UniRef:UniRef90_A0A6I2R9R8
contig_2	378136	378336	-	NAPDKL_19655	7.6	8.7		SO:0001217, UniRef:UniRef50_UPI0019566D33, UniRef:UniRef90_UPI001EDCB559
contig_2	381816	382634	-	NAPDKL_19690	30.5	5.1		RefSeq:WP_108981965.1, SO:0001217, UniParc:UPI000D2B146B, UniRef:UniRef100_A0A6I2R568, UniRef:UniRef50_A0A6I2R568, UniRef:UniRef90_A0A6I2R568
contig_2	383137	383838	-	NAPDKL_19695	25.7	5.4		RefSeq:WP_108981966.1, SO:0001217, UniParc:UPI000D5977B1, UniRef:UniRef100_A0A6I2R7R8, UniRef:UniRef50_A0A6I2R7R8, UniRef:UniRef90_A0A6I2R7R8
contig_2	385354	385674	-	NAPDKL_19705	12.0	9.3		RefSeq:WP_108981968.1, SO:0001217, UniParc:UPI000D27F482, UniRef:UniRef100_A0A6I2R6M7, UniRef:UniRef50_A0A6I2R6M7, UniRef:UniRef90_A0A6I2R6M7
contig_2	385791	386438	-	NAPDKL_19710	23.7	9.5		RefSeq:WP_108981969.1, SO:0001217, UniParc:UPI000D2BFD5F, UniRef:UniRef100_A0A6I2RF48, UniRef:UniRef50_A0A6I2RF48, UniRef:UniRef90_A0A6I2RF48
contig_2	386487	387389	-	NAPDKL_19715	33.9	8.8		RefSeq:WP_108981970.1, SO:0001217, UniParc:UPI000D29A0E8, UniRef:UniRef100_A0A6I2R8J3, UniRef:UniRef50_A0A6I2R8J3, UniRef:UniRef90_A0A6I2R8J3
contig_2	387896	388291	-	NAPDKL_19720	14.6	5.2		RefSeq:WP_172698389.1, SO:0001217, UniParc:UPI000D2BF833, UniRef:UniRef100_UPI000D2BF833, UniRef:UniRef50_A0A6I2R562, UniRef:UniRef90_A0A6I2R562
contig_2	388237	388467	-	NAPDKL_19725	8.6	7.8		RefSeq:WP_172698388.1, SO:0001217, UniParc:UPI000D2C3E92, UniRef:UniRef100_UPI000D2C3E92, UniRef:UniRef50_UPI000D2C3E92, UniRef:UniRef90_UPI000D2C3E92
contig_2	388464	389192	-	NAPDKL_19730	27.1	4.9		RefSeq:WP_108981972.1, SO:0001217, UniParc:UPI000D28ABC5, UniRef:UniRef100_A0A6I2R673, UniRef:UniRef50_A0A6I2R673, UniRef:UniRef90_A0A6I2R673
contig_2	389528	389986	+	NAPDKL_19735	17.5	5.2		RefSeq:WP_108981973.1, SO:0001217, UniParc:UPI000D29F402, UniRef:UniRef100_A0A6I2R9G6, UniRef:UniRef50_A0A6I2R9G6, UniRef:UniRef90_A0A6I2R9G6
contig_2	390000	390359	+	NAPDKL_19740	13.5	4.4		SO:0001217, UniRef:UniRef50_A0A6I2RDU8, UniRef:UniRef90_A0A6I2RDU8
contig_2	391053	391532	+	NAPDKL_19750	18.2	4.5		RefSeq:WP_108981976.1, SO:0001217, UniParc:UPI000D2672E5, UniRef:UniRef100_A0A6I2R830, UniRef:UniRef50_A0A6I2R830, UniRef:UniRef90_A0A6I2R830
contig_2	394365	395291	-	NAPDKL_19760	33.6	7.7		RefSeq:WP_108981978.1, SO:0001217, UniParc:UPI000D26298F, UniRef:UniRef100_A0A6I2RCF1, UniRef:UniRef50_A0A6I2RCF1, UniRef:UniRef90_A0A6I2RCF1
contig_2	395417	395842	+	NAPDKL_19765	16.3	5.5		SO:0001217, UniRef:UniRef50_A0A6I2RH23, UniRef:UniRef90_A0A6I2RH23
contig_2	396965	397561	+	NAPDKL_19775	21.6	4.6		RefSeq:WP_108981981.1, SO:0001217, UniParc:UPI000D2D7AC3, UniRef:UniRef100_A0A6I2RAQ0, UniRef:UniRef50_A0A6I2RAQ0, UniRef:UniRef90_A0A6I2RAQ0
contig_2	397580	398167	-	NAPDKL_19780	22.4	6.3		RefSeq:WP_108981982.1, SO:0001217, UniParc:UPI000D2EDBF9, UniRef:UniRef100_A0A6I2RCQ2, UniRef:UniRef50_A0A6I2RCQ2, UniRef:UniRef90_A0A6I2RCQ2
contig_2	400755	401225	-	NAPDKL_19795	17.6	4.7		RefSeq:WP_108981985.1, SO:0001217, UniParc:UPI000D27ABE0, UniRef:UniRef100_A0A6I2R8I3, UniRef:UniRef50_A0A6I2R8I3, UniRef:UniRef90_A0A6I2R8I3
contig_2	404249	404590	+	NAPDKL_19810	12.9	4.1		RefSeq:WP_108981988.1, SO:0001217, UniParc:UPI000D2F0284, UniRef:UniRef100_A0A6I2RIW4, UniRef:UniRef50_A0A6I2RIW4, UniRef:UniRef90_A0A6I2RIW4
contig_2	404587	405162	+	NAPDKL_19815	21.7	4.7		RefSeq:WP_108981989.1, SO:0001217, UniParc:UPI000D276EAB, UniRef:UniRef100_A0A6I2RBY1, UniRef:UniRef50_A0A6I2RBY1, UniRef:UniRef90_A0A6I2RBY1
contig_2	405293	405967	+	NAPDKL_19820	26.1	9.5		RefSeq:WP_108981990.1, SO:0001217, UniParc:UPI000D2DA690, UniRef:UniRef100_A0A6I2R8J6, UniRef:UniRef50_A0A6I2R8J6, UniRef:UniRef90_A0A6I2R8J6
contig_2	405991	406392	+	NAPDKL_19825	14.2	8.8		RefSeq:WP_108981991.1, SO:0001217, UniParc:UPI000D28FC88, UniRef:UniRef100_A0A6I2R9U6, UniRef:UniRef50_A0A6I2R9U6, UniRef:UniRef90_A0A6I2R9U6
contig_2	409424	409630	-	NAPDKL_19845	7.6	4.1		RefSeq:WP_108981993.1, SO:0001217, UniParc:UPI000D2D9855, UniRef:UniRef100_A0A6I2R2S3, UniRef:UniRef50_A0A6I2R2S3, UniRef:UniRef90_A0A6I2R2S3
contig_2	412172	412525	+	NAPDKL_19860	12.7	9.7		RefSeq:WP_108981643.1, SO:0001217, UniParc:UPI000D2CCCCE, UniRef:UniRef100_A0A6I2R1Q5, UniRef:UniRef50_A0A6I2R1Q5, UniRef:UniRef90_A0A6I2R1Q5
contig_2	412710	412898	-	NAPDKL_19865	6.3	5.4		RefSeq:WP_108981644.1, SO:0001217, UniParc:UPI000D27E52C, UniRef:UniRef100_A0A6I2R4Z3, UniRef:UniRef50_A0A6I2R4Z3, UniRef:UniRef90_A0A6I2R4Z3
contig_2	416979	418637	-	NAPDKL_19880	61.3	8.1		RefSeq:WP_108981648.1, SO:0001217, UniParc:UPI000D2E5E7E, UniRef:UniRef100_A0A6I2R3T1, UniRef:UniRef50_A0A6I2R3T1, UniRef:UniRef90_A0A6I2R3T1
contig_2	418695	419423	-	NAPDKL_19885	26.9	9.4		RefSeq:WP_108981649.1, SO:0001217, UniParc:UPI000D2A6A22, UniRef:UniRef100_A0A6I2R1L0, UniRef:UniRef50_A0A6I2R1L0, UniRef:UniRef90_A0A6I2R1L0
contig_2	423849	424154	-	NAPDKL_19910	10.9	9.3		
contig_2	424572	424817	+	NAPDKL_19915	9.1	10.1		
contig_2	424989	425177	+	NAPDKL_19920	7.1	5.5		
contig_2	425177	425323	+	NAPDKL_19925	5.6	8.7		
contig_2	425343	425684	+	NAPDKL_19930	12.3	6.2		
contig_2	425747	426151	+	NAPDKL_19935	14.9	5.2		
contig_2	426133	426387	+	NAPDKL_19940	9.2	5.7		
contig_2	426391	426981	+	NAPDKL_19945	22.0	9.8	PF07523.16|Big_3	PFAM:PF07523.16
contig_2	428947	429252	-	NAPDKL_19955	11.6	8.4		
contig_2	430742	430978	+	NAPDKL_19960	9.2	10.3		SO:0001217, UniRef:UniRef50_A0A6I2R1J8, UniRef:UniRef90_A0A6I2R1J8
contig_2	431232	431432	+	NAPDKL_19965	7.8	4.7		SO:0001217, UniRef:UniRef50_A0A6I2R9W5, UniRef:UniRef90_A0A6I2R9W5
contig_3	56	190	-	NAPDKL_19970	4.7	4.1	PF00310.25|GATase_2	PFAM:PF00310.25
contig_3	267	983	-	NAPDKL_19975	26.7	9.0	PF00310.25|GATase_2	PFAM:PF00310.25
contig_3	1659	2108	+	NAPDKL_19980	16.3	9.4		
contig_3	4744	5058	+	NAPDKL_19995	11.4	11.3		
contig_3	4938	5237	-	NAPDKL_20000	10.3	9.6		
contig_3	5200	5394	-	NAPDKL_20005	7.1	5.1		
contig_3	6178	7305	-	NAPDKL_20010	41.8	9.1	PF00701.26|DHDPS	PFAM:PF00701.26
contig_3	14439	14564	+	NAPDKL_20050	4.7	10.2		
contig_3	14534	14785	-	NAPDKL_20055	9.1	10.1		
contig_3	30631	32307	+	NAPDKL_20155	63.7	5.7		SO:0001217, UniRef:UniRef50_UPI0003AD8971, UniRef:UniRef90_UPI0003AD8971
contig_3	37043	38185	-	NAPDKL_20190	42.0	4.1		
contig_3	38209	38775	-	NAPDKL_20195	21.0	4.4		
contig_3	38860	39084	-	NAPDKL_20200	8.1	4.5		
contig_3	39053	40030	-	NAPDKL_20205	34.6	4.3		
contig_3	44151	44561	-	NAPDKL_20235	15.2	4.5		SO:0001217, UniRef:UniRef50_UPI0023F1EAFD
contig_3	47219	47365	-	NAPDKL_20255	5.3	4.3		
contig_3	47883	48998	-	NAPDKL_20260	41.8	6.8		SO:0001217, UniRef:UniRef50_UPI0026596722, UniRef:UniRef90_UPI0026596722
contig_3	50245	50718	-	NAPDKL_20275	18.4	4.5		SO:0001217, UniRef:UniRef50_UPI0023F1F506, UniRef:UniRef90_UPI0023F1F506
contig_3	51112	51507	-	NAPDKL_20280	15.5	4.7		
contig_3	52927	53595	-	NAPDKL_20295	25.4	9.3		
contig_3	58850	59314	-	NAPDKL_20325	16.8	9.9		
contig_3	61419	62012	+	NAPDKL_20335	22.0	4.1		SO:0001217, UniRef:UniRef50_UPI00210E5BAB
contig_3	62226	62465	+	NAPDKL_20340	9.2	5.7		
contig_3	76347	77042	-	NAPDKL_20400	25.6	5.3	PF00117.32|GATase, PF07722.17|Peptidase_C26	PFAM:PF00117.32, PFAM:PF07722.17
contig_3	78383	80323	-	NAPDKL_20410	73.4	5.5	PF00326.25|Peptidase_S9, PF05448.16|AXE1	PFAM:PF00326.25, PFAM:PF05448.16
contig_3	81953	82831	+	NAPDKL_20420	33.7	7.0	PF00126.31|HTH_1	PFAM:PF00126.31
contig_3	88542	88724	-	NAPDKL_20445	6.3	10.6		RefSeq:WP_050624455.1, SO:0001217, UniParc:UPI00067E8979, UniRef:UniRef100_UPI00067E8979, UniRef:UniRef50_UPI00067E8979, UniRef:UniRef90_UPI00067E8979
contig_3	101789	102475	-	NAPDKL_20495	25.3	9.3		SO:0001217, UniParc:UPI000D2686E9, UniRef:UniRef100_UPI000D2686E9, UniRef:UniRef50_UPI00265A1108, UniRef:UniRef90_UPI00265A1108
contig_3	102815	103264	-	NAPDKL_20500	17.7	5.7		SO:0001217, UniParc:UPI000D261BEB, UniRef:UniRef100_UPI000D261BEB, UniRef:UniRef50_UPI00067F0640, UniRef:UniRef90_UPI00067F0640
contig_3	104542	104640	-	NAPDKL_20510	3.6	12.0		
contig_3	110553	110978	-	NAPDKL_20550	15.6	6.1		SO:0001217, UniRef:UniRef50_A0A1Y4W9Y7, UniRef:UniRef90_UPI002658F5AC
contig_3	116875	117354	+	NAPDKL_20580	18.1	4.6		SO:0001217, UniParc:UPI000D2EC90E, UniRef:UniRef100_UPI000D2EC90E, UniRef:UniRef50_UPI0023F24B7D, UniRef:UniRef90_UPI0023F24B7D
contig_3	145465	145566	-	NAPDKL_20685	3.6	5.2		
contig_3	174666	174995	+	NAPDKL_20810	12.4	9.9		
contig_3	176172	176732	+	NAPDKL_20825	21.8	4.4		
contig_3	177373	177864	+	NAPDKL_20830	18.4	8.4		SO:0001217, UniRef:UniRef50_UPI00189A4FAA, UniRef:UniRef90_UPI00189A4FAA
contig_3	178293	178934	+	NAPDKL_20835	22.5	11.5		
contig_3	179278	179802	+	NAPDKL_20840	19.5	5.2		SO:0001217, UniRef:UniRef50_UPI0018988518
contig_3	180050	180334	+	NAPDKL_20845	11.0	4.4		SO:0001217, UniRef:UniRef50_A0A1E3UMM0, UniRef:UniRef90_UPI0018981DF9
contig_3	180389	180622	+	NAPDKL_20850	8.9	7.7		
contig_4	78	203	-	NAPDKL_20860	4.5	9.9		
contig_4	200	616	-	NAPDKL_20865	15.3	4.1		
contig_4	623	850	-	NAPDKL_20870	7.6	4.1		
contig_4	808	1485	-	NAPDKL_20875	24.3	8.3		
contig_4	2242	2751	+	NAPDKL_20880	17.6	11.5		
contig_4	2981	3169	-	NAPDKL_20885	6.5	4.1		
contig_4	4015	4257	+	NAPDKL_20890	9.4	6.6	PF00486.32|Trans_reg_C	PFAM:PF00486.32
contig_4	4963	5583	+	NAPDKL_20900	23.0	9.3	PF02518.30|HATPase_c	PFAM:PF02518.30
contig_4	17915	18298	+	NAPDKL_20975	14.5	9.8		
contig_4	19424	20038	+	NAPDKL_20990	24.0	4.3	PF09346.14|SMI1_KNR4	PFAM:PF09346.14
contig_4	20629	21120	+	NAPDKL_20995	18.4	8.4		SO:0001217, UniRef:UniRef50_UPI00189A4FAA, UniRef:UniRef90_UPI00189A4FAA
contig_4	21151	22308	+	NAPDKL_21000	43.8	4.3		SO:0001217, UniRef:UniRef50_UPI001898EF10, UniRef:UniRef90_UPI001898EF10
contig_4	22549	23073	+	NAPDKL_21005	19.5	5.2		SO:0001217, UniRef:UniRef50_UPI0018988518
contig_4	23322	23606	+	NAPDKL_21010	11.0	4.4		
contig_4	23661	23870	+	NAPDKL_21015	7.9	5.7		SO:0001217, UniRef:UniRef50_UPI0018970898, UniRef:UniRef90_UPI0018970898
contig_4	29353	29919	+	NAPDKL_21040	22.0	4.8		SO:0001217, UniRef:UniRef50_A0A174T7G4, UniRef:UniRef90_UPI00189B8E3F
contig_4	30017	30604	+	NAPDKL_21045	21.6	4.2		SO:0001217, UniRef:UniRef50_UPI00210E5BAB
contig_4	31073	32653	-	NAPDKL_21050	60.6	6.2		SO:0001217, UniRef:UniRef50_A0A096B3D3
contig_4	32823	33164	-	NAPDKL_21055	13.5	4.8		
contig_4	45503	45616	-	NAPDKL_21100	4.1	4.7		
contig_4	46728	47117	-	NAPDKL_21115	14.3	4.2		SO:0001217, UniRef:UniRef50_A0A096B656, UniRef:UniRef90_A0A096B656
contig_4	47222	47395	-	NAPDKL_21120	6.4	8.0		
contig_4	48332	48697	-	NAPDKL_21125	13.2	5.6		
contig_4	48778	50160	-	NAPDKL_21130	52.2	5.4		
contig_4	50176	50769	-	NAPDKL_21135	22.2	4.5		SO:0001217, UniRef:UniRef50_A0A096B5X5, UniRef:UniRef50_A0A3A8Y879, UniRef:UniRef90_A0A096B5X5
contig_4	51013	51276	-	NAPDKL_21140	9.6	11.3		
contig_4	51294	51668	-	NAPDKL_21145	13.9	4.5		SO:0001217, UniRef:UniRef50_UPI0018AB7F62
contig_4	51718	52335	-	NAPDKL_21150	22.6	5.4		
contig_5	1491	1787	-	NAPDKL_21160	10.4	6.1	PF00290.24|Trp_syntA	PFAM:PF00290.24
contig_5	1871	2341	-	NAPDKL_21165	16.8	6.1	PF00290.24|Trp_syntA	PFAM:PF00290.24
contig_5	2384	2590	-	NAPDKL_21170	7.4	4.7		
contig_5	3111	3287	-	NAPDKL_21175	6.7	9.8		
contig_5	3280	3897	-	NAPDKL_21180	22.5	9.5	PF00697.26|PRAI	PFAM:PF00697.26
contig_5	5145	5522	-	NAPDKL_21190	14.0	9.2		
contig_5	31088	31471	+	NAPDKL_21325	14.3	9.2		
contig_5	33268	33972	+	NAPDKL_21340	27.1	8.8		RefSeq:WP_108979406.1, SO:0001217, UniParc:UPI000D2EA0C1, UniRef:UniRef100_UPI000D2EA0C1, UniRef:UniRef50_A0A096B4V5, UniRef:UniRef90_A0A096B4V5
contig_5	35239	35811	+	NAPDKL_21350	20.7	5.0		
contig_5	36345	37112	+	NAPDKL_21360	28.7	4.9		SO:0001217, UniRef:UniRef50_A0A096B623, UniRef:UniRef90_A0A096B623
contig_5	37184	37462	+	NAPDKL_21365	10.5	10.0	PF18843.5|LPD28	PFAM:PF18843.5
contig_5	37459	37743	+	NAPDKL_21370	11.2	4.6		
contig_5	37780	38178	+	NAPDKL_21375	15.2	7.6		
contig_5	38198	38566	+	NAPDKL_21380	13.9	6.7		
contig_5	38849	39037	+	NAPDKL_21385	7.0	9.1		
contig_5	41256	41705	+	NAPDKL_21390	17.3	6.2		
contig_5	42714	42869	+	NAPDKL_21400	5.9	9.3		
contig_5	42859	43344	+	NAPDKL_21405	18.8	9.2		
contig_5	43313	43603	+	NAPDKL_21410	11.4	5.6		
contig_5	43545	43778	+	NAPDKL_21415	8.6	10.2		
contig_5	44027	44353	+	NAPDKL_21425	12.4	9.8	PF12960.11|DUF3849	PFAM:PF12960.11
contig_6	300	485	-	NAPDKL_21435	6.6	5.2		
contig_6	431	1255	-	NAPDKL_21440	29.8	8.7	PF02779.28|Transket_pyr, PF02780.24|Transketolase_C	PFAM:PF02779.28, PFAM:PF02780.24
contig_6	2515	3390	+	NAPDKL_21450	30.7	9.8		
contig_6	3468	3833	+	NAPDKL_21455	13.6	10.7	PF01381.26|HTH_3, PF13560.10|HTH_31	PFAM:PF01381.26, PFAM:PF13560.10
contig_6	3830	3925	+	NAPDKL_21460	3.5	10.6		
contig_6	3962	4909	+	NAPDKL_21465	34.9	10.3		
contig_6	5658	5852	-	NAPDKL_21475	7.0	4.8	PF07837.16|FTCD_N	PFAM:PF07837.16
contig_6	11734	11823	+	NAPDKL_21495	3.5	4.7		
contig_6	18729	18869	-	NAPDKL_21535	4.7	6.0		
contig_6	29166	29870	+	NAPDKL_21600	27.2	9.0		SO:0001217, UniRef:UniRef50_A0A096B4V5, UniRef:UniRef90_UPI00189AA4EF
contig_6	32245	33012	+	NAPDKL_21615	28.8	5.0		SO:0001217, UniRef:UniRef50_A0A096B623, UniRef:UniRef90_A0A096B623
contig_6	36370	36939	+	NAPDKL_21635	21.6	6.0		SO:0001217, UniRef:UniRef50_A0A096B629, UniRef:UniRef90_A0A096B629
contig_6	39784	40410	+	NAPDKL_21660	23.5	6.4	PF12960.11|DUF3849	PFAM:PF12960.11, SO:0001217, UniRef:UniRef50_A0A644XJP4, UniRef:UniRef90_A0A096CHY0
contig_6	40541	41173	+	NAPDKL_21665	24.3	8.5		SO:0001217, UniRef:UniRef50_A0A096B4W8, UniRef:UniRef90_UPI00189C34E4
contig_6	42503	42634	+	NAPDKL_21680	4.6	6.0		
contig_6	43290	43622	+	NAPDKL_21690	12.3	4.3		SO:0001217, UniRef:UniRef50_UPI00189C6AA0
contig_7	475	1062	-	NAPDKL_21700	21.7	8.7	PF07508.17|Recombinase	PFAM:PF07508.17
contig_7	3226	3378	-	NAPDKL_21720	5.7	8.0		
contig_7	7373	7558	+	NAPDKL_21745	6.9	9.1		
contig_7	8873	9487	+	NAPDKL_21760	24.0	4.3	PF09346.14|SMI1_KNR4	PFAM:PF09346.14
contig_7	9584	10126	+	NAPDKL_21765	19.9	11.2		
contig_7	10595	11644	+	NAPDKL_21770	39.5	10.7		
contig_7	12772	13101	+	NAPDKL_21775	13.0	5.2		
contig_7	19090	19782	-	NAPDKL_21800	26.9	7.0		SO:0001217, UniRef:UniRef50_A0A096B3D3, UniRef:UniRef90_UPI001D06FFF7
contig_7	20159	20482	-	NAPDKL_21805	12.1	7.8		
contig_7	21386	21742	-	NAPDKL_21810	13.2	4.4		
