11:53:31.558 - INFO - UTILS - version=1.9.3
11:53:31.558 - INFO - UTILS - developer: Oliver Schwengers, github.com/oschwengers
11:53:31.558 - INFO - UTILS - command: /mount/britton/Jose/conda-envs/bakta_env/bin/bakta --db /mount/britton/leap/dbs/bakta/db --prefix clean_assembly --threads 8 --output ../workflow-output/bakta ../workflow-output/pilon/assembly.clean.fasta
11:53:31.559 - INFO - UTILS - local time: 2025-12-17 11:53:31
11:53:31.574 - INFO - UTILS - machine: type=, cores=64
11:53:31.574 - INFO - UTILS - system: type=Linux, release=3.10.0-1160.42.2.el7.x86_64
11:53:31.574 - INFO - UTILS - python: version=3.10.6, implementation=CPython
11:53:31.574 - INFO - CONFIG - threads=8
11:53:31.574 - INFO - CONFIG - verbose=False
11:53:31.575 - INFO - CONFIG - debug=False
11:53:31.577 - INFO - CONFIG - database: type=parameter, path=/mount/britton/leap/dbs/bakta/db
11:53:31.577 - INFO - CONFIG - tmp-path=/tmp/slurm-639422/tmpfnctm3tp
11:53:31.578 - INFO - CONFIG - genome-path=/mount/britton/Jose/Jobs/Jason/2025-12-15-In-silico-filtering-last-effort-in-closing-genome-bash-run/workflow-output/pilon/assembly.clean.fasta
11:53:31.578 - INFO - CONFIG - min_contig_length=1
11:53:31.578 - INFO - CONFIG - prefix=clean_assembly
11:53:31.578 - INFO - CONFIG - output-path=/mount/britton/Jose/Jobs/Jason/2025-12-15-In-silico-filtering-last-effort-in-closing-genome-bash-run/workflow-output/bakta
11:53:31.578 - INFO - CONFIG - force=False
11:53:31.578 - INFO - CONFIG - genus=None
11:53:31.578 - INFO - CONFIG - species=None
11:53:31.578 - INFO - CONFIG - strain=None
11:53:31.578 - INFO - CONFIG - plasmid=None
11:53:31.579 - INFO - CONFIG - complete=False
11:53:31.579 - INFO - CONFIG - prodigal_tf=None
11:53:31.579 - INFO - CONFIG - translation_table=11
11:53:31.579 - INFO - CONFIG - gram=?
11:53:31.579 - INFO - CONFIG - compliant=False
11:53:31.579 - INFO - CONFIG - meta=False
11:53:31.579 - INFO - CONFIG - locus=None
11:53:31.579 - INFO - CONFIG - locus-tag=None
11:53:31.579 - INFO - CONFIG - keep_contig_headers=False
11:53:31.579 - INFO - CONFIG - replicon-table=None
11:53:31.579 - INFO - CONFIG - regions=None
11:53:31.579 - INFO - CONFIG - skip-tRNA=False
11:53:31.579 - INFO - CONFIG - skip-tmRNA=False
11:53:31.579 - INFO - CONFIG - skip-rRNA=False
11:53:31.579 - INFO - CONFIG - skip-ncRNA=False
11:53:31.579 - INFO - CONFIG - skip-ncRNA-region=False
11:53:31.579 - INFO - CONFIG - skip-CRISPR=False
11:53:31.579 - INFO - CONFIG - skip-CDS=False
11:53:31.579 - INFO - CONFIG - skip-pseudo=False
11:53:31.579 - INFO - CONFIG - skip-sORF=False
11:53:31.579 - INFO - CONFIG - skip-gap=False
11:53:31.579 - INFO - CONFIG - skip-ori=False
11:53:31.579 - INFO - CONFIG - skip-plot=False
11:53:31.592 - INFO - DB - detected: major=5, minor=1, type=full, date=2024-01-19
11:53:32.385 - INFO - UTILS - dependency: tool=tRNAscan-SE, version=v2.0.12, path=/mount/britton/Jose/conda-envs/bakta_env/bin/tRNAscan-SE
11:53:32.412 - INFO - UTILS - dependency: tool=Aragorn, version=v1.2.41, path=/mount/britton/Jose/conda-envs/bakta_env/bin/aragorn
11:53:32.482 - INFO - UTILS - dependency: tool=CMscan, version=v1.1.5, path=/mount/britton/Jose/conda-envs/bakta_env/bin/cmscan
11:53:32.646 - INFO - UTILS - dependency: tool=PilerCR, version=v1.6.0, path=/mount/britton/Jose/conda-envs/bakta_env/bin/pilercr
11:53:33.255 - INFO - UTILS - dependency: tool=Pyrodigal, version=v3.4.1, path=/mount/britton/Jose/conda-envs/bakta_env/bin/pyrodigal
11:53:33.284 - INFO - UTILS - dependency: tool=AMRFinderPlus, version=v3.12.8, path=/mount/britton/Jose/conda-envs/bakta_env/bin/amrfinder
11:53:33.442 - INFO - UTILS - dependency: tool=Pyhmmer, version=v0.10.12, path=/mount/britton/Jose/conda-envs/bakta_env/bin/python
11:53:33.633 - INFO - UTILS - dependency: tool=Diamond, version=v2.1.8, path=/mount/britton/Jose/conda-envs/bakta_env/bin/diamond
11:53:37.339 - INFO - UTILS - dependency: tool=Blastn, version=v2.15.0, path=/mount/britton/Jose/conda-envs/bakta_env/bin/blastn
11:53:39.978 - INFO - UTILS - dependency: tool=Circos, version=v0.69.8, path=/mount/britton/Jose/conda-envs/bakta_env/bin/circos
11:53:40.113 - INFO - FASTA - imported: id=contig_1_pilon_pilon, length=79069, description=, genomic=True, dna=True
11:53:40.134 - INFO - FASTA - imported: id=contig_2_pilon_pilon, length=1030693, description=, genomic=True, dna=True
11:53:40.134 - INFO - FASTA - imported: id=contig_3_pilon_pilon, length=9871, description=, genomic=True, dna=True
11:53:40.159 - INFO - FASTA - imported: id=contig_5_pilon_pilon, length=1329062, description=, genomic=True, dna=True
11:53:40.162 - INFO - FASTA - imported: id=contig_6_pilon_pilon, length=149754, description=, genomic=True, dna=True
11:53:40.162 - INFO - MAIN - imported sequences=5
11:53:40.162 - INFO - UTILS - qc: revised sequence: id=contig_1, orig-id=contig_1_pilon_pilon, type=contig, complete=False, topology=linear, name=, description='[gcode=11] [topology=linear]', orig-description=''
11:53:40.162 - INFO - UTILS - qc: revised sequence: id=contig_2, orig-id=contig_2_pilon_pilon, type=contig, complete=False, topology=linear, name=, description='[gcode=11] [topology=linear]', orig-description=''
11:53:40.162 - INFO - UTILS - qc: revised sequence: id=contig_3, orig-id=contig_3_pilon_pilon, type=contig, complete=False, topology=linear, name=, description='[gcode=11] [topology=linear]', orig-description=''
11:53:40.162 - INFO - UTILS - qc: revised sequence: id=contig_4, orig-id=contig_5_pilon_pilon, type=contig, complete=False, topology=linear, name=, description='[gcode=11] [topology=linear]', orig-description=''
11:53:40.162 - INFO - UTILS - qc: revised sequence: id=contig_5, orig-id=contig_6_pilon_pilon, type=contig, complete=False, topology=linear, name=, description='[gcode=11] [topology=linear]', orig-description=''
11:53:40.162 - INFO - FASTA - write genome sequences: path=/tmp/slurm-639422/tmpfnctm3tp/contigs.fna, description=False, wrap=False
11:53:56.121 - INFO - T_RNA - contig=contig_1, start=14892, stop=14968, strand=+, gene=trnR, product=tRNA-Arg(acg), score=83.0, nt=[GCGGCTGTAG..AGCCGTACCA]
11:53:56.121 - INFO - T_RNA - contig=contig_1, start=65268, stop=65354, strand=-, gene=trnL, product=tRNA-Leu(gag), score=68.9, nt=[GCGGATGTGC..ATCCGCACCA]
11:53:56.121 - INFO - T_RNA - contig=contig_1, start=20622, stop=20698, strand=-, gene=trnP, product=tRNA-Pro(cgg), score=72.0, nt=[CGGGGTGTGG..ACTCCGACCA]
11:53:56.121 - INFO - T_RNA - contig=contig_2, start=13720, stop=13796, strand=+, gene=trnM, product=tRNA-Met(cat), score=62.8, nt=[GGCGGCATAG..GCCGCTACCA]
11:53:56.121 - INFO - T_RNA - contig=contig_2, start=13870, stop=13944, strand=+, gene=trnE, product=tRNA-Glu(ttc), score=77.6, nt=[GGCGCGTTGG..CGCGTCACCA]
11:53:56.121 - INFO - T_RNA - contig=contig_2, start=13964, stop=14040, strand=+, gene=trnV, product=tRNA-Val(cac), score=86.3, nt=[GGAGGCTTAG..GTCTCCACCA]
11:53:56.121 - INFO - T_RNA - contig=contig_2, start=263026, stop=263101, strand=+, gene=trnA, product=tRNA-Ala(ggc), score=70.1, nt=[GGGGGTATAG..ATCTCCACCA]
11:53:56.121 - INFO - T_RNA - contig=contig_2, start=291950, stop=292029, strand=+, gene=trnA, product=tRNA-Ala(ggc), score=38.2, nt=[GGGTATGTAA..ATCTCCACCA]
11:53:56.121 - INFO - T_RNA - contig=contig_2, start=317857, stop=317939, strand=+, gene=trnA, product=tRNA-Ala(ggc), score=29.1, nt=[GGGGGTTCGC..ATCTCCACCA]
11:53:56.121 - INFO - T_RNA - contig=contig_2, start=389908, stop=389983, strand=+, gene=trnA, product=tRNA-Ala(ggc), score=70.1, nt=[GGGGGTATAG..ATCTCCACCA]
11:53:56.121 - INFO - T_RNA - contig=contig_2, start=394313, stop=394394, strand=+, gene=trnA, product=tRNA-Ala(ggc), score=30.6, nt=[GGGGGTGTGT..ATCTCCACCA]
11:53:56.121 - INFO - T_RNA - contig=contig_2, start=508301, stop=508376, strand=+, gene=trnV, product=tRNA-Val(tac), score=77.5, nt=[GGGAGCATAG..GTTCCCACCA]
11:53:56.121 - INFO - T_RNA - contig=contig_2, start=508402, stop=508478, strand=+, gene=trnD, product=tRNA-Asp(gtc), score=90.0, nt=[GGCGCGGTAG..CGCGTCGCCA]
11:53:56.121 - INFO - T_RNA - contig=contig_2, start=508485, stop=508560, strand=+, gene=trnF, product=tRNA-Phe(gaa), score=78.0, nt=[GCCTCTGTAG..GGAGGCACCA]
11:53:56.121 - INFO - T_RNA - contig=contig_2, start=508638, stop=508713, strand=+, gene=trnG, product=tRNA-Gly(gcc), score=77.6, nt=[GCAGGTGTAG..ACCTGCTCCA]
11:53:56.121 - INFO - T_RNA - contig=contig_2, start=508728, stop=508801, strand=+, gene=trnC, product=tRNA-Cys(gca), score=71.7, nt=[GGCGACGTAG..GTCGCCTCCA]
11:53:56.121 - INFO - T_RNA - contig=contig_2, start=540175, stop=540263, strand=+, gene=trnS, product=tRNA-Ser(cga), score=83.4, nt=[GGAGCGGTAT..CGCTCCGCCA]
11:53:56.121 - INFO - T_RNA - contig=contig_2, start=950176, stop=950261, strand=-, gene=trnL, product=tRNA-Leu(caa), score=73.3, nt=[GCCGGCGTGA..GCCGGCACCA]
11:53:56.121 - INFO - T_RNA - contig=contig_2, start=679498, stop=679587, strand=-, gene=trnP, product=tRNA-Pro(tgg), score=30.2, nt=[CGGGGTGTTG..AAAGCCTTGG]
11:53:56.121 - INFO - T_RNA - contig=contig_2, start=679329, stop=679404, strand=-, gene=trnP, product=tRNA-Pro(tgg), score=80.1, nt=[CCGGGTGTAG..ACTCGGACCA]
11:53:56.121 - INFO - T_RNA - contig=contig_2, start=536175, stop=536261, strand=-, gene=trnS, product=tRNA-Ser(tga), score=80.0, nt=[GGAGAGATGT..CTCTCCGCCA]
11:53:56.121 - INFO - T_RNA - contig=contig_2, start=536048, stop=536138, strand=-, gene=trnS, product=tRNA-Ser(gct), score=87.5, nt=[GGAGAAGTAC..TTCTCCGCCA]
11:53:56.122 - INFO - T_RNA - contig=contig_2, start=529700, stop=529773, strand=-, gene=trnG, product=tRNA-Gly(tcc), score=79.4, nt=[GCGGGTGTAG..ACCCGCTCCA]
11:53:56.122 - INFO - T_RNA - contig=contig_2, start=529573, stop=529649, strand=-, gene=trnR, product=tRNA-Arg(tct), score=83.7, nt=[GCGCCTGTAG..AGGCGTACCA]
11:53:56.122 - INFO - T_RNA - contig=contig_2, start=529402, stop=529477, strand=-, gene=trnH, product=tRNA-His(gtg), score=72.8, nt=[GTGGGCGTAG..GCCCACCCCA]
11:53:56.122 - INFO - T_RNA - contig=contig_2, start=529272, stop=529346, strand=-, gene=trnQ, product=tRNA-Gln(ttg), score=72.9, nt=[TGGGGTGTAG..ATCCCAGCCA]
11:53:56.122 - INFO - T_RNA - contig=contig_2, start=529167, stop=529242, strand=-, gene=trnK, product=tRNA-Lys(ttt), score=75.0, nt=[GACCCGGTAG..CGGGTCACCA]
11:53:56.122 - INFO - T_RNA - contig=contig_2, start=415260, stop=415335, strand=-, gene=trnA, product=tRNA-Ala(cgc), score=71.7, nt=[GGGGGCGTAG..GTCTCCACCA]
11:53:56.122 - INFO - T_RNA - contig=contig_2, start=137302, stop=137377, strand=-, gene=trnT, product=tRNA-Thr(cgt), score=79.8, nt=[GCTGGTATAG..CCCAGCTCCA]
11:53:56.122 - INFO - T_RNA - contig=contig_2, start=31895, stop=31982, strand=-, gene=trnL, product=tRNA-Leu(taa), score=71.4, nt=[GCCGGAGTGG..TCCGGCACCA]
11:53:56.122 - INFO - T_RNA - contig=contig_2, start=31808, stop=31884, strand=-, gene=trnfM, product=tRNA-fMet(cat), score=81.5, nt=[CGCGGGGTAG..CCCGCAACCA]
11:53:56.122 - INFO - T_RNA - contig=contig_2, start=17109, stop=17185, strand=-, gene=trnV, product=tRNA-Val(gac), score=77.4, nt=[GGACGATTAG..TCGTCCACCA]
11:53:56.122 - INFO - T_RNA - contig=contig_4, start=8670, stop=8746, strand=+, gene=trnR, product=tRNA-Arg(ccg), score=63.6, nt=[GCGTCCGTAG..GGGCGTACCA]
11:53:56.122 - INFO - T_RNA - contig=contig_4, start=169735, stop=169811, strand=+, gene=trnP, product=tRNA-Pro(ggg), score=66.1, nt=[CCGGGTGTGG..ACTCGGACCA]
11:53:56.122 - INFO - T_RNA - contig=contig_4, start=169861, stop=169934, strand=+, gene=trnG, product=tRNA-Gly(ccc), score=80.2, nt=[GCAGGTGTAG..ACCTGCTCCA]
11:53:56.122 - INFO - T_RNA - contig=contig_4, start=212739, stop=212812, strand=+, gene=trnQ, product=tRNA-Gln(ctg), score=66.4, nt=[AGCGGGTTTG..CCCGCTGCCA]
11:53:56.122 - INFO - T_RNA - contig=contig_4, start=406457, stop=406547, strand=+, gene=trnS, product=tRNA-Ser(gga), score=78.3, nt=[GCAGCAGTAT..TGCTGCGCCA]
11:53:56.122 - INFO - T_RNA - contig=contig_4, start=527241, stop=527316, strand=+, gene=trnT, product=tRNA-Thr(tgt), score=77.2, nt=[GCTGGTGTAG..ACCAGCTCCA]
11:53:56.122 - INFO - T_RNA - contig=contig_4, start=527328, stop=527412, strand=+, gene=trnY, product=tRNA-Tyr(gta), score=72.8, nt=[GGAGGAGTTC..TCCTCCACCA]
11:53:56.122 - INFO - T_RNA - contig=contig_4, start=722036, stop=722220, strand=+, gene=None, product=tRNA-Xxx, score=25.2, nt=[GGGGCGTCGT..GCCTCCACCA]
11:53:56.122 - INFO - T_RNA - contig=contig_4, start=767292, stop=767376, strand=+, gene=trnL, product=tRNA-Leu(tag), score=62.9, nt=[GGGGGATTGA..TCCCCTACCA]
11:53:56.122 - INFO - T_RNA - contig=contig_4, start=767946, stop=768032, strand=+, gene=trnL, product=tRNA-Leu(cag), score=73.9, nt=[GCACGAGTGG..TCGTGCACCA]
11:53:56.122 - INFO - T_RNA - contig=contig_4, start=961197, stop=961272, strand=+, gene=trnG, product=tRNA-Gly(gcc), score=77.6, nt=[GCAGGTGTAG..ACCTGCTCCA]
11:53:56.122 - INFO - T_RNA - contig=contig_4, start=1017960, stop=1018035, strand=-, gene=trnA, product=tRNA-Ala(tgc), score=91.0, nt=[GGGGGTTTAG..ACCTCCACCA]
11:53:56.122 - INFO - T_RNA - contig=contig_4, start=1017880, stop=1017956, strand=-, gene=trnI, product=tRNA-Ile(gat), score=86.6, nt=[GGGCCAATAG..TGGCCCACCA]
11:53:56.122 - INFO - T_RNA - contig=contig_4, start=1014462, stop=1014537, strand=-, gene=trnK, product=tRNA-Lys(ctt), score=79.7, nt=[GCGCCTTTAG..AGGCGCACCA]
11:53:56.122 - INFO - T_RNA - contig=contig_4, start=1014386, stop=1014460, strand=-, gene=trnE, product=tRNA-Glu(ctc), score=73.8, nt=[GGCCCGTTGG..CGGGTCACCA]
11:53:56.122 - INFO - T_RNA - contig=contig_4, start=1013984, stop=1014059, strand=-, gene=trnN, product=tRNA-Asn(gtt), score=76.6, nt=[TCCTCAATAG..TGGGGAGCCA]
11:53:56.122 - INFO - T_RNA - contig=contig_4, start=1013832, stop=1013908, strand=-, gene=trnI, product=tRNA-Ile2(cat), score=79.2, nt=[GGGCCTTTAG..AGGCCCACCA]
11:53:56.122 - INFO - T_RNA - contig=contig_4, start=1013753, stop=1013828, strand=-, gene=trnW, product=tRNA-Trp(cca), score=83.3, nt=[AGGGGTATAG..GCCCCTGCCA]
11:53:56.122 - INFO - T_RNA - contig=contig_4, start=1013638, stop=1013714, strand=-, gene=trnD, product=tRNA-Asp(gtc), score=90.0, nt=[GGCGCGGTAG..CGCGTCGCCA]
11:53:56.122 - INFO - T_RNA - contig=contig_4, start=1013535, stop=1013610, strand=-, gene=trnT, product=tRNA-Thr(ggt), score=83.3, nt=[GCTGCTATAG..AGCAGCTCCA]
11:53:56.122 - INFO - T_RNA - contig=contig_4, start=700507, stop=700583, strand=-, gene=trnR, product=tRNA-Arg(cct), score=76.0, nt=[GTCTCTGTAG..AGGGACGCCA]
11:53:56.122 - INFO - T_RNA - contig=contig_4, start=602205, stop=602279, strand=-, gene=None, product=tRNA-Xxx, score=21.7, nt=[AGGCTACCGT..GGGGACGCCA]
11:53:56.122 - INFO - T_RNA - contig=contig_4, start=439657, stop=439751, strand=-, gene=trnU, product=tRNA-SeC(tca), score=102.0, nt=[GGGGGCGGAG..GCCTCCGCCA]
11:53:56.122 - INFO - T_RNA - contig=contig_4, start=99766, stop=99841, strand=-, gene=trnA, product=tRNA-Ala(tgc), score=91.0, nt=[GGGGGTTTAG..ACCTCCACCA]
11:53:56.122 - INFO - T_RNA - contig=contig_4, start=99686, stop=99762, strand=-, gene=trnI, product=tRNA-Ile(gat), score=86.6, nt=[GGGCCAATAG..TGGCCCACCA]
11:53:56.122 - INFO - T_RNA - contig=contig_4, start=96268, stop=96343, strand=-, gene=trnK, product=tRNA-Lys(ctt), score=79.7, nt=[GCGCCTTTAG..AGGCGCACCA]
11:53:56.123 - INFO - T_RNA - contig=contig_4, start=96192, stop=96266, strand=-, gene=trnE, product=tRNA-Glu(ctc), score=73.8, nt=[GGCCCGTTGG..CGGGTCACCA]
11:53:56.123 - INFO - T_RNA - predicted=59
11:53:57.071 - INFO - TM_RNA - contig=contig_4, start=721875, stop=722220, strand=+, gene=ssrA, product=transfer-messenger RNA, SsrA, nt=[GGGGGCGTAC..GCCTCCACCA]
11:53:57.072 - INFO - TM_RNA - predicted=1
11:54:05.993 - INFO - R_RNA - contig=contig_4, start=99950, stop=101480, strand=-, gene=rrs, product=16S ribosomal RNA, length=1531, coverage=0.999, truncated=None, score=1575.0, evalue=5.1e-48, nt=[TTTATTGAGA..CACCTCCTTT]
11:54:05.993 - INFO - R_RNA - contig=contig_4, start=1018144, stop=1019674, strand=-, gene=rrs, product=16S ribosomal RNA, length=1531, coverage=0.999, truncated=None, score=1575.0, evalue=5.1e-48, nt=[TTTATTGAGA..CACCTCCTTT]
11:54:05.993 - INFO - R_RNA - contig=contig_4, start=95914, stop=96029, strand=-, gene=rrf, product=5S ribosomal RNA, length=116, coverage=0.975, truncated=None, score=81.1, evalue=6.8e-13, nt=[GTTGGTGTCG..GGCGCCAACA]
11:54:05.993 - INFO - R_RNA - contig=contig_4, start=1014108, stop=1014223, strand=-, gene=rrf, product=5S ribosomal RNA, length=116, coverage=0.975, truncated=None, score=81.1, evalue=6.8e-13, nt=[GTTGGTGTCG..GGCGCCAACA]
11:54:05.993 - INFO - R_RNA - contig=contig_4, start=96496, stop=99338, strand=-, gene=rrl, product=23S ribosomal RNA, length=2843, coverage=0.972, truncated=None, score=2789.2, evalue=2.5e-05, nt=[GGTCAAGCTG..GCTTGACCTT]
11:54:05.993 - INFO - R_RNA - contig=contig_4, start=1014690, stop=1017532, strand=-, gene=rrl, product=23S ribosomal RNA, length=2843, coverage=0.972, truncated=None, score=2789.2, evalue=2.5e-05, nt=[GGTCAAGCTG..GCTTGACCTT]
11:54:05.993 - INFO - R_RNA - predicted=6
11:54:57.250 - INFO - NC_RNA - contig=contig_1, start=7026, stop=7071, strand=-, gene=ssNA-helicase, product=ssNA-helicase RNA, length=46, truncated=None, score=43.5, evalue=5.4e-06, nt=[TGCAGGGGGT..ACATGTAACA]
11:54:57.250 - INFO - NC_RNA - contig=contig_2, start=415536, stop=415800, strand=+, gene=Bacteria_large_SRP, product=Bacterial large signal recognition particle RNA, length=265, truncated=None, score=199.9, evalue=8.4e-32, nt=[CCGCGCTAGT..CGGTGCGCGG]
11:54:57.250 - INFO - NC_RNA - contig=contig_2, start=415649, stop=415748, strand=+, gene=Bacteria_small_SRP, product=Bacterial small signal recognition particle RNA, length=100, truncated=None, score=71.2, evalue=3.8e-12, nt=[GGATCGGTCC..CCGCTCCTGA]
11:54:57.250 - INFO - NC_RNA - contig=contig_4, start=243776, stop=243938, strand=+, gene=FuFi-1, product=FuFi-1 RNA, length=163, truncated=None, score=125.2, evalue=1.5e-17, nt=[GCAGCTTGTC..CTGGCCTTTT]
11:54:57.250 - INFO - NC_RNA - contig=contig_5, start=20982, stop=21365, strand=-, gene=RNaseP_bact_a, product=Bacterial RNase P class A, length=384, truncated=None, score=252.4, evalue=9.4e-36, nt=[CAAGCAAGCT..TACTTGCACC]
11:54:57.250 - INFO - NC_RNA - contig=contig_5, start=55746, stop=55936, strand=+, gene=6S, product=6S / SsrS RNA, length=191, truncated=None, score=72.9, evalue=7.1e-13, nt=[GTTCCCCTGC..CGGGGGATCT]
11:54:57.250 - INFO - NC_RNA - predicted=6
11:55:09.471 - INFO - NC_RNA_REGION - contig=contig_2, start=864711, stop=864917, strand=+, label=T-box, product=T-box leader, length=207, truncated=None, score=122.3, evalue=8.8e-16
11:55:09.471 - INFO - NC_RNA_REGION - contig=contig_2, start=854869, stop=854965, strand=+, label=SAM, product=SAM riboswitch (S box leader), length=97, truncated=None, score=82.6, evalue=7.0e-15
11:55:09.471 - INFO - NC_RNA_REGION - contig=contig_2, start=466355, stop=466494, strand=-, label=FMN, product=FMN riboswitch (RFN element), length=140, truncated=None, score=81.8, evalue=1.8e-13
11:55:09.471 - INFO - NC_RNA_REGION - contig=contig_2, start=150377, stop=150599, strand=-, label=T-box, product=T-box leader, length=223, truncated=None, score=104.2, evalue=2.5e-13
11:55:09.471 - INFO - NC_RNA_REGION - contig=contig_2, start=944031, stop=944142, strand=+, label=THF, product=THF riboswitch, length=112, truncated=None, score=70.9, evalue=7.3e-12
11:55:09.471 - INFO - NC_RNA_REGION - contig=contig_2, start=884363, stop=884460, strand=-, label=Purine, product=Purine riboswitch, length=98, truncated=None, score=49.5, evalue=1.6e-05
11:55:09.471 - INFO - NC_RNA_REGION - contig=contig_2, start=145714, stop=145790, strand=+, label=Fluoride, product=Fluoride riboswitch (crcB), length=77, truncated=None, score=36.8, evalue=7.8e-05
11:55:09.471 - INFO - NC_RNA_REGION - contig=contig_4, start=544173, stop=544287, strand=+, label=FMN, product=FMN riboswitch (RFN element), length=115, truncated=None, score=109.8, evalue=1.5e-18
11:55:09.471 - INFO - NC_RNA_REGION - contig=contig_4, start=1169766, stop=1169984, strand=-, label=T-box, product=T-box leader, length=219, truncated=None, score=103.5, evalue=3.1e-13
11:55:09.471 - INFO - NC_RNA_REGION - contig=contig_4, start=79509, stop=79604, strand=-, label=NiCo, product=NiCo riboswitch, length=96, truncated=None, score=75.0, evalue=1.1e-12
11:55:09.471 - INFO - NC_RNA_REGION - contig=contig_4, start=895290, stop=895407, strand=+, label=MOCO_RNA_motif, product=Moco (molybdenum cofactor) riboswitch, length=118, truncated=None, score=74.5, evalue=1.2e-12
11:55:09.471 - INFO - NC_RNA_REGION - contig=contig_4, start=1116649, stop=1116853, strand=-, label=T-box, product=T-box leader, length=205, truncated=None, score=95.0, evalue=4.4e-12
11:55:09.471 - INFO - NC_RNA_REGION - contig=contig_4, start=1174380, stop=1174548, strand=+, label=Lysine, product=Lysine riboswitch, length=169, truncated=None, score=82.4, evalue=1.8e-11
11:55:09.471 - INFO - NC_RNA_REGION - contig=contig_4, start=1090617, stop=1090708, strand=-, label=Glycine, product=Glycine riboswitch, length=92, truncated=None, score=60.0, evalue=3.3e-10
11:55:09.471 - INFO - NC_RNA_REGION - contig=contig_4, start=1206669, stop=1206716, strand=-, label=ssnA, product=ssnA RNA, length=48, truncated=None, score=44.6, evalue=1.5e-09
11:55:09.471 - INFO - NC_RNA_REGION - contig=contig_4, start=899599, stop=899715, strand=+, label=MOCO_RNA_motif, product=Moco (molybdenum cofactor) riboswitch, length=117, truncated=None, score=57.0, evalue=3.0e-09
11:55:09.471 - INFO - NC_RNA_REGION - contig=contig_4, start=1179947, stop=1180064, strand=-, label=TPP, product=TPP riboswitch (THI element), length=118, truncated=None, score=58.2, evalue=3.5e-09
11:55:09.471 - INFO - NC_RNA_REGION - contig=contig_4, start=63878, stop=63988, strand=-, label=TPP, product=TPP riboswitch (THI element), length=111, truncated=None, score=58.0, evalue=3.8e-09
11:55:09.471 - INFO - NC_RNA_REGION - contig=contig_4, start=286148, stop=286245, strand=+, label=pemK, product=pemK RNA, length=98, truncated=None, score=56.8, evalue=3.3e-08
11:55:09.471 - INFO - NC_RNA_REGION - contig=contig_4, start=633700, stop=633797, strand=+, label=pemK, product=pemK RNA, length=98, truncated=None, score=44.9, evalue=4.8e-06
11:55:09.471 - INFO - NC_RNA_REGION - contig=contig_4, start=226949, stop=227012, strand=-, label=GP20-b, product=GP20-b RNA, length=64, truncated=None, score=42.0, evalue=2.6e-05
11:55:09.471 - INFO - NC_RNA_REGION - contig=contig_5, start=7571, stop=7745, strand=-, label=Lysine, product=Lysine riboswitch, length=175, truncated=None, score=66.7, evalue=3.6e-09
11:55:09.471 - INFO - NC_RNA_REGION - predicted=22
11:55:10.018 - INFO - CRISPR - contig=contig_2, start=262840, stop=263061, spacer-length=61, repeat-length=30, # repeats=3, repeat-consensus=ATATGGGGGTATAGCTCAGCTGGGAGCGCG, nt=[ATATGGGGGT..CTTGAATGGC]
11:55:10.018 - INFO - CRISPR - predicted=1
11:55:10.018 - INFO - CDS - create prodigal training info object: meta=False, closed=True
11:55:11.126 - INFO - CDS - contig=contig_1, start=284, stop=976, strand=-, frame=1, truncated=no, start-type=ATG, RBS-motif=GGAG/GAGG
11:55:11.127 - INFO - CDS - contig=contig_1, start=1040, stop=1213, strand=-, frame=1, truncated=no, start-type=ATG, RBS-motif=AGGA
11:55:11.127 - INFO - CDS - contig=contig_1, start=1260, stop=1469, strand=-, frame=3, truncated=no, start-type=ATG, RBS-motif=AGxAGG/AGGxGG
11:55:11.127 - INFO - CDS - contig=contig_1, start=1469, stop=1618, strand=-, frame=1, truncated=no, start-type=ATG, RBS-motif=GGxGG
11:55:11.127 - INFO - CDS - contig=contig_1, start=1615, stop=1818, strand=-, frame=2, truncated=no, start-type=ATG, RBS-motif=AGGAG
11:55:11.127 - INFO - CDS - contig=contig_1, start=1815, stop=2024, strand=-, frame=3, truncated=no, start-type=GTG, RBS-motif=AGGAGG
11:55:11.127 - INFO - CDS - contig=contig_1, start=2743, stop=5226, strand=-, frame=2, truncated=no, start-type=ATG, RBS-motif=None
11:55:11.127 - INFO - CDS - contig=contig_1, start=5341, stop=5607, strand=+, frame=1, truncated=no, start-type=ATG, RBS-motif=AGGAG
11:55:11.127 - INFO - CDS - contig=contig_1, start=5677, stop=5790, strand=-, frame=2, truncated=no, start-type=ATG, RBS-motif=AGGAG
11:55:11.127 - INFO - CDS - contig=contig_1, start=6009, stop=7004, strand=-, frame=3, truncated=no, start-type=ATG, RBS-motif=AGxAGG/AGGxGG
11:55:11.127 - INFO - CDS - contig=contig_1, start=7361, stop=8017, strand=+, frame=2, truncated=no, start-type=ATG, RBS-motif=GGAG/GAGG
11:55:11.127 - INFO - CDS - contig=contig_1, start=8024, stop=8560, strand=+, frame=2, truncated=no, start-type=ATG, RBS-motif=AGGAG
11:55:11.127 - INFO - CDS - contig=contig_1, start=8565, stop=9425, strand=+, frame=3, truncated=no, start-type=ATG, RBS-motif=AGGAG
11:55:11.127 - INFO - CDS - contig=contig_1, start=9859, stop=10557, strand=+, frame=1, truncated=no, start-type=ATG, RBS-motif=AGGAGG
11:55:11.127 - INFO - CDS - contig=contig_1, start=10670, stop=11515, strand=+, frame=2, truncated=no, start-type=TTG, RBS-motif=GGAGG
11:55:11.127 - INFO - CDS - contig=contig_1, start=11461, stop=11574, strand=-, frame=2, truncated=no, start-type=ATG, RBS-motif=GGAG/GAGG
11:55:11.128 - INFO - CDS - contig=contig_1, start=11680, stop=14406, strand=+, frame=1, truncated=no, start-type=ATG, RBS-motif=AGGA
11:55:11.128 - INFO - CDS - contig=contig_1, start=15113, stop=16201, strand=-, frame=1, truncated=no, start-type=ATG, RBS-motif=GGA/GAG/AGG
11:55:11.128 - INFO - CDS - contig=contig_1, start=16455, stop=16673, strand=-, frame=3, truncated=no, start-type=ATG, RBS-motif=AGGA/GGAG/GAGG
11:55:11.128 - INFO - CDS - contig=contig_1, start=16852, stop=16977, strand=-, frame=2, truncated=no, start-type=ATG, RBS-motif=AGxAGG/AGGxGG
11:55:11.128 - INFO - CDS - contig=contig_1, start=16981, stop=17499, strand=-, frame=2, truncated=no, start-type=ATG, RBS-motif=AGGAGG
11:55:11.128 - INFO - CDS - contig=contig_1, start=17849, stop=19681, strand=-, frame=1, truncated=no, start-type=ATG, RBS-motif=AGGAG
11:55:11.128 - INFO - CDS - contig=contig_1, start=19678, stop=20256, strand=-, frame=2, truncated=no, start-type=ATG, RBS-motif=AGGAG
11:55:11.128 - INFO - CDS - contig=contig_1, start=20870, stop=23014, strand=-, frame=1, truncated=no, start-type=ATG, RBS-motif=AGxAGG/AGGxGG
11:55:11.128 - INFO - CDS - contig=contig_1, start=22998, stop=23927, strand=-, frame=3, truncated=no, start-type=ATG, RBS-motif=AGGAG/GGAGG
11:55:11.128 - INFO - CDS - contig=contig_1, start=24125, stop=25048, strand=+, frame=2, truncated=no, start-type=ATG, RBS-motif=AGxAGG/AGGxGG
11:55:11.128 - INFO - CDS - contig=contig_1, start=25102, stop=27015, strand=-, frame=2, truncated=no, start-type=ATG, RBS-motif=GGAGG
11:55:11.128 - INFO - CDS - contig=contig_1, start=27122, stop=27874, strand=-, frame=1, truncated=no, start-type=ATG, RBS-motif=GGAG/GAGG
11:55:11.128 - INFO - CDS - contig=contig_1, start=27891, stop=30161, strand=-, frame=3, truncated=no, start-type=GTG, RBS-motif=GGA/GAG/AGG
11:55:11.128 - INFO - CDS - contig=contig_1, start=30154, stop=30375, strand=-, frame=2, truncated=no, start-type=ATG, RBS-motif=4Base/6BMM
11:55:11.128 - INFO - CDS - contig=contig_1, start=30498, stop=30737, strand=-, frame=3, truncated=no, start-type=ATG, RBS-motif=GGAGG
11:55:11.128 - INFO - CDS - contig=contig_1, start=30807, stop=32303, strand=-, frame=3, truncated=no, start-type=ATG, RBS-motif=GGA/GAG/AGG
11:55:11.128 - INFO - CDS - contig=contig_1, start=32312, stop=33175, strand=-, frame=1, truncated=no, start-type=ATG, RBS-motif=GGA/GAG/AGG
11:55:11.129 - INFO - CDS - contig=contig_1, start=33189, stop=33329, strand=-, frame=3, truncated=no, start-type=ATG, RBS-motif=AGGA
11:55:11.129 - INFO - CDS - contig=contig_1, start=33326, stop=33868, strand=-, frame=1, truncated=no, start-type=ATG, RBS-motif=AGGAGG
11:55:11.129 - INFO - CDS - contig=contig_1, start=34047, stop=41180, strand=+, frame=3, truncated=no, start-type=ATG, RBS-motif=AGxAGG/AGGxGG
11:55:11.129 - INFO - CDS - contig=contig_1, start=41284, stop=42564, strand=+, frame=1, truncated=no, start-type=ATG, RBS-motif=AGGA
11:55:11.129 - INFO - CDS - contig=contig_1, start=42567, stop=43847, strand=+, frame=3, truncated=no, start-type=ATG, RBS-motif=GGAGG
11:55:11.129 - INFO - CDS - contig=contig_1, start=43844, stop=44812, strand=+, frame=2, truncated=no, start-type=ATG, RBS-motif=GGAGG
11:55:11.129 - INFO - CDS - contig=contig_1, start=44799, stop=45641, strand=+, frame=3, truncated=no, start-type=ATG, RBS-motif=GGAGG
11:55:11.129 - INFO - CDS - contig=contig_1, start=45710, stop=46165, strand=+, frame=2, truncated=no, start-type=ATG, RBS-motif=AGGAG
11:55:11.129 - INFO - CDS - contig=contig_1, start=46245, stop=46625, strand=-, frame=3, truncated=no, start-type=ATG, RBS-motif=GGAGG
11:55:11.129 - INFO - CDS - contig=contig_1, start=46622, stop=47302, strand=-, frame=1, truncated=no, start-type=ATG, RBS-motif=GGAGG
11:55:11.129 - INFO - CDS - contig=contig_1, start=47435, stop=48268, strand=+, frame=2, truncated=no, start-type=GTG, RBS-motif=AGGAGG
11:55:11.129 - INFO - CDS - contig=contig_1, start=48423, stop=49511, strand=+, frame=3, truncated=no, start-type=ATG, RBS-motif=GGAGG
11:55:11.129 - INFO - CDS - contig=contig_1, start=49511, stop=52786, strand=+, frame=2, truncated=no, start-type=ATG, RBS-motif=AGxAGG/AGGxGG
11:55:11.129 - INFO - CDS - contig=contig_1, start=52876, stop=54417, strand=+, frame=1, truncated=no, start-type=ATG, RBS-motif=GGAG/GAGG
11:55:11.129 - INFO - CDS - contig=contig_1, start=54615, stop=55103, strand=-, frame=3, truncated=no, start-type=ATG, RBS-motif=GGAG/GAGG
11:55:11.129 - INFO - CDS - contig=contig_1, start=55406, stop=55600, strand=+, frame=2, truncated=no, start-type=ATG, RBS-motif=GGA/GAG/AGG
11:55:11.130 - INFO - CDS - contig=contig_1, start=55603, stop=56676, strand=+, frame=1, truncated=no, start-type=ATG, RBS-motif=AGGAGG
11:55:11.130 - INFO - CDS - contig=contig_1, start=56679, stop=57014, strand=+, frame=3, truncated=no, start-type=ATG, RBS-motif=GGA/GAG/AGG
11:55:11.130 - INFO - CDS - contig=contig_1, start=57004, stop=58179, strand=+, frame=1, truncated=no, start-type=ATG, RBS-motif=AGGAGG
11:55:11.130 - INFO - CDS - contig=contig_1, start=58636, stop=58881, strand=+, frame=1, truncated=no, start-type=ATG, RBS-motif=GGAGG
11:55:11.130 - INFO - CDS - contig=contig_1, start=59361, stop=59834, strand=+, frame=3, truncated=no, start-type=TTG, RBS-motif=AGGAGG
11:55:11.130 - INFO - CDS - contig=contig_1, start=59932, stop=60135, strand=+, frame=1, truncated=no, start-type=ATG, RBS-motif=GGA/GAG/AGG
11:55:11.130 - INFO - CDS - contig=contig_1, start=60180, stop=61166, strand=+, frame=3, truncated=no, start-type=ATG, RBS-motif=AGGAG
11:55:11.130 - INFO - CDS - contig=contig_1, start=61114, stop=61989, strand=+, frame=1, truncated=no, start-type=ATG, RBS-motif=AGGAG
11:55:11.130 - INFO - CDS - contig=contig_1, start=62467, stop=63606, strand=+, frame=1, truncated=no, start-type=ATG, RBS-motif=AGGAGG
11:55:11.130 - INFO - CDS - contig=contig_1, start=63634, stop=64152, strand=+, frame=1, truncated=no, start-type=ATG, RBS-motif=GGAG/GAGG
11:55:11.130 - INFO - CDS - contig=contig_1, start=64600, stop=64791, strand=-, frame=2, truncated=no, start-type=TTG, RBS-motif=GGA/GAG/AGG
11:55:11.130 - INFO - CDS - contig=contig_1, start=64857, stop=65072, strand=+, frame=3, truncated=no, start-type=ATG, RBS-motif=None
11:55:11.130 - INFO - CDS - contig=contig_1, start=65414, stop=66682, strand=-, frame=1, truncated=no, start-type=ATG, RBS-motif=GGAGG
11:55:11.130 - INFO - CDS - contig=contig_1, start=66679, stop=67356, strand=-, frame=2, truncated=no, start-type=ATG, RBS-motif=AGxAGG/AGGxGG
11:55:11.130 - INFO - CDS - contig=contig_1, start=67673, stop=67915, strand=+, frame=2, truncated=no, start-type=GTG, RBS-motif=GGxGG
11:55:11.130 - INFO - CDS - contig=contig_1, start=67981, stop=68436, strand=-, frame=2, truncated=no, start-type=ATG, RBS-motif=AGGAGG
11:55:11.130 - INFO - CDS - contig=contig_1, start=68629, stop=69390, strand=+, frame=1, truncated=no, start-type=ATG, RBS-motif=GGA/GAG/AGG
11:55:11.130 - INFO - CDS - contig=contig_1, start=69561, stop=71090, strand=+, frame=3, truncated=no, start-type=ATG, RBS-motif=GGA/GAG/AGG
11:55:11.130 - INFO - CDS - contig=contig_1, start=71152, stop=72288, strand=+, frame=1, truncated=no, start-type=GTG, RBS-motif=GGxGG
11:55:11.131 - INFO - CDS - contig=contig_1, start=72285, stop=73253, strand=+, frame=3, truncated=no, start-type=GTG, RBS-motif=AGGAGG
11:55:11.131 - INFO - CDS - contig=contig_1, start=73410, stop=73670, strand=+, frame=3, truncated=no, start-type=ATG, RBS-motif=AGGA/GGAG/GAGG
11:55:11.131 - INFO - CDS - contig=contig_1, start=73697, stop=76216, strand=+, frame=2, truncated=no, start-type=ATG, RBS-motif=GGAG/GAGG
11:55:11.131 - INFO - CDS - contig=contig_1, start=76325, stop=77677, strand=+, frame=2, truncated=no, start-type=ATG, RBS-motif=GGAGG
11:55:11.131 - INFO - CDS - contig=contig_1, start=77701, stop=78753, strand=-, frame=2, truncated=no, start-type=ATG, RBS-motif=AGGAG
11:55:11.131 - INFO - CDS - contig=contig_1, start=284, stop=976, strand=-, nt=[ATGGGATGCG..TGGAAAATGA]
11:55:11.131 - INFO - CDS - contig=contig_1, start=1040, stop=1213, strand=-, nt=[ATGACTGAAC..CCGGGGCTGA]
11:55:11.131 - INFO - CDS - contig=contig_1, start=1260, stop=1469, strand=-, nt=[ATGGCCGCTT..CCGTGGCTAA]
11:55:11.131 - INFO - CDS - contig=contig_1, start=1469, stop=1618, strand=-, nt=[ATGAATGATA..GTGTAAATAA]
11:55:11.131 - INFO - CDS - contig=contig_1, start=1615, stop=1818, strand=-, nt=[ATGAAAGAAC..GCTGAAATGA]
11:55:11.131 - INFO - CDS - contig=contig_1, start=1815, stop=2024, strand=-, nt=[GTGCAAGTGT..CGACAAATGA]
11:55:11.131 - INFO - CDS - contig=contig_1, start=2743, stop=5226, strand=-, nt=[ATGGTTTTGG..ACGCCTTTGA]
11:55:11.131 - INFO - CDS - contig=contig_1, start=5341, stop=5607, strand=+, nt=[ATGAAATTTA..GGGGGAATAA]
11:55:11.131 - INFO - CDS - contig=contig_1, start=5677, stop=5790, strand=-, nt=[ATGTATGAAT..CAAGCGCTAA]
11:55:11.131 - INFO - CDS - contig=contig_1, start=6009, stop=7004, strand=-, nt=[ATGGCTGACC..TCTTTTGTGA]
11:55:11.131 - INFO - CDS - contig=contig_1, start=7361, stop=8017, strand=+, nt=[ATGCCCGAAA..GAAGGAGTAA]
11:55:11.131 - INFO - CDS - contig=contig_1, start=8024, stop=8560, strand=+, nt=[ATGGCCCGAT..CGAGGAGTGA]
11:55:11.131 - INFO - CDS - contig=contig_1, start=8565, stop=9425, strand=+, nt=[ATGACCGAGC..AAGGGAATAG]
11:55:11.131 - INFO - CDS - contig=contig_1, start=9859, stop=10557, strand=+, nt=[ATGGAAGAGG..CGGGGGGTGA]
11:55:11.131 - INFO - CDS - contig=contig_1, start=10670, stop=11515, strand=+, nt=[TTGACATATC..GGTCGGATAA]
11:55:11.131 - INFO - CDS - contig=contig_1, start=11461, stop=11574, strand=-, nt=[ATGGAAAAGG..CCAGCAGTAG]
11:55:11.131 - INFO - CDS - contig=contig_1, start=11680, stop=14406, strand=+, nt=[ATGGCCACTA..GGATTTTTAA]
11:55:11.131 - INFO - CDS - contig=contig_1, start=15113, stop=16201, strand=-, nt=[ATGTTCTTAT..ATTTGTATAA]
11:55:11.132 - INFO - CDS - contig=contig_1, start=16455, stop=16673, strand=-, nt=[ATGAAAACGA..CGAGAAGTAG]
11:55:11.132 - INFO - CDS - contig=contig_1, start=16852, stop=16977, strand=-, nt=[ATGGCCGATT..ATTTGTATGA]
11:55:11.132 - INFO - CDS - contig=contig_1, start=16981, stop=17499, strand=-, nt=[ATGACAGAAG..GAAGGACTGA]
11:55:11.132 - INFO - CDS - contig=contig_1, start=17849, stop=19681, strand=-, nt=[ATGACAGAGA..GCTGAAATAG]
11:55:11.132 - INFO - CDS - contig=contig_1, start=19678, stop=20256, strand=-, nt=[ATGAGAAATC..CGCCCAATGA]
11:55:11.132 - INFO - CDS - contig=contig_1, start=20870, stop=23014, strand=-, nt=[ATGTCCAGGC..CAGAGGCTAA]
11:55:11.132 - INFO - CDS - contig=contig_1, start=22998, stop=23927, strand=-, nt=[ATGGCCACTT..GGCGGGATGA]
11:55:11.132 - INFO - CDS - contig=contig_1, start=24125, stop=25048, strand=+, nt=[ATGCTCTCCA..TCTGTTCTAG]
11:55:11.132 - INFO - CDS - contig=contig_1, start=25102, stop=27015, strand=-, nt=[ATGAAAAAAA..CCCGGCATAA]
11:55:11.132 - INFO - CDS - contig=contig_1, start=27122, stop=27874, strand=-, nt=[ATGAAACTGG..CCTTCTGTAA]
11:55:11.132 - INFO - CDS - contig=contig_1, start=27891, stop=30161, strand=-, nt=[GTGCGTAAGC..ATTCAAATGA]
11:55:11.132 - INFO - CDS - contig=contig_1, start=30154, stop=30375, strand=-, nt=[ATGATGTACT..CCGTGCGTAA]
11:55:11.132 - INFO - CDS - contig=contig_1, start=30498, stop=30737, strand=-, nt=[ATGTGCATGA..CCGGGGCTGA]
11:55:11.132 - INFO - CDS - contig=contig_1, start=30807, stop=32303, strand=-, nt=[ATGGGAAATT..CGGCACCTGA]
11:55:11.132 - INFO - CDS - contig=contig_1, start=32312, stop=33175, strand=-, nt=[ATGAAGACCC..GAAAGGCTGA]
11:55:11.132 - INFO - CDS - contig=contig_1, start=33189, stop=33329, strand=-, nt=[ATGATGCGCC..CCTTGGGTAG]
11:55:11.132 - INFO - CDS - contig=contig_1, start=33326, stop=33868, strand=-, nt=[ATGAAACGAA..GCAGAAATGA]
11:55:11.132 - INFO - CDS - contig=contig_1, start=34047, stop=41180, strand=+, nt=[ATGGATCGGA..ATCCGAATGA]
11:55:11.132 - INFO - CDS - contig=contig_1, start=41284, stop=42564, strand=+, nt=[ATGAGCGCTG..GGAGGCGTGA]
11:55:11.132 - INFO - CDS - contig=contig_1, start=42567, stop=43847, strand=+, nt=[ATGGAAGAAA..CGCCCAATGA]
11:55:11.132 - INFO - CDS - contig=contig_1, start=43844, stop=44812, strand=+, nt=[ATGAACACGG..TCCTGCTTGA]
11:55:11.132 - INFO - CDS - contig=contig_1, start=44799, stop=45641, strand=+, nt=[ATGATCCTGC..AGCCCACTGA]
11:55:11.132 - INFO - CDS - contig=contig_1, start=45710, stop=46165, strand=+, nt=[ATGAAGTGTC..GGAGAAGTAA]
11:55:11.132 - INFO - CDS - contig=contig_1, start=46245, stop=46625, strand=-, nt=[ATGAAACGAG..CATTTTATGA]
11:55:11.132 - INFO - CDS - contig=contig_1, start=46622, stop=47302, strand=-, nt=[ATGATCATTG..AGAGAAATGA]
11:55:11.132 - INFO - CDS - contig=contig_1, start=47435, stop=48268, strand=+, nt=[GTGGCGGGGA..GGCGCTTTGA]
11:55:11.132 - INFO - CDS - contig=contig_1, start=48423, stop=49511, strand=+, nt=[ATGAGAGCGA..CGCGCAGTAA]
11:55:11.132 - INFO - CDS - contig=contig_1, start=49511, stop=52786, strand=+, nt=[ATGCCGAAGG..CGGGATCTGA]
11:55:11.132 - INFO - CDS - contig=contig_1, start=52876, stop=54417, strand=+, nt=[ATGTCTCACC..GTGGGAATGA]
11:55:11.132 - INFO - CDS - contig=contig_1, start=54615, stop=55103, strand=-, nt=[ATGGCGATTG..CCTCTTTTGA]
11:55:11.132 - INFO - CDS - contig=contig_1, start=55406, stop=55600, strand=+, nt=[ATGCAGGCAC..GGAGGGCTAA]
11:55:11.133 - INFO - CDS - contig=contig_1, start=55603, stop=56676, strand=+, nt=[ATGGCGGTCT..GGGTAATTAA]
11:55:11.133 - INFO - CDS - contig=contig_1, start=56679, stop=57014, strand=+, nt=[ATGTCAGCAA..TGACCAATGA]
11:55:11.133 - INFO - CDS - contig=contig_1, start=57004, stop=58179, strand=+, nt=[ATGACCAATG..AATCGAGTAA]
11:55:11.133 - INFO - CDS - contig=contig_1, start=58636, stop=58881, strand=+, nt=[ATGAGAAAGA..GTTAGATTGA]
11:55:11.133 - INFO - CDS - contig=contig_1, start=59361, stop=59834, strand=+, nt=[TTGGGCGGAA..TCTCACATAA]
11:55:11.133 - INFO - CDS - contig=contig_1, start=59932, stop=60135, strand=+, nt=[ATGCCAGTCA..AGATGAGTGA]
11:55:11.133 - INFO - CDS - contig=contig_1, start=60180, stop=61166, strand=+, nt=[ATGCAGCGTC..GGTTATTTGA]
11:55:11.133 - INFO - CDS - contig=contig_1, start=61114, stop=61989, strand=+, nt=[ATGGATGCAT..GACTGTATAA]
11:55:11.133 - INFO - CDS - contig=contig_1, start=62467, stop=63606, strand=+, nt=[ATGAATAGTG..TTTGCAATAA]
11:55:11.133 - INFO - CDS - contig=contig_1, start=63634, stop=64152, strand=+, nt=[ATGTATAGTG..AAGCGTGTAA]
11:55:11.133 - INFO - CDS - contig=contig_1, start=64600, stop=64791, strand=-, nt=[TTGCAGGTGG..CCTTATCTGA]
11:55:11.133 - INFO - CDS - contig=contig_1, start=64857, stop=65072, strand=+, nt=[ATGGCCGGTA..AACGGAATAG]
11:55:11.133 - INFO - CDS - contig=contig_1, start=65414, stop=66682, strand=-, nt=[ATGATCCGGA..AAAGAAATGA]
11:55:11.133 - INFO - CDS - contig=contig_1, start=66679, stop=67356, strand=-, nt=[ATGCGGATCC..GACGGTATGA]
11:55:11.133 - INFO - CDS - contig=contig_1, start=67673, stop=67915, strand=+, nt=[GTGGGGCTGG..CAGGGGCTGA]
11:55:11.133 - INFO - CDS - contig=contig_1, start=67981, stop=68436, strand=-, nt=[ATGAACCATT..AGCGGTTTAA]
11:55:11.133 - INFO - CDS - contig=contig_1, start=68629, stop=69390, strand=+, nt=[ATGGGCTCTG..TGGCAAGTAG]
11:55:11.133 - INFO - CDS - contig=contig_1, start=69561, stop=71090, strand=+, nt=[ATGAGTGAGT..GGTGGGCTGA]
11:55:11.133 - INFO - CDS - contig=contig_1, start=71152, stop=72288, strand=+, nt=[GTGAAAACCA..GGCGCAGTGA]
11:55:11.133 - INFO - CDS - contig=contig_1, start=72285, stop=73253, strand=+, nt=[GTGAGCGGAC..CGAGCGCTGA]
11:55:11.133 - INFO - CDS - contig=contig_1, start=73410, stop=73670, strand=+, nt=[ATGGCAGACA..ATTGAAGTGA]
11:55:11.133 - INFO - CDS - contig=contig_1, start=73697, stop=76216, strand=+, nt=[ATGAGACAAA..CATTCGATAA]
11:55:11.133 - INFO - CDS - contig=contig_1, start=76325, stop=77677, strand=+, nt=[ATGTCCACGC..GCGCCGGTAA]
11:55:11.133 - INFO - CDS - contig=contig_1, start=77701, stop=78753, strand=-, nt=[ATGAAAACGA..ATGGACTTGA]
11:55:11.501 - INFO - CDS - contig=contig_2, start=402, stop=806, strand=-, frame=3, truncated=no, start-type=ATG, RBS-motif=GGAG/GAGG
11:55:11.501 - INFO - CDS - contig=contig_2, start=811, stop=1044, strand=-, frame=2, truncated=no, start-type=ATG, RBS-motif=AGGA
11:55:11.501 - INFO - CDS - contig=contig_2, start=1203, stop=1301, strand=-, frame=3, truncated=no, start-type=ATG, RBS-motif=AGxAGG/AGGxGG
11:55:11.501 - INFO - CDS - contig=contig_2, start=1446, stop=1649, strand=-, frame=3, truncated=no, start-type=ATG, RBS-motif=AGGAG
11:55:11.501 - INFO - CDS - contig=contig_2, start=1646, stop=1855, strand=-, frame=1, truncated=no, start-type=GTG, RBS-motif=AGGAGG
11:55:11.501 - INFO - CDS - contig=contig_2, start=2574, stop=5012, strand=-, frame=3, truncated=no, start-type=ATG, RBS-motif=None
11:55:11.501 - INFO - CDS - contig=contig_2, start=5127, stop=5354, strand=+, frame=3, truncated=no, start-type=ATG, RBS-motif=AGGAG
11:55:11.501 - INFO - CDS - contig=contig_2, start=5617, stop=5811, strand=+, frame=1, truncated=no, start-type=ATG, RBS-motif=AGGAG
11:55:11.501 - INFO - CDS - contig=contig_2, start=5861, stop=6856, strand=-, frame=1, truncated=no, start-type=ATG, RBS-motif=AGxAGG/AGGxGG
11:55:11.501 - INFO - CDS - contig=contig_2, start=7246, stop=7485, strand=-, frame=2, truncated=no, start-type=ATG, RBS-motif=GGAG/GAGG
11:55:11.501 - INFO - CDS - contig=contig_2, start=7663, stop=10425, strand=+, frame=1, truncated=no, start-type=ATG, RBS-motif=GGA/GAG/AGG
11:55:11.501 - INFO - CDS - contig=contig_2, start=10493, stop=11302, strand=+, frame=2, truncated=no, start-type=ATG, RBS-motif=AGGAG
11:55:11.501 - INFO - CDS - contig=contig_2, start=11313, stop=12848, strand=+, frame=3, truncated=no, start-type=ATG, RBS-motif=AGGAG
11:55:11.501 - INFO - CDS - contig=contig_2, start=12931, stop=13620, strand=+, frame=1, truncated=no, start-type=ATG, RBS-motif=AGGAGG
11:55:11.502 - INFO - CDS - contig=contig_2, start=14454, stop=14654, strand=+, frame=3, truncated=no, start-type=ATG, RBS-motif=GGAG/GAGG
11:55:11.502 - INFO - CDS - contig=contig_2, start=14611, stop=14817, strand=+, frame=1, truncated=no, start-type=TTG, RBS-motif=AGGAG/GGAGG
11:55:11.502 - INFO - CDS - contig=contig_2, start=15291, stop=15530, strand=+, frame=3, truncated=no, start-type=ATG, RBS-motif=None
11:55:11.502 - INFO - CDS - contig=contig_2, start=15789, stop=16553, strand=-, frame=3, truncated=no, start-type=ATG, RBS-motif=GGA/GAG/AGG
11:55:11.502 - INFO - CDS - contig=contig_2, start=17308, stop=17895, strand=+, frame=1, truncated=no, start-type=ATG, RBS-motif=AGGAGG
11:55:11.502 - INFO - CDS - contig=contig_2, start=17903, stop=18487, strand=-, frame=1, truncated=no, start-type=ATG, RBS-motif=AGGAG
11:55:11.502 - INFO - CDS - contig=contig_2, start=18548, stop=19729, strand=-, frame=1, truncated=no, start-type=ATG, RBS-motif=AGGAG
11:55:11.502 - INFO - CDS - contig=contig_2, start=20077, stop=20637, strand=-, frame=2, truncated=no, start-type=ATG, RBS-motif=AGGAG
11:55:11.502 - INFO - CDS - contig=contig_2, start=20664, stop=21149, strand=-, frame=3, truncated=no, start-type=ATG, RBS-motif=AGGAGG
11:55:11.502 - INFO - CDS - contig=contig_2, start=21162, stop=22070, strand=-, frame=3, truncated=no, start-type=ATG, RBS-motif=AGGAG/GGAGG
11:55:11.502 - INFO - CDS - contig=contig_2, start=22262, stop=23056, strand=+, frame=2, truncated=no, start-type=ATG, RBS-motif=GGAGG
11:55:11.502 - INFO - CDS - contig=contig_2, start=23287, stop=23841, strand=+, frame=1, truncated=no, start-type=ATG, RBS-motif=AGGAGG
11:55:11.502 - INFO - CDS - contig=contig_2, start=23904, stop=24470, strand=+, frame=3, truncated=no, start-type=ATG, RBS-motif=AGGAGG
11:55:11.502 - INFO - CDS - contig=contig_2, start=24541, stop=25212, strand=+, frame=1, truncated=no, start-type=ATG, RBS-motif=AGGAG
11:55:11.502 - INFO - CDS - contig=contig_2, start=25369, stop=26034, strand=+, frame=1, truncated=no, start-type=ATG, RBS-motif=AGxAGG/AGGxGG
11:55:11.502 - INFO - CDS - contig=contig_2, start=26052, stop=29627, strand=+, frame=3, truncated=no, start-type=ATG, RBS-motif=AGGAGG
11:55:11.502 - INFO - CDS - contig=contig_2, start=29645, stop=30217, strand=+, frame=2, truncated=no, start-type=ATG, RBS-motif=AGGAGG
11:55:11.502 - INFO - CDS - contig=contig_2, start=30231, stop=31181, strand=+, frame=3, truncated=no, start-type=ATG, RBS-motif=AGGAGG
11:55:11.503 - INFO - CDS - contig=contig_2, start=31275, stop=31829, strand=+, frame=3, truncated=no, start-type=ATG, RBS-motif=GGA/GAG/AGG
11:55:11.503 - INFO - CDS - contig=contig_2, start=32400, stop=33521, strand=+, frame=3, truncated=no, start-type=ATG, RBS-motif=GGA/GAG/AGG
11:55:11.503 - INFO - CDS - contig=contig_2, start=33584, stop=34084, strand=+, frame=2, truncated=no, start-type=ATG, RBS-motif=GGAGG
11:55:11.503 - INFO - CDS - contig=contig_2, start=34220, stop=38275, strand=+, frame=2, truncated=no, start-type=ATG, RBS-motif=AGxAGG/AGGxGG
11:55:11.503 - INFO - CDS - contig=contig_2, start=38442, stop=39689, strand=-, frame=3, truncated=no, start-type=ATG, RBS-motif=GGAG/GAGG
11:55:11.503 - INFO - CDS - contig=contig_2, start=39759, stop=40580, strand=-, frame=3, truncated=no, start-type=ATG, RBS-motif=AGGAGG
11:55:11.503 - INFO - CDS - contig=contig_2, start=40684, stop=41319, strand=+, frame=1, truncated=no, start-type=ATG, RBS-motif=4Base/6BMM
11:55:11.503 - INFO - CDS - contig=contig_2, start=41337, stop=42530, strand=+, frame=3, truncated=no, start-type=ATG, RBS-motif=AGGAGG
11:55:11.503 - INFO - CDS - contig=contig_2, start=42673, stop=43446, strand=+, frame=1, truncated=no, start-type=ATG, RBS-motif=AGGAG
11:55:11.503 - INFO - CDS - contig=contig_2, start=43513, stop=45027, strand=+, frame=1, truncated=no, start-type=ATG, RBS-motif=GGAG/GAGG
11:55:11.503 - INFO - CDS - contig=contig_2, start=45158, stop=46462, strand=+, frame=2, truncated=no, start-type=ATG, RBS-motif=AGGAG
11:55:11.503 - INFO - CDS - contig=contig_2, start=46522, stop=48438, strand=-, frame=2, truncated=no, start-type=ATG, RBS-motif=AGGAGG
11:55:11.503 - INFO - CDS - contig=contig_2, start=48752, stop=51376, strand=-, frame=1, truncated=no, start-type=ATG, RBS-motif=AGGAG
11:55:11.503 - INFO - CDS - contig=contig_2, start=51979, stop=52755, strand=-, frame=2, truncated=no, start-type=ATG, RBS-motif=AGGAGG
11:55:11.503 - INFO - CDS - contig=contig_2, start=53067, stop=54029, strand=+, frame=3, truncated=no, start-type=ATG, RBS-motif=AGGAGG
11:55:11.503 - INFO - CDS - contig=contig_2, start=54091, stop=54378, strand=+, frame=1, truncated=no, start-type=ATG, RBS-motif=AGGAG
11:55:11.504 - INFO - CDS - contig=contig_2, start=54394, stop=55557, strand=+, frame=1, truncated=no, start-type=ATG, RBS-motif=AGGAGG
11:55:11.504 - INFO - CDS - contig=contig_2, start=55576, stop=56448, strand=+, frame=1, truncated=no, start-type=ATG, RBS-motif=GGAGG
11:55:11.504 - INFO - CDS - contig=contig_2, start=56470, stop=57360, strand=+, frame=1, truncated=no, start-type=ATG, RBS-motif=GGAG/GAGG
11:55:11.504 - INFO - CDS - contig=contig_2, start=57950, stop=58810, strand=-, frame=1, truncated=no, start-type=ATG, RBS-motif=GGA/GAG/AGG
11:55:11.504 - INFO - CDS - contig=contig_2, start=58825, stop=59991, strand=-, frame=2, truncated=no, start-type=ATG, RBS-motif=GGA/GAG/AGG
11:55:11.504 - INFO - CDS - contig=contig_2, start=60096, stop=60986, strand=-, frame=3, truncated=no, start-type=ATG, RBS-motif=AGGAGG
11:55:11.504 - INFO - CDS - contig=contig_2, start=61044, stop=61832, strand=-, frame=3, truncated=no, start-type=TTG, RBS-motif=GGAG/GAGG
11:55:11.504 - INFO - CDS - contig=contig_2, start=62008, stop=63966, strand=+, frame=1, truncated=no, start-type=ATG, RBS-motif=AGxAGG/AGGxGG
11:55:11.504 - INFO - CDS - contig=contig_2, start=64251, stop=65945, strand=+, frame=3, truncated=no, start-type=ATG, RBS-motif=GGAG/GAGG
11:55:11.504 - INFO - CDS - contig=contig_2, start=65996, stop=67339, strand=+, frame=2, truncated=no, start-type=ATG, RBS-motif=AGGAGG
11:55:11.504 - INFO - CDS - contig=contig_2, start=67373, stop=67927, strand=+, frame=2, truncated=no, start-type=ATG, RBS-motif=4Base/6BMM
11:55:11.504 - INFO - CDS - contig=contig_2, start=67924, stop=68322, strand=+, frame=1, truncated=no, start-type=ATG, RBS-motif=None
11:55:11.504 - INFO - CDS - contig=contig_2, start=69025, stop=70182, strand=-, frame=2, truncated=no, start-type=ATG, RBS-motif=GGA/GAG/AGG
11:55:11.504 - INFO - CDS - contig=contig_2, start=70246, stop=71229, strand=-, frame=2, truncated=no, start-type=ATG, RBS-motif=AGGAGG
11:55:11.504 - INFO - CDS - contig=contig_2, start=71364, stop=71903, strand=+, frame=3, truncated=no, start-type=ATG, RBS-motif=GGAG/GAGG
11:55:11.504 - INFO - CDS - contig=contig_2, start=71982, stop=72263, strand=+, frame=3, truncated=no, start-type=ATG, RBS-motif=AGxAGG/AGGxGG
11:55:11.504 - INFO - CDS - contig=contig_2, start=72758, stop=73033, strand=+, frame=2, truncated=no, start-type=ATG, RBS-motif=AGGAGG
11:55:11.505 - INFO - CDS - contig=contig_2, start=73069, stop=73533, strand=+, frame=1, truncated=no, start-type=TTG, RBS-motif=AGGA
11:55:11.505 - INFO - CDS - contig=contig_2, start=73591, stop=75033, strand=-, frame=2, truncated=no, start-type=ATG, RBS-motif=GGAGG
11:55:11.505 - INFO - CDS - contig=contig_2, start=75216, stop=76424, strand=-, frame=3, truncated=no, start-type=ATG, RBS-motif=AGGAG
11:55:11.505 - INFO - CDS - contig=contig_2, start=76421, stop=77803, strand=-, frame=1, truncated=no, start-type=ATG, RBS-motif=AGGAGG
11:55:11.505 - INFO - CDS - contig=contig_2, start=77834, stop=79258, strand=-, frame=1, truncated=no, start-type=GTG, RBS-motif=AGGAGG
11:55:11.505 - INFO - CDS - contig=contig_2, start=79521, stop=80591, strand=-, frame=3, truncated=no, start-type=ATG, RBS-motif=GGA/GAG/AGG
11:55:11.505 - INFO - CDS - contig=contig_2, start=80591, stop=80965, strand=-, frame=1, truncated=no, start-type=ATG, RBS-motif=AGGAG
11:55:11.505 - INFO - CDS - contig=contig_2, start=81049, stop=82359, strand=-, frame=2, truncated=no, start-type=ATG, RBS-motif=GGAG/GAGG
11:55:11.505 - INFO - CDS - contig=contig_2, start=82482, stop=83060, strand=+, frame=3, truncated=no, start-type=ATG, RBS-motif=AGGAG
11:55:11.505 - INFO - CDS - contig=contig_2, start=83076, stop=83345, strand=+, frame=3, truncated=no, start-type=ATG, RBS-motif=AGGAGG
11:55:11.505 - INFO - CDS - contig=contig_2, start=83356, stop=84720, strand=+, frame=1, truncated=no, start-type=ATG, RBS-motif=GGAG/GAGG
11:55:11.505 - INFO - CDS - contig=contig_2, start=84884, stop=86218, strand=+, frame=2, truncated=no, start-type=ATG, RBS-motif=AGGAGG
11:55:11.505 - INFO - CDS - contig=contig_2, start=86377, stop=86790, strand=+, frame=1, truncated=no, start-type=ATG, RBS-motif=AGGAG
11:55:11.505 - INFO - CDS - contig=contig_2, start=86851, stop=87435, strand=-, frame=2, truncated=no, start-type=GTG, RBS-motif=GGAG/GAGG
11:55:11.505 - INFO - CDS - contig=contig_2, start=87554, stop=89785, strand=-, frame=1, truncated=no, start-type=ATG, RBS-motif=GGAGG
11:55:11.505 - INFO - CDS - contig=contig_2, start=89782, stop=90864, strand=-, frame=2, truncated=no, start-type=ATG, RBS-motif=AGGAG
11:55:11.506 - INFO - CDS - contig=contig_2, start=90910, stop=91689, strand=-, frame=2, truncated=no, start-type=ATG, RBS-motif=GGAGG
11:55:11.506 - INFO - CDS - contig=contig_2, start=91833, stop=93503, strand=+, frame=3, truncated=no, start-type=ATG, RBS-motif=AGGAG
11:55:11.506 - INFO - CDS - contig=contig_2, start=93641, stop=95554, strand=+, frame=2, truncated=no, start-type=ATG, RBS-motif=AGGAGG
11:55:11.506 - INFO - CDS - contig=contig_2, start=95746, stop=97119, strand=-, frame=2, truncated=no, start-type=ATG, RBS-motif=AGGAG
11:55:11.506 - INFO - CDS - contig=contig_2, start=97189, stop=97593, strand=+, frame=1, truncated=no, start-type=ATG, RBS-motif=GGA/GAG/AGG
11:55:11.506 - INFO - CDS - contig=contig_2, start=97590, stop=98276, strand=+, frame=3, truncated=no, start-type=ATG, RBS-motif=GGAGG
11:55:11.506 - INFO - CDS - contig=contig_2, start=98326, stop=99762, strand=+, frame=1, truncated=no, start-type=ATG, RBS-motif=AGxAGG/AGGxGG
11:55:11.506 - INFO - CDS - contig=contig_2, start=99759, stop=100682, strand=+, frame=3, truncated=no, start-type=ATG, RBS-motif=GGAGG
11:55:11.506 - INFO - CDS - contig=contig_2, start=100820, stop=102103, strand=+, frame=2, truncated=no, start-type=ATG, RBS-motif=AGGA
11:55:11.506 - INFO - CDS - contig=contig_2, start=102208, stop=104709, strand=+, frame=1, truncated=no, start-type=ATG, RBS-motif=GGAG/GAGG
11:55:11.506 - INFO - CDS - contig=contig_2, start=104795, stop=106405, strand=-, frame=1, truncated=no, start-type=ATG, RBS-motif=GGAGG
11:55:11.506 - INFO - CDS - contig=contig_2, start=106659, stop=108140, strand=-, frame=3, truncated=no, start-type=ATG, RBS-motif=GGA/GAG/AGG
11:55:11.506 - INFO - CDS - contig=contig_2, start=108236, stop=109006, strand=+, frame=2, truncated=no, start-type=ATG, RBS-motif=GGAGG
11:55:11.506 - INFO - CDS - contig=contig_2, start=109075, stop=109164, strand=-, frame=2, truncated=no, start-type=ATG, RBS-motif=None
11:55:11.506 - INFO - CDS - contig=contig_2, start=109161, stop=109403, strand=-, frame=3, truncated=no, start-type=ATG, RBS-motif=GGA/GAG/AGG
11:55:11.506 - INFO - CDS - contig=contig_2, start=109682, stop=110815, strand=-, frame=1, truncated=no, start-type=ATG, RBS-motif=AGGAGG
11:55:11.507 - INFO - CDS - contig=contig_2, start=110828, stop=112231, strand=-, frame=1, truncated=no, start-type=ATG, RBS-motif=GGxGG
11:55:11.507 - INFO - CDS - contig=contig_2, start=112358, stop=113029, strand=-, frame=1, truncated=no, start-type=ATG, RBS-motif=AGGAG
11:55:11.507 - INFO - CDS - contig=contig_2, start=113124, stop=114383, strand=-, frame=3, truncated=no, start-type=ATG, RBS-motif=GGA/GAG/AGG
11:55:11.507 - INFO - CDS - contig=contig_2, start=114380, stop=116467, strand=-, frame=1, truncated=no, start-type=ATG, RBS-motif=GGAG/GAGG
11:55:11.507 - INFO - CDS - contig=contig_2, start=116589, stop=116825, strand=-, frame=3, truncated=no, start-type=GTG, RBS-motif=AGGA
11:55:11.507 - INFO - CDS - contig=contig_2, start=116955, stop=118130, strand=-, frame=3, truncated=no, start-type=ATG, RBS-motif=AGGAG/GGAGG
11:55:11.507 - INFO - CDS - contig=contig_2, start=118243, stop=118857, strand=+, frame=1, truncated=no, start-type=ATG, RBS-motif=GGxGG
11:55:11.507 - INFO - CDS - contig=contig_2, start=118930, stop=120117, strand=-, frame=2, truncated=no, start-type=ATG, RBS-motif=AGGAGG
11:55:11.507 - INFO - CDS - contig=contig_2, start=120195, stop=121058, strand=-, frame=3, truncated=no, start-type=ATG, RBS-motif=AGGAGG
11:55:11.507 - INFO - CDS - contig=contig_2, start=121230, stop=121910, strand=-, frame=3, truncated=no, start-type=GTG, RBS-motif=GGAGG
11:55:11.507 - INFO - CDS - contig=contig_2, start=121903, stop=122931, strand=-, frame=2, truncated=no, start-type=ATG, RBS-motif=GGAG/GAGG
11:55:11.507 - INFO - CDS - contig=contig_2, start=123950, stop=131620, strand=-, frame=1, truncated=no, start-type=ATG, RBS-motif=AGGAG
11:55:11.507 - INFO - CDS - contig=contig_2, start=132009, stop=132323, strand=-, frame=3, truncated=no, start-type=ATG, RBS-motif=GGAGG
11:55:11.507 - INFO - CDS - contig=contig_2, start=132361, stop=134745, strand=-, frame=2, truncated=no, start-type=ATG, RBS-motif=GGA/GAG/AGG
11:55:11.507 - INFO - CDS - contig=contig_2, start=135409, stop=135897, strand=+, frame=1, truncated=no, start-type=ATG, RBS-motif=AGGAGG
11:55:11.508 - INFO - CDS - contig=contig_2, start=136177, stop=136629, strand=+, frame=1, truncated=no, start-type=ATG, RBS-motif=None
11:55:11.508 - INFO - CDS - contig=contig_2, start=136589, stop=137020, strand=+, frame=2, truncated=no, start-type=GTG, RBS-motif=4Base/6BMM
11:55:11.508 - INFO - CDS - contig=contig_2, start=137505, stop=138131, strand=-, frame=3, truncated=no, start-type=ATG, RBS-motif=GGAG/GAGG
11:55:11.508 - INFO - CDS - contig=contig_2, start=138428, stop=139750, strand=+, frame=2, truncated=no, start-type=ATG, RBS-motif=AGGAGG
11:55:11.508 - INFO - CDS - contig=contig_2, start=139951, stop=140802, strand=+, frame=1, truncated=no, start-type=ATG, RBS-motif=GGAGG
11:55:11.508 - INFO - CDS - contig=contig_2, start=140802, stop=141644, strand=+, frame=3, truncated=no, start-type=ATG, RBS-motif=AGGAGG
11:55:11.508 - INFO - CDS - contig=contig_2, start=141743, stop=142768, strand=+, frame=2, truncated=no, start-type=ATG, RBS-motif=AGGAGG
11:55:11.508 - INFO - CDS - contig=contig_2, start=142783, stop=143874, strand=+, frame=1, truncated=no, start-type=ATG, RBS-motif=AGGAGG
11:55:11.508 - INFO - CDS - contig=contig_2, start=143889, stop=144113, strand=+, frame=3, truncated=no, start-type=ATG, RBS-motif=AGGAG
11:55:11.508 - INFO - CDS - contig=contig_2, start=144129, stop=145613, strand=+, frame=3, truncated=no, start-type=ATG, RBS-motif=GGA/GAG/AGG
11:55:11.508 - INFO - CDS - contig=contig_2, start=145840, stop=146145, strand=+, frame=1, truncated=no, start-type=ATG, RBS-motif=AGGAG
11:55:11.508 - INFO - CDS - contig=contig_2, start=146592, stop=146759, strand=+, frame=3, truncated=no, start-type=ATG, RBS-motif=AGGA
11:55:11.508 - INFO - CDS - contig=contig_2, start=146925, stop=147944, strand=-, frame=3, truncated=no, start-type=ATG, RBS-motif=AGGAG
11:55:11.508 - INFO - CDS - contig=contig_2, start=148040, stop=148597, strand=-, frame=1, truncated=no, start-type=ATG, RBS-motif=AGGAGG
11:55:11.508 - INFO - CDS - contig=contig_2, start=148614, stop=150323, strand=-, frame=3, truncated=no, start-type=ATG, RBS-motif=AGGAGG
11:55:11.508 - INFO - CDS - contig=contig_2, start=150897, stop=152252, strand=+, frame=3, truncated=no, start-type=ATG, RBS-motif=GGAG/GAGG
11:55:11.508 - INFO - CDS - contig=contig_2, start=152249, stop=153310, strand=+, frame=2, truncated=no, start-type=ATG, RBS-motif=AGGAGG
11:55:11.509 - INFO - CDS - contig=contig_2, start=153307, stop=153861, strand=+, frame=1, truncated=no, start-type=ATG, RBS-motif=AGxAGG/AGGxGG
11:55:11.509 - INFO - CDS - contig=contig_2, start=153875, stop=154522, strand=+, frame=2, truncated=no, start-type=ATG, RBS-motif=AGGAGG
11:55:11.509 - INFO - CDS - contig=contig_2, start=154522, stop=155109, strand=+, frame=1, truncated=no, start-type=ATG, RBS-motif=AGGAGG
11:55:11.509 - INFO - CDS - contig=contig_2, start=155123, stop=156037, strand=+, frame=2, truncated=no, start-type=ATG, RBS-motif=AGxAGG/AGGxGG
11:55:11.509 - INFO - CDS - contig=contig_2, start=156115, stop=156954, strand=-, frame=2, truncated=no, start-type=ATG, RBS-motif=GGAG/GAGG
11:55:11.509 - INFO - CDS - contig=contig_2, start=157052, stop=157804, strand=-, frame=1, truncated=no, start-type=ATG, RBS-motif=GGA/GAG/AGG
11:55:11.509 - INFO - CDS - contig=contig_2, start=157804, stop=158301, strand=-, frame=2, truncated=no, start-type=ATG, RBS-motif=AGGAG
11:55:11.509 - INFO - CDS - contig=contig_2, start=158356, stop=158586, strand=-, frame=2, truncated=no, start-type=ATG, RBS-motif=GGAGG
11:55:11.509 - INFO - CDS - contig=contig_2, start=158604, stop=158843, strand=-, frame=3, truncated=no, start-type=ATG, RBS-motif=GGAGG
11:55:11.509 - INFO - CDS - contig=contig_2, start=158913, stop=160280, strand=-, frame=3, truncated=no, start-type=ATG, RBS-motif=AGGAG
11:55:11.509 - INFO - CDS - contig=contig_2, start=160285, stop=160653, strand=-, frame=2, truncated=no, start-type=GTG, RBS-motif=GGAGG
11:55:11.509 - INFO - CDS - contig=contig_2, start=160780, stop=161871, strand=-, frame=2, truncated=no, start-type=ATG, RBS-motif=AGGAG
11:55:11.509 - INFO - CDS - contig=contig_2, start=162082, stop=162624, strand=+, frame=1, truncated=no, start-type=ATG, RBS-motif=AGGAGG
11:55:11.509 - INFO - CDS - contig=contig_2, start=162870, stop=163136, strand=+, frame=3, truncated=no, start-type=GTG, RBS-motif=AGGAGG
11:55:11.509 - INFO - CDS - contig=contig_2, start=163207, stop=165084, strand=-, frame=2, truncated=no, start-type=ATG, RBS-motif=AGGAG/GGAGG
11:55:11.509 - INFO - CDS - contig=contig_2, start=165101, stop=166333, strand=-, frame=1, truncated=no, start-type=ATG, RBS-motif=AGxAGG/AGGxGG
11:55:11.509 - INFO - CDS - contig=contig_2, start=166330, stop=167079, strand=-, frame=2, truncated=no, start-type=TTG, RBS-motif=GGAGG
11:55:11.510 - INFO - CDS - contig=contig_2, start=167084, stop=168790, strand=-, frame=1, truncated=no, start-type=ATG, RBS-motif=AGGAG
11:55:11.510 - INFO - CDS - contig=contig_2, start=168886, stop=169113, strand=-, frame=2, truncated=no, start-type=ATG, RBS-motif=AGGAGG
11:55:11.510 - INFO - CDS - contig=contig_2, start=169264, stop=169977, strand=+, frame=1, truncated=no, start-type=ATG, RBS-motif=GGAGG
11:55:11.510 - INFO - CDS - contig=contig_2, start=170093, stop=170638, strand=-, frame=1, truncated=no, start-type=GTG, RBS-motif=GGA/GAG/AGG
11:55:11.510 - INFO - CDS - contig=contig_2, start=170672, stop=170869, strand=-, frame=1, truncated=no, start-type=ATG, RBS-motif=AGxAGG/AGGxGG
11:55:11.510 - INFO - CDS - contig=contig_2, start=170950, stop=172164, strand=-, frame=2, truncated=no, start-type=ATG, RBS-motif=GGAG/GAGG
11:55:11.510 - INFO - CDS - contig=contig_2, start=172350, stop=174485, strand=-, frame=3, truncated=no, start-type=ATG, RBS-motif=AGxAGG/AGGxGG
11:55:11.510 - INFO - CDS - contig=contig_2, start=174711, stop=175487, strand=+, frame=3, truncated=no, start-type=ATG, RBS-motif=AGxAGG/AGGxGG
11:55:11.510 - INFO - CDS - contig=contig_2, start=175529, stop=177748, strand=+, frame=2, truncated=no, start-type=ATG, RBS-motif=GGA/GAG/AGG
11:55:11.510 - INFO - CDS - contig=contig_2, start=177804, stop=178130, strand=-, frame=3, truncated=no, start-type=TTG, RBS-motif=AGxAGG/AGGxGG
11:55:11.510 - INFO - CDS - contig=contig_2, start=178299, stop=178544, strand=+, frame=3, truncated=no, start-type=ATG, RBS-motif=AGGAG
11:55:11.510 - INFO - CDS - contig=contig_2, start=178909, stop=180669, strand=+, frame=1, truncated=no, start-type=ATG, RBS-motif=AGGAGG
11:55:11.510 - INFO - CDS - contig=contig_2, start=181069, stop=182382, strand=-, frame=2, truncated=no, start-type=TTG, RBS-motif=AGxAGG/AGGxGG
11:55:11.511 - INFO - CDS - contig=contig_2, start=182639, stop=183706, strand=+, frame=2, truncated=no, start-type=ATG, RBS-motif=AGGAGG
11:55:11.511 - INFO - CDS - contig=contig_2, start=183752, stop=184780, strand=-, frame=1, truncated=no, start-type=ATG, RBS-motif=GGAGG
11:55:11.511 - INFO - CDS - contig=contig_2, start=184785, stop=185951, strand=-, frame=3, truncated=no, start-type=ATG, RBS-motif=AGGAG
11:55:11.511 - INFO - CDS - contig=contig_2, start=186052, stop=186582, strand=-, frame=2, truncated=no, start-type=ATG, RBS-motif=AGGAG
11:55:11.511 - INFO - CDS - contig=contig_2, start=186734, stop=186937, strand=-, frame=1, truncated=no, start-type=ATG, RBS-motif=AGGAG
11:55:11.511 - INFO - CDS - contig=contig_2, start=187151, stop=187567, strand=-, frame=1, truncated=no, start-type=ATG, RBS-motif=AGxAGG/AGGxGG
11:55:11.511 - INFO - CDS - contig=contig_2, start=187769, stop=188587, strand=+, frame=2, truncated=no, start-type=ATG, RBS-motif=GGAG/GAGG
11:55:11.511 - INFO - CDS - contig=contig_2, start=188714, stop=189160, strand=+, frame=2, truncated=no, start-type=ATG, RBS-motif=GGAG/GAGG
11:55:11.511 - INFO - CDS - contig=contig_2, start=189242, stop=190990, strand=+, frame=2, truncated=no, start-type=ATG, RBS-motif=AGGAG
11:55:11.511 - INFO - CDS - contig=contig_2, start=191303, stop=192583, strand=+, frame=2, truncated=no, start-type=ATG, RBS-motif=GGAGG
11:55:11.511 - INFO - CDS - contig=contig_2, start=192783, stop=193991, strand=+, frame=3, truncated=no, start-type=ATG, RBS-motif=AGGAG
11:55:11.511 - INFO - CDS - contig=contig_2, start=194169, stop=194795, strand=+, frame=3, truncated=no, start-type=GTG, RBS-motif=GGAGG
11:55:11.511 - INFO - CDS - contig=contig_2, start=194792, stop=195397, strand=+, frame=2, truncated=no, start-type=ATG, RBS-motif=GGAGG
11:55:11.511 - INFO - CDS - contig=contig_2, start=195394, stop=196023, strand=+, frame=1, truncated=no, start-type=GTG, RBS-motif=GGxGG
11:55:11.511 - INFO - CDS - contig=contig_2, start=196040, stop=196873, strand=+, frame=2, truncated=no, start-type=ATG, RBS-motif=AGGAGG
11:55:11.511 - INFO - CDS - contig=contig_2, start=197069, stop=197311, strand=-, frame=1, truncated=no, start-type=GTG, RBS-motif=AGGAG
11:55:11.511 - INFO - CDS - contig=contig_2, start=197510, stop=198088, strand=+, frame=2, truncated=no, start-type=ATG, RBS-motif=AGGAGG
11:55:11.512 - INFO - CDS - contig=contig_2, start=198091, stop=198612, strand=+, frame=1, truncated=no, start-type=ATG, RBS-motif=GGAGG
11:55:11.512 - INFO - CDS - contig=contig_2, start=198683, stop=199600, strand=+, frame=2, truncated=no, start-type=ATG, RBS-motif=GGA/GAG/AGG
11:55:11.512 - INFO - CDS - contig=contig_2, start=199693, stop=200121, strand=-, frame=2, truncated=no, start-type=ATG, RBS-motif=AGGAGG
11:55:11.512 - INFO - CDS - contig=contig_2, start=200428, stop=201444, strand=+, frame=1, truncated=no, start-type=ATG, RBS-motif=AGGAG
11:55:11.512 - INFO - CDS - contig=contig_2, start=201478, stop=202338, strand=+, frame=1, truncated=no, start-type=GTG, RBS-motif=GGAGG
11:55:11.512 - INFO - CDS - contig=contig_2, start=202411, stop=203484, strand=-, frame=2, truncated=no, start-type=GTG, RBS-motif=GGA/GAG/AGG
11:55:11.512 - INFO - CDS - contig=contig_2, start=203595, stop=203879, strand=-, frame=3, truncated=no, start-type=ATG, RBS-motif=AGGAGG
11:55:11.512 - INFO - CDS - contig=contig_2, start=204001, stop=205044, strand=+, frame=1, truncated=no, start-type=ATG, RBS-motif=AGGA
11:55:11.512 - INFO - CDS - contig=contig_2, start=205069, stop=205794, strand=+, frame=1, truncated=no, start-type=GTG, RBS-motif=AGGA/GGAG/GAGG
11:55:11.512 - INFO - CDS - contig=contig_2, start=205755, stop=206342, strand=+, frame=3, truncated=no, start-type=ATG, RBS-motif=GGAG/GAGG
11:55:11.512 - INFO - CDS - contig=contig_2, start=206418, stop=207734, strand=-, frame=3, truncated=no, start-type=ATG, RBS-motif=AGxAGG/AGGxGG
11:55:11.512 - INFO - CDS - contig=contig_2, start=207754, stop=208662, strand=-, frame=2, truncated=no, start-type=TTG, RBS-motif=GGAG/GAGG
11:55:11.512 - INFO - CDS - contig=contig_2, start=208666, stop=209541, strand=-, frame=2, truncated=no, start-type=ATG, RBS-motif=GGAGG
11:55:11.512 - INFO - CDS - contig=contig_2, start=209543, stop=210511, strand=-, frame=1, truncated=no, start-type=ATG, RBS-motif=AGGAGG
11:55:11.512 - INFO - CDS - contig=contig_2, start=210537, stop=210875, strand=-, frame=3, truncated=no, start-type=ATG, RBS-motif=AGGAGG
11:55:11.512 - INFO - CDS - contig=contig_2, start=210969, stop=213359, strand=-, frame=3, truncated=no, start-type=TTG, RBS-motif=GGAGG
11:55:11.512 - INFO - CDS - contig=contig_2, start=213468, stop=213929, strand=-, frame=3, truncated=no, start-type=ATG, RBS-motif=AGGAG/GGAGG
11:55:11.513 - INFO - CDS - contig=contig_2, start=213922, stop=214197, strand=-, frame=2, truncated=no, start-type=ATG, RBS-motif=AGGAG
11:55:11.513 - INFO - CDS - contig=contig_2, start=214271, stop=215416, strand=-, frame=1, truncated=no, start-type=ATG, RBS-motif=AGGAG
11:55:11.513 - INFO - CDS - contig=contig_2, start=215440, stop=215895, strand=-, frame=2, truncated=no, start-type=ATG, RBS-motif=4Base/6BMM
11:55:11.513 - INFO - CDS - contig=contig_2, start=216343, stop=217731, strand=+, frame=1, truncated=no, start-type=ATG, RBS-motif=AGGAG
11:55:11.513 - INFO - CDS - contig=contig_2, start=218113, stop=219492, strand=+, frame=1, truncated=no, start-type=ATG, RBS-motif=AGGAGG
11:55:11.513 - INFO - CDS - contig=contig_2, start=219711, stop=220358, strand=+, frame=3, truncated=no, start-type=ATG, RBS-motif=GGAGG
11:55:11.513 - INFO - CDS - contig=contig_2, start=220445, stop=222523, strand=-, frame=1, truncated=no, start-type=ATG, RBS-motif=AGGAG
11:55:11.513 - INFO - CDS - contig=contig_2, start=222732, stop=223523, strand=-, frame=3, truncated=no, start-type=ATG, RBS-motif=AGGAGG
11:55:11.513 - INFO - CDS - contig=contig_2, start=223548, stop=224138, strand=-, frame=3, truncated=no, start-type=ATG, RBS-motif=GGA/GAG/AGG
11:55:11.513 - INFO - CDS - contig=contig_2, start=224196, stop=225182, strand=-, frame=3, truncated=no, start-type=TTG, RBS-motif=AGGAG
11:55:11.513 - INFO - CDS - contig=contig_2, start=225385, stop=227721, strand=+, frame=1, truncated=no, start-type=ATG, RBS-motif=AGGAGG
11:55:11.513 - INFO - CDS - contig=contig_2, start=227940, stop=228596, strand=+, frame=3, truncated=no, start-type=ATG, RBS-motif=AGxAGG/AGGxGG
11:55:11.513 - INFO - CDS - contig=contig_2, start=229303, stop=229689, strand=+, frame=1, truncated=no, start-type=ATG, RBS-motif=GGAG/GAGG
11:55:11.513 - INFO - CDS - contig=contig_2, start=229839, stop=231143, strand=-, frame=3, truncated=no, start-type=ATG, RBS-motif=GGA/GAG/AGG
11:55:11.513 - INFO - CDS - contig=contig_2, start=231214, stop=231501, strand=-, frame=2, truncated=no, start-type=ATG, RBS-motif=GGAGG
11:55:11.513 - INFO - CDS - contig=contig_2, start=231691, stop=233142, strand=-, frame=2, truncated=no, start-type=ATG, RBS-motif=AGGA
11:55:11.513 - INFO - CDS - contig=contig_2, start=233283, stop=234692, strand=-, frame=3, truncated=no, start-type=GTG, RBS-motif=AGGA
11:55:11.514 - INFO - CDS - contig=contig_2, start=235025, stop=236485, strand=-, frame=1, truncated=no, start-type=ATG, RBS-motif=AGGAGG
11:55:11.514 - INFO - CDS - contig=contig_2, start=236537, stop=237733, strand=-, frame=1, truncated=no, start-type=ATG, RBS-motif=GGAGG
11:55:11.514 - INFO - CDS - contig=contig_2, start=237925, stop=238608, strand=+, frame=1, truncated=no, start-type=ATG, RBS-motif=GGAG/GAGG
11:55:11.514 - INFO - CDS - contig=contig_2, start=238827, stop=239870, strand=+, frame=3, truncated=no, start-type=ATG, RBS-motif=AGxAGG/AGGxGG
11:55:11.514 - INFO - CDS - contig=contig_2, start=240000, stop=241070, strand=+, frame=3, truncated=no, start-type=ATG, RBS-motif=AGGAGG
11:55:11.514 - INFO - CDS - contig=contig_2, start=241204, stop=241725, strand=+, frame=1, truncated=no, start-type=ATG, RBS-motif=AGGAGG
11:55:11.514 - INFO - CDS - contig=contig_2, start=241742, stop=243085, strand=+, frame=2, truncated=no, start-type=ATG, RBS-motif=AGGAGG
11:55:11.514 - INFO - CDS - contig=contig_2, start=243145, stop=244122, strand=+, frame=1, truncated=no, start-type=ATG, RBS-motif=AGGA
11:55:11.514 - INFO - CDS - contig=contig_2, start=244197, stop=245210, strand=+, frame=3, truncated=no, start-type=ATG, RBS-motif=GGAGG
11:55:11.514 - INFO - CDS - contig=contig_2, start=245224, stop=245985, strand=+, frame=1, truncated=no, start-type=ATG, RBS-motif=AGGAGG
11:55:11.514 - INFO - CDS - contig=contig_2, start=246194, stop=246553, strand=+, frame=2, truncated=no, start-type=ATG, RBS-motif=AGGAG
11:55:11.514 - INFO - CDS - contig=contig_2, start=246569, stop=247411, strand=+, frame=2, truncated=no, start-type=ATG, RBS-motif=AGGAGG
11:55:11.514 - INFO - CDS - contig=contig_2, start=247491, stop=248291, strand=+, frame=3, truncated=no, start-type=ATG, RBS-motif=AGGA
11:55:11.514 - INFO - CDS - contig=contig_2, start=248305, stop=249264, strand=+, frame=1, truncated=no, start-type=ATG, RBS-motif=AGxAGG/AGGxGG
11:55:11.514 - INFO - CDS - contig=contig_2, start=249279, stop=249914, strand=+, frame=3, truncated=no, start-type=ATG, RBS-motif=AGGAG
11:55:11.514 - INFO - CDS - contig=contig_2, start=249961, stop=250638, strand=-, frame=2, truncated=no, start-type=ATG, RBS-motif=AGGAG
11:55:11.514 - INFO - CDS - contig=contig_2, start=250827, stop=252638, strand=+, frame=3, truncated=no, start-type=ATG, RBS-motif=GGA/GAG/AGG
11:55:11.515 - INFO - CDS - contig=contig_2, start=252713, stop=253621, strand=-, frame=1, truncated=no, start-type=ATG, RBS-motif=AGGA
11:55:11.515 - INFO - CDS - contig=contig_2, start=253649, stop=254332, strand=-, frame=1, truncated=no, start-type=ATG, RBS-motif=AGxAGG/AGGxGG
11:55:11.515 - INFO - CDS - contig=contig_2, start=254416, stop=256170, strand=+, frame=1, truncated=no, start-type=ATG, RBS-motif=AGxAGG/AGGxGG
11:55:11.515 - INFO - CDS - contig=contig_2, start=256398, stop=256877, strand=+, frame=3, truncated=no, start-type=GTG, RBS-motif=AGxAGG/AGGxGG
11:55:11.515 - INFO - CDS - contig=contig_2, start=256882, stop=257238, strand=+, frame=1, truncated=no, start-type=ATG, RBS-motif=GGAGG
11:55:11.515 - INFO - CDS - contig=contig_2, start=257235, stop=258296, strand=+, frame=3, truncated=no, start-type=ATG, RBS-motif=GGAGG
11:55:11.515 - INFO - CDS - contig=contig_2, start=258368, stop=259408, strand=+, frame=2, truncated=no, start-type=ATG, RBS-motif=GGAG/GAGG
11:55:11.515 - INFO - CDS - contig=contig_2, start=259426, stop=260736, strand=+, frame=1, truncated=no, start-type=ATG, RBS-motif=GGAG/GAGG
11:55:11.515 - INFO - CDS - contig=contig_2, start=260733, stop=261704, strand=+, frame=3, truncated=no, start-type=GTG, RBS-motif=AGGAGG
11:55:11.515 - INFO - CDS - contig=contig_2, start=261701, stop=262240, strand=+, frame=2, truncated=no, start-type=ATG, RBS-motif=AGGAGG
11:55:11.515 - INFO - CDS - contig=contig_2, start=262237, stop=262671, strand=+, frame=1, truncated=no, start-type=ATG, RBS-motif=GGxGG
11:55:11.515 - INFO - CDS - contig=contig_2, start=263156, stop=264778, strand=-, frame=1, truncated=no, start-type=ATG, RBS-motif=GGA/GAG/AGG
11:55:11.515 - INFO - CDS - contig=contig_2, start=264854, stop=265066, strand=-, frame=1, truncated=no, start-type=ATG, RBS-motif=AGGAGG
11:55:11.515 - INFO - CDS - contig=contig_2, start=265695, stop=266114, strand=-, frame=3, truncated=no, start-type=ATG, RBS-motif=GGAGG
11:55:11.515 - INFO - CDS - contig=contig_2, start=266850, stop=267635, strand=-, frame=3, truncated=no, start-type=ATG, RBS-motif=AGxAGG/AGGxGG
11:55:11.515 - INFO - CDS - contig=contig_2, start=267648, stop=268442, strand=-, frame=3, truncated=no, start-type=ATG, RBS-motif=AGGAGG
11:55:11.515 - INFO - CDS - contig=contig_2, start=268457, stop=269344, strand=-, frame=1, truncated=no, start-type=ATG, RBS-motif=AGGAGG
11:55:11.515 - INFO - CDS - contig=contig_2, start=269341, stop=269958, strand=-, frame=2, truncated=no, start-type=TTG, RBS-motif=AGGAGG
11:55:11.516 - INFO - CDS - contig=contig_2, start=270211, stop=270570, strand=+, frame=1, truncated=no, start-type=ATG, RBS-motif=None
11:55:11.516 - INFO - CDS - contig=contig_2, start=270761, stop=272068, strand=-, frame=1, truncated=no, start-type=GTG, RBS-motif=AGGA/GGAG/GAGG
11:55:11.516 - INFO - CDS - contig=contig_2, start=272261, stop=272554, strand=-, frame=1, truncated=no, start-type=ATG, RBS-motif=AGGAGG
11:55:11.516 - INFO - CDS - contig=contig_2, start=272727, stop=273083, strand=+, frame=3, truncated=no, start-type=ATG, RBS-motif=AGGAGG
11:55:11.516 - INFO - CDS - contig=contig_2, start=273357, stop=274577, strand=-, frame=3, truncated=no, start-type=ATG, RBS-motif=AGGAGG
11:55:11.516 - INFO - CDS - contig=contig_2, start=275118, stop=275465, strand=-, frame=3, truncated=no, start-type=TTG, RBS-motif=GGA/GAG/AGG
11:55:11.516 - INFO - CDS - contig=contig_2, start=275462, stop=275626, strand=-, frame=1, truncated=no, start-type=ATG, RBS-motif=AGGAG
11:55:11.516 - INFO - CDS - contig=contig_2, start=275635, stop=275979, strand=-, frame=2, truncated=no, start-type=GTG, RBS-motif=AGGAG
11:55:11.516 - INFO - CDS - contig=contig_2, start=276113, stop=276568, strand=-, frame=1, truncated=no, start-type=ATG, RBS-motif=GGAG/GAGG
11:55:11.516 - INFO - CDS - contig=contig_2, start=276565, stop=277242, strand=-, frame=2, truncated=no, start-type=ATG, RBS-motif=AGGAG
11:55:11.516 - INFO - CDS - contig=contig_2, start=277239, stop=277487, strand=-, frame=3, truncated=no, start-type=ATG, RBS-motif=AGGAGG
11:55:11.516 - INFO - CDS - contig=contig_2, start=277503, stop=279152, strand=-, frame=3, truncated=no, start-type=ATG, RBS-motif=GGAGG
11:55:11.516 - INFO - CDS - contig=contig_2, start=279133, stop=281496, strand=-, frame=2, truncated=no, start-type=TTG, RBS-motif=AGGAGG
11:55:11.516 - INFO - CDS - contig=contig_2, start=281450, stop=281830, strand=-, frame=1, truncated=no, start-type=TTG, RBS-motif=AGGAGG
11:55:11.516 - INFO - CDS - contig=contig_2, start=281818, stop=282315, strand=-, frame=2, truncated=no, start-type=ATG, RBS-motif=4Base/6BMM
11:55:11.516 - INFO - CDS - contig=contig_2, start=282476, stop=282811, strand=-, frame=1, truncated=no, start-type=ATG, RBS-motif=GGA/GAG/AGG
11:55:11.516 - INFO - CDS - contig=contig_2, start=282804, stop=283058, strand=-, frame=3, truncated=no, start-type=ATG, RBS-motif=GGAG/GAGG
11:55:11.516 - INFO - CDS - contig=contig_2, start=283130, stop=284020, strand=-, frame=1, truncated=no, start-type=ATG, RBS-motif=AGGA
11:55:11.517 - INFO - CDS - contig=contig_2, start=284038, stop=284904, strand=-, frame=2, truncated=no, start-type=ATG, RBS-motif=GGA/GAG/AGG
11:55:11.517 - INFO - CDS - contig=contig_2, start=284917, stop=285129, strand=-, frame=2, truncated=no, start-type=ATG, RBS-motif=GGAGG
11:55:11.517 - INFO - CDS - contig=contig_2, start=285326, stop=287164, strand=-, frame=1, truncated=no, start-type=ATG, RBS-motif=AGGAGG
11:55:11.517 - INFO - CDS - contig=contig_2, start=287151, stop=287531, strand=-, frame=3, truncated=no, start-type=GTG, RBS-motif=None
11:55:11.517 - INFO - CDS - contig=contig_2, start=287783, stop=288499, strand=-, frame=1, truncated=no, start-type=ATG, RBS-motif=GGA/GAG/AGG
11:55:11.517 - INFO - CDS - contig=contig_2, start=288499, stop=288840, strand=-, frame=2, truncated=no, start-type=ATG, RBS-motif=GGAGG
11:55:11.517 - INFO - CDS - contig=contig_2, start=289236, stop=290621, strand=-, frame=3, truncated=no, start-type=ATG, RBS-motif=AGGAGG
11:55:11.517 - INFO - CDS - contig=contig_2, start=290769, stop=291800, strand=-, frame=3, truncated=no, start-type=ATG, RBS-motif=AGGAGG
11:55:11.517 - INFO - CDS - contig=contig_2, start=292121, stop=293737, strand=-, frame=1, truncated=no, start-type=ATG, RBS-motif=AGGA
11:55:11.517 - INFO - CDS - contig=contig_2, start=293811, stop=294023, strand=-, frame=3, truncated=no, start-type=ATG, RBS-motif=AGGAGG
11:55:11.517 - INFO - CDS - contig=contig_2, start=294157, stop=294357, strand=-, frame=2, truncated=no, start-type=ATG, RBS-motif=GGAG/GAGG
11:55:11.517 - INFO - CDS - contig=contig_2, start=294552, stop=294974, strand=-, frame=3, truncated=no, start-type=ATG, RBS-motif=GGAGG
11:55:11.517 - INFO - CDS - contig=contig_2, start=295451, stop=296689, strand=-, frame=1, truncated=no, start-type=ATG, RBS-motif=GGAGG
11:55:11.517 - INFO - CDS - contig=contig_2, start=296784, stop=297434, strand=-, frame=3, truncated=no, start-type=ATG, RBS-motif=GGAGG
11:55:11.517 - INFO - CDS - contig=contig_2, start=297608, stop=297967, strand=+, frame=2, truncated=no, start-type=ATG, RBS-motif=GGA/GAG/AGG
11:55:11.517 - INFO - CDS - contig=contig_2, start=298170, stop=299516, strand=-, frame=3, truncated=no, start-type=ATG, RBS-motif=None
11:55:11.517 - INFO - CDS - contig=contig_2, start=299886, stop=300089, strand=+, frame=3, truncated=no, start-type=ATG, RBS-motif=AGGAGG
11:55:11.517 - INFO - CDS - contig=contig_2, start=300105, stop=300470, strand=-, frame=3, truncated=no, start-type=GTG, RBS-motif=GGAGG
11:55:11.517 - INFO - CDS - contig=contig_2, start=300467, stop=300631, strand=-, frame=1, truncated=no, start-type=ATG, RBS-motif=AGGAGG
11:55:11.518 - INFO - CDS - contig=contig_2, start=300642, stop=301241, strand=-, frame=3, truncated=no, start-type=ATG, RBS-motif=AGGAG
11:55:11.518 - INFO - CDS - contig=contig_2, start=301404, stop=301724, strand=-, frame=3, truncated=no, start-type=ATG, RBS-motif=AGGAGG
11:55:11.518 - INFO - CDS - contig=contig_2, start=301879, stop=302055, strand=-, frame=2, truncated=no, start-type=ATG, RBS-motif=AGGAGG
11:55:11.518 - INFO - CDS - contig=contig_2, start=302052, stop=302831, strand=-, frame=3, truncated=no, start-type=ATG, RBS-motif=AGGAGG
11:55:11.518 - INFO - CDS - contig=contig_2, start=302834, stop=303088, strand=-, frame=1, truncated=no, start-type=ATG, RBS-motif=AGGAGG
11:55:11.518 - INFO - CDS - contig=contig_2, start=303103, stop=304797, strand=-, frame=2, truncated=no, start-type=ATG, RBS-motif=GGAGG
11:55:11.518 - INFO - CDS - contig=contig_2, start=304778, stop=307141, strand=-, frame=1, truncated=no, start-type=TTG, RBS-motif=AGGAGG
11:55:11.518 - INFO - CDS - contig=contig_2, start=307095, stop=307499, strand=-, frame=3, truncated=no, start-type=GTG, RBS-motif=GGA/GAG/AGG
11:55:11.518 - INFO - CDS - contig=contig_2, start=307553, stop=307780, strand=-, frame=1, truncated=no, start-type=GTG, RBS-motif=None
11:55:11.518 - INFO - CDS - contig=contig_2, start=307777, stop=308289, strand=-, frame=2, truncated=no, start-type=ATG, RBS-motif=GGA/GAG/AGG
11:55:11.518 - INFO - CDS - contig=contig_2, start=308611, stop=309084, strand=-, frame=2, truncated=no, start-type=ATG, RBS-motif=None
11:55:11.518 - INFO - CDS - contig=contig_2, start=309190, stop=310056, strand=-, frame=2, truncated=no, start-type=ATG, RBS-motif=GGAG/GAGG
11:55:11.518 - INFO - CDS - contig=contig_2, start=310068, stop=310280, strand=-, frame=3, truncated=no, start-type=ATG, RBS-motif=GGAGG
11:55:11.518 - INFO - CDS - contig=contig_2, start=310376, stop=312229, strand=-, frame=1, truncated=no, start-type=ATG, RBS-motif=AGGAGG
11:55:11.518 - INFO - CDS - contig=contig_2, start=312216, stop=312692, strand=-, frame=3, truncated=no, start-type=TTG, RBS-motif=AGxAGG/AGGxGG
11:55:11.518 - INFO - CDS - contig=contig_2, start=312753, stop=313466, strand=-, frame=3, truncated=no, start-type=ATG, RBS-motif=GGxGG
11:55:11.518 - INFO - CDS - contig=contig_2, start=313468, stop=313809, strand=-, frame=2, truncated=no, start-type=ATG, RBS-motif=GGAGG
11:55:11.518 - INFO - CDS - contig=contig_2, start=313878, stop=315359, strand=-, frame=3, truncated=no, start-type=ATG, RBS-motif=AGGAGG
11:55:11.519 - INFO - CDS - contig=contig_2, start=315602, stop=316624, strand=+, frame=2, truncated=no, start-type=ATG, RBS-motif=AGGAGG
11:55:11.519 - INFO - CDS - contig=contig_2, start=316717, stop=317760, strand=+, frame=1, truncated=no, start-type=ATG, RBS-motif=GGAG/GAGG
11:55:11.519 - INFO - CDS - contig=contig_2, start=318203, stop=318619, strand=+, frame=2, truncated=no, start-type=ATG, RBS-motif=GGxGG
11:55:11.519 - INFO - CDS - contig=contig_2, start=318619, stop=319623, strand=+, frame=1, truncated=no, start-type=ATG, RBS-motif=AGGAG(G)/GGAGG
11:55:11.519 - INFO - CDS - contig=contig_2, start=319592, stop=320131, strand=+, frame=2, truncated=no, start-type=ATG, RBS-motif=GGAG/GAGG
11:55:11.519 - INFO - CDS - contig=contig_2, start=320239, stop=322632, strand=+, frame=1, truncated=no, start-type=ATG, RBS-motif=GGA/GAG/AGG
11:55:11.519 - INFO - CDS - contig=contig_2, start=322675, stop=324102, strand=+, frame=1, truncated=no, start-type=ATG, RBS-motif=GGxGG
11:55:11.519 - INFO - CDS - contig=contig_2, start=324217, stop=325227, strand=+, frame=1, truncated=no, start-type=ATG, RBS-motif=GGAGG
11:55:11.519 - INFO - CDS - contig=contig_2, start=325270, stop=326472, strand=+, frame=1, truncated=no, start-type=ATG, RBS-motif=AGGAGG
11:55:11.519 - INFO - CDS - contig=contig_2, start=326601, stop=327719, strand=+, frame=3, truncated=no, start-type=ATG, RBS-motif=AGxAGG/AGGxGG
11:55:11.519 - INFO - CDS - contig=contig_2, start=327801, stop=329063, strand=+, frame=3, truncated=no, start-type=ATG, RBS-motif=GGAGG
11:55:11.519 - INFO - CDS - contig=contig_2, start=329158, stop=330063, strand=+, frame=1, truncated=no, start-type=ATG, RBS-motif=AGGA
11:55:11.519 - INFO - CDS - contig=contig_2, start=330077, stop=330802, strand=+, frame=2, truncated=no, start-type=ATG, RBS-motif=GGA/GAG/AGG
11:55:11.519 - INFO - CDS - contig=contig_2, start=330803, stop=331189, strand=+, frame=2, truncated=no, start-type=GTG, RBS-motif=AGxAGG/AGGxGG
11:55:11.519 - INFO - CDS - contig=contig_2, start=331241, stop=332344, strand=+, frame=2, truncated=no, start-type=ATG, RBS-motif=AGGAGG
11:55:11.519 - INFO - CDS - contig=contig_2, start=332407, stop=332904, strand=-, frame=2, truncated=no, start-type=ATG, RBS-motif=GGxGG
11:55:11.519 - INFO - CDS - contig=contig_2, start=332909, stop=333301, strand=-, frame=1, truncated=no, start-type=TTG, RBS-motif=GGAGG
11:55:11.520 - INFO - CDS - contig=contig_2, start=333304, stop=334314, strand=-, frame=2, truncated=no, start-type=TTG, RBS-motif=AGxAGG/AGGxGG
11:55:11.520 - INFO - CDS - contig=contig_2, start=334521, stop=335288, strand=+, frame=3, truncated=no, start-type=ATG, RBS-motif=GGAGG
11:55:11.520 - INFO - CDS - contig=contig_2, start=335361, stop=337028, strand=+, frame=3, truncated=no, start-type=ATG, RBS-motif=AGGA
11:55:11.520 - INFO - CDS - contig=contig_2, start=337085, stop=337552, strand=-, frame=1, truncated=no, start-type=ATG, RBS-motif=AGGAG
11:55:11.520 - INFO - CDS - contig=contig_2, start=337573, stop=338727, strand=-, frame=2, truncated=no, start-type=ATG, RBS-motif=GGAG/GAGG
11:55:11.520 - INFO - CDS - contig=contig_2, start=338724, stop=339845, strand=-, frame=3, truncated=no, start-type=TTG, RBS-motif=AGGAGG
11:55:11.520 - INFO - CDS - contig=contig_2, start=339884, stop=341728, strand=-, frame=1, truncated=no, start-type=TTG, RBS-motif=AGGA/GGAG/GAGG
11:55:11.520 - INFO - CDS - contig=contig_2, start=341765, stop=342322, strand=-, frame=1, truncated=no, start-type=ATG, RBS-motif=AGGA
11:55:11.520 - INFO - CDS - contig=contig_2, start=342316, stop=343695, strand=-, frame=2, truncated=no, start-type=ATG, RBS-motif=AGGAG
11:55:11.520 - INFO - CDS - contig=contig_2, start=343752, stop=345095, strand=-, frame=3, truncated=no, start-type=ATG, RBS-motif=GGAGG
11:55:11.520 - INFO - CDS - contig=contig_2, start=345158, stop=345607, strand=-, frame=1, truncated=no, start-type=ATG, RBS-motif=AGGAG
11:55:11.520 - INFO - CDS - contig=contig_2, start=345672, stop=347666, strand=-, frame=3, truncated=no, start-type=ATG, RBS-motif=GGAGG
11:55:11.520 - INFO - CDS - contig=contig_2, start=347889, stop=348827, strand=-, frame=3, truncated=no, start-type=ATG, RBS-motif=AGGAG
11:55:11.520 - INFO - CDS - contig=contig_2, start=348832, stop=349281, strand=-, frame=2, truncated=no, start-type=ATG, RBS-motif=AGGAG
11:55:11.520 - INFO - CDS - contig=contig_2, start=349488, stop=350624, strand=+, frame=3, truncated=no, start-type=GTG, RBS-motif=AGGAGG
11:55:11.520 - INFO - CDS - contig=contig_2, start=350621, stop=351742, strand=+, frame=2, truncated=no, start-type=ATG, RBS-motif=GGAG/GAGG
11:55:11.520 - INFO - CDS - contig=contig_2, start=351739, stop=352698, strand=+, frame=1, truncated=no, start-type=TTG, RBS-motif=GGxGG
11:55:11.521 - INFO - CDS - contig=contig_2, start=352913, stop=353197, strand=+, frame=2, truncated=no, start-type=ATG, RBS-motif=AGGAGG
11:55:11.521 - INFO - CDS - contig=contig_2, start=353288, stop=354913, strand=+, frame=2, truncated=no, start-type=ATG, RBS-motif=GGAGG
11:55:11.521 - INFO - CDS - contig=contig_2, start=355197, stop=356594, strand=-, frame=3, truncated=no, start-type=ATG, RBS-motif=AGGA
11:55:11.521 - INFO - CDS - contig=contig_2, start=357068, stop=357874, strand=+, frame=2, truncated=no, start-type=ATG, RBS-motif=GGAGG
11:55:11.521 - INFO - CDS - contig=contig_2, start=357958, stop=359274, strand=+, frame=1, truncated=no, start-type=ATG, RBS-motif=AGGAGG
11:55:11.521 - INFO - CDS - contig=contig_2, start=359358, stop=360593, strand=+, frame=3, truncated=no, start-type=ATG, RBS-motif=GGAGG
11:55:11.521 - INFO - CDS - contig=contig_2, start=360708, stop=361853, strand=+, frame=3, truncated=no, start-type=ATG, RBS-motif=AGGA
11:55:11.521 - INFO - CDS - contig=contig_2, start=361868, stop=362668, strand=+, frame=2, truncated=no, start-type=ATG, RBS-motif=GGAGG
11:55:11.521 - INFO - CDS - contig=contig_2, start=362681, stop=363829, strand=+, frame=2, truncated=no, start-type=ATG, RBS-motif=AGxAGG/AGGxGG
11:55:11.521 - INFO - CDS - contig=contig_2, start=364180, stop=365403, strand=+, frame=1, truncated=no, start-type=ATG, RBS-motif=GGA/GAG/AGG
11:55:11.521 - INFO - CDS - contig=contig_2, start=365405, stop=366133, strand=+, frame=2, truncated=no, start-type=GTG, RBS-motif=GGAG/GAGG
11:55:11.521 - INFO - CDS - contig=contig_2, start=366130, stop=367035, strand=+, frame=1, truncated=no, start-type=ATG, RBS-motif=AGGAG
11:55:11.521 - INFO - CDS - contig=contig_2, start=367106, stop=368098, strand=+, frame=2, truncated=no, start-type=ATG, RBS-motif=AGxAGG/AGGxGG
11:55:11.521 - INFO - CDS - contig=contig_2, start=368144, stop=368404, strand=+, frame=2, truncated=no, start-type=TTG, RBS-motif=GGxGG
11:55:11.521 - INFO - CDS - contig=contig_2, start=368423, stop=368887, strand=+, frame=2, truncated=no, start-type=GTG, RBS-motif=AGGAGG
11:55:11.521 - INFO - CDS - contig=contig_2, start=368884, stop=369201, strand=+, frame=1, truncated=no, start-type=GTG, RBS-motif=GGAG/GAGG
11:55:11.521 - INFO - CDS - contig=contig_2, start=369191, stop=369628, strand=+, frame=2, truncated=no, start-type=ATG, RBS-motif=GGAGG
11:55:11.522 - INFO - CDS - contig=contig_2, start=369625, stop=370686, strand=+, frame=1, truncated=no, start-type=ATG, RBS-motif=GGAGG
11:55:11.522 - INFO - CDS - contig=contig_2, start=370688, stop=371098, strand=+, frame=2, truncated=no, start-type=ATG, RBS-motif=AGGAGG
11:55:11.522 - INFO - CDS - contig=contig_2, start=371245, stop=372585, strand=-, frame=2, truncated=no, start-type=ATG, RBS-motif=GGAG/GAGG
11:55:11.522 - INFO - CDS - contig=contig_2, start=372596, stop=373450, strand=-, frame=1, truncated=no, start-type=ATG, RBS-motif=GGAGG
11:55:11.522 - INFO - CDS - contig=contig_2, start=373508, stop=374284, strand=-, frame=1, truncated=no, start-type=ATG, RBS-motif=GGA/GAG/AGG
11:55:11.522 - INFO - CDS - contig=contig_2, start=374286, stop=375545, strand=-, frame=3, truncated=no, start-type=ATG, RBS-motif=AGGAGG
11:55:11.522 - INFO - CDS - contig=contig_2, start=375739, stop=376161, strand=-, frame=2, truncated=no, start-type=ATG, RBS-motif=GGA/GAG/AGG
11:55:11.522 - INFO - CDS - contig=contig_2, start=376281, stop=377426, strand=-, frame=3, truncated=no, start-type=ATG, RBS-motif=AGGA
11:55:11.522 - INFO - CDS - contig=contig_2, start=377853, stop=378656, strand=+, frame=3, truncated=no, start-type=ATG, RBS-motif=AGGAG/GGAGG
11:55:11.522 - INFO - CDS - contig=contig_2, start=378672, stop=379673, strand=+, frame=3, truncated=no, start-type=TTG, RBS-motif=GGAG/GAGG
11:55:11.522 - INFO - CDS - contig=contig_2, start=379764, stop=381191, strand=-, frame=3, truncated=no, start-type=ATG, RBS-motif=GGAGG
11:55:11.522 - INFO - CDS - contig=contig_2, start=381498, stop=382640, strand=+, frame=3, truncated=no, start-type=ATG, RBS-motif=AGGAGG
11:55:11.522 - INFO - CDS - contig=contig_2, start=382691, stop=383572, strand=+, frame=2, truncated=no, start-type=ATG, RBS-motif=AGGA
11:55:11.522 - INFO - CDS - contig=contig_2, start=383836, stop=384615, strand=+, frame=1, truncated=no, start-type=ATG, RBS-motif=GGAGG
11:55:11.522 - INFO - CDS - contig=contig_2, start=384655, stop=386214, strand=+, frame=1, truncated=no, start-type=ATG, RBS-motif=AGGA
11:55:11.522 - INFO - CDS - contig=contig_2, start=386298, stop=387656, strand=+, frame=3, truncated=no, start-type=ATG, RBS-motif=AGGAG/GGAGG
11:55:11.522 - INFO - CDS - contig=contig_2, start=387831, stop=388973, strand=+, frame=3, truncated=no, start-type=ATG, RBS-motif=AGGA
11:55:11.523 - INFO - CDS - contig=contig_2, start=389101, stop=389529, strand=+, frame=1, truncated=no, start-type=ATG, RBS-motif=GGA/GAG/AGG
11:55:11.523 - INFO - CDS - contig=contig_2, start=390038, stop=390160, strand=-, frame=1, truncated=no, start-type=ATG, RBS-motif=GGA/GAG/AGG
11:55:11.523 - INFO - CDS - contig=contig_2, start=390157, stop=390549, strand=-, frame=2, truncated=no, start-type=TTG, RBS-motif=GGA/GAG/AGG
11:55:11.523 - INFO - CDS - contig=contig_2, start=390521, stop=390856, strand=-, frame=1, truncated=no, start-type=TTG, RBS-motif=None
11:55:11.523 - INFO - CDS - contig=contig_2, start=390981, stop=391502, strand=-, frame=3, truncated=no, start-type=GTG, RBS-motif=AGGAGG
11:55:11.523 - INFO - CDS - contig=contig_2, start=392385, stop=393926, strand=-, frame=3, truncated=no, start-type=ATG, RBS-motif=GGA/GAG/AGG
11:55:11.523 - INFO - CDS - contig=contig_2, start=394610, stop=395194, strand=-, frame=1, truncated=no, start-type=ATG, RBS-motif=AGGA
11:55:11.523 - INFO - CDS - contig=contig_2, start=395433, stop=396335, strand=+, frame=3, truncated=no, start-type=ATG, RBS-motif=GGAGG
11:55:11.523 - INFO - CDS - contig=contig_2, start=396409, stop=397146, strand=-, frame=2, truncated=no, start-type=ATG, RBS-motif=GGA/GAG/AGG
11:55:11.523 - INFO - CDS - contig=contig_2, start=397629, stop=398090, strand=-, frame=3, truncated=no, start-type=ATG, RBS-motif=3Base/5BMM
11:55:11.523 - INFO - CDS - contig=contig_2, start=398131, stop=398442, strand=+, frame=1, truncated=no, start-type=ATG, RBS-motif=GGAGG
11:55:11.523 - INFO - CDS - contig=contig_2, start=398850, stop=399848, strand=-, frame=3, truncated=no, start-type=ATG, RBS-motif=GGAGG
11:55:11.523 - INFO - CDS - contig=contig_2, start=400455, stop=401744, strand=+, frame=3, truncated=no, start-type=ATG, RBS-motif=GGA/GAG/AGG
11:55:11.523 - INFO - CDS - contig=contig_2, start=401856, stop=402788, strand=+, frame=3, truncated=no, start-type=ATG, RBS-motif=AGGAG
11:55:11.523 - INFO - CDS - contig=contig_2, start=402987, stop=404075, strand=+, frame=3, truncated=no, start-type=ATG, RBS-motif=GGA/GAG/AGG
11:55:11.523 - INFO - CDS - contig=contig_2, start=404078, stop=405214, strand=+, frame=2, truncated=no, start-type=ATG, RBS-motif=AGGAGG
11:55:11.523 - INFO - CDS - contig=contig_2, start=405211, stop=406062, strand=+, frame=1, truncated=no, start-type=ATG, RBS-motif=AGxAGG/AGGxGG
11:55:11.523 - INFO - CDS - contig=contig_2, start=408161, stop=409117, strand=-, frame=1, truncated=no, start-type=ATG, RBS-motif=AGGA
11:55:11.523 - INFO - CDS - contig=contig_2, start=409134, stop=409880, strand=-, frame=3, truncated=no, start-type=ATG, RBS-motif=GGAG/GAGG
11:55:11.524 - INFO - CDS - contig=contig_2, start=409870, stop=410532, strand=-, frame=2, truncated=no, start-type=TTG, RBS-motif=GGAGG
11:55:11.524 - INFO - CDS - contig=contig_2, start=410575, stop=411423, strand=-, frame=2, truncated=no, start-type=ATG, RBS-motif=GGAG/GAGG
11:55:11.524 - INFO - CDS - contig=contig_2, start=411462, stop=412682, strand=-, frame=3, truncated=no, start-type=ATG, RBS-motif=AGGA
11:55:11.524 - INFO - CDS - contig=contig_2, start=413445, stop=414368, strand=-, frame=3, truncated=no, start-type=ATG, RBS-motif=GGxGG
11:55:11.524 - INFO - CDS - contig=contig_2, start=415881, stop=417563, strand=+, frame=3, truncated=no, start-type=ATG, RBS-motif=GGAG/GAGG
11:55:11.524 - INFO - CDS - contig=contig_2, start=417581, stop=417931, strand=+, frame=2, truncated=no, start-type=ATG, RBS-motif=AGGAG
11:55:11.524 - INFO - CDS - contig=contig_2, start=417937, stop=418623, strand=+, frame=1, truncated=no, start-type=GTG, RBS-motif=None
11:55:11.524 - INFO - CDS - contig=contig_2, start=418620, stop=419636, strand=+, frame=3, truncated=no, start-type=ATG, RBS-motif=GGAGG
11:55:11.524 - INFO - CDS - contig=contig_2, start=419649, stop=420773, strand=+, frame=3, truncated=no, start-type=ATG, RBS-motif=AGGAG
11:55:11.524 - INFO - CDS - contig=contig_2, start=420818, stop=421483, strand=+, frame=2, truncated=no, start-type=ATG, RBS-motif=AGGA
11:55:11.524 - INFO - CDS - contig=contig_2, start=421698, stop=422834, strand=+, frame=3, truncated=no, start-type=ATG, RBS-motif=GGA/GAG/AGG
11:55:11.524 - INFO - CDS - contig=contig_2, start=423022, stop=426333, strand=+, frame=1, truncated=no, start-type=ATG, RBS-motif=AGGAGG
11:55:11.524 - INFO - CDS - contig=contig_2, start=426521, stop=430084, strand=+, frame=2, truncated=no, start-type=ATG, RBS-motif=AGGAGG
11:55:11.524 - INFO - CDS - contig=contig_2, start=430230, stop=430562, strand=+, frame=3, truncated=no, start-type=ATG, RBS-motif=AGGAGG
11:55:11.524 - INFO - CDS - contig=contig_2, start=430567, stop=431310, strand=+, frame=1, truncated=no, start-type=ATG, RBS-motif=None
11:55:11.524 - INFO - CDS - contig=contig_2, start=431310, stop=431960, strand=+, frame=3, truncated=no, start-type=ATG, RBS-motif=GGAGG
11:55:11.525 - INFO - CDS - contig=contig_2, start=432017, stop=432739, strand=+, frame=2, truncated=no, start-type=GTG, RBS-motif=GGxGG
11:55:11.525 - INFO - CDS - contig=contig_2, start=432736, stop=433404, strand=+, frame=1, truncated=no, start-type=GTG, RBS-motif=GGAGG
11:55:11.525 - INFO - CDS - contig=contig_2, start=433532, stop=433738, strand=+, frame=2, truncated=no, start-type=ATG, RBS-motif=GGAG/GAGG
11:55:11.525 - INFO - CDS - contig=contig_2, start=433816, stop=434316, strand=+, frame=1, truncated=no, start-type=ATG, RBS-motif=GGAGG
11:55:11.525 - INFO - CDS - contig=contig_2, start=434402, stop=435712, strand=+, frame=2, truncated=no, start-type=ATG, RBS-motif=GGAGG
11:55:11.525 - INFO - CDS - contig=contig_2, start=435713, stop=436258, strand=+, frame=2, truncated=no, start-type=ATG, RBS-motif=GGAGG
11:55:11.525 - INFO - CDS - contig=contig_2, start=436277, stop=436912, strand=+, frame=2, truncated=no, start-type=ATG, RBS-motif=GGAGG
11:55:11.525 - INFO - CDS - contig=contig_2, start=437001, stop=438005, strand=+, frame=3, truncated=no, start-type=ATG, RBS-motif=AGGAGG
11:55:11.525 - INFO - CDS - contig=contig_2, start=438107, stop=439888, strand=+, frame=2, truncated=no, start-type=GTG, RBS-motif=AGGAGG
11:55:11.525 - INFO - CDS - contig=contig_2, start=439885, stop=441231, strand=+, frame=1, truncated=no, start-type=ATG, RBS-motif=GGAGG
11:55:11.525 - INFO - CDS - contig=contig_2, start=441351, stop=441710, strand=+, frame=3, truncated=no, start-type=TTG, RBS-motif=AGGAG
11:55:11.525 - INFO - CDS - contig=contig_2, start=441712, stop=443715, strand=+, frame=1, truncated=no, start-type=ATG, RBS-motif=GGAGG
11:55:11.525 - INFO - CDS - contig=contig_2, start=443717, stop=444268, strand=+, frame=2, truncated=no, start-type=ATG, RBS-motif=AGGAG
11:55:11.525 - INFO - CDS - contig=contig_2, start=444470, stop=444874, strand=+, frame=2, truncated=no, start-type=ATG, RBS-motif=GGAGG
11:55:11.525 - INFO - CDS - contig=contig_2, start=445015, stop=445131, strand=+, frame=1, truncated=no, start-type=ATG, RBS-motif=GGAGG
11:55:11.525 - INFO - CDS - contig=contig_2, start=445181, stop=445687, strand=+, frame=2, truncated=no, start-type=ATG, RBS-motif=GGAGG
11:55:11.525 - INFO - CDS - contig=contig_2, start=445706, stop=446416, strand=+, frame=2, truncated=no, start-type=ATG, RBS-motif=AGGAG
11:55:11.525 - INFO - CDS - contig=contig_2, start=446418, stop=447866, strand=+, frame=3, truncated=no, start-type=ATG, RBS-motif=GGxGG
11:55:11.526 - INFO - CDS - contig=contig_2, start=447877, stop=448914, strand=+, frame=1, truncated=no, start-type=ATG, RBS-motif=AGGAG
11:55:11.526 - INFO - CDS - contig=contig_2, start=448908, stop=449543, strand=+, frame=3, truncated=no, start-type=ATG, RBS-motif=AGxAGG/AGGxGG
11:55:11.526 - INFO - CDS - contig=contig_2, start=449540, stop=449800, strand=+, frame=2, truncated=no, start-type=ATG, RBS-motif=GGAGG
11:55:11.526 - INFO - CDS - contig=contig_2, start=449784, stop=450485, strand=+, frame=3, truncated=no, start-type=ATG, RBS-motif=GGAG/GAGG
11:55:11.526 - INFO - CDS - contig=contig_2, start=450496, stop=451671, strand=+, frame=1, truncated=no, start-type=ATG, RBS-motif=AGGAGG
11:55:11.526 - INFO - CDS - contig=contig_2, start=451762, stop=453045, strand=+, frame=1, truncated=no, start-type=ATG, RBS-motif=GGAG/GAGG
11:55:11.526 - INFO - CDS - contig=contig_2, start=453055, stop=456744, strand=+, frame=1, truncated=no, start-type=ATG, RBS-motif=AGGAG
11:55:11.526 - INFO - CDS - contig=contig_2, start=456841, stop=457527, strand=-, frame=2, truncated=no, start-type=ATG, RBS-motif=GGAGG
11:55:11.526 - INFO - CDS - contig=contig_2, start=457906, stop=458556, strand=+, frame=1, truncated=no, start-type=ATG, RBS-motif=GGAGG
11:55:11.526 - INFO - CDS - contig=contig_2, start=458543, stop=459958, strand=+, frame=2, truncated=no, start-type=ATG, RBS-motif=AGGAG
11:55:11.526 - INFO - CDS - contig=contig_2, start=460168, stop=461553, strand=+, frame=1, truncated=no, start-type=ATG, RBS-motif=GGAG/GAGG
11:55:11.526 - INFO - CDS - contig=contig_2, start=461596, stop=461808, strand=-, frame=2, truncated=no, start-type=ATG, RBS-motif=AGGAGG
11:55:11.526 - INFO - CDS - contig=contig_2, start=461868, stop=462467, strand=-, frame=3, truncated=no, start-type=ATG, RBS-motif=AGGAG
11:55:11.526 - INFO - CDS - contig=contig_2, start=462588, stop=462797, strand=+, frame=3, truncated=no, start-type=ATG, RBS-motif=AGGA/GGAG/GAGG
11:55:11.526 - INFO - CDS - contig=contig_2, start=462854, stop=463249, strand=-, frame=1, truncated=no, start-type=ATG, RBS-motif=AGGAG
11:55:11.526 - INFO - CDS - contig=contig_2, start=463284, stop=464501, strand=-, frame=3, truncated=no, start-type=ATG, RBS-motif=AGGA
11:55:11.526 - INFO - CDS - contig=contig_2, start=464692, stop=465477, strand=+, frame=1, truncated=no, start-type=ATG, RBS-motif=AGGAG
11:55:11.527 - INFO - CDS - contig=contig_2, start=465570, stop=466271, strand=-, frame=3, truncated=no, start-type=ATG, RBS-motif=AGGAG
11:55:11.527 - INFO - CDS - contig=contig_2, start=466639, stop=467136, strand=+, frame=1, truncated=no, start-type=GTG, RBS-motif=AGGAGG
11:55:11.527 - INFO - CDS - contig=contig_2, start=467258, stop=467647, strand=+, frame=2, truncated=no, start-type=ATG, RBS-motif=AGxAGG/AGGxGG
11:55:11.527 - INFO - CDS - contig=contig_2, start=467647, stop=470274, strand=+, frame=1, truncated=no, start-type=ATG, RBS-motif=GGAGG
11:55:11.527 - INFO - CDS - contig=contig_2, start=470328, stop=472883, strand=-, frame=3, truncated=no, start-type=ATG, RBS-motif=AGGAG
11:55:11.527 - INFO - CDS - contig=contig_2, start=473001, stop=473549, strand=-, frame=3, truncated=no, start-type=GTG, RBS-motif=None
11:55:11.527 - INFO - CDS - contig=contig_2, start=473576, stop=474265, strand=-, frame=1, truncated=no, start-type=ATG, RBS-motif=AGGAGG
11:55:11.527 - INFO - CDS - contig=contig_2, start=474279, stop=475436, strand=-, frame=3, truncated=no, start-type=ATG, RBS-motif=GGxGG
11:55:11.527 - INFO - CDS - contig=contig_2, start=475438, stop=476205, strand=-, frame=2, truncated=no, start-type=ATG, RBS-motif=GGA/GAG/AGG
11:55:11.527 - INFO - CDS - contig=contig_2, start=476253, stop=477068, strand=-, frame=3, truncated=no, start-type=ATG, RBS-motif=AGxAGG/AGGxGG
11:55:11.527 - INFO - CDS - contig=contig_2, start=477069, stop=477935, strand=-, frame=3, truncated=no, start-type=TTG, RBS-motif=AGGA
11:55:11.527 - INFO - CDS - contig=contig_2, start=478019, stop=478861, strand=-, frame=1, truncated=no, start-type=ATG, RBS-motif=GGAG/GAGG
11:55:11.527 - INFO - CDS - contig=contig_2, start=478854, stop=479264, strand=-, frame=3, truncated=no, start-type=ATG, RBS-motif=GGA/GAG/AGG
11:55:11.527 - INFO - CDS - contig=contig_2, start=479292, stop=480155, strand=-, frame=3, truncated=no, start-type=ATG, RBS-motif=GGAG/GAGG
11:55:11.527 - INFO - CDS - contig=contig_2, start=480361, stop=481731, strand=+, frame=1, truncated=no, start-type=ATG, RBS-motif=GGA/GAG/AGG
11:55:11.527 - INFO - CDS - contig=contig_2, start=482024, stop=483382, strand=+, frame=2, truncated=no, start-type=ATG, RBS-motif=AGGAGG
11:55:11.527 - INFO - CDS - contig=contig_2, start=483470, stop=484093, strand=+, frame=2, truncated=no, start-type=ATG, RBS-motif=GGAG/GAGG
11:55:11.528 - INFO - CDS - contig=contig_2, start=484325, stop=485920, strand=+, frame=2, truncated=no, start-type=ATG, RBS-motif=GGA/GAG/AGG
11:55:11.528 - INFO - CDS - contig=contig_2, start=486091, stop=486465, strand=-, frame=2, truncated=no, start-type=ATG, RBS-motif=AGGAGG
11:55:11.528 - INFO - CDS - contig=contig_2, start=486510, stop=487052, strand=-, frame=3, truncated=no, start-type=ATG, RBS-motif=AGGAG/GGAGG
11:55:11.528 - INFO - CDS - contig=contig_2, start=487345, stop=488037, strand=-, frame=2, truncated=no, start-type=ATG, RBS-motif=AGGAGG
11:55:11.528 - INFO - CDS - contig=contig_2, start=488056, stop=488481, strand=-, frame=2, truncated=no, start-type=ATG, RBS-motif=AGGAGG
11:55:11.528 - INFO - CDS - contig=contig_2, start=488579, stop=489100, strand=-, frame=1, truncated=no, start-type=ATG, RBS-motif=GGA/GAG/AGG
11:55:11.528 - INFO - CDS - contig=contig_2, start=489111, stop=489428, strand=-, frame=3, truncated=no, start-type=ATG, RBS-motif=AGxAGG/AGGxGG
11:55:11.528 - INFO - CDS - contig=contig_2, start=489477, stop=489641, strand=-, frame=3, truncated=no, start-type=ATG, RBS-motif=AGGAGG
11:55:11.528 - INFO - CDS - contig=contig_2, start=490007, stop=490825, strand=+, frame=2, truncated=no, start-type=GTG, RBS-motif=AGxAGG/AGGxGG
11:55:11.528 - INFO - CDS - contig=contig_2, start=490884, stop=491606, strand=+, frame=3, truncated=no, start-type=ATG, RBS-motif=AGGAGG
11:55:11.528 - INFO - CDS - contig=contig_2, start=491735, stop=492217, strand=+, frame=2, truncated=no, start-type=ATG, RBS-motif=GGAG/GAGG
11:55:11.528 - INFO - CDS - contig=contig_2, start=492293, stop=493219, strand=-, frame=1, truncated=no, start-type=ATG, RBS-motif=3Base/5BMM
11:55:11.528 - INFO - CDS - contig=contig_2, start=493338, stop=494096, strand=+, frame=3, truncated=no, start-type=ATG, RBS-motif=GGA/GAG/AGG
11:55:11.528 - INFO - CDS - contig=contig_2, start=494170, stop=495429, strand=-, frame=2, truncated=no, start-type=ATG, RBS-motif=GGA/GAG/AGG
11:55:11.528 - INFO - CDS - contig=contig_2, start=495489, stop=496862, strand=-, frame=3, truncated=no, start-type=ATG, RBS-motif=GGAG/GAGG
11:55:11.528 - INFO - CDS - contig=contig_2, start=497230, stop=497658, strand=+, frame=1, truncated=no, start-type=ATG, RBS-motif=AGGAG
11:55:11.528 - INFO - CDS - contig=contig_2, start=497677, stop=497883, strand=-, frame=2, truncated=no, start-type=ATG, RBS-motif=GGAG/GAGG
11:55:11.528 - INFO - CDS - contig=contig_2, start=497974, stop=498177, strand=+, frame=1, truncated=no, start-type=ATG, RBS-motif=GGAG/GAGG
11:55:11.528 - INFO - CDS - contig=contig_2, start=498206, stop=500833, strand=+, frame=2, truncated=no, start-type=ATG, RBS-motif=AGGA/GGAG/GAGG
11:55:11.529 - INFO - CDS - contig=contig_2, start=501012, stop=501800, strand=+, frame=3, truncated=no, start-type=ATG, RBS-motif=GGAG/GAGG
11:55:11.529 - INFO - CDS - contig=contig_2, start=501862, stop=502653, strand=-, frame=2, truncated=no, start-type=TTG, RBS-motif=AGxAGG/AGGxGG
11:55:11.529 - INFO - CDS - contig=contig_2, start=502850, stop=503668, strand=-, frame=1, truncated=no, start-type=ATG, RBS-motif=AGGAGG
11:55:11.529 - INFO - CDS - contig=contig_2, start=503982, stop=504749, strand=-, frame=3, truncated=no, start-type=ATG, RBS-motif=AGGAG
11:55:11.529 - INFO - CDS - contig=contig_2, start=504871, stop=505056, strand=-, frame=2, truncated=no, start-type=ATG, RBS-motif=GGxGG
11:55:11.529 - INFO - CDS - contig=contig_2, start=505170, stop=505358, strand=-, frame=3, truncated=no, start-type=ATG, RBS-motif=AGGAGG
11:55:11.529 - INFO - CDS - contig=contig_2, start=505506, stop=506147, strand=-, frame=3, truncated=no, start-type=TTG, RBS-motif=AGxAGG/AGGxGG
11:55:11.529 - INFO - CDS - contig=contig_2, start=506269, stop=506580, strand=+, frame=1, truncated=no, start-type=ATG, RBS-motif=AGGAGG
11:55:11.529 - INFO - CDS - contig=contig_2, start=506567, stop=507319, strand=+, frame=2, truncated=no, start-type=ATG, RBS-motif=GGA/GAG/AGG
11:55:11.529 - INFO - CDS - contig=contig_2, start=507316, stop=508203, strand=+, frame=1, truncated=no, start-type=ATG, RBS-motif=GGAG/GAGG
11:55:11.529 - INFO - CDS - contig=contig_2, start=509040, stop=509567, strand=-, frame=3, truncated=no, start-type=ATG, RBS-motif=GGAG/GAGG
11:55:11.529 - INFO - CDS - contig=contig_2, start=509775, stop=511157, strand=+, frame=3, truncated=no, start-type=GTG, RBS-motif=GGAGG
11:55:11.529 - INFO - CDS - contig=contig_2, start=511173, stop=511856, strand=-, frame=3, truncated=no, start-type=ATG, RBS-motif=GGAGG
11:55:11.529 - INFO - CDS - contig=contig_2, start=511901, stop=512833, strand=-, frame=1, truncated=no, start-type=ATG, RBS-motif=AGxAGG/AGGxGG
11:55:11.529 - INFO - CDS - contig=contig_2, start=512921, stop=514006, strand=-, frame=1, truncated=no, start-type=ATG, RBS-motif=AGxAGG/AGGxGG
11:55:11.529 - INFO - CDS - contig=contig_2, start=514003, stop=516243, strand=-, frame=2, truncated=no, start-type=ATG, RBS-motif=GGAGG
11:55:11.529 - INFO - CDS - contig=contig_2, start=516447, stop=516992, strand=+, frame=3, truncated=no, start-type=ATG, RBS-motif=AGGAG
11:55:11.529 - INFO - CDS - contig=contig_2, start=517103, stop=517657, strand=+, frame=2, truncated=no, start-type=ATG, RBS-motif=AGxAGG/AGGxGG
11:55:11.530 - INFO - CDS - contig=contig_2, start=517909, stop=518148, strand=-, frame=2, truncated=no, start-type=ATG, RBS-motif=None
11:55:11.530 - INFO - CDS - contig=contig_2, start=518379, stop=519578, strand=+, frame=3, truncated=no, start-type=ATG, RBS-motif=GGAGG
11:55:11.530 - INFO - CDS - contig=contig_2, start=519628, stop=520209, strand=+, frame=1, truncated=no, start-type=ATG, RBS-motif=AGGAGG
11:55:11.530 - INFO - CDS - contig=contig_2, start=520334, stop=522109, strand=+, frame=2, truncated=no, start-type=ATG, RBS-motif=AGGAGG
11:55:11.530 - INFO - CDS - contig=contig_2, start=522254, stop=523603, strand=+, frame=2, truncated=no, start-type=ATG, RBS-motif=AGGAG
11:55:11.530 - INFO - CDS - contig=contig_2, start=523785, stop=524855, strand=+, frame=3, truncated=no, start-type=ATG, RBS-motif=GGAG/GAGG
11:55:11.530 - INFO - CDS - contig=contig_2, start=524842, stop=525186, strand=+, frame=1, truncated=no, start-type=ATG, RBS-motif=AGGAGG
11:55:11.530 - INFO - CDS - contig=contig_2, start=525618, stop=526505, strand=+, frame=3, truncated=no, start-type=ATG, RBS-motif=GGAGG
11:55:11.530 - INFO - CDS - contig=contig_2, start=527048, stop=527929, strand=-, frame=1, truncated=no, start-type=TTG, RBS-motif=AGGAG
11:55:11.530 - INFO - CDS - contig=contig_2, start=527989, stop=528570, strand=-, frame=2, truncated=no, start-type=ATG, RBS-motif=GGAGG
11:55:11.530 - INFO - CDS - contig=contig_2, start=528637, stop=528978, strand=-, frame=2, truncated=no, start-type=ATG, RBS-motif=AGGAG
11:55:11.530 - INFO - CDS - contig=contig_2, start=529905, stop=530963, strand=-, frame=3, truncated=no, start-type=ATG, RBS-motif=3Base/5BMM
11:55:11.530 - INFO - CDS - contig=contig_2, start=531119, stop=531664, strand=+, frame=2, truncated=no, start-type=ATG, RBS-motif=AGGAGG
11:55:11.530 - INFO - CDS - contig=contig_2, start=531668, stop=531880, strand=-, frame=1, truncated=no, start-type=ATG, RBS-motif=GGAGG
11:55:11.530 - INFO - CDS - contig=contig_2, start=531983, stop=532507, strand=+, frame=2, truncated=no, start-type=ATG, RBS-motif=AGGAG/GGAGG
11:55:11.531 - INFO - CDS - contig=contig_2, start=532504, stop=533325, strand=+, frame=1, truncated=no, start-type=GTG, RBS-motif=AGGAGG
11:55:11.531 - INFO - CDS - contig=contig_2, start=533405, stop=533602, strand=+, frame=2, truncated=no, start-type=ATG, RBS-motif=GGAGG
11:55:11.531 - INFO - CDS - contig=contig_2, start=533648, stop=534418, strand=+, frame=2, truncated=no, start-type=ATG, RBS-motif=AGxAGG/AGGxGG
11:55:11.531 - INFO - CDS - contig=contig_2, start=534545, stop=535873, strand=-, frame=1, truncated=no, start-type=ATG, RBS-motif=AGGAGG
11:55:11.531 - INFO - CDS - contig=contig_2, start=536459, stop=537028, strand=+, frame=2, truncated=no, start-type=ATG, RBS-motif=GGAGG
11:55:11.531 - INFO - CDS - contig=contig_2, start=537145, stop=537594, strand=+, frame=1, truncated=no, start-type=ATG, RBS-motif=AGGAG
11:55:11.531 - INFO - CDS - contig=contig_2, start=537712, stop=537858, strand=+, frame=1, truncated=no, start-type=ATG, RBS-motif=GGA/GAG/AGG
11:55:11.531 - INFO - CDS - contig=contig_2, start=537991, stop=538713, strand=+, frame=1, truncated=no, start-type=ATG, RBS-motif=GGxGG
11:55:11.531 - INFO - CDS - contig=contig_2, start=538807, stop=539136, strand=+, frame=1, truncated=no, start-type=ATG, RBS-motif=3Base/5BMM
11:55:11.531 - INFO - CDS - contig=contig_2, start=539212, stop=539613, strand=-, frame=2, truncated=no, start-type=ATG, RBS-motif=AGGAG
11:55:11.531 - INFO - CDS - contig=contig_2, start=539617, stop=539979, strand=-, frame=2, truncated=no, start-type=ATG, RBS-motif=GGAG/GAGG
11:55:11.531 - INFO - CDS - contig=contig_2, start=540341, stop=540688, strand=-, frame=1, truncated=no, start-type=ATG, RBS-motif=AGGA
11:55:11.531 - INFO - CDS - contig=contig_2, start=540685, stop=544287, strand=-, frame=2, truncated=no, start-type=ATG, RBS-motif=AGGA
11:55:11.531 - INFO - CDS - contig=contig_2, start=544382, stop=547429, strand=-, frame=1, truncated=no, start-type=ATG, RBS-motif=GGAGG
11:55:11.531 - INFO - CDS - contig=contig_2, start=547779, stop=548375, strand=-, frame=3, truncated=no, start-type=ATG, RBS-motif=GGAG/GAGG
11:55:11.531 - INFO - CDS - contig=contig_2, start=548384, stop=548956, strand=-, frame=1, truncated=no, start-type=ATG, RBS-motif=AGGAG
11:55:11.531 - INFO - CDS - contig=contig_2, start=548953, stop=549663, strand=-, frame=2, truncated=no, start-type=ATG, RBS-motif=AGxAGG/AGGxGG
11:55:11.532 - INFO - CDS - contig=contig_2, start=549663, stop=550337, strand=-, frame=3, truncated=no, start-type=ATG, RBS-motif=AGGAGG
11:55:11.532 - INFO - CDS - contig=contig_2, start=550350, stop=551414, strand=-, frame=3, truncated=no, start-type=ATG, RBS-motif=AGGA
11:55:11.532 - INFO - CDS - contig=contig_2, start=551437, stop=551655, strand=-, frame=2, truncated=no, start-type=ATG, RBS-motif=GGAG/GAGG
11:55:11.532 - INFO - CDS - contig=contig_2, start=551728, stop=551964, strand=+, frame=1, truncated=no, start-type=ATG, RBS-motif=GGAG/GAGG
11:55:11.532 - INFO - CDS - contig=contig_2, start=551959, stop=552678, strand=-, frame=2, truncated=no, start-type=GTG, RBS-motif=AGxAGG/AGGxGG
11:55:11.532 - INFO - CDS - contig=contig_2, start=552839, stop=553339, strand=-, frame=1, truncated=no, start-type=TTG, RBS-motif=GGAG/GAGG
11:55:11.532 - INFO - CDS - contig=contig_2, start=553442, stop=554239, strand=+, frame=2, truncated=no, start-type=ATG, RBS-motif=AGxAGG/AGGxGG
11:55:11.532 - INFO - CDS - contig=contig_2, start=554297, stop=554479, strand=-, frame=1, truncated=no, start-type=ATG, RBS-motif=GGAGG
11:55:11.532 - INFO - CDS - contig=contig_2, start=554664, stop=557102, strand=-, frame=3, truncated=no, start-type=TTG, RBS-motif=AGGA
11:55:11.532 - INFO - CDS - contig=contig_2, start=557362, stop=557784, strand=+, frame=1, truncated=no, start-type=GTG, RBS-motif=AGGA
11:55:11.532 - INFO - CDS - contig=contig_2, start=557844, stop=559754, strand=+, frame=3, truncated=no, start-type=ATG, RBS-motif=AGGAGG
11:55:11.532 - INFO - CDS - contig=contig_2, start=559782, stop=560993, strand=+, frame=3, truncated=no, start-type=ATG, RBS-motif=AGGAGG
11:55:11.532 - INFO - CDS - contig=contig_2, start=561091, stop=562080, strand=-, frame=2, truncated=no, start-type=ATG, RBS-motif=GGAG/GAGG
11:55:11.532 - INFO - CDS - contig=contig_2, start=562077, stop=562892, strand=-, frame=3, truncated=no, start-type=ATG, RBS-motif=AGGAG
11:55:11.532 - INFO - CDS - contig=contig_2, start=562885, stop=563643, strand=-, frame=2, truncated=no, start-type=ATG, RBS-motif=AGGAG/GGAGG
11:55:11.532 - INFO - CDS - contig=contig_2, start=563829, stop=564527, strand=-, frame=3, truncated=no, start-type=ATG, RBS-motif=GGA/GAG/AGG
11:55:11.532 - INFO - CDS - contig=contig_2, start=564625, stop=564744, strand=+, frame=1, truncated=no, start-type=ATG, RBS-motif=GGAG/GAGG
11:55:11.532 - INFO - CDS - contig=contig_2, start=564847, stop=565179, strand=+, frame=1, truncated=no, start-type=ATG, RBS-motif=AGGAG
11:55:11.533 - INFO - CDS - contig=contig_2, start=565240, stop=566160, strand=+, frame=1, truncated=no, start-type=ATG, RBS-motif=GGAG/GAGG
11:55:11.533 - INFO - CDS - contig=contig_2, start=566470, stop=567165, strand=-, frame=2, truncated=no, start-type=ATG, RBS-motif=AGGAGG
11:55:11.533 - INFO - CDS - contig=contig_2, start=567278, stop=567562, strand=-, frame=1, truncated=no, start-type=ATG, RBS-motif=AGGAGG
11:55:11.533 - INFO - CDS - contig=contig_2, start=567731, stop=568129, strand=+, frame=2, truncated=no, start-type=ATG, RBS-motif=AGGAG
11:55:11.533 - INFO - CDS - contig=contig_2, start=568214, stop=568747, strand=+, frame=2, truncated=no, start-type=ATG, RBS-motif=AGGAG
11:55:11.533 - INFO - CDS - contig=contig_2, start=568759, stop=569217, strand=+, frame=1, truncated=no, start-type=ATG, RBS-motif=GGA/GAG/AGG
11:55:11.533 - INFO - CDS - contig=contig_2, start=569369, stop=569770, strand=+, frame=2, truncated=no, start-type=ATG, RBS-motif=AGxAGG/AGGxGG
11:55:11.533 - INFO - CDS - contig=contig_2, start=569772, stop=571391, strand=+, frame=3, truncated=no, start-type=ATG, RBS-motif=GGAGG
11:55:11.533 - INFO - CDS - contig=contig_2, start=571404, stop=572093, strand=+, frame=3, truncated=no, start-type=ATG, RBS-motif=GGAG/GAGG
11:55:11.533 - INFO - CDS - contig=contig_2, start=572151, stop=572315, strand=-, frame=3, truncated=no, start-type=ATG, RBS-motif=AGGAGG
11:55:11.533 - INFO - CDS - contig=contig_2, start=572491, stop=573414, strand=+, frame=1, truncated=no, start-type=ATG, RBS-motif=GGAG/GAGG
11:55:11.533 - INFO - CDS - contig=contig_2, start=573407, stop=574162, strand=+, frame=2, truncated=no, start-type=ATG, RBS-motif=GGxGG
11:55:11.533 - INFO - CDS - contig=contig_2, start=574162, stop=574929, strand=+, frame=1, truncated=no, start-type=ATG, RBS-motif=GGA/GAG/AGG
11:55:11.533 - INFO - CDS - contig=contig_2, start=574947, stop=575837, strand=+, frame=3, truncated=no, start-type=ATG, RBS-motif=AGGAGG
11:55:11.533 - INFO - CDS - contig=contig_2, start=575970, stop=576827, strand=+, frame=3, truncated=no, start-type=ATG, RBS-motif=GGAG/GAGG
11:55:11.533 - INFO - CDS - contig=contig_2, start=576841, stop=578235, strand=+, frame=1, truncated=no, start-type=ATG, RBS-motif=AGGAGG
11:55:11.533 - INFO - CDS - contig=contig_2, start=578414, stop=578980, strand=-, frame=1, truncated=no, start-type=ATG, RBS-motif=AGGAGG
11:55:11.533 - INFO - CDS - contig=contig_2, start=579169, stop=579384, strand=-, frame=2, truncated=no, start-type=ATG, RBS-motif=GGxGG
11:55:11.533 - INFO - CDS - contig=contig_2, start=579423, stop=579620, strand=-, frame=3, truncated=no, start-type=ATG, RBS-motif=AGGAGG
11:55:11.534 - INFO - CDS - contig=contig_2, start=579679, stop=581046, strand=-, frame=2, truncated=no, start-type=ATG, RBS-motif=GGAG/GAGG
11:55:11.534 - INFO - CDS - contig=contig_2, start=581183, stop=582511, strand=-, frame=1, truncated=no, start-type=ATG, RBS-motif=AGGA
11:55:11.534 - INFO - CDS - contig=contig_2, start=582628, stop=585579, strand=-, frame=2, truncated=no, start-type=ATG, RBS-motif=GGAG/GAGG
11:55:11.534 - INFO - CDS - contig=contig_2, start=585768, stop=587087, strand=-, frame=3, truncated=no, start-type=ATG, RBS-motif=AGGAGG
11:55:11.534 - INFO - CDS - contig=contig_2, start=587262, stop=587831, strand=+, frame=3, truncated=no, start-type=ATG, RBS-motif=AGxAGG/AGGxGG
11:55:11.534 - INFO - CDS - contig=contig_2, start=587848, stop=588033, strand=+, frame=1, truncated=no, start-type=ATG, RBS-motif=AGGAGG
11:55:11.534 - INFO - CDS - contig=contig_2, start=588048, stop=588299, strand=+, frame=3, truncated=no, start-type=ATG, RBS-motif=AGGAGG
11:55:11.534 - INFO - CDS - contig=contig_2, start=588428, stop=589618, strand=+, frame=2, truncated=no, start-type=ATG, RBS-motif=AGGAG
11:55:11.534 - INFO - CDS - contig=contig_2, start=589637, stop=590074, strand=+, frame=2, truncated=no, start-type=ATG, RBS-motif=AGGAG
11:55:11.534 - INFO - CDS - contig=contig_2, start=590226, stop=591191, strand=+, frame=3, truncated=no, start-type=ATG, RBS-motif=AGGAGG
11:55:11.534 - INFO - CDS - contig=contig_2, start=591369, stop=592076, strand=+, frame=3, truncated=no, start-type=ATG, RBS-motif=AGGAGG
11:55:11.534 - INFO - CDS - contig=contig_2, start=592165, stop=593079, strand=+, frame=1, truncated=no, start-type=ATG, RBS-motif=GGAGG
11:55:11.534 - INFO - CDS - contig=contig_2, start=593479, stop=594192, strand=-, frame=2, truncated=no, start-type=ATG, RBS-motif=GGxGG
11:55:11.534 - INFO - CDS - contig=contig_2, start=594589, stop=595212, strand=+, frame=1, truncated=no, start-type=ATG, RBS-motif=AGGAGG
11:55:11.534 - INFO - CDS - contig=contig_2, start=595315, stop=595989, strand=-, frame=2, truncated=no, start-type=ATG, RBS-motif=GGA/GAG/AGG
11:55:11.534 - INFO - CDS - contig=contig_2, start=596000, stop=596389, strand=-, frame=1, truncated=no, start-type=GTG, RBS-motif=AGGAG
11:55:11.534 - INFO - CDS - contig=contig_2, start=596677, stop=597264, strand=-, frame=2, truncated=no, start-type=TTG, RBS-motif=AGxAGG/AGGxGG
11:55:11.534 - INFO - CDS - contig=contig_2, start=597396, stop=597836, strand=-, frame=3, truncated=no, start-type=ATG, RBS-motif=None
11:55:11.535 - INFO - CDS - contig=contig_2, start=598132, stop=598803, strand=-, frame=2, truncated=no, start-type=ATG, RBS-motif=AGGAG
11:55:11.535 - INFO - CDS - contig=contig_2, start=599732, stop=600583, strand=-, frame=1, truncated=no, start-type=ATG, RBS-motif=GGAG/GAGG
11:55:11.535 - INFO - CDS - contig=contig_2, start=601493, stop=601735, strand=-, frame=1, truncated=no, start-type=ATG, RBS-motif=AGGAG
11:55:11.535 - INFO - CDS - contig=contig_2, start=601938, stop=602816, strand=+, frame=3, truncated=no, start-type=ATG, RBS-motif=AGxAGG/AGGxGG
11:55:11.535 - INFO - CDS - contig=contig_2, start=602892, stop=603830, strand=-, frame=3, truncated=no, start-type=ATG, RBS-motif=GGA/GAG/AGG
11:55:11.535 - INFO - CDS - contig=contig_2, start=604278, stop=604652, strand=-, frame=3, truncated=no, start-type=ATG, RBS-motif=AGGAGG
11:55:11.535 - INFO - CDS - contig=contig_2, start=604663, stop=605235, strand=-, frame=2, truncated=no, start-type=GTG, RBS-motif=None
11:55:11.535 - INFO - CDS - contig=contig_2, start=605287, stop=606015, strand=-, frame=2, truncated=no, start-type=ATG, RBS-motif=AGxAGG/AGGxGG
11:55:11.535 - INFO - CDS - contig=contig_2, start=606192, stop=606788, strand=-, frame=3, truncated=no, start-type=ATG, RBS-motif=3Base/5BMM
11:55:11.535 - INFO - CDS - contig=contig_2, start=606785, stop=607180, strand=-, frame=1, truncated=no, start-type=ATG, RBS-motif=AGxAGG/AGGxGG
11:55:11.535 - INFO - CDS - contig=contig_2, start=607185, stop=607742, strand=-, frame=3, truncated=no, start-type=ATG, RBS-motif=GGAGG
11:55:11.535 - INFO - CDS - contig=contig_2, start=607756, stop=608190, strand=-, frame=2, truncated=no, start-type=ATG, RBS-motif=AGGAGG
11:55:11.535 - INFO - CDS - contig=contig_2, start=608187, stop=608684, strand=-, frame=3, truncated=no, start-type=ATG, RBS-motif=AGGAG
11:55:11.535 - INFO - CDS - contig=contig_2, start=608697, stop=609332, strand=-, frame=3, truncated=no, start-type=ATG, RBS-motif=GGAGG
11:55:11.535 - INFO - CDS - contig=contig_2, start=609335, stop=609655, strand=-, frame=1, truncated=no, start-type=ATG, RBS-motif=AGGAGG
11:55:11.535 - INFO - CDS - contig=contig_2, start=609657, stop=610565, strand=-, frame=3, truncated=no, start-type=ATG, RBS-motif=AGxAGG/AGGxGG
11:55:11.535 - INFO - CDS - contig=contig_2, start=610695, stop=610907, strand=+, frame=3, truncated=no, start-type=ATG, RBS-motif=GGAG/GAGG
11:55:11.535 - INFO - CDS - contig=contig_2, start=611050, stop=611226, strand=+, frame=1, truncated=no, start-type=GTG, RBS-motif=GGxGG
11:55:11.535 - INFO - CDS - contig=contig_2, start=611233, stop=611982, strand=+, frame=1, truncated=no, start-type=ATG, RBS-motif=None
11:55:11.536 - INFO - CDS - contig=contig_2, start=611992, stop=612435, strand=+, frame=1, truncated=no, start-type=ATG, RBS-motif=GGA/GAG/AGG
11:55:11.536 - INFO - CDS - contig=contig_2, start=612473, stop=612745, strand=-, frame=1, truncated=no, start-type=TTG, RBS-motif=GGA/GAG/AGG
11:55:11.536 - INFO - CDS - contig=contig_2, start=612702, stop=616439, strand=-, frame=3, truncated=no, start-type=ATG, RBS-motif=None
11:55:11.536 - INFO - CDS - contig=contig_2, start=616698, stop=618608, strand=-, frame=3, truncated=no, start-type=ATG, RBS-motif=GGAGG
11:55:11.536 - INFO - CDS - contig=contig_2, start=619376, stop=620569, strand=-, frame=1, truncated=no, start-type=ATG, RBS-motif=AGGAGG
11:55:11.536 - INFO - CDS - contig=contig_2, start=621165, stop=622457, strand=-, frame=3, truncated=no, start-type=ATG, RBS-motif=AGGAGG
11:55:11.536 - INFO - CDS - contig=contig_2, start=622468, stop=624165, strand=-, frame=2, truncated=no, start-type=ATG, RBS-motif=AGGAG
11:55:11.536 - INFO - CDS - contig=contig_2, start=624190, stop=625368, strand=-, frame=2, truncated=no, start-type=ATG, RBS-motif=AGGAGG
11:55:11.536 - INFO - CDS - contig=contig_2, start=625449, stop=627005, strand=-, frame=3, truncated=no, start-type=ATG, RBS-motif=AGGAGG
11:55:11.536 - INFO - CDS - contig=contig_2, start=627086, stop=628273, strand=-, frame=1, truncated=no, start-type=TTG, RBS-motif=AGGAG
11:55:11.536 - INFO - CDS - contig=contig_2, start=628527, stop=630641, strand=-, frame=3, truncated=no, start-type=ATG, RBS-motif=AGxAGG/AGGxGG
11:55:11.536 - INFO - CDS - contig=contig_2, start=630839, stop=632017, strand=+, frame=2, truncated=no, start-type=ATG, RBS-motif=AGGAG
11:55:11.536 - INFO - CDS - contig=contig_2, start=632123, stop=632338, strand=+, frame=2, truncated=no, start-type=ATG, RBS-motif=None
11:55:11.536 - INFO - CDS - contig=contig_2, start=632799, stop=633515, strand=-, frame=3, truncated=no, start-type=GTG, RBS-motif=GGA/GAG/AGG
11:55:11.536 - INFO - CDS - contig=contig_2, start=633499, stop=634164, strand=-, frame=2, truncated=no, start-type=GTG, RBS-motif=GGA/GAG/AGG
11:55:11.536 - INFO - CDS - contig=contig_2, start=634168, stop=634650, strand=-, frame=2, truncated=no, start-type=GTG, RBS-motif=None
11:55:11.537 - INFO - CDS - contig=contig_2, start=634824, stop=636110, strand=-, frame=3, truncated=no, start-type=ATG, RBS-motif=AGGAG
11:55:11.537 - INFO - CDS - contig=contig_2, start=636314, stop=636760, strand=+, frame=2, truncated=no, start-type=GTG, RBS-motif=GGA/GAG/AGG
11:55:11.537 - INFO - CDS - contig=contig_2, start=636953, stop=637213, strand=+, frame=2, truncated=no, start-type=ATG, RBS-motif=AGGAG
11:55:11.537 - INFO - CDS - contig=contig_2, start=637295, stop=637909, strand=-, frame=1, truncated=no, start-type=TTG, RBS-motif=GGAG/GAGG
11:55:11.537 - INFO - CDS - contig=contig_2, start=638869, stop=639441, strand=-, frame=2, truncated=no, start-type=ATG, RBS-motif=AGGAGG
11:55:11.537 - INFO - CDS - contig=contig_2, start=639438, stop=640268, strand=-, frame=3, truncated=no, start-type=GTG, RBS-motif=AGGAGG
11:55:11.537 - INFO - CDS - contig=contig_2, start=640261, stop=640974, strand=-, frame=2, truncated=no, start-type=ATG, RBS-motif=AGGA/GGAG/GAGG
11:55:11.537 - INFO - CDS - contig=contig_2, start=640976, stop=642481, strand=-, frame=1, truncated=no, start-type=ATG, RBS-motif=GGAGG
11:55:11.537 - INFO - CDS - contig=contig_2, start=642579, stop=642890, strand=-, frame=3, truncated=no, start-type=ATG, RBS-motif=AGGAG
11:55:11.537 - INFO - CDS - contig=contig_2, start=642912, stop=643316, strand=-, frame=3, truncated=no, start-type=ATG, RBS-motif=AGGAGG
11:55:11.537 - INFO - CDS - contig=contig_2, start=643384, stop=644130, strand=-, frame=2, truncated=no, start-type=ATG, RBS-motif=AGGA
11:55:11.537 - INFO - CDS - contig=contig_2, start=644281, stop=644529, strand=-, frame=2, truncated=no, start-type=ATG, RBS-motif=GGA/GAG/AGG
11:55:11.537 - INFO - CDS - contig=contig_2, start=644720, stop=645463, strand=+, frame=2, truncated=no, start-type=GTG, RBS-motif=GGAGG
11:55:11.537 - INFO - CDS - contig=contig_2, start=645534, stop=646259, strand=+, frame=3, truncated=no, start-type=ATG, RBS-motif=AGGAGG
11:55:11.537 - INFO - CDS - contig=contig_2, start=646256, stop=646999, strand=+, frame=2, truncated=no, start-type=ATG, RBS-motif=AGGAGG
11:55:11.537 - INFO - CDS - contig=contig_2, start=647415, stop=647819, strand=+, frame=3, truncated=no, start-type=ATG, RBS-motif=GGxGG
11:55:11.537 - INFO - CDS - contig=contig_2, start=647836, stop=648552, strand=+, frame=1, truncated=no, start-type=ATG, RBS-motif=GGAGG
11:55:11.537 - INFO - CDS - contig=contig_2, start=649366, stop=650994, strand=-, frame=2, truncated=no, start-type=ATG, RBS-motif=AGGA/GGAG/GAGG
11:55:11.538 - INFO - CDS - contig=contig_2, start=651245, stop=651865, strand=-, frame=1, truncated=no, start-type=GTG, RBS-motif=GGAG/GAGG
11:55:11.538 - INFO - CDS - contig=contig_2, start=651921, stop=652274, strand=-, frame=3, truncated=no, start-type=ATG, RBS-motif=AGxAGG/AGGxGG
11:55:11.538 - INFO - CDS - contig=contig_2, start=652832, stop=653506, strand=-, frame=1, truncated=no, start-type=ATG, RBS-motif=AGxAGG/AGGxGG
11:55:11.538 - INFO - CDS - contig=contig_2, start=653877, stop=655475, strand=+, frame=3, truncated=no, start-type=ATG, RBS-motif=GGAG/GAGG
11:55:11.538 - INFO - CDS - contig=contig_2, start=655492, stop=656787, strand=+, frame=1, truncated=no, start-type=ATG, RBS-motif=GGAGG
11:55:11.538 - INFO - CDS - contig=contig_2, start=656784, stop=658772, strand=+, frame=3, truncated=no, start-type=ATG, RBS-motif=GGAG/GAGG
11:55:11.538 - INFO - CDS - contig=contig_2, start=658747, stop=659691, strand=+, frame=1, truncated=no, start-type=ATG, RBS-motif=3Base/5BMM
11:55:11.538 - INFO - CDS - contig=contig_2, start=660152, stop=660472, strand=+, frame=2, truncated=no, start-type=TTG, RBS-motif=3Base/5BMM
11:55:11.538 - INFO - CDS - contig=contig_2, start=660474, stop=660941, strand=+, frame=3, truncated=no, start-type=ATG, RBS-motif=GGAG/GAGG
11:55:11.538 - INFO - CDS - contig=contig_2, start=660947, stop=663217, strand=+, frame=2, truncated=no, start-type=ATG, RBS-motif=GGAG/GAGG
11:55:11.538 - INFO - CDS - contig=contig_2, start=663263, stop=663646, strand=+, frame=2, truncated=no, start-type=ATG, RBS-motif=GGA/GAG/AGG
11:55:11.538 - INFO - CDS - contig=contig_2, start=663708, stop=664241, strand=+, frame=3, truncated=no, start-type=ATG, RBS-motif=AGGA
11:55:11.538 - INFO - CDS - contig=contig_2, start=664238, stop=664618, strand=+, frame=2, truncated=no, start-type=ATG, RBS-motif=GGAGG
11:55:11.538 - INFO - CDS - contig=contig_2, start=664944, stop=666134, strand=+, frame=3, truncated=no, start-type=ATG, RBS-motif=GGA/GAG/AGG
11:55:11.538 - INFO - CDS - contig=contig_2, start=666221, stop=667186, strand=-, frame=1, truncated=no, start-type=ATG, RBS-motif=AGGAG
11:55:11.538 - INFO - CDS - contig=contig_2, start=667505, stop=667687, strand=+, frame=2, truncated=no, start-type=ATG, RBS-motif=AGGA
11:55:11.538 - INFO - CDS - contig=contig_2, start=667689, stop=667898, strand=+, frame=3, truncated=no, start-type=ATG, RBS-motif=GGAGG
11:55:11.538 - INFO - CDS - contig=contig_2, start=667895, stop=668335, strand=+, frame=2, truncated=no, start-type=ATG, RBS-motif=GGAGG
11:55:11.539 - INFO - CDS - contig=contig_2, start=668329, stop=668700, strand=+, frame=1, truncated=no, start-type=ATG, RBS-motif=AGGAG/GGAGG
11:55:11.539 - INFO - CDS - contig=contig_2, start=669034, stop=669444, strand=+, frame=1, truncated=no, start-type=ATG, RBS-motif=AGGAGG
11:55:11.539 - INFO - CDS - contig=contig_2, start=669441, stop=671231, strand=+, frame=3, truncated=no, start-type=ATG, RBS-motif=GGAG/GAGG
11:55:11.539 - INFO - CDS - contig=contig_2, start=671374, stop=671679, strand=+, frame=1, truncated=no, start-type=ATG, RBS-motif=AGGAGG
11:55:11.539 - INFO - CDS - contig=contig_2, start=671685, stop=671888, strand=+, frame=3, truncated=no, start-type=ATG, RBS-motif=AGGAGG
11:55:11.539 - INFO - CDS - contig=contig_2, start=671942, stop=673144, strand=+, frame=2, truncated=no, start-type=ATG, RBS-motif=GGAGG
11:55:11.539 - INFO - CDS - contig=contig_2, start=673108, stop=674736, strand=+, frame=1, truncated=no, start-type=ATG, RBS-motif=AGGAG
11:55:11.539 - INFO - CDS - contig=contig_2, start=674765, stop=674893, strand=+, frame=2, truncated=no, start-type=ATG, RBS-motif=AGGAGG
11:55:11.539 - INFO - CDS - contig=contig_2, start=675188, stop=675376, strand=+, frame=2, truncated=no, start-type=ATG, RBS-motif=GGAG/GAGG
11:55:11.539 - INFO - CDS - contig=contig_2, start=675637, stop=677169, strand=-, frame=2, truncated=no, start-type=ATG, RBS-motif=AGGAGG
11:55:11.539 - INFO - CDS - contig=contig_2, start=677169, stop=678854, strand=-, frame=3, truncated=no, start-type=ATG, RBS-motif=AGxAGG/AGGxGG
11:55:11.539 - INFO - CDS - contig=contig_2, start=680078, stop=680626, strand=+, frame=2, truncated=no, start-type=ATG, RBS-motif=GGAGG
11:55:11.539 - INFO - CDS - contig=contig_2, start=680721, stop=680879, strand=+, frame=3, truncated=no, start-type=ATG, RBS-motif=GGAGG
11:55:11.539 - INFO - CDS - contig=contig_2, start=680959, stop=681417, strand=-, frame=2, truncated=no, start-type=ATG, RBS-motif=AGGAGG
11:55:11.539 - INFO - CDS - contig=contig_2, start=681566, stop=682267, strand=+, frame=2, truncated=no, start-type=ATG, RBS-motif=GGAG/GAGG
11:55:11.539 - INFO - CDS - contig=contig_2, start=682540, stop=684225, strand=+, frame=1, truncated=no, start-type=ATG, RBS-motif=AGxAGG/AGGxGG
11:55:11.539 - INFO - CDS - contig=contig_2, start=684429, stop=684671, strand=+, frame=3, truncated=no, start-type=ATG, RBS-motif=AGGAGG
11:55:11.539 - INFO - CDS - contig=contig_2, start=684755, stop=685189, strand=+, frame=2, truncated=no, start-type=ATG, RBS-motif=AGGAGG
11:55:11.540 - INFO - CDS - contig=contig_2, start=685394, stop=685864, strand=+, frame=2, truncated=no, start-type=GTG, RBS-motif=AGGAGG
11:55:11.540 - INFO - CDS - contig=contig_2, start=685883, stop=687991, strand=+, frame=2, truncated=no, start-type=ATG, RBS-motif=AGGAG
11:55:11.540 - INFO - CDS - contig=contig_2, start=688103, stop=689305, strand=+, frame=2, truncated=no, start-type=ATG, RBS-motif=AGGAGG
11:55:11.540 - INFO - CDS - contig=contig_2, start=689540, stop=690094, strand=+, frame=2, truncated=no, start-type=ATG, RBS-motif=GGAG/GAGG
11:55:11.540 - INFO - CDS - contig=contig_2, start=690383, stop=691198, strand=+, frame=2, truncated=no, start-type=TTG, RBS-motif=GGAGG
11:55:11.540 - INFO - CDS - contig=contig_2, start=691228, stop=692664, strand=+, frame=1, truncated=no, start-type=ATG, RBS-motif=AGGA
11:55:11.540 - INFO - CDS - contig=contig_2, start=692713, stop=694059, strand=+, frame=1, truncated=no, start-type=ATG, RBS-motif=AGGAG
11:55:11.540 - INFO - CDS - contig=contig_2, start=694287, stop=695120, strand=+, frame=3, truncated=no, start-type=ATG, RBS-motif=AGxAGG/AGGxGG
11:55:11.540 - INFO - CDS - contig=contig_2, start=695136, stop=695705, strand=+, frame=3, truncated=no, start-type=ATG, RBS-motif=GGA/GAG/AGG
11:55:11.540 - INFO - CDS - contig=contig_2, start=695809, stop=696273, strand=-, frame=2, truncated=no, start-type=GTG, RBS-motif=GGAG/GAGG
11:55:11.540 - INFO - CDS - contig=contig_2, start=696378, stop=697124, strand=+, frame=3, truncated=no, start-type=ATG, RBS-motif=AGxAGG/AGGxGG
11:55:11.540 - INFO - CDS - contig=contig_2, start=697298, stop=698389, strand=+, frame=2, truncated=no, start-type=ATG, RBS-motif=AGGAGG
11:55:11.540 - INFO - CDS - contig=contig_2, start=698593, stop=699285, strand=+, frame=1, truncated=no, start-type=ATG, RBS-motif=AGGAG
11:55:11.540 - INFO - CDS - contig=contig_2, start=699269, stop=700168, strand=+, frame=2, truncated=no, start-type=ATG, RBS-motif=GGxGG
11:55:11.540 - INFO - CDS - contig=contig_2, start=700192, stop=701454, strand=+, frame=1, truncated=no, start-type=TTG, RBS-motif=GGAGG
11:55:11.540 - INFO - CDS - contig=contig_2, start=701582, stop=702682, strand=+, frame=2, truncated=no, start-type=TTG, RBS-motif=AGGA/GGAG/GAGG
11:55:11.540 - INFO - CDS - contig=contig_2, start=702831, stop=703559, strand=+, frame=3, truncated=no, start-type=ATG, RBS-motif=AGxAGG/AGGxGG
11:55:11.541 - INFO - CDS - contig=contig_2, start=703650, stop=704126, strand=+, frame=3, truncated=no, start-type=ATG, RBS-motif=GGA/GAG/AGG
11:55:11.541 - INFO - CDS - contig=contig_2, start=704175, stop=705677, strand=+, frame=3, truncated=no, start-type=ATG, RBS-motif=AGGAG
11:55:11.541 - INFO - CDS - contig=contig_2, start=705845, stop=707074, strand=-, frame=1, truncated=no, start-type=ATG, RBS-motif=GGAGG
11:55:11.541 - INFO - CDS - contig=contig_2, start=707132, stop=707332, strand=-, frame=1, truncated=no, start-type=ATG, RBS-motif=AGGAGG
11:55:11.541 - INFO - CDS - contig=contig_2, start=708253, stop=709317, strand=+, frame=1, truncated=no, start-type=ATG, RBS-motif=AGGAGG
11:55:11.541 - INFO - CDS - contig=contig_2, start=709334, stop=711607, strand=+, frame=2, truncated=no, start-type=GTG, RBS-motif=AGGAGG
11:55:11.541 - INFO - CDS - contig=contig_2, start=711677, stop=712696, strand=+, frame=2, truncated=no, start-type=ATG, RBS-motif=AGGAG
11:55:11.541 - INFO - CDS - contig=contig_2, start=712735, stop=714513, strand=+, frame=1, truncated=no, start-type=ATG, RBS-motif=GGAGG
11:55:11.541 - INFO - CDS - contig=contig_2, start=714510, stop=714773, strand=+, frame=3, truncated=no, start-type=ATG, RBS-motif=GGA/GAG/AGG
11:55:11.541 - INFO - CDS - contig=contig_2, start=714846, stop=715808, strand=+, frame=3, truncated=no, start-type=ATG, RBS-motif=AGGAG
11:55:11.541 - INFO - CDS - contig=contig_2, start=715820, stop=716371, strand=+, frame=2, truncated=no, start-type=ATG, RBS-motif=AGGAGG
11:55:11.541 - INFO - CDS - contig=contig_2, start=716368, stop=718560, strand=+, frame=1, truncated=no, start-type=TTG, RBS-motif=AGGA/GGAG/GAGG
11:55:11.541 - INFO - CDS - contig=contig_2, start=718626, stop=719108, strand=+, frame=3, truncated=no, start-type=TTG, RBS-motif=GGA/GAG/AGG
11:55:11.541 - INFO - CDS - contig=contig_2, start=719122, stop=719346, strand=+, frame=1, truncated=no, start-type=ATG, RBS-motif=AGGAG
11:55:11.541 - INFO - CDS - contig=contig_2, start=719343, stop=719663, strand=+, frame=3, truncated=no, start-type=ATG, RBS-motif=AGGAG
11:55:11.541 - INFO - CDS - contig=contig_2, start=719663, stop=721687, strand=+, frame=2, truncated=no, start-type=ATG, RBS-motif=AGGAGG
11:55:11.541 - INFO - CDS - contig=contig_2, start=721764, stop=721988, strand=+, frame=3, truncated=no, start-type=ATG, RBS-motif=GGAGG
11:55:11.542 - INFO - CDS - contig=contig_2, start=722009, stop=724129, strand=+, frame=2, truncated=no, start-type=GTG, RBS-motif=AGGAGG
11:55:11.542 - INFO - CDS - contig=contig_2, start=724126, stop=726591, strand=+, frame=1, truncated=no, start-type=ATG, RBS-motif=AGGAGG
11:55:11.542 - INFO - CDS - contig=contig_2, start=726596, stop=727228, strand=+, frame=2, truncated=no, start-type=ATG, RBS-motif=AGGAGG
11:55:11.542 - INFO - CDS - contig=contig_2, start=727406, stop=728317, strand=+, frame=2, truncated=no, start-type=ATG, RBS-motif=AGGAGG
11:55:11.542 - INFO - CDS - contig=contig_2, start=728791, stop=729126, strand=-, frame=2, truncated=no, start-type=ATG, RBS-motif=GGAGG
11:55:11.542 - INFO - CDS - contig=contig_2, start=730029, stop=730238, strand=-, frame=3, truncated=no, start-type=ATG, RBS-motif=None
11:55:11.542 - INFO - CDS - contig=contig_2, start=730514, stop=732253, strand=-, frame=1, truncated=no, start-type=ATG, RBS-motif=AGGAGG
11:55:11.542 - INFO - CDS - contig=contig_2, start=732250, stop=734001, strand=-, frame=2, truncated=no, start-type=GTG, RBS-motif=AGGAG
11:55:11.542 - INFO - CDS - contig=contig_2, start=734072, stop=734692, strand=-, frame=1, truncated=no, start-type=ATG, RBS-motif=GGAGG
11:55:11.542 - INFO - CDS - contig=contig_2, start=734859, stop=735488, strand=+, frame=3, truncated=no, start-type=ATG, RBS-motif=GGAG/GAGG
11:55:11.542 - INFO - CDS - contig=contig_2, start=735564, stop=737309, strand=+, frame=3, truncated=no, start-type=ATG, RBS-motif=AGGAGG
11:55:11.542 - INFO - CDS - contig=contig_2, start=737306, stop=739036, strand=+, frame=2, truncated=no, start-type=ATG, RBS-motif=AGGAGG
11:55:11.542 - INFO - CDS - contig=contig_2, start=739403, stop=740122, strand=+, frame=2, truncated=no, start-type=ATG, RBS-motif=AGxAGG/AGGxGG
11:55:11.542 - INFO - CDS - contig=contig_2, start=740424, stop=741023, strand=+, frame=3, truncated=no, start-type=ATG, RBS-motif=AGGAG/GGAGG
11:55:11.542 - INFO - CDS - contig=contig_2, start=741046, stop=741720, strand=+, frame=1, truncated=no, start-type=TTG, RBS-motif=AGGAGG
11:55:11.542 - INFO - CDS - contig=contig_2, start=741714, stop=743096, strand=+, frame=3, truncated=no, start-type=ATG, RBS-motif=GGxGG
11:55:11.543 - INFO - CDS - contig=contig_2, start=743115, stop=744095, strand=+, frame=3, truncated=no, start-type=ATG, RBS-motif=AGGAG
11:55:11.543 - INFO - CDS - contig=contig_2, start=744194, stop=745951, strand=+, frame=2, truncated=no, start-type=GTG, RBS-motif=AGGAG
11:55:11.543 - INFO - CDS - contig=contig_2, start=745954, stop=747699, strand=+, frame=1, truncated=no, start-type=ATG, RBS-motif=AGGAGG
11:55:11.543 - INFO - CDS - contig=contig_2, start=747774, stop=748739, strand=-, frame=3, truncated=no, start-type=ATG, RBS-motif=AGGAG(G)/GGAGG
11:55:11.543 - INFO - CDS - contig=contig_2, start=748929, stop=749540, strand=+, frame=3, truncated=no, start-type=ATG, RBS-motif=AGGAGG
11:55:11.543 - INFO - CDS - contig=contig_2, start=749537, stop=750262, strand=+, frame=2, truncated=no, start-type=ATG, RBS-motif=GGA/GAG/AGG
11:55:11.543 - INFO - CDS - contig=contig_2, start=750259, stop=751779, strand=+, frame=1, truncated=no, start-type=ATG, RBS-motif=AGxAGG/AGGxGG
11:55:11.543 - INFO - CDS - contig=contig_2, start=751833, stop=752585, strand=-, frame=3, truncated=no, start-type=ATG, RBS-motif=AGGA
11:55:11.543 - INFO - CDS - contig=contig_2, start=752582, stop=753589, strand=-, frame=1, truncated=no, start-type=ATG, RBS-motif=AGxAGG/AGGxGG
11:55:11.543 - INFO - CDS - contig=contig_2, start=753759, stop=755522, strand=+, frame=3, truncated=no, start-type=ATG, RBS-motif=AGGAGG
11:55:11.543 - INFO - CDS - contig=contig_2, start=755515, stop=757224, strand=+, frame=1, truncated=no, start-type=ATG, RBS-motif=AGxAGG/AGGxGG
11:55:11.543 - INFO - CDS - contig=contig_2, start=757401, stop=757868, strand=-, frame=3, truncated=no, start-type=ATG, RBS-motif=AGGAG
11:55:11.543 - INFO - CDS - contig=contig_2, start=757885, stop=758505, strand=-, frame=2, truncated=no, start-type=ATG, RBS-motif=AGGA
11:55:11.543 - INFO - CDS - contig=contig_2, start=758525, stop=759133, strand=-, frame=1, truncated=no, start-type=ATG, RBS-motif=GGAGG
11:55:11.543 - INFO - CDS - contig=contig_2, start=759120, stop=759353, strand=-, frame=3, truncated=no, start-type=ATG, RBS-motif=GGAGG
11:55:11.543 - INFO - CDS - contig=contig_2, start=759563, stop=760537, strand=-, frame=1, truncated=no, start-type=ATG, RBS-motif=GGAGG
11:55:11.543 - INFO - CDS - contig=contig_2, start=760727, stop=761329, strand=+, frame=2, truncated=no, start-type=ATG, RBS-motif=AGGAGG
11:55:11.543 - INFO - CDS - contig=contig_2, start=761326, stop=762015, strand=+, frame=1, truncated=no, start-type=ATG, RBS-motif=3Base/5BMM
11:55:11.544 - INFO - CDS - contig=contig_2, start=762012, stop=763409, strand=+, frame=3, truncated=no, start-type=ATG, RBS-motif=AGxAGG/AGGxGG
11:55:11.544 - INFO - CDS - contig=contig_2, start=763455, stop=763823, strand=+, frame=3, truncated=no, start-type=ATG, RBS-motif=AGxAGG/AGGxGG
11:55:11.544 - INFO - CDS - contig=contig_2, start=763968, stop=764264, strand=+, frame=3, truncated=no, start-type=TTG, RBS-motif=GGAGG
11:55:11.544 - INFO - CDS - contig=contig_2, start=764518, stop=765153, strand=+, frame=1, truncated=no, start-type=ATG, RBS-motif=GGAGG
11:55:11.544 - INFO - CDS - contig=contig_2, start=765426, stop=767186, strand=+, frame=3, truncated=no, start-type=ATG, RBS-motif=GGAGG
11:55:11.544 - INFO - CDS - contig=contig_2, start=767179, stop=768945, strand=+, frame=1, truncated=no, start-type=ATG, RBS-motif=AGGAGG
11:55:11.544 - INFO - CDS - contig=contig_2, start=768942, stop=769877, strand=+, frame=3, truncated=no, start-type=ATG, RBS-motif=4Base/6BMM
11:55:11.544 - INFO - CDS - contig=contig_2, start=769874, stop=770692, strand=+, frame=2, truncated=no, start-type=ATG, RBS-motif=AGxAGG/AGGxGG
11:55:11.544 - INFO - CDS - contig=contig_2, start=770695, stop=771477, strand=+, frame=1, truncated=no, start-type=ATG, RBS-motif=GGAGG
11:55:11.544 - INFO - CDS - contig=contig_2, start=771471, stop=772250, strand=+, frame=3, truncated=no, start-type=ATG, RBS-motif=AGGAG
11:55:11.544 - INFO - CDS - contig=contig_2, start=772273, stop=773937, strand=+, frame=1, truncated=no, start-type=ATG, RBS-motif=AGGAG
11:55:11.544 - INFO - CDS - contig=contig_2, start=773951, stop=774319, strand=+, frame=2, truncated=no, start-type=ATG, RBS-motif=GGAGG
11:55:11.544 - INFO - CDS - contig=contig_2, start=775058, stop=775471, strand=+, frame=2, truncated=no, start-type=ATG, RBS-motif=GGAGG
11:55:11.544 - INFO - CDS - contig=contig_2, start=775461, stop=775643, strand=+, frame=3, truncated=no, start-type=ATG, RBS-motif=AGxAGG/AGGxGG
11:55:11.544 - INFO - CDS - contig=contig_2, start=775831, stop=776034, strand=+, frame=1, truncated=no, start-type=ATG, RBS-motif=AGGAGG
11:55:11.544 - INFO - CDS - contig=contig_2, start=776027, stop=776743, strand=+, frame=2, truncated=no, start-type=GTG, RBS-motif=AGGAG
11:55:11.544 - INFO - CDS - contig=contig_2, start=776779, stop=777198, strand=-, frame=2, truncated=no, start-type=ATG, RBS-motif=GGAG/GAGG
11:55:11.544 - INFO - CDS - contig=contig_2, start=777333, stop=777713, strand=-, frame=3, truncated=no, start-type=ATG, RBS-motif=AGGA
11:55:11.545 - INFO - CDS - contig=contig_2, start=778148, stop=779626, strand=-, frame=1, truncated=no, start-type=ATG, RBS-motif=AGGAGG
11:55:11.545 - INFO - CDS - contig=contig_2, start=779637, stop=780338, strand=-, frame=3, truncated=no, start-type=ATG, RBS-motif=AGxAGG/AGGxGG
11:55:11.545 - INFO - CDS - contig=contig_2, start=780335, stop=780946, strand=-, frame=1, truncated=no, start-type=ATG, RBS-motif=AGGAGG
11:55:11.545 - INFO - CDS - contig=contig_2, start=781073, stop=782029, strand=-, frame=1, truncated=no, start-type=GTG, RBS-motif=AGGAG
11:55:11.545 - INFO - CDS - contig=contig_2, start=782443, stop=783129, strand=-, frame=2, truncated=no, start-type=ATG, RBS-motif=AGGAGG
11:55:11.545 - INFO - CDS - contig=contig_2, start=783132, stop=783935, strand=-, frame=3, truncated=no, start-type=ATG, RBS-motif=GGAGG
11:55:11.545 - INFO - CDS - contig=contig_2, start=784051, stop=785178, strand=-, frame=2, truncated=no, start-type=ATG, RBS-motif=GGAGG
11:55:11.545 - INFO - CDS - contig=contig_2, start=785281, stop=785799, strand=-, frame=2, truncated=no, start-type=ATG, RBS-motif=GGAG/GAGG
11:55:11.545 - INFO - CDS - contig=contig_2, start=785796, stop=786353, strand=-, frame=3, truncated=no, start-type=ATG, RBS-motif=AGGAG/GGAGG
11:55:11.545 - INFO - CDS - contig=contig_2, start=787302, stop=787481, strand=-, frame=3, truncated=no, start-type=ATG, RBS-motif=AGGAGG
11:55:11.545 - INFO - CDS - contig=contig_2, start=787441, stop=788103, strand=-, frame=2, truncated=no, start-type=ATG, RBS-motif=GGAG/GAGG
11:55:11.545 - INFO - CDS - contig=contig_2, start=788439, stop=789044, strand=-, frame=3, truncated=no, start-type=TTG, RBS-motif=AGGAGG
11:55:11.545 - INFO - CDS - contig=contig_2, start=789125, stop=789598, strand=-, frame=1, truncated=no, start-type=ATG, RBS-motif=AGGAG
11:55:11.545 - INFO - CDS - contig=contig_2, start=789794, stop=790480, strand=-, frame=1, truncated=no, start-type=ATG, RBS-motif=GGAGG
11:55:11.545 - INFO - CDS - contig=contig_2, start=790568, stop=790813, strand=-, frame=1, truncated=no, start-type=ATG, RBS-motif=GGAGG
11:55:11.545 - INFO - CDS - contig=contig_2, start=790862, stop=791401, strand=-, frame=1, truncated=no, start-type=ATG, RBS-motif=GGAGG
11:55:11.545 - INFO - CDS - contig=contig_2, start=791503, stop=792348, strand=-, frame=2, truncated=no, start-type=ATG, RBS-motif=AGGAGG
11:55:11.545 - INFO - CDS - contig=contig_2, start=792387, stop=793460, strand=-, frame=3, truncated=no, start-type=ATG, RBS-motif=GGAG/GAGG
11:55:11.545 - INFO - CDS - contig=contig_2, start=793494, stop=794309, strand=-, frame=3, truncated=no, start-type=ATG, RBS-motif=AGGA
11:55:11.546 - INFO - CDS - contig=contig_2, start=794420, stop=794827, strand=-, frame=1, truncated=no, start-type=ATG, RBS-motif=AGGA
11:55:11.546 - INFO - CDS - contig=contig_2, start=795097, stop=795702, strand=-, frame=2, truncated=no, start-type=ATG, RBS-motif=AGGAGG
11:55:11.546 - INFO - CDS - contig=contig_2, start=795854, stop=796333, strand=-, frame=1, truncated=no, start-type=ATG, RBS-motif=AGGA
11:55:11.546 - INFO - CDS - contig=contig_2, start=796330, stop=797031, strand=-, frame=2, truncated=no, start-type=ATG, RBS-motif=AGGAGG
11:55:11.546 - INFO - CDS - contig=contig_2, start=797092, stop=797682, strand=-, frame=2, truncated=no, start-type=ATG, RBS-motif=AGxAGG/AGGxGG
11:55:11.546 - INFO - CDS - contig=contig_2, start=797682, stop=798098, strand=-, frame=3, truncated=no, start-type=ATG, RBS-motif=GGAGG
11:55:11.546 - INFO - CDS - contig=contig_2, start=798159, stop=798506, strand=-, frame=3, truncated=no, start-type=ATG, RBS-motif=GGAGG
11:55:11.546 - INFO - CDS - contig=contig_2, start=798593, stop=798814, strand=-, frame=1, truncated=no, start-type=ATG, RBS-motif=AGGAGG
11:55:11.546 - INFO - CDS - contig=contig_2, start=798863, stop=799009, strand=-, frame=1, truncated=no, start-type=ATG, RBS-motif=AGGAG
11:55:11.546 - INFO - CDS - contig=contig_2, start=799193, stop=800071, strand=-, frame=1, truncated=no, start-type=ATG, RBS-motif=GGAGG
11:55:11.546 - INFO - CDS - contig=contig_2, start=800068, stop=801000, strand=-, frame=2, truncated=no, start-type=TTG, RBS-motif=AGGAGG
11:55:11.546 - INFO - CDS - contig=contig_2, start=801004, stop=802380, strand=-, frame=2, truncated=no, start-type=ATG, RBS-motif=AGGAGG
11:55:11.546 - INFO - CDS - contig=contig_2, start=802373, stop=803179, strand=-, frame=1, truncated=no, start-type=ATG, RBS-motif=AGGAGG
11:55:11.546 - INFO - CDS - contig=contig_2, start=803199, stop=804038, strand=-, frame=3, truncated=no, start-type=ATG, RBS-motif=AGGAG
11:55:11.546 - INFO - CDS - contig=contig_2, start=804051, stop=804563, strand=-, frame=3, truncated=no, start-type=ATG, RBS-motif=GGAG/GAGG
11:55:11.546 - INFO - CDS - contig=contig_2, start=804535, stop=806229, strand=-, frame=2, truncated=no, start-type=TTG, RBS-motif=AGGA/GGAG/GAGG
11:55:11.546 - INFO - CDS - contig=contig_2, start=806316, stop=806888, strand=-, frame=3, truncated=no, start-type=ATG, RBS-motif=AGGAG/GGAGG
11:55:11.546 - INFO - CDS - contig=contig_2, start=806962, stop=807462, strand=-, frame=2, truncated=no, start-type=ATG, RBS-motif=GGAG/GAGG
11:55:11.546 - INFO - CDS - contig=contig_2, start=807471, stop=807950, strand=-, frame=3, truncated=no, start-type=TTG, RBS-motif=GGxGG
11:55:11.547 - INFO - CDS - contig=contig_2, start=808251, stop=808919, strand=+, frame=3, truncated=no, start-type=ATG, RBS-motif=AGGAG
11:55:11.547 - INFO - CDS - contig=contig_2, start=808900, stop=809853, strand=+, frame=1, truncated=no, start-type=ATG, RBS-motif=GGAGG
11:55:11.547 - INFO - CDS - contig=contig_2, start=809997, stop=811556, strand=-, frame=3, truncated=no, start-type=ATG, RBS-motif=AGGAGG
11:55:11.547 - INFO - CDS - contig=contig_2, start=811585, stop=813492, strand=-, frame=2, truncated=no, start-type=ATG, RBS-motif=None
11:55:11.547 - INFO - CDS - contig=contig_2, start=813504, stop=814490, strand=-, frame=3, truncated=no, start-type=GTG, RBS-motif=GGAG/GAGG
11:55:11.547 - INFO - CDS - contig=contig_2, start=814774, stop=815436, strand=-, frame=2, truncated=no, start-type=TTG, RBS-motif=AGGAGG
11:55:11.547 - INFO - CDS - contig=contig_2, start=815440, stop=815967, strand=-, frame=2, truncated=no, start-type=ATG, RBS-motif=AGGAGG
11:55:11.547 - INFO - CDS - contig=contig_2, start=816102, stop=819158, strand=-, frame=3, truncated=no, start-type=ATG, RBS-motif=GGAG/GAGG
11:55:11.547 - INFO - CDS - contig=contig_2, start=819189, stop=820565, strand=-, frame=3, truncated=no, start-type=ATG, RBS-motif=AGGA
11:55:11.547 - INFO - CDS - contig=contig_2, start=820566, stop=821558, strand=-, frame=3, truncated=no, start-type=ATG, RBS-motif=AGGAGG
11:55:11.547 - INFO - CDS - contig=contig_2, start=821570, stop=822280, strand=-, frame=1, truncated=no, start-type=ATG, RBS-motif=AGGAGG
11:55:11.547 - INFO - CDS - contig=contig_2, start=822320, stop=822718, strand=-, frame=1, truncated=no, start-type=TTG, RBS-motif=GGAGG
11:55:11.547 - INFO - CDS - contig=contig_2, start=822972, stop=823523, strand=-, frame=3, truncated=no, start-type=ATG, RBS-motif=AGGAGG
11:55:11.547 - INFO - CDS - contig=contig_2, start=823536, stop=824675, strand=-, frame=3, truncated=no, start-type=ATG, RBS-motif=AGGAG
11:55:11.547 - INFO - CDS - contig=contig_2, start=825037, stop=825153, strand=+, frame=1, truncated=no, start-type=ATG, RBS-motif=GGAGG
11:55:11.547 - INFO - CDS - contig=contig_2, start=825268, stop=826650, strand=+, frame=1, truncated=no, start-type=TTG, RBS-motif=AGGAG
11:55:11.547 - INFO - CDS - contig=contig_2, start=826734, stop=827393, strand=+, frame=3, truncated=no, start-type=ATG, RBS-motif=AGGAGG
11:55:11.547 - INFO - CDS - contig=contig_2, start=827393, stop=828157, strand=+, frame=2, truncated=no, start-type=ATG, RBS-motif=GGAG/GAGG
11:55:11.548 - INFO - CDS - contig=contig_2, start=828224, stop=829444, strand=+, frame=2, truncated=no, start-type=ATG, RBS-motif=AGGAG
11:55:11.548 - INFO - CDS - contig=contig_2, start=829467, stop=831854, strand=+, frame=3, truncated=no, start-type=GTG, RBS-motif=GGAGG
11:55:11.548 - INFO - CDS - contig=contig_2, start=831904, stop=833208, strand=+, frame=1, truncated=no, start-type=ATG, RBS-motif=AGGAG
11:55:11.548 - INFO - CDS - contig=contig_2, start=833243, stop=834292, strand=+, frame=2, truncated=no, start-type=ATG, RBS-motif=AGGAGG
11:55:11.548 - INFO - CDS - contig=contig_2, start=834375, stop=834608, strand=+, frame=3, truncated=no, start-type=ATG, RBS-motif=AGGA/GGAG/GAGG
11:55:11.548 - INFO - CDS - contig=contig_2, start=834611, stop=835279, strand=+, frame=2, truncated=no, start-type=ATG, RBS-motif=GGA/GAG/AGG
11:55:11.548 - INFO - CDS - contig=contig_2, start=835326, stop=836015, strand=-, frame=3, truncated=no, start-type=ATG, RBS-motif=AGGAGG
11:55:11.548 - INFO - CDS - contig=contig_2, start=836012, stop=836650, strand=-, frame=1, truncated=no, start-type=GTG, RBS-motif=GGAGG
11:55:11.548 - INFO - CDS - contig=contig_2, start=836804, stop=840376, strand=+, frame=2, truncated=no, start-type=GTG, RBS-motif=AGxAGG/AGGxGG
11:55:11.548 - INFO - CDS - contig=contig_2, start=840445, stop=840690, strand=+, frame=1, truncated=no, start-type=ATG, RBS-motif=GGAG/GAGG
11:55:11.548 - INFO - CDS - contig=contig_2, start=840724, stop=841623, strand=+, frame=1, truncated=no, start-type=ATG, RBS-motif=AGGA
11:55:11.548 - INFO - CDS - contig=contig_2, start=841670, stop=842386, strand=+, frame=2, truncated=no, start-type=ATG, RBS-motif=AGGAGG
11:55:11.548 - INFO - CDS - contig=contig_2, start=842391, stop=842990, strand=+, frame=3, truncated=no, start-type=ATG, RBS-motif=GGAGG
11:55:11.548 - INFO - CDS - contig=contig_2, start=842974, stop=843279, strand=+, frame=1, truncated=no, start-type=ATG, RBS-motif=GGAG/GAGG
11:55:11.548 - INFO - CDS - contig=contig_2, start=843317, stop=844516, strand=+, frame=2, truncated=no, start-type=ATG, RBS-motif=GGAGG
11:55:11.548 - INFO - CDS - contig=contig_2, start=844527, stop=846032, strand=+, frame=3, truncated=no, start-type=ATG, RBS-motif=4Base/6BMM
11:55:11.548 - INFO - CDS - contig=contig_2, start=846054, stop=846416, strand=+, frame=3, truncated=no, start-type=ATG, RBS-motif=AGGA/GGAG/GAGG
11:55:11.549 - INFO - CDS - contig=contig_2, start=846656, stop=849760, strand=+, frame=2, truncated=no, start-type=TTG, RBS-motif=GGAG/GAGG
11:55:11.549 - INFO - CDS - contig=contig_2, start=849896, stop=853786, strand=+, frame=2, truncated=no, start-type=ATG, RBS-motif=None
11:55:11.549 - INFO - CDS - contig=contig_2, start=853875, stop=854807, strand=-, frame=3, truncated=no, start-type=ATG, RBS-motif=AGGAG
11:55:11.549 - INFO - CDS - contig=contig_2, start=854901, stop=856214, strand=+, frame=3, truncated=no, start-type=ATG, RBS-motif=GGAGG
11:55:11.549 - INFO - CDS - contig=contig_2, start=856382, stop=857488, strand=+, frame=2, truncated=no, start-type=ATG, RBS-motif=AGGAGG
11:55:11.549 - INFO - CDS - contig=contig_2, start=857505, stop=859043, strand=+, frame=3, truncated=no, start-type=ATG, RBS-motif=GGAG/GAGG
11:55:11.549 - INFO - CDS - contig=contig_2, start=859084, stop=859722, strand=+, frame=1, truncated=no, start-type=GTG, RBS-motif=GGxGG
11:55:11.549 - INFO - CDS - contig=contig_2, start=859785, stop=862259, strand=+, frame=3, truncated=no, start-type=ATG, RBS-motif=GGAG/GAGG
11:55:11.549 - INFO - CDS - contig=contig_2, start=862225, stop=862926, strand=-, frame=2, truncated=no, start-type=ATG, RBS-motif=AGxAGG/AGGxGG
11:55:11.549 - INFO - CDS - contig=contig_2, start=862908, stop=863498, strand=-, frame=3, truncated=no, start-type=ATG, RBS-motif=GGAG/GAGG
11:55:11.549 - INFO - CDS - contig=contig_2, start=863552, stop=864460, strand=+, frame=2, truncated=no, start-type=ATG, RBS-motif=AGGAG/GGAGG
11:55:11.549 - INFO - CDS - contig=contig_2, start=865019, stop=865540, strand=+, frame=2, truncated=no, start-type=ATG, RBS-motif=AGGAGG
11:55:11.549 - INFO - CDS - contig=contig_2, start=865561, stop=868227, strand=+, frame=1, truncated=no, start-type=ATG, RBS-motif=AGGAG/GGAGG
11:55:11.549 - INFO - CDS - contig=contig_2, start=868350, stop=869123, strand=+, frame=3, truncated=no, start-type=ATG, RBS-motif=AGGAGG
11:55:11.549 - INFO - CDS - contig=contig_2, start=869209, stop=869517, strand=+, frame=1, truncated=no, start-type=ATG, RBS-motif=AGGAGG
11:55:11.549 - INFO - CDS - contig=contig_2, start=869535, stop=869972, strand=+, frame=3, truncated=no, start-type=ATG, RBS-motif=AGGAGG
11:55:11.550 - INFO - CDS - contig=contig_2, start=869969, stop=870673, strand=+, frame=2, truncated=no, start-type=GTG, RBS-motif=AGxAGG/AGGxGG
11:55:11.550 - INFO - CDS - contig=contig_2, start=870729, stop=871655, strand=-, frame=3, truncated=no, start-type=ATG, RBS-motif=AGGAG/GGAGG
11:55:11.550 - INFO - CDS - contig=contig_2, start=871862, stop=872812, strand=+, frame=2, truncated=no, start-type=GTG, RBS-motif=GGAG/GAGG
11:55:11.550 - INFO - CDS - contig=contig_2, start=872805, stop=873203, strand=+, frame=3, truncated=no, start-type=ATG, RBS-motif=GGAGG
11:55:11.550 - INFO - CDS - contig=contig_2, start=873253, stop=874536, strand=-, frame=2, truncated=no, start-type=TTG, RBS-motif=AGGAGG
11:55:11.550 - INFO - CDS - contig=contig_2, start=874659, stop=875852, strand=-, frame=3, truncated=no, start-type=GTG, RBS-motif=AGxAGG/AGGxGG
11:55:11.550 - INFO - CDS - contig=contig_2, start=875961, stop=876386, strand=+, frame=3, truncated=no, start-type=ATG, RBS-motif=GGAGG
11:55:11.550 - INFO - CDS - contig=contig_2, start=876383, stop=877096, strand=+, frame=2, truncated=no, start-type=ATG, RBS-motif=AGxAGG/AGGxGG
11:55:11.550 - INFO - CDS - contig=contig_2, start=877098, stop=877736, strand=+, frame=3, truncated=no, start-type=ATG, RBS-motif=GGA/GAG/AGG
11:55:11.550 - INFO - CDS - contig=contig_2, start=878051, stop=879529, strand=+, frame=2, truncated=no, start-type=ATG, RBS-motif=AGGAGG
11:55:11.550 - INFO - CDS - contig=contig_2, start=879556, stop=880476, strand=+, frame=1, truncated=no, start-type=ATG, RBS-motif=GGA/GAG/AGG
11:55:11.550 - INFO - CDS - contig=contig_2, start=880478, stop=881425, strand=+, frame=2, truncated=no, start-type=ATG, RBS-motif=AGxAGG/AGGxGG
11:55:11.550 - INFO - CDS - contig=contig_2, start=881422, stop=882252, strand=+, frame=1, truncated=no, start-type=TTG, RBS-motif=GGA/GAG/AGG
11:55:11.550 - INFO - CDS - contig=contig_2, start=882342, stop=882962, strand=-, frame=3, truncated=no, start-type=ATG, RBS-motif=AGGAGG
11:55:11.550 - INFO - CDS - contig=contig_2, start=883032, stop=884315, strand=-, frame=3, truncated=no, start-type=TTG, RBS-motif=GGA/GAG/AGG
11:55:11.550 - INFO - CDS - contig=contig_2, start=885144, stop=885788, strand=-, frame=3, truncated=no, start-type=ATG, RBS-motif=GGAG/GAGG
11:55:11.551 - INFO - CDS - contig=contig_2, start=885894, stop=887138, strand=+, frame=3, truncated=no, start-type=ATG, RBS-motif=AGxAGG/AGGxGG
11:55:11.551 - INFO - CDS - contig=contig_2, start=887297, stop=888574, strand=+, frame=2, truncated=no, start-type=ATG, RBS-motif=AGGAGG
11:55:11.551 - INFO - CDS - contig=contig_2, start=888655, stop=889587, strand=-, frame=2, truncated=no, start-type=TTG, RBS-motif=AGGA
11:55:11.551 - INFO - CDS - contig=contig_2, start=889731, stop=889925, strand=+, frame=3, truncated=no, start-type=ATG, RBS-motif=AGGAGG
11:55:11.551 - INFO - CDS - contig=contig_2, start=889922, stop=890989, strand=+, frame=2, truncated=no, start-type=ATG, RBS-motif=GGAGG
11:55:11.551 - INFO - CDS - contig=contig_2, start=891004, stop=891486, strand=+, frame=1, truncated=no, start-type=ATG, RBS-motif=AGxAGG/AGGxGG
11:55:11.551 - INFO - CDS - contig=contig_2, start=891553, stop=892773, strand=-, frame=2, truncated=no, start-type=TTG, RBS-motif=GGA/GAG/AGG
11:55:11.551 - INFO - CDS - contig=contig_2, start=892887, stop=893816, strand=+, frame=3, truncated=no, start-type=ATG, RBS-motif=GGA/GAG/AGG
11:55:11.551 - INFO - CDS - contig=contig_2, start=893884, stop=894036, strand=-, frame=2, truncated=no, start-type=ATG, RBS-motif=GGAG/GAGG
11:55:11.551 - INFO - CDS - contig=contig_2, start=894092, stop=894850, strand=-, frame=1, truncated=no, start-type=ATG, RBS-motif=AGxAGG/AGGxGG
11:55:11.551 - INFO - CDS - contig=contig_2, start=894913, stop=895164, strand=-, frame=2, truncated=no, start-type=ATG, RBS-motif=GGAGG
11:55:11.551 - INFO - CDS - contig=contig_2, start=895279, stop=897678, strand=-, frame=2, truncated=no, start-type=ATG, RBS-motif=AGGAGG
11:55:11.551 - INFO - CDS - contig=contig_2, start=897697, stop=898722, strand=-, frame=2, truncated=no, start-type=ATG, RBS-motif=AGGAG
11:55:11.551 - INFO - CDS - contig=contig_2, start=899144, stop=900670, strand=+, frame=2, truncated=no, start-type=ATG, RBS-motif=AGGAG
11:55:11.551 - INFO - CDS - contig=contig_2, start=900683, stop=901285, strand=+, frame=2, truncated=no, start-type=GTG, RBS-motif=AGGAGG
11:55:11.551 - INFO - CDS - contig=contig_2, start=901338, stop=902468, strand=+, frame=3, truncated=no, start-type=ATG, RBS-motif=None
11:55:11.551 - INFO - CDS - contig=contig_2, start=902667, stop=903032, strand=+, frame=3, truncated=no, start-type=GTG, RBS-motif=GGA/GAG/AGG
11:55:11.551 - INFO - CDS - contig=contig_2, start=903111, stop=903593, strand=+, frame=3, truncated=no, start-type=ATG, RBS-motif=AGGAGG
11:55:11.552 - INFO - CDS - contig=contig_2, start=903682, stop=904428, strand=-, frame=2, truncated=no, start-type=ATG, RBS-motif=GGA/GAG/AGG
11:55:11.552 - INFO - CDS - contig=contig_2, start=904586, stop=905140, strand=+, frame=2, truncated=no, start-type=ATG, RBS-motif=AGGAGG
11:55:11.552 - INFO - CDS - contig=contig_2, start=905098, stop=905466, strand=-, frame=2, truncated=no, start-type=ATG, RBS-motif=AGGA
11:55:11.552 - INFO - CDS - contig=contig_2, start=905482, stop=906495, strand=-, frame=2, truncated=no, start-type=ATG, RBS-motif=GGAGG
11:55:11.552 - INFO - CDS - contig=contig_2, start=906653, stop=907144, strand=+, frame=2, truncated=no, start-type=GTG, RBS-motif=GGAG/GAGG
11:55:11.552 - INFO - CDS - contig=contig_2, start=907178, stop=907795, strand=+, frame=2, truncated=no, start-type=ATG, RBS-motif=GGAG/GAGG
11:55:11.552 - INFO - CDS - contig=contig_2, start=907795, stop=908532, strand=+, frame=1, truncated=no, start-type=ATG, RBS-motif=AGGAGG
11:55:11.552 - INFO - CDS - contig=contig_2, start=908582, stop=910057, strand=+, frame=2, truncated=no, start-type=ATG, RBS-motif=AGGAG
11:55:11.552 - INFO - CDS - contig=contig_2, start=910159, stop=911610, strand=-, frame=2, truncated=no, start-type=ATG, RBS-motif=AGGAG
11:55:11.552 - INFO - CDS - contig=contig_2, start=911795, stop=912763, strand=-, frame=1, truncated=no, start-type=ATG, RBS-motif=AGGAGG
11:55:11.552 - INFO - CDS - contig=contig_2, start=912760, stop=913908, strand=-, frame=2, truncated=no, start-type=ATG, RBS-motif=GGxGG
11:55:11.552 - INFO - CDS - contig=contig_2, start=913905, stop=915440, strand=-, frame=3, truncated=no, start-type=ATG, RBS-motif=AGGAGG
11:55:11.552 - INFO - CDS - contig=contig_2, start=915618, stop=916790, strand=-, frame=3, truncated=no, start-type=ATG, RBS-motif=AGGAGG
11:55:11.552 - INFO - CDS - contig=contig_2, start=916927, stop=918009, strand=-, frame=2, truncated=no, start-type=ATG, RBS-motif=AGGAG
11:55:11.552 - INFO - CDS - contig=contig_2, start=918065, stop=918814, strand=-, frame=1, truncated=no, start-type=ATG, RBS-motif=AGGAGG
11:55:11.552 - INFO - CDS - contig=contig_2, start=918814, stop=919245, strand=-, frame=2, truncated=no, start-type=ATG, RBS-motif=GGAGG
11:55:11.552 - INFO - CDS - contig=contig_2, start=919245, stop=919904, strand=-, frame=3, truncated=no, start-type=ATG, RBS-motif=GGAGG
11:55:11.553 - INFO - CDS - contig=contig_2, start=919986, stop=920600, strand=-, frame=3, truncated=no, start-type=ATG, RBS-motif=GGAG/GAGG
11:55:11.553 - INFO - CDS - contig=contig_2, start=920692, stop=921954, strand=+, frame=1, truncated=no, start-type=ATG, RBS-motif=GGAGG
11:55:11.553 - INFO - CDS - contig=contig_2, start=922004, stop=922489, strand=+, frame=2, truncated=no, start-type=ATG, RBS-motif=AGGA
11:55:11.553 - INFO - CDS - contig=contig_2, start=922486, stop=923571, strand=+, frame=1, truncated=no, start-type=ATG, RBS-motif=AGGA/GGAG/GAGG
11:55:11.553 - INFO - CDS - contig=contig_2, start=923877, stop=924260, strand=+, frame=3, truncated=no, start-type=ATG, RBS-motif=AGGAG/GGAGG
11:55:11.553 - INFO - CDS - contig=contig_2, start=924384, stop=924590, strand=-, frame=3, truncated=no, start-type=ATG, RBS-motif=AGGAG
11:55:11.553 - INFO - CDS - contig=contig_2, start=924727, stop=926421, strand=-, frame=2, truncated=no, start-type=ATG, RBS-motif=AGGAGG
11:55:11.553 - INFO - CDS - contig=contig_2, start=926737, stop=928191, strand=-, frame=2, truncated=no, start-type=ATG, RBS-motif=AGGAGG
11:55:11.553 - INFO - CDS - contig=contig_2, start=928188, stop=929645, strand=-, frame=3, truncated=no, start-type=ATG, RBS-motif=AGxAGG/AGGxGG
11:55:11.553 - INFO - CDS - contig=contig_2, start=929647, stop=929934, strand=-, frame=2, truncated=no, start-type=ATG, RBS-motif=AGGAGG
11:55:11.553 - INFO - CDS - contig=contig_2, start=929955, stop=931277, strand=-, frame=3, truncated=no, start-type=ATG, RBS-motif=GGA/GAG/AGG
11:55:11.553 - INFO - CDS - contig=contig_2, start=931717, stop=932286, strand=+, frame=1, truncated=no, start-type=ATG, RBS-motif=AGxAGG/AGGxGG
11:55:11.553 - INFO - CDS - contig=contig_2, start=932293, stop=932631, strand=-, frame=2, truncated=no, start-type=ATG, RBS-motif=AGGAGG
11:55:11.553 - INFO - CDS - contig=contig_2, start=932633, stop=932926, strand=-, frame=1, truncated=no, start-type=ATG, RBS-motif=AGGAG/GGAGG
11:55:11.553 - INFO - CDS - contig=contig_2, start=933115, stop=933594, strand=+, frame=1, truncated=no, start-type=ATG, RBS-motif=GGAGG
11:55:11.553 - INFO - CDS - contig=contig_2, start=933591, stop=934781, strand=+, frame=3, truncated=no, start-type=ATG, RBS-motif=AGGAG/GGAGG
11:55:11.553 - INFO - CDS - contig=contig_2, start=934809, stop=936095, strand=+, frame=3, truncated=no, start-type=ATG, RBS-motif=AGGAG
11:55:11.553 - INFO - CDS - contig=contig_2, start=936107, stop=936967, strand=+, frame=2, truncated=no, start-type=ATG, RBS-motif=AGGAG
11:55:11.553 - INFO - CDS - contig=contig_2, start=937032, stop=937646, strand=+, frame=3, truncated=no, start-type=TTG, RBS-motif=GGA/GAG/AGG
11:55:11.554 - INFO - CDS - contig=contig_2, start=937729, stop=938784, strand=-, frame=2, truncated=no, start-type=ATG, RBS-motif=GGAGG
11:55:11.554 - INFO - CDS - contig=contig_2, start=938984, stop=940312, strand=+, frame=2, truncated=no, start-type=ATG, RBS-motif=AGGAG
11:55:11.554 - INFO - CDS - contig=contig_2, start=940391, stop=941428, strand=+, frame=2, truncated=no, start-type=ATG, RBS-motif=AGGAGG
11:55:11.554 - INFO - CDS - contig=contig_2, start=941468, stop=943342, strand=+, frame=2, truncated=no, start-type=ATG, RBS-motif=GGAG/GAGG
11:55:11.554 - INFO - CDS - contig=contig_2, start=943346, stop=943942, strand=+, frame=2, truncated=no, start-type=ATG, RBS-motif=GGAG/GAGG
11:55:11.554 - INFO - CDS - contig=contig_2, start=944226, stop=944840, strand=+, frame=3, truncated=no, start-type=ATG, RBS-motif=AGGAGG
11:55:11.554 - INFO - CDS - contig=contig_2, start=944979, stop=945752, strand=-, frame=3, truncated=no, start-type=ATG, RBS-motif=GGAGG
11:55:11.554 - INFO - CDS - contig=contig_2, start=945756, stop=946373, strand=-, frame=3, truncated=no, start-type=ATG, RBS-motif=GGA/GAG/AGG
11:55:11.554 - INFO - CDS - contig=contig_2, start=946473, stop=946778, strand=+, frame=3, truncated=no, start-type=ATG, RBS-motif=AGGAGG
11:55:11.554 - INFO - CDS - contig=contig_2, start=946975, stop=948081, strand=-, frame=2, truncated=no, start-type=ATG, RBS-motif=GGAG/GAGG
11:55:11.554 - INFO - CDS - contig=contig_2, start=948293, stop=948520, strand=-, frame=1, truncated=no, start-type=ATG, RBS-motif=GGAGG
11:55:11.554 - INFO - CDS - contig=contig_2, start=948659, stop=948859, strand=-, frame=1, truncated=no, start-type=ATG, RBS-motif=GGAGG
11:55:11.554 - INFO - CDS - contig=contig_2, start=948859, stop=949011, strand=-, frame=2, truncated=no, start-type=ATG, RBS-motif=AGGA/GGAG/GAGG
11:55:11.554 - INFO - CDS - contig=contig_2, start=949180, stop=949407, strand=-, frame=2, truncated=no, start-type=ATG, RBS-motif=GGAGG
11:55:11.554 - INFO - CDS - contig=contig_2, start=949559, stop=949831, strand=-, frame=1, truncated=no, start-type=ATG, RBS-motif=GGAG/GAGG
11:55:11.554 - INFO - CDS - contig=contig_2, start=950434, stop=951402, strand=+, frame=1, truncated=no, start-type=ATG, RBS-motif=AGxAGG/AGGxGG
11:55:11.554 - INFO - CDS - contig=contig_2, start=951399, stop=952013, strand=+, frame=3, truncated=no, start-type=ATG, RBS-motif=None
11:55:11.554 - INFO - CDS - contig=contig_2, start=952190, stop=952531, strand=+, frame=2, truncated=no, start-type=ATG, RBS-motif=AGGAGG
11:55:11.554 - INFO - CDS - contig=contig_2, start=952685, stop=953566, strand=+, frame=2, truncated=no, start-type=GTG, RBS-motif=AGxAGG/AGGxGG
11:55:11.555 - INFO - CDS - contig=contig_2, start=953563, stop=954168, strand=+, frame=1, truncated=no, start-type=ATG, RBS-motif=GGAGG
11:55:11.555 - INFO - CDS - contig=contig_2, start=954165, stop=954536, strand=+, frame=3, truncated=no, start-type=ATG, RBS-motif=GGAGG
11:55:11.555 - INFO - CDS - contig=contig_2, start=954533, stop=955468, strand=+, frame=2, truncated=no, start-type=ATG, RBS-motif=GGAG/GAGG
11:55:11.555 - INFO - CDS - contig=contig_2, start=955456, stop=956943, strand=+, frame=1, truncated=no, start-type=ATG, RBS-motif=GGA/GAG/AGG
11:55:11.555 - INFO - CDS - contig=contig_2, start=956943, stop=957644, strand=+, frame=3, truncated=no, start-type=ATG, RBS-motif=AGGA/GGAG/GAGG
11:55:11.555 - INFO - CDS - contig=contig_2, start=957777, stop=959213, strand=+, frame=3, truncated=no, start-type=ATG, RBS-motif=AGGAGG
11:55:11.555 - INFO - CDS - contig=contig_2, start=959290, stop=959871, strand=+, frame=1, truncated=no, start-type=ATG, RBS-motif=AGGAG/GGAGG
11:55:11.555 - INFO - CDS - contig=contig_2, start=959988, stop=961304, strand=+, frame=3, truncated=no, start-type=ATG, RBS-motif=GGAG/GAGG
11:55:11.555 - INFO - CDS - contig=contig_2, start=961367, stop=963769, strand=+, frame=2, truncated=no, start-type=GTG, RBS-motif=AGGA/GGAG/GAGG
11:55:11.555 - INFO - CDS - contig=contig_2, start=963777, stop=964376, strand=+, frame=3, truncated=no, start-type=ATG, RBS-motif=GGAG/GAGG
11:55:11.555 - INFO - CDS - contig=contig_2, start=964373, stop=965125, strand=+, frame=2, truncated=no, start-type=ATG, RBS-motif=GGAGG
11:55:11.555 - INFO - CDS - contig=contig_2, start=965255, stop=965968, strand=+, frame=2, truncated=no, start-type=ATG, RBS-motif=AGxAGG/AGGxGG
11:55:11.555 - INFO - CDS - contig=contig_2, start=965987, stop=966784, strand=+, frame=2, truncated=no, start-type=GTG, RBS-motif=GGxGG
11:55:11.555 - INFO - CDS - contig=contig_2, start=966797, stop=967471, strand=+, frame=2, truncated=no, start-type=TTG, RBS-motif=AGGAGG
11:55:11.555 - INFO - CDS - contig=contig_2, start=967468, stop=968073, strand=+, frame=1, truncated=no, start-type=ATG, RBS-motif=GGAGG
11:55:11.555 - INFO - CDS - contig=contig_2, start=968075, stop=968485, strand=+, frame=2, truncated=no, start-type=ATG, RBS-motif=GGAG/GAGG
11:55:11.555 - INFO - CDS - contig=contig_2, start=968527, stop=969660, strand=+, frame=1, truncated=no, start-type=ATG, RBS-motif=GGAG/GAGG
11:55:11.555 - INFO - CDS - contig=contig_2, start=969667, stop=970371, strand=+, frame=1, truncated=no, start-type=GTG, RBS-motif=GGAG/GAGG
11:55:11.556 - INFO - CDS - contig=contig_2, start=970388, stop=971368, strand=+, frame=2, truncated=no, start-type=TTG, RBS-motif=GGA/GAG/AGG
11:55:11.556 - INFO - CDS - contig=contig_2, start=971381, stop=972643, strand=+, frame=2, truncated=no, start-type=TTG, RBS-motif=AGGAG
11:55:11.556 - INFO - CDS - contig=contig_2, start=972633, stop=973307, strand=+, frame=3, truncated=no, start-type=ATG, RBS-motif=AGGAG
11:55:11.556 - INFO - CDS - contig=contig_2, start=973304, stop=973897, strand=+, frame=2, truncated=no, start-type=ATG, RBS-motif=AGGAG
11:55:11.556 - INFO - CDS - contig=contig_2, start=973894, stop=975840, strand=+, frame=1, truncated=no, start-type=GTG, RBS-motif=GGAGG
11:55:11.556 - INFO - CDS - contig=contig_2, start=976016, stop=976495, strand=+, frame=2, truncated=no, start-type=ATG, RBS-motif=GGAGG
11:55:11.556 - INFO - CDS - contig=contig_2, start=976703, stop=977431, strand=+, frame=2, truncated=no, start-type=GTG, RBS-motif=AGGAG
11:55:11.556 - INFO - CDS - contig=contig_2, start=977428, stop=977910, strand=+, frame=1, truncated=no, start-type=GTG, RBS-motif=AGGAGG
11:55:11.556 - INFO - CDS - contig=contig_2, start=978062, stop=978316, strand=+, frame=2, truncated=no, start-type=ATG, RBS-motif=AGGA/GGAG/GAGG
11:55:11.556 - INFO - CDS - contig=contig_2, start=978316, stop=979440, strand=+, frame=1, truncated=no, start-type=ATG, RBS-motif=AGGAGG
11:55:11.556 - INFO - CDS - contig=contig_2, start=979609, stop=981225, strand=+, frame=1, truncated=no, start-type=ATG, RBS-motif=AGxAGG/AGGxGG
11:55:11.556 - INFO - CDS - contig=contig_2, start=981219, stop=982493, strand=+, frame=3, truncated=no, start-type=ATG, RBS-motif=GGA/GAG/AGG
11:55:11.556 - INFO - CDS - contig=contig_2, start=982522, stop=983097, strand=+, frame=1, truncated=no, start-type=ATG, RBS-motif=AGGAGG
11:55:11.556 - INFO - CDS - contig=contig_2, start=983116, stop=983724, strand=+, frame=1, truncated=no, start-type=ATG, RBS-motif=GGAG/GAGG
11:55:11.556 - INFO - CDS - contig=contig_2, start=983721, stop=984443, strand=+, frame=3, truncated=no, start-type=ATG, RBS-motif=GGAG/GAGG
11:55:11.556 - INFO - CDS - contig=contig_2, start=984458, stop=985213, strand=+, frame=2, truncated=no, start-type=ATG, RBS-motif=GGxGG
11:55:11.556 - INFO - CDS - contig=contig_2, start=985226, stop=985561, strand=+, frame=2, truncated=no, start-type=ATG, RBS-motif=AGGAGG
11:55:11.556 - INFO - CDS - contig=contig_2, start=985554, stop=985880, strand=+, frame=3, truncated=no, start-type=ATG, RBS-motif=GGAGG
11:55:11.557 - INFO - CDS - contig=contig_2, start=986003, stop=987391, strand=+, frame=2, truncated=no, start-type=GTG, RBS-motif=AGGAGG
11:55:11.557 - INFO - CDS - contig=contig_2, start=987454, stop=988296, strand=-, frame=2, truncated=no, start-type=ATG, RBS-motif=AGGA
11:55:11.557 - INFO - CDS - contig=contig_2, start=988481, stop=989203, strand=+, frame=2, truncated=no, start-type=ATG, RBS-motif=GGA/GAG/AGG
11:55:11.557 - INFO - CDS - contig=contig_2, start=989205, stop=989759, strand=+, frame=3, truncated=no, start-type=ATG, RBS-motif=AGGAGG
11:55:11.557 - INFO - CDS - contig=contig_2, start=989852, stop=990592, strand=+, frame=2, truncated=no, start-type=ATG, RBS-motif=GGAGG
11:55:11.557 - INFO - CDS - contig=contig_2, start=990594, stop=991409, strand=+, frame=3, truncated=no, start-type=TTG, RBS-motif=GGAGG
11:55:11.557 - INFO - CDS - contig=contig_2, start=991413, stop=992549, strand=+, frame=3, truncated=no, start-type=ATG, RBS-motif=GGxGG
11:55:11.557 - INFO - CDS - contig=contig_2, start=992599, stop=993693, strand=+, frame=1, truncated=no, start-type=TTG, RBS-motif=GGAGG
11:55:11.557 - INFO - CDS - contig=contig_2, start=993699, stop=994736, strand=+, frame=3, truncated=no, start-type=TTG, RBS-motif=GGAG/GAGG
11:55:11.557 - INFO - CDS - contig=contig_2, start=994757, stop=998899, strand=+, frame=2, truncated=no, start-type=ATG, RBS-motif=GGA/GAG/AGG
11:55:11.557 - INFO - CDS - contig=contig_2, start=998995, stop=999336, strand=+, frame=1, truncated=no, start-type=ATG, RBS-motif=AGxAGG/AGGxGG
11:55:11.557 - INFO - CDS - contig=contig_2, start=999324, stop=999689, strand=+, frame=3, truncated=no, start-type=ATG, RBS-motif=GGA/GAG/AGG
11:55:11.557 - INFO - CDS - contig=contig_2, start=999723, stop=999887, strand=+, frame=3, truncated=no, start-type=ATG, RBS-motif=AGGA
11:55:11.557 - INFO - CDS - contig=contig_2, start=999884, stop=1000384, strand=+, frame=2, truncated=no, start-type=TTG, RBS-motif=None
11:55:11.557 - INFO - CDS - contig=contig_2, start=1000543, stop=1000974, strand=-, frame=2, truncated=no, start-type=ATG, RBS-motif=GGAGG
11:55:11.557 - INFO - CDS - contig=contig_2, start=1000976, stop=1001887, strand=-, frame=1, truncated=no, start-type=GTG, RBS-motif=GGAGG
11:55:11.557 - INFO - CDS - contig=contig_2, start=1001994, stop=1003010, strand=+, frame=3, truncated=no, start-type=ATG, RBS-motif=GGAGG
11:55:11.557 - INFO - CDS - contig=contig_2, start=1003079, stop=1004452, strand=+, frame=2, truncated=no, start-type=ATG, RBS-motif=GGA/GAG/AGG
11:55:11.558 - INFO - CDS - contig=contig_2, start=1004473, stop=1005576, strand=+, frame=1, truncated=no, start-type=ATG, RBS-motif=AGGAGG
11:55:11.558 - INFO - CDS - contig=contig_2, start=1005593, stop=1006531, strand=+, frame=2, truncated=no, start-type=ATG, RBS-motif=AGxAGG/AGGxGG
11:55:11.558 - INFO - CDS - contig=contig_2, start=1006622, stop=1007197, strand=+, frame=2, truncated=no, start-type=ATG, RBS-motif=GGAGG
11:55:11.558 - INFO - CDS - contig=contig_2, start=1007208, stop=1007813, strand=+, frame=3, truncated=no, start-type=ATG, RBS-motif=AGGAG
11:55:11.558 - INFO - CDS - contig=contig_2, start=1007813, stop=1008169, strand=+, frame=2, truncated=no, start-type=ATG, RBS-motif=None
11:55:11.558 - INFO - CDS - contig=contig_2, start=1008166, stop=1009212, strand=+, frame=1, truncated=no, start-type=GTG, RBS-motif=AGxAGG/AGGxGG
11:55:11.558 - INFO - CDS - contig=contig_2, start=1009249, stop=1010601, strand=+, frame=1, truncated=no, start-type=ATG, RBS-motif=AGGA
11:55:11.558 - INFO - CDS - contig=contig_2, start=1010688, stop=1011320, strand=+, frame=3, truncated=no, start-type=ATG, RBS-motif=AGGAG
11:55:11.558 - INFO - CDS - contig=contig_2, start=1011398, stop=1011676, strand=+, frame=2, truncated=no, start-type=ATG, RBS-motif=GGAG/GAGG
11:55:11.558 - INFO - CDS - contig=contig_2, start=1011776, stop=1012579, strand=+, frame=2, truncated=no, start-type=TTG, RBS-motif=GGA/GAG/AGG
11:55:11.558 - INFO - CDS - contig=contig_2, start=1012672, stop=1013271, strand=+, frame=1, truncated=no, start-type=ATG, RBS-motif=AGGAGG
11:55:11.558 - INFO - CDS - contig=contig_2, start=1013492, stop=1014685, strand=+, frame=2, truncated=no, start-type=ATG, RBS-motif=GGAGG
11:55:11.558 - INFO - CDS - contig=contig_2, start=1014735, stop=1016171, strand=+, frame=3, truncated=no, start-type=ATG, RBS-motif=GGAG/GAGG
11:55:11.558 - INFO - CDS - contig=contig_2, start=1016187, stop=1017170, strand=+, frame=3, truncated=no, start-type=ATG, RBS-motif=GGAGG
11:55:11.558 - INFO - CDS - contig=contig_2, start=1017213, stop=1018148, strand=+, frame=3, truncated=no, start-type=ATG, RBS-motif=AGGAG
11:55:11.558 - INFO - CDS - contig=contig_2, start=1018499, stop=1019299, strand=-, frame=1, truncated=no, start-type=ATG, RBS-motif=GGA/GAG/AGG
11:55:11.558 - INFO - CDS - contig=contig_2, start=1019528, stop=1019980, strand=-, frame=1, truncated=no, start-type=ATG, RBS-motif=GGAGG
11:55:11.558 - INFO - CDS - contig=contig_2, start=1019996, stop=1021024, strand=-, frame=1, truncated=no, start-type=ATG, RBS-motif=GGA/GAG/AGG
11:55:11.559 - INFO - CDS - contig=contig_2, start=1021160, stop=1022851, strand=-, frame=1, truncated=no, start-type=ATG, RBS-motif=AGGAG
11:55:11.559 - INFO - CDS - contig=contig_2, start=1023008, stop=1023247, strand=+, frame=2, truncated=no, start-type=ATG, RBS-motif=GGAG/GAGG
11:55:11.559 - INFO - CDS - contig=contig_2, start=1023637, stop=1024632, strand=+, frame=1, truncated=no, start-type=ATG, RBS-motif=AGxAGG/AGGxGG
11:55:11.559 - INFO - CDS - contig=contig_2, start=1024851, stop=1024964, strand=+, frame=3, truncated=no, start-type=ATG, RBS-motif=AGGAG
11:55:11.559 - INFO - CDS - contig=contig_2, start=1025034, stop=1025300, strand=-, frame=3, truncated=no, start-type=ATG, RBS-motif=AGGAG
11:55:11.559 - INFO - CDS - contig=contig_2, start=1025415, stop=1027898, strand=+, frame=3, truncated=no, start-type=ATG, RBS-motif=None
11:55:11.559 - INFO - CDS - contig=contig_2, start=1028617, stop=1028826, strand=+, frame=1, truncated=no, start-type=GTG, RBS-motif=AGGAGG
11:55:11.559 - INFO - CDS - contig=contig_2, start=1028823, stop=1029026, strand=+, frame=3, truncated=no, start-type=ATG, RBS-motif=AGGAG
11:55:11.559 - INFO - CDS - contig=contig_2, start=1029023, stop=1029172, strand=+, frame=2, truncated=no, start-type=ATG, RBS-motif=GGxGG
11:55:11.559 - INFO - CDS - contig=contig_2, start=1029172, stop=1029381, strand=+, frame=1, truncated=no, start-type=ATG, RBS-motif=AGxAGG/AGGxGG
11:55:11.559 - INFO - CDS - contig=contig_2, start=1029428, stop=1029601, strand=+, frame=2, truncated=no, start-type=ATG, RBS-motif=AGGA
11:55:11.559 - INFO - CDS - contig=contig_2, start=1029664, stop=1030356, strand=+, frame=1, truncated=no, start-type=ATG, RBS-motif=GGAG/GAGG
11:55:11.559 - INFO - CDS - contig=contig_2, start=402, stop=806, strand=-, nt=[ATGGGATACG..AAACTTTTGA]
11:55:11.559 - INFO - CDS - contig=contig_2, start=811, stop=1044, strand=-, nt=[ATGACTGAAC..TATGAGGTGA]
11:55:11.559 - INFO - CDS - contig=contig_2, start=1203, stop=1301, strand=-, nt=[ATGGCCGCTT..CGACCAGTGA]
11:55:11.559 - INFO - CDS - contig=contig_2, start=1446, stop=1649, strand=-, nt=[ATGAAAGAAC..GCTGAAATGA]
11:55:11.559 - INFO - CDS - contig=contig_2, start=1646, stop=1855, strand=-, nt=[GTGCAAGTGT..CGACAAATGA]
11:55:11.559 - INFO - CDS - contig=contig_2, start=2574, stop=5012, strand=-, nt=[ATGCTGTTGG..ACGCCTTTGA]
11:55:11.559 - INFO - CDS - contig=contig_2, start=5127, stop=5354, strand=+, nt=[ATGAAATTCA..CCAAGAATAA]
11:55:11.559 - INFO - CDS - contig=contig_2, start=5617, stop=5811, strand=+, nt=[ATGATAAAAC..TCACGACTAA]
11:55:11.559 - INFO - CDS - contig=contig_2, start=5861, stop=6856, strand=-, nt=[ATGGCTGACC..TCTTTTGTGA]
11:55:11.559 - INFO - CDS - contig=contig_2, start=7246, stop=7485, strand=-, nt=[ATGAAAATTA..TGTGCGGTGA]
11:55:11.559 - INFO - CDS - contig=contig_2, start=7663, stop=10425, strand=+, nt=[ATGGGTATTT..AGATTTGTAA]
11:55:11.559 - INFO - CDS - contig=contig_2, start=10493, stop=11302, strand=+, nt=[ATGGAGCTTA..CCTGCTGTGA]
11:55:11.560 - INFO - CDS - contig=contig_2, start=11313, stop=12848, strand=+, nt=[ATGAAGCGCG..ACAGTTCTGA]
11:55:11.560 - INFO - CDS - contig=contig_2, start=12931, stop=13620, strand=+, nt=[ATGGAAGCTA..GGTGGAGTGA]
11:55:11.560 - INFO - CDS - contig=contig_2, start=14454, stop=14654, strand=+, nt=[ATGCCAGAGA..AGCATTTTGA]
11:55:11.560 - INFO - CDS - contig=contig_2, start=14611, stop=14817, strand=+, nt=[TTGCAGAGCC..GGCACCGTGA]
11:55:11.560 - INFO - CDS - contig=contig_2, start=15291, stop=15530, strand=+, nt=[ATGGTCACGA..CGGAATTTAG]
11:55:11.560 - INFO - CDS - contig=contig_2, start=15789, stop=16553, strand=-, nt=[ATGAAGAAAA..CCAGCAGTAA]
11:55:11.560 - INFO - CDS - contig=contig_2, start=17308, stop=17895, strand=+, nt=[ATGGATCAAA..GCGGCAGTGA]
11:55:11.560 - INFO - CDS - contig=contig_2, start=17903, stop=18487, strand=-, nt=[ATGAGCAATT..GAAGCTGTAA]
11:55:11.560 - INFO - CDS - contig=contig_2, start=18548, stop=19729, strand=-, nt=[ATGGAACAGA..CGGAGCGTAG]
11:55:11.560 - INFO - CDS - contig=contig_2, start=20077, stop=20637, strand=-, nt=[ATGTACCTGG..CCTGCTGTAA]
11:55:11.560 - INFO - CDS - contig=contig_2, start=20664, stop=21149, strand=-, nt=[ATGAAGGCAA..TCGGGCCTGA]
11:55:11.560 - INFO - CDS - contig=contig_2, start=21162, stop=22070, strand=-, nt=[ATGAGCTACG..CGCAATCTGA]
11:55:11.560 - INFO - CDS - contig=contig_2, start=22262, stop=23056, strand=+, nt=[ATGGCGGAGC..GGAGAAATAG]
11:55:11.560 - INFO - CDS - contig=contig_2, start=23287, stop=23841, strand=+, nt=[ATGAATCCGA..TCCGCGTTGA]
11:55:11.560 - INFO - CDS - contig=contig_2, start=23904, stop=24470, strand=+, nt=[ATGAAAAAGA..CGCCGCATAA]
11:55:11.560 - INFO - CDS - contig=contig_2, start=24541, stop=25212, strand=+, nt=[ATGAAGAAGA..CGACGCCTGA]
11:55:11.560 - INFO - CDS - contig=contig_2, start=25369, stop=26034, strand=+, nt=[ATGAAGAAAA..TAACACTTGA]
11:55:11.560 - INFO - CDS - contig=contig_2, start=26052, stop=29627, strand=+, nt=[ATGAAACTGA..AAAGGGCTGA]
11:55:11.560 - INFO - CDS - contig=contig_2, start=29645, stop=30217, strand=+, nt=[ATGAGAGGAA..CGCGAATTAA]
11:55:11.560 - INFO - CDS - contig=contig_2, start=30231, stop=31181, strand=+, nt=[ATGAAACGGA..AACGAACTAA]
11:55:11.560 - INFO - CDS - contig=contig_2, start=31275, stop=31829, strand=+, nt=[ATGCCAAGGA..CAGGATTTGA]
11:55:11.560 - INFO - CDS - contig=contig_2, start=32400, stop=33521, strand=+, nt=[ATGCTGCAAT..CACAAAATAA]
11:55:11.560 - INFO - CDS - contig=contig_2, start=33584, stop=34084, strand=+, nt=[ATGAAAAGAC..CTGGTTCTAA]
11:55:11.560 - INFO - CDS - contig=contig_2, start=34220, stop=38275, strand=+, nt=[ATGAAGCAAA..CGCCGCCTGA]
11:55:11.560 - INFO - CDS - contig=contig_2, start=38442, stop=39689, strand=-, nt=[ATGACTCTTT..GGTGCGCTGA]
11:55:11.560 - INFO - CDS - contig=contig_2, start=39759, stop=40580, strand=-, nt=[ATGGAGTCAC..GGCTCAATAA]
11:55:11.560 - INFO - CDS - contig=contig_2, start=40684, stop=41319, strand=+, nt=[ATGAAAGAAA..CACCATCTGA]
11:55:11.560 - INFO - CDS - contig=contig_2, start=41337, stop=42530, strand=+, nt=[ATGAACTACA..GGACAAATAA]
11:55:11.560 - INFO - CDS - contig=contig_2, start=42673, stop=43446, strand=+, nt=[ATGAATAGAA..CCAGGAATGA]
11:55:11.560 - INFO - CDS - contig=contig_2, start=43513, stop=45027, strand=+, nt=[ATGAGTAAAA..CGTCTCTTAA]
11:55:11.560 - INFO - CDS - contig=contig_2, start=45158, stop=46462, strand=+, nt=[ATGAAGCAGA..GAAGAAGTAA]
11:55:11.560 - INFO - CDS - contig=contig_2, start=46522, stop=48438, strand=-, nt=[ATGCGGGACG..CCAGCTGTGA]
11:55:11.561 - INFO - CDS - contig=contig_2, start=48752, stop=51376, strand=-, nt=[ATGTCAGAAG..AGTAAACTGA]
11:55:11.561 - INFO - CDS - contig=contig_2, start=51979, stop=52755, strand=-, nt=[ATGCCGCAGG..GGCCACATAG]
11:55:11.561 - INFO - CDS - contig=contig_2, start=53067, stop=54029, strand=+, nt=[ATGATTATGA..GCCCCAGTAA]
11:55:11.561 - INFO - CDS - contig=contig_2, start=54091, stop=54378, strand=+, nt=[ATGGTCAACG..CGCGAAATAA]
11:55:11.561 - INFO - CDS - contig=contig_2, start=54394, stop=55557, strand=+, nt=[ATGAAGTTTT..TTACGTGTAA]
11:55:11.561 - INFO - CDS - contig=contig_2, start=55576, stop=56448, strand=+, nt=[ATGAGATTCG..CGTCCGATAA]
11:55:11.561 - INFO - CDS - contig=contig_2, start=56470, stop=57360, strand=+, nt=[ATGAAAGCAC..CATTCTGTAA]
11:55:11.561 - INFO - CDS - contig=contig_2, start=57950, stop=58810, strand=-, nt=[ATGAAAAAAA..TTTTGAATAA]
11:55:11.561 - INFO - CDS - contig=contig_2, start=58825, stop=59991, strand=-, nt=[ATGGCAAACA..CGGCTTCTGA]
11:55:11.561 - INFO - CDS - contig=contig_2, start=60096, stop=60986, strand=-, nt=[ATGGCGGTAA..GCAGGAATGA]
11:55:11.561 - INFO - CDS - contig=contig_2, start=61044, stop=61832, strand=-, nt=[TTGAAGCCTA..CTGCGTATGA]
11:55:11.561 - INFO - CDS - contig=contig_2, start=62008, stop=63966, strand=+, nt=[ATGGTACGTA..TGAAAAATAG]
11:55:11.561 - INFO - CDS - contig=contig_2, start=64251, stop=65945, strand=+, nt=[ATGAACGACA..TGATAAATAA]
11:55:11.561 - INFO - CDS - contig=contig_2, start=65996, stop=67339, strand=+, nt=[ATGCAAATCG..TTTGTACTGA]
11:55:11.561 - INFO - CDS - contig=contig_2, start=67373, stop=67927, strand=+, nt=[ATGCCGCACC..GGAAAGATGA]
11:55:11.561 - INFO - CDS - contig=contig_2, start=67924, stop=68322, strand=+, nt=[ATGAACTTCA..CCTGACTTAA]
11:55:11.561 - INFO - CDS - contig=contig_2, start=69025, stop=70182, strand=-, nt=[ATGACACCTG..GGAAGGCTGA]
11:55:11.561 - INFO - CDS - contig=contig_2, start=70246, stop=71229, strand=-, nt=[ATGCGGAAGG..CTATGTGTGA]
11:55:11.561 - INFO - CDS - contig=contig_2, start=71364, stop=71903, strand=+, nt=[ATGAGAAATC..GCGGGCATAA]
11:55:11.561 - INFO - CDS - contig=contig_2, start=71982, stop=72263, strand=+, nt=[ATGCCCTATG..GCTGCACTGA]
11:55:11.561 - INFO - CDS - contig=contig_2, start=72758, stop=73033, strand=+, nt=[ATGAAAATGA..CACCGACTGA]
11:55:11.561 - INFO - CDS - contig=contig_2, start=73069, stop=73533, strand=+, nt=[TTGAAGGAGG..CAGAAAATAA]
11:55:11.561 - INFO - CDS - contig=contig_2, start=73591, stop=75033, strand=-, nt=[ATGGACATGA..GCGGGTGTGA]
11:55:11.561 - INFO - CDS - contig=contig_2, start=75216, stop=76424, strand=-, nt=[ATGACGCCGA..AAAGCGCTGA]
11:55:11.561 - INFO - CDS - contig=contig_2, start=76421, stop=77803, strand=-, nt=[ATGTCCGCCC..GGCCCGATGA]
11:55:11.561 - INFO - CDS - contig=contig_2, start=77834, stop=79258, strand=-, nt=[GTGCTCTTTT..TCATTTTTAA]
11:55:11.561 - INFO - CDS - contig=contig_2, start=79521, stop=80591, strand=-, nt=[ATGGCCCAGA..GCTCACCTGA]
11:55:11.561 - INFO - CDS - contig=contig_2, start=80591, stop=80965, strand=-, nt=[ATGTTTCGAT..AAAGAAGTAA]
11:55:11.561 - INFO - CDS - contig=contig_2, start=81049, stop=82359, strand=-, nt=[ATGAAGATAG..GCCGGTCTGA]
11:55:11.561 - INFO - CDS - contig=contig_2, start=82482, stop=83060, strand=+, nt=[ATGGCCAGCC..GCTGCAATAA]
11:55:11.561 - INFO - CDS - contig=contig_2, start=83076, stop=83345, strand=+, nt=[ATGAGAGCCA..TCGGATCTGA]
11:55:11.562 - INFO - CDS - contig=contig_2, start=83356, stop=84720, strand=+, nt=[ATGGCTATGT..GAAAAACTGA]
11:55:11.562 - INFO - CDS - contig=contig_2, start=84884, stop=86218, strand=+, nt=[ATGCTCAATC..GGACAGCTGA]
11:55:11.562 - INFO - CDS - contig=contig_2, start=86377, stop=86790, strand=+, nt=[ATGGTGAGAG..GTACTTCTAA]
11:55:11.562 - INFO - CDS - contig=contig_2, start=86851, stop=87435, strand=-, nt=[GTGGCAGATG..GGTCGGTTGA]
11:55:11.562 - INFO - CDS - contig=contig_2, start=87554, stop=89785, strand=-, nt=[ATGAAGCTGA..ATCTGTCTGA]
11:55:11.562 - INFO - CDS - contig=contig_2, start=89782, stop=90864, strand=-, nt=[ATGCTTCACA..CACGCCATGA]
11:55:11.562 - INFO - CDS - contig=contig_2, start=90910, stop=91689, strand=-, nt=[ATGCTGTTTC..CCGGGAGTAA]
11:55:11.562 - INFO - CDS - contig=contig_2, start=91833, stop=93503, strand=+, nt=[ATGAAAAAAT..GCGGAGGTAA]
11:55:11.562 - INFO - CDS - contig=contig_2, start=93641, stop=95554, strand=+, nt=[ATGGCAAAGA..GATGAACTGA]
11:55:11.562 - INFO - CDS - contig=contig_2, start=95746, stop=97119, strand=-, nt=[ATGAAAAAAT..CAGACGATAA]
11:55:11.562 - INFO - CDS - contig=contig_2, start=97189, stop=97593, strand=+, nt=[ATGGGGGAGC..GAACGAATGA]
11:55:11.562 - INFO - CDS - contig=contig_2, start=97590, stop=98276, strand=+, nt=[ATGAAGATCC..CGGCGGCTGA]
11:55:11.562 - INFO - CDS - contig=contig_2, start=98326, stop=99762, strand=+, nt=[ATGGAGACGG..GAGAGGATGA]
11:55:11.562 - INFO - CDS - contig=contig_2, start=99759, stop=100682, strand=+, nt=[ATGAGAAGAA..CCAGGATTGA]
11:55:11.562 - INFO - CDS - contig=contig_2, start=100820, stop=102103, strand=+, nt=[ATGTCAGACT..GGCGGTGTAA]
11:55:11.562 - INFO - CDS - contig=contig_2, start=102208, stop=104709, strand=+, nt=[ATGCTCATGA..GAAGGGCTGA]
11:55:11.562 - INFO - CDS - contig=contig_2, start=104795, stop=106405, strand=-, nt=[ATGGCAACCA..GGGCGAATGA]
11:55:11.562 - INFO - CDS - contig=contig_2, start=106659, stop=108140, strand=-, nt=[ATGAGAGTAG..TCACGGCTGA]
11:55:11.562 - INFO - CDS - contig=contig_2, start=108236, stop=109006, strand=+, nt=[ATGGAAGTCA..GGTGGCCTGA]
11:55:11.562 - INFO - CDS - contig=contig_2, start=109075, stop=109164, strand=-, nt=[ATGAGCATGA..TCAGCGGTGA]
11:55:11.562 - INFO - CDS - contig=contig_2, start=109161, stop=109403, strand=-, nt=[ATGGATAATG..AAGCCAATGA]
11:55:11.562 - INFO - CDS - contig=contig_2, start=109682, stop=110815, strand=-, nt=[ATGTTGAAAA..GGGACGGTGA]
11:55:11.562 - INFO - CDS - contig=contig_2, start=110828, stop=112231, strand=-, nt=[ATGGTCTTTT..CCGTTTTTAA]
11:55:11.562 - INFO - CDS - contig=contig_2, start=112358, stop=113029, strand=-, nt=[ATGAAGTACA..TACAAAGTAA]
11:55:11.562 - INFO - CDS - contig=contig_2, start=113124, stop=114383, strand=-, nt=[ATGACAAAAC..CCTCCCCTAG]
11:55:11.562 - INFO - CDS - contig=contig_2, start=114380, stop=116467, strand=-, nt=[ATGACAGGAG..GAAAAAATGA]
11:55:11.562 - INFO - CDS - contig=contig_2, start=116589, stop=116825, strand=-, nt=[GTGGATATCC..TTTGGTGTAA]
11:55:11.562 - INFO - CDS - contig=contig_2, start=116955, stop=118130, strand=-, nt=[ATGGATTATG..GCGGGGATAA]
11:55:11.562 - INFO - CDS - contig=contig_2, start=118243, stop=118857, strand=+, nt=[ATGGAAACCA..GGAAGCGTGA]
11:55:11.562 - INFO - CDS - contig=contig_2, start=118930, stop=120117, strand=-, nt=[ATGGGATTTT..CATCCAATAA]
11:55:11.563 - INFO - CDS - contig=contig_2, start=120195, stop=121058, strand=-, nt=[ATGGACAAGA..CGCGTATTGA]
11:55:11.563 - INFO - CDS - contig=contig_2, start=121230, stop=121910, strand=-, nt=[GTGGCTGATT..CACCCACTAA]
11:55:11.563 - INFO - CDS - contig=contig_2, start=121903, stop=122931, strand=-, nt=[ATGATCCAGC..GCGTGGCTGA]
11:55:11.563 - INFO - CDS - contig=contig_2, start=123950, stop=131620, strand=-, nt=[ATGAGCGTAA..AGATAAATAA]
11:55:11.563 - INFO - CDS - contig=contig_2, start=132009, stop=132323, strand=-, nt=[ATGGAATTTC..GGACGTATGA]
11:55:11.563 - INFO - CDS - contig=contig_2, start=132361, stop=134745, strand=-, nt=[ATGCTGGAGG..GCTGAAATAA]
11:55:11.563 - INFO - CDS - contig=contig_2, start=135409, stop=135897, strand=+, nt=[ATGGATCGCT..GCGATGTTGA]
11:55:11.563 - INFO - CDS - contig=contig_2, start=136177, stop=136629, strand=+, nt=[ATGTGGCTCT..GAGAAATTAA]
11:55:11.563 - INFO - CDS - contig=contig_2, start=136589, stop=137020, strand=+, nt=[GTGACCAAGC..GGCTATGTAA]
11:55:11.563 - INFO - CDS - contig=contig_2, start=137505, stop=138131, strand=-, nt=[ATGGCCTTTG..GGGGGATTGA]
11:55:11.563 - INFO - CDS - contig=contig_2, start=138428, stop=139750, strand=+, nt=[ATGAAGAAAA..CAACGGCTGA]
11:55:11.563 - INFO - CDS - contig=contig_2, start=139951, stop=140802, strand=+, nt=[ATGGAACACG..GCAGCAGTAA]
11:55:11.563 - INFO - CDS - contig=contig_2, start=140802, stop=141644, strand=+, nt=[ATGGCAAAAC..CAAGGGCTGA]
11:55:11.563 - INFO - CDS - contig=contig_2, start=141743, stop=142768, strand=+, nt=[ATGACCATTA..AGTGAAATGA]
11:55:11.563 - INFO - CDS - contig=contig_2, start=142783, stop=143874, strand=+, nt=[ATGGCGGGAA..AAGAATCTGA]
11:55:11.563 - INFO - CDS - contig=contig_2, start=143889, stop=144113, strand=+, nt=[ATGGAGCTGA..CCGCGTGTGA]
11:55:11.563 - INFO - CDS - contig=contig_2, start=144129, stop=145613, strand=+, nt=[ATGAGAAACA..CCGGCGGTGA]
11:55:11.563 - INFO - CDS - contig=contig_2, start=145840, stop=146145, strand=+, nt=[ATGCTGCTCA..GAACGGCTGA]
11:55:11.563 - INFO - CDS - contig=contig_2, start=146592, stop=146759, strand=+, nt=[ATGGCCGAAG..CAGCGAATAA]
11:55:11.563 - INFO - CDS - contig=contig_2, start=146925, stop=147944, strand=-, nt=[ATGGCGAAGA..TTCCAAGTAA]
11:55:11.563 - INFO - CDS - contig=contig_2, start=148040, stop=148597, strand=-, nt=[ATGAAGAGCG..CGTCTTTTAA]
11:55:11.563 - INFO - CDS - contig=contig_2, start=148614, stop=150323, strand=-, nt=[ATGCGGATGA..GCTGGACTGA]
11:55:11.563 - INFO - CDS - contig=contig_2, start=150897, stop=152252, strand=+, nt=[ATGTTGCATC..CAAAGCATGA]
11:55:11.563 - INFO - CDS - contig=contig_2, start=152249, stop=153310, strand=+, nt=[ATGAATGAAA..TGCGGCATGA]
11:55:11.563 - INFO - CDS - contig=contig_2, start=153307, stop=153861, strand=+, nt=[ATGAGCGAGG..GCTGAGTTAA]
11:55:11.563 - INFO - CDS - contig=contig_2, start=153875, stop=154522, strand=+, nt=[ATGAATTTGA..GGCCAAGTAA]
11:55:11.563 - INFO - CDS - contig=contig_2, start=154522, stop=155109, strand=+, nt=[ATGGGTGTGG..CTTCGGCTAA]
11:55:11.563 - INFO - CDS - contig=contig_2, start=155123, stop=156037, strand=+, nt=[ATGACAAAAG..GGAGGAGTAA]
11:55:11.563 - INFO - CDS - contig=contig_2, start=156115, stop=156954, strand=-, nt=[ATGAGTTTTA..CGCCTTTTAG]
11:55:11.563 - INFO - CDS - contig=contig_2, start=157052, stop=157804, strand=-, nt=[ATGTATCGGA..AGATTTTTAA]
11:55:11.563 - INFO - CDS - contig=contig_2, start=157804, stop=158301, strand=-, nt=[ATGAAGCAGC..GGACAGCTGA]
11:55:11.564 - INFO - CDS - contig=contig_2, start=158356, stop=158586, strand=-, nt=[ATGAAAGAGC..CACCGATTGA]
11:55:11.564 - INFO - CDS - contig=contig_2, start=158604, stop=158843, strand=-, nt=[ATGGTTAAAA..CGCCATCTAA]
11:55:11.564 - INFO - CDS - contig=contig_2, start=158913, stop=160280, strand=-, nt=[ATGGCTTTTG..CCCCTTCTGA]
11:55:11.564 - INFO - CDS - contig=contig_2, start=160285, stop=160653, strand=-, nt=[GTGAAAAACC..GCAGGAGTGA]
11:55:11.564 - INFO - CDS - contig=contig_2, start=160780, stop=161871, strand=-, nt=[ATGGATCTGC..TGCGGACTGA]
11:55:11.564 - INFO - CDS - contig=contig_2, start=162082, stop=162624, strand=+, nt=[ATGAAAGCGA..GGAGAGCTGA]
11:55:11.564 - INFO - CDS - contig=contig_2, start=162870, stop=163136, strand=+, nt=[GTGATCAAAG..GCTGCTGTAA]
11:55:11.564 - INFO - CDS - contig=contig_2, start=163207, stop=165084, strand=-, nt=[ATGAATACAA..TCCCCAGTAA]
11:55:11.564 - INFO - CDS - contig=contig_2, start=165101, stop=166333, strand=-, nt=[ATGAACTTCG..CTACGATTAA]
11:55:11.564 - INFO - CDS - contig=contig_2, start=166330, stop=167079, strand=-, nt=[TTGGAACACC..ACCCACATGA]
11:55:11.564 - INFO - CDS - contig=contig_2, start=167084, stop=168790, strand=-, nt=[ATGGCCGAAC..GGGAGGCTGA]
11:55:11.564 - INFO - CDS - contig=contig_2, start=168886, stop=169113, strand=-, nt=[ATGGACAGCG..ACTTAAGTGA]
11:55:11.564 - INFO - CDS - contig=contig_2, start=169264, stop=169977, strand=+, nt=[ATGAAAAGAC..GCCCCAATGA]
11:55:11.564 - INFO - CDS - contig=contig_2, start=170093, stop=170638, strand=-, nt=[GTGGGAGAGG..ATTTGAGTAA]
11:55:11.564 - INFO - CDS - contig=contig_2, start=170672, stop=170869, strand=-, nt=[ATGGAACGAG..GGCGCTGTAA]
11:55:11.564 - INFO - CDS - contig=contig_2, start=170950, stop=172164, strand=-, nt=[ATGGATTTTC..GGGTGTATAA]
11:55:11.564 - INFO - CDS - contig=contig_2, start=172350, stop=174485, strand=-, nt=[ATGCCCAATC..CGCCCAATAA]
11:55:11.564 - INFO - CDS - contig=contig_2, start=174711, stop=175487, strand=+, nt=[ATGGCGGAGA..CATGGGCTGA]
11:55:11.564 - INFO - CDS - contig=contig_2, start=175529, stop=177748, strand=+, nt=[ATGTCAAAAC..TCAATACTGA]
11:55:11.564 - INFO - CDS - contig=contig_2, start=177804, stop=178130, strand=-, nt=[TTGGAAATGG..GGACATTTAA]
11:55:11.564 - INFO - CDS - contig=contig_2, start=178299, stop=178544, strand=+, nt=[ATGGTAGAAA..TACGGGCTGA]
11:55:11.564 - INFO - CDS - contig=contig_2, start=178909, stop=180669, strand=+, nt=[ATGGCAGAAG..GATCAAATGA]
11:55:11.564 - INFO - CDS - contig=contig_2, start=181069, stop=182382, strand=-, nt=[TTGCGCGCTT..AGCTCACTGA]
11:55:11.564 - INFO - CDS - contig=contig_2, start=182639, stop=183706, strand=+, nt=[ATGCAGGAAT..GGTTTGCTGA]
11:55:11.564 - INFO - CDS - contig=contig_2, start=183752, stop=184780, strand=-, nt=[ATGGAGAAGA..ATTCAACTGA]
11:55:11.564 - INFO - CDS - contig=contig_2, start=184785, stop=185951, strand=-, nt=[ATGGCACACT..GGGAGGCTGA]
11:55:11.564 - INFO - CDS - contig=contig_2, start=186052, stop=186582, strand=-, nt=[ATGACCAATA..ATTTTGCTGA]
11:55:11.564 - INFO - CDS - contig=contig_2, start=186734, stop=186937, strand=-, nt=[ATGAGTAACA..CATGAAGTAA]
11:55:11.564 - INFO - CDS - contig=contig_2, start=187151, stop=187567, strand=-, nt=[ATGAAGTTAG..AAATCTCTGA]
11:55:11.564 - INFO - CDS - contig=contig_2, start=187769, stop=188587, strand=+, nt=[ATGGACCAGA..CGGGAAATAG]
11:55:11.565 - INFO - CDS - contig=contig_2, start=188714, stop=189160, strand=+, nt=[ATGGCTGAAA..TTCCCAGTGA]
11:55:11.565 - INFO - CDS - contig=contig_2, start=189242, stop=190990, strand=+, nt=[ATGTCCAATC..GCGGATGTGA]
11:55:11.565 - INFO - CDS - contig=contig_2, start=191303, stop=192583, strand=+, nt=[ATGAGTATGA..TATGGCTTGA]
11:55:11.565 - INFO - CDS - contig=contig_2, start=192783, stop=193991, strand=+, nt=[ATGAGAGAAA..AGACGGCTGA]
11:55:11.565 - INFO - CDS - contig=contig_2, start=194169, stop=194795, strand=+, nt=[GTGACGGTGG..GGCTTTATGA]
11:55:11.565 - INFO - CDS - contig=contig_2, start=194792, stop=195397, strand=+, nt=[ATGACCTATG..GCGTCTGTGA]
11:55:11.565 - INFO - CDS - contig=contig_2, start=195394, stop=196023, strand=+, nt=[GTGAGGGGCG..TCTGATTTGA]
11:55:11.565 - INFO - CDS - contig=contig_2, start=196040, stop=196873, strand=+, nt=[ATGGCCGGAA..GGAGAGATAG]
11:55:11.565 - INFO - CDS - contig=contig_2, start=197069, stop=197311, strand=-, nt=[GTGAAATCAA..TGCGCTGTAA]
11:55:11.565 - INFO - CDS - contig=contig_2, start=197510, stop=198088, strand=+, nt=[ATGGCAATGT..GAGGGAATAG]
11:55:11.565 - INFO - CDS - contig=contig_2, start=198091, stop=198612, strand=+, nt=[ATGGATCTTC..CTTCGGTTAG]
11:55:11.565 - INFO - CDS - contig=contig_2, start=198683, stop=199600, strand=+, nt=[ATGAACACTG..TCAAAAGTGA]
11:55:11.565 - INFO - CDS - contig=contig_2, start=199693, stop=200121, strand=-, nt=[ATGAAGATTT..CTCCGCCTGA]
11:55:11.565 - INFO - CDS - contig=contig_2, start=200428, stop=201444, strand=+, nt=[ATGGTCGTCA..CACGCTGTAA]
11:55:11.565 - INFO - CDS - contig=contig_2, start=201478, stop=202338, strand=+, nt=[GTGGAGAAAA..GCTGGGGTAA]
11:55:11.565 - INFO - CDS - contig=contig_2, start=202411, stop=203484, strand=-, nt=[GTGTCATCCA..GGGAGATTGA]
11:55:11.565 - INFO - CDS - contig=contig_2, start=203595, stop=203879, strand=-, nt=[ATGACCAGGC..GACACCCTAG]
11:55:11.565 - INFO - CDS - contig=contig_2, start=204001, stop=205044, strand=+, nt=[ATGAAAAAGA..AGACGCGTAA]
11:55:11.565 - INFO - CDS - contig=contig_2, start=205069, stop=205794, strand=+, nt=[GTGGGGCTGC..CGAAAGGTGA]
11:55:11.565 - INFO - CDS - contig=contig_2, start=205755, stop=206342, strand=+, nt=[ATGGGCCCTC..GGAAATGTAG]
11:55:11.565 - INFO - CDS - contig=contig_2, start=206418, stop=207734, strand=-, nt=[ATGCGCTATA..CAAAAAATAG]
11:55:11.565 - INFO - CDS - contig=contig_2, start=207754, stop=208662, strand=-, nt=[TTGAATACAA..CGCAAACTGA]
11:55:11.565 - INFO - CDS - contig=contig_2, start=208666, stop=209541, strand=-, nt=[ATGCCCAGCG..CGAGGTGTAG]
11:55:11.565 - INFO - CDS - contig=contig_2, start=209543, stop=210511, strand=-, nt=[ATGGCAATGA..GAGGGACTGA]
11:55:11.565 - INFO - CDS - contig=contig_2, start=210537, stop=210875, strand=-, nt=[ATGCCCAACA..GGACAAATAA]
11:55:11.565 - INFO - CDS - contig=contig_2, start=210969, stop=213359, strand=-, nt=[TTGCTGAATA..CCAACAGTAA]
11:55:11.565 - INFO - CDS - contig=contig_2, start=213468, stop=213929, strand=-, nt=[ATGGATAACA..CGGATCATGA]
11:55:11.565 - INFO - CDS - contig=contig_2, start=213922, stop=214197, strand=-, nt=[ATGCCGAAAA..AGATGGATAA]
11:55:11.565 - INFO - CDS - contig=contig_2, start=214271, stop=215416, strand=-, nt=[ATGCCGAAGA..CGAGGAATAA]
11:55:11.565 - INFO - CDS - contig=contig_2, start=215440, stop=215895, strand=-, nt=[ATGGCAAAGG..GCGCGTTTGA]
11:55:11.565 - INFO - CDS - contig=contig_2, start=216343, stop=217731, strand=+, nt=[ATGGAACGTG..GCTGCTGTAA]
11:55:11.565 - INFO - CDS - contig=contig_2, start=218113, stop=219492, strand=+, nt=[ATGATGGAAA..GTCAGCCTAA]
11:55:11.566 - INFO - CDS - contig=contig_2, start=219711, stop=220358, strand=+, nt=[ATGTCTGAAA..TATGGAATAA]
11:55:11.566 - INFO - CDS - contig=contig_2, start=220445, stop=222523, strand=-, nt=[ATGAGCTATT..GGACGCCTGA]
11:55:11.566 - INFO - CDS - contig=contig_2, start=222732, stop=223523, strand=-, nt=[ATGCCCAACT..ATCTCCCTAA]
11:55:11.566 - INFO - CDS - contig=contig_2, start=223548, stop=224138, strand=-, nt=[ATGACGGAGC..CAAAGACTGA]
11:55:11.566 - INFO - CDS - contig=contig_2, start=224196, stop=225182, strand=-, nt=[TTGAAGATCG..GCCGTCATAA]
11:55:11.566 - INFO - CDS - contig=contig_2, start=225385, stop=227721, strand=+, nt=[ATGGCGGCAA..AAAGCGGTGA]
11:55:11.566 - INFO - CDS - contig=contig_2, start=227940, stop=228596, strand=+, nt=[ATGAAGCGGG..CCCGCAATAG]
11:55:11.566 - INFO - CDS - contig=contig_2, start=229303, stop=229689, strand=+, nt=[ATGAAACAGC..AAGAAAATAA]
11:55:11.566 - INFO - CDS - contig=contig_2, start=229839, stop=231143, strand=-, nt=[ATGGATTGGA..CGAAGCCTGA]
11:55:11.566 - INFO - CDS - contig=contig_2, start=231214, stop=231501, strand=-, nt=[ATGGCTACAT..TCATTCCTGA]
11:55:11.566 - INFO - CDS - contig=contig_2, start=231691, stop=233142, strand=-, nt=[ATGGCACTGA..CAAGGAGTAA]
11:55:11.566 - INFO - CDS - contig=contig_2, start=233283, stop=234692, strand=-, nt=[GTGGTCTACA..CAAGGAGTAA]
11:55:11.566 - INFO - CDS - contig=contig_2, start=235025, stop=236485, strand=-, nt=[ATGGCAACCC..TGAAATGTGA]
11:55:11.566 - INFO - CDS - contig=contig_2, start=236537, stop=237733, strand=-, nt=[ATGGAATTGA..TCTGGCCTGA]
11:55:11.566 - INFO - CDS - contig=contig_2, start=237925, stop=238608, strand=+, nt=[ATGGCAAACG..GCAGGAATAA]
11:55:11.566 - INFO - CDS - contig=contig_2, start=238827, stop=239870, strand=+, nt=[ATGCCGAGCC..AAAAGGGTGA]
11:55:11.566 - INFO - CDS - contig=contig_2, start=240000, stop=241070, strand=+, nt=[ATGACCAGTA..GCTGCGGTAA]
11:55:11.566 - INFO - CDS - contig=contig_2, start=241204, stop=241725, strand=+, nt=[ATGCAAGCGT..CACCATGTAA]
11:55:11.566 - INFO - CDS - contig=contig_2, start=241742, stop=243085, strand=+, nt=[ATGGAACAAG..GGGCGGCTGA]
11:55:11.566 - INFO - CDS - contig=contig_2, start=243145, stop=244122, strand=+, nt=[ATGGAACTCA..CAAAAAATAA]
11:55:11.566 - INFO - CDS - contig=contig_2, start=244197, stop=245210, strand=+, nt=[ATGCAGGCAA..CTTTGACTGA]
11:55:11.566 - INFO - CDS - contig=contig_2, start=245224, stop=245985, strand=+, nt=[ATGACGAATT..CTCCAGATAA]
11:55:11.566 - INFO - CDS - contig=contig_2, start=246194, stop=246553, strand=+, nt=[ATGGACGTAA..GAAGGCTTAA]
11:55:11.566 - INFO - CDS - contig=contig_2, start=246569, stop=247411, strand=+, nt=[ATGGATATTC..CCTGCGGTGA]
11:55:11.566 - INFO - CDS - contig=contig_2, start=247491, stop=248291, strand=+, nt=[ATGATTACCG..ACAGCCCTAA]
11:55:11.566 - INFO - CDS - contig=contig_2, start=248305, stop=249264, strand=+, nt=[ATGGAAGCAA..GAACTGCTGA]
11:55:11.566 - INFO - CDS - contig=contig_2, start=249279, stop=249914, strand=+, nt=[ATGGAGATGG..GCGGGCATAA]
11:55:11.566 - INFO - CDS - contig=contig_2, start=249961, stop=250638, strand=-, nt=[ATGAATTACG..GCTTAAATAA]
11:55:11.566 - INFO - CDS - contig=contig_2, start=250827, stop=252638, strand=+, nt=[ATGAACAAGC..GCGGGAATAA]
11:55:11.566 - INFO - CDS - contig=contig_2, start=252713, stop=253621, strand=-, nt=[ATGAACACCG..TAAGCCCTGA]
11:55:11.566 - INFO - CDS - contig=contig_2, start=253649, stop=254332, strand=-, nt=[ATGGCGGACA..TGTGGTCTAA]
11:55:11.567 - INFO - CDS - contig=contig_2, start=254416, stop=256170, strand=+, nt=[ATGGGGAGAG..AGAGGAATGA]
11:55:11.567 - INFO - CDS - contig=contig_2, start=256398, stop=256877, strand=+, nt=[GTGGTTGTGA..GGAGGGCTGA]
11:55:11.567 - INFO - CDS - contig=contig_2, start=256882, stop=257238, strand=+, nt=[ATGCTGGAGA..CACTCAATGA]
11:55:11.567 - INFO - CDS - contig=contig_2, start=257235, stop=258296, strand=+, nt=[ATGAACATGA..CGCTCAGTGA]
11:55:11.567 - INFO - CDS - contig=contig_2, start=258368, stop=259408, strand=+, nt=[ATGAAAAAAC..CCGAACTTGA]
11:55:11.567 - INFO - CDS - contig=contig_2, start=259426, stop=260736, strand=+, nt=[ATGCCACGCT..AAAGCCGTGA]
11:55:11.567 - INFO - CDS - contig=contig_2, start=260733, stop=261704, strand=+, nt=[GTGAAACTGA..CGCGGCATGA]
11:55:11.567 - INFO - CDS - contig=contig_2, start=261701, stop=262240, strand=+, nt=[ATGAGAGAAT..TTGGGAATGA]
11:55:11.567 - INFO - CDS - contig=contig_2, start=262237, stop=262671, strand=+, nt=[ATGAAGGGAA..GTTATTTTAA]
11:55:11.567 - INFO - CDS - contig=contig_2, start=263156, stop=264778, strand=-, nt=[ATGGAAAATC..CGCCGCATAA]
11:55:11.567 - INFO - CDS - contig=contig_2, start=264854, stop=265066, strand=-, nt=[ATGCCAAAAG..TGTACCTTGA]
11:55:11.567 - INFO - CDS - contig=contig_2, start=265695, stop=266114, strand=-, nt=[ATGACTACGA..TTCTCTCTAA]
11:55:11.567 - INFO - CDS - contig=contig_2, start=266850, stop=267635, strand=-, nt=[ATGAAAACAT..TGAGTTGTAA]
11:55:11.567 - INFO - CDS - contig=contig_2, start=267648, stop=268442, strand=-, nt=[ATGGTCATTT..CCGCTCATGA]
11:55:11.567 - INFO - CDS - contig=contig_2, start=268457, stop=269344, strand=-, nt=[ATGAGTGAAC..CTATGAATAA]
11:55:11.567 - INFO - CDS - contig=contig_2, start=269341, stop=269958, strand=-, nt=[TTGGATAAAT..TTTGAAATGA]
11:55:11.567 - INFO - CDS - contig=contig_2, start=270211, stop=270570, strand=+, nt=[ATGCAATTTG..GGAAGCGTAA]
11:55:11.567 - INFO - CDS - contig=contig_2, start=270761, stop=272068, strand=-, nt=[GTGTCCTCCT..GACCCGATAG]
11:55:11.567 - INFO - CDS - contig=contig_2, start=272261, stop=272554, strand=-, nt=[ATGCGGATCA..CACAGGCTGA]
11:55:11.567 - INFO - CDS - contig=contig_2, start=272727, stop=273083, strand=+, nt=[ATGTTACGGC..GATTGAATAA]
11:55:11.567 - INFO - CDS - contig=contig_2, start=273357, stop=274577, strand=-, nt=[ATGAATACTT..CAGTGAGTAA]
11:55:11.567 - INFO - CDS - contig=contig_2, start=275118, stop=275465, strand=-, nt=[TTGACCAAGA..GACGCTCTGA]
11:55:11.567 - INFO - CDS - contig=contig_2, start=275462, stop=275626, strand=-, nt=[ATGGAACATA..GGATCGTTGA]
11:55:11.567 - INFO - CDS - contig=contig_2, start=275635, stop=275979, strand=-, nt=[GTGGAGAAAA..GGACAGATAG]
11:55:11.567 - INFO - CDS - contig=contig_2, start=276113, stop=276568, strand=-, nt=[ATGAGCCGGG..CCGGGGCTGA]
11:55:11.567 - INFO - CDS - contig=contig_2, start=276565, stop=277242, strand=-, nt=[ATGAGAAAGT..CGAGGAATGA]
11:55:11.567 - INFO - CDS - contig=contig_2, start=277239, stop=277487, strand=-, nt=[ATGGCAATTA..GGCAGAATGA]
11:55:11.567 - INFO - CDS - contig=contig_2, start=277503, stop=279152, strand=-, nt=[ATGGAAAACA..ATTACCGTAA]
11:55:11.567 - INFO - CDS - contig=contig_2, start=279133, stop=281496, strand=-, nt=[TTGAGCAGAA..GGCAGAGTAG]
11:55:11.567 - INFO - CDS - contig=contig_2, start=281450, stop=281830, strand=-, nt=[TTGCCGTATG..GGGCCGGTAA]
11:55:11.567 - INFO - CDS - contig=contig_2, start=281818, stop=282315, strand=-, nt=[ATGGGGATTG..CCGTATGTGA]
11:55:11.568 - INFO - CDS - contig=contig_2, start=282476, stop=282811, strand=-, nt=[ATGAATAATT..AACCGAATAA]
11:55:11.568 - INFO - CDS - contig=contig_2, start=282804, stop=283058, strand=-, nt=[ATGCCAAACA..ACATGAATAA]
11:55:11.568 - INFO - CDS - contig=contig_2, start=283130, stop=284020, strand=-, nt=[ATGCAAGACA..GGGAAAATAG]
11:55:11.568 - INFO - CDS - contig=contig_2, start=284038, stop=284904, strand=-, nt=[ATGGGTATTC..CGCCCATTGA]
11:55:11.568 - INFO - CDS - contig=contig_2, start=284917, stop=285129, strand=-, nt=[ATGGCTTTTT..CCTGTTTTAA]
11:55:11.568 - INFO - CDS - contig=contig_2, start=285326, stop=287164, strand=-, nt=[ATGGGGACAG..CTTTGTATAA]
11:55:11.568 - INFO - CDS - contig=contig_2, start=287151, stop=287531, strand=-, nt=[GTGGGCCGCC..GGACAGATAA]
11:55:11.568 - INFO - CDS - contig=contig_2, start=287783, stop=288499, strand=-, nt=[ATGTCAGCCC..GGACAGATAG]
11:55:11.568 - INFO - CDS - contig=contig_2, start=288499, stop=288840, strand=-, nt=[ATGAAAAGGC..CCACCGCTGA]
11:55:11.568 - INFO - CDS - contig=contig_2, start=289236, stop=290621, strand=-, nt=[ATGGCAGAAG..GGAGAAGTAA]
11:55:11.568 - INFO - CDS - contig=contig_2, start=290769, stop=291800, strand=-, nt=[ATGGCGGATA..AGTTTCATAA]
11:55:11.568 - INFO - CDS - contig=contig_2, start=292121, stop=293737, strand=-, nt=[ATGGAAAATC..TGCCGCATAA]
11:55:11.568 - INFO - CDS - contig=contig_2, start=293811, stop=294023, strand=-, nt=[ATGCCAAAGG..TGTACCTTGA]
11:55:11.568 - INFO - CDS - contig=contig_2, start=294157, stop=294357, strand=-, nt=[ATGGACTATG..CCCTTACTGA]
11:55:11.568 - INFO - CDS - contig=contig_2, start=294552, stop=294974, strand=-, nt=[ATGACAACGA..AAATTTCTAA]
11:55:11.568 - INFO - CDS - contig=contig_2, start=295451, stop=296689, strand=-, nt=[ATGCAGACAA..CAACAAATAG]
11:55:11.568 - INFO - CDS - contig=contig_2, start=296784, stop=297434, strand=-, nt=[ATGGCAAGAA..TACAGTTTAA]
11:55:11.568 - INFO - CDS - contig=contig_2, start=297608, stop=297967, strand=+, nt=[ATGAAGATTG..GGATGCGTAA]
11:55:11.568 - INFO - CDS - contig=contig_2, start=298170, stop=299516, strand=-, nt=[ATGGAGGAGC..GGAGCGTTAG]
11:55:11.568 - INFO - CDS - contig=contig_2, start=299886, stop=300089, strand=+, nt=[ATGTCAGGGA..GAAAAAATAA]
11:55:11.568 - INFO - CDS - contig=contig_2, start=300105, stop=300470, strand=-, nt=[GTGACAAAGA..GAGCAGGTGA]
11:55:11.568 - INFO - CDS - contig=contig_2, start=300467, stop=300631, strand=-, nt=[ATGGACAAGA..GGAGCGGTGA]
11:55:11.568 - INFO - CDS - contig=contig_2, start=300642, stop=301241, strand=-, nt=[ATGGACAAAA..CGACAGATAG]
11:55:11.568 - INFO - CDS - contig=contig_2, start=301404, stop=301724, strand=-, nt=[ATGAGTGAGC..TGACAATTAG]
11:55:11.568 - INFO - CDS - contig=contig_2, start=301879, stop=302055, strand=-, nt=[ATGAGGTTTA..CGGGAGGTGA]
11:55:11.568 - INFO - CDS - contig=contig_2, start=302052, stop=302831, strand=-, nt=[ATGAAACGCT..GGACAAATGA]
11:55:11.568 - INFO - CDS - contig=contig_2, start=302834, stop=303088, strand=-, nt=[ATGGCGGCAA..GGAAAATTGA]
11:55:11.568 - INFO - CDS - contig=contig_2, start=303103, stop=304797, strand=-, nt=[ATGAAACGAA..TTTACCCTGA]
11:55:11.568 - INFO - CDS - contig=contig_2, start=304778, stop=307141, strand=-, nt=[TTGAAAACAG..AACCGAATAA]
11:55:11.569 - INFO - CDS - contig=contig_2, start=307095, stop=307499, strand=-, nt=[GTGAGCAAAA..AGGCCGCTAA]
11:55:11.569 - INFO - CDS - contig=contig_2, start=307553, stop=307780, strand=-, nt=[GTGACGCCCT..GCTGCGCTGA]
11:55:11.569 - INFO - CDS - contig=contig_2, start=307777, stop=308289, strand=-, nt=[ATGATCTATA..GGAACAGTGA]
11:55:11.569 - INFO - CDS - contig=contig_2, start=308611, stop=309084, strand=-, nt=[ATGAGGATCG..GGGCCTGTGA]
11:55:11.569 - INFO - CDS - contig=contig_2, start=309190, stop=310056, strand=-, nt=[ATGGGATTTC..CGCACATTGA]
11:55:11.569 - INFO - CDS - contig=contig_2, start=310068, stop=310280, strand=-, nt=[ATGGAGTTCT..CCTGTTCTGA]
11:55:11.569 - INFO - CDS - contig=contig_2, start=310376, stop=312229, strand=-, nt=[ATGAGGACAG..CTATGAATAA]
11:55:11.569 - INFO - CDS - contig=contig_2, start=312216, stop=312692, strand=-, nt=[TTGGTTGACG..GGACAGATAG]
11:55:11.569 - INFO - CDS - contig=contig_2, start=312753, stop=313466, strand=-, nt=[ATGCCCGCGC..TGACCGATAG]
11:55:11.569 - INFO - CDS - contig=contig_2, start=313468, stop=313809, strand=-, nt=[ATGAAGCGTC..GCGGCGCTGA]
11:55:11.569 - INFO - CDS - contig=contig_2, start=313878, stop=315359, strand=-, nt=[ATGGCAGATG..GGAAAAGTAA]
11:55:11.569 - INFO - CDS - contig=contig_2, start=315602, stop=316624, strand=+, nt=[ATGCAATACG..CAATTTGTAA]
11:55:11.569 - INFO - CDS - contig=contig_2, start=316717, stop=317760, strand=+, nt=[ATGGATAAAA..TAAGGACTAA]
11:55:11.569 - INFO - CDS - contig=contig_2, start=318203, stop=318619, strand=+, nt=[ATGACCGGCA..GGGCTTCTGA]
11:55:11.569 - INFO - CDS - contig=contig_2, start=318619, stop=319623, strand=+, nt=[ATGAGTGAGC..AAACCTATGA]
11:55:11.569 - INFO - CDS - contig=contig_2, start=319592, stop=320131, strand=+, nt=[ATGGCCAGTG..ATATTTTTGA]
11:55:11.569 - INFO - CDS - contig=contig_2, start=320239, stop=322632, strand=+, nt=[ATGAAAGGCA..GGTGGATTGA]
11:55:11.569 - INFO - CDS - contig=contig_2, start=322675, stop=324102, strand=+, nt=[ATGCGGCTGA..TTTCTCCTGA]
11:55:11.569 - INFO - CDS - contig=contig_2, start=324217, stop=325227, strand=+, nt=[ATGACATCGA..TCTCGTTTAA]
11:55:11.569 - INFO - CDS - contig=contig_2, start=325270, stop=326472, strand=+, nt=[ATGCCAAAAC..GCAGGGCTGA]
11:55:11.569 - INFO - CDS - contig=contig_2, start=326601, stop=327719, strand=+, nt=[ATGAACGTTT..CCTGCTCTGA]
11:55:11.569 - INFO - CDS - contig=contig_2, start=327801, stop=329063, strand=+, nt=[ATGAGCGTTT..GGATTCTTAA]
11:55:11.569 - INFO - CDS - contig=contig_2, start=329158, stop=330063, strand=+, nt=[ATGGCGGCGA..GGCGGCCTAA]
11:55:11.569 - INFO - CDS - contig=contig_2, start=330077, stop=330802, strand=+, nt=[ATGTCGGTGG..GGTGGGCTGA]
11:55:11.569 - INFO - CDS - contig=contig_2, start=330803, stop=331189, strand=+, nt=[GTGCTGGAGC..CACAAAATGA]
11:55:11.569 - INFO - CDS - contig=contig_2, start=331241, stop=332344, strand=+, nt=[ATGCCGTTTG..CGAGCAGTAA]
11:55:11.569 - INFO - CDS - contig=contig_2, start=332407, stop=332904, strand=-, nt=[ATGAAGCAGA..GATCCCCTGA]
11:55:11.569 - INFO - CDS - contig=contig_2, start=332909, stop=333301, strand=-, nt=[TTGAAAAAAA..GGTGGGGTGA]
11:55:11.569 - INFO - CDS - contig=contig_2, start=333304, stop=334314, strand=-, nt=[TTGAAACGAC..GGAGGAATGA]
11:55:11.569 - INFO - CDS - contig=contig_2, start=334521, stop=335288, strand=+, nt=[ATGCGGATTG..CAGAATGTAA]
11:55:11.569 - INFO - CDS - contig=contig_2, start=335361, stop=337028, strand=+, nt=[ATGCAGACCG..ACTGTTTTAA]
11:55:11.569 - INFO - CDS - contig=contig_2, start=337085, stop=337552, strand=-, nt=[ATGTCCAATT..TACGCTGTAG]
11:55:11.570 - INFO - CDS - contig=contig_2, start=337573, stop=338727, strand=-, nt=[ATGAAACGAA..CTCAAATTGA]
11:55:11.570 - INFO - CDS - contig=contig_2, start=338724, stop=339845, strand=-, nt=[TTGAAAAAGC..GGAATTATGA]
11:55:11.570 - INFO - CDS - contig=contig_2, start=339884, stop=341728, strand=-, nt=[TTGAACAAAA..AGAGTCCTGA]
11:55:11.570 - INFO - CDS - contig=contig_2, start=341765, stop=342322, strand=-, nt=[ATGCTGAAAG..CTCCGACTGA]
11:55:11.570 - INFO - CDS - contig=contig_2, start=342316, stop=343695, strand=-, nt=[ATGCTGGAAG..GTTATGCTGA]
11:55:11.570 - INFO - CDS - contig=contig_2, start=343752, stop=345095, strand=-, nt=[ATGGACGAGC..CGAATACTGA]
11:55:11.570 - INFO - CDS - contig=contig_2, start=345158, stop=345607, strand=-, nt=[ATGAAAGTGA..GAGCAACTGA]
11:55:11.570 - INFO - CDS - contig=contig_2, start=345672, stop=347666, strand=-, nt=[ATGCACAAAA..AGACGAGTGA]
11:55:11.570 - INFO - CDS - contig=contig_2, start=347889, stop=348827, strand=-, nt=[ATGCTGAAAA..GGCTCCGTAA]
11:55:11.570 - INFO - CDS - contig=contig_2, start=348832, stop=349281, strand=-, nt=[ATGCCCTGGC..AAAGGAGTAA]
11:55:11.570 - INFO - CDS - contig=contig_2, start=349488, stop=350624, strand=+, nt=[GTGGAACAGT..GAGAAAATGA]
11:55:11.570 - INFO - CDS - contig=contig_2, start=350621, stop=351742, strand=+, nt=[ATGAGGAGAC..CCTCTTTTGA]
11:55:11.570 - INFO - CDS - contig=contig_2, start=351739, stop=352698, strand=+, nt=[TTGAGCGTGC..TAAAAAGTAA]
11:55:11.570 - INFO - CDS - contig=contig_2, start=352913, stop=353197, strand=+, nt=[ATGAAACTCA..GGTCGAGTAA]
11:55:11.570 - INFO - CDS - contig=contig_2, start=353288, stop=354913, strand=+, nt=[ATGTCCAAAC..CATGTATTAA]
11:55:11.570 - INFO - CDS - contig=contig_2, start=355197, stop=356594, strand=-, nt=[ATGGATGAAA..ATTGGAATAG]
11:55:11.570 - INFO - CDS - contig=contig_2, start=357068, stop=357874, strand=+, nt=[ATGAACGAAG..AAACAGGTAA]
11:55:11.570 - INFO - CDS - contig=contig_2, start=357958, stop=359274, strand=+, nt=[ATGACCGCAT..ATTGCCCTAA]
11:55:11.570 - INFO - CDS - contig=contig_2, start=359358, stop=360593, strand=+, nt=[ATGTTTCAGC..ATTCAAATAA]
11:55:11.570 - INFO - CDS - contig=contig_2, start=360708, stop=361853, strand=+, nt=[ATGGATTTTT..TGGGAAATAA]
11:55:11.570 - INFO - CDS - contig=contig_2, start=361868, stop=362668, strand=+, nt=[ATGAAAGCAA..TATCATTTAA]
11:55:11.570 - INFO - CDS - contig=contig_2, start=362681, stop=363829, strand=+, nt=[ATGAGTAAAT..ACTGGCATAA]
11:55:11.570 - INFO - CDS - contig=contig_2, start=364180, stop=365403, strand=+, nt=[ATGAAGCTGA..GCTGAGCTGA]
11:55:11.570 - INFO - CDS - contig=contig_2, start=365405, stop=366133, strand=+, nt=[GTGGGACGAA..ATCTGCATGA]
11:55:11.570 - INFO - CDS - contig=contig_2, start=366130, stop=367035, strand=+, nt=[ATGAAGAAGA..CGCCTATTGA]
11:55:11.570 - INFO - CDS - contig=contig_2, start=367106, stop=368098, strand=+, nt=[ATGCCCAAAC..GGGGGGCTGA]
11:55:11.570 - INFO - CDS - contig=contig_2, start=368144, stop=368404, strand=+, nt=[TTGGCGGGGG..CAGATCTTGA]
11:55:11.570 - INFO - CDS - contig=contig_2, start=368423, stop=368887, strand=+, nt=[GTGCGCAGGG..TGCGCTGTGA]
11:55:11.570 - INFO - CDS - contig=contig_2, start=368884, stop=369201, strand=+, nt=[GTGAGGGGCG..TGAGGGCTGA]
11:55:11.570 - INFO - CDS - contig=contig_2, start=369191, stop=369628, strand=+, nt=[ATGAGGGCTG..GAAACCATGA]
11:55:11.570 - INFO - CDS - contig=contig_2, start=369625, stop=370686, strand=+, nt=[ATGAAACTGA..AGGAAAATAA]
11:55:11.570 - INFO - CDS - contig=contig_2, start=370688, stop=371098, strand=+, nt=[ATGACACAAA..GGGGCTTTAA]
11:55:11.571 - INFO - CDS - contig=contig_2, start=371245, stop=372585, strand=-, nt=[ATGAATTACA..CAACCGCTGA]
11:55:11.571 - INFO - CDS - contig=contig_2, start=372596, stop=373450, strand=-, nt=[ATGAGCATCA..TTCCAAGTGA]
11:55:11.571 - INFO - CDS - contig=contig_2, start=373508, stop=374284, strand=-, nt=[ATGAGTTTTG..CGGAAAATAA]
11:55:11.571 - INFO - CDS - contig=contig_2, start=374286, stop=375545, strand=-, nt=[ATGAAAGAAG..GAAGTGCTGA]
11:55:11.571 - INFO - CDS - contig=contig_2, start=375739, stop=376161, strand=-, nt=[ATGGAACTGC..GTTGTCCTAG]
11:55:11.571 - INFO - CDS - contig=contig_2, start=376281, stop=377426, strand=-, nt=[ATGAATTTCG..CCGCAGTTGA]
11:55:11.571 - INFO - CDS - contig=contig_2, start=377853, stop=378656, strand=+, nt=[ATGAATGTGC..AATTCTCTGA]
11:55:11.571 - INFO - CDS - contig=contig_2, start=378672, stop=379673, strand=+, nt=[TTGGAAAGCA..TCGTATGTAG]
11:55:11.571 - INFO - CDS - contig=contig_2, start=379764, stop=381191, strand=-, nt=[ATGACTGAGG..AGGAGACTGA]
11:55:11.571 - INFO - CDS - contig=contig_2, start=381498, stop=382640, strand=+, nt=[ATGCATTTTA..GCTGAAGTGA]
11:55:11.571 - INFO - CDS - contig=contig_2, start=382691, stop=383572, strand=+, nt=[ATGGAAAAGA..GTGGAAGTAA]
11:55:11.571 - INFO - CDS - contig=contig_2, start=383836, stop=384615, strand=+, nt=[ATGAACAATC..CGGCAAATAA]
11:55:11.571 - INFO - CDS - contig=contig_2, start=384655, stop=386214, strand=+, nt=[ATGTCCCAAA..GAAAAAATGA]
11:55:11.571 - INFO - CDS - contig=contig_2, start=386298, stop=387656, strand=+, nt=[ATGAACATGG..GGGCCTGTAA]
11:55:11.571 - INFO - CDS - contig=contig_2, start=387831, stop=388973, strand=+, nt=[ATGAATTTCG..TTTCCGCTAA]
11:55:11.571 - INFO - CDS - contig=contig_2, start=389101, stop=389529, strand=+, nt=[ATGCAACTAT..AGCGGAATGA]
11:55:11.571 - INFO - CDS - contig=contig_2, start=390038, stop=390160, strand=-, nt=[ATGATCGTCA..TGCCGCATAA]
11:55:11.571 - INFO - CDS - contig=contig_2, start=390157, stop=390549, strand=-, nt=[TTGGTAAGGT..AAGAAAATGA]
11:55:11.571 - INFO - CDS - contig=contig_2, start=390521, stop=390856, strand=-, nt=[TTGCAGATTA..AGATATTTGA]
11:55:11.571 - INFO - CDS - contig=contig_2, start=390981, stop=391502, strand=-, nt=[GTGGCAGAAG..ACCTAAATGA]
11:55:11.571 - INFO - CDS - contig=contig_2, start=392385, stop=393926, strand=-, nt=[ATGAAGAAAA..GTCGCTTTAG]
11:55:11.571 - INFO - CDS - contig=contig_2, start=394610, stop=395194, strand=-, nt=[ATGGAGATTG..TTCAGCCTGA]
11:55:11.571 - INFO - CDS - contig=contig_2, start=395433, stop=396335, strand=+, nt=[ATGAAAAAGG..CGCCAGATAA]
11:55:11.571 - INFO - CDS - contig=contig_2, start=396409, stop=397146, strand=-, nt=[ATGCGCACCC..TTCAATATGA]
11:55:11.571 - INFO - CDS - contig=contig_2, start=397629, stop=398090, strand=-, nt=[ATGAAGAACA..TCACGGATGA]
11:55:11.571 - INFO - CDS - contig=contig_2, start=398131, stop=398442, strand=+, nt=[ATGCTGCTGG..ATACGCATAA]
11:55:11.571 - INFO - CDS - contig=contig_2, start=398850, stop=399848, strand=-, nt=[ATGAAATATC..GGATAAATAA]
11:55:11.571 - INFO - CDS - contig=contig_2, start=400455, stop=401744, strand=+, nt=[ATGATTATGT..TTTGAAATAA]
11:55:11.571 - INFO - CDS - contig=contig_2, start=401856, stop=402788, strand=+, nt=[ATGCCTAATA..TGCTGAATAA]
11:55:11.571 - INFO - CDS - contig=contig_2, start=402987, stop=404075, strand=+, nt=[ATGATAGAAC..GGCTTTCTAA]
11:55:11.571 - INFO - CDS - contig=contig_2, start=404078, stop=405214, strand=+, nt=[ATGATCTATC..CACCATATGA]
11:55:11.571 - INFO - CDS - contig=contig_2, start=405211, stop=406062, strand=+, nt=[ATGAGCCGCG..CAATTCCTGA]
11:55:11.572 - INFO - CDS - contig=contig_2, start=408161, stop=409117, strand=-, nt=[ATGCGCACAA..CAAAAAATAA]
11:55:11.572 - INFO - CDS - contig=contig_2, start=409134, stop=409880, strand=-, nt=[ATGAGCGATA..TCGAGTTTGA]
11:55:11.572 - INFO - CDS - contig=contig_2, start=409870, stop=410532, strand=-, nt=[TTGATTGAAA..TGAGCGATAA]
11:55:11.572 - INFO - CDS - contig=contig_2, start=410575, stop=411423, strand=-, nt=[ATGAAAAATG..CATTAAGTAA]
11:55:11.572 - INFO - CDS - contig=contig_2, start=411462, stop=412682, strand=-, nt=[ATGGAACAAA..TCGGCCCTGA]
11:55:11.572 - INFO - CDS - contig=contig_2, start=413445, stop=414368, strand=-, nt=[ATGTTTCGCA..AAATTCGTAA]
11:55:11.572 - INFO - CDS - contig=contig_2, start=415881, stop=417563, strand=+, nt=[ATGTATCAGG..TAAAGAATAA]
11:55:11.572 - INFO - CDS - contig=contig_2, start=417581, stop=417931, strand=+, nt=[ATGGCAAAGG..GGGCATGTAA]
11:55:11.572 - INFO - CDS - contig=contig_2, start=417937, stop=418623, strand=+, nt=[GTGAAGAAGC..AGAGACATGA]
11:55:11.572 - INFO - CDS - contig=contig_2, start=418620, stop=419636, strand=+, nt=[ATGAGCGGGA..CAGATCATAA]
11:55:11.572 - INFO - CDS - contig=contig_2, start=419649, stop=420773, strand=+, nt=[ATGGGCCCTT..GCCTATCTAA]
11:55:11.572 - INFO - CDS - contig=contig_2, start=420818, stop=421483, strand=+, nt=[ATGGAGCTTA..GGGATATTGA]
11:55:11.572 - INFO - CDS - contig=contig_2, start=421698, stop=422834, strand=+, nt=[ATGAAGAAGA..CGAGCAGTAA]
11:55:11.572 - INFO - CDS - contig=contig_2, start=423022, stop=426333, strand=+, nt=[ATGCTGAAGC..GCGGGAATGA]
11:55:11.572 - INFO - CDS - contig=contig_2, start=426521, stop=430084, strand=+, nt=[ATGGCCTTTC..GGAAGTTTAG]
11:55:11.572 - INFO - CDS - contig=contig_2, start=430230, stop=430562, strand=+, nt=[ATGAAAAAGA..ACTGGGGTAA]
11:55:11.572 - INFO - CDS - contig=contig_2, start=430567, stop=431310, strand=+, nt=[ATGGAACGGG..GGTGAGCTGA]
11:55:11.572 - INFO - CDS - contig=contig_2, start=431310, stop=431960, strand=+, nt=[ATGAAGCGGA..GTTCGGTTGA]
11:55:11.572 - INFO - CDS - contig=contig_2, start=432017, stop=432739, strand=+, nt=[GTGACCTGTG..GGCGGAGTGA]
11:55:11.572 - INFO - CDS - contig=contig_2, start=432736, stop=433404, strand=+, nt=[GTGAACCGGA..GGGGGATTAA]
11:55:11.572 - INFO - CDS - contig=contig_2, start=433532, stop=433738, strand=+, nt=[ATGAAGGAAG..CAAGCAGTAA]
11:55:11.572 - INFO - CDS - contig=contig_2, start=433816, stop=434316, strand=+, nt=[ATGTTTCAAA..GCAGAAATAA]
11:55:11.572 - INFO - CDS - contig=contig_2, start=434402, stop=435712, strand=+, nt=[ATGTTCGAAA..GGAGGACTGA]
11:55:11.572 - INFO - CDS - contig=contig_2, start=435713, stop=436258, strand=+, nt=[ATGGAACGGC..AATGAAATGA]
11:55:11.572 - INFO - CDS - contig=contig_2, start=436277, stop=436912, strand=+, nt=[ATGACGGAAT..GGACAGATAA]
11:55:11.572 - INFO - CDS - contig=contig_2, start=437001, stop=438005, strand=+, nt=[ATGACCATCC..GGTCAAATAG]
11:55:11.572 - INFO - CDS - contig=contig_2, start=438107, stop=439888, strand=+, nt=[GTGCCCATTC..TGGACAATGA]
11:55:11.572 - INFO - CDS - contig=contig_2, start=439885, stop=441231, strand=+, nt=[ATGAGCGAGA..TTTGAACTGA]
11:55:11.572 - INFO - CDS - contig=contig_2, start=441351, stop=441710, strand=+, nt=[TTGAAAATGA..GGAGGTCTGA]
11:55:11.572 - INFO - CDS - contig=contig_2, start=441712, stop=443715, strand=+, nt=[ATGAGGAGCC..GATTAGCTGA]
11:55:11.572 - INFO - CDS - contig=contig_2, start=443717, stop=444268, strand=+, nt=[ATGGGGCGGG..AACGGAATGA]
11:55:11.572 - INFO - CDS - contig=contig_2, start=444470, stop=444874, strand=+, nt=[ATGACAAGAG..CGAAATGTAA]
11:55:11.572 - INFO - CDS - contig=contig_2, start=445015, stop=445131, strand=+, nt=[ATGACCGGCA..AAGGACATGA]
11:55:11.572 - INFO - CDS - contig=contig_2, start=445181, stop=445687, strand=+, nt=[ATGAAAAAAG..CAACAATTAA]
11:55:11.573 - INFO - CDS - contig=contig_2, start=445706, stop=446416, strand=+, nt=[ATGGAGAAGA..GGGGGAATAA]
11:55:11.573 - INFO - CDS - contig=contig_2, start=446418, stop=447866, strand=+, nt=[ATGGAGCCGA..CGGAGATTGA]
11:55:11.573 - INFO - CDS - contig=contig_2, start=447877, stop=448914, strand=+, nt=[ATGGAGAAGA..GCTATGCTGA]
11:55:11.573 - INFO - CDS - contig=contig_2, start=448908, stop=449543, strand=+, nt=[ATGCTGAACA..GCTCGAATGA]
11:55:11.573 - INFO - CDS - contig=contig_2, start=449540, stop=449800, strand=+, nt=[ATGAAGACCA..AACTGACTGA]
11:55:11.573 - INFO - CDS - contig=contig_2, start=449784, stop=450485, strand=+, nt=[ATGGAACAAC..GCACGCTTGA]
11:55:11.573 - INFO - CDS - contig=contig_2, start=450496, stop=451671, strand=+, nt=[ATGACTGAAC..CCATCATTGA]
11:55:11.573 - INFO - CDS - contig=contig_2, start=451762, stop=453045, strand=+, nt=[ATGAAAGTTC..AGGGAAATGA]
11:55:11.573 - INFO - CDS - contig=contig_2, start=453055, stop=456744, strand=+, nt=[ATGGTTTATC..TTTCCAATAA]
11:55:11.573 - INFO - CDS - contig=contig_2, start=456841, stop=457527, strand=-, nt=[ATGAAACGAG..TCCGGTGTAA]
11:55:11.573 - INFO - CDS - contig=contig_2, start=457906, stop=458556, strand=+, nt=[ATGACACGAT..AGCTGTATAA]
11:55:11.573 - INFO - CDS - contig=contig_2, start=458543, stop=459958, strand=+, nt=[ATGAAGCTGT..AAAGGCGTGA]
11:55:11.573 - INFO - CDS - contig=contig_2, start=460168, stop=461553, strand=+, nt=[ATGGAGACAG..CGTCATATAA]
11:55:11.573 - INFO - CDS - contig=contig_2, start=461596, stop=461808, strand=-, nt=[ATGATCATGG..CCGGACCTGA]
11:55:11.573 - INFO - CDS - contig=contig_2, start=461868, stop=462467, strand=-, nt=[ATGAAATTTT..GAAGGTATAA]
11:55:11.573 - INFO - CDS - contig=contig_2, start=462588, stop=462797, strand=+, nt=[ATGCGGACCC..GAGGCGGTAA]
11:55:11.573 - INFO - CDS - contig=contig_2, start=462854, stop=463249, strand=-, nt=[ATGACCGACC..TCTGGTCTGA]
11:55:11.573 - INFO - CDS - contig=contig_2, start=463284, stop=464501, strand=-, nt=[ATGACACATC..GCCGAAGTGA]
11:55:11.573 - INFO - CDS - contig=contig_2, start=464692, stop=465477, strand=+, nt=[ATGGACAAGA..ACTGATGTGA]
11:55:11.573 - INFO - CDS - contig=contig_2, start=465570, stop=466271, strand=-, nt=[ATGCCTTCCG..GATCCTGTAA]
11:55:11.573 - INFO - CDS - contig=contig_2, start=466639, stop=467136, strand=+, nt=[GTGGAGAGGG..GGACGTGTAA]
11:55:11.573 - INFO - CDS - contig=contig_2, start=467258, stop=467647, strand=+, nt=[ATGGGAGAAG..GGGACCGTGA]
11:55:11.573 - INFO - CDS - contig=contig_2, start=467647, stop=470274, strand=+, nt=[ATGGAAAAAG..CCAGGAGTGA]
11:55:11.573 - INFO - CDS - contig=contig_2, start=470328, stop=472883, strand=-, nt=[ATGCAGCCTA..ATCTGATTAA]
11:55:11.573 - INFO - CDS - contig=contig_2, start=473001, stop=473549, strand=-, nt=[GTGAATCTTC..CAAAAAATAA]
11:55:11.573 - INFO - CDS - contig=contig_2, start=473576, stop=474265, strand=-, nt=[ATGTCCATCC..GCTGGTGTAG]
11:55:11.573 - INFO - CDS - contig=contig_2, start=474279, stop=475436, strand=-, nt=[ATGAGCGAGG..TCCCGACTGA]
11:55:11.573 - INFO - CDS - contig=contig_2, start=475438, stop=476205, strand=-, nt=[ATGAGAAATA..GCTGACATAG]
11:55:11.573 - INFO - CDS - contig=contig_2, start=476253, stop=477068, strand=-, nt=[ATGGCGCTCA..CGTATTCTGA]
11:55:11.573 - INFO - CDS - contig=contig_2, start=477069, stop=477935, strand=-, nt=[TTGGAATCCA..GGCGGTGTAA]
11:55:11.573 - INFO - CDS - contig=contig_2, start=478019, stop=478861, strand=-, nt=[ATGACTAACG..CCTGTCGTAA]
11:55:11.573 - INFO - CDS - contig=contig_2, start=478854, stop=479264, strand=-, nt=[ATGGAAGTGA..ACATGACTAA]
11:55:11.574 - INFO - CDS - contig=contig_2, start=479292, stop=480155, strand=-, nt=[ATGTGGATTT..GGCCGACTGA]
11:55:11.574 - INFO - CDS - contig=contig_2, start=480361, stop=481731, strand=+, nt=[ATGAGGAAGT..AAAAGCTTGA]
11:55:11.574 - INFO - CDS - contig=contig_2, start=482024, stop=483382, strand=+, nt=[ATGGAAGAAC..CGGTCTTTGA]
11:55:11.574 - INFO - CDS - contig=contig_2, start=483470, stop=484093, strand=+, nt=[ATGGGCAAAC..GTGCGAATAA]
11:55:11.574 - INFO - CDS - contig=contig_2, start=484325, stop=485920, strand=+, nt=[ATGCCTTATT..ACAGAAGTAG]
11:55:11.574 - INFO - CDS - contig=contig_2, start=486091, stop=486465, strand=-, nt=[ATGGCTAGCG..GCTGAAGTAA]
11:55:11.574 - INFO - CDS - contig=contig_2, start=486510, stop=487052, strand=-, nt=[ATGCCTAACG..TACTGAATAA]
11:55:11.574 - INFO - CDS - contig=contig_2, start=487345, stop=488037, strand=-, nt=[ATGTTTAGAG..GTTCGTGTAA]
11:55:11.574 - INFO - CDS - contig=contig_2, start=488056, stop=488481, strand=-, nt=[ATGGCACAGA..GGGCGAGTAA]
11:55:11.574 - INFO - CDS - contig=contig_2, start=488579, stop=489100, strand=-, nt=[ATGGAAGACG..CAGCGACTGA]
11:55:11.574 - INFO - CDS - contig=contig_2, start=489111, stop=489428, strand=-, nt=[ATGGCTGAAA..GCAGTTCTAA]
11:55:11.574 - INFO - CDS - contig=contig_2, start=489477, stop=489641, strand=-, nt=[ATGGCAAAGG..GACCAAGTAA]
11:55:11.574 - INFO - CDS - contig=contig_2, start=490007, stop=490825, strand=+, nt=[GTGACGGTCG..CGGGGCCTGA]
11:55:11.574 - INFO - CDS - contig=contig_2, start=490884, stop=491606, strand=+, nt=[ATGGGGGAGA..AATGATGTGA]
11:55:11.574 - INFO - CDS - contig=contig_2, start=491735, stop=492217, strand=+, nt=[ATGTATGAAG..GCACCAATAA]
11:55:11.574 - INFO - CDS - contig=contig_2, start=492293, stop=493219, strand=-, nt=[ATGGATTTTA..CCTGGTCTGA]
11:55:11.574 - INFO - CDS - contig=contig_2, start=493338, stop=494096, strand=+, nt=[ATGGACCTGG..GAGCCGGTGA]
11:55:11.574 - INFO - CDS - contig=contig_2, start=494170, stop=495429, strand=-, nt=[ATGAAAAAAA..CTTCGACTGA]
11:55:11.574 - INFO - CDS - contig=contig_2, start=495489, stop=496862, strand=-, nt=[ATGCGGCGAA..TCTCCCTTGA]
11:55:11.574 - INFO - CDS - contig=contig_2, start=497230, stop=497658, strand=+, nt=[ATGTTTGGTA..CATCCAGTAA]
11:55:11.574 - INFO - CDS - contig=contig_2, start=497677, stop=497883, strand=-, nt=[ATGCATACGT..CCTGGGCTGA]
11:55:11.574 - INFO - CDS - contig=contig_2, start=497974, stop=498177, strand=+, nt=[ATGTTTTTGC..AAAAATCTAA]
11:55:11.574 - INFO - CDS - contig=contig_2, start=498206, stop=500833, strand=+, nt=[ATGAACACCC..GGTGAACTGA]
11:55:11.574 - INFO - CDS - contig=contig_2, start=501012, stop=501800, strand=+, nt=[ATGAATGATT..GCTGGGCTGA]
11:55:11.574 - INFO - CDS - contig=contig_2, start=501862, stop=502653, strand=-, nt=[TTGAAAGAGG..CGCCTTTTAA]
11:55:11.574 - INFO - CDS - contig=contig_2, start=502850, stop=503668, strand=-, nt=[ATGAAGAAAC..CTTCGCATAA]
11:55:11.574 - INFO - CDS - contig=contig_2, start=503982, stop=504749, strand=-, nt=[ATGAAACGAC..TTACCTGTAA]
11:55:11.574 - INFO - CDS - contig=contig_2, start=504871, stop=505056, strand=-, nt=[ATGACCACCG..TATCATGTAG]
11:55:11.574 - INFO - CDS - contig=contig_2, start=505170, stop=505358, strand=-, nt=[ATGGCCAAAT..CGCTGTGTAA]
11:55:11.574 - INFO - CDS - contig=contig_2, start=505506, stop=506147, strand=-, nt=[TTGAAAAAGG..CGGAACGTGA]
11:55:11.574 - INFO - CDS - contig=contig_2, start=506269, stop=506580, strand=+, nt=[ATGACAAAAA..CAAGCTATGA]
11:55:11.575 - INFO - CDS - contig=contig_2, start=506567, stop=507319, strand=+, nt=[ATGGCAAGCT..AGTCCAATGA]
11:55:11.575 - INFO - CDS - contig=contig_2, start=507316, stop=508203, strand=+, nt=[ATGACAGATG..CACACACTGA]
11:55:11.575 - INFO - CDS - contig=contig_2, start=509040, stop=509567, strand=-, nt=[ATGATCCGCA..CGCCGAATGA]
11:55:11.575 - INFO - CDS - contig=contig_2, start=509775, stop=511157, strand=+, nt=[GTGCTGGAGC..GGCTCGATAG]
11:55:11.575 - INFO - CDS - contig=contig_2, start=511173, stop=511856, strand=-, nt=[ATGCAAGGTT..AGCTTTATAG]
11:55:11.575 - INFO - CDS - contig=contig_2, start=511901, stop=512833, strand=-, nt=[ATGCCGCTGC..GCTTCCATGA]
11:55:11.575 - INFO - CDS - contig=contig_2, start=512921, stop=514006, strand=-, nt=[ATGAGGCAAG..GCTGTTTTAA]
11:55:11.575 - INFO - CDS - contig=contig_2, start=514003, stop=516243, strand=-, nt=[ATGAAAGTCA..CGCGATATGA]
11:55:11.575 - INFO - CDS - contig=contig_2, start=516447, stop=516992, strand=+, nt=[ATGGATAAAA..CGCGGCGTAA]
11:55:11.575 - INFO - CDS - contig=contig_2, start=517103, stop=517657, strand=+, nt=[ATGCTGAGCG..GGAGCGGTAG]
11:55:11.575 - INFO - CDS - contig=contig_2, start=517909, stop=518148, strand=-, nt=[ATGGCCTATC..TACAAAATAA]
11:55:11.575 - INFO - CDS - contig=contig_2, start=518379, stop=519578, strand=+, nt=[ATGGACTACT..ACAACGTTAA]
11:55:11.575 - INFO - CDS - contig=contig_2, start=519628, stop=520209, strand=+, nt=[ATGTCTCAAA..GCCCCATTGA]
11:55:11.575 - INFO - CDS - contig=contig_2, start=520334, stop=522109, strand=+, nt=[ATGTATTATT..TGTCATCTGA]
11:55:11.575 - INFO - CDS - contig=contig_2, start=522254, stop=523603, strand=+, nt=[ATGGACTTTT..AAGTAAATAG]
11:55:11.575 - INFO - CDS - contig=contig_2, start=523785, stop=524855, strand=+, nt=[ATGGGAAAAA..AATATCCTAA]
11:55:11.575 - INFO - CDS - contig=contig_2, start=524842, stop=525186, strand=+, nt=[ATGGAATATC..GATTGGGTAG]
11:55:11.575 - INFO - CDS - contig=contig_2, start=525618, stop=526505, strand=+, nt=[ATGAGCGAAT..CAAGTACTGA]
11:55:11.575 - INFO - CDS - contig=contig_2, start=527048, stop=527929, strand=-, nt=[TTGAAAGTCA..AAGAAAATGA]
11:55:11.575 - INFO - CDS - contig=contig_2, start=527989, stop=528570, strand=-, nt=[ATGGCAGAGA..GCAAGGATGA]
11:55:11.575 - INFO - CDS - contig=contig_2, start=528637, stop=528978, strand=-, nt=[ATGCGCATTC..GGTCTTATAA]
11:55:11.575 - INFO - CDS - contig=contig_2, start=529905, stop=530963, strand=-, nt=[ATGCGGCATC..CCTGCGATAG]
11:55:11.575 - INFO - CDS - contig=contig_2, start=531119, stop=531664, strand=+, nt=[ATGGGGACGC..GTCGTCCTGA]
11:55:11.575 - INFO - CDS - contig=contig_2, start=531668, stop=531880, strand=-, nt=[ATGGATCTGA..GCAGATATAG]
11:55:11.575 - INFO - CDS - contig=contig_2, start=531983, stop=532507, strand=+, nt=[ATGCAGTATT..AATTCGGTGA]
11:55:11.575 - INFO - CDS - contig=contig_2, start=532504, stop=533325, strand=+, nt=[GTGAGACGAG..TCTCACATAA]
11:55:11.575 - INFO - CDS - contig=contig_2, start=533405, stop=533602, strand=+, nt=[ATGCAGCGCG..CTGCCGCTGA]
11:55:11.575 - INFO - CDS - contig=contig_2, start=533648, stop=534418, strand=+, nt=[ATGTCCTATT..GGACGCATGA]
11:55:11.575 - INFO - CDS - contig=contig_2, start=534545, stop=535873, strand=-, nt=[ATGTCAGCTT..ACGATCCTGA]
11:55:11.575 - INFO - CDS - contig=contig_2, start=536459, stop=537028, strand=+, nt=[ATGCCTACGA..CAAGGGCTGA]
11:55:11.575 - INFO - CDS - contig=contig_2, start=537145, stop=537594, strand=+, nt=[ATGACCATTT..AGACAAGTAA]
11:55:11.575 - INFO - CDS - contig=contig_2, start=537712, stop=537858, strand=+, nt=[ATGGACAAGG..TCACGCCTGA]
11:55:11.575 - INFO - CDS - contig=contig_2, start=537991, stop=538713, strand=+, nt=[ATGGAAGAAT..GCGCGCCTAA]
11:55:11.576 - INFO - CDS - contig=contig_2, start=538807, stop=539136, strand=+, nt=[ATGGGCGCAT..GGCTGGCTGA]
11:55:11.576 - INFO - CDS - contig=contig_2, start=539212, stop=539613, strand=-, nt=[ATGCTTGCAC..AAACCGCTGA]
11:55:11.576 - INFO - CDS - contig=contig_2, start=539617, stop=539979, strand=-, nt=[ATGGGAAACC..AGGAGTTTGA]
11:55:11.576 - INFO - CDS - contig=contig_2, start=540341, stop=540688, strand=-, nt=[ATGAATCCAA..GAAACGTTGA]
11:55:11.576 - INFO - CDS - contig=contig_2, start=540685, stop=544287, strand=-, nt=[ATGAGCTTAC..TGTAAAATGA]
11:55:11.576 - INFO - CDS - contig=contig_2, start=544382, stop=547429, strand=-, nt=[ATGCCGGTTA..CCAAAGCTGA]
11:55:11.576 - INFO - CDS - contig=contig_2, start=547779, stop=548375, strand=-, nt=[ATGAATCAGC..ATTTTTCTAA]
11:55:11.576 - INFO - CDS - contig=contig_2, start=548384, stop=548956, strand=-, nt=[ATGACTTTTA..TTTGGTGTGA]
11:55:11.576 - INFO - CDS - contig=contig_2, start=548953, stop=549663, strand=-, nt=[ATGGGCTTCC..CGACGAATGA]
11:55:11.576 - INFO - CDS - contig=contig_2, start=549663, stop=550337, strand=-, nt=[ATGGTACTGG..GGTGGTTTGA]
11:55:11.576 - INFO - CDS - contig=contig_2, start=550350, stop=551414, strand=-, nt=[ATGAACCATC..CATTTTGTAA]
11:55:11.576 - INFO - CDS - contig=contig_2, start=551437, stop=551655, strand=-, nt=[ATGTTTGATC..CCAGCCGTAA]
11:55:11.576 - INFO - CDS - contig=contig_2, start=551728, stop=551964, strand=+, nt=[ATGGATCAAC..GCTCCTATAA]
11:55:11.576 - INFO - CDS - contig=contig_2, start=551959, stop=552678, strand=-, nt=[GTGGGGGAAT..GGCGTTATAG]
11:55:11.576 - INFO - CDS - contig=contig_2, start=552839, stop=553339, strand=-, nt=[TTGGCCTTTC..CCGCCGCTGA]
11:55:11.576 - INFO - CDS - contig=contig_2, start=553442, stop=554239, strand=+, nt=[ATGACGCAAA..TCAAAATTAG]
11:55:11.576 - INFO - CDS - contig=contig_2, start=554297, stop=554479, strand=-, nt=[ATGTCGGAAA..GTTCTTCTAA]
11:55:11.576 - INFO - CDS - contig=contig_2, start=554664, stop=557102, strand=-, nt=[TTGGATTTGA..CCAGGCGTAA]
11:55:11.576 - INFO - CDS - contig=contig_2, start=557362, stop=557784, strand=+, nt=[GTGAACGGCT..GCAGGACTGA]
11:55:11.576 - INFO - CDS - contig=contig_2, start=557844, stop=559754, strand=+, nt=[ATGTTGTTCC..CGAGGCCTGA]
11:55:11.576 - INFO - CDS - contig=contig_2, start=559782, stop=560993, strand=+, nt=[ATGTATTGTG..CATGAAGTAA]
11:55:11.576 - INFO - CDS - contig=contig_2, start=561091, stop=562080, strand=-, nt=[ATGAAAAAAC..CAAGGACTGA]
11:55:11.576 - INFO - CDS - contig=contig_2, start=562077, stop=562892, strand=-, nt=[ATGCCTGATT..GACGGTATGA]
11:55:11.576 - INFO - CDS - contig=contig_2, start=562885, stop=563643, strand=-, nt=[ATGATTGTAG..CCATGCCTGA]
11:55:11.576 - INFO - CDS - contig=contig_2, start=563829, stop=564527, strand=-, nt=[ATGTTTATGG..CACCGACTGA]
11:55:11.576 - INFO - CDS - contig=contig_2, start=564625, stop=564744, strand=+, nt=[ATGAAAAATT..CCTCAAATAA]
11:55:11.576 - INFO - CDS - contig=contig_2, start=564847, stop=565179, strand=+, nt=[ATGATTGAAA..GGGGATTTGA]
11:55:11.576 - INFO - CDS - contig=contig_2, start=565240, stop=566160, strand=+, nt=[ATGGAAAAAC..GGAGCACTGA]
11:55:11.576 - INFO - CDS - contig=contig_2, start=566470, stop=567165, strand=-, nt=[ATGCTCTCCG..ACTCCGCTGA]
11:55:11.577 - INFO - CDS - contig=contig_2, start=567278, stop=567562, strand=-, nt=[ATGAATCGGA..CGTGCGGTAA]
11:55:11.577 - INFO - CDS - contig=contig_2, start=567731, stop=568129, strand=+, nt=[ATGGCCGGCA..AATGAATTGA]
11:55:11.577 - INFO - CDS - contig=contig_2, start=568214, stop=568747, strand=+, nt=[ATGGAACTCA..GAACTACTAA]
11:55:11.577 - INFO - CDS - contig=contig_2, start=568759, stop=569217, strand=+, nt=[ATGGCCAGCC..TGCGCAGTGA]
11:55:11.577 - INFO - CDS - contig=contig_2, start=569369, stop=569770, strand=+, nt=[ATGACTGATT..GGAGGAATAA]
11:55:11.577 - INFO - CDS - contig=contig_2, start=569772, stop=571391, strand=+, nt=[ATGGCGCTGG..GACCAAGTAA]
11:55:11.577 - INFO - CDS - contig=contig_2, start=571404, stop=572093, strand=+, nt=[ATGGAGAGCT..CGAGCCGTGA]
11:55:11.577 - INFO - CDS - contig=contig_2, start=572151, stop=572315, strand=-, nt=[ATGTTCACCC..CGCCGGCTGA]
11:55:11.577 - INFO - CDS - contig=contig_2, start=572491, stop=573414, strand=+, nt=[ATGGCGGAAA..CCATGCTTAA]
11:55:11.577 - INFO - CDS - contig=contig_2, start=573407, stop=574162, strand=+, nt=[ATGCTTAAAT..GATTTCCTGA]
11:55:11.577 - INFO - CDS - contig=contig_2, start=574162, stop=574929, strand=+, nt=[ATGCTCAACT..GATTCGATAA]
11:55:11.577 - INFO - CDS - contig=contig_2, start=574947, stop=575837, strand=+, nt=[ATGCTGCTGA..GAAAATATGA]
11:55:11.577 - INFO - CDS - contig=contig_2, start=575970, stop=576827, strand=+, nt=[ATGGCAAAAA..GATCCATTGA]
11:55:11.577 - INFO - CDS - contig=contig_2, start=576841, stop=578235, strand=+, nt=[ATGCCGAATA..GCGGGCCTGA]
11:55:11.577 - INFO - CDS - contig=contig_2, start=578414, stop=578980, strand=-, nt=[ATGTATTTTC..CAAGAAATAA]
11:55:11.577 - INFO - CDS - contig=contig_2, start=579169, stop=579384, strand=-, nt=[ATGGAAAAAT..GGCAGAATAA]
11:55:11.577 - INFO - CDS - contig=contig_2, start=579423, stop=579620, strand=-, nt=[ATGTCCCATT..AACCTTTTAG]
11:55:11.577 - INFO - CDS - contig=contig_2, start=579679, stop=581046, strand=-, nt=[ATGGACGAGA..GGAGCCGTGA]
11:55:11.577 - INFO - CDS - contig=contig_2, start=581183, stop=582511, strand=-, nt=[ATGGCAGAAC..TGCCCGGTAA]
11:55:11.577 - INFO - CDS - contig=contig_2, start=582628, stop=585579, strand=-, nt=[ATGAACCTGC..AAGCGGCTGA]
11:55:11.577 - INFO - CDS - contig=contig_2, start=585768, stop=587087, strand=-, nt=[ATGGCCACAG..GATCGGCTGA]
11:55:11.577 - INFO - CDS - contig=contig_2, start=587262, stop=587831, strand=+, nt=[ATGGAGTGGA..GGAATCTTGA]
11:55:11.577 - INFO - CDS - contig=contig_2, start=587848, stop=588033, strand=+, nt=[ATGGCTAATC..TTTACAGTAA]
11:55:11.577 - INFO - CDS - contig=contig_2, start=588048, stop=588299, strand=+, nt=[ATGAACGACC..GAAGCCCTGA]
11:55:11.577 - INFO - CDS - contig=contig_2, start=588428, stop=589618, strand=+, nt=[ATGACAAGGA..CGAAAAGTGA]
11:55:11.577 - INFO - CDS - contig=contig_2, start=589637, stop=590074, strand=+, nt=[ATGCTTTATT..CGGCCACTGA]
11:55:11.577 - INFO - CDS - contig=contig_2, start=590226, stop=591191, strand=+, nt=[ATGGAGAGCC..AGAAGAGTAG]
11:55:11.577 - INFO - CDS - contig=contig_2, start=591369, stop=592076, strand=+, nt=[ATGGCAGTCG..TGAGGCCTAA]
11:55:11.577 - INFO - CDS - contig=contig_2, start=592165, stop=593079, strand=+, nt=[ATGGCTGCAA..CCAGAAGTAA]
11:55:11.577 - INFO - CDS - contig=contig_2, start=593479, stop=594192, strand=-, nt=[ATGAATATCG..TCGGGATTGA]
11:55:11.577 - INFO - CDS - contig=contig_2, start=594589, stop=595212, strand=+, nt=[ATGAAAAAAA..ACTGGTTTGA]
11:55:11.577 - INFO - CDS - contig=contig_2, start=595315, stop=595989, strand=-, nt=[ATGCTCCTCA..TGCAAAGTAA]
11:55:11.577 - INFO - CDS - contig=contig_2, start=596000, stop=596389, strand=-, nt=[GTGCTTTTTG..TTGGCTTTAA]
11:55:11.578 - INFO - CDS - contig=contig_2, start=596677, stop=597264, strand=-, nt=[TTGAAAGCTG..GCGTGGCTGA]
11:55:11.578 - INFO - CDS - contig=contig_2, start=597396, stop=597836, strand=-, nt=[ATGGCGGCAT..AAATGACTGA]
11:55:11.578 - INFO - CDS - contig=contig_2, start=598132, stop=598803, strand=-, nt=[ATGAAAAGAA..TCCTGCGTGA]
11:55:11.578 - INFO - CDS - contig=contig_2, start=599732, stop=600583, strand=-, nt=[ATGAAGAGAA..GAACCCGTAG]
11:55:11.578 - INFO - CDS - contig=contig_2, start=601493, stop=601735, strand=-, nt=[ATGGAAAAAT..GGCAGGCTGA]
11:55:11.578 - INFO - CDS - contig=contig_2, start=601938, stop=602816, strand=+, nt=[ATGGACGAAA..AAAGGCATAA]
11:55:11.578 - INFO - CDS - contig=contig_2, start=602892, stop=603830, strand=-, nt=[ATGCCGGTGG..TGCAAGCTGA]
11:55:11.578 - INFO - CDS - contig=contig_2, start=604278, stop=604652, strand=-, nt=[ATGACTACGG..GGCCAAATAG]
11:55:11.578 - INFO - CDS - contig=contig_2, start=604663, stop=605235, strand=-, nt=[GTGACGGTGC..GAAAGTTTGA]
11:55:11.578 - INFO - CDS - contig=contig_2, start=605287, stop=606015, strand=-, nt=[ATGACAGAGA..TGGCGTTTGA]
11:55:11.578 - INFO - CDS - contig=contig_2, start=606192, stop=606788, strand=-, nt=[ATGAGCCGTG..AAAAGTATAA]
11:55:11.578 - INFO - CDS - contig=contig_2, start=606785, stop=607180, strand=-, nt=[ATGGTGACTT..GCTGAAATGA]
11:55:11.578 - INFO - CDS - contig=contig_2, start=607185, stop=607742, strand=-, nt=[ATGAATGGCT..GAAGGGGTAA]
11:55:11.578 - INFO - CDS - contig=contig_2, start=607756, stop=608190, strand=-, nt=[ATGAACGAGG..GTGGTTCTAA]
11:55:11.578 - INFO - CDS - contig=contig_2, start=608187, stop=608684, strand=-, nt=[ATGGAAATCA..CAACGGATGA]
11:55:11.578 - INFO - CDS - contig=contig_2, start=608697, stop=609332, strand=-, nt=[ATGGCCTTTG..GGCAGAATGA]
11:55:11.578 - INFO - CDS - contig=contig_2, start=609335, stop=609655, strand=-, nt=[ATGGCCTCTC..GAGGAAATGA]
11:55:11.578 - INFO - CDS - contig=contig_2, start=609657, stop=610565, strand=-, nt=[ATGAAAATGG..GAGGGATTGA]
11:55:11.578 - INFO - CDS - contig=contig_2, start=610695, stop=610907, strand=+, nt=[ATGGGACAGA..GGCCCTATGA]
11:55:11.578 - INFO - CDS - contig=contig_2, start=611050, stop=611226, strand=+, nt=[GTGGCCGGGC..AAAGCGGTGA]
11:55:11.578 - INFO - CDS - contig=contig_2, start=611233, stop=611982, strand=+, nt=[ATGAGTGATC..GAAACAGTAA]
11:55:11.578 - INFO - CDS - contig=contig_2, start=611992, stop=612435, strand=+, nt=[ATGAAAATCA..AGAGTTATGA]
11:55:11.578 - INFO - CDS - contig=contig_2, start=612473, stop=612745, strand=-, nt=[TTGATTCCCC..AAAAGGATAA]
11:55:11.578 - INFO - CDS - contig=contig_2, start=612702, stop=616439, strand=-, nt=[ATGGGGGCCT..TCTACGGTGA]
11:55:11.578 - INFO - CDS - contig=contig_2, start=616698, stop=618608, strand=-, nt=[ATGGCACAAC..TGTGCGGTGA]
11:55:11.578 - INFO - CDS - contig=contig_2, start=619376, stop=620569, strand=-, nt=[ATGGCCTGCA..CGCTGGGTAA]
11:55:11.578 - INFO - CDS - contig=contig_2, start=621165, stop=622457, strand=-, nt=[ATGCTGAACA..CGGTTGCTGA]
11:55:11.578 - INFO - CDS - contig=contig_2, start=622468, stop=624165, strand=-, nt=[ATGAAAGTTC..GAAGAAATAA]
11:55:11.578 - INFO - CDS - contig=contig_2, start=624190, stop=625368, strand=-, nt=[ATGCTGCCCA..CTACCTTTAA]
11:55:11.579 - INFO - CDS - contig=contig_2, start=625449, stop=627005, strand=-, nt=[ATGTCTAAGA..TCCTGCCTAA]
11:55:11.579 - INFO - CDS - contig=contig_2, start=627086, stop=628273, strand=-, nt=[TTGCAGTATG..GGGCCGCTAA]
11:55:11.579 - INFO - CDS - contig=contig_2, start=628527, stop=630641, strand=-, nt=[ATGGCGAAAC..GGAGATATAA]
11:55:11.579 - INFO - CDS - contig=contig_2, start=630839, stop=632017, strand=+, nt=[ATGTTGGAAA..CGCCGAATAA]
11:55:11.579 - INFO - CDS - contig=contig_2, start=632123, stop=632338, strand=+, nt=[ATGAGTCAGG..AGACTATTGA]
11:55:11.579 - INFO - CDS - contig=contig_2, start=632799, stop=633515, strand=-, nt=[GTGGAGAGGG..GGATATTTGA]
11:55:11.579 - INFO - CDS - contig=contig_2, start=633499, stop=634164, strand=-, nt=[GTGTCCGCCA..GGGGCGGTGA]
11:55:11.579 - INFO - CDS - contig=contig_2, start=634168, stop=634650, strand=-, nt=[GTGGATAGGT..GGACGGCTGA]
11:55:11.579 - INFO - CDS - contig=contig_2, start=634824, stop=636110, strand=-, nt=[ATGGGAAGAA..AGAGAAATGA]
11:55:11.579 - INFO - CDS - contig=contig_2, start=636314, stop=636760, strand=+, nt=[GTGATTTTTA..GAATCCTTAA]
11:55:11.579 - INFO - CDS - contig=contig_2, start=636953, stop=637213, strand=+, nt=[ATGCAGGAGT..CTCCATATAA]
11:55:11.579 - INFO - CDS - contig=contig_2, start=637295, stop=637909, strand=-, nt=[TTGGAATTCA..GACAAAGTGA]
11:55:11.579 - INFO - CDS - contig=contig_2, start=638869, stop=639441, strand=-, nt=[ATGAAAAAGC..CAGCCAATGA]
11:55:11.579 - INFO - CDS - contig=contig_2, start=639438, stop=640268, strand=-, nt=[GTGCTTAGCT..GCGGGGATGA]
11:55:11.579 - INFO - CDS - contig=contig_2, start=640261, stop=640974, strand=-, nt=[ATGTCCCTCT..AGGTGCTTAG]
11:55:11.579 - INFO - CDS - contig=contig_2, start=640976, stop=642481, strand=-, nt=[ATGAAACGAA..GCTGAACTGA]
11:55:11.579 - INFO - CDS - contig=contig_2, start=642579, stop=642890, strand=-, nt=[ATGAACGAGA..GAATAATTAA]
11:55:11.579 - INFO - CDS - contig=contig_2, start=642912, stop=643316, strand=-, nt=[ATGTCAAGAG..CGAACCATAA]
11:55:11.579 - INFO - CDS - contig=contig_2, start=643384, stop=644130, strand=-, nt=[ATGCTCAACG..GGGCGATTGA]
11:55:11.579 - INFO - CDS - contig=contig_2, start=644281, stop=644529, strand=-, nt=[ATGAAAATGT..GCTTGTTTGA]
11:55:11.579 - INFO - CDS - contig=contig_2, start=644720, stop=645463, strand=+, nt=[GTGAACACAT..GTATTCGTAA]
11:55:11.579 - INFO - CDS - contig=contig_2, start=645534, stop=646259, strand=+, nt=[ATGCAGGAAG..GGACGAATGA]
11:55:11.579 - INFO - CDS - contig=contig_2, start=646256, stop=646999, strand=+, nt=[ATGAGAACCT..GTGGGAGTAA]
11:55:11.579 - INFO - CDS - contig=contig_2, start=647415, stop=647819, strand=+, nt=[ATGCCACTGA..GCCGAACTGA]
11:55:11.579 - INFO - CDS - contig=contig_2, start=647836, stop=648552, strand=+, nt=[ATGAAACGGC..TATGGGATGA]
11:55:11.579 - INFO - CDS - contig=contig_2, start=649366, stop=650994, strand=-, nt=[ATGCGAATTA..TTTTGGATAA]
11:55:11.579 - INFO - CDS - contig=contig_2, start=651245, stop=651865, strand=-, nt=[GTGGCAGATA..GTTGAGATAG]
11:55:11.579 - INFO - CDS - contig=contig_2, start=651921, stop=652274, strand=-, nt=[ATGAGAATAC..CCAATTATAA]
11:55:11.579 - INFO - CDS - contig=contig_2, start=652832, stop=653506, strand=-, nt=[ATGCAAACTA..GAGCAGGTGA]
11:55:11.579 - INFO - CDS - contig=contig_2, start=653877, stop=655475, strand=+, nt=[ATGCGGGTAG..TTTTGCATAA]
11:55:11.579 - INFO - CDS - contig=contig_2, start=655492, stop=656787, strand=+, nt=[ATGGATGCCG..GCGGAGATGA]
11:55:11.580 - INFO - CDS - contig=contig_2, start=656784, stop=658772, strand=+, nt=[ATGAGCATCG..AAAATCTTAA]
11:55:11.580 - INFO - CDS - contig=contig_2, start=658747, stop=659691, strand=+, nt=[ATGTTAGACG..GCATATTTGA]
11:55:11.580 - INFO - CDS - contig=contig_2, start=660152, stop=660472, strand=+, nt=[TTGAAATATA..GGAGAACTAA]
11:55:11.580 - INFO - CDS - contig=contig_2, start=660474, stop=660941, strand=+, nt=[ATGCCGAATA..GCTGAGGTGA]
11:55:11.580 - INFO - CDS - contig=contig_2, start=660947, stop=663217, strand=+, nt=[ATGCCCTCCT..AATGAATTGA]
11:55:11.580 - INFO - CDS - contig=contig_2, start=663263, stop=663646, strand=+, nt=[ATGACTGAAG..TATTGAGTAA]
11:55:11.580 - INFO - CDS - contig=contig_2, start=663708, stop=664241, strand=+, nt=[ATGAAAGTCA..ACTCAGATGA]
11:55:11.580 - INFO - CDS - contig=contig_2, start=664238, stop=664618, strand=+, nt=[ATGAGACGAA..GGAGTCGTGA]
11:55:11.580 - INFO - CDS - contig=contig_2, start=664944, stop=666134, strand=+, nt=[ATGAATTTCG..CTTAATGTAA]
11:55:11.580 - INFO - CDS - contig=contig_2, start=666221, stop=667186, strand=-, nt=[ATGTGGTACG..GAACTCCTGA]
11:55:11.580 - INFO - CDS - contig=contig_2, start=667505, stop=667687, strand=+, nt=[ATGGTGATGG..GAGGTATTGA]
11:55:11.580 - INFO - CDS - contig=contig_2, start=667689, stop=667898, strand=+, nt=[ATGAAGATGT..TGCGAAATGA]
11:55:11.580 - INFO - CDS - contig=contig_2, start=667895, stop=668335, strand=+, nt=[ATGAGAAAGC..CGGATGCTGA]
11:55:11.580 - INFO - CDS - contig=contig_2, start=668329, stop=668700, strand=+, nt=[ATGCTGATGC..CGGCCTGTGA]
11:55:11.580 - INFO - CDS - contig=contig_2, start=669034, stop=669444, strand=+, nt=[ATGGTTATCG..CGAGGAATGA]
11:55:11.580 - INFO - CDS - contig=contig_2, start=669441, stop=671231, strand=+, nt=[ATGAAGGGTC..CGGGATGTAG]
11:55:11.580 - INFO - CDS - contig=contig_2, start=671374, stop=671679, strand=+, nt=[ATGAACGACT..GGAGGAGTGA]
11:55:11.580 - INFO - CDS - contig=contig_2, start=671685, stop=671888, strand=+, nt=[ATGACAAATC..TGTGAAATAG]
11:55:11.580 - INFO - CDS - contig=contig_2, start=671942, stop=673144, strand=+, nt=[ATGGCAAAGA..GGCACCATAA]
11:55:11.580 - INFO - CDS - contig=contig_2, start=673108, stop=674736, strand=+, nt=[ATGGCAAGGA..TATGGTATGA]
11:55:11.580 - INFO - CDS - contig=contig_2, start=674765, stop=674893, strand=+, nt=[ATGCCCCTGC..CGGGCTGTAA]
11:55:11.580 - INFO - CDS - contig=contig_2, start=675188, stop=675376, strand=+, nt=[ATGATGCCTT..TCGTCGTTAA]
11:55:11.580 - INFO - CDS - contig=contig_2, start=675637, stop=677169, strand=-, nt=[ATGCTATCTC..GAACAATTGA]
11:55:11.580 - INFO - CDS - contig=contig_2, start=677169, stop=678854, strand=-, nt=[ATGAAATTTG..AACACCGTAA]
11:55:11.580 - INFO - CDS - contig=contig_2, start=680078, stop=680626, strand=+, nt=[ATGCCAACGG..GGAGCAGTGA]
11:55:11.580 - INFO - CDS - contig=contig_2, start=680721, stop=680879, strand=+, nt=[ATGGGGTGCT..TGGCTGCTGA]
11:55:11.580 - INFO - CDS - contig=contig_2, start=680959, stop=681417, strand=-, nt=[ATGGTTACTA..GAAGCCCTGA]
11:55:11.580 - INFO - CDS - contig=contig_2, start=681566, stop=682267, strand=+, nt=[ATGAGATATC..CAGGCTGTAG]
11:55:11.580 - INFO - CDS - contig=contig_2, start=682540, stop=684225, strand=+, nt=[ATGTATTCCG..AGAGGAATAA]
11:55:11.580 - INFO - CDS - contig=contig_2, start=684429, stop=684671, strand=+, nt=[ATGCGCTCGG..TCTGGCGTGA]
11:55:11.580 - INFO - CDS - contig=contig_2, start=684755, stop=685189, strand=+, nt=[ATGCCTACGT..CAAGAAGTAA]
11:55:11.580 - INFO - CDS - contig=contig_2, start=685394, stop=685864, strand=+, nt=[GTGCCCAGAA..TCGCTGGTAA]
11:55:11.580 - INFO - CDS - contig=contig_2, start=685883, stop=687991, strand=+, nt=[ATGCCTAGAA..CGGGGAATAA]
11:55:11.580 - INFO - CDS - contig=contig_2, start=688103, stop=689305, strand=+, nt=[ATGGGTAAGC..CAACGAGTAA]
11:55:11.580 - INFO - CDS - contig=contig_2, start=689540, stop=690094, strand=+, nt=[ATGGATGAAC..CAGCTTTTGA]
11:55:11.581 - INFO - CDS - contig=contig_2, start=690383, stop=691198, strand=+, nt=[TTGGAACGCT..CGCGGAATAG]
11:55:11.581 - INFO - CDS - contig=contig_2, start=691228, stop=692664, strand=+, nt=[ATGGAAAACG..AAAGGTCTGA]
11:55:11.581 - INFO - CDS - contig=contig_2, start=692713, stop=694059, strand=+, nt=[ATGAAGGTTA..GGGGCAATAA]
11:55:11.581 - INFO - CDS - contig=contig_2, start=694287, stop=695120, strand=+, nt=[ATGCCCACGA..GATGAAGTAA]
11:55:11.581 - INFO - CDS - contig=contig_2, start=695136, stop=695705, strand=+, nt=[ATGGGAGAGA..CATCCGTTGA]
11:55:11.581 - INFO - CDS - contig=contig_2, start=695809, stop=696273, strand=-, nt=[GTGTTCATCT..GCCCACCTGA]
11:55:11.581 - INFO - CDS - contig=contig_2, start=696378, stop=697124, strand=+, nt=[ATGGAGCGTC..AAAAAATTGA]
11:55:11.581 - INFO - CDS - contig=contig_2, start=697298, stop=698389, strand=+, nt=[ATGTCCAATC..CGACAACTGA]
11:55:11.581 - INFO - CDS - contig=contig_2, start=698593, stop=699285, strand=+, nt=[ATGATACGCC..AACAATTTGA]
11:55:11.581 - INFO - CDS - contig=contig_2, start=699269, stop=700168, strand=+, nt=[ATGAAGAAAC..GCAGGTTTGA]
11:55:11.581 - INFO - CDS - contig=contig_2, start=700192, stop=701454, strand=+, nt=[TTGAAACAGC..TTTCCATTAA]
11:55:11.581 - INFO - CDS - contig=contig_2, start=701582, stop=702682, strand=+, nt=[TTGGCTGCTG..GGGGCAGTAA]
11:55:11.581 - INFO - CDS - contig=contig_2, start=702831, stop=703559, strand=+, nt=[ATGGTTGGAC..TACAGGATAA]
11:55:11.581 - INFO - CDS - contig=contig_2, start=703650, stop=704126, strand=+, nt=[ATGGCGAAAC..GAAGGCGTAA]
11:55:11.581 - INFO - CDS - contig=contig_2, start=704175, stop=705677, strand=+, nt=[ATGGCAGAGG..GGACAAGTAA]
11:55:11.581 - INFO - CDS - contig=contig_2, start=705845, stop=707074, strand=-, nt=[ATGCCCAAAA..GCTGATGTGA]
11:55:11.581 - INFO - CDS - contig=contig_2, start=707132, stop=707332, strand=-, nt=[ATGGAGAAAA..CTCATGCTGA]
11:55:11.581 - INFO - CDS - contig=contig_2, start=708253, stop=709317, strand=+, nt=[ATGCCGGATA..GGCGGCTTAA]
11:55:11.581 - INFO - CDS - contig=contig_2, start=709334, stop=711607, strand=+, nt=[GTGATCCATA..CGCAGGTTAA]
11:55:11.581 - INFO - CDS - contig=contig_2, start=711677, stop=712696, strand=+, nt=[ATGAACGAAA..GGCTGGCTGA]
11:55:11.581 - INFO - CDS - contig=contig_2, start=712735, stop=714513, strand=+, nt=[ATGGGCTCAT..AGGAGCATGA]
11:55:11.581 - INFO - CDS - contig=contig_2, start=714510, stop=714773, strand=+, nt=[ATGAGCAGAT..TGTGCTGTGA]
11:55:11.581 - INFO - CDS - contig=contig_2, start=714846, stop=715808, strand=+, nt=[ATGGGATATT..AGCTGGTTAA]
11:55:11.581 - INFO - CDS - contig=contig_2, start=715820, stop=716371, strand=+, nt=[ATGATCGCGT..AATGAATTGA]
11:55:11.581 - INFO - CDS - contig=contig_2, start=716368, stop=718560, strand=+, nt=[TTGAAGAAAT..AGCCGTGTGA]
11:55:11.581 - INFO - CDS - contig=contig_2, start=718626, stop=719108, strand=+, nt=[TTGAGCAAAT..TGTTGTGTGA]
11:55:11.581 - INFO - CDS - contig=contig_2, start=719122, stop=719346, strand=+, nt=[ATGAAACAGC..TGTCGCATGA]
11:55:11.581 - INFO - CDS - contig=contig_2, start=719343, stop=719663, strand=+, nt=[ATGATCGAAA..GGTAGCGTGA]
11:55:11.581 - INFO - CDS - contig=contig_2, start=719663, stop=721687, strand=+, nt=[ATGAATCAGG..CGTGGCCTGA]
11:55:11.581 - INFO - CDS - contig=contig_2, start=721764, stop=721988, strand=+, nt=[ATGGATAGAA..GCCCAGGTAA]
11:55:11.581 - INFO - CDS - contig=contig_2, start=722009, stop=724129, strand=+, nt=[GTGAATCAAG..AGCAGCATGA]
11:55:11.581 - INFO - CDS - contig=contig_2, start=724126, stop=726591, strand=+, nt=[ATGACCAATA..GGAGGAATGA]
11:55:11.581 - INFO - CDS - contig=contig_2, start=726596, stop=727228, strand=+, nt=[ATGAATGACC..ACACACATAA]
11:55:11.581 - INFO - CDS - contig=contig_2, start=727406, stop=728317, strand=+, nt=[ATGTTGATTG..GGGTAGGTGA]
11:55:11.581 - INFO - CDS - contig=contig_2, start=728791, stop=729126, strand=-, nt=[ATGGGTAAAT..AGAGGTATAG]
11:55:11.582 - INFO - CDS - contig=contig_2, start=730029, stop=730238, strand=-, nt=[ATGTTCACCG..TCTGGCCTGA]
11:55:11.582 - INFO - CDS - contig=contig_2, start=730514, stop=732253, strand=-, nt=[ATGATCGCGC..GTGCCGGTAA]
11:55:11.582 - INFO - CDS - contig=contig_2, start=732250, stop=734001, strand=-, nt=[GTGTTTCAAA..CGAGGCATGA]
11:55:11.582 - INFO - CDS - contig=contig_2, start=734072, stop=734692, strand=-, nt=[ATGGCAAAAC..AAAGGGGTGA]
11:55:11.582 - INFO - CDS - contig=contig_2, start=734859, stop=735488, strand=+, nt=[ATGGCAAAGC..CTTCCGGTAG]
11:55:11.582 - INFO - CDS - contig=contig_2, start=735564, stop=737309, strand=+, nt=[ATGCAGAAAA..AACGGTATGA]
11:55:11.582 - INFO - CDS - contig=contig_2, start=737306, stop=739036, strand=+, nt=[ATGATCGAGA..GAAGCTCTGA]
11:55:11.582 - INFO - CDS - contig=contig_2, start=739403, stop=740122, strand=+, nt=[ATGCACGAGT..GCTGAAATGA]
11:55:11.582 - INFO - CDS - contig=contig_2, start=740424, stop=741023, strand=+, nt=[ATGAATACGC..GATTCTGTAA]
11:55:11.582 - INFO - CDS - contig=contig_2, start=741046, stop=741720, strand=+, nt=[TTGGTGTTCG..TCCATGGTAG]
11:55:11.582 - INFO - CDS - contig=contig_2, start=741714, stop=743096, strand=+, nt=[ATGGTAGAAC..GGAACTTTGA]
11:55:11.582 - INFO - CDS - contig=contig_2, start=743115, stop=744095, strand=+, nt=[ATGGCATTGT..AACGGAGTGA]
11:55:11.582 - INFO - CDS - contig=contig_2, start=744194, stop=745951, strand=+, nt=[GTGAAACAAC..GGAGGCTTGA]
11:55:11.582 - INFO - CDS - contig=contig_2, start=745954, stop=747699, strand=+, nt=[ATGTTTCGGA..GCGGATATAA]
11:55:11.582 - INFO - CDS - contig=contig_2, start=747774, stop=748739, strand=-, nt=[ATGACCGGTA..GCGAAAGTGA]
11:55:11.582 - INFO - CDS - contig=contig_2, start=748929, stop=749540, strand=+, nt=[ATGAACAACC..CACCGCATGA]
11:55:11.582 - INFO - CDS - contig=contig_2, start=749537, stop=750262, strand=+, nt=[ATGATTGGCG..GCTGGGATGA]
11:55:11.582 - INFO - CDS - contig=contig_2, start=750259, stop=751779, strand=+, nt=[ATGATTGAGT..CGATTGCTGA]
11:55:11.582 - INFO - CDS - contig=contig_2, start=751833, stop=752585, strand=-, nt=[ATGAAAATAC..ACTTCAATAA]
11:55:11.582 - INFO - CDS - contig=contig_2, start=752582, stop=753589, strand=-, nt=[ATGGCGGCAT..TTCTTTATGA]
11:55:11.582 - INFO - CDS - contig=contig_2, start=753759, stop=755522, strand=+, nt=[ATGAAAGAAA..GCATGCGTGA]
11:55:11.582 - INFO - CDS - contig=contig_2, start=755515, stop=757224, strand=+, nt=[ATGCGTGAGG..GTCCAATTAA]
11:55:11.582 - INFO - CDS - contig=contig_2, start=757401, stop=757868, strand=-, nt=[ATGCCGCAGA..AGAATTCTGA]
11:55:11.582 - INFO - CDS - contig=contig_2, start=757885, stop=758505, strand=-, nt=[ATGAAACATA..CGTACAATGA]
11:55:11.582 - INFO - CDS - contig=contig_2, start=758525, stop=759133, strand=-, nt=[ATGCAGACCA..GGCGCAATGA]
11:55:11.582 - INFO - CDS - contig=contig_2, start=759120, stop=759353, strand=-, nt=[ATGGAAACCA..AGACCAATAA]
11:55:11.582 - INFO - CDS - contig=contig_2, start=759563, stop=760537, strand=-, nt=[ATGTCCAATA..TGACAATTAA]
11:55:11.582 - INFO - CDS - contig=contig_2, start=760727, stop=761329, strand=+, nt=[ATGTCTCAAT..GGCCCAATGA]
11:55:11.582 - INFO - CDS - contig=contig_2, start=761326, stop=762015, strand=+, nt=[ATGAGGAAGA..GCTACCATGA]
11:55:11.582 - INFO - CDS - contig=contig_2, start=762012, stop=763409, strand=+, nt=[ATGATTATCT..GCAGCCATGA]
11:55:11.582 - INFO - CDS - contig=contig_2, start=763455, stop=763823, strand=+, nt=[ATGCCTTTAC..AAAGAAGTAG]
11:55:11.582 - INFO - CDS - contig=contig_2, start=763968, stop=764264, strand=+, nt=[TTGACCGGAA..TGAAAAGTAG]
11:55:11.583 - INFO - CDS - contig=contig_2, start=764518, stop=765153, strand=+, nt=[ATGGCAAAGC..AAGCCGTTGA]
11:55:11.583 - INFO - CDS - contig=contig_2, start=765426, stop=767186, strand=+, nt=[ATGCAGAAAC..GTATGTTTGA]
11:55:11.583 - INFO - CDS - contig=contig_2, start=767179, stop=768945, strand=+, nt=[ATGTTTGATG..GGAGGTATGA]
11:55:11.583 - INFO - CDS - contig=contig_2, start=768942, stop=769877, strand=+, nt=[ATGAGCAAGA..CAGCCTATGA]
11:55:11.583 - INFO - CDS - contig=contig_2, start=769874, stop=770692, strand=+, nt=[ATGATCCGCA..GGAGGGATAG]
11:55:11.583 - INFO - CDS - contig=contig_2, start=770695, stop=771477, strand=+, nt=[ATGCTGACAG..ACTATGCTGA]
11:55:11.583 - INFO - CDS - contig=contig_2, start=771471, stop=772250, strand=+, nt=[ATGCTGAAAG..CTTGCAATAA]
11:55:11.583 - INFO - CDS - contig=contig_2, start=772273, stop=773937, strand=+, nt=[ATGAAAAAAT..TCTGAAATAA]
11:55:11.583 - INFO - CDS - contig=contig_2, start=773951, stop=774319, strand=+, nt=[ATGAAAATCC..AAAGAAGTAA]
11:55:11.583 - INFO - CDS - contig=contig_2, start=775058, stop=775471, strand=+, nt=[ATGTGGCAAC..TGACATTTGA]
11:55:11.583 - INFO - CDS - contig=contig_2, start=775461, stop=775643, strand=+, nt=[ATGACATTTG..CCGGATTTAA]
11:55:11.583 - INFO - CDS - contig=contig_2, start=775831, stop=776034, strand=+, nt=[ATGAGTCCAT..CCGTGTCTGA]
11:55:11.583 - INFO - CDS - contig=contig_2, start=776027, stop=776743, strand=+, nt=[GTGTCTGACC..CGAGGAATAA]
11:55:11.583 - INFO - CDS - contig=contig_2, start=776779, stop=777198, strand=-, nt=[ATGAAAAAGA..ACTAAAATAA]
11:55:11.583 - INFO - CDS - contig=contig_2, start=777333, stop=777713, strand=-, nt=[ATGAAACTTC..AATCTTATAA]
11:55:11.583 - INFO - CDS - contig=contig_2, start=778148, stop=779626, strand=-, nt=[ATGGGAAAAG..GGAGGGTTAG]
11:55:11.583 - INFO - CDS - contig=contig_2, start=779637, stop=780338, strand=-, nt=[ATGATGGCCG..TCTTTTATAG]
11:55:11.583 - INFO - CDS - contig=contig_2, start=780335, stop=780946, strand=-, nt=[ATGGAACAAA..TGTAGGATGA]
11:55:11.583 - INFO - CDS - contig=contig_2, start=781073, stop=782029, strand=-, nt=[GTGAAAGAGC..ATTGAATTAA]
11:55:11.583 - INFO - CDS - contig=contig_2, start=782443, stop=783129, strand=-, nt=[ATGAAACTGC..CTACCAGTAA]
11:55:11.583 - INFO - CDS - contig=contig_2, start=783132, stop=783935, strand=-, nt=[ATGCAGCCAA..GAGGACTTGA]
11:55:11.583 - INFO - CDS - contig=contig_2, start=784051, stop=785178, strand=-, nt=[ATGATCATAT..AAGCGCATAA]
11:55:11.583 - INFO - CDS - contig=contig_2, start=785281, stop=785799, strand=-, nt=[ATGACAAAAA..GACTCTTTGA]
11:55:11.583 - INFO - CDS - contig=contig_2, start=785796, stop=786353, strand=-, nt=[ATGGACGAAA..AGCCGCATGA]
11:55:11.583 - INFO - CDS - contig=contig_2, start=787302, stop=787481, strand=-, nt=[ATGATGCAGA..GCGTGGATAG]
11:55:11.583 - INFO - CDS - contig=contig_2, start=787441, stop=788103, strand=-, nt=[ATGAAGTATG..CGAACTCTAA]
11:55:11.583 - INFO - CDS - contig=contig_2, start=788439, stop=789044, strand=-, nt=[TTGAATTTCC..GTGTGAATAG]
11:55:11.583 - INFO - CDS - contig=contig_2, start=789125, stop=789598, strand=-, nt=[ATGAGTACAA..TGGTCTATGA]
11:55:11.583 - INFO - CDS - contig=contig_2, start=789794, stop=790480, strand=-, nt=[ATGGAAGATC..TTCAGAGTGA]
11:55:11.583 - INFO - CDS - contig=contig_2, start=790568, stop=790813, strand=-, nt=[ATGACGAAAT..GTGCGCGTAG]
11:55:11.583 - INFO - CDS - contig=contig_2, start=790862, stop=791401, strand=-, nt=[ATGTTGTGTG..CCGCGAGTAA]
11:55:11.584 - INFO - CDS - contig=contig_2, start=791503, stop=792348, strand=-, nt=[ATGTACGAAC..GCCGGCATAA]
11:55:11.584 - INFO - CDS - contig=contig_2, start=792387, stop=793460, strand=-, nt=[ATGAAATCCG..GGCCGCCTGA]
11:55:11.584 - INFO - CDS - contig=contig_2, start=793494, stop=794309, strand=-, nt=[ATGAGTAACG..CTCCTGGTAA]
11:55:11.584 - INFO - CDS - contig=contig_2, start=794420, stop=794827, strand=-, nt=[ATGGCACAGA..GCCGGGATAA]
11:55:11.584 - INFO - CDS - contig=contig_2, start=795097, stop=795702, strand=-, nt=[ATGCACAAGC..CATGTTGTAA]
11:55:11.584 - INFO - CDS - contig=contig_2, start=795854, stop=796333, strand=-, nt=[ATGAAAAAAC..CCTTGAATAA]
11:55:11.584 - INFO - CDS - contig=contig_2, start=796330, stop=797031, strand=-, nt=[ATGGAATTAA..CAGCACATGA]
11:55:11.584 - INFO - CDS - contig=contig_2, start=797092, stop=797682, strand=-, nt=[ATGGGGGGCG..TCTGCTTTGA]
11:55:11.584 - INFO - CDS - contig=contig_2, start=797682, stop=798098, strand=-, nt=[ATGATGAAGT..GGCAGCCTGA]
11:55:11.584 - INFO - CDS - contig=contig_2, start=798159, stop=798506, strand=-, nt=[ATGAATACAC..CGCCCCCTAA]
11:55:11.584 - INFO - CDS - contig=contig_2, start=798593, stop=798814, strand=-, nt=[ATGAAGAAGT..GTTCGCCTAA]
11:55:11.584 - INFO - CDS - contig=contig_2, start=798863, stop=799009, strand=-, nt=[ATGGCGAAGA..TCGCTCCTGA]
11:55:11.584 - INFO - CDS - contig=contig_2, start=799193, stop=800071, strand=-, nt=[ATGACGCTTC..CTTCGGCTGA]
11:55:11.584 - INFO - CDS - contig=contig_2, start=800068, stop=801000, strand=-, nt=[TTGCAGTGGG..CGGCGTATGA]
11:55:11.584 - INFO - CDS - contig=contig_2, start=801004, stop=802380, strand=-, nt=[ATGAATAACC..GGTGGATTAA]
11:55:11.584 - INFO - CDS - contig=contig_2, start=802373, stop=803179, strand=-, nt=[ATGGGAAAAG..CGATGAATAA]
11:55:11.584 - INFO - CDS - contig=contig_2, start=803199, stop=804038, strand=-, nt=[ATGAAATTGA..GGCTGAGTAA]
11:55:11.584 - INFO - CDS - contig=contig_2, start=804051, stop=804563, strand=-, nt=[ATGATGACTG..TTTGCATTAG]
11:55:11.584 - INFO - CDS - contig=contig_2, start=804535, stop=806229, strand=-, nt=[TTGAAACGAC..TCGAGAATAA]
11:55:11.584 - INFO - CDS - contig=contig_2, start=806316, stop=806888, strand=-, nt=[ATGAAAAAGT..CATGGGCTGA]
11:55:11.584 - INFO - CDS - contig=contig_2, start=806962, stop=807462, strand=-, nt=[ATGAAGCATT..CAAATTTTAG]
11:55:11.584 - INFO - CDS - contig=contig_2, start=807471, stop=807950, strand=-, nt=[TTGTCAGAAA..TTGGAAGTGA]
11:55:11.584 - INFO - CDS - contig=contig_2, start=808251, stop=808919, strand=+, nt=[ATGGAGAAGA..ACGAGGATAA]
11:55:11.584 - INFO - CDS - contig=contig_2, start=808900, stop=809853, strand=+, nt=[ATGAATCTGC..GCTTGCATGA]
11:55:11.584 - INFO - CDS - contig=contig_2, start=809997, stop=811556, strand=-, nt=[ATGGCAACCA..GAACCTGTAA]
11:55:11.584 - INFO - CDS - contig=contig_2, start=811585, stop=813492, strand=-, nt=[ATGATTGCCT..CCTTTCGTAA]
11:55:11.584 - INFO - CDS - contig=contig_2, start=813504, stop=814490, strand=-, nt=[GTGACCGATC..CTTCCCATAA]
11:55:11.584 - INFO - CDS - contig=contig_2, start=814774, stop=815436, strand=-, nt=[TTGGATCGAA..GGATTTTTGA]
11:55:11.585 - INFO - CDS - contig=contig_2, start=815440, stop=815967, strand=-, nt=[ATGAGGACCA..AGGCACATGA]
11:55:11.585 - INFO - CDS - contig=contig_2, start=816102, stop=819158, strand=-, nt=[ATGAGCAACA..GTCTGCATAA]
11:55:11.585 - INFO - CDS - contig=contig_2, start=819189, stop=820565, strand=-, nt=[ATGGGTGAAG..TATCGGTTGA]
11:55:11.585 - INFO - CDS - contig=contig_2, start=820566, stop=821558, strand=-, nt=[ATGAAAAAAC..CAAGATCTAA]
11:55:11.585 - INFO - CDS - contig=contig_2, start=821570, stop=822280, strand=-, nt=[ATGGGTATCC..TTCGCTTTAA]
11:55:11.585 - INFO - CDS - contig=contig_2, start=822320, stop=822718, strand=-, nt=[TTGAAGAAAC..GGCTGGATGA]
11:55:11.585 - INFO - CDS - contig=contig_2, start=822972, stop=823523, strand=-, nt=[ATGAAGAAAT..GGGCAAATAA]
11:55:11.585 - INFO - CDS - contig=contig_2, start=823536, stop=824675, strand=-, nt=[ATGCCAGCCT..AAACAAATAA]
11:55:11.585 - INFO - CDS - contig=contig_2, start=825037, stop=825153, strand=+, nt=[ATGAGATTTA..GCCCCTTTGA]
11:55:11.585 - INFO - CDS - contig=contig_2, start=825268, stop=826650, strand=+, nt=[TTGCTGGAAC..GATCGGTTAG]
11:55:11.585 - INFO - CDS - contig=contig_2, start=826734, stop=827393, strand=+, nt=[ATGAAAACTT..GGTGAAGTAA]
11:55:11.585 - INFO - CDS - contig=contig_2, start=827393, stop=828157, strand=+, nt=[ATGGAGCTCA..AATGAGATAG]
11:55:11.585 - INFO - CDS - contig=contig_2, start=828224, stop=829444, strand=+, nt=[ATGGCAAACC..CACTTCTTAA]
11:55:11.585 - INFO - CDS - contig=contig_2, start=829467, stop=831854, strand=+, nt=[GTGGCTTCCA..AGAGACTTGA]
11:55:11.585 - INFO - CDS - contig=contig_2, start=831904, stop=833208, strand=+, nt=[ATGGATCCCG..CACAGAGTGA]
11:55:11.585 - INFO - CDS - contig=contig_2, start=833243, stop=834292, strand=+, nt=[ATGAAGATCA..GAAAATTTGA]
11:55:11.585 - INFO - CDS - contig=contig_2, start=834375, stop=834608, strand=+, nt=[ATGATTTTTG..GGGCGAGTGA]
11:55:11.585 - INFO - CDS - contig=contig_2, start=834611, stop=835279, strand=+, nt=[ATGAAGACAT..GGGAGCATAA]
11:55:11.585 - INFO - CDS - contig=contig_2, start=835326, stop=836015, strand=-, nt=[ATGAGACCGT..ACTCCTGTAA]
11:55:11.585 - INFO - CDS - contig=contig_2, start=836012, stop=836650, strand=-, nt=[GTGACACGGT..ATCCTCATGA]
11:55:11.585 - INFO - CDS - contig=contig_2, start=836804, stop=840376, strand=+, nt=[GTGTACTTAA..AATTCAATAG]
11:55:11.585 - INFO - CDS - contig=contig_2, start=840445, stop=840690, strand=+, nt=[ATGAAATGGG..TCAGCCCTGA]
11:55:11.585 - INFO - CDS - contig=contig_2, start=840724, stop=841623, strand=+, nt=[ATGGGTTTTT..CCTGATCTGA]
11:55:11.585 - INFO - CDS - contig=contig_2, start=841670, stop=842386, strand=+, nt=[ATGTCCCGCA..GGGAGGTTGA]
11:55:11.585 - INFO - CDS - contig=contig_2, start=842391, stop=842990, strand=+, nt=[ATGAAGATGG..TGACCAGTAA]
11:55:11.585 - INFO - CDS - contig=contig_2, start=842974, stop=843279, strand=+, nt=[ATGGAACTGA..GTGTAAATAA]
11:55:11.585 - INFO - CDS - contig=contig_2, start=843317, stop=844516, strand=+, nt=[ATGAAGATCG..GAAAGGATAA]
11:55:11.585 - INFO - CDS - contig=contig_2, start=844527, stop=846032, strand=+, nt=[ATGAGTCAAC..CGGCGCATAA]
11:55:11.585 - INFO - CDS - contig=contig_2, start=846054, stop=846416, strand=+, nt=[ATGACACCGA..TGAGAACTGA]
11:55:11.585 - INFO - CDS - contig=contig_2, start=846656, stop=849760, strand=+, nt=[TTGCGGGGTG..TCTATTTTAA]
11:55:11.585 - INFO - CDS - contig=contig_2, start=849896, stop=853786, strand=+, nt=[ATGGAAAAAA..CCGGGGGTAG]
11:55:11.585 - INFO - CDS - contig=contig_2, start=853875, stop=854807, strand=-, nt=[ATGTCCTTTT..CATCCAGTGA]
11:55:11.585 - INFO - CDS - contig=contig_2, start=854901, stop=856214, strand=+, nt=[ATGAAACCCG..CGCGCTGTAA]
11:55:11.586 - INFO - CDS - contig=contig_2, start=856382, stop=857488, strand=+, nt=[ATGAAAGTAC..CAACGGCTGA]
11:55:11.586 - INFO - CDS - contig=contig_2, start=857505, stop=859043, strand=+, nt=[ATGACCGTAG..GGCGGTATGA]
11:55:11.586 - INFO - CDS - contig=contig_2, start=859084, stop=859722, strand=+, nt=[GTGAGACGAA..CGGGCGTTGA]
11:55:11.586 - INFO - CDS - contig=contig_2, start=859785, stop=862259, strand=+, nt=[ATGTTGGATG..GAAGCTGTGA]
11:55:11.586 - INFO - CDS - contig=contig_2, start=862225, stop=862926, strand=-, nt=[ATGGAGGTTT..GCGGATTTGA]
11:55:11.586 - INFO - CDS - contig=contig_2, start=862908, stop=863498, strand=-, nt=[ATGGAAAAAC..TTATCTGTGA]
11:55:11.586 - INFO - CDS - contig=contig_2, start=863552, stop=864460, strand=+, nt=[ATGAACGAAT..AAATGAGTAA]
11:55:11.586 - INFO - CDS - contig=contig_2, start=865019, stop=865540, strand=+, nt=[ATGGAATTCC..GAAGATTTGA]
11:55:11.586 - INFO - CDS - contig=contig_2, start=865561, stop=868227, strand=+, nt=[ATGGCGAAAG..GCTGGGCTAA]
11:55:11.586 - INFO - CDS - contig=contig_2, start=868350, stop=869123, strand=+, nt=[ATGAAAAAGT..CATATTCTGA]
11:55:11.586 - INFO - CDS - contig=contig_2, start=869209, stop=869517, strand=+, nt=[ATGTCGGTGA..TGCGGAATAA]
11:55:11.586 - INFO - CDS - contig=contig_2, start=869535, stop=869972, strand=+, nt=[ATGAGACCGA..GGGGGCGTGA]
11:55:11.586 - INFO - CDS - contig=contig_2, start=869969, stop=870673, strand=+, nt=[GTGAGCGCCG..GCTGGGCTGA]
11:55:11.586 - INFO - CDS - contig=contig_2, start=870729, stop=871655, strand=-, nt=[ATGAGCAAGA..ATATGTTTGA]
11:55:11.586 - INFO - CDS - contig=contig_2, start=871862, stop=872812, strand=+, nt=[GTGAAGGATA..CGATGAGTAA]
11:55:11.586 - INFO - CDS - contig=contig_2, start=872805, stop=873203, strand=+, nt=[ATGAGTAAGC..TCAGAAGTAA]
11:55:11.586 - INFO - CDS - contig=contig_2, start=873253, stop=874536, strand=-, nt=[TTGAAACGTC..CAGCTGGTGA]
11:55:11.586 - INFO - CDS - contig=contig_2, start=874659, stop=875852, strand=-, nt=[GTGTTTCCGC..CAAGCTGTGA]
11:55:11.586 - INFO - CDS - contig=contig_2, start=875961, stop=876386, strand=+, nt=[ATGGAGTACC..CGGGACATGA]
11:55:11.586 - INFO - CDS - contig=contig_2, start=876383, stop=877096, strand=+, nt=[ATGAAGATTT..GAATGACTGA]
11:55:11.586 - INFO - CDS - contig=contig_2, start=877098, stop=877736, strand=+, nt=[ATGGAACACA..CACCAAATAA]
11:55:11.586 - INFO - CDS - contig=contig_2, start=878051, stop=879529, strand=+, nt=[ATGAAAACCG..TCTGGAGTAA]
11:55:11.586 - INFO - CDS - contig=contig_2, start=879556, stop=880476, strand=+, nt=[ATGGAAGCGA..GGAGAACTGA]
11:55:11.586 - INFO - CDS - contig=contig_2, start=880478, stop=881425, strand=+, nt=[ATGGGAGAGA..GAAGTTTTGA]
11:55:11.586 - INFO - CDS - contig=contig_2, start=881422, stop=882252, strand=+, nt=[TTGAGTTCTG..AGACTGCTGA]
11:55:11.586 - INFO - CDS - contig=contig_2, start=882342, stop=882962, strand=-, nt=[ATGCAGGAAA..GGTTCAATGA]
11:55:11.586 - INFO - CDS - contig=contig_2, start=883032, stop=884315, strand=-, nt=[TTGAATGCGG..TCCCTCTTGA]
11:55:11.586 - INFO - CDS - contig=contig_2, start=885144, stop=885788, strand=-, nt=[ATGAAAAAGA..GAGTAAATGA]
11:55:11.586 - INFO - CDS - contig=contig_2, start=885894, stop=887138, strand=+, nt=[ATGCTGAAGC..CGAGGGCTGA]
11:55:11.586 - INFO - CDS - contig=contig_2, start=887297, stop=888574, strand=+, nt=[ATGACATATC..GGGCGGGTAA]
11:55:11.586 - INFO - CDS - contig=contig_2, start=888655, stop=889587, strand=-, nt=[TTGACGAGTT..TCATTCCTAA]
11:55:11.586 - INFO - CDS - contig=contig_2, start=889731, stop=889925, strand=+, nt=[ATGGATGTTC..GGACGCATGA]
11:55:11.586 - INFO - CDS - contig=contig_2, start=889922, stop=890989, strand=+, nt=[ATGAATGAAT..GCAGATCTGA]
11:55:11.586 - INFO - CDS - contig=contig_2, start=891004, stop=891486, strand=+, nt=[ATGTGGTACA..TTTAGCCTGA]
11:55:11.587 - INFO - CDS - contig=contig_2, start=891553, stop=892773, strand=-, nt=[TTGAATGTAA..GGAGCGCTGA]
11:55:11.587 - INFO - CDS - contig=contig_2, start=892887, stop=893816, strand=+, nt=[ATGGGAAAAC..TCGGCACTGA]
11:55:11.587 - INFO - CDS - contig=contig_2, start=893884, stop=894036, strand=-, nt=[ATGTCATCGG..AAAGCAATAG]
11:55:11.587 - INFO - CDS - contig=contig_2, start=894092, stop=894850, strand=-, nt=[ATGGACGCTA..TTTTTTCTAG]
11:55:11.587 - INFO - CDS - contig=contig_2, start=894913, stop=895164, strand=-, nt=[ATGGACGAGC..CTCCGAGTAA]
11:55:11.587 - INFO - CDS - contig=contig_2, start=895279, stop=897678, strand=-, nt=[ATGAATCTCT..CCTGCGCTGA]
11:55:11.587 - INFO - CDS - contig=contig_2, start=897697, stop=898722, strand=-, nt=[ATGAAGGAAA..ACAGTTTTAA]
11:55:11.587 - INFO - CDS - contig=contig_2, start=899144, stop=900670, strand=+, nt=[ATGCGCATCG..ACGTTTTTAA]
11:55:11.587 - INFO - CDS - contig=contig_2, start=900683, stop=901285, strand=+, nt=[GTGCGCAGAG..GCCCGCTTGA]
11:55:11.587 - INFO - CDS - contig=contig_2, start=901338, stop=902468, strand=+, nt=[ATGAACACGG..TCTCCACTGA]
11:55:11.587 - INFO - CDS - contig=contig_2, start=902667, stop=903032, strand=+, nt=[GTGGACAGCA..GTTGGTATGA]
11:55:11.587 - INFO - CDS - contig=contig_2, start=903111, stop=903593, strand=+, nt=[ATGAAGCCGA..GCTGAAGTGA]
11:55:11.587 - INFO - CDS - contig=contig_2, start=903682, stop=904428, strand=-, nt=[ATGGAATATC..CTTTGCATGA]
11:55:11.587 - INFO - CDS - contig=contig_2, start=904586, stop=905140, strand=+, nt=[ATGGAAGAGA..CACCAGGTAG]
11:55:11.587 - INFO - CDS - contig=contig_2, start=905098, stop=905466, strand=-, nt=[ATGGATATTT..AAAATCCTGA]
11:55:11.587 - INFO - CDS - contig=contig_2, start=905482, stop=906495, strand=-, nt=[ATGCCGACAA..CAGCAAATAG]
11:55:11.587 - INFO - CDS - contig=contig_2, start=906653, stop=907144, strand=+, nt=[GTGATACGAA..GGAAGCCTGA]
11:55:11.587 - INFO - CDS - contig=contig_2, start=907178, stop=907795, strand=+, nt=[ATGGAAGAAC..GGAGCACTGA]
11:55:11.587 - INFO - CDS - contig=contig_2, start=907795, stop=908532, strand=+, nt=[ATGGATGTCT..CAACTTGTGA]
11:55:11.587 - INFO - CDS - contig=contig_2, start=908582, stop=910057, strand=+, nt=[ATGGTCAACA..TCCCCAGTAA]
11:55:11.587 - INFO - CDS - contig=contig_2, start=910159, stop=911610, strand=-, nt=[ATGAACAAGA..TCACCAGTAA]
11:55:11.587 - INFO - CDS - contig=contig_2, start=911795, stop=912763, strand=-, nt=[ATGAACACCA..CAAACGGTAA]
11:55:11.587 - INFO - CDS - contig=contig_2, start=912760, stop=913908, strand=-, nt=[ATGAAACGGC..GCGTGTATGA]
11:55:11.587 - INFO - CDS - contig=contig_2, start=913905, stop=915440, strand=-, nt=[ATGGCAAATG..GCAGGCATGA]
11:55:11.587 - INFO - CDS - contig=contig_2, start=915618, stop=916790, strand=-, nt=[ATGAAACTGA..CGGCCTGTAA]
11:55:11.587 - INFO - CDS - contig=contig_2, start=916927, stop=918009, strand=-, nt=[ATGTCCGAGG..ACAACAGTGA]
11:55:11.587 - INFO - CDS - contig=contig_2, start=918065, stop=918814, strand=-, nt=[ATGGATTTTT..GAACTGCTGA]
11:55:11.587 - INFO - CDS - contig=contig_2, start=918814, stop=919245, strand=-, nt=[ATGGAACATA..GGAGCTGTGA]
11:55:11.587 - INFO - CDS - contig=contig_2, start=919245, stop=919904, strand=-, nt=[ATGGATCAGC..GGGTGTGTGA]
11:55:11.587 - INFO - CDS - contig=contig_2, start=919986, stop=920600, strand=-, nt=[ATGAAGCAGG..CGGGCCCTGA]
11:55:11.587 - INFO - CDS - contig=contig_2, start=920692, stop=921954, strand=+, nt=[ATGGGAATGA..CCTCTCCTGA]
11:55:11.588 - INFO - CDS - contig=contig_2, start=922004, stop=922489, strand=+, nt=[ATGAAACTAT..GGCGAAATGA]
11:55:11.588 - INFO - CDS - contig=contig_2, start=922486, stop=923571, strand=+, nt=[ATGAATTATA..GGCGCTGTAA]
11:55:11.588 - INFO - CDS - contig=contig_2, start=923877, stop=924260, strand=+, nt=[ATGAAGAATG..TCCCTGCTGA]
11:55:11.588 - INFO - CDS - contig=contig_2, start=924384, stop=924590, strand=-, nt=[ATGTATGCAA..GCGGACATAA]
11:55:11.588 - INFO - CDS - contig=contig_2, start=924727, stop=926421, strand=-, nt=[ATGAAGCAAG..CCGGGGCTGA]
11:55:11.588 - INFO - CDS - contig=contig_2, start=926737, stop=928191, strand=-, nt=[ATGACCTGGG..TGACAAATAA]
11:55:11.588 - INFO - CDS - contig=contig_2, start=928188, stop=929645, strand=-, nt=[ATGAAAAACA..CGCGGTATGA]
11:55:11.588 - INFO - CDS - contig=contig_2, start=929647, stop=929934, strand=-, nt=[ATGAAGATCA..GGTGGAGTGA]
11:55:11.588 - INFO - CDS - contig=contig_2, start=929955, stop=931277, strand=-, nt=[ATGAAAAAAA..GGAGCCGTGA]
11:55:11.588 - INFO - CDS - contig=contig_2, start=931717, stop=932286, strand=+, nt=[ATGAACGAGT..CACCTACTGA]
11:55:11.588 - INFO - CDS - contig=contig_2, start=932293, stop=932631, strand=-, nt=[ATGCGAATGA..GGACCTGTGA]
11:55:11.588 - INFO - CDS - contig=contig_2, start=932633, stop=932926, strand=-, nt=[ATGGAAATAC..GGACCTGTAA]
11:55:11.588 - INFO - CDS - contig=contig_2, start=933115, stop=933594, strand=+, nt=[ATGGCAAAAT..TTTCGTATGA]
11:55:11.588 - INFO - CDS - contig=contig_2, start=933591, stop=934781, strand=+, nt=[ATGAATTACG..CGAGGCCTGA]
11:55:11.588 - INFO - CDS - contig=contig_2, start=934809, stop=936095, strand=+, nt=[ATGTCCGAAC..GATCCGGTAA]
11:55:11.588 - INFO - CDS - contig=contig_2, start=936107, stop=936967, strand=+, nt=[ATGCCTTCCA..AACGCTCTAA]
11:55:11.588 - INFO - CDS - contig=contig_2, start=937032, stop=937646, strand=+, nt=[TTGGTACATG..CTTTCAGTGA]
11:55:11.588 - INFO - CDS - contig=contig_2, start=937729, stop=938784, strand=-, nt=[ATGGTTCAGC..AAAACTTTGA]
11:55:11.588 - INFO - CDS - contig=contig_2, start=938984, stop=940312, strand=+, nt=[ATGAAAGAAA..AATTTTATGA]
11:55:11.588 - INFO - CDS - contig=contig_2, start=940391, stop=941428, strand=+, nt=[ATGGCGGTAC..GGCGTCCTGA]
11:55:11.588 - INFO - CDS - contig=contig_2, start=941468, stop=943342, strand=+, nt=[ATGAATATTT..ACTGGAGTGA]
11:55:11.588 - INFO - CDS - contig=contig_2, start=943346, stop=943942, strand=+, nt=[ATGCTGCACA..GCCCAAATAA]
11:55:11.588 - INFO - CDS - contig=contig_2, start=944226, stop=944840, strand=+, nt=[ATGCCAAAAA..TCTGTACTGA]
11:55:11.588 - INFO - CDS - contig=contig_2, start=944979, stop=945752, strand=-, nt=[ATGAATGGCA..GATTATTTAA]
11:55:11.588 - INFO - CDS - contig=contig_2, start=945756, stop=946373, strand=-, nt=[ATGACCTTAT..GGAGGACTGA]
11:55:11.588 - INFO - CDS - contig=contig_2, start=946473, stop=946778, strand=+, nt=[ATGCAAGAGT..GATCATATAA]
11:55:11.588 - INFO - CDS - contig=contig_2, start=946975, stop=948081, strand=-, nt=[ATGAGGGAAT..AAATCAATGA]
11:55:11.588 - INFO - CDS - contig=contig_2, start=948293, stop=948520, strand=-, nt=[ATGAAAAAAG..AATGTTTTAA]
11:55:11.588 - INFO - CDS - contig=contig_2, start=948659, stop=948859, strand=-, nt=[ATGGCTAAAA..TCACTCTTGA]
11:55:11.588 - INFO - CDS - contig=contig_2, start=948859, stop=949011, strand=-, nt=[ATGAGCGACC..GGACATTTGA]
11:55:11.588 - INFO - CDS - contig=contig_2, start=949180, stop=949407, strand=-, nt=[ATGGAAAACC..CTGCCGGTAG]
11:55:11.589 - INFO - CDS - contig=contig_2, start=949559, stop=949831, strand=-, nt=[ATGTTTCAAG..CCGTCGATAA]
11:55:11.589 - INFO - CDS - contig=contig_2, start=950434, stop=951402, strand=+, nt=[ATGGAAAAGA..ACTTTCATGA]
11:55:11.589 - INFO - CDS - contig=contig_2, start=951399, stop=952013, strand=+, nt=[ATGACGGTTG..GGCCTGGTAA]
11:55:11.589 - INFO - CDS - contig=contig_2, start=952190, stop=952531, strand=+, nt=[ATGGATTTAA..GAAGCTGTAA]
11:55:11.589 - INFO - CDS - contig=contig_2, start=952685, stop=953566, strand=+, nt=[GTGAATATCC..GAACGCATGA]
11:55:11.589 - INFO - CDS - contig=contig_2, start=953563, stop=954168, strand=+, nt=[ATGAGCCTGT..CGGGAGATGA]
11:55:11.589 - INFO - CDS - contig=contig_2, start=954165, stop=954536, strand=+, nt=[ATGAGCGGGG..GTTTCAATGA]
11:55:11.589 - INFO - CDS - contig=contig_2, start=954533, stop=955468, strand=+, nt=[ATGAAGGTTT..TACTATGTAA]
11:55:11.589 - INFO - CDS - contig=contig_2, start=955456, stop=956943, strand=+, nt=[ATGTACTATG..GCTGTTGTAA]
11:55:11.589 - INFO - CDS - contig=contig_2, start=956943, stop=957644, strand=+, nt=[ATGGCCCTTT..CGGAAATTGA]
11:55:11.589 - INFO - CDS - contig=contig_2, start=957777, stop=959213, strand=+, nt=[ATGAATGTCA..CGAGGAATAA]
11:55:11.589 - INFO - CDS - contig=contig_2, start=959290, stop=959871, strand=+, nt=[ATGAGTTTGG..TCAGCGATAA]
11:55:11.589 - INFO - CDS - contig=contig_2, start=959988, stop=961304, strand=+, nt=[ATGCCGAAAA..CGCATCTTAA]
11:55:11.589 - INFO - CDS - contig=contig_2, start=961367, stop=963769, strand=+, nt=[GTGGCGGAGG..GATCCAGTGA]
11:55:11.589 - INFO - CDS - contig=contig_2, start=963777, stop=964376, strand=+, nt=[ATGGGACTGA..AACGGTATGA]
11:55:11.589 - INFO - CDS - contig=contig_2, start=964373, stop=965125, strand=+, nt=[ATGAAATATG..CATTATTTAA]
11:55:11.589 - INFO - CDS - contig=contig_2, start=965255, stop=965968, strand=+, nt=[ATGACGAATA..TTTGCACTGA]
11:55:11.589 - INFO - CDS - contig=contig_2, start=965987, stop=966784, strand=+, nt=[GTGGAGACAC..CGTTGATTAA]
11:55:11.589 - INFO - CDS - contig=contig_2, start=966797, stop=967471, strand=+, nt=[TTGGACGTAA..AAAGGGATGA]
11:55:11.589 - INFO - CDS - contig=contig_2, start=967468, stop=968073, strand=+, nt=[ATGAGTGCGC..GGCGATTTGA]
11:55:11.589 - INFO - CDS - contig=contig_2, start=968075, stop=968485, strand=+, nt=[ATGGAAAAGA..GGACTTCTGA]
11:55:11.589 - INFO - CDS - contig=contig_2, start=968527, stop=969660, strand=+, nt=[ATGAAACGAT..AATGAGGTGA]
11:55:11.589 - INFO - CDS - contig=contig_2, start=969667, stop=970371, strand=+, nt=[GTGGAAGAGC..CCTTTTGTGA]
11:55:11.589 - INFO - CDS - contig=contig_2, start=970388, stop=971368, strand=+, nt=[TTGCAAGTCC..GGACGAATAA]
11:55:11.589 - INFO - CDS - contig=contig_2, start=971381, stop=972643, strand=+, nt=[TTGTCATCCT..TGAAGTATAG]
11:55:11.589 - INFO - CDS - contig=contig_2, start=972633, stop=973307, strand=+, nt=[ATGAAGTATA..ATTAGCATGA]
11:55:11.589 - INFO - CDS - contig=contig_2, start=973304, stop=973897, strand=+, nt=[ATGAAAACAG..GGCGAGGTGA]
11:55:11.589 - INFO - CDS - contig=contig_2, start=973894, stop=975840, strand=+, nt=[GTGAGGATCA..CGAGGACTGA]
11:55:11.589 - INFO - CDS - contig=contig_2, start=976016, stop=976495, strand=+, nt=[ATGTTTCAGG..GGCCCAATAG]
11:55:11.589 - INFO - CDS - contig=contig_2, start=976703, stop=977431, strand=+, nt=[GTGGGACTTC..GGCGCTGTGA]
11:55:11.589 - INFO - CDS - contig=contig_2, start=977428, stop=977910, strand=+, nt=[GTGAGGATCG..CGACCGGTAA]
11:55:11.589 - INFO - CDS - contig=contig_2, start=978062, stop=978316, strand=+, nt=[ATGGTCTATT..GCTGCTTTGA]
11:55:11.589 - INFO - CDS - contig=contig_2, start=978316, stop=979440, strand=+, nt=[ATGATTTATC..CACCGCTTAG]
11:55:11.589 - INFO - CDS - contig=contig_2, start=979609, stop=981225, strand=+, nt=[ATGAGTGTGA..GCCATGCTGA]
11:55:11.589 - INFO - CDS - contig=contig_2, start=981219, stop=982493, strand=+, nt=[ATGCTGAATA..GTTTGAATGA]
11:55:11.589 - INFO - CDS - contig=contig_2, start=982522, stop=983097, strand=+, nt=[ATGAGGACTT..ACTTCTGTAA]
11:55:11.589 - INFO - CDS - contig=contig_2, start=983116, stop=983724, strand=+, nt=[ATGGGTTATA..GAGCCGATGA]
11:55:11.590 - INFO - CDS - contig=contig_2, start=983721, stop=984443, strand=+, nt=[ATGATTCTGC..TCAGAATTGA]
11:55:11.590 - INFO - CDS - contig=contig_2, start=984458, stop=985213, strand=+, nt=[ATGCTGGCAA..TGTGCGGTGA]
11:55:11.590 - INFO - CDS - contig=contig_2, start=985226, stop=985561, strand=+, nt=[ATGCTTGATC..CCATGGATAA]
11:55:11.590 - INFO - CDS - contig=contig_2, start=985554, stop=985880, strand=+, nt=[ATGGATAATA..GGACAGCTGA]
11:55:11.590 - INFO - CDS - contig=contig_2, start=986003, stop=987391, strand=+, nt=[GTGTCGGAAC..CTGCCCCTGA]
11:55:11.590 - INFO - CDS - contig=contig_2, start=987454, stop=988296, strand=-, nt=[ATGTCTATCA..CCACAAATAA]
11:55:11.590 - INFO - CDS - contig=contig_2, start=988481, stop=989203, strand=+, nt=[ATGTCAAACC..GGTAAAGTAA]
11:55:11.590 - INFO - CDS - contig=contig_2, start=989205, stop=989759, strand=+, nt=[ATGCAGGAAT..GGCGGTGTAA]
11:55:11.590 - INFO - CDS - contig=contig_2, start=989852, stop=990592, strand=+, nt=[ATGCCCCTGT..AGGGATTTGA]
11:55:11.590 - INFO - CDS - contig=contig_2, start=990594, stop=991409, strand=+, nt=[TTGCTCAAGC..GGTGAAATAA]
11:55:11.590 - INFO - CDS - contig=contig_2, start=991413, stop=992549, strand=+, nt=[ATGAAAACGA..GGGGGGGTAA]
11:55:11.590 - INFO - CDS - contig=contig_2, start=992599, stop=993693, strand=+, nt=[TTGGTACTTT..TGGAGTGTGA]
11:55:11.590 - INFO - CDS - contig=contig_2, start=993699, stop=994736, strand=+, nt=[TTGACAAGAC..AGAACTTTGA]
11:55:11.590 - INFO - CDS - contig=contig_2, start=994757, stop=998899, strand=+, nt=[ATGACGCAAA..CCTGTTTTAA]
11:55:11.590 - INFO - CDS - contig=contig_2, start=998995, stop=999336, strand=+, nt=[ATGGATGATC..CGGGTGCTGA]
11:55:11.590 - INFO - CDS - contig=contig_2, start=999324, stop=999689, strand=+, nt=[ATGCGGGTGC..GCTGTTTTAA]
11:55:11.590 - INFO - CDS - contig=contig_2, start=999723, stop=999887, strand=+, nt=[ATGTCTGATT..CATCTCTTGA]
11:55:11.590 - INFO - CDS - contig=contig_2, start=999884, stop=1000384, strand=+, nt=[TTGAAAAAAA..TGCCGATTAA]
11:55:11.590 - INFO - CDS - contig=contig_2, start=1000543, stop=1000974, strand=-, nt=[ATGAACGTAG..GCACAGCTGA]
11:55:11.590 - INFO - CDS - contig=contig_2, start=1000976, stop=1001887, strand=-, nt=[GTGCGACATT..GGTGGAATAA]
11:55:11.590 - INFO - CDS - contig=contig_2, start=1001994, stop=1003010, strand=+, nt=[ATGTATAAAA..CTGCCGCTGA]
11:55:11.590 - INFO - CDS - contig=contig_2, start=1003079, stop=1004452, strand=+, nt=[ATGGACAAGA..CGCAAATTAA]
11:55:11.590 - INFO - CDS - contig=contig_2, start=1004473, stop=1005576, strand=+, nt=[ATGGCAAAAC..CAAGCGCTGA]
11:55:11.590 - INFO - CDS - contig=contig_2, start=1005593, stop=1006531, strand=+, nt=[ATGTCAAGAA..CCACGCCTGA]
11:55:11.590 - INFO - CDS - contig=contig_2, start=1006622, stop=1007197, strand=+, nt=[ATGATAAAAT..AAAGGAATAG]
11:55:11.590 - INFO - CDS - contig=contig_2, start=1007208, stop=1007813, strand=+, nt=[ATGTATTATT..GGTGAAATAA]
11:55:11.590 - INFO - CDS - contig=contig_2, start=1007813, stop=1008169, strand=+, nt=[ATGGCAAAGT..GGACGGGTGA]
11:55:11.590 - INFO - CDS - contig=contig_2, start=1008166, stop=1009212, strand=+, nt=[GTGAGCATCG..GACCCTCTGA]
11:55:11.590 - INFO - CDS - contig=contig_2, start=1009249, stop=1010601, strand=+, nt=[ATGGGTAAAC..AAACCTTTGA]
11:55:11.590 - INFO - CDS - contig=contig_2, start=1010688, stop=1011320, strand=+, nt=[ATGGAGCTGA..CATGAGCTGA]
11:55:11.590 - INFO - CDS - contig=contig_2, start=1011398, stop=1011676, strand=+, nt=[ATGTACGAAG..GCAGCAGTAA]
11:55:11.590 - INFO - CDS - contig=contig_2, start=1011776, stop=1012579, strand=+, nt=[TTGTGGAGTG..CCGGGGCTGA]
11:55:11.590 - INFO - CDS - contig=contig_2, start=1012672, stop=1013271, strand=+, nt=[ATGAATCAGA..CGCAGCCTGA]
11:55:11.590 - INFO - CDS - contig=contig_2, start=1013492, stop=1014685, strand=+, nt=[ATGGTGAAAG..GGCACAGTGA]
11:55:11.590 - INFO - CDS - contig=contig_2, start=1014735, stop=1016171, strand=+, nt=[ATGAACAGAA..GACTGTTTAA]
11:55:11.591 - INFO - CDS - contig=contig_2, start=1016187, stop=1017170, strand=+, nt=[ATGAGTACTG..GCCTGATTAA]
11:55:11.591 - INFO - CDS - contig=contig_2, start=1017213, stop=1018148, strand=+, nt=[ATGCCACTGG..CAAGGCATAA]
11:55:11.591 - INFO - CDS - contig=contig_2, start=1018499, stop=1019299, strand=-, nt=[ATGAGGAAGT..AACACAGTAA]
11:55:11.591 - INFO - CDS - contig=contig_2, start=1019528, stop=1019980, strand=-, nt=[ATGAGGGACC..CGTTCGCTGA]
11:55:11.591 - INFO - CDS - contig=contig_2, start=1019996, stop=1021024, strand=-, nt=[ATGTATAATT..GCTTCTTTAA]
11:55:11.591 - INFO - CDS - contig=contig_2, start=1021160, stop=1022851, strand=-, nt=[ATGCCGGAAG..TCACTCCTGA]
11:55:11.591 - INFO - CDS - contig=contig_2, start=1023008, stop=1023247, strand=+, nt=[ATGAAAATTA..TGTGCGGTGA]
11:55:11.591 - INFO - CDS - contig=contig_2, start=1023637, stop=1024632, strand=+, nt=[ATGGCTGACC..TCTTTTGTGA]
11:55:11.591 - INFO - CDS - contig=contig_2, start=1024851, stop=1024964, strand=+, nt=[ATGTATGAAT..CAAGCGCTAA]
11:55:11.591 - INFO - CDS - contig=contig_2, start=1025034, stop=1025300, strand=-, nt=[ATGAAATTTA..GGGGGAATAA]
11:55:11.591 - INFO - CDS - contig=contig_2, start=1025415, stop=1027898, strand=+, nt=[ATGGTTTTGG..ACGCCTTTGA]
11:55:11.591 - INFO - CDS - contig=contig_2, start=1028617, stop=1028826, strand=+, nt=[GTGCAAGTGT..CGACAAATGA]
11:55:11.591 - INFO - CDS - contig=contig_2, start=1028823, stop=1029026, strand=+, nt=[ATGAAAGAAC..GCTGAAATGA]
11:55:11.591 - INFO - CDS - contig=contig_2, start=1029023, stop=1029172, strand=+, nt=[ATGAATGATA..GTGTAAATAA]
11:55:11.591 - INFO - CDS - contig=contig_2, start=1029172, stop=1029381, strand=+, nt=[ATGGCCGCTT..CCGTGGCTAA]
11:55:11.591 - INFO - CDS - contig=contig_2, start=1029428, stop=1029601, strand=+, nt=[ATGACTGAAC..CCGGGGCTGA]
11:55:11.591 - INFO - CDS - contig=contig_2, start=1029664, stop=1030356, strand=+, nt=[ATGGGATGCG..TGGAAAATGA]
11:55:11.591 - INFO - CDS - contig=contig_3, start=210, stop=1205, strand=+, frame=3, truncated=no, start-type=ATG, RBS-motif=AGxAGG/AGGxGG
11:55:11.591 - INFO - CDS - contig=contig_3, start=1255, stop=1449, strand=-, frame=2, truncated=no, start-type=ATG, RBS-motif=AGGAG
11:55:11.591 - INFO - CDS - contig=contig_3, start=1712, stop=1939, strand=-, frame=1, truncated=no, start-type=ATG, RBS-motif=AGGAG
11:55:11.591 - INFO - CDS - contig=contig_3, start=2054, stop=4492, strand=+, frame=2, truncated=no, start-type=ATG, RBS-motif=None
11:55:11.591 - INFO - CDS - contig=contig_3, start=5211, stop=5420, strand=+, frame=3, truncated=no, start-type=GTG, RBS-motif=AGGAGG
11:55:11.591 - INFO - CDS - contig=contig_3, start=5417, stop=5620, strand=+, frame=2, truncated=no, start-type=ATG, RBS-motif=AGGAG
11:55:11.591 - INFO - CDS - contig=contig_3, start=5617, stop=5766, strand=+, frame=1, truncated=no, start-type=ATG, RBS-motif=GGxGG
11:55:11.591 - INFO - CDS - contig=contig_3, start=5766, stop=5975, strand=+, frame=3, truncated=no, start-type=ATG, RBS-motif=AGxAGG/AGGxGG
11:55:11.592 - INFO - CDS - contig=contig_3, start=6022, stop=6195, strand=+, frame=1, truncated=no, start-type=ATG, RBS-motif=AGGA
11:55:11.592 - INFO - CDS - contig=contig_3, start=6259, stop=6951, strand=+, frame=1, truncated=no, start-type=ATG, RBS-motif=GGAG/GAGG
11:55:11.592 - INFO - CDS - contig=contig_3, start=7228, stop=7413, strand=-, frame=2, truncated=no, start-type=ATG, RBS-motif=GGA/GAG/AGG
11:55:11.592 - INFO - CDS - contig=contig_3, start=7683, stop=7871, strand=+, frame=3, truncated=no, start-type=ATG, RBS-motif=GGAG/GAGG
11:55:11.592 - INFO - CDS - contig=contig_3, start=7970, stop=8581, strand=+, frame=2, truncated=no, start-type=ATG, RBS-motif=GGAG/GAGG
11:55:11.592 - INFO - CDS - contig=contig_3, start=8811, stop=9863, strand=+, frame=3, truncated=no, start-type=ATG, RBS-motif=AGGAG
11:55:11.592 - INFO - CDS - contig=contig_3, start=210, stop=1205, strand=+, nt=[ATGGCTGACC..TCTTTTGTGA]
11:55:11.592 - INFO - CDS - contig=contig_3, start=1255, stop=1449, strand=-, nt=[ATGATAAAAC..TCACGACTAA]
11:55:11.592 - INFO - CDS - contig=contig_3, start=1712, stop=1939, strand=-, nt=[ATGAAATTCA..CCAAGAATAA]
11:55:11.592 - INFO - CDS - contig=contig_3, start=2054, stop=4492, strand=+, nt=[ATGCTGTTGG..ACGCCTTTGA]
11:55:11.592 - INFO - CDS - contig=contig_3, start=5211, stop=5420, strand=+, nt=[GTGCAAGTGT..CGACAAATGA]
11:55:11.592 - INFO - CDS - contig=contig_3, start=5417, stop=5620, strand=+, nt=[ATGAAAGAAC..GCTGAAATGA]
11:55:11.592 - INFO - CDS - contig=contig_3, start=5617, stop=5766, strand=+, nt=[ATGAATGATA..GTGTAAATAA]
11:55:11.592 - INFO - CDS - contig=contig_3, start=5766, stop=5975, strand=+, nt=[ATGGCCGCTT..CCGTGGCTAA]
11:55:11.592 - INFO - CDS - contig=contig_3, start=6022, stop=6195, strand=+, nt=[ATGACTGAAC..CCGGGGCTGA]
11:55:11.592 - INFO - CDS - contig=contig_3, start=6259, stop=6951, strand=+, nt=[ATGGGATGCG..TGGAAAATGA]
11:55:11.592 - INFO - CDS - contig=contig_3, start=7228, stop=7413, strand=-, nt=[ATGGCATCAA..AGAAAATTGA]
11:55:11.592 - INFO - CDS - contig=contig_3, start=7683, stop=7871, strand=+, nt=[ATGAAAAACT..TGGCATCTAA]
11:55:11.592 - INFO - CDS - contig=contig_3, start=7970, stop=8581, strand=+, nt=[ATGACAGTTT..TATTGCGTAA]
11:55:11.592 - INFO - CDS - contig=contig_3, start=8811, stop=9863, strand=+, nt=[ATGAAAACGA..ATGGACTTGA]
11:55:11.653 - INFO - CDS - contig=contig_4, start=317, stop=1369, strand=+, frame=2, truncated=no, start-type=ATG, RBS-motif=AGGAG
11:55:11.654 - INFO - CDS - contig=contig_4, start=1523, stop=1807, strand=-, frame=2, truncated=no, start-type=ATG, RBS-motif=AGGAGG
11:55:11.654 - INFO - CDS - contig=contig_4, start=1804, stop=2442, strand=-, frame=3, truncated=no, start-type=ATG, RBS-motif=AGGAG
11:55:11.654 - INFO - CDS - contig=contig_4, start=2466, stop=3203, strand=-, frame=1, truncated=no, start-type=ATG, RBS-motif=AGGAG
11:55:11.654 - INFO - CDS - contig=contig_4, start=3291, stop=5297, strand=-, frame=1, truncated=no, start-type=ATG, RBS-motif=AGGAGG
11:55:11.654 - INFO - CDS - contig=contig_4, start=5745, stop=7220, strand=+, frame=3, truncated=no, start-type=ATG, RBS-motif=AGGAGG
11:55:11.654 - INFO - CDS - contig=contig_4, start=7266, stop=8384, strand=+, frame=3, truncated=no, start-type=ATG, RBS-motif=GGAG/GAGG
11:55:11.654 - INFO - CDS - contig=contig_4, start=8824, stop=9783, strand=+, frame=1, truncated=no, start-type=ATG, RBS-motif=GGA/GAG/AGG
11:55:11.654 - INFO - CDS - contig=contig_4, start=9928, stop=11319, strand=-, frame=3, truncated=no, start-type=ATG, RBS-motif=AGxAGG/AGGxGG
11:55:11.654 - INFO - CDS - contig=contig_4, start=11553, stop=13202, strand=-, frame=1, truncated=no, start-type=ATG, RBS-motif=GGAGG
11:55:11.654 - INFO - CDS - contig=contig_4, start=13573, stop=14268, strand=+, frame=1, truncated=no, start-type=ATG, RBS-motif=GGAGG
11:55:11.654 - INFO - CDS - contig=contig_4, start=14265, stop=15044, strand=+, frame=3, truncated=no, start-type=GTG, RBS-motif=AGGAGG
11:55:11.654 - INFO - CDS - contig=contig_4, start=15058, stop=15777, strand=+, frame=1, truncated=no, start-type=GTG, RBS-motif=GGAGG
11:55:11.654 - INFO - CDS - contig=contig_4, start=15861, stop=16778, strand=-, frame=1, truncated=no, start-type=ATG, RBS-motif=AGGAG
11:55:11.654 - INFO - CDS - contig=contig_4, start=16792, stop=17970, strand=-, frame=3, truncated=no, start-type=ATG, RBS-motif=AGGAGG
11:55:11.654 - INFO - CDS - contig=contig_4, start=17986, stop=18840, strand=-, frame=3, truncated=no, start-type=ATG, RBS-motif=AGxAGG/AGGxGG
11:55:11.654 - INFO - CDS - contig=contig_4, start=18886, stop=20109, strand=-, frame=3, truncated=no, start-type=ATG, RBS-motif=AGGAG/GGAGG
11:55:11.654 - INFO - CDS - contig=contig_4, start=20332, stop=21273, strand=-, frame=3, truncated=no, start-type=ATG, RBS-motif=AGGAG
11:55:11.654 - INFO - CDS - contig=contig_4, start=21270, stop=22652, strand=-, frame=1, truncated=no, start-type=ATG, RBS-motif=AGGAG
11:55:11.654 - INFO - CDS - contig=contig_4, start=22682, stop=23896, strand=-, frame=2, truncated=no, start-type=ATG, RBS-motif=GGAGG
11:55:11.654 - INFO - CDS - contig=contig_4, start=24134, stop=24832, strand=-, frame=2, truncated=no, start-type=ATG, RBS-motif=AGGAG
11:55:11.654 - INFO - CDS - contig=contig_4, start=24837, stop=26123, strand=-, frame=1, truncated=no, start-type=ATG, RBS-motif=AGGAGG
11:55:11.654 - INFO - CDS - contig=contig_4, start=26261, stop=27220, strand=+, frame=2, truncated=no, start-type=ATG, RBS-motif=GGAGG
11:55:11.654 - INFO - CDS - contig=contig_4, start=27305, stop=27475, strand=-, frame=2, truncated=no, start-type=ATG, RBS-motif=GGAGG
11:55:11.654 - INFO - CDS - contig=contig_4, start=27615, stop=27773, strand=+, frame=3, truncated=no, start-type=ATG, RBS-motif=GGAG/GAGG
11:55:11.654 - INFO - CDS - contig=contig_4, start=27760, stop=30216, strand=+, frame=1, truncated=no, start-type=ATG, RBS-motif=GGAGG
11:55:11.654 - INFO - CDS - contig=contig_4, start=30786, stop=31292, strand=+, frame=3, truncated=no, start-type=ATG, RBS-motif=AGGAGG
11:55:11.655 - INFO - CDS - contig=contig_4, start=31302, stop=31982, strand=-, frame=1, truncated=no, start-type=ATG, RBS-motif=GGAG/GAGG
11:55:11.655 - INFO - CDS - contig=contig_4, start=32110, stop=32874, strand=-, frame=3, truncated=no, start-type=ATG, RBS-motif=AGGAGG
11:55:11.655 - INFO - CDS - contig=contig_4, start=32970, stop=33650, strand=-, frame=1, truncated=no, start-type=ATG, RBS-motif=AGxAGG/AGGxGG
11:55:11.655 - INFO - CDS - contig=contig_4, start=33749, stop=35410, strand=+, frame=2, truncated=no, start-type=ATG, RBS-motif=AGGAGG
11:55:11.655 - INFO - CDS - contig=contig_4, start=35536, stop=35862, strand=+, frame=1, truncated=no, start-type=GTG, RBS-motif=AGGAGG
11:55:11.655 - INFO - CDS - contig=contig_4, start=35859, stop=37127, strand=+, frame=3, truncated=no, start-type=TTG, RBS-motif=AGGAGG
11:55:11.655 - INFO - CDS - contig=contig_4, start=37176, stop=38033, strand=-, frame=1, truncated=no, start-type=ATG, RBS-motif=AGGAG
11:55:11.655 - INFO - CDS - contig=contig_4, start=38071, stop=39057, strand=-, frame=3, truncated=no, start-type=ATG, RBS-motif=AGGAG
11:55:11.655 - INFO - CDS - contig=contig_4, start=39069, stop=39614, strand=-, frame=1, truncated=no, start-type=GTG, RBS-motif=AGxAGG/AGGxGG
11:55:11.655 - INFO - CDS - contig=contig_4, start=39650, stop=40849, strand=-, frame=2, truncated=no, start-type=ATG, RBS-motif=AGGA
11:55:11.655 - INFO - CDS - contig=contig_4, start=40906, stop=41559, strand=-, frame=3, truncated=no, start-type=GTG, RBS-motif=AGGAGG
11:55:11.655 - INFO - CDS - contig=contig_4, start=41771, stop=42994, strand=+, frame=2, truncated=no, start-type=ATG, RBS-motif=GGA/GAG/AGG
11:55:11.655 - INFO - CDS - contig=contig_4, start=43227, stop=43874, strand=+, frame=3, truncated=no, start-type=ATG, RBS-motif=AGGA
11:55:11.655 - INFO - CDS - contig=contig_4, start=43890, stop=44492, strand=+, frame=3, truncated=no, start-type=ATG, RBS-motif=GGAGG
11:55:11.655 - INFO - CDS - contig=contig_4, start=44622, stop=45095, strand=+, frame=3, truncated=no, start-type=ATG, RBS-motif=GGAG/GAGG
11:55:11.655 - INFO - CDS - contig=contig_4, start=45095, stop=46528, strand=+, frame=2, truncated=no, start-type=ATG, RBS-motif=AGGAGG
11:55:11.655 - INFO - CDS - contig=contig_4, start=46777, stop=47631, strand=+, frame=1, truncated=no, start-type=ATG, RBS-motif=GGAG/GAGG
11:55:11.655 - INFO - CDS - contig=contig_4, start=47676, stop=48446, strand=-, frame=1, truncated=no, start-type=TTG, RBS-motif=GGAGG
11:55:11.655 - INFO - CDS - contig=contig_4, start=48653, stop=51706, strand=-, frame=2, truncated=no, start-type=ATG, RBS-motif=AGGAG
11:55:11.655 - INFO - CDS - contig=contig_4, start=51822, stop=53027, strand=-, frame=1, truncated=no, start-type=GTG, RBS-motif=GGAG/GAGG
11:55:11.655 - INFO - CDS - contig=contig_4, start=53294, stop=54124, strand=+, frame=2, truncated=no, start-type=GTG, RBS-motif=AGGAGG
11:55:11.655 - INFO - CDS - contig=contig_4, start=54531, stop=56678, strand=-, frame=1, truncated=no, start-type=ATG, RBS-motif=None
11:55:11.655 - INFO - CDS - contig=contig_4, start=56692, stop=56928, strand=-, frame=3, truncated=no, start-type=ATG, RBS-motif=GGA/GAG/AGG
11:55:11.655 - INFO - CDS - contig=contig_4, start=57012, stop=57437, strand=+, frame=3, truncated=no, start-type=ATG, RBS-motif=GGA/GAG/AGG
11:55:11.655 - INFO - CDS - contig=contig_4, start=57490, stop=57945, strand=-, frame=3, truncated=no, start-type=ATG, RBS-motif=GGAGG
11:55:11.655 - INFO - CDS - contig=contig_4, start=57960, stop=58391, strand=-, frame=1, truncated=no, start-type=ATG, RBS-motif=GGAG/GAGG
11:55:11.655 - INFO - CDS - contig=contig_4, start=58388, stop=58726, strand=-, frame=2, truncated=no, start-type=ATG, RBS-motif=AGGAGG
11:55:11.655 - INFO - CDS - contig=contig_4, start=58739, stop=59743, strand=-, frame=2, truncated=no, start-type=ATG, RBS-motif=AGxAGG/AGGxGG
11:55:11.656 - INFO - CDS - contig=contig_4, start=59722, stop=60033, strand=-, frame=3, truncated=no, start-type=ATG, RBS-motif=GGAG/GAGG
11:55:11.656 - INFO - CDS - contig=contig_4, start=60211, stop=60915, strand=-, frame=3, truncated=no, start-type=ATG, RBS-motif=GGAGG
11:55:11.656 - INFO - CDS - contig=contig_4, start=60890, stop=62317, strand=-, frame=2, truncated=no, start-type=ATG, RBS-motif=None
11:55:11.656 - INFO - CDS - contig=contig_4, start=62314, stop=63192, strand=-, frame=3, truncated=no, start-type=ATG, RBS-motif=AGGAGG
11:55:11.656 - INFO - CDS - contig=contig_4, start=63194, stop=63811, strand=-, frame=2, truncated=no, start-type=GTG, RBS-motif=AGGAGG
11:55:11.656 - INFO - CDS - contig=contig_4, start=64049, stop=64606, strand=-, frame=2, truncated=no, start-type=ATG, RBS-motif=GGAG/GAGG
11:55:11.656 - INFO - CDS - contig=contig_4, start=64603, stop=65283, strand=-, frame=3, truncated=no, start-type=ATG, RBS-motif=AGxAGG/AGGxGG
11:55:11.656 - INFO - CDS - contig=contig_4, start=65398, stop=66807, strand=-, frame=3, truncated=no, start-type=ATG, RBS-motif=AGGAGG
11:55:11.656 - INFO - CDS - contig=contig_4, start=66901, stop=67491, strand=-, frame=3, truncated=no, start-type=ATG, RBS-motif=AGGAG
11:55:11.656 - INFO - CDS - contig=contig_4, start=67488, stop=67970, strand=-, frame=1, truncated=no, start-type=GTG, RBS-motif=AGxAGG/AGGxGG
11:55:11.656 - INFO - CDS - contig=contig_4, start=67984, stop=68583, strand=-, frame=3, truncated=no, start-type=ATG, RBS-motif=GGAG/GAGG
11:55:11.656 - INFO - CDS - contig=contig_4, start=68653, stop=69144, strand=-, frame=3, truncated=no, start-type=GTG, RBS-motif=None
11:55:11.656 - INFO - CDS - contig=contig_4, start=69141, stop=70157, strand=-, frame=1, truncated=no, start-type=ATG, RBS-motif=GGA/GAG/AGG
11:55:11.656 - INFO - CDS - contig=contig_4, start=70177, stop=70446, strand=-, frame=3, truncated=no, start-type=ATG, RBS-motif=AGGA/GGAG/GAGG
11:55:11.656 - INFO - CDS - contig=contig_4, start=70509, stop=71570, strand=-, frame=1, truncated=no, start-type=ATG, RBS-motif=GGA/GAG/AGG
11:55:11.656 - INFO - CDS - contig=contig_4, start=71582, stop=72211, strand=-, frame=2, truncated=no, start-type=ATG, RBS-motif=AGGAGG
11:55:11.656 - INFO - CDS - contig=contig_4, start=72208, stop=74106, strand=-, frame=3, truncated=no, start-type=ATG, RBS-motif=GGAG/GAGG
11:55:11.656 - INFO - CDS - contig=contig_4, start=74162, stop=75553, strand=-, frame=2, truncated=no, start-type=ATG, RBS-motif=AGGAGG
11:55:11.656 - INFO - CDS - contig=contig_4, start=75570, stop=76622, strand=-, frame=1, truncated=no, start-type=TTG, RBS-motif=GGAGG
11:55:11.656 - INFO - CDS - contig=contig_4, start=76871, stop=79393, strand=-, frame=2, truncated=no, start-type=ATG, RBS-motif=GGAGG
11:55:11.656 - INFO - CDS - contig=contig_4, start=79844, stop=81121, strand=+, frame=2, truncated=no, start-type=ATG, RBS-motif=GGAGG
11:55:11.656 - INFO - CDS - contig=contig_4, start=81290, stop=82483, strand=+, frame=2, truncated=no, start-type=ATG, RBS-motif=AGGA
11:55:11.656 - INFO - CDS - contig=contig_4, start=82491, stop=83723, strand=+, frame=3, truncated=no, start-type=ATG, RBS-motif=GGAG/GAGG
11:55:11.656 - INFO - CDS - contig=contig_4, start=83788, stop=84273, strand=-, frame=3, truncated=no, start-type=GTG, RBS-motif=GGAG/GAGG
11:55:11.656 - INFO - CDS - contig=contig_4, start=84409, stop=84585, strand=-, frame=3, truncated=no, start-type=ATG, RBS-motif=GGAG/GAGG
11:55:11.656 - INFO - CDS - contig=contig_4, start=84593, stop=85018, strand=-, frame=2, truncated=no, start-type=ATG, RBS-motif=AGGAG/GGAGG
11:55:11.656 - INFO - CDS - contig=contig_4, start=85157, stop=85435, strand=-, frame=2, truncated=no, start-type=ATG, RBS-motif=GGAG/GAGG
11:55:11.656 - INFO - CDS - contig=contig_4, start=85446, stop=86744, strand=-, frame=1, truncated=no, start-type=ATG, RBS-motif=GGxGG
11:55:11.657 - INFO - CDS - contig=contig_4, start=86929, stop=87675, strand=+, frame=1, truncated=no, start-type=ATG, RBS-motif=AGGAGG
11:55:11.657 - INFO - CDS - contig=contig_4, start=87747, stop=88523, strand=-, frame=1, truncated=no, start-type=ATG, RBS-motif=AGxAGG/AGGxGG
11:55:11.657 - INFO - CDS - contig=contig_4, start=88535, stop=89005, strand=-, frame=2, truncated=no, start-type=ATG, RBS-motif=AGxAGG/AGGxGG
11:55:11.657 - INFO - CDS - contig=contig_4, start=89075, stop=89353, strand=+, frame=2, truncated=no, start-type=ATG, RBS-motif=GGAGG
11:55:11.657 - INFO - CDS - contig=contig_4, start=89384, stop=89860, strand=+, frame=2, truncated=no, start-type=ATG, RBS-motif=AGGAGG
11:55:11.657 - INFO - CDS - contig=contig_4, start=89853, stop=90086, strand=+, frame=3, truncated=no, start-type=ATG, RBS-motif=AGGAGG
11:55:11.657 - INFO - CDS - contig=contig_4, start=90092, stop=90841, strand=-, frame=2, truncated=no, start-type=TTG, RBS-motif=AGGAGG
11:55:11.657 - INFO - CDS - contig=contig_4, start=90890, stop=92041, strand=-, frame=2, truncated=no, start-type=ATG, RBS-motif=AGGAGG
11:55:11.657 - INFO - CDS - contig=contig_4, start=92038, stop=93111, strand=-, frame=3, truncated=no, start-type=ATG, RBS-motif=AGGAG
11:55:11.657 - INFO - CDS - contig=contig_4, start=93188, stop=94186, strand=-, frame=2, truncated=no, start-type=ATG, RBS-motif=AGGAG
11:55:11.657 - INFO - CDS - contig=contig_4, start=94322, stop=95806, strand=+, frame=2, truncated=no, start-type=ATG, RBS-motif=GGAGG
11:55:11.657 - INFO - CDS - contig=contig_4, start=102138, stop=103055, strand=+, frame=3, truncated=no, start-type=ATG, RBS-motif=GGAGG
11:55:11.657 - INFO - CDS - contig=contig_4, start=103577, stop=103912, strand=+, frame=2, truncated=no, start-type=ATG, RBS-motif=AGxAGG/AGGxGG
11:55:11.657 - INFO - CDS - contig=contig_4, start=103912, stop=104649, strand=+, frame=1, truncated=no, start-type=ATG, RBS-motif=GGAG/GAGG
11:55:11.657 - INFO - CDS - contig=contig_4, start=104754, stop=105248, strand=+, frame=3, truncated=no, start-type=ATG, RBS-motif=AGGAGG
11:55:11.657 - INFO - CDS - contig=contig_4, start=105245, stop=105781, strand=+, frame=2, truncated=no, start-type=ATG, RBS-motif=GGA/GAG/AGG
11:55:11.657 - INFO - CDS - contig=contig_4, start=105795, stop=106163, strand=+, frame=3, truncated=no, start-type=TTG, RBS-motif=AGGAG
11:55:11.657 - INFO - CDS - contig=contig_4, start=106177, stop=107979, strand=+, frame=1, truncated=no, start-type=ATG, RBS-motif=AGGAGG
11:55:11.657 - INFO - CDS - contig=contig_4, start=107995, stop=109761, strand=+, frame=1, truncated=no, start-type=ATG, RBS-motif=AGxAGG/AGGxGG
11:55:11.657 - INFO - CDS - contig=contig_4, start=109869, stop=110297, strand=-, frame=1, truncated=no, start-type=ATG, RBS-motif=AGGAGG
11:55:11.657 - INFO - CDS - contig=contig_4, start=110332, stop=110913, strand=-, frame=3, truncated=no, start-type=ATG, RBS-motif=AGGAG
11:55:11.657 - INFO - CDS - contig=contig_4, start=111174, stop=111896, strand=+, frame=3, truncated=no, start-type=ATG, RBS-motif=GGA/GAG/AGG
11:55:11.657 - INFO - CDS - contig=contig_4, start=111971, stop=112207, strand=+, frame=2, truncated=no, start-type=ATG, RBS-motif=AGGAGG
11:55:11.657 - INFO - CDS - contig=contig_4, start=112213, stop=112869, strand=+, frame=1, truncated=no, start-type=ATG, RBS-motif=None
11:55:11.657 - INFO - CDS - contig=contig_4, start=112859, stop=113929, strand=+, frame=2, truncated=no, start-type=ATG, RBS-motif=AGGAGG
11:55:11.657 - INFO - CDS - contig=contig_4, start=113910, stop=115106, strand=+, frame=3, truncated=no, start-type=GTG, RBS-motif=AGxAGG/AGGxGG
11:55:11.657 - INFO - CDS - contig=contig_4, start=115182, stop=116615, strand=+, frame=3, truncated=no, start-type=ATG, RBS-motif=AGGAG
11:55:11.657 - INFO - CDS - contig=contig_4, start=116617, stop=117744, strand=+, frame=1, truncated=no, start-type=ATG, RBS-motif=AGGAGG
11:55:11.657 - INFO - CDS - contig=contig_4, start=117870, stop=118274, strand=+, frame=3, truncated=no, start-type=ATG, RBS-motif=AGGAGG
11:55:11.658 - INFO - CDS - contig=contig_4, start=118353, stop=118697, strand=-, frame=1, truncated=no, start-type=ATG, RBS-motif=AGxAGG/AGGxGG
11:55:11.658 - INFO - CDS - contig=contig_4, start=118820, stop=119263, strand=-, frame=2, truncated=no, start-type=ATG, RBS-motif=AGGAGG
11:55:11.658 - INFO - CDS - contig=contig_4, start=119391, stop=120770, strand=-, frame=1, truncated=no, start-type=ATG, RBS-motif=GGAG/GAGG
11:55:11.658 - INFO - CDS - contig=contig_4, start=120970, stop=121119, strand=-, frame=3, truncated=no, start-type=ATG, RBS-motif=GGAGG
11:55:11.658 - INFO - CDS - contig=contig_4, start=121269, stop=122471, strand=+, frame=3, truncated=no, start-type=ATG, RBS-motif=AGxAGG/AGGxGG
11:55:11.658 - INFO - CDS - contig=contig_4, start=122475, stop=122981, strand=-, frame=1, truncated=no, start-type=ATG, RBS-motif=GGAG/GAGG
11:55:11.658 - INFO - CDS - contig=contig_4, start=122998, stop=124077, strand=-, frame=3, truncated=no, start-type=ATG, RBS-motif=AGGAGG
11:55:11.658 - INFO - CDS - contig=contig_4, start=124232, stop=128029, strand=-, frame=2, truncated=no, start-type=ATG, RBS-motif=GGAGG
11:55:11.658 - INFO - CDS - contig=contig_4, start=128048, stop=131746, strand=-, frame=2, truncated=no, start-type=ATG, RBS-motif=AGGA/GGAG/GAGG
11:55:11.658 - INFO - CDS - contig=contig_4, start=132063, stop=133424, strand=+, frame=3, truncated=no, start-type=ATG, RBS-motif=None
11:55:11.658 - INFO - CDS - contig=contig_4, start=133480, stop=134760, strand=-, frame=3, truncated=no, start-type=ATG, RBS-motif=GGAG/GAGG
11:55:11.658 - INFO - CDS - contig=contig_4, start=134921, stop=135214, strand=+, frame=2, truncated=no, start-type=ATG, RBS-motif=AGGAGG
11:55:11.658 - INFO - CDS - contig=contig_4, start=135261, stop=136172, strand=+, frame=3, truncated=no, start-type=ATG, RBS-motif=AGGA
11:55:11.658 - INFO - CDS - contig=contig_4, start=136325, stop=136717, strand=-, frame=2, truncated=no, start-type=ATG, RBS-motif=GGAGG
11:55:11.658 - INFO - CDS - contig=contig_4, start=136919, stop=137722, strand=+, frame=2, truncated=no, start-type=ATG, RBS-motif=GGAG/GAGG
11:55:11.658 - INFO - CDS - contig=contig_4, start=137753, stop=138640, strand=-, frame=2, truncated=no, start-type=ATG, RBS-motif=AGGAG
11:55:11.658 - INFO - CDS - contig=contig_4, start=138801, stop=140021, strand=+, frame=3, truncated=no, start-type=ATG, RBS-motif=AGGAGG
11:55:11.658 - INFO - CDS - contig=contig_4, start=140076, stop=141452, strand=-, frame=1, truncated=no, start-type=ATG, RBS-motif=GGAG/GAGG
11:55:11.658 - INFO - CDS - contig=contig_4, start=141457, stop=142260, strand=-, frame=3, truncated=no, start-type=ATG, RBS-motif=GGAGG
11:55:11.658 - INFO - CDS - contig=contig_4, start=142401, stop=142664, strand=-, frame=1, truncated=no, start-type=ATG, RBS-motif=GGxGG
11:55:11.658 - INFO - CDS - contig=contig_4, start=142833, stop=145205, strand=-, frame=1, truncated=no, start-type=ATG, RBS-motif=GGAG/GAGG
11:55:11.658 - INFO - CDS - contig=contig_4, start=145231, stop=147288, strand=-, frame=3, truncated=no, start-type=ATG, RBS-motif=GGxGG
11:55:11.658 - INFO - CDS - contig=contig_4, start=147290, stop=147505, strand=-, frame=2, truncated=no, start-type=ATG, RBS-motif=AGGAGG
11:55:11.658 - INFO - CDS - contig=contig_4, start=147567, stop=148325, strand=-, frame=1, truncated=no, start-type=ATG, RBS-motif=None
11:55:11.658 - INFO - CDS - contig=contig_4, start=148340, stop=148447, strand=-, frame=2, truncated=no, start-type=ATG, RBS-motif=GGAGG
11:55:11.658 - INFO - CDS - contig=contig_4, start=148549, stop=149442, strand=-, frame=3, truncated=no, start-type=ATG, RBS-motif=GGAG/GAGG
11:55:11.658 - INFO - CDS - contig=contig_4, start=149452, stop=149994, strand=-, frame=3, truncated=no, start-type=ATG, RBS-motif=AGxAGG/AGGxGG
11:55:11.659 - INFO - CDS - contig=contig_4, start=149994, stop=150965, strand=-, frame=1, truncated=no, start-type=TTG, RBS-motif=AGGAG
11:55:11.659 - INFO - CDS - contig=contig_4, start=151004, stop=152203, strand=-, frame=2, truncated=no, start-type=GTG, RBS-motif=AGxAGG/AGGxGG
11:55:11.659 - INFO - CDS - contig=contig_4, start=152216, stop=152494, strand=-, frame=2, truncated=no, start-type=ATG, RBS-motif=AGGAGG
11:55:11.659 - INFO - CDS - contig=contig_4, start=152543, stop=153550, strand=-, frame=2, truncated=no, start-type=ATG, RBS-motif=AGGAG
11:55:11.659 - INFO - CDS - contig=contig_4, start=153670, stop=155046, strand=+, frame=1, truncated=no, start-type=ATG, RBS-motif=GGA/GAG/AGG
11:55:11.659 - INFO - CDS - contig=contig_4, start=155143, stop=155745, strand=-, frame=3, truncated=no, start-type=ATG, RBS-motif=GGAGG
11:55:11.659 - INFO - CDS - contig=contig_4, start=155838, stop=156863, strand=-, frame=1, truncated=no, start-type=ATG, RBS-motif=GGAG/GAGG
11:55:11.659 - INFO - CDS - contig=contig_4, start=156994, stop=157641, strand=-, frame=3, truncated=no, start-type=ATG, RBS-motif=GGxGG
11:55:11.659 - INFO - CDS - contig=contig_4, start=157628, stop=157822, strand=-, frame=2, truncated=no, start-type=ATG, RBS-motif=GGAGG
11:55:11.659 - INFO - CDS - contig=contig_4, start=158095, stop=160308, strand=-, frame=3, truncated=no, start-type=GTG, RBS-motif=GGAG/GAGG
11:55:11.659 - INFO - CDS - contig=contig_4, start=160379, stop=160726, strand=-, frame=2, truncated=no, start-type=ATG, RBS-motif=GGAG/GAGG
11:55:11.659 - INFO - CDS - contig=contig_4, start=160778, stop=161263, strand=-, frame=2, truncated=no, start-type=TTG, RBS-motif=AGGAGG
11:55:11.659 - INFO - CDS - contig=contig_4, start=161341, stop=164178, strand=-, frame=3, truncated=no, start-type=ATG, RBS-motif=AGGAG
11:55:11.659 - INFO - CDS - contig=contig_4, start=164221, stop=165003, strand=-, frame=3, truncated=no, start-type=ATG, RBS-motif=GGAG/GAGG
11:55:11.659 - INFO - CDS - contig=contig_4, start=165006, stop=166973, strand=-, frame=1, truncated=no, start-type=ATG, RBS-motif=GGAGG
11:55:11.659 - INFO - CDS - contig=contig_4, start=167048, stop=167725, strand=-, frame=2, truncated=no, start-type=ATG, RBS-motif=AGxAGG/AGGxGG
11:55:11.659 - INFO - CDS - contig=contig_4, start=167752, stop=168423, strand=-, frame=3, truncated=no, start-type=ATG, RBS-motif=AGGAGG
11:55:11.659 - INFO - CDS - contig=contig_4, start=168623, stop=169090, strand=-, frame=2, truncated=no, start-type=ATG, RBS-motif=AGGAG/GGAGG
11:55:11.659 - INFO - CDS - contig=contig_4, start=169110, stop=169562, strand=-, frame=1, truncated=no, start-type=ATG, RBS-motif=GGxGG
11:55:11.659 - INFO - CDS - contig=contig_4, start=170047, stop=170874, strand=-, frame=3, truncated=no, start-type=ATG, RBS-motif=GGAGG
11:55:11.659 - INFO - CDS - contig=contig_4, start=170973, stop=171329, strand=-, frame=1, truncated=no, start-type=ATG, RBS-motif=GGAG/GAGG
11:55:11.659 - INFO - CDS - contig=contig_4, start=171460, stop=171948, strand=+, frame=1, truncated=no, start-type=ATG, RBS-motif=AGGAGG
11:55:11.659 - INFO - CDS - contig=contig_4, start=171997, stop=172518, strand=-, frame=3, truncated=no, start-type=ATG, RBS-motif=AGGA
11:55:11.659 - INFO - CDS - contig=contig_4, start=172531, stop=174072, strand=-, frame=3, truncated=no, start-type=ATG, RBS-motif=AGGAGG
11:55:11.659 - INFO - CDS - contig=contig_4, start=174101, stop=177586, strand=-, frame=2, truncated=no, start-type=ATG, RBS-motif=AGGAGG
11:55:11.659 - INFO - CDS - contig=contig_4, start=177751, stop=178077, strand=-, frame=3, truncated=no, start-type=ATG, RBS-motif=GGAGG
11:55:11.659 - INFO - CDS - contig=contig_4, start=178093, stop=178989, strand=-, frame=3, truncated=no, start-type=ATG, RBS-motif=GGAGG
11:55:11.659 - INFO - CDS - contig=contig_4, start=179054, stop=180064, strand=-, frame=2, truncated=no, start-type=ATG, RBS-motif=GGAG/GAGG
11:55:11.660 - INFO - CDS - contig=contig_4, start=180064, stop=180927, strand=-, frame=3, truncated=no, start-type=ATG, RBS-motif=AGxAGG/AGGxGG
11:55:11.660 - INFO - CDS - contig=contig_4, start=180912, stop=181856, strand=-, frame=1, truncated=no, start-type=ATG, RBS-motif=AGGAGG
11:55:11.660 - INFO - CDS - contig=contig_4, start=181943, stop=183643, strand=-, frame=2, truncated=no, start-type=ATG, RBS-motif=GGAGG
11:55:11.660 - INFO - CDS - contig=contig_4, start=183705, stop=184157, strand=-, frame=1, truncated=no, start-type=ATG, RBS-motif=GGAGG
11:55:11.660 - INFO - CDS - contig=contig_4, start=184161, stop=185027, strand=-, frame=1, truncated=no, start-type=GTG, RBS-motif=AGGAGG
11:55:11.660 - INFO - CDS - contig=contig_4, start=185024, stop=185833, strand=-, frame=2, truncated=no, start-type=ATG, RBS-motif=GGAGG
11:55:11.660 - INFO - CDS - contig=contig_4, start=185799, stop=187670, strand=-, frame=1, truncated=no, start-type=TTG, RBS-motif=GGAG/GAGG
11:55:11.660 - INFO - CDS - contig=contig_4, start=187704, stop=188165, strand=-, frame=1, truncated=no, start-type=ATG, RBS-motif=AGGAGG
11:55:11.660 - INFO - CDS - contig=contig_4, start=188176, stop=189054, strand=-, frame=3, truncated=no, start-type=GTG, RBS-motif=GGAGG
11:55:11.660 - INFO - CDS - contig=contig_4, start=189051, stop=189287, strand=-, frame=1, truncated=no, start-type=ATG, RBS-motif=AGGAGG
11:55:11.660 - INFO - CDS - contig=contig_4, start=189336, stop=190523, strand=-, frame=1, truncated=no, start-type=ATG, RBS-motif=AGxAGG/AGGxGG
11:55:11.660 - INFO - CDS - contig=contig_4, start=190525, stop=191460, strand=-, frame=3, truncated=no, start-type=ATG, RBS-motif=GGAG/GAGG
11:55:11.660 - INFO - CDS - contig=contig_4, start=191463, stop=191957, strand=-, frame=1, truncated=no, start-type=ATG, RBS-motif=GGAGG
11:55:11.660 - INFO - CDS - contig=contig_4, start=192159, stop=192551, strand=-, frame=1, truncated=no, start-type=ATG, RBS-motif=AGGA/GGAG/GAGG
11:55:11.660 - INFO - CDS - contig=contig_4, start=192655, stop=193230, strand=-, frame=3, truncated=no, start-type=ATG, RBS-motif=GGAG/GAGG
11:55:11.660 - INFO - CDS - contig=contig_4, start=193241, stop=193753, strand=-, frame=2, truncated=no, start-type=ATG, RBS-motif=AGGAGG
11:55:11.660 - INFO - CDS - contig=contig_4, start=193750, stop=194229, strand=-, frame=3, truncated=no, start-type=ATG, RBS-motif=AGxAGG/AGGxGG
11:55:11.660 - INFO - CDS - contig=contig_4, start=194226, stop=195317, strand=-, frame=1, truncated=no, start-type=ATG, RBS-motif=GGA/GAG/AGG
11:55:11.660 - INFO - CDS - contig=contig_4, start=195371, stop=195754, strand=-, frame=2, truncated=no, start-type=ATG, RBS-motif=None
11:55:11.660 - INFO - CDS - contig=contig_4, start=195761, stop=195955, strand=-, frame=2, truncated=no, start-type=ATG, RBS-motif=GGxGG
11:55:11.660 - INFO - CDS - contig=contig_4, start=195969, stop=196481, strand=-, frame=1, truncated=no, start-type=ATG, RBS-motif=GGAGG
11:55:11.660 - INFO - CDS - contig=contig_4, start=196475, stop=197374, strand=-, frame=2, truncated=no, start-type=ATG, RBS-motif=AGGAGG
11:55:11.660 - INFO - CDS - contig=contig_4, start=197521, stop=198522, strand=-, frame=3, truncated=no, start-type=ATG, RBS-motif=GGAGG
11:55:11.660 - INFO - CDS - contig=contig_4, start=198604, stop=199311, strand=-, frame=3, truncated=no, start-type=ATG, RBS-motif=AGGAGG
11:55:11.660 - INFO - CDS - contig=contig_4, start=199316, stop=200644, strand=-, frame=2, truncated=no, start-type=ATG, RBS-motif=GGAGG
11:55:11.660 - INFO - CDS - contig=contig_4, start=200836, stop=201030, strand=-, frame=3, truncated=no, start-type=ATG, RBS-motif=AGGAGG
11:55:11.661 - INFO - CDS - contig=contig_4, start=201070, stop=201591, strand=-, frame=3, truncated=no, start-type=ATG, RBS-motif=AGGAG
11:55:11.661 - INFO - CDS - contig=contig_4, start=201760, stop=202734, strand=+, frame=1, truncated=no, start-type=ATG, RBS-motif=AGGAGG
11:55:11.661 - INFO - CDS - contig=contig_4, start=202865, stop=203989, strand=+, frame=2, truncated=no, start-type=ATG, RBS-motif=GGAGG
11:55:11.661 - INFO - CDS - contig=contig_4, start=203979, stop=204788, strand=+, frame=3, truncated=no, start-type=ATG, RBS-motif=GGAGG
11:55:11.661 - INFO - CDS - contig=contig_4, start=204785, stop=205639, strand=+, frame=2, truncated=no, start-type=GTG, RBS-motif=AGxAGG/AGGxGG
11:55:11.661 - INFO - CDS - contig=contig_4, start=205703, stop=206770, strand=+, frame=2, truncated=no, start-type=TTG, RBS-motif=AGGAG(G)/GGAGG
11:55:11.661 - INFO - CDS - contig=contig_4, start=207055, stop=210408, strand=+, frame=1, truncated=no, start-type=ATG, RBS-motif=GGAG/GAGG
11:55:11.661 - INFO - CDS - contig=contig_4, start=210527, stop=210922, strand=+, frame=2, truncated=no, start-type=ATG, RBS-motif=AGGAG
11:55:11.661 - INFO - CDS - contig=contig_4, start=210922, stop=211395, strand=+, frame=1, truncated=no, start-type=ATG, RBS-motif=GGAG/GAGG
11:55:11.661 - INFO - CDS - contig=contig_4, start=211409, stop=211951, strand=+, frame=2, truncated=no, start-type=ATG, RBS-motif=AGGAG
11:55:11.661 - INFO - CDS - contig=contig_4, start=211977, stop=212654, strand=+, frame=3, truncated=no, start-type=ATG, RBS-motif=GGAGG
11:55:11.661 - INFO - CDS - contig=contig_4, start=213027, stop=213326, strand=-, frame=1, truncated=no, start-type=ATG, RBS-motif=GGAG/GAGG
11:55:11.661 - INFO - CDS - contig=contig_4, start=213331, stop=213600, strand=-, frame=3, truncated=no, start-type=ATG, RBS-motif=GGA/GAG/AGG
11:55:11.661 - INFO - CDS - contig=contig_4, start=213617, stop=214978, strand=-, frame=2, truncated=no, start-type=ATG, RBS-motif=GGAGG
11:55:11.661 - INFO - CDS - contig=contig_4, start=214975, stop=215100, strand=-, frame=3, truncated=no, start-type=ATG, RBS-motif=GGAGG
11:55:11.661 - INFO - CDS - contig=contig_4, start=215093, stop=215458, strand=-, frame=2, truncated=no, start-type=ATG, RBS-motif=GGAGG
11:55:11.661 - INFO - CDS - contig=contig_4, start=215461, stop=216690, strand=-, frame=3, truncated=no, start-type=ATG, RBS-motif=GGAGG
11:55:11.661 - INFO - CDS - contig=contig_4, start=216693, stop=217082, strand=-, frame=1, truncated=no, start-type=ATG, RBS-motif=AGxAGG/AGGxGG
11:55:11.661 - INFO - CDS - contig=contig_4, start=217079, stop=218749, strand=-, frame=2, truncated=no, start-type=ATG, RBS-motif=GGAGG
11:55:11.661 - INFO - CDS - contig=contig_4, start=218746, stop=219123, strand=-, frame=3, truncated=no, start-type=ATG, RBS-motif=AGGAG
11:55:11.661 - INFO - CDS - contig=contig_4, start=219138, stop=222029, strand=-, frame=1, truncated=no, start-type=ATG, RBS-motif=AGxAGG/AGGxGG
11:55:11.661 - INFO - CDS - contig=contig_4, start=222216, stop=222830, strand=-, frame=1, truncated=no, start-type=GTG, RBS-motif=None
11:55:11.661 - INFO - CDS - contig=contig_4, start=222827, stop=223198, strand=-, frame=2, truncated=no, start-type=ATG, RBS-motif=AGGAGG
11:55:11.661 - INFO - CDS - contig=contig_4, start=223213, stop=223719, strand=-, frame=3, truncated=no, start-type=ATG, RBS-motif=AGGAG/GGAGG
11:55:11.661 - INFO - CDS - contig=contig_4, start=223723, stop=224148, strand=-, frame=3, truncated=no, start-type=ATG, RBS-motif=GGAGG
11:55:11.661 - INFO - CDS - contig=contig_4, start=224145, stop=224570, strand=-, frame=1, truncated=no, start-type=ATG, RBS-motif=GGxGG
11:55:11.661 - INFO - CDS - contig=contig_4, start=224567, stop=224908, strand=-, frame=2, truncated=no, start-type=ATG, RBS-motif=GGAG/GAGG
11:55:11.661 - INFO - CDS - contig=contig_4, start=224908, stop=225264, strand=-, frame=3, truncated=no, start-type=GTG, RBS-motif=AGGAGG
11:55:11.661 - INFO - CDS - contig=contig_4, start=225283, stop=225450, strand=-, frame=3, truncated=no, start-type=ATG, RBS-motif=AGGAGG
11:55:11.662 - INFO - CDS - contig=contig_4, start=225462, stop=226334, strand=-, frame=1, truncated=no, start-type=ATG, RBS-motif=AGGAG
11:55:11.662 - INFO - CDS - contig=contig_4, start=226341, stop=226931, strand=-, frame=1, truncated=no, start-type=ATG, RBS-motif=AGGA
11:55:11.662 - INFO - CDS - contig=contig_4, start=227097, stop=227300, strand=-, frame=1, truncated=no, start-type=ATG, RBS-motif=AGGAG/GGAGG
11:55:11.662 - INFO - CDS - contig=contig_4, start=227284, stop=228813, strand=-, frame=3, truncated=no, start-type=ATG, RBS-motif=GGAGG
11:55:11.662 - INFO - CDS - contig=contig_4, start=228817, stop=230229, strand=-, frame=3, truncated=no, start-type=ATG, RBS-motif=GGAGG
11:55:11.662 - INFO - CDS - contig=contig_4, start=230229, stop=231491, strand=-, frame=1, truncated=no, start-type=ATG, RBS-motif=GGxGG
11:55:11.662 - INFO - CDS - contig=contig_4, start=231466, stop=231960, strand=-, frame=3, truncated=no, start-type=ATG, RBS-motif=AGGAGG
11:55:11.662 - INFO - CDS - contig=contig_4, start=232088, stop=232525, strand=-, frame=2, truncated=no, start-type=ATG, RBS-motif=GGA/GAG/AGG
11:55:11.662 - INFO - CDS - contig=contig_4, start=232569, stop=232823, strand=-, frame=1, truncated=no, start-type=ATG, RBS-motif=AGGAGG
11:55:11.662 - INFO - CDS - contig=contig_4, start=233300, stop=234406, strand=-, frame=2, truncated=no, start-type=ATG, RBS-motif=GGAGG
11:55:11.662 - INFO - CDS - contig=contig_4, start=234403, stop=234972, strand=-, frame=3, truncated=no, start-type=ATG, RBS-motif=GGA/GAG/AGG
11:55:11.662 - INFO - CDS - contig=contig_4, start=234965, stop=235852, strand=-, frame=2, truncated=no, start-type=ATG, RBS-motif=GGAGG
11:55:11.662 - INFO - CDS - contig=contig_4, start=235871, stop=236593, strand=-, frame=2, truncated=no, start-type=ATG, RBS-motif=AGGAG
11:55:11.662 - INFO - CDS - contig=contig_4, start=236590, stop=237201, strand=-, frame=3, truncated=no, start-type=ATG, RBS-motif=GGAG/GAGG
11:55:11.662 - INFO - CDS - contig=contig_4, start=237191, stop=239128, strand=-, frame=2, truncated=no, start-type=ATG, RBS-motif=AGGAGG
11:55:11.662 - INFO - CDS - contig=contig_4, start=239153, stop=239632, strand=-, frame=2, truncated=no, start-type=GTG, RBS-motif=AGxAGG/AGGxGG
11:55:11.662 - INFO - CDS - contig=contig_4, start=239742, stop=240269, strand=-, frame=1, truncated=no, start-type=ATG, RBS-motif=AGGAGG
11:55:11.662 - INFO - CDS - contig=contig_4, start=240281, stop=240553, strand=-, frame=2, truncated=no, start-type=ATG, RBS-motif=AGGAG
11:55:11.662 - INFO - CDS - contig=contig_4, start=240569, stop=241351, strand=-, frame=2, truncated=no, start-type=GTG, RBS-motif=AGGA
11:55:11.662 - INFO - CDS - contig=contig_4, start=241348, stop=241665, strand=-, frame=3, truncated=no, start-type=ATG, RBS-motif=AGGAG
11:55:11.662 - INFO - CDS - contig=contig_4, start=241964, stop=242122, strand=-, frame=2, truncated=no, start-type=ATG, RBS-motif=AGGAGG
11:55:11.662 - INFO - CDS - contig=contig_4, start=242927, stop=243412, strand=+, frame=2, truncated=no, start-type=ATG, RBS-motif=AGGAGG
11:55:11.662 - INFO - CDS - contig=contig_4, start=243940, stop=244170, strand=-, frame=3, truncated=no, start-type=ATG, RBS-motif=GGAGG
11:55:11.662 - INFO - CDS - contig=contig_4, start=244339, stop=244770, strand=+, frame=1, truncated=no, start-type=ATG, RBS-motif=GGAGG
11:55:11.662 - INFO - CDS - contig=contig_4, start=244742, stop=245350, strand=-, frame=2, truncated=no, start-type=ATG, RBS-motif=GGAGG
11:55:11.662 - INFO - CDS - contig=contig_4, start=245502, stop=246356, strand=+, frame=3, truncated=no, start-type=ATG, RBS-motif=GGAGG
11:55:11.662 - INFO - CDS - contig=contig_4, start=246475, stop=247548, strand=+, frame=1, truncated=no, start-type=ATG, RBS-motif=AGxAGG/AGGxGG
11:55:11.662 - INFO - CDS - contig=contig_4, start=247822, stop=249585, strand=+, frame=1, truncated=no, start-type=TTG, RBS-motif=AGGAG
11:55:11.662 - INFO - CDS - contig=contig_4, start=249766, stop=250284, strand=-, frame=3, truncated=no, start-type=ATG, RBS-motif=AGGAGG
11:55:11.663 - INFO - CDS - contig=contig_4, start=250281, stop=250778, strand=-, frame=1, truncated=no, start-type=ATG, RBS-motif=AGGA
11:55:11.663 - INFO - CDS - contig=contig_4, start=250811, stop=251362, strand=-, frame=2, truncated=no, start-type=ATG, RBS-motif=GGAG/GAGG
11:55:11.663 - INFO - CDS - contig=contig_4, start=251359, stop=253215, strand=-, frame=3, truncated=no, start-type=ATG, RBS-motif=AGGAGG
11:55:11.663 - INFO - CDS - contig=contig_4, start=253263, stop=253832, strand=-, frame=1, truncated=no, start-type=ATG, RBS-motif=AGxAGG/AGGxGG
11:55:11.663 - INFO - CDS - contig=contig_4, start=253861, stop=254895, strand=-, frame=3, truncated=no, start-type=GTG, RBS-motif=AGGAGG
11:55:11.663 - INFO - CDS - contig=contig_4, start=255077, stop=255835, strand=-, frame=2, truncated=no, start-type=ATG, RBS-motif=GGAG/GAGG
11:55:11.663 - INFO - CDS - contig=contig_4, start=255847, stop=256653, strand=-, frame=3, truncated=no, start-type=ATG, RBS-motif=GGAGG
11:55:11.663 - INFO - CDS - contig=contig_4, start=256650, stop=257402, strand=-, frame=1, truncated=no, start-type=ATG, RBS-motif=GGA/GAG/AGG
11:55:11.663 - INFO - CDS - contig=contig_4, start=257841, stop=258986, strand=+, frame=3, truncated=no, start-type=ATG, RBS-motif=AGGAGG
11:55:11.663 - INFO - CDS - contig=contig_4, start=259088, stop=259300, strand=+, frame=2, truncated=no, start-type=ATG, RBS-motif=AGGAGG
11:55:11.663 - INFO - CDS - contig=contig_4, start=259343, stop=259819, strand=+, frame=2, truncated=no, start-type=TTG, RBS-motif=AGGAGG
11:55:11.663 - INFO - CDS - contig=contig_4, start=259816, stop=261621, strand=+, frame=1, truncated=no, start-type=ATG, RBS-motif=AGxAGG/AGGxGG
11:55:11.663 - INFO - CDS - contig=contig_4, start=261650, stop=261877, strand=+, frame=2, truncated=no, start-type=ATG, RBS-motif=AGGAG
11:55:11.663 - INFO - CDS - contig=contig_4, start=261974, stop=262189, strand=+, frame=2, truncated=no, start-type=ATG, RBS-motif=GGAGG
11:55:11.663 - INFO - CDS - contig=contig_4, start=262261, stop=263124, strand=+, frame=1, truncated=no, start-type=ATG, RBS-motif=AGGAGG
11:55:11.663 - INFO - CDS - contig=contig_4, start=263496, stop=265901, strand=+, frame=3, truncated=no, start-type=TTG, RBS-motif=AGGAGG
11:55:11.663 - INFO - CDS - contig=contig_4, start=265921, stop=267876, strand=+, frame=1, truncated=no, start-type=ATG, RBS-motif=AGGAGG
11:55:11.663 - INFO - CDS - contig=contig_4, start=267900, stop=268157, strand=+, frame=3, truncated=no, start-type=ATG, RBS-motif=AGGAG
11:55:11.663 - INFO - CDS - contig=contig_4, start=268144, stop=268905, strand=+, frame=1, truncated=no, start-type=ATG, RBS-motif=AGGAGG
11:55:11.663 - INFO - CDS - contig=contig_4, start=268902, stop=270992, strand=+, frame=3, truncated=no, start-type=ATG, RBS-motif=AGxAGG/AGGxGG
11:55:11.663 - INFO - CDS - contig=contig_4, start=271119, stop=275057, strand=+, frame=3, truncated=no, start-type=ATG, RBS-motif=AGGAG
11:55:11.663 - INFO - CDS - contig=contig_4, start=275061, stop=275261, strand=+, frame=3, truncated=no, start-type=ATG, RBS-motif=GGAGG
11:55:11.663 - INFO - CDS - contig=contig_4, start=275334, stop=276080, strand=-, frame=1, truncated=no, start-type=ATG, RBS-motif=AGGAG
11:55:11.663 - INFO - CDS - contig=contig_4, start=276103, stop=277026, strand=-, frame=3, truncated=no, start-type=ATG, RBS-motif=GGAG/GAGG
11:55:11.663 - INFO - CDS - contig=contig_4, start=277252, stop=277623, strand=-, frame=3, truncated=no, start-type=ATG, RBS-motif=AGGAG(G)/GGAGG
11:55:11.663 - INFO - CDS - contig=contig_4, start=277620, stop=278954, strand=-, frame=1, truncated=no, start-type=ATG, RBS-motif=4Base/6BMM
11:55:11.663 - INFO - CDS - contig=contig_4, start=278915, stop=279244, strand=-, frame=2, truncated=no, start-type=ATG, RBS-motif=GGAGG
11:55:11.664 - INFO - CDS - contig=contig_4, start=279622, stop=280458, strand=+, frame=1, truncated=no, start-type=ATG, RBS-motif=GGAG/GAGG
11:55:11.664 - INFO - CDS - contig=contig_4, start=281108, stop=282295, strand=+, frame=2, truncated=no, start-type=ATG, RBS-motif=AGxAGG/AGGxGG
11:55:11.664 - INFO - CDS - contig=contig_4, start=282317, stop=283609, strand=+, frame=2, truncated=no, start-type=ATG, RBS-motif=AGxAGG/AGGxGG
11:55:11.664 - INFO - CDS - contig=contig_4, start=283587, stop=284624, strand=+, frame=3, truncated=no, start-type=ATG, RBS-motif=GGAGG
11:55:11.664 - INFO - CDS - contig=contig_4, start=285212, stop=285655, strand=+, frame=2, truncated=no, start-type=ATG, RBS-motif=AGxAGG/AGGxGG
11:55:11.664 - INFO - CDS - contig=contig_4, start=285652, stop=285891, strand=+, frame=1, truncated=no, start-type=ATG, RBS-motif=GGAGG
11:55:11.664 - INFO - CDS - contig=contig_4, start=286321, stop=286524, strand=+, frame=1, truncated=no, start-type=ATG, RBS-motif=AGGAGG
11:55:11.664 - INFO - CDS - contig=contig_4, start=286604, stop=287881, strand=+, frame=2, truncated=no, start-type=ATG, RBS-motif=AGGAG
11:55:11.664 - INFO - CDS - contig=contig_4, start=288121, stop=288657, strand=-, frame=3, truncated=no, start-type=ATG, RBS-motif=AGGAG
11:55:11.664 - INFO - CDS - contig=contig_4, start=288772, stop=289614, strand=-, frame=3, truncated=no, start-type=ATG, RBS-motif=AGGAGG
11:55:11.664 - INFO - CDS - contig=contig_4, start=289813, stop=291144, strand=-, frame=3, truncated=no, start-type=ATG, RBS-motif=AGGAGG
11:55:11.664 - INFO - CDS - contig=contig_4, start=291171, stop=292619, strand=-, frame=1, truncated=no, start-type=GTG, RBS-motif=GGAG/GAGG
11:55:11.664 - INFO - CDS - contig=contig_4, start=292616, stop=293308, strand=-, frame=2, truncated=no, start-type=GTG, RBS-motif=AGxAGG/AGGxGG
11:55:11.664 - INFO - CDS - contig=contig_4, start=293392, stop=294561, strand=-, frame=3, truncated=no, start-type=TTG, RBS-motif=GGAGG
11:55:11.664 - INFO - CDS - contig=contig_4, start=294730, stop=295500, strand=-, frame=3, truncated=no, start-type=ATG, RBS-motif=GGAGG
11:55:11.664 - INFO - CDS - contig=contig_4, start=295754, stop=296767, strand=+, frame=2, truncated=no, start-type=ATG, RBS-motif=AGGAG
11:55:11.664 - INFO - CDS - contig=contig_4, start=296904, stop=298382, strand=-, frame=1, truncated=no, start-type=ATG, RBS-motif=AGxAGG/AGGxGG
11:55:11.664 - INFO - CDS - contig=contig_4, start=298591, stop=299718, strand=+, frame=1, truncated=no, start-type=ATG, RBS-motif=AGGAG
11:55:11.664 - INFO - CDS - contig=contig_4, start=299733, stop=301109, strand=+, frame=3, truncated=no, start-type=GTG, RBS-motif=GGAGG
11:55:11.664 - INFO - CDS - contig=contig_4, start=301331, stop=302377, strand=+, frame=2, truncated=no, start-type=TTG, RBS-motif=GGAG/GAGG
11:55:11.664 - INFO - CDS - contig=contig_4, start=302412, stop=302972, strand=+, frame=3, truncated=no, start-type=TTG, RBS-motif=AGGAGG
11:55:11.664 - INFO - CDS - contig=contig_4, start=303029, stop=304897, strand=+, frame=2, truncated=no, start-type=ATG, RBS-motif=GGAGG
11:55:11.664 - INFO - CDS - contig=contig_4, start=305175, stop=306326, strand=+, frame=3, truncated=no, start-type=ATG, RBS-motif=GGAG/GAGG
11:55:11.664 - INFO - CDS - contig=contig_4, start=306382, stop=308340, strand=+, frame=1, truncated=no, start-type=ATG, RBS-motif=GGAGG
11:55:11.664 - INFO - CDS - contig=contig_4, start=308353, stop=309156, strand=+, frame=1, truncated=no, start-type=ATG, RBS-motif=AGGAG
11:55:11.664 - INFO - CDS - contig=contig_4, start=309217, stop=309651, strand=+, frame=1, truncated=no, start-type=ATG, RBS-motif=AGGAGG
11:55:11.664 - INFO - CDS - contig=contig_4, start=309730, stop=310761, strand=-, frame=3, truncated=no, start-type=ATG, RBS-motif=GGAGG
11:55:11.665 - INFO - CDS - contig=contig_4, start=310887, stop=311624, strand=-, frame=1, truncated=no, start-type=TTG, RBS-motif=AGxAGG/AGGxGG
11:55:11.665 - INFO - CDS - contig=contig_4, start=311712, stop=312392, strand=-, frame=1, truncated=no, start-type=ATG, RBS-motif=AGGAG/GGAGG
11:55:11.665 - INFO - CDS - contig=contig_4, start=312414, stop=314246, strand=-, frame=1, truncated=no, start-type=ATG, RBS-motif=GGAG/GAGG
11:55:11.665 - INFO - CDS - contig=contig_4, start=314443, stop=315627, strand=+, frame=1, truncated=no, start-type=ATG, RBS-motif=GGAGG
11:55:11.665 - INFO - CDS - contig=contig_4, start=315681, stop=316292, strand=-, frame=1, truncated=no, start-type=ATG, RBS-motif=AGxAGG/AGGxGG
11:55:11.665 - INFO - CDS - contig=contig_4, start=316289, stop=317137, strand=-, frame=2, truncated=no, start-type=ATG, RBS-motif=GGAGG
11:55:11.665 - INFO - CDS - contig=contig_4, start=317141, stop=317515, strand=-, frame=2, truncated=no, start-type=ATG, RBS-motif=GGAGG
11:55:11.665 - INFO - CDS - contig=contig_4, start=317657, stop=318574, strand=+, frame=2, truncated=no, start-type=GTG, RBS-motif=GGAG/GAGG
11:55:11.665 - INFO - CDS - contig=contig_4, start=318781, stop=319947, strand=+, frame=1, truncated=no, start-type=ATG, RBS-motif=GGA/GAG/AGG
11:55:11.665 - INFO - CDS - contig=contig_4, start=319979, stop=321139, strand=+, frame=2, truncated=no, start-type=ATG, RBS-motif=AGGAGG
11:55:11.665 - INFO - CDS - contig=contig_4, start=321176, stop=321823, strand=+, frame=2, truncated=no, start-type=ATG, RBS-motif=AGGAGG
11:55:11.665 - INFO - CDS - contig=contig_4, start=321825, stop=322337, strand=+, frame=3, truncated=no, start-type=ATG, RBS-motif=AGGAGG
11:55:11.665 - INFO - CDS - contig=contig_4, start=322507, stop=322803, strand=+, frame=1, truncated=no, start-type=ATG, RBS-motif=AGGAG
11:55:11.665 - INFO - CDS - contig=contig_4, start=322934, stop=324103, strand=-, frame=2, truncated=no, start-type=ATG, RBS-motif=AGGAGG
11:55:11.665 - INFO - CDS - contig=contig_4, start=324186, stop=325271, strand=-, frame=1, truncated=no, start-type=ATG, RBS-motif=AGGAGG
11:55:11.665 - INFO - CDS - contig=contig_4, start=325496, stop=325840, strand=+, frame=2, truncated=no, start-type=ATG, RBS-motif=GGAGG
11:55:11.665 - INFO - CDS - contig=contig_4, start=325843, stop=326262, strand=+, frame=1, truncated=no, start-type=ATG, RBS-motif=AGGAG
11:55:11.665 - INFO - CDS - contig=contig_4, start=326349, stop=327680, strand=+, frame=3, truncated=no, start-type=TTG, RBS-motif=GGAGG
11:55:11.665 - INFO - CDS - contig=contig_4, start=327735, stop=327974, strand=-, frame=1, truncated=no, start-type=ATG, RBS-motif=AGGAGG
11:55:11.665 - INFO - CDS - contig=contig_4, start=328013, stop=328474, strand=-, frame=2, truncated=no, start-type=ATG, RBS-motif=AGGAGG
11:55:11.665 - INFO - CDS - contig=contig_4, start=328489, stop=328788, strand=-, frame=3, truncated=no, start-type=ATG, RBS-motif=AGGAGG
11:55:11.665 - INFO - CDS - contig=contig_4, start=329027, stop=329962, strand=-, frame=2, truncated=no, start-type=ATG, RBS-motif=AGGAG
11:55:11.665 - INFO - CDS - contig=contig_4, start=329973, stop=331229, strand=-, frame=1, truncated=no, start-type=TTG, RBS-motif=GGA/GAG/AGG
11:55:11.665 - INFO - CDS - contig=contig_4, start=331243, stop=332154, strand=-, frame=3, truncated=no, start-type=ATG, RBS-motif=AGGA
11:55:11.665 - INFO - CDS - contig=contig_4, start=332164, stop=333135, strand=-, frame=3, truncated=no, start-type=ATG, RBS-motif=AGGAG/GGAGG
11:55:11.665 - INFO - CDS - contig=contig_4, start=333138, stop=333902, strand=-, frame=1, truncated=no, start-type=ATG, RBS-motif=GGAGG
11:55:11.665 - INFO - CDS - contig=contig_4, start=333960, stop=334160, strand=-, frame=1, truncated=no, start-type=ATG, RBS-motif=AGGAGG
11:55:11.665 - INFO - CDS - contig=contig_4, start=334437, stop=334979, strand=-, frame=1, truncated=no, start-type=ATG, RBS-motif=AGGAGG
11:55:11.665 - INFO - CDS - contig=contig_4, start=335170, stop=337002, strand=-, frame=3, truncated=no, start-type=ATG, RBS-motif=AGGAGG
11:55:11.666 - INFO - CDS - contig=contig_4, start=337098, stop=337364, strand=-, frame=1, truncated=no, start-type=ATG, RBS-motif=AGGAGG
11:55:11.666 - INFO - CDS - contig=contig_4, start=337481, stop=338221, strand=+, frame=2, truncated=no, start-type=ATG, RBS-motif=AGGAGG
11:55:11.666 - INFO - CDS - contig=contig_4, start=338225, stop=339106, strand=+, frame=2, truncated=no, start-type=ATG, RBS-motif=None
11:55:11.666 - INFO - CDS - contig=contig_4, start=339154, stop=339612, strand=-, frame=3, truncated=no, start-type=ATG, RBS-motif=GGA/GAG/AGG
11:55:11.666 - INFO - CDS - contig=contig_4, start=339626, stop=340999, strand=-, frame=2, truncated=no, start-type=ATG, RBS-motif=GGxGG
11:55:11.666 - INFO - CDS - contig=contig_4, start=341129, stop=341455, strand=-, frame=2, truncated=no, start-type=ATG, RBS-motif=GGAGG
11:55:11.666 - INFO - CDS - contig=contig_4, start=341795, stop=342556, strand=-, frame=2, truncated=no, start-type=TTG, RBS-motif=AGGAGG
11:55:11.666 - INFO - CDS - contig=contig_4, start=342553, stop=343089, strand=-, frame=3, truncated=no, start-type=ATG, RBS-motif=GGxGG
11:55:11.666 - INFO - CDS - contig=contig_4, start=343086, stop=344132, strand=-, frame=1, truncated=no, start-type=ATG, RBS-motif=AGGAGG
11:55:11.666 - INFO - CDS - contig=contig_4, start=344125, stop=344559, strand=-, frame=3, truncated=no, start-type=ATG, RBS-motif=GGxGG
11:55:11.666 - INFO - CDS - contig=contig_4, start=344556, stop=344765, strand=-, frame=1, truncated=no, start-type=ATG, RBS-motif=GGA/GAG/AGG
11:55:11.666 - INFO - CDS - contig=contig_4, start=344762, stop=345754, strand=-, frame=2, truncated=no, start-type=TTG, RBS-motif=AGGAGG
11:55:11.666 - INFO - CDS - contig=contig_4, start=345751, stop=346518, strand=-, frame=3, truncated=no, start-type=GTG, RBS-motif=AGGAGG
11:55:11.666 - INFO - CDS - contig=contig_4, start=346531, stop=348549, strand=-, frame=3, truncated=no, start-type=ATG, RBS-motif=GGAG/GAGG
11:55:11.666 - INFO - CDS - contig=contig_4, start=348901, stop=349278, strand=-, frame=3, truncated=no, start-type=ATG, RBS-motif=AGGA
11:55:11.666 - INFO - CDS - contig=contig_4, start=349654, stop=350097, strand=-, frame=3, truncated=no, start-type=ATG, RBS-motif=AGGAGG
11:55:11.666 - INFO - CDS - contig=contig_4, start=350110, stop=351183, strand=-, frame=3, truncated=no, start-type=ATG, RBS-motif=AGGA
11:55:11.666 - INFO - CDS - contig=contig_4, start=351201, stop=351638, strand=-, frame=1, truncated=no, start-type=ATG, RBS-motif=AGGAG/GGAGG
11:55:11.666 - INFO - CDS - contig=contig_4, start=351635, stop=352123, strand=-, frame=2, truncated=no, start-type=ATG, RBS-motif=GGAG/GAGG
11:55:11.666 - INFO - CDS - contig=contig_4, start=352123, stop=352677, strand=-, frame=3, truncated=no, start-type=ATG, RBS-motif=AGGAG/GGAGG
11:55:11.666 - INFO - CDS - contig=contig_4, start=352715, stop=353050, strand=-, frame=2, truncated=no, start-type=ATG, RBS-motif=GGxGG
11:55:11.666 - INFO - CDS - contig=contig_4, start=353053, stop=354282, strand=-, frame=3, truncated=no, start-type=ATG, RBS-motif=AGGAG
11:55:11.666 - INFO - CDS - contig=contig_4, start=354297, stop=355100, strand=-, frame=1, truncated=no, start-type=ATG, RBS-motif=AGGAGG
11:55:11.666 - INFO - CDS - contig=contig_4, start=355097, stop=356380, strand=-, frame=2, truncated=no, start-type=GTG, RBS-motif=AGGAGG
11:55:11.666 - INFO - CDS - contig=contig_4, start=356377, stop=356553, strand=-, frame=3, truncated=no, start-type=ATG, RBS-motif=AGGA
11:55:11.666 - INFO - CDS - contig=contig_4, start=356588, stop=358435, strand=-, frame=2, truncated=no, start-type=ATG, RBS-motif=GGxGG
11:55:11.666 - INFO - CDS - contig=contig_4, start=358395, stop=358910, strand=-, frame=1, truncated=no, start-type=ATG, RBS-motif=AGGAG
11:55:11.666 - INFO - CDS - contig=contig_4, start=359904, stop=360674, strand=-, frame=1, truncated=no, start-type=ATG, RBS-motif=GGxGG
11:55:11.666 - INFO - CDS - contig=contig_4, start=360843, stop=361205, strand=-, frame=1, truncated=no, start-type=ATG, RBS-motif=AGGAGG
11:55:11.666 - INFO - CDS - contig=contig_4, start=361192, stop=361398, strand=-, frame=3, truncated=no, start-type=ATG, RBS-motif=AGxAGG/AGGxGG
11:55:11.667 - INFO - CDS - contig=contig_4, start=361355, stop=361756, strand=-, frame=2, truncated=no, start-type=ATG, RBS-motif=AGGAGG
11:55:11.667 - INFO - CDS - contig=contig_4, start=361753, stop=362064, strand=-, frame=3, truncated=no, start-type=ATG, RBS-motif=AGGAGG
11:55:11.667 - INFO - CDS - contig=contig_4, start=362061, stop=362423, strand=-, frame=1, truncated=no, start-type=ATG, RBS-motif=GGAGG
11:55:11.667 - INFO - CDS - contig=contig_4, start=362420, stop=362662, strand=-, frame=2, truncated=no, start-type=ATG, RBS-motif=AGGAGG
11:55:11.667 - INFO - CDS - contig=contig_4, start=363132, stop=363449, strand=-, frame=1, truncated=no, start-type=ATG, RBS-motif=GGAGG
11:55:11.667 - INFO - CDS - contig=contig_4, start=363446, stop=364375, strand=-, frame=2, truncated=no, start-type=GTG, RBS-motif=AGGA/GGAG/GAGG
11:55:11.667 - INFO - CDS - contig=contig_4, start=364372, stop=365751, strand=-, frame=3, truncated=no, start-type=ATG, RBS-motif=AGGAG
11:55:11.667 - INFO - CDS - contig=contig_4, start=365755, stop=366318, strand=-, frame=3, truncated=no, start-type=ATG, RBS-motif=None
11:55:11.667 - INFO - CDS - contig=contig_4, start=366311, stop=366514, strand=-, frame=2, truncated=no, start-type=ATG, RBS-motif=AGGAGG
11:55:11.667 - INFO - CDS - contig=contig_4, start=366504, stop=366683, strand=-, frame=1, truncated=no, start-type=ATG, RBS-motif=GGxGG
11:55:11.667 - INFO - CDS - contig=contig_4, start=366680, stop=368017, strand=-, frame=2, truncated=no, start-type=ATG, RBS-motif=AGxAGG/AGGxGG
11:55:11.667 - INFO - CDS - contig=contig_4, start=368011, stop=368793, strand=-, frame=3, truncated=no, start-type=ATG, RBS-motif=AGxAGG/AGGxGG
11:55:11.667 - INFO - CDS - contig=contig_4, start=368914, stop=369066, strand=-, frame=3, truncated=no, start-type=ATG, RBS-motif=GGAGG
11:55:11.667 - INFO - CDS - contig=contig_4, start=369063, stop=369248, strand=-, frame=1, truncated=no, start-type=GTG, RBS-motif=AGxAGG/AGGxGG
11:55:11.667 - INFO - CDS - contig=contig_4, start=369294, stop=369503, strand=-, frame=1, truncated=no, start-type=ATG, RBS-motif=GGAGG
11:55:11.667 - INFO - CDS - contig=contig_4, start=369546, stop=370004, strand=-, frame=1, truncated=no, start-type=ATG, RBS-motif=GGAGG
11:55:11.667 - INFO - CDS - contig=contig_4, start=369977, stop=370264, strand=-, frame=2, truncated=no, start-type=ATG, RBS-motif=AGGAGG
11:55:11.667 - INFO - CDS - contig=contig_4, start=370418, stop=370579, strand=-, frame=2, truncated=no, start-type=ATG, RBS-motif=AGGAGG
11:55:11.667 - INFO - CDS - contig=contig_4, start=370755, stop=371087, strand=+, frame=3, truncated=no, start-type=ATG, RBS-motif=GGAG/GAGG
11:55:11.667 - INFO - CDS - contig=contig_4, start=371556, stop=371768, strand=+, frame=3, truncated=no, start-type=ATG, RBS-motif=GGA/GAG/AGG
11:55:11.667 - INFO - CDS - contig=contig_4, start=371949, stop=372857, strand=+, frame=3, truncated=no, start-type=ATG, RBS-motif=GGA/GAG/AGG
11:55:11.667 - INFO - CDS - contig=contig_4, start=372873, stop=373415, strand=+, frame=3, truncated=no, start-type=GTG, RBS-motif=GGAGG
11:55:11.667 - INFO - CDS - contig=contig_4, start=373425, stop=375041, strand=+, frame=3, truncated=no, start-type=ATG, RBS-motif=GGAG/GAGG
11:55:11.667 - INFO - CDS - contig=contig_4, start=375073, stop=375492, strand=+, frame=1, truncated=no, start-type=ATG, RBS-motif=None
11:55:11.667 - INFO - CDS - contig=contig_4, start=375785, stop=375955, strand=-, frame=2, truncated=no, start-type=ATG, RBS-motif=GGAG/GAGG
11:55:11.667 - INFO - CDS - contig=contig_4, start=376135, stop=377418, strand=+, frame=1, truncated=no, start-type=GTG, RBS-motif=AGGAG
11:55:11.667 - INFO - CDS - contig=contig_4, start=377419, stop=378342, strand=+, frame=1, truncated=no, start-type=ATG, RBS-motif=AGGAGG
11:55:11.667 - INFO - CDS - contig=contig_4, start=378373, stop=378804, strand=+, frame=1, truncated=no, start-type=ATG, RBS-motif=GGxGG
11:55:11.667 - INFO - CDS - contig=contig_4, start=378801, stop=379613, strand=+, frame=3, truncated=no, start-type=GTG, RBS-motif=3Base/5BMM
11:55:11.667 - INFO - CDS - contig=contig_4, start=379606, stop=380517, strand=+, frame=1, truncated=no, start-type=ATG, RBS-motif=GGAGG
11:55:11.668 - INFO - CDS - contig=contig_4, start=380557, stop=381693, strand=+, frame=1, truncated=no, start-type=ATG, RBS-motif=AGGA
11:55:11.668 - INFO - CDS - contig=contig_4, start=381926, stop=383722, strand=+, frame=2, truncated=no, start-type=TTG, RBS-motif=GGAGG
11:55:11.668 - INFO - CDS - contig=contig_4, start=384035, stop=385312, strand=+, frame=2, truncated=no, start-type=ATG, RBS-motif=AGGAGG
11:55:11.668 - INFO - CDS - contig=contig_4, start=385278, stop=386153, strand=-, frame=1, truncated=no, start-type=ATG, RBS-motif=AGxAGG/AGGxGG
11:55:11.668 - INFO - CDS - contig=contig_4, start=386344, stop=386586, strand=-, frame=3, truncated=no, start-type=ATG, RBS-motif=GGAG/GAGG
11:55:11.668 - INFO - CDS - contig=contig_4, start=386770, stop=388056, strand=+, frame=1, truncated=no, start-type=ATG, RBS-motif=AGGAGG
11:55:11.668 - INFO - CDS - contig=contig_4, start=388073, stop=389203, strand=-, frame=2, truncated=no, start-type=ATG, RBS-motif=GGA/GAG/AGG
11:55:11.668 - INFO - CDS - contig=contig_4, start=389318, stop=390511, strand=-, frame=2, truncated=no, start-type=ATG, RBS-motif=AGxAGG/AGGxGG
11:55:11.668 - INFO - CDS - contig=contig_4, start=390554, stop=391144, strand=-, frame=2, truncated=no, start-type=ATG, RBS-motif=AGGAGG
11:55:11.668 - INFO - CDS - contig=contig_4, start=391253, stop=392131, strand=+, frame=2, truncated=no, start-type=ATG, RBS-motif=GGAGG
11:55:11.668 - INFO - CDS - contig=contig_4, start=392191, stop=394188, strand=-, frame=3, truncated=no, start-type=ATG, RBS-motif=AGxAGG/AGGxGG
11:55:11.668 - INFO - CDS - contig=contig_4, start=394188, stop=394889, strand=-, frame=1, truncated=no, start-type=ATG, RBS-motif=GGAG/GAGG
11:55:11.668 - INFO - CDS - contig=contig_4, start=395471, stop=395683, strand=-, frame=2, truncated=no, start-type=GTG, RBS-motif=AGGAGG
11:55:11.668 - INFO - CDS - contig=contig_4, start=395869, stop=396369, strand=+, frame=1, truncated=no, start-type=ATG, RBS-motif=GGAGG
11:55:11.668 - INFO - CDS - contig=contig_4, start=396366, stop=397430, strand=+, frame=3, truncated=no, start-type=ATG, RBS-motif=None
11:55:11.668 - INFO - CDS - contig=contig_4, start=397437, stop=397703, strand=-, frame=1, truncated=no, start-type=TTG, RBS-motif=GGAGG
11:55:11.668 - INFO - CDS - contig=contig_4, start=397852, stop=398568, strand=+, frame=1, truncated=no, start-type=ATG, RBS-motif=GGAG/GAGG
11:55:11.668 - INFO - CDS - contig=contig_4, start=398641, stop=400011, strand=-, frame=3, truncated=no, start-type=TTG, RBS-motif=AGxAGG/AGGxGG
11:55:11.668 - INFO - CDS - contig=contig_4, start=400335, stop=401681, strand=+, frame=3, truncated=no, start-type=ATG, RBS-motif=AGxAGG/AGGxGG
11:55:11.668 - INFO - CDS - contig=contig_4, start=401776, stop=402516, strand=-, frame=3, truncated=no, start-type=GTG, RBS-motif=AGGAGG
11:55:11.668 - INFO - CDS - contig=contig_4, start=402648, stop=403289, strand=-, frame=1, truncated=no, start-type=ATG, RBS-motif=GGA/GAG/AGG
11:55:11.668 - INFO - CDS - contig=contig_4, start=403629, stop=405008, strand=+, frame=3, truncated=no, start-type=ATG, RBS-motif=GGAGG
11:55:11.668 - INFO - CDS - contig=contig_4, start=405061, stop=405831, strand=-, frame=3, truncated=no, start-type=ATG, RBS-motif=AGGAGG
11:55:11.668 - INFO - CDS - contig=contig_4, start=405853, stop=406281, strand=-, frame=3, truncated=no, start-type=ATG, RBS-motif=GGAG/GAGG
11:55:11.668 - INFO - CDS - contig=contig_4, start=407764, stop=408192, strand=+, frame=1, truncated=no, start-type=ATG, RBS-motif=AGGAG
11:55:11.668 - INFO - CDS - contig=contig_4, start=408205, stop=408807, strand=+, frame=1, truncated=no, start-type=ATG, RBS-motif=AGGAGG
11:55:11.668 - INFO - CDS - contig=contig_4, start=409005, stop=409244, strand=+, frame=3, truncated=no, start-type=TTG, RBS-motif=GGAG/GAGG
11:55:11.668 - INFO - CDS - contig=contig_4, start=409256, stop=409384, strand=+, frame=2, truncated=no, start-type=ATG, RBS-motif=AGGAGG
11:55:11.668 - INFO - CDS - contig=contig_4, start=409397, stop=409531, strand=+, frame=2, truncated=no, start-type=ATG, RBS-motif=AGGAGG
11:55:11.668 - INFO - CDS - contig=contig_4, start=409566, stop=410051, strand=-, frame=1, truncated=no, start-type=ATG, RBS-motif=AGGAG
11:55:11.669 - INFO - CDS - contig=contig_4, start=410156, stop=410698, strand=+, frame=2, truncated=no, start-type=ATG, RBS-motif=AGxAGG/AGGxGG
11:55:11.669 - INFO - CDS - contig=contig_4, start=410691, stop=412187, strand=+, frame=3, truncated=no, start-type=ATG, RBS-motif=GGAGG
11:55:11.669 - INFO - CDS - contig=contig_4, start=412309, stop=413907, strand=-, frame=3, truncated=no, start-type=ATG, RBS-motif=GGA/GAG/AGG
11:55:11.669 - INFO - CDS - contig=contig_4, start=413938, stop=414372, strand=-, frame=3, truncated=no, start-type=ATG, RBS-motif=GGA/GAG/AGG
11:55:11.669 - INFO - CDS - contig=contig_4, start=414426, stop=415118, strand=+, frame=3, truncated=no, start-type=ATG, RBS-motif=GGAG/GAGG
11:55:11.669 - INFO - CDS - contig=contig_4, start=415217, stop=415681, strand=+, frame=2, truncated=no, start-type=ATG, RBS-motif=GGAG/GAGG
11:55:11.669 - INFO - CDS - contig=contig_4, start=415681, stop=416130, strand=+, frame=1, truncated=no, start-type=ATG, RBS-motif=GGAGG
11:55:11.669 - INFO - CDS - contig=contig_4, start=416592, stop=417350, strand=-, frame=1, truncated=no, start-type=ATG, RBS-motif=GGAG/GAGG
11:55:11.669 - INFO - CDS - contig=contig_4, start=417496, stop=418566, strand=-, frame=3, truncated=no, start-type=TTG, RBS-motif=GGxGG
11:55:11.669 - INFO - CDS - contig=contig_4, start=418856, stop=419368, strand=+, frame=2, truncated=no, start-type=ATG, RBS-motif=AGGAG
11:55:11.669 - INFO - CDS - contig=contig_4, start=419429, stop=420361, strand=+, frame=2, truncated=no, start-type=ATG, RBS-motif=GGAGG
11:55:11.669 - INFO - CDS - contig=contig_4, start=420640, stop=421455, strand=-, frame=3, truncated=no, start-type=TTG, RBS-motif=AGGAG
11:55:11.669 - INFO - CDS - contig=contig_4, start=421632, stop=423194, strand=-, frame=1, truncated=no, start-type=GTG, RBS-motif=AGxAGG/AGGxGG
11:55:11.669 - INFO - CDS - contig=contig_4, start=423233, stop=423355, strand=-, frame=2, truncated=no, start-type=ATG, RBS-motif=AGxAGG/AGGxGG
11:55:11.669 - INFO - CDS - contig=contig_4, start=423598, stop=430929, strand=+, frame=1, truncated=no, start-type=ATG, RBS-motif=GGxGG
11:55:11.669 - INFO - CDS - contig=contig_4, start=430957, stop=432846, strand=+, frame=1, truncated=no, start-type=GTG, RBS-motif=AGxAGG/AGGxGG
11:55:11.669 - INFO - CDS - contig=contig_4, start=432843, stop=434303, strand=+, frame=3, truncated=no, start-type=ATG, RBS-motif=AGGAGG
11:55:11.669 - INFO - CDS - contig=contig_4, start=434305, stop=435981, strand=+, frame=1, truncated=no, start-type=ATG, RBS-motif=AGGAGG
11:55:11.669 - INFO - CDS - contig=contig_4, start=435995, stop=436225, strand=+, frame=2, truncated=no, start-type=GTG, RBS-motif=AGGAGG
11:55:11.669 - INFO - CDS - contig=contig_4, start=436222, stop=436755, strand=+, frame=1, truncated=no, start-type=TTG, RBS-motif=3Base/5BMM
11:55:11.669 - INFO - CDS - contig=contig_4, start=436637, stop=437098, strand=-, frame=2, truncated=no, start-type=ATG, RBS-motif=GGAGG
11:55:11.669 - INFO - CDS - contig=contig_4, start=437317, stop=438276, strand=+, frame=1, truncated=no, start-type=TTG, RBS-motif=GGA/GAG/AGG
11:55:11.669 - INFO - CDS - contig=contig_4, start=438331, stop=439401, strand=-, frame=3, truncated=no, start-type=ATG, RBS-motif=AGGAG
11:55:11.669 - INFO - CDS - contig=contig_4, start=439787, stop=441646, strand=-, frame=2, truncated=no, start-type=GTG, RBS-motif=GGAGG
11:55:11.669 - INFO - CDS - contig=contig_4, start=441643, stop=443013, strand=-, frame=3, truncated=no, start-type=ATG, RBS-motif=AGGAGG
11:55:11.669 - INFO - CDS - contig=contig_4, start=443231, stop=444679, strand=+, frame=2, truncated=no, start-type=ATG, RBS-motif=AGGAG
11:55:11.670 - INFO - CDS - contig=contig_4, start=444793, stop=445242, strand=+, frame=1, truncated=no, start-type=ATG, RBS-motif=GGA/GAG/AGG
11:55:11.670 - INFO - CDS - contig=contig_4, start=445293, stop=445505, strand=-, frame=1, truncated=no, start-type=ATG, RBS-motif=GGAGG
11:55:11.670 - INFO - CDS - contig=contig_4, start=445565, stop=446092, strand=-, frame=2, truncated=no, start-type=GTG, RBS-motif=AGxAGG/AGGxGG
11:55:11.670 - INFO - CDS - contig=contig_4, start=446105, stop=447511, strand=-, frame=2, truncated=no, start-type=ATG, RBS-motif=AGGAG/GGAGG
11:55:11.670 - INFO - CDS - contig=contig_4, start=447486, stop=448130, strand=-, frame=1, truncated=no, start-type=ATG, RBS-motif=GGAG/GAGG
11:55:11.670 - INFO - CDS - contig=contig_4, start=448117, stop=449271, strand=-, frame=3, truncated=no, start-type=ATG, RBS-motif=AGGAG
11:55:11.670 - INFO - CDS - contig=contig_4, start=449325, stop=450188, strand=-, frame=1, truncated=no, start-type=GTG, RBS-motif=None
11:55:11.670 - INFO - CDS - contig=contig_4, start=450223, stop=451206, strand=-, frame=3, truncated=no, start-type=ATG, RBS-motif=AGGAG
11:55:11.670 - INFO - CDS - contig=contig_4, start=451323, stop=452753, strand=-, frame=1, truncated=no, start-type=ATG, RBS-motif=AGGAGG
11:55:11.670 - INFO - CDS - contig=contig_4, start=453023, stop=453712, strand=-, frame=2, truncated=no, start-type=GTG, RBS-motif=AGGAG
11:55:11.670 - INFO - CDS - contig=contig_4, start=453758, stop=455116, strand=-, frame=2, truncated=no, start-type=ATG, RBS-motif=AGGAGG
11:55:11.670 - INFO - CDS - contig=contig_4, start=455255, stop=455704, strand=-, frame=2, truncated=no, start-type=ATG, RBS-motif=AGGAG
11:55:11.670 - INFO - CDS - contig=contig_4, start=455972, stop=456742, strand=+, frame=2, truncated=no, start-type=ATG, RBS-motif=AGxAGG/AGGxGG
11:55:11.670 - INFO - CDS - contig=contig_4, start=456820, stop=457890, strand=+, frame=1, truncated=no, start-type=ATG, RBS-motif=AGGAGG
11:55:11.670 - INFO - CDS - contig=contig_4, start=457967, stop=458590, strand=+, frame=2, truncated=no, start-type=TTG, RBS-motif=AGGAG
11:55:11.670 - INFO - CDS - contig=contig_4, start=458592, stop=459932, strand=+, frame=3, truncated=no, start-type=ATG, RBS-motif=AGGAGG
11:55:11.670 - INFO - CDS - contig=contig_4, start=459991, stop=460920, strand=+, frame=1, truncated=no, start-type=ATG, RBS-motif=AGGAG
11:55:11.670 - INFO - CDS - contig=contig_4, start=460914, stop=461909, strand=+, frame=3, truncated=no, start-type=GTG, RBS-motif=AGGAG/GGAGG
11:55:11.670 - INFO - CDS - contig=contig_4, start=461943, stop=462575, strand=+, frame=3, truncated=no, start-type=ATG, RBS-motif=AGGAG
11:55:11.670 - INFO - CDS - contig=contig_4, start=462557, stop=462964, strand=+, frame=2, truncated=no, start-type=ATG, RBS-motif=AGGAG
11:55:11.670 - INFO - CDS - contig=contig_4, start=463022, stop=463570, strand=-, frame=2, truncated=no, start-type=ATG, RBS-motif=GGAGG
11:55:11.670 - INFO - CDS - contig=contig_4, start=463770, stop=464858, strand=-, frame=1, truncated=no, start-type=ATG, RBS-motif=GGAG/GAGG
11:55:11.670 - INFO - CDS - contig=contig_4, start=464993, stop=465607, strand=-, frame=2, truncated=no, start-type=GTG, RBS-motif=AGGA/GGAG/GAGG
11:55:11.670 - INFO - CDS - contig=contig_4, start=465822, stop=466238, strand=+, frame=3, truncated=no, start-type=ATG, RBS-motif=AGGAG
11:55:11.670 - INFO - CDS - contig=contig_4, start=466235, stop=467329, strand=+, frame=2, truncated=no, start-type=ATG, RBS-motif=GGAGG
11:55:11.670 - INFO - CDS - contig=contig_4, start=467326, stop=467931, strand=+, frame=1, truncated=no, start-type=ATG, RBS-motif=GGAGG
11:55:11.670 - INFO - CDS - contig=contig_4, start=468127, stop=468672, strand=+, frame=1, truncated=no, start-type=ATG, RBS-motif=AGGAG
11:55:11.670 - INFO - CDS - contig=contig_4, start=468736, stop=470595, strand=-, frame=3, truncated=no, start-type=ATG, RBS-motif=AGGAGG
11:55:11.671 - INFO - CDS - contig=contig_4, start=470667, stop=470885, strand=-, frame=1, truncated=no, start-type=ATG, RBS-motif=GGAGG
11:55:11.671 - INFO - CDS - contig=contig_4, start=470900, stop=471268, strand=-, frame=2, truncated=no, start-type=ATG, RBS-motif=GGAGG
11:55:11.671 - INFO - CDS - contig=contig_4, start=471480, stop=472424, strand=+, frame=3, truncated=no, start-type=ATG, RBS-motif=AGGAG
11:55:11.671 - INFO - CDS - contig=contig_4, start=472485, stop=473255, strand=-, frame=1, truncated=no, start-type=ATG, RBS-motif=GGAG/GAGG
11:55:11.671 - INFO - CDS - contig=contig_4, start=473428, stop=474096, strand=+, frame=1, truncated=no, start-type=ATG, RBS-motif=AGGA
11:55:11.671 - INFO - CDS - contig=contig_4, start=474372, stop=476510, strand=+, frame=3, truncated=no, start-type=TTG, RBS-motif=AGGAG/GGAGG
11:55:11.671 - INFO - CDS - contig=contig_4, start=476670, stop=477818, strand=-, frame=1, truncated=no, start-type=GTG, RBS-motif=GGA/GAG/AGG
11:55:11.671 - INFO - CDS - contig=contig_4, start=478101, stop=479081, strand=+, frame=3, truncated=no, start-type=ATG, RBS-motif=GGAG/GAGG
11:55:11.671 - INFO - CDS - contig=contig_4, start=479078, stop=479845, strand=+, frame=2, truncated=no, start-type=GTG, RBS-motif=GGAG/GAGG
11:55:11.671 - INFO - CDS - contig=contig_4, start=479845, stop=480693, strand=+, frame=1, truncated=no, start-type=ATG, RBS-motif=AGxAGG/AGGxGG
11:55:11.671 - INFO - CDS - contig=contig_4, start=480765, stop=482324, strand=-, frame=1, truncated=no, start-type=ATG, RBS-motif=AGGAG
11:55:11.671 - INFO - CDS - contig=contig_4, start=482547, stop=484778, strand=+, frame=3, truncated=no, start-type=ATG, RBS-motif=AGGAG
11:55:11.671 - INFO - CDS - contig=contig_4, start=484858, stop=485475, strand=+, frame=1, truncated=no, start-type=ATG, RBS-motif=AGGAG
11:55:11.671 - INFO - CDS - contig=contig_4, start=486001, stop=487347, strand=-, frame=3, truncated=no, start-type=ATG, RBS-motif=AGGAGG
11:55:11.671 - INFO - CDS - contig=contig_4, start=487331, stop=488050, strand=-, frame=2, truncated=no, start-type=ATG, RBS-motif=GGAGG
11:55:11.671 - INFO - CDS - contig=contig_4, start=488248, stop=490461, strand=+, frame=1, truncated=no, start-type=TTG, RBS-motif=GGA/GAG/AGG
11:55:11.671 - INFO - CDS - contig=contig_4, start=490477, stop=492924, strand=+, frame=1, truncated=no, start-type=ATG, RBS-motif=AGGAG
11:55:11.671 - INFO - CDS - contig=contig_4, start=492990, stop=494870, strand=-, frame=1, truncated=no, start-type=ATG, RBS-motif=AGGAG/GGAGG
11:55:11.671 - INFO - CDS - contig=contig_4, start=494860, stop=495627, strand=-, frame=3, truncated=no, start-type=ATG, RBS-motif=AGxAGG/AGGxGG
11:55:11.671 - INFO - CDS - contig=contig_4, start=495843, stop=497687, strand=-, frame=1, truncated=no, start-type=ATG, RBS-motif=GGA/GAG/AGG
11:55:11.671 - INFO - CDS - contig=contig_4, start=497760, stop=498386, strand=-, frame=1, truncated=no, start-type=TTG, RBS-motif=GGAGG
11:55:11.671 - INFO - CDS - contig=contig_4, start=498701, stop=499708, strand=-, frame=2, truncated=no, start-type=ATG, RBS-motif=AGGAG
11:55:11.671 - INFO - CDS - contig=contig_4, start=499953, stop=500822, strand=+, frame=3, truncated=no, start-type=ATG, RBS-motif=4Base/6BMM
11:55:11.671 - INFO - CDS - contig=contig_4, start=500873, stop=503032, strand=+, frame=2, truncated=no, start-type=ATG, RBS-motif=AGGAG
11:55:11.671 - INFO - CDS - contig=contig_4, start=503112, stop=504560, strand=+, frame=3, truncated=no, start-type=ATG, RBS-motif=AGGAGG
11:55:11.671 - INFO - CDS - contig=contig_4, start=504664, stop=506073, strand=-, frame=3, truncated=no, start-type=ATG, RBS-motif=AGGAG
11:55:11.672 - INFO - CDS - contig=contig_4, start=506094, stop=506216, strand=-, frame=1, truncated=no, start-type=ATG, RBS-motif=AGGAGG
11:55:11.672 - INFO - CDS - contig=contig_4, start=506322, stop=506702, strand=+, frame=3, truncated=no, start-type=ATG, RBS-motif=GGAGG
11:55:11.672 - INFO - CDS - contig=contig_4, start=506724, stop=508457, strand=-, frame=1, truncated=no, start-type=TTG, RBS-motif=GGAGG
11:55:11.672 - INFO - CDS - contig=contig_4, start=508573, stop=509241, strand=-, frame=3, truncated=no, start-type=ATG, RBS-motif=AGxAGG/AGGxGG
11:55:11.672 - INFO - CDS - contig=contig_4, start=509264, stop=509911, strand=-, frame=2, truncated=no, start-type=ATG, RBS-motif=AGGAGG
11:55:11.672 - INFO - CDS - contig=contig_4, start=509924, stop=510688, strand=-, frame=2, truncated=no, start-type=ATG, RBS-motif=AGGAGG
11:55:11.672 - INFO - CDS - contig=contig_4, start=510703, stop=511560, strand=-, frame=3, truncated=no, start-type=ATG, RBS-motif=GGA/GAG/AGG
11:55:11.672 - INFO - CDS - contig=contig_4, start=511588, stop=512511, strand=-, frame=3, truncated=no, start-type=ATG, RBS-motif=AGxAGG/AGGxGG
11:55:11.672 - INFO - CDS - contig=contig_4, start=512619, stop=513491, strand=-, frame=1, truncated=no, start-type=ATG, RBS-motif=GGAG/GAGG
11:55:11.672 - INFO - CDS - contig=contig_4, start=513693, stop=514343, strand=-, frame=1, truncated=no, start-type=ATG, RBS-motif=AGxAGG/AGGxGG
11:55:11.672 - INFO - CDS - contig=contig_4, start=514362, stop=515708, strand=-, frame=1, truncated=no, start-type=ATG, RBS-motif=GGAGG
11:55:11.672 - INFO - CDS - contig=contig_4, start=515866, stop=516345, strand=-, frame=3, truncated=no, start-type=ATG, RBS-motif=AGGAG
11:55:11.672 - INFO - CDS - contig=contig_4, start=516375, stop=518048, strand=-, frame=1, truncated=no, start-type=ATG, RBS-motif=GGxGG
11:55:11.672 - INFO - CDS - contig=contig_4, start=518064, stop=518714, strand=-, frame=1, truncated=no, start-type=ATG, RBS-motif=AGGAGG
11:55:11.672 - INFO - CDS - contig=contig_4, start=518728, stop=519717, strand=-, frame=3, truncated=no, start-type=ATG, RBS-motif=AGGAGG
11:55:11.672 - INFO - CDS - contig=contig_4, start=519738, stop=520442, strand=-, frame=1, truncated=no, start-type=ATG, RBS-motif=AGGAG/GGAGG
11:55:11.672 - INFO - CDS - contig=contig_4, start=520435, stop=521205, strand=-, frame=3, truncated=no, start-type=ATG, RBS-motif=AGGAGG
11:55:11.672 - INFO - CDS - contig=contig_4, start=521221, stop=522279, strand=-, frame=3, truncated=no, start-type=ATG, RBS-motif=GGA/GAG/AGG
11:55:11.672 - INFO - CDS - contig=contig_4, start=522283, stop=523170, strand=-, frame=3, truncated=no, start-type=GTG, RBS-motif=3Base/5BMM
11:55:11.672 - INFO - CDS - contig=contig_4, start=523363, stop=524604, strand=-, frame=3, truncated=no, start-type=ATG, RBS-motif=GGA/GAG/AGG
11:55:11.672 - INFO - CDS - contig=contig_4, start=524707, stop=525978, strand=-, frame=3, truncated=no, start-type=ATG, RBS-motif=GGA/GAG/AGG
11:55:11.672 - INFO - CDS - contig=contig_4, start=526458, stop=526787, strand=-, frame=1, truncated=no, start-type=ATG, RBS-motif=AGxAGG/AGGxGG
11:55:11.672 - INFO - CDS - contig=contig_4, start=526768, stop=527046, strand=-, frame=3, truncated=no, start-type=GTG, RBS-motif=GGAGG
11:55:11.672 - INFO - CDS - contig=contig_4, start=527725, stop=528003, strand=+, frame=1, truncated=no, start-type=ATG, RBS-motif=GGAG/GAGG
11:55:11.672 - INFO - CDS - contig=contig_4, start=527993, stop=528643, strand=+, frame=2, truncated=no, start-type=ATG, RBS-motif=AGGAG
11:55:11.672 - INFO - CDS - contig=contig_4, start=528732, stop=529217, strand=-, frame=1, truncated=no, start-type=ATG, RBS-motif=GGAG/GAGG
11:55:11.672 - INFO - CDS - contig=contig_4, start=529367, stop=529891, strand=-, frame=2, truncated=no, start-type=ATG, RBS-motif=AGGAG(G)/GGAGG
11:55:11.673 - INFO - CDS - contig=contig_4, start=529888, stop=532050, strand=-, frame=3, truncated=no, start-type=ATG, RBS-motif=AGGAG
11:55:11.673 - INFO - CDS - contig=contig_4, start=532227, stop=533342, strand=-, frame=1, truncated=no, start-type=ATG, RBS-motif=GGA/GAG/AGG
11:55:11.673 - INFO - CDS - contig=contig_4, start=533447, stop=534337, strand=+, frame=2, truncated=no, start-type=ATG, RBS-motif=GGAG/GAGG
11:55:11.673 - INFO - CDS - contig=contig_4, start=534502, stop=535422, strand=-, frame=3, truncated=no, start-type=ATG, RBS-motif=AGGAGG
11:55:11.673 - INFO - CDS - contig=contig_4, start=535466, stop=536545, strand=-, frame=2, truncated=no, start-type=ATG, RBS-motif=AGxAGG/AGGxGG
11:55:11.673 - INFO - CDS - contig=contig_4, start=536688, stop=537449, strand=+, frame=3, truncated=no, start-type=GTG, RBS-motif=AGGAGG
11:55:11.673 - INFO - CDS - contig=contig_4, start=537982, stop=539376, strand=+, frame=1, truncated=no, start-type=ATG, RBS-motif=GGAG/GAGG
11:55:11.673 - INFO - CDS - contig=contig_4, start=539528, stop=540322, strand=+, frame=2, truncated=no, start-type=ATG, RBS-motif=AGGAG
11:55:11.673 - INFO - CDS - contig=contig_4, start=540546, stop=541988, strand=+, frame=3, truncated=no, start-type=ATG, RBS-motif=GGAG/GAGG
11:55:11.673 - INFO - CDS - contig=contig_4, start=542045, stop=542839, strand=-, frame=2, truncated=no, start-type=ATG, RBS-motif=GGAGG
11:55:11.673 - INFO - CDS - contig=contig_4, start=543066, stop=543497, strand=+, frame=3, truncated=no, start-type=ATG, RBS-motif=GGAGG
11:55:11.673 - INFO - CDS - contig=contig_4, start=543517, stop=543921, strand=+, frame=1, truncated=no, start-type=ATG, RBS-motif=AGGAGG
11:55:11.673 - INFO - CDS - contig=contig_4, start=544451, stop=545557, strand=+, frame=2, truncated=no, start-type=ATG, RBS-motif=GGAGG
11:55:11.673 - INFO - CDS - contig=contig_4, start=545538, stop=546188, strand=+, frame=3, truncated=no, start-type=GTG, RBS-motif=AGxAGG/AGGxGG
11:55:11.673 - INFO - CDS - contig=contig_4, start=546199, stop=547398, strand=+, frame=1, truncated=no, start-type=ATG, RBS-motif=AGGAGG
11:55:11.673 - INFO - CDS - contig=contig_4, start=547423, stop=547890, strand=+, frame=1, truncated=no, start-type=ATG, RBS-motif=GGAGG
11:55:11.673 - INFO - CDS - contig=contig_4, start=547890, stop=548540, strand=+, frame=3, truncated=no, start-type=ATG, RBS-motif=GGA/GAG/AGG
11:55:11.673 - INFO - CDS - contig=contig_4, start=548746, stop=550191, strand=+, frame=1, truncated=no, start-type=ATG, RBS-motif=AGGAG
11:55:11.673 - INFO - CDS - contig=contig_4, start=550286, stop=551857, strand=-, frame=2, truncated=no, start-type=ATG, RBS-motif=GGAG/GAGG
11:55:11.673 - INFO - CDS - contig=contig_4, start=551869, stop=553137, strand=-, frame=3, truncated=no, start-type=ATG, RBS-motif=GGA/GAG/AGG
11:55:11.673 - INFO - CDS - contig=contig_4, start=553390, stop=554679, strand=+, frame=1, truncated=no, start-type=GTG, RBS-motif=AGGAGG
11:55:11.673 - INFO - CDS - contig=contig_4, start=554744, stop=556342, strand=+, frame=2, truncated=no, start-type=ATG, RBS-motif=GGAGG
11:55:11.673 - INFO - CDS - contig=contig_4, start=556419, stop=556700, strand=-, frame=1, truncated=no, start-type=ATG, RBS-motif=AGGAG
11:55:11.673 - INFO - CDS - contig=contig_4, start=556648, stop=557277, strand=-, frame=3, truncated=no, start-type=ATG, RBS-motif=AGxAGG/AGGxGG
11:55:11.673 - INFO - CDS - contig=contig_4, start=557270, stop=557479, strand=-, frame=2, truncated=no, start-type=ATG, RBS-motif=GGAGG
11:55:11.673 - INFO - CDS - contig=contig_4, start=557645, stop=558256, strand=+, frame=2, truncated=no, start-type=ATG, RBS-motif=GGAG/GAGG
11:55:11.673 - INFO - CDS - contig=contig_4, start=558322, stop=559038, strand=-, frame=3, truncated=no, start-type=ATG, RBS-motif=AGGA
11:55:11.674 - INFO - CDS - contig=contig_4, start=559057, stop=560469, strand=-, frame=3, truncated=no, start-type=ATG, RBS-motif=GGA/GAG/AGG
11:55:11.674 - INFO - CDS - contig=contig_4, start=560476, stop=561120, strand=-, frame=3, truncated=no, start-type=GTG, RBS-motif=AGGAGG
11:55:11.674 - INFO - CDS - contig=contig_4, start=561273, stop=561788, strand=+, frame=3, truncated=no, start-type=ATG, RBS-motif=AGGAGG
11:55:11.674 - INFO - CDS - contig=contig_4, start=561898, stop=563550, strand=-, frame=3, truncated=no, start-type=ATG, RBS-motif=GGA/GAG/AGG
11:55:11.674 - INFO - CDS - contig=contig_4, start=563725, stop=565023, strand=-, frame=3, truncated=no, start-type=ATG, RBS-motif=AGGAG
11:55:11.674 - INFO - CDS - contig=contig_4, start=565109, stop=565600, strand=-, frame=2, truncated=no, start-type=ATG, RBS-motif=GGAGG
11:55:11.674 - INFO - CDS - contig=contig_4, start=565791, stop=566180, strand=+, frame=3, truncated=no, start-type=ATG, RBS-motif=AGxAGG/AGGxGG
11:55:11.674 - INFO - CDS - contig=contig_4, start=566413, stop=568152, strand=+, frame=1, truncated=no, start-type=TTG, RBS-motif=AGGAGG
11:55:11.674 - INFO - CDS - contig=contig_4, start=568154, stop=568945, strand=+, frame=2, truncated=no, start-type=ATG, RBS-motif=GGAGG
11:55:11.674 - INFO - CDS - contig=contig_4, start=568993, stop=570336, strand=+, frame=1, truncated=no, start-type=ATG, RBS-motif=GGAGG
11:55:11.674 - INFO - CDS - contig=contig_4, start=570355, stop=571134, strand=+, frame=1, truncated=no, start-type=ATG, RBS-motif=AGGAG
11:55:11.674 - INFO - CDS - contig=contig_4, start=571255, stop=571737, strand=+, frame=1, truncated=no, start-type=ATG, RBS-motif=AGGA
11:55:11.674 - INFO - CDS - contig=contig_4, start=571827, stop=573200, strand=-, frame=1, truncated=no, start-type=ATG, RBS-motif=AGGAG
11:55:11.674 - INFO - CDS - contig=contig_4, start=573453, stop=574856, strand=-, frame=1, truncated=no, start-type=ATG, RBS-motif=AGGAG
11:55:11.674 - INFO - CDS - contig=contig_4, start=574957, stop=575505, strand=+, frame=1, truncated=no, start-type=ATG, RBS-motif=AGGAGG
11:55:11.674 - INFO - CDS - contig=contig_4, start=575492, stop=576226, strand=+, frame=2, truncated=no, start-type=ATG, RBS-motif=AGGAGG
11:55:11.674 - INFO - CDS - contig=contig_4, start=576351, stop=576722, strand=+, frame=3, truncated=no, start-type=ATG, RBS-motif=AGGAG
11:55:11.674 - INFO - CDS - contig=contig_4, start=577278, stop=577838, strand=+, frame=3, truncated=no, start-type=ATG, RBS-motif=AGGAG
11:55:11.674 - INFO - CDS - contig=contig_4, start=578158, stop=578397, strand=+, frame=1, truncated=no, start-type=ATG, RBS-motif=AGGA
11:55:11.674 - INFO - CDS - contig=contig_4, start=578691, stop=579692, strand=+, frame=3, truncated=no, start-type=ATG, RBS-motif=AGxAGG/AGGxGG
11:55:11.674 - INFO - CDS - contig=contig_4, start=580768, stop=584334, strand=+, frame=1, truncated=no, start-type=ATG, RBS-motif=AGGAGG
11:55:11.674 - INFO - CDS - contig=contig_4, start=584483, stop=584767, strand=+, frame=2, truncated=no, start-type=ATG, RBS-motif=AGGAG
11:55:11.674 - INFO - CDS - contig=contig_4, start=584764, stop=585036, strand=+, frame=1, truncated=no, start-type=ATG, RBS-motif=None
11:55:11.674 - INFO - CDS - contig=contig_4, start=585147, stop=585722, strand=+, frame=3, truncated=no, start-type=ATG, RBS-motif=AGGAG
11:55:11.674 - INFO - CDS - contig=contig_4, start=586371, stop=587750, strand=+, frame=3, truncated=no, start-type=GTG, RBS-motif=AGxAGG/AGGxGG
11:55:11.674 - INFO - CDS - contig=contig_4, start=588196, stop=588855, strand=+, frame=1, truncated=no, start-type=TTG, RBS-motif=GGAG/GAGG
11:55:11.674 - INFO - CDS - contig=contig_4, start=588879, stop=590042, strand=+, frame=3, truncated=no, start-type=ATG, RBS-motif=AGGA/GGAG/GAGG
11:55:11.674 - INFO - CDS - contig=contig_4, start=590074, stop=591360, strand=+, frame=1, truncated=no, start-type=ATG, RBS-motif=AGxAGG/AGGxGG
11:55:11.675 - INFO - CDS - contig=contig_4, start=591390, stop=592517, strand=+, frame=3, truncated=no, start-type=ATG, RBS-motif=AGGA
11:55:11.675 - INFO - CDS - contig=contig_4, start=592542, stop=593327, strand=+, frame=3, truncated=no, start-type=ATG, RBS-motif=AGGAG
11:55:11.675 - INFO - CDS - contig=contig_4, start=593329, stop=594564, strand=+, frame=1, truncated=no, start-type=ATG, RBS-motif=AGxAGG/AGGxGG
11:55:11.675 - INFO - CDS - contig=contig_4, start=594564, stop=595685, strand=+, frame=3, truncated=no, start-type=ATG, RBS-motif=AGxAGG/AGGxGG
11:55:11.675 - INFO - CDS - contig=contig_4, start=595709, stop=596947, strand=+, frame=2, truncated=no, start-type=ATG, RBS-motif=AGGAG
11:55:11.675 - INFO - CDS - contig=contig_4, start=597012, stop=598703, strand=+, frame=3, truncated=no, start-type=ATG, RBS-motif=AGGAGG
11:55:11.675 - INFO - CDS - contig=contig_4, start=598700, stop=599503, strand=+, frame=2, truncated=no, start-type=ATG, RBS-motif=GGAG/GAGG
11:55:11.675 - INFO - CDS - contig=contig_4, start=599520, stop=600527, strand=+, frame=3, truncated=no, start-type=ATG, RBS-motif=GGAGG
11:55:11.675 - INFO - CDS - contig=contig_4, start=600735, stop=601877, strand=+, frame=3, truncated=no, start-type=ATG, RBS-motif=AGGAG
11:55:11.675 - INFO - CDS - contig=contig_4, start=602577, stop=603098, strand=+, frame=3, truncated=no, start-type=ATG, RBS-motif=AGGAG
11:55:11.675 - INFO - CDS - contig=contig_4, start=603261, stop=604151, strand=+, frame=3, truncated=no, start-type=ATG, RBS-motif=AGGAGG
11:55:11.675 - INFO - CDS - contig=contig_4, start=604155, stop=604631, strand=+, frame=3, truncated=no, start-type=ATG, RBS-motif=AGGAGG
11:55:11.675 - INFO - CDS - contig=contig_4, start=604628, stop=605179, strand=+, frame=2, truncated=no, start-type=ATG, RBS-motif=GGAG/GAGG
11:55:11.675 - INFO - CDS - contig=contig_4, start=605225, stop=607585, strand=+, frame=2, truncated=no, start-type=ATG, RBS-motif=AGGAGG
11:55:11.675 - INFO - CDS - contig=contig_4, start=607637, stop=608581, strand=-, frame=2, truncated=no, start-type=ATG, RBS-motif=AGxAGG/AGGxGG
11:55:11.675 - INFO - CDS - contig=contig_4, start=609021, stop=610958, strand=+, frame=3, truncated=no, start-type=ATG, RBS-motif=GGAGG
11:55:11.675 - INFO - CDS - contig=contig_4, start=611259, stop=611552, strand=+, frame=3, truncated=no, start-type=ATG, RBS-motif=AGGAGG
11:55:11.675 - INFO - CDS - contig=contig_4, start=611553, stop=613019, strand=+, frame=3, truncated=no, start-type=TTG, RBS-motif=AGGA
11:55:11.675 - INFO - CDS - contig=contig_4, start=613016, stop=613435, strand=+, frame=2, truncated=no, start-type=GTG, RBS-motif=GGAGG
11:55:11.675 - INFO - CDS - contig=contig_4, start=613520, stop=613786, strand=+, frame=2, truncated=no, start-type=ATG, RBS-motif=AGGAG
11:55:11.675 - INFO - CDS - contig=contig_4, start=613864, stop=615087, strand=+, frame=1, truncated=no, start-type=GTG, RBS-motif=4Base/6BMM
11:55:11.675 - INFO - CDS - contig=contig_4, start=615107, stop=615322, strand=+, frame=2, truncated=no, start-type=ATG, RBS-motif=AGGAGG
11:55:11.675 - INFO - CDS - contig=contig_4, start=615337, stop=616206, strand=+, frame=1, truncated=no, start-type=ATG, RBS-motif=GGAGG
11:55:11.675 - INFO - CDS - contig=contig_4, start=616218, stop=616637, strand=+, frame=3, truncated=no, start-type=ATG, RBS-motif=AGGAGG
11:55:11.675 - INFO - CDS - contig=contig_4, start=616591, stop=618966, strand=+, frame=1, truncated=no, start-type=ATG, RBS-motif=None
11:55:11.675 - INFO - CDS - contig=contig_4, start=618963, stop=619988, strand=+, frame=3, truncated=no, start-type=ATG, RBS-motif=GGAGG
11:55:11.675 - INFO - CDS - contig=contig_4, start=619975, stop=621873, strand=+, frame=1, truncated=no, start-type=ATG, RBS-motif=GGAGG
11:55:11.675 - INFO - CDS - contig=contig_4, start=621897, stop=622151, strand=+, frame=3, truncated=no, start-type=ATG, RBS-motif=AGGA
11:55:11.676 - INFO - CDS - contig=contig_4, start=622141, stop=622857, strand=+, frame=1, truncated=no, start-type=ATG, RBS-motif=GGAGG
11:55:11.676 - INFO - CDS - contig=contig_4, start=622854, stop=624944, strand=+, frame=3, truncated=no, start-type=ATG, RBS-motif=AGGAGG
11:55:11.676 - INFO - CDS - contig=contig_4, start=624944, stop=625654, strand=+, frame=2, truncated=no, start-type=ATG, RBS-motif=AGGAGG
11:55:11.676 - INFO - CDS - contig=contig_4, start=625667, stop=627745, strand=+, frame=2, truncated=no, start-type=ATG, RBS-motif=AGGAGG
11:55:11.676 - INFO - CDS - contig=contig_4, start=628317, stop=629660, strand=-, frame=1, truncated=no, start-type=ATG, RBS-motif=AGGAG
11:55:11.676 - INFO - CDS - contig=contig_4, start=629621, stop=629950, strand=-, frame=2, truncated=no, start-type=ATG, RBS-motif=GGAGG
11:55:11.676 - INFO - CDS - contig=contig_4, start=631018, stop=631809, strand=+, frame=1, truncated=no, start-type=ATG, RBS-motif=GGA/GAG/AGG
11:55:11.676 - INFO - CDS - contig=contig_4, start=632487, stop=632597, strand=+, frame=3, truncated=no, start-type=ATG, RBS-motif=AGGAGG
11:55:11.676 - INFO - CDS - contig=contig_4, start=632795, stop=633229, strand=+, frame=2, truncated=no, start-type=ATG, RBS-motif=AGGAGG
11:55:11.676 - INFO - CDS - contig=contig_4, start=633214, stop=633456, strand=+, frame=1, truncated=no, start-type=ATG, RBS-motif=AGGAGG
11:55:11.676 - INFO - CDS - contig=contig_4, start=633950, stop=634156, strand=+, frame=2, truncated=no, start-type=ATG, RBS-motif=AGGAGG
11:55:11.676 - INFO - CDS - contig=contig_4, start=634181, stop=635572, strand=+, frame=2, truncated=no, start-type=ATG, RBS-motif=AGGA
11:55:11.676 - INFO - CDS - contig=contig_4, start=636197, stop=637018, strand=+, frame=2, truncated=no, start-type=ATG, RBS-motif=GGAG/GAGG
11:55:11.676 - INFO - CDS - contig=contig_4, start=636975, stop=637901, strand=+, frame=3, truncated=no, start-type=TTG, RBS-motif=AGGAGG
11:55:11.676 - INFO - CDS - contig=contig_4, start=637914, stop=638189, strand=+, frame=3, truncated=no, start-type=ATG, RBS-motif=AGGAG
11:55:11.676 - INFO - CDS - contig=contig_4, start=638214, stop=638417, strand=+, frame=3, truncated=no, start-type=ATG, RBS-motif=AGGA
11:55:11.676 - INFO - CDS - contig=contig_4, start=638972, stop=639346, strand=+, frame=2, truncated=no, start-type=ATG, RBS-motif=AGGA
11:55:11.676 - INFO - CDS - contig=contig_4, start=639381, stop=640127, strand=+, frame=3, truncated=no, start-type=ATG, RBS-motif=AGGAGG
11:55:11.676 - INFO - CDS - contig=contig_4, start=640214, stop=640714, strand=+, frame=2, truncated=no, start-type=ATG, RBS-motif=AGGAGG
11:55:11.676 - INFO - CDS - contig=contig_4, start=640711, stop=642540, strand=+, frame=1, truncated=no, start-type=ATG, RBS-motif=AGGAG
11:55:11.676 - INFO - CDS - contig=contig_4, start=642757, stop=642975, strand=+, frame=1, truncated=no, start-type=ATG, RBS-motif=None
11:55:11.676 - INFO - CDS - contig=contig_4, start=643059, stop=643928, strand=+, frame=3, truncated=no, start-type=ATG, RBS-motif=AGGAGG
11:55:11.676 - INFO - CDS - contig=contig_4, start=643949, stop=644416, strand=+, frame=2, truncated=no, start-type=TTG, RBS-motif=AGGAGG
11:55:11.676 - INFO - CDS - contig=contig_4, start=644361, stop=646760, strand=+, frame=3, truncated=no, start-type=GTG, RBS-motif=GGAG/GAGG
11:55:11.676 - INFO - CDS - contig=contig_4, start=646763, stop=647131, strand=+, frame=2, truncated=no, start-type=ATG, RBS-motif=AGGAGG
11:55:11.676 - INFO - CDS - contig=contig_4, start=647124, stop=648857, strand=+, frame=3, truncated=no, start-type=TTG, RBS-motif=None
11:55:11.676 - INFO - CDS - contig=contig_4, start=648888, stop=649145, strand=+, frame=3, truncated=no, start-type=ATG, RBS-motif=AGGAG
11:55:11.676 - INFO - CDS - contig=contig_4, start=649135, stop=649908, strand=+, frame=1, truncated=no, start-type=ATG, RBS-motif=AGGAGG
11:55:11.677 - INFO - CDS - contig=contig_4, start=650114, stop=652213, strand=+, frame=2, truncated=no, start-type=ATG, RBS-motif=AGGAG/GGAGG
11:55:11.677 - INFO - CDS - contig=contig_4, start=652210, stop=652491, strand=+, frame=1, truncated=no, start-type=ATG, RBS-motif=AGxAGG/AGGxGG
11:55:11.677 - INFO - CDS - contig=contig_4, start=652494, stop=655787, strand=+, frame=3, truncated=no, start-type=ATG, RBS-motif=GGA/GAG/AGG
11:55:11.677 - INFO - CDS - contig=contig_4, start=655789, stop=656004, strand=+, frame=1, truncated=no, start-type=ATG, RBS-motif=GGAG/GAGG
11:55:11.677 - INFO - CDS - contig=contig_4, start=656849, stop=657205, strand=+, frame=2, truncated=no, start-type=ATG, RBS-motif=AGGAG
11:55:11.677 - INFO - CDS - contig=contig_4, start=657259, stop=665559, strand=+, frame=1, truncated=no, start-type=GTG, RBS-motif=None
11:55:11.677 - INFO - CDS - contig=contig_4, start=665561, stop=666625, strand=+, frame=2, truncated=no, start-type=ATG, RBS-motif=AGGAGG
11:55:11.677 - INFO - CDS - contig=contig_4, start=666622, stop=666966, strand=+, frame=1, truncated=no, start-type=ATG, RBS-motif=GGAG/GAGG
11:55:11.677 - INFO - CDS - contig=contig_4, start=667112, stop=667423, strand=+, frame=2, truncated=no, start-type=ATG, RBS-motif=AGGAGG
11:55:11.677 - INFO - CDS - contig=contig_4, start=667934, stop=668767, strand=+, frame=2, truncated=no, start-type=ATG, RBS-motif=GGxGG
11:55:11.677 - INFO - CDS - contig=contig_4, start=668857, stop=670272, strand=+, frame=1, truncated=no, start-type=GTG, RBS-motif=AGGAGG
11:55:11.677 - INFO - CDS - contig=contig_4, start=670461, stop=670775, strand=-, frame=1, truncated=no, start-type=ATG, RBS-motif=GGAG/GAGG
11:55:11.677 - INFO - CDS - contig=contig_4, start=670817, stop=671473, strand=+, frame=2, truncated=no, start-type=ATG, RBS-motif=4Base/6BMM
11:55:11.677 - INFO - CDS - contig=contig_4, start=671771, stop=672886, strand=+, frame=2, truncated=no, start-type=ATG, RBS-motif=GGA/GAG/AGG
11:55:11.677 - INFO - CDS - contig=contig_4, start=672920, stop=673762, strand=+, frame=2, truncated=no, start-type=ATG, RBS-motif=GGAGG
11:55:11.677 - INFO - CDS - contig=contig_4, start=673781, stop=674005, strand=+, frame=2, truncated=no, start-type=ATG, RBS-motif=AGGAGG
11:55:11.677 - INFO - CDS - contig=contig_4, start=674018, stop=674608, strand=+, frame=2, truncated=no, start-type=ATG, RBS-motif=AGxAGG/AGGxGG
11:55:11.677 - INFO - CDS - contig=contig_4, start=674623, stop=675462, strand=+, frame=1, truncated=no, start-type=ATG, RBS-motif=AGGAGG
11:55:11.677 - INFO - CDS - contig=contig_4, start=675476, stop=675979, strand=+, frame=2, truncated=no, start-type=ATG, RBS-motif=AGGAGG
11:55:11.677 - INFO - CDS - contig=contig_4, start=676072, stop=676917, strand=+, frame=1, truncated=no, start-type=ATG, RBS-motif=GGAGG
11:55:11.677 - INFO - CDS - contig=contig_4, start=676930, stop=677664, strand=+, frame=1, truncated=no, start-type=ATG, RBS-motif=GGAG/GAGG
11:55:11.677 - INFO - CDS - contig=contig_4, start=677678, stop=678004, strand=+, frame=2, truncated=no, start-type=ATG, RBS-motif=AGGAG
11:55:11.677 - INFO - CDS - contig=contig_4, start=678010, stop=678357, strand=+, frame=1, truncated=no, start-type=ATG, RBS-motif=GGA/GAG/AGG
11:55:11.677 - INFO - CDS - contig=contig_4, start=678394, stop=679125, strand=+, frame=1, truncated=no, start-type=ATG, RBS-motif=AGGAGG
11:55:11.677 - INFO - CDS - contig=contig_4, start=679140, stop=680099, strand=+, frame=3, truncated=no, start-type=ATG, RBS-motif=AGGAGG
11:55:11.677 - INFO - CDS - contig=contig_4, start=680108, stop=680344, strand=+, frame=2, truncated=no, start-type=ATG, RBS-motif=GGAG/GAGG
11:55:11.677 - INFO - CDS - contig=contig_4, start=680360, stop=681841, strand=+, frame=2, truncated=no, start-type=ATG, RBS-motif=AGGAG
11:55:11.677 - INFO - CDS - contig=contig_4, start=681858, stop=682283, strand=+, frame=3, truncated=no, start-type=ATG, RBS-motif=AGGAGG
11:55:11.678 - INFO - CDS - contig=contig_4, start=682316, stop=683050, strand=+, frame=2, truncated=no, start-type=ATG, RBS-motif=GGAG/GAGG
11:55:11.678 - INFO - CDS - contig=contig_4, start=683069, stop=684037, strand=+, frame=2, truncated=no, start-type=ATG, RBS-motif=AGGAGG
11:55:11.678 - INFO - CDS - contig=contig_4, start=684054, stop=684623, strand=+, frame=3, truncated=no, start-type=ATG, RBS-motif=GGAGG
11:55:11.678 - INFO - CDS - contig=contig_4, start=684676, stop=685044, strand=+, frame=1, truncated=no, start-type=ATG, RBS-motif=GGAGG
11:55:11.678 - INFO - CDS - contig=contig_4, start=685058, stop=685906, strand=+, frame=2, truncated=no, start-type=ATG, RBS-motif=AGGAGG
11:55:11.678 - INFO - CDS - contig=contig_4, start=685932, stop=686282, strand=+, frame=3, truncated=no, start-type=ATG, RBS-motif=GGAGG
11:55:11.678 - INFO - CDS - contig=contig_4, start=686298, stop=691898, strand=+, frame=3, truncated=no, start-type=ATG, RBS-motif=AGGAGG
11:55:11.678 - INFO - CDS - contig=contig_4, start=691914, stop=692231, strand=+, frame=3, truncated=no, start-type=ATG, RBS-motif=GGAGG
11:55:11.678 - INFO - CDS - contig=contig_4, start=692209, stop=692610, strand=+, frame=1, truncated=no, start-type=TTG, RBS-motif=GGA/GAG/AGG
11:55:11.678 - INFO - CDS - contig=contig_4, start=692723, stop=693337, strand=+, frame=2, truncated=no, start-type=GTG, RBS-motif=AGGAGG
11:55:11.678 - INFO - CDS - contig=contig_4, start=693511, stop=694473, strand=+, frame=1, truncated=no, start-type=ATG, RBS-motif=AGGAGG
11:55:11.678 - INFO - CDS - contig=contig_4, start=694619, stop=694978, strand=+, frame=2, truncated=no, start-type=ATG, RBS-motif=AGGAGG
11:55:11.678 - INFO - CDS - contig=contig_4, start=694993, stop=695607, strand=+, frame=1, truncated=no, start-type=TTG, RBS-motif=GGAGG
11:55:11.678 - INFO - CDS - contig=contig_4, start=695719, stop=696255, strand=+, frame=1, truncated=no, start-type=ATG, RBS-motif=AGGAGG
11:55:11.678 - INFO - CDS - contig=contig_4, start=696560, stop=697102, strand=+, frame=2, truncated=no, start-type=ATG, RBS-motif=GGAGG
11:55:11.678 - INFO - CDS - contig=contig_4, start=697606, stop=697986, strand=+, frame=1, truncated=no, start-type=ATG, RBS-motif=AGGAGG
11:55:11.678 - INFO - CDS - contig=contig_4, start=698018, stop=698242, strand=+, frame=2, truncated=no, start-type=ATG, RBS-motif=AGGAGG
11:55:11.678 - INFO - CDS - contig=contig_4, start=698354, stop=698767, strand=+, frame=2, truncated=no, start-type=ATG, RBS-motif=AGGAGG
11:55:11.678 - INFO - CDS - contig=contig_4, start=698770, stop=700158, strand=+, frame=1, truncated=no, start-type=ATG, RBS-motif=AGGAG
11:55:11.678 - INFO - CDS - contig=contig_4, start=700893, stop=701099, strand=-, frame=1, truncated=no, start-type=TTG, RBS-motif=AGxAGG/AGGxGG
11:55:11.678 - INFO - CDS - contig=contig_4, start=701194, stop=701826, strand=+, frame=1, truncated=no, start-type=ATG, RBS-motif=AGGAG
11:55:11.678 - INFO - CDS - contig=contig_4, start=701891, stop=703405, strand=-, frame=2, truncated=no, start-type=ATG, RBS-motif=AGGAGG
11:55:11.678 - INFO - CDS - contig=contig_4, start=703558, stop=703767, strand=-, frame=3, truncated=no, start-type=ATG, RBS-motif=AGxAGG/AGGxGG
11:55:11.678 - INFO - CDS - contig=contig_4, start=703825, stop=704508, strand=-, frame=3, truncated=no, start-type=GTG, RBS-motif=AGGA
11:55:11.678 - INFO - CDS - contig=contig_4, start=704542, stop=705753, strand=-, frame=3, truncated=no, start-type=ATG, RBS-motif=AGxAGG/AGGxGG
11:55:11.678 - INFO - CDS - contig=contig_4, start=705753, stop=705932, strand=-, frame=1, truncated=no, start-type=ATG, RBS-motif=GGAG/GAGG
11:55:11.678 - INFO - CDS - contig=contig_4, start=705971, stop=708208, strand=-, frame=2, truncated=no, start-type=TTG, RBS-motif=AGxAGG/AGGxGG
11:55:11.678 - INFO - CDS - contig=contig_4, start=708225, stop=710291, strand=-, frame=1, truncated=no, start-type=ATG, RBS-motif=AGGAG/GGAGG
11:55:11.679 - INFO - CDS - contig=contig_4, start=710596, stop=711642, strand=-, frame=3, truncated=no, start-type=ATG, RBS-motif=AGGAGG
11:55:11.679 - INFO - CDS - contig=contig_4, start=711713, stop=712189, strand=+, frame=2, truncated=no, start-type=ATG, RBS-motif=GGAG/GAGG
11:55:11.679 - INFO - CDS - contig=contig_4, start=712305, stop=713150, strand=+, frame=3, truncated=no, start-type=ATG, RBS-motif=AGGAG/GGAGG
11:55:11.679 - INFO - CDS - contig=contig_4, start=713322, stop=715199, strand=+, frame=3, truncated=no, start-type=ATG, RBS-motif=GGA/GAG/AGG
11:55:11.679 - INFO - CDS - contig=contig_4, start=715355, stop=716569, strand=+, frame=2, truncated=no, start-type=ATG, RBS-motif=AGGAG
11:55:11.679 - INFO - CDS - contig=contig_4, start=716647, stop=716856, strand=+, frame=1, truncated=no, start-type=ATG, RBS-motif=GGAGG
11:55:11.679 - INFO - CDS - contig=contig_4, start=716872, stop=717093, strand=+, frame=1, truncated=no, start-type=ATG, RBS-motif=AGGAGG
11:55:11.679 - INFO - CDS - contig=contig_4, start=717157, stop=719625, strand=+, frame=1, truncated=no, start-type=ATG, RBS-motif=AGGAGG
11:55:11.679 - INFO - CDS - contig=contig_4, start=719638, stop=719799, strand=+, frame=1, truncated=no, start-type=ATG, RBS-motif=AGGAGG
11:55:11.679 - INFO - CDS - contig=contig_4, start=719959, stop=720462, strand=+, frame=1, truncated=no, start-type=ATG, RBS-motif=AGGAGG
11:55:11.679 - INFO - CDS - contig=contig_4, start=720510, stop=720977, strand=+, frame=3, truncated=no, start-type=ATG, RBS-motif=AGGAGG
11:55:11.679 - INFO - CDS - contig=contig_4, start=721173, stop=721694, strand=+, frame=3, truncated=no, start-type=ATG, RBS-motif=AGGA
11:55:11.679 - INFO - CDS - contig=contig_4, start=722529, stop=723326, strand=-, frame=1, truncated=no, start-type=ATG, RBS-motif=GGAGG
11:55:11.679 - INFO - CDS - contig=contig_4, start=723401, stop=723985, strand=-, frame=2, truncated=no, start-type=ATG, RBS-motif=AGGAGG
11:55:11.679 - INFO - CDS - contig=contig_4, start=724168, stop=724926, strand=-, frame=3, truncated=no, start-type=ATG, RBS-motif=AGGA
11:55:11.679 - INFO - CDS - contig=contig_4, start=725007, stop=726347, strand=-, frame=1, truncated=no, start-type=ATG, RBS-motif=AGGAG
11:55:11.679 - INFO - CDS - contig=contig_4, start=726556, stop=727419, strand=+, frame=1, truncated=no, start-type=ATG, RBS-motif=GGAGG
11:55:11.679 - INFO - CDS - contig=contig_4, start=727422, stop=728021, strand=+, frame=3, truncated=no, start-type=ATG, RBS-motif=GGAG/GAGG
11:55:11.679 - INFO - CDS - contig=contig_4, start=728281, stop=729198, strand=+, frame=1, truncated=no, start-type=TTG, RBS-motif=GGAGG
11:55:11.679 - INFO - CDS - contig=contig_4, start=729214, stop=730362, strand=+, frame=1, truncated=no, start-type=ATG, RBS-motif=AGxAGG/AGGxGG
11:55:11.679 - INFO - CDS - contig=contig_4, start=730371, stop=731390, strand=+, frame=3, truncated=no, start-type=ATG, RBS-motif=GGAG/GAGG
11:55:11.679 - INFO - CDS - contig=contig_4, start=731387, stop=732343, strand=+, frame=2, truncated=no, start-type=ATG, RBS-motif=AGGAGG
11:55:11.679 - INFO - CDS - contig=contig_4, start=732410, stop=734071, strand=+, frame=2, truncated=no, start-type=ATG, RBS-motif=AGGA
11:55:11.679 - INFO - CDS - contig=contig_4, start=734071, stop=734556, strand=+, frame=1, truncated=no, start-type=ATG, RBS-motif=GGA/GAG/AGG
11:55:11.679 - INFO - CDS - contig=contig_4, start=734710, stop=735534, strand=+, frame=1, truncated=no, start-type=ATG, RBS-motif=AGGA
11:55:11.679 - INFO - CDS - contig=contig_4, start=735697, stop=736998, strand=+, frame=1, truncated=no, start-type=ATG, RBS-motif=AGGA
11:55:11.679 - INFO - CDS - contig=contig_4, start=737022, stop=738650, strand=+, frame=3, truncated=no, start-type=TTG, RBS-motif=GGA/GAG/AGG
11:55:11.679 - INFO - CDS - contig=contig_4, start=738688, stop=739476, strand=+, frame=1, truncated=no, start-type=ATG, RBS-motif=GGAG/GAGG
11:55:11.680 - INFO - CDS - contig=contig_4, start=739541, stop=739816, strand=+, frame=2, truncated=no, start-type=ATG, RBS-motif=AGGAGG
11:55:11.680 - INFO - CDS - contig=contig_4, start=739895, stop=740137, strand=+, frame=2, truncated=no, start-type=ATG, RBS-motif=AGGAG
11:55:11.680 - INFO - CDS - contig=contig_4, start=740317, stop=740691, strand=-, frame=3, truncated=no, start-type=ATG, RBS-motif=GGAG/GAGG
11:55:11.680 - INFO - CDS - contig=contig_4, start=741083, stop=743347, strand=+, frame=2, truncated=no, start-type=ATG, RBS-motif=GGA/GAG/AGG
11:55:11.680 - INFO - CDS - contig=contig_4, start=743368, stop=744366, strand=-, frame=3, truncated=no, start-type=ATG, RBS-motif=GGAGG
11:55:11.680 - INFO - CDS - contig=contig_4, start=744431, stop=745741, strand=+, frame=2, truncated=no, start-type=ATG, RBS-motif=AGGAGG
11:55:11.680 - INFO - CDS - contig=contig_4, start=745722, stop=746555, strand=+, frame=3, truncated=no, start-type=ATG, RBS-motif=AGGA
11:55:11.680 - INFO - CDS - contig=contig_4, start=746611, stop=747480, strand=-, frame=3, truncated=no, start-type=ATG, RBS-motif=AGGAGG
11:55:11.680 - INFO - CDS - contig=contig_4, start=747514, stop=748041, strand=-, frame=3, truncated=no, start-type=ATG, RBS-motif=GGAGG
11:55:11.680 - INFO - CDS - contig=contig_4, start=748380, stop=749486, strand=-, frame=1, truncated=no, start-type=ATG, RBS-motif=AGGAG
11:55:11.680 - INFO - CDS - contig=contig_4, start=749507, stop=750307, strand=-, frame=2, truncated=no, start-type=ATG, RBS-motif=GGAGG
11:55:11.680 - INFO - CDS - contig=contig_4, start=750329, stop=751486, strand=-, frame=2, truncated=no, start-type=ATG, RBS-motif=AGGAG/GGAGG
11:55:11.680 - INFO - CDS - contig=contig_4, start=751626, stop=752483, strand=-, frame=1, truncated=no, start-type=ATG, RBS-motif=GGAGG
11:55:11.680 - INFO - CDS - contig=contig_4, start=752541, stop=753317, strand=-, frame=1, truncated=no, start-type=ATG, RBS-motif=GGAGG
11:55:11.680 - INFO - CDS - contig=contig_4, start=753651, stop=754361, strand=-, frame=1, truncated=no, start-type=GTG, RBS-motif=GGAGG
11:55:11.680 - INFO - CDS - contig=contig_4, start=754598, stop=756133, strand=+, frame=2, truncated=no, start-type=TTG, RBS-motif=AGxAGG/AGGxGG
11:55:11.680 - INFO - CDS - contig=contig_4, start=756154, stop=756912, strand=+, frame=1, truncated=no, start-type=GTG, RBS-motif=AGGAG
11:55:11.680 - INFO - CDS - contig=contig_4, start=757382, stop=758563, strand=+, frame=2, truncated=no, start-type=ATG, RBS-motif=GGAGG
11:55:11.680 - INFO - CDS - contig=contig_4, start=758639, stop=759823, strand=+, frame=2, truncated=no, start-type=ATG, RBS-motif=3Base/5BMM
11:55:11.680 - INFO - CDS - contig=contig_4, start=759898, stop=761034, strand=-, frame=3, truncated=no, start-type=ATG, RBS-motif=GGAGG
11:55:11.680 - INFO - CDS - contig=contig_4, start=761244, stop=762092, strand=+, frame=3, truncated=no, start-type=ATG, RBS-motif=AGGAGG
11:55:11.680 - INFO - CDS - contig=contig_4, start=762182, stop=762850, strand=+, frame=2, truncated=no, start-type=ATG, RBS-motif=AGxAGG/AGGxGG
11:55:11.680 - INFO - CDS - contig=contig_4, start=762863, stop=763624, strand=+, frame=2, truncated=no, start-type=ATG, RBS-motif=AGGAGG
11:55:11.680 - INFO - CDS - contig=contig_4, start=763711, stop=763812, strand=+, frame=1, truncated=no, start-type=ATG, RBS-motif=AGxAGG/AGGxGG
11:55:11.680 - INFO - CDS - contig=contig_4, start=763868, stop=766153, strand=-, frame=2, truncated=no, start-type=ATG, RBS-motif=AGxAGG/AGGxGG
11:55:11.680 - INFO - CDS - contig=contig_4, start=766263, stop=767111, strand=-, frame=1, truncated=no, start-type=ATG, RBS-motif=GGAGG
11:55:11.680 - INFO - CDS - contig=contig_4, start=767493, stop=767867, strand=+, frame=3, truncated=no, start-type=ATG, RBS-motif=AGGAGG
11:55:11.680 - INFO - CDS - contig=contig_4, start=768113, stop=768613, strand=+, frame=2, truncated=no, start-type=ATG, RBS-motif=AGGA/GGAG/GAGG
11:55:11.681 - INFO - CDS - contig=contig_4, start=768692, stop=769033, strand=+, frame=2, truncated=no, start-type=ATG, RBS-motif=AGGAGG
11:55:11.681 - INFO - CDS - contig=contig_4, start=769287, stop=771239, strand=+, frame=3, truncated=no, start-type=ATG, RBS-motif=GGAGG
11:55:11.681 - INFO - CDS - contig=contig_4, start=771294, stop=772478, strand=+, frame=3, truncated=no, start-type=ATG, RBS-motif=AGGA
11:55:11.681 - INFO - CDS - contig=contig_4, start=772475, stop=773590, strand=+, frame=2, truncated=no, start-type=ATG, RBS-motif=AGxAGG/AGGxGG
11:55:11.681 - INFO - CDS - contig=contig_4, start=773649, stop=775085, strand=+, frame=3, truncated=no, start-type=ATG, RBS-motif=AGGAG
11:55:11.681 - INFO - CDS - contig=contig_4, start=775261, stop=777690, strand=+, frame=1, truncated=no, start-type=ATG, RBS-motif=GGAG/GAGG
11:55:11.681 - INFO - CDS - contig=contig_4, start=777752, stop=779410, strand=-, frame=2, truncated=no, start-type=ATG, RBS-motif=AGGAG(G)/GGAGG
11:55:11.681 - INFO - CDS - contig=contig_4, start=779710, stop=782019, strand=-, frame=3, truncated=no, start-type=ATG, RBS-motif=AGxAGG/AGGxGG
11:55:11.681 - INFO - CDS - contig=contig_4, start=782149, stop=782481, strand=+, frame=1, truncated=no, start-type=ATG, RBS-motif=AGGAG
11:55:11.681 - INFO - CDS - contig=contig_4, start=782491, stop=783474, strand=-, frame=3, truncated=no, start-type=ATG, RBS-motif=GGAGG
11:55:11.681 - INFO - CDS - contig=contig_4, start=783708, stop=784796, strand=+, frame=3, truncated=no, start-type=TTG, RBS-motif=GGAGG
11:55:11.681 - INFO - CDS - contig=contig_4, start=784913, stop=786922, strand=+, frame=2, truncated=no, start-type=ATG, RBS-motif=AGxAGG/AGGxGG
11:55:11.681 - INFO - CDS - contig=contig_4, start=787056, stop=788006, strand=+, frame=3, truncated=no, start-type=ATG, RBS-motif=AGGAGG
11:55:11.681 - INFO - CDS - contig=contig_4, start=788006, stop=789079, strand=+, frame=2, truncated=no, start-type=ATG, RBS-motif=AGxAGG/AGGxGG
11:55:11.681 - INFO - CDS - contig=contig_4, start=789279, stop=790325, strand=+, frame=3, truncated=no, start-type=ATG, RBS-motif=AGGAGG
11:55:11.681 - INFO - CDS - contig=contig_4, start=790318, stop=791253, strand=+, frame=1, truncated=no, start-type=ATG, RBS-motif=GGAGG
11:55:11.681 - INFO - CDS - contig=contig_4, start=791381, stop=792295, strand=+, frame=2, truncated=no, start-type=ATG, RBS-motif=AGGA/GGAG/GAGG
11:55:11.681 - INFO - CDS - contig=contig_4, start=792292, stop=793089, strand=+, frame=1, truncated=no, start-type=ATG, RBS-motif=GGAGG
11:55:11.681 - INFO - CDS - contig=contig_4, start=793093, stop=793902, strand=+, frame=1, truncated=no, start-type=ATG, RBS-motif=AGGAGG
11:55:11.681 - INFO - CDS - contig=contig_4, start=793950, stop=794336, strand=-, frame=1, truncated=no, start-type=ATG, RBS-motif=GGA/GAG/AGG
11:55:11.681 - INFO - CDS - contig=contig_4, start=794397, stop=796445, strand=-, frame=1, truncated=no, start-type=ATG, RBS-motif=AGGAGG
11:55:11.681 - INFO - CDS - contig=contig_4, start=796633, stop=800061, strand=+, frame=1, truncated=no, start-type=TTG, RBS-motif=AGGA
11:55:11.681 - INFO - CDS - contig=contig_4, start=800137, stop=801093, strand=+, frame=1, truncated=no, start-type=GTG, RBS-motif=AGGAG
11:55:11.681 - INFO - CDS - contig=contig_4, start=801158, stop=801658, strand=+, frame=2, truncated=no, start-type=ATG, RBS-motif=GGAGG
11:55:11.681 - INFO - CDS - contig=contig_4, start=801673, stop=802239, strand=-, frame=3, truncated=no, start-type=GTG, RBS-motif=GGxGG
11:55:11.681 - INFO - CDS - contig=contig_4, start=802236, stop=803291, strand=-, frame=1, truncated=no, start-type=ATG, RBS-motif=GGAGG
11:55:11.682 - INFO - CDS - contig=contig_4, start=803288, stop=803641, strand=-, frame=2, truncated=no, start-type=ATG, RBS-motif=GGAGG
11:55:11.682 - INFO - CDS - contig=contig_4, start=803641, stop=804027, strand=-, frame=3, truncated=no, start-type=ATG, RBS-motif=AGGAGG
11:55:11.682 - INFO - CDS - contig=contig_4, start=804084, stop=805016, strand=-, frame=1, truncated=no, start-type=ATG, RBS-motif=4Base/6BMM
11:55:11.682 - INFO - CDS - contig=contig_4, start=805016, stop=805597, strand=-, frame=2, truncated=no, start-type=ATG, RBS-motif=AGGAGG
11:55:11.682 - INFO - CDS - contig=contig_4, start=805609, stop=806154, strand=-, frame=3, truncated=no, start-type=TTG, RBS-motif=None
11:55:11.682 - INFO - CDS - contig=contig_4, start=806151, stop=806351, strand=-, frame=1, truncated=no, start-type=ATG, RBS-motif=4Base/6BMM
11:55:11.682 - INFO - CDS - contig=contig_4, start=806348, stop=806770, strand=-, frame=2, truncated=no, start-type=ATG, RBS-motif=AGGA/GGAG/GAGG
11:55:11.682 - INFO - CDS - contig=contig_4, start=806767, stop=807159, strand=-, frame=3, truncated=no, start-type=ATG, RBS-motif=AGGAGG
11:55:11.682 - INFO - CDS - contig=contig_4, start=807172, stop=808194, strand=-, frame=3, truncated=no, start-type=GTG, RBS-motif=AGGAG
11:55:11.682 - INFO - CDS - contig=contig_4, start=808191, stop=808682, strand=-, frame=1, truncated=no, start-type=ATG, RBS-motif=AGGAG
11:55:11.682 - INFO - CDS - contig=contig_4, start=808679, stop=809005, strand=-, frame=2, truncated=no, start-type=ATG, RBS-motif=GGAG/GAGG
11:55:11.682 - INFO - CDS - contig=contig_4, start=809005, stop=809352, strand=-, frame=3, truncated=no, start-type=TTG, RBS-motif=AGGAGG
11:55:11.682 - INFO - CDS - contig=contig_4, start=809446, stop=810477, strand=-, frame=3, truncated=no, start-type=ATG, RBS-motif=AGGAGG
11:55:11.682 - INFO - CDS - contig=contig_4, start=810493, stop=810846, strand=-, frame=3, truncated=no, start-type=ATG, RBS-motif=GGAGG
11:55:11.682 - INFO - CDS - contig=contig_4, start=810912, stop=811832, strand=-, frame=1, truncated=no, start-type=TTG, RBS-motif=AGGAG
11:55:11.682 - INFO - CDS - contig=contig_4, start=811876, stop=813021, strand=-, frame=3, truncated=no, start-type=ATG, RBS-motif=GGAGG
11:55:11.682 - INFO - CDS - contig=contig_4, start=813034, stop=814287, strand=-, frame=3, truncated=no, start-type=ATG, RBS-motif=GGAGG
11:55:11.682 - INFO - CDS - contig=contig_4, start=814288, stop=814581, strand=-, frame=3, truncated=no, start-type=ATG, RBS-motif=AGGAGG
11:55:11.682 - INFO - CDS - contig=contig_4, start=814753, stop=815577, strand=-, frame=3, truncated=no, start-type=ATG, RBS-motif=AGGAGG
11:55:11.682 - INFO - CDS - contig=contig_4, start=815590, stop=816912, strand=-, frame=3, truncated=no, start-type=ATG, RBS-motif=GGAGG
11:55:11.682 - INFO - CDS - contig=contig_4, start=816899, stop=818686, strand=-, frame=2, truncated=no, start-type=TTG, RBS-motif=GGAG/GAGG
11:55:11.682 - INFO - CDS - contig=contig_4, start=818731, stop=819444, strand=-, frame=3, truncated=no, start-type=ATG, RBS-motif=AGGAGG
11:55:11.682 - INFO - CDS - contig=contig_4, start=819441, stop=819995, strand=-, frame=1, truncated=no, start-type=TTG, RBS-motif=GGxGG
11:55:11.682 - INFO - CDS - contig=contig_4, start=820313, stop=821611, strand=+, frame=2, truncated=no, start-type=TTG, RBS-motif=GGAG/GAGG
11:55:11.682 - INFO - CDS - contig=contig_4, start=821697, stop=822482, strand=+, frame=3, truncated=no, start-type=TTG, RBS-motif=AGGAG
11:55:11.682 - INFO - CDS - contig=contig_4, start=822486, stop=822968, strand=+, frame=3, truncated=no, start-type=ATG, RBS-motif=GGAG/GAGG
11:55:11.682 - INFO - CDS - contig=contig_4, start=822980, stop=823288, strand=+, frame=2, truncated=no, start-type=ATG, RBS-motif=AGGAGG
11:55:11.682 - INFO - CDS - contig=contig_4, start=823285, stop=825012, strand=+, frame=1, truncated=no, start-type=ATG, RBS-motif=AGGAGG
11:55:11.682 - INFO - CDS - contig=contig_4, start=825257, stop=827167, strand=+, frame=2, truncated=no, start-type=ATG, RBS-motif=AGGAGG
11:55:11.683 - INFO - CDS - contig=contig_4, start=827167, stop=827874, strand=+, frame=1, truncated=no, start-type=ATG, RBS-motif=None
11:55:11.683 - INFO - CDS - contig=contig_4, start=827871, stop=829079, strand=+, frame=3, truncated=no, start-type=GTG, RBS-motif=AGGAGG
11:55:11.683 - INFO - CDS - contig=contig_4, start=829121, stop=831448, strand=+, frame=2, truncated=no, start-type=ATG, RBS-motif=AGGA/GGAG/GAGG
11:55:11.683 - INFO - CDS - contig=contig_4, start=831797, stop=832840, strand=-, frame=2, truncated=no, start-type=TTG, RBS-motif=AGGAGG
11:55:11.683 - INFO - CDS - contig=contig_4, start=832909, stop=833739, strand=-, frame=3, truncated=no, start-type=ATG, RBS-motif=AGxAGG/AGGxGG
11:55:11.683 - INFO - CDS - contig=contig_4, start=833917, stop=834363, strand=-, frame=3, truncated=no, start-type=ATG, RBS-motif=AGGA
11:55:11.683 - INFO - CDS - contig=contig_4, start=834353, stop=835135, strand=-, frame=2, truncated=no, start-type=ATG, RBS-motif=GGxGG
11:55:11.683 - INFO - CDS - contig=contig_4, start=835135, stop=835263, strand=-, frame=3, truncated=no, start-type=GTG, RBS-motif=GGAGG
11:55:11.683 - INFO - CDS - contig=contig_4, start=835260, stop=835547, strand=-, frame=1, truncated=no, start-type=ATG, RBS-motif=AGGAGG
11:55:11.683 - INFO - CDS - contig=contig_4, start=835645, stop=836643, strand=+, frame=1, truncated=no, start-type=GTG, RBS-motif=GGAGG
11:55:11.683 - INFO - CDS - contig=contig_4, start=836695, stop=836931, strand=-, frame=3, truncated=no, start-type=ATG, RBS-motif=GGAG/GAGG
11:55:11.683 - INFO - CDS - contig=contig_4, start=837192, stop=837464, strand=+, frame=3, truncated=no, start-type=ATG, RBS-motif=AGGAG/GGAGG
11:55:11.683 - INFO - CDS - contig=contig_4, start=837518, stop=838531, strand=-, frame=2, truncated=no, start-type=ATG, RBS-motif=GGA/GAG/AGG
11:55:11.683 - INFO - CDS - contig=contig_4, start=838543, stop=840087, strand=-, frame=3, truncated=no, start-type=TTG, RBS-motif=GGAG/GAGG
11:55:11.683 - INFO - CDS - contig=contig_4, start=840103, stop=841107, strand=-, frame=3, truncated=no, start-type=ATG, RBS-motif=GGAGG
11:55:11.683 - INFO - CDS - contig=contig_4, start=841243, stop=843105, strand=+, frame=1, truncated=no, start-type=TTG, RBS-motif=3Base/5BMM
11:55:11.683 - INFO - CDS - contig=contig_4, start=843098, stop=844468, strand=+, frame=2, truncated=no, start-type=ATG, RBS-motif=AGGAGG
11:55:11.683 - INFO - CDS - contig=contig_4, start=844498, stop=845394, strand=+, frame=1, truncated=no, start-type=ATG, RBS-motif=GGAGG
11:55:11.683 - INFO - CDS - contig=contig_4, start=845522, stop=846049, strand=+, frame=2, truncated=no, start-type=ATG, RBS-motif=GGAGG
11:55:11.683 - INFO - CDS - contig=contig_4, start=846107, stop=846709, strand=+, frame=2, truncated=no, start-type=ATG, RBS-motif=AGGAGG
11:55:11.683 - INFO - CDS - contig=contig_4, start=846767, stop=847582, strand=-, frame=2, truncated=no, start-type=ATG, RBS-motif=AGGAGG
11:55:11.683 - INFO - CDS - contig=contig_4, start=847732, stop=849096, strand=+, frame=1, truncated=no, start-type=GTG, RBS-motif=AGGAG
11:55:11.683 - INFO - CDS - contig=contig_4, start=849122, stop=850576, strand=+, frame=2, truncated=no, start-type=ATG, RBS-motif=GGA/GAG/AGG
11:55:11.683 - INFO - CDS - contig=contig_4, start=850730, stop=851479, strand=+, frame=2, truncated=no, start-type=ATG, RBS-motif=GGAG/GAGG
11:55:11.683 - INFO - CDS - contig=contig_4, start=851699, stop=852910, strand=-, frame=2, truncated=no, start-type=ATG, RBS-motif=AGxAGG/AGGxGG
11:55:11.683 - INFO - CDS - contig=contig_4, start=853057, stop=854016, strand=+, frame=1, truncated=no, start-type=ATG, RBS-motif=AGxAGG/AGGxGG
11:55:11.683 - INFO - CDS - contig=contig_4, start=854103, stop=855116, strand=+, frame=3, truncated=no, start-type=ATG, RBS-motif=AGGAG
11:55:11.683 - INFO - CDS - contig=contig_4, start=855242, stop=855928, strand=-, frame=2, truncated=no, start-type=ATG, RBS-motif=GGAGG
11:55:11.683 - INFO - CDS - contig=contig_4, start=856033, stop=856245, strand=-, frame=3, truncated=no, start-type=ATG, RBS-motif=AGGAGG
11:55:11.684 - INFO - CDS - contig=contig_4, start=856760, stop=857542, strand=+, frame=2, truncated=no, start-type=GTG, RBS-motif=GGA/GAG/AGG
11:55:11.684 - INFO - CDS - contig=contig_4, start=857632, stop=857805, strand=+, frame=1, truncated=no, start-type=ATG, RBS-motif=GGA/GAG/AGG
11:55:11.684 - INFO - CDS - contig=contig_4, start=858169, stop=862449, strand=+, frame=1, truncated=no, start-type=ATG, RBS-motif=GGAG/GAGG
11:55:11.684 - INFO - CDS - contig=contig_4, start=862578, stop=864362, strand=+, frame=3, truncated=no, start-type=ATG, RBS-motif=GGAG/GAGG
11:55:11.684 - INFO - CDS - contig=contig_4, start=864359, stop=864943, strand=+, frame=2, truncated=no, start-type=ATG, RBS-motif=AGGAGG
11:55:11.684 - INFO - CDS - contig=contig_4, start=864943, stop=865194, strand=+, frame=1, truncated=no, start-type=ATG, RBS-motif=3Base/5BMM
11:55:11.684 - INFO - CDS - contig=contig_4, start=865181, stop=865663, strand=+, frame=2, truncated=no, start-type=GTG, RBS-motif=GGAGG
11:55:11.684 - INFO - CDS - contig=contig_4, start=865708, stop=866631, strand=+, frame=1, truncated=no, start-type=GTG, RBS-motif=AGGAGG
11:55:11.684 - INFO - CDS - contig=contig_4, start=866624, stop=867358, strand=+, frame=2, truncated=no, start-type=ATG, RBS-motif=AGxAGG/AGGxGG
11:55:11.684 - INFO - CDS - contig=contig_4, start=867449, stop=868762, strand=+, frame=2, truncated=no, start-type=GTG, RBS-motif=GGAG/GAGG
11:55:11.684 - INFO - CDS - contig=contig_4, start=868756, stop=868869, strand=+, frame=1, truncated=no, start-type=ATG, RBS-motif=GGAG/GAGG
11:55:11.684 - INFO - CDS - contig=contig_4, start=868947, stop=869477, strand=+, frame=3, truncated=no, start-type=ATG, RBS-motif=GGAG/GAGG
11:55:11.684 - INFO - CDS - contig=contig_4, start=869557, stop=870918, strand=-, frame=3, truncated=no, start-type=GTG, RBS-motif=AGGAG
11:55:11.684 - INFO - CDS - contig=contig_4, start=871061, stop=872101, strand=+, frame=2, truncated=no, start-type=ATG, RBS-motif=GGA/GAG/AGG
11:55:11.684 - INFO - CDS - contig=contig_4, start=872200, stop=872595, strand=+, frame=1, truncated=no, start-type=ATG, RBS-motif=GGAGG
11:55:11.684 - INFO - CDS - contig=contig_4, start=872588, stop=873280, strand=+, frame=2, truncated=no, start-type=ATG, RBS-motif=AGGAGG
11:55:11.684 - INFO - CDS - contig=contig_4, start=873458, stop=877375, strand=+, frame=2, truncated=no, start-type=ATG, RBS-motif=AGxAGG/AGGxGG
11:55:11.684 - INFO - CDS - contig=contig_4, start=877416, stop=878117, strand=-, frame=1, truncated=no, start-type=GTG, RBS-motif=AGGA/GGAG/GAGG
11:55:11.684 - INFO - CDS - contig=contig_4, start=878280, stop=879422, strand=-, frame=1, truncated=no, start-type=ATG, RBS-motif=GGAG/GAGG
11:55:11.684 - INFO - CDS - contig=contig_4, start=879456, stop=880460, strand=-, frame=1, truncated=no, start-type=ATG, RBS-motif=AGGAGG
11:55:11.684 - INFO - CDS - contig=contig_4, start=880473, stop=881279, strand=-, frame=1, truncated=no, start-type=ATG, RBS-motif=AGGAG
11:55:11.684 - INFO - CDS - contig=contig_4, start=881329, stop=882750, strand=-, frame=3, truncated=no, start-type=ATG, RBS-motif=GGxGG
11:55:11.684 - INFO - CDS - contig=contig_4, start=882807, stop=884081, strand=-, frame=1, truncated=no, start-type=ATG, RBS-motif=GGAGG
11:55:11.684 - INFO - CDS - contig=contig_4, start=884419, stop=885975, strand=+, frame=1, truncated=no, start-type=ATG, RBS-motif=AGGAGG
11:55:11.684 - INFO - CDS - contig=contig_4, start=886313, stop=887143, strand=+, frame=2, truncated=no, start-type=TTG, RBS-motif=AGxAGG/AGGxGG
11:55:11.684 - INFO - CDS - contig=contig_4, start=887193, stop=887900, strand=-, frame=1, truncated=no, start-type=GTG, RBS-motif=AGGAGG
11:55:11.685 - INFO - CDS - contig=contig_4, start=887904, stop=888752, strand=-, frame=1, truncated=no, start-type=ATG, RBS-motif=AGGAGG
11:55:11.685 - INFO - CDS - contig=contig_4, start=888749, stop=889789, strand=-, frame=2, truncated=no, start-type=ATG, RBS-motif=AGxAGG/AGGxGG
11:55:11.685 - INFO - CDS - contig=contig_4, start=889803, stop=890684, strand=-, frame=1, truncated=no, start-type=TTG, RBS-motif=AGGA
11:55:11.685 - INFO - CDS - contig=contig_4, start=890872, stop=892107, strand=-, frame=3, truncated=no, start-type=ATG, RBS-motif=AGGAGG
11:55:11.685 - INFO - CDS - contig=contig_4, start=892217, stop=892933, strand=-, frame=2, truncated=no, start-type=ATG, RBS-motif=AGGA
11:55:11.685 - INFO - CDS - contig=contig_4, start=893074, stop=893811, strand=+, frame=1, truncated=no, start-type=ATG, RBS-motif=AGGAG
11:55:11.685 - INFO - CDS - contig=contig_4, start=893811, stop=894731, strand=+, frame=3, truncated=no, start-type=ATG, RBS-motif=AGGAGG
11:55:11.685 - INFO - CDS - contig=contig_4, start=895486, stop=895977, strand=+, frame=1, truncated=no, start-type=ATG, RBS-motif=AGGAGG
11:55:11.685 - INFO - CDS - contig=contig_4, start=895974, stop=897002, strand=+, frame=3, truncated=no, start-type=ATG, RBS-motif=AGGAGG
11:55:11.685 - INFO - CDS - contig=contig_4, start=897005, stop=897496, strand=+, frame=2, truncated=no, start-type=ATG, RBS-motif=GGxGG
11:55:11.685 - INFO - CDS - contig=contig_4, start=897496, stop=898461, strand=+, frame=1, truncated=no, start-type=ATG, RBS-motif=GGAGG
11:55:11.685 - INFO - CDS - contig=contig_4, start=898665, stop=899594, strand=+, frame=3, truncated=no, start-type=ATG, RBS-motif=GGAG/GAGG
11:55:11.685 - INFO - CDS - contig=contig_4, start=899708, stop=900526, strand=+, frame=2, truncated=no, start-type=ATG, RBS-motif=AGGAG
11:55:11.685 - INFO - CDS - contig=contig_4, start=900594, stop=901283, strand=+, frame=3, truncated=no, start-type=ATG, RBS-motif=None
11:55:11.685 - INFO - CDS - contig=contig_4, start=901283, stop=902326, strand=+, frame=2, truncated=no, start-type=ATG, RBS-motif=GGAGG
11:55:11.685 - INFO - CDS - contig=contig_4, start=902352, stop=903497, strand=+, frame=3, truncated=no, start-type=TTG, RBS-motif=GGA/GAG/AGG
11:55:11.685 - INFO - CDS - contig=contig_4, start=903544, stop=903957, strand=-, frame=3, truncated=no, start-type=ATG, RBS-motif=AGGAG
11:55:11.685 - INFO - CDS - contig=contig_4, start=903961, stop=904377, strand=-, frame=3, truncated=no, start-type=ATG, RBS-motif=AGGAG
11:55:11.685 - INFO - CDS - contig=contig_4, start=904701, stop=907463, strand=+, frame=3, truncated=no, start-type=ATG, RBS-motif=AGGAGG
11:55:11.685 - INFO - CDS - contig=contig_4, start=907548, stop=907952, strand=-, frame=1, truncated=no, start-type=ATG, RBS-motif=AGxAGG/AGGxGG
11:55:11.685 - INFO - CDS - contig=contig_4, start=908187, stop=908600, strand=+, frame=3, truncated=no, start-type=ATG, RBS-motif=GGAGG
11:55:11.685 - INFO - CDS - contig=contig_4, start=908831, stop=911824, strand=-, frame=2, truncated=no, start-type=ATG, RBS-motif=AGGAGG
11:55:11.685 - INFO - CDS - contig=contig_4, start=912060, stop=912557, strand=-, frame=1, truncated=no, start-type=ATG, RBS-motif=AGGAGG
11:55:11.685 - INFO - CDS - contig=contig_4, start=912554, stop=912997, strand=-, frame=2, truncated=no, start-type=ATG, RBS-motif=GGAGG
11:55:11.685 - INFO - CDS - contig=contig_4, start=913152, stop=913493, strand=-, frame=1, truncated=no, start-type=ATG, RBS-motif=AGGAG
11:55:11.685 - INFO - CDS - contig=contig_4, start=913519, stop=914472, strand=-, frame=3, truncated=no, start-type=ATG, RBS-motif=AGGAGG
11:55:11.686 - INFO - CDS - contig=contig_4, start=914550, stop=915152, strand=-, frame=1, truncated=no, start-type=ATG, RBS-motif=AGGAGG
11:55:11.686 - INFO - CDS - contig=contig_4, start=915173, stop=915571, strand=-, frame=2, truncated=no, start-type=ATG, RBS-motif=AGGAGG
11:55:11.686 - INFO - CDS - contig=contig_4, start=915584, stop=915952, strand=-, frame=2, truncated=no, start-type=ATG, RBS-motif=AGGAGG
11:55:11.686 - INFO - CDS - contig=contig_4, start=915974, stop=916087, strand=-, frame=2, truncated=no, start-type=ATG, RBS-motif=AGGAGG
11:55:11.686 - INFO - CDS - contig=contig_4, start=916182, stop=916400, strand=-, frame=1, truncated=no, start-type=TTG, RBS-motif=AGGAGG
11:55:11.686 - INFO - CDS - contig=contig_4, start=916405, stop=916659, strand=-, frame=3, truncated=no, start-type=ATG, RBS-motif=GGAG/GAGG
11:55:11.686 - INFO - CDS - contig=contig_4, start=916661, stop=917422, strand=-, frame=2, truncated=no, start-type=GTG, RBS-motif=GGA/GAG/AGG
11:55:11.686 - INFO - CDS - contig=contig_4, start=917427, stop=918062, strand=-, frame=1, truncated=no, start-type=ATG, RBS-motif=AGGAG/GGAGG
11:55:11.686 - INFO - CDS - contig=contig_4, start=918083, stop=919432, strand=-, frame=2, truncated=no, start-type=GTG, RBS-motif=GGAG/GAGG
11:55:11.686 - INFO - CDS - contig=contig_4, start=919434, stop=919874, strand=-, frame=1, truncated=no, start-type=ATG, RBS-motif=AGGAGG
11:55:11.686 - INFO - CDS - contig=contig_4, start=919888, stop=920070, strand=-, frame=3, truncated=no, start-type=ATG, RBS-motif=AGGAGG
11:55:11.686 - INFO - CDS - contig=contig_4, start=920086, stop=920586, strand=-, frame=3, truncated=no, start-type=TTG, RBS-motif=AGGAGG
11:55:11.686 - INFO - CDS - contig=contig_4, start=920605, stop=920964, strand=-, frame=3, truncated=no, start-type=ATG, RBS-motif=AGGAGG
11:55:11.686 - INFO - CDS - contig=contig_4, start=920982, stop=921530, strand=-, frame=1, truncated=no, start-type=ATG, RBS-motif=AGGAGG
11:55:11.686 - INFO - CDS - contig=contig_4, start=921546, stop=921947, strand=-, frame=1, truncated=no, start-type=ATG, RBS-motif=AGGAGG
11:55:11.686 - INFO - CDS - contig=contig_4, start=922126, stop=922311, strand=-, frame=3, truncated=no, start-type=ATG, RBS-motif=AGGAGG
11:55:11.686 - INFO - CDS - contig=contig_4, start=922326, stop=922886, strand=-, frame=1, truncated=no, start-type=ATG, RBS-motif=AGGAGG
11:55:11.686 - INFO - CDS - contig=contig_4, start=922904, stop=923221, strand=-, frame=2, truncated=no, start-type=ATG, RBS-motif=AGGAG
11:55:11.686 - INFO - CDS - contig=contig_4, start=923239, stop=923607, strand=-, frame=3, truncated=no, start-type=ATG, RBS-motif=AGGAGG
11:55:11.686 - INFO - CDS - contig=contig_4, start=923620, stop=923883, strand=-, frame=3, truncated=no, start-type=ATG, RBS-motif=AGGAGG
11:55:11.686 - INFO - CDS - contig=contig_4, start=923900, stop=924103, strand=-, frame=2, truncated=no, start-type=ATG, RBS-motif=GGA/GAG/AGG
11:55:11.686 - INFO - CDS - contig=contig_4, start=924100, stop=924537, strand=-, frame=3, truncated=no, start-type=ATG, RBS-motif=AGGAGG
11:55:11.686 - INFO - CDS - contig=contig_4, start=924538, stop=925395, strand=-, frame=3, truncated=no, start-type=ATG, RBS-motif=AGGAGG
11:55:11.686 - INFO - CDS - contig=contig_4, start=925411, stop=925743, strand=-, frame=3, truncated=no, start-type=ATG, RBS-motif=AGGAGG
11:55:11.686 - INFO - CDS - contig=contig_4, start=925758, stop=926030, strand=-, frame=1, truncated=no, start-type=ATG, RBS-motif=AGGAGG
11:55:11.686 - INFO - CDS - contig=contig_4, start=926044, stop=926877, strand=-, frame=3, truncated=no, start-type=ATG, RBS-motif=AGGAGG
11:55:11.686 - INFO - CDS - contig=contig_4, start=926892, stop=927191, strand=-, frame=1, truncated=no, start-type=ATG, RBS-motif=AGGAGG
11:55:11.686 - INFO - CDS - contig=contig_4, start=927191, stop=927805, strand=-, frame=2, truncated=no, start-type=ATG, RBS-motif=AGGAG
11:55:11.686 - INFO - CDS - contig=contig_4, start=927824, stop=928549, strand=-, frame=2, truncated=no, start-type=ATG, RBS-motif=AGGAGG
11:55:11.686 - INFO - CDS - contig=contig_4, start=928677, stop=928991, strand=-, frame=1, truncated=no, start-type=ATG, RBS-motif=AGGAGG
11:55:11.686 - INFO - CDS - contig=contig_4, start=929376, stop=930245, strand=-, frame=1, truncated=no, start-type=ATG, RBS-motif=AGGAG
11:55:11.686 - INFO - CDS - contig=contig_4, start=930267, stop=931670, strand=-, frame=1, truncated=no, start-type=ATG, RBS-motif=GGAGG
11:55:11.687 - INFO - CDS - contig=contig_4, start=931706, stop=932137, strand=-, frame=2, truncated=no, start-type=ATG, RBS-motif=GGAGG
11:55:11.687 - INFO - CDS - contig=contig_4, start=932134, stop=932625, strand=-, frame=3, truncated=no, start-type=ATG, RBS-motif=AGxAGG/AGGxGG
11:55:11.687 - INFO - CDS - contig=contig_4, start=932622, stop=933779, strand=-, frame=1, truncated=no, start-type=ATG, RBS-motif=AGGAG
11:55:11.687 - INFO - CDS - contig=contig_4, start=934065, stop=935108, strand=-, frame=1, truncated=no, start-type=ATG, RBS-motif=AGGAG
11:55:11.687 - INFO - CDS - contig=contig_4, start=935142, stop=936377, strand=-, frame=1, truncated=no, start-type=ATG, RBS-motif=AGGAG
11:55:11.687 - INFO - CDS - contig=contig_4, start=936409, stop=937470, strand=-, frame=3, truncated=no, start-type=ATG, RBS-motif=AGGAG
11:55:11.687 - INFO - CDS - contig=contig_4, start=937498, stop=938517, strand=-, frame=3, truncated=no, start-type=ATG, RBS-motif=AGGA
11:55:11.687 - INFO - CDS - contig=contig_4, start=938855, stop=940294, strand=-, frame=2, truncated=no, start-type=ATG, RBS-motif=GGAG/GAGG
11:55:11.687 - INFO - CDS - contig=contig_4, start=940380, stop=941249, strand=-, frame=1, truncated=no, start-type=ATG, RBS-motif=GGA/GAG/AGG
11:55:11.687 - INFO - CDS - contig=contig_4, start=941320, stop=942945, strand=-, frame=3, truncated=no, start-type=ATG, RBS-motif=GGA/GAG/AGG
11:55:11.687 - INFO - CDS - contig=contig_4, start=942965, stop=943315, strand=-, frame=2, truncated=no, start-type=ATG, RBS-motif=AGGA
11:55:11.687 - INFO - CDS - contig=contig_4, start=943511, stop=943696, strand=+, frame=2, truncated=no, start-type=ATG, RBS-motif=AGGAGG
11:55:11.687 - INFO - CDS - contig=contig_4, start=943846, stop=944682, strand=+, frame=1, truncated=no, start-type=ATG, RBS-motif=AGGA
11:55:11.687 - INFO - CDS - contig=contig_4, start=944804, stop=945715, strand=-, frame=2, truncated=no, start-type=ATG, RBS-motif=AGGAG/GGAGG
11:55:11.687 - INFO - CDS - contig=contig_4, start=945708, stop=948083, strand=-, frame=1, truncated=no, start-type=ATG, RBS-motif=GGxGG
11:55:11.687 - INFO - CDS - contig=contig_4, start=948200, stop=948892, strand=-, frame=2, truncated=no, start-type=ATG, RBS-motif=AGGA
11:55:11.687 - INFO - CDS - contig=contig_4, start=948889, stop=949653, strand=-, frame=3, truncated=no, start-type=ATG, RBS-motif=AGGAGG
11:55:11.687 - INFO - CDS - contig=contig_4, start=949695, stop=950969, strand=-, frame=1, truncated=no, start-type=ATG, RBS-motif=GGAGG
11:55:11.687 - INFO - CDS - contig=contig_4, start=951047, stop=952423, strand=-, frame=2, truncated=no, start-type=ATG, RBS-motif=GGAGG
11:55:11.687 - INFO - CDS - contig=contig_4, start=952539, stop=953051, strand=+, frame=3, truncated=no, start-type=ATG, RBS-motif=AGGAGG
11:55:11.687 - INFO - CDS - contig=contig_4, start=953120, stop=953902, strand=+, frame=2, truncated=no, start-type=ATG, RBS-motif=GGAG/GAGG
11:55:11.687 - INFO - CDS - contig=contig_4, start=953899, stop=954516, strand=+, frame=1, truncated=no, start-type=ATG, RBS-motif=GGAGG
11:55:11.687 - INFO - CDS - contig=contig_4, start=954611, stop=955093, strand=-, frame=2, truncated=no, start-type=GTG, RBS-motif=GGAGG
11:55:11.687 - INFO - CDS - contig=contig_4, start=955259, stop=956383, strand=+, frame=2, truncated=no, start-type=ATG, RBS-motif=AGGA
11:55:11.687 - INFO - CDS - contig=contig_4, start=956380, stop=957648, strand=+, frame=1, truncated=no, start-type=ATG, RBS-motif=AGxAGG/AGGxGG
11:55:11.687 - INFO - CDS - contig=contig_4, start=957749, stop=958624, strand=+, frame=2, truncated=no, start-type=ATG, RBS-motif=AGGAG
11:55:11.687 - INFO - CDS - contig=contig_4, start=958582, stop=958689, strand=-, frame=3, truncated=no, start-type=ATG, RBS-motif=AGGAG/GGAGG
11:55:11.687 - INFO - CDS - contig=contig_4, start=958716, stop=959312, strand=-, frame=1, truncated=no, start-type=ATG, RBS-motif=GGAG/GAGG
11:55:11.688 - INFO - CDS - contig=contig_4, start=959402, stop=961009, strand=-, frame=2, truncated=no, start-type=TTG, RBS-motif=GGAGG
11:55:11.688 - INFO - CDS - contig=contig_4, start=961758, stop=963083, strand=-, frame=1, truncated=no, start-type=TTG, RBS-motif=GGA/GAG/AGG
11:55:11.688 - INFO - CDS - contig=contig_4, start=963778, stop=964836, strand=+, frame=1, truncated=no, start-type=ATG, RBS-motif=AGGAG
11:55:11.688 - INFO - CDS - contig=contig_4, start=964833, stop=965537, strand=+, frame=3, truncated=no, start-type=ATG, RBS-motif=GGAGG
11:55:11.688 - INFO - CDS - contig=contig_4, start=965610, stop=965942, strand=-, frame=1, truncated=no, start-type=ATG, RBS-motif=AGGAGG
11:55:11.688 - INFO - CDS - contig=contig_4, start=965939, stop=966649, strand=-, frame=2, truncated=no, start-type=ATG, RBS-motif=AGxAGG/AGGxGG
11:55:11.688 - INFO - CDS - contig=contig_4, start=966852, stop=967748, strand=+, frame=3, truncated=no, start-type=ATG, RBS-motif=GGAGG
11:55:11.688 - INFO - CDS - contig=contig_4, start=967753, stop=969567, strand=+, frame=1, truncated=no, start-type=ATG, RBS-motif=GGA/GAG/AGG
11:55:11.688 - INFO - CDS - contig=contig_4, start=969625, stop=970818, strand=+, frame=1, truncated=no, start-type=ATG, RBS-motif=AGGAGG
11:55:11.688 - INFO - CDS - contig=contig_4, start=970828, stop=971853, strand=+, frame=1, truncated=no, start-type=TTG, RBS-motif=GGA/GAG/AGG
11:55:11.688 - INFO - CDS - contig=contig_4, start=971933, stop=973321, strand=-, frame=2, truncated=no, start-type=ATG, RBS-motif=GGAG/GAGG
11:55:11.688 - INFO - CDS - contig=contig_4, start=973321, stop=973911, strand=-, frame=3, truncated=no, start-type=ATG, RBS-motif=AGGAG
11:55:11.688 - INFO - CDS - contig=contig_4, start=974051, stop=974590, strand=+, frame=2, truncated=no, start-type=ATG, RBS-motif=GGAG/GAGG
11:55:11.688 - INFO - CDS - contig=contig_4, start=974643, stop=975893, strand=+, frame=3, truncated=no, start-type=ATG, RBS-motif=AGGAG
11:55:11.688 - INFO - CDS - contig=contig_4, start=975964, stop=978138, strand=-, frame=3, truncated=no, start-type=ATG, RBS-motif=AGGAG/GGAGG
11:55:11.688 - INFO - CDS - contig=contig_4, start=978272, stop=980824, strand=-, frame=2, truncated=no, start-type=ATG, RBS-motif=AGGAGG
11:55:11.688 - INFO - CDS - contig=contig_4, start=981034, stop=982245, strand=+, frame=1, truncated=no, start-type=ATG, RBS-motif=GGAGG
11:55:11.688 - INFO - CDS - contig=contig_4, start=982302, stop=983684, strand=+, frame=3, truncated=no, start-type=ATG, RBS-motif=AGGAG/GGAGG
11:55:11.688 - INFO - CDS - contig=contig_4, start=983822, stop=985021, strand=+, frame=2, truncated=no, start-type=ATG, RBS-motif=AGGAG
11:55:11.688 - INFO - CDS - contig=contig_4, start=985133, stop=986074, strand=+, frame=2, truncated=no, start-type=ATG, RBS-motif=AGGAGG
11:55:11.688 - INFO - CDS - contig=contig_4, start=986157, stop=986702, strand=-, frame=1, truncated=no, start-type=ATG, RBS-motif=AGGAG
11:55:11.688 - INFO - CDS - contig=contig_4, start=986812, stop=988023, strand=-, frame=3, truncated=no, start-type=ATG, RBS-motif=AGGA/GGAG/GAGG
11:55:11.688 - INFO - CDS - contig=contig_4, start=988109, stop=989344, strand=-, frame=2, truncated=no, start-type=TTG, RBS-motif=AGGA/GGAG/GAGG
11:55:11.688 - INFO - CDS - contig=contig_4, start=989468, stop=990850, strand=-, frame=2, truncated=no, start-type=ATG, RBS-motif=AGGAGG
11:55:11.688 - INFO - CDS - contig=contig_4, start=991178, stop=991678, strand=-, frame=2, truncated=no, start-type=ATG, RBS-motif=AGGAGG
11:55:11.688 - INFO - CDS - contig=contig_4, start=991823, stop=992626, strand=+, frame=2, truncated=no, start-type=ATG, RBS-motif=AGGAGG
11:55:11.689 - INFO - CDS - contig=contig_4, start=992617, stop=993981, strand=+, frame=1, truncated=no, start-type=ATG, RBS-motif=AGGAG/GGAGG
11:55:11.689 - INFO - CDS - contig=contig_4, start=993978, stop=994856, strand=+, frame=3, truncated=no, start-type=ATG, RBS-motif=GGAGG
11:55:11.689 - INFO - CDS - contig=contig_4, start=995033, stop=995344, strand=+, frame=2, truncated=no, start-type=ATG, RBS-motif=AGGAG
11:55:11.689 - INFO - CDS - contig=contig_4, start=995344, stop=995673, strand=+, frame=1, truncated=no, start-type=ATG, RBS-motif=None
11:55:11.689 - INFO - CDS - contig=contig_4, start=995678, stop=995962, strand=+, frame=2, truncated=no, start-type=ATG, RBS-motif=GGAGG
11:55:11.689 - INFO - CDS - contig=contig_4, start=996041, stop=997324, strand=+, frame=2, truncated=no, start-type=ATG, RBS-motif=AGGAGG
11:55:11.689 - INFO - CDS - contig=contig_4, start=997511, stop=997966, strand=-, frame=2, truncated=no, start-type=ATG, RBS-motif=GGA/GAG/AGG
11:55:11.689 - INFO - CDS - contig=contig_4, start=997986, stop=998849, strand=-, frame=1, truncated=no, start-type=TTG, RBS-motif=AGGAGG
11:55:11.689 - INFO - CDS - contig=contig_4, start=998918, stop=999610, strand=-, frame=2, truncated=no, start-type=GTG, RBS-motif=GGAGG
11:55:11.689 - INFO - CDS - contig=contig_4, start=999607, stop=1000086, strand=-, frame=3, truncated=no, start-type=ATG, RBS-motif=GGxGG
11:55:11.689 - INFO - CDS - contig=contig_4, start=1000092, stop=1000859, strand=-, frame=1, truncated=no, start-type=ATG, RBS-motif=AGxAGG/AGGxGG
11:55:11.689 - INFO - CDS - contig=contig_4, start=1000941, stop=1001318, strand=-, frame=1, truncated=no, start-type=ATG, RBS-motif=AGxAGG/AGGxGG
11:55:11.689 - INFO - CDS - contig=contig_4, start=1001430, stop=1002611, strand=-, frame=1, truncated=no, start-type=ATG, RBS-motif=GGAG/GAGG
11:55:11.689 - INFO - CDS - contig=contig_4, start=1002757, stop=1003881, strand=-, frame=3, truncated=no, start-type=GTG, RBS-motif=GGA/GAG/AGG
11:55:11.689 - INFO - CDS - contig=contig_4, start=1003886, stop=1004845, strand=-, frame=2, truncated=no, start-type=ATG, RBS-motif=AGGAGG
11:55:11.689 - INFO - CDS - contig=contig_4, start=1004993, stop=1005868, strand=-, frame=2, truncated=no, start-type=ATG, RBS-motif=AGGAG
11:55:11.689 - INFO - CDS - contig=contig_4, start=1005861, stop=1006412, strand=-, frame=1, truncated=no, start-type=TTG, RBS-motif=AGGAGG
11:55:11.689 - INFO - CDS - contig=contig_4, start=1006928, stop=1007359, strand=+, frame=2, truncated=no, start-type=ATG, RBS-motif=GGAG/GAGG
11:55:11.689 - INFO - CDS - contig=contig_4, start=1007340, stop=1008410, strand=+, frame=3, truncated=no, start-type=GTG, RBS-motif=AGGA
11:55:11.689 - INFO - CDS - contig=contig_4, start=1008890, stop=1011523, strand=-, frame=2, truncated=no, start-type=ATG, RBS-motif=AGGAGG
11:55:11.689 - INFO - CDS - contig=contig_4, start=1011673, stop=1012407, strand=-, frame=3, truncated=no, start-type=ATG, RBS-motif=GGAG/GAGG
11:55:11.689 - INFO - CDS - contig=contig_4, start=1012774, stop=1013463, strand=-, frame=3, truncated=no, start-type=ATG, RBS-motif=GGAG/GAGG
11:55:11.689 - INFO - CDS - contig=contig_4, start=1020295, stop=1021386, strand=-, frame=3, truncated=no, start-type=ATG, RBS-motif=GGAG/GAGG
11:55:11.689 - INFO - CDS - contig=contig_4, start=1021370, stop=1022332, strand=-, frame=2, truncated=no, start-type=ATG, RBS-motif=GGAGG
11:55:11.689 - INFO - CDS - contig=contig_4, start=1022329, stop=1023846, strand=-, frame=3, truncated=no, start-type=ATG, RBS-motif=AGGAGG
11:55:11.689 - INFO - CDS - contig=contig_4, start=1024190, stop=1024894, strand=-, frame=2, truncated=no, start-type=ATG, RBS-motif=GGAG/GAGG
11:55:11.689 - INFO - CDS - contig=contig_4, start=1024977, stop=1027622, strand=-, frame=1, truncated=no, start-type=ATG, RBS-motif=AGGA
11:55:11.689 - INFO - CDS - contig=contig_4, start=1027682, stop=1028371, strand=-, frame=2, truncated=no, start-type=ATG, RBS-motif=AGGAGG
11:55:11.689 - INFO - CDS - contig=contig_4, start=1028372, stop=1028743, strand=-, frame=2, truncated=no, start-type=ATG, RBS-motif=AGxAGG/AGGxGG
11:55:11.690 - INFO - CDS - contig=contig_4, start=1028921, stop=1030129, strand=-, frame=2, truncated=no, start-type=ATG, RBS-motif=AGGAGG
11:55:11.690 - INFO - CDS - contig=contig_4, start=1030697, stop=1031956, strand=-, frame=2, truncated=no, start-type=ATG, RBS-motif=GGAGG
11:55:11.690 - INFO - CDS - contig=contig_4, start=1032225, stop=1032407, strand=-, frame=1, truncated=no, start-type=ATG, RBS-motif=GGAGG
11:55:11.690 - INFO - CDS - contig=contig_4, start=1032601, stop=1034511, strand=-, frame=3, truncated=no, start-type=ATG, RBS-motif=GGAGG
11:55:11.690 - INFO - CDS - contig=contig_4, start=1034486, stop=1035388, strand=-, frame=2, truncated=no, start-type=ATG, RBS-motif=AGxAGG/AGGxGG
11:55:11.690 - INFO - CDS - contig=contig_4, start=1035385, stop=1035765, strand=-, frame=3, truncated=no, start-type=ATG, RBS-motif=GGAG/GAGG
11:55:11.690 - INFO - CDS - contig=contig_4, start=1035974, stop=1036459, strand=+, frame=2, truncated=no, start-type=ATG, RBS-motif=AGGAG
11:55:11.690 - INFO - CDS - contig=contig_4, start=1036635, stop=1037798, strand=+, frame=3, truncated=no, start-type=GTG, RBS-motif=GGAG/GAGG
11:55:11.690 - INFO - CDS - contig=contig_4, start=1037861, stop=1038820, strand=+, frame=2, truncated=no, start-type=ATG, RBS-motif=GGAG/GAGG
11:55:11.690 - INFO - CDS - contig=contig_4, start=1038899, stop=1039492, strand=+, frame=2, truncated=no, start-type=ATG, RBS-motif=GGA/GAG/AGG
11:55:11.690 - INFO - CDS - contig=contig_4, start=1039547, stop=1040269, strand=-, frame=2, truncated=no, start-type=ATG, RBS-motif=GGA/GAG/AGG
11:55:11.690 - INFO - CDS - contig=contig_4, start=1040319, stop=1040828, strand=-, frame=1, truncated=no, start-type=ATG, RBS-motif=AGGAGG
11:55:11.690 - INFO - CDS - contig=contig_4, start=1040855, stop=1041565, strand=-, frame=2, truncated=no, start-type=ATG, RBS-motif=GGAG/GAGG
11:55:11.690 - INFO - CDS - contig=contig_4, start=1041653, stop=1042879, strand=-, frame=2, truncated=no, start-type=ATG, RBS-motif=GGAG/GAGG
11:55:11.690 - INFO - CDS - contig=contig_4, start=1042917, stop=1043147, strand=-, frame=1, truncated=no, start-type=ATG, RBS-motif=AGGA
11:55:11.690 - INFO - CDS - contig=contig_4, start=1043241, stop=1045208, strand=-, frame=1, truncated=no, start-type=ATG, RBS-motif=GGA/GAG/AGG
11:55:11.690 - INFO - CDS - contig=contig_4, start=1045252, stop=1045944, strand=-, frame=3, truncated=no, start-type=ATG, RBS-motif=AGGAG
11:55:11.690 - INFO - CDS - contig=contig_4, start=1045985, stop=1048576, strand=-, frame=2, truncated=no, start-type=ATG, RBS-motif=AGGAGG
11:55:11.690 - INFO - CDS - contig=contig_4, start=1048625, stop=1050049, strand=-, frame=2, truncated=no, start-type=TTG, RBS-motif=GGAGG
11:55:11.690 - INFO - CDS - contig=contig_4, start=1050255, stop=1050698, strand=+, frame=3, truncated=no, start-type=ATG, RBS-motif=AGGAGG
11:55:11.690 - INFO - CDS - contig=contig_4, start=1050711, stop=1051319, strand=+, frame=3, truncated=no, start-type=ATG, RBS-motif=AGGAG
11:55:11.690 - INFO - CDS - contig=contig_4, start=1051357, stop=1052826, strand=+, frame=1, truncated=no, start-type=ATG, RBS-motif=AGGAG
11:55:11.690 - INFO - CDS - contig=contig_4, start=1052826, stop=1053764, strand=+, frame=3, truncated=no, start-type=ATG, RBS-motif=GGAG/GAGG
11:55:11.690 - INFO - CDS - contig=contig_4, start=1053798, stop=1054613, strand=+, frame=3, truncated=no, start-type=ATG, RBS-motif=AGGAG
11:55:11.690 - INFO - CDS - contig=contig_4, start=1054756, stop=1055517, strand=-, frame=3, truncated=no, start-type=ATG, RBS-motif=AGGAG
11:55:11.690 - INFO - CDS - contig=contig_4, start=1055547, stop=1056905, strand=-, frame=1, truncated=no, start-type=ATG, RBS-motif=GGAGG
11:55:11.690 - INFO - CDS - contig=contig_4, start=1056969, stop=1057187, strand=-, frame=1, truncated=no, start-type=TTG, RBS-motif=GGA/GAG/AGG
11:55:11.690 - INFO - CDS - contig=contig_4, start=1057184, stop=1057534, strand=-, frame=2, truncated=no, start-type=ATG, RBS-motif=GGAG/GAGG
11:55:11.691 - INFO - CDS - contig=contig_4, start=1057628, stop=1057762, strand=-, frame=2, truncated=no, start-type=ATG, RBS-motif=AGGAGG
11:55:11.691 - INFO - CDS - contig=contig_4, start=1058105, stop=1059418, strand=+, frame=2, truncated=no, start-type=ATG, RBS-motif=GGA/GAG/AGG
11:55:11.691 - INFO - CDS - contig=contig_4, start=1059694, stop=1060809, strand=+, frame=1, truncated=no, start-type=ATG, RBS-motif=GGAGG
11:55:11.691 - INFO - CDS - contig=contig_4, start=1060847, stop=1061059, strand=+, frame=2, truncated=no, start-type=ATG, RBS-motif=AGGAG
11:55:11.691 - INFO - CDS - contig=contig_4, start=1061056, stop=1062159, strand=+, frame=1, truncated=no, start-type=ATG, RBS-motif=AGGA/GGAG/GAGG
11:55:11.691 - INFO - CDS - contig=contig_4, start=1062170, stop=1062481, strand=+, frame=2, truncated=no, start-type=ATG, RBS-motif=AGGAG
11:55:11.691 - INFO - CDS - contig=contig_4, start=1062497, stop=1062760, strand=+, frame=2, truncated=no, start-type=ATG, RBS-motif=GGAGG
11:55:11.691 - INFO - CDS - contig=contig_4, start=1062869, stop=1064818, strand=+, frame=2, truncated=no, start-type=ATG, RBS-motif=AGGAGG
11:55:11.691 - INFO - CDS - contig=contig_4, start=1064884, stop=1067403, strand=+, frame=1, truncated=no, start-type=ATG, RBS-motif=GGA/GAG/AGG
11:55:11.691 - INFO - CDS - contig=contig_4, start=1067407, stop=1067691, strand=+, frame=1, truncated=no, start-type=ATG, RBS-motif=AGxAGG/AGGxGG
11:55:11.691 - INFO - CDS - contig=contig_4, start=1067688, stop=1068026, strand=+, frame=3, truncated=no, start-type=ATG, RBS-motif=GGAG/GAGG
11:55:11.691 - INFO - CDS - contig=contig_4, start=1068023, stop=1068463, strand=+, frame=2, truncated=no, start-type=ATG, RBS-motif=4Base/6BMM
11:55:11.691 - INFO - CDS - contig=contig_4, start=1068535, stop=1068807, strand=-, frame=3, truncated=no, start-type=ATG, RBS-motif=GGAG/GAGG
11:55:11.691 - INFO - CDS - contig=contig_4, start=1068825, stop=1069436, strand=-, frame=1, truncated=no, start-type=ATG, RBS-motif=AGGAGG
11:55:11.691 - INFO - CDS - contig=contig_4, start=1069604, stop=1070089, strand=+, frame=2, truncated=no, start-type=ATG, RBS-motif=GGAG/GAGG
11:55:11.691 - INFO - CDS - contig=contig_4, start=1070083, stop=1071822, strand=+, frame=1, truncated=no, start-type=ATG, RBS-motif=AGGAG/GGAGG
11:55:11.691 - INFO - CDS - contig=contig_4, start=1071822, stop=1073852, strand=+, frame=3, truncated=no, start-type=ATG, RBS-motif=GGA/GAG/AGG
11:55:11.691 - INFO - CDS - contig=contig_4, start=1073999, stop=1074502, strand=+, frame=2, truncated=no, start-type=ATG, RBS-motif=GGAG/GAGG
11:55:11.691 - INFO - CDS - contig=contig_4, start=1074781, stop=1076601, strand=+, frame=1, truncated=no, start-type=ATG, RBS-motif=AGGA
11:55:11.691 - INFO - CDS - contig=contig_4, start=1076650, stop=1080147, strand=-, frame=3, truncated=no, start-type=ATG, RBS-motif=GGAGG
11:55:11.691 - INFO - CDS - contig=contig_4, start=1080519, stop=1081019, strand=-, frame=1, truncated=no, start-type=ATG, RBS-motif=GGAG/GAGG
11:55:11.691 - INFO - CDS - contig=contig_4, start=1081150, stop=1081638, strand=-, frame=3, truncated=no, start-type=ATG, RBS-motif=AGxAGG/AGGxGG
11:55:11.691 - INFO - CDS - contig=contig_4, start=1081635, stop=1082516, strand=-, frame=1, truncated=no, start-type=GTG, RBS-motif=GGA/GAG/AGG
11:55:11.691 - INFO - CDS - contig=contig_4, start=1082572, stop=1084881, strand=-, frame=3, truncated=no, start-type=ATG, RBS-motif=AGGAGG
11:55:11.691 - INFO - CDS - contig=contig_4, start=1085039, stop=1086415, strand=+, frame=2, truncated=no, start-type=ATG, RBS-motif=AGGAG
11:55:11.691 - INFO - CDS - contig=contig_4, start=1086412, stop=1086990, strand=+, frame=1, truncated=no, start-type=ATG, RBS-motif=None
11:55:11.691 - INFO - CDS - contig=contig_4, start=1087040, stop=1087708, strand=-, frame=2, truncated=no, start-type=GTG, RBS-motif=AGxAGG/AGGxGG
11:55:11.692 - INFO - CDS - contig=contig_4, start=1087756, stop=1088340, strand=-, frame=3, truncated=no, start-type=ATG, RBS-motif=AGGA
11:55:11.692 - INFO - CDS - contig=contig_4, start=1088951, stop=1089082, strand=-, frame=2, truncated=no, start-type=ATG, RBS-motif=GGAG/GAGG
11:55:11.692 - INFO - CDS - contig=contig_4, start=1089141, stop=1090490, strand=-, frame=1, truncated=no, start-type=ATG, RBS-motif=GGA/GAG/AGG
11:55:11.692 - INFO - CDS - contig=contig_4, start=1090962, stop=1091945, strand=-, frame=1, truncated=no, start-type=ATG, RBS-motif=AGGAGG
11:55:11.692 - INFO - CDS - contig=contig_4, start=1091942, stop=1093036, strand=-, frame=2, truncated=no, start-type=ATG, RBS-motif=AGGAGG
11:55:11.692 - INFO - CDS - contig=contig_4, start=1093033, stop=1094616, strand=-, frame=3, truncated=no, start-type=ATG, RBS-motif=GGA/GAG/AGG
11:55:11.692 - INFO - CDS - contig=contig_4, start=1094835, stop=1096082, strand=-, frame=1, truncated=no, start-type=ATG, RBS-motif=AGGAGG
11:55:11.692 - INFO - CDS - contig=contig_4, start=1096279, stop=1096854, strand=-, frame=3, truncated=no, start-type=ATG, RBS-motif=GGAG/GAGG
11:55:11.692 - INFO - CDS - contig=contig_4, start=1097131, stop=1098756, strand=+, frame=1, truncated=no, start-type=ATG, RBS-motif=AGGAG
11:55:11.692 - INFO - CDS - contig=contig_4, start=1098798, stop=1099655, strand=+, frame=3, truncated=no, start-type=ATG, RBS-motif=GGAG/GAGG
11:55:11.692 - INFO - CDS - contig=contig_4, start=1099826, stop=1100623, strand=+, frame=2, truncated=no, start-type=ATG, RBS-motif=GGAG/GAGG
11:55:11.692 - INFO - CDS - contig=contig_4, start=1100822, stop=1101580, strand=+, frame=2, truncated=no, start-type=ATG, RBS-motif=GGA/GAG/AGG
11:55:11.692 - INFO - CDS - contig=contig_4, start=1101647, stop=1102540, strand=+, frame=2, truncated=no, start-type=ATG, RBS-motif=AGxAGG/AGGxGG
11:55:11.692 - INFO - CDS - contig=contig_4, start=1102537, stop=1103064, strand=+, frame=1, truncated=no, start-type=GTG, RBS-motif=GGAGG
11:55:11.692 - INFO - CDS - contig=contig_4, start=1103134, stop=1104447, strand=+, frame=1, truncated=no, start-type=ATG, RBS-motif=AGGAG
11:55:11.692 - INFO - CDS - contig=contig_4, start=1104539, stop=1104958, strand=+, frame=2, truncated=no, start-type=GTG, RBS-motif=AGGAGG
11:55:11.692 - INFO - CDS - contig=contig_4, start=1104978, stop=1105298, strand=+, frame=3, truncated=no, start-type=TTG, RBS-motif=AGGAGG
11:55:11.692 - INFO - CDS - contig=contig_4, start=1105309, stop=1106031, strand=+, frame=1, truncated=no, start-type=GTG, RBS-motif=AGxAGG/AGGxGG
11:55:11.692 - INFO - CDS - contig=contig_4, start=1106165, stop=1106902, strand=+, frame=2, truncated=no, start-type=ATG, RBS-motif=GGAGG
11:55:11.692 - INFO - CDS - contig=contig_4, start=1106978, stop=1107394, strand=+, frame=2, truncated=no, start-type=ATG, RBS-motif=AGxAGG/AGGxGG
11:55:11.692 - INFO - CDS - contig=contig_4, start=1107709, stop=1109052, strand=+, frame=1, truncated=no, start-type=ATG, RBS-motif=AGGA
11:55:11.692 - INFO - CDS - contig=contig_4, start=1109095, stop=1110075, strand=+, frame=1, truncated=no, start-type=ATG, RBS-motif=AGGAG
11:55:11.692 - INFO - CDS - contig=contig_4, start=1110110, stop=1110664, strand=+, frame=2, truncated=no, start-type=GTG, RBS-motif=GGAGG
11:55:11.692 - INFO - CDS - contig=contig_4, start=1110707, stop=1112503, strand=+, frame=2, truncated=no, start-type=GTG, RBS-motif=GGAG/GAGG
11:55:11.692 - INFO - CDS - contig=contig_4, start=1112606, stop=1112914, strand=-, frame=2, truncated=no, start-type=ATG, RBS-motif=GGAG/GAGG
11:55:11.692 - INFO - CDS - contig=contig_4, start=1113030, stop=1113227, strand=+, frame=3, truncated=no, start-type=ATG, RBS-motif=AGGAGG
11:55:11.692 - INFO - CDS - contig=contig_4, start=1113273, stop=1115147, strand=-, frame=1, truncated=no, start-type=TTG, RBS-motif=AGGAG/GGAGG
11:55:11.692 - INFO - CDS - contig=contig_4, start=1115144, stop=1116562, strand=-, frame=2, truncated=no, start-type=ATG, RBS-motif=AGGAG
11:55:11.692 - INFO - CDS - contig=contig_4, start=1116870, stop=1117406, strand=-, frame=1, truncated=no, start-type=ATG, RBS-motif=GGAGG
11:55:11.693 - INFO - CDS - contig=contig_4, start=1117399, stop=1118280, strand=-, frame=3, truncated=no, start-type=TTG, RBS-motif=AGxAGG/AGGxGG
11:55:11.693 - INFO - CDS - contig=contig_4, start=1118370, stop=1118633, strand=-, frame=1, truncated=no, start-type=TTG, RBS-motif=AGGAGG
11:55:11.693 - INFO - CDS - contig=contig_4, start=1118830, stop=1119726, strand=+, frame=1, truncated=no, start-type=ATG, RBS-motif=AGGAGG
11:55:11.693 - INFO - CDS - contig=contig_4, start=1119778, stop=1121262, strand=-, frame=3, truncated=no, start-type=GTG, RBS-motif=AGxAGG/AGGxGG
11:55:11.693 - INFO - CDS - contig=contig_4, start=1121751, stop=1122743, strand=-, frame=1, truncated=no, start-type=ATG, RBS-motif=GGAGG
11:55:11.693 - INFO - CDS - contig=contig_4, start=1122730, stop=1123236, strand=-, frame=3, truncated=no, start-type=GTG, RBS-motif=AGGAGG
11:55:11.693 - INFO - CDS - contig=contig_4, start=1123507, stop=1124493, strand=-, frame=3, truncated=no, start-type=ATG, RBS-motif=GGAGG
11:55:11.693 - INFO - CDS - contig=contig_4, start=1124672, stop=1125385, strand=+, frame=2, truncated=no, start-type=ATG, RBS-motif=GGAG/GAGG
11:55:11.693 - INFO - CDS - contig=contig_4, start=1125439, stop=1127250, strand=+, frame=1, truncated=no, start-type=ATG, RBS-motif=GGAG/GAGG
11:55:11.693 - INFO - CDS - contig=contig_4, start=1127365, stop=1127688, strand=+, frame=1, truncated=no, start-type=ATG, RBS-motif=AGGAGG
11:55:11.693 - INFO - CDS - contig=contig_4, start=1127690, stop=1128676, strand=+, frame=2, truncated=no, start-type=ATG, RBS-motif=GGA/GAG/AGG
11:55:11.693 - INFO - CDS - contig=contig_4, start=1128717, stop=1129982, strand=+, frame=3, truncated=no, start-type=ATG, RBS-motif=AGGAGG
11:55:11.693 - INFO - CDS - contig=contig_4, start=1130155, stop=1131336, strand=+, frame=1, truncated=no, start-type=ATG, RBS-motif=AGGAG
11:55:11.693 - INFO - CDS - contig=contig_4, start=1131456, stop=1132781, strand=+, frame=3, truncated=no, start-type=ATG, RBS-motif=AGGAG
11:55:11.693 - INFO - CDS - contig=contig_4, start=1133149, stop=1134306, strand=+, frame=1, truncated=no, start-type=ATG, RBS-motif=GGAGG
11:55:11.693 - INFO - CDS - contig=contig_4, start=1134368, stop=1136503, strand=-, frame=2, truncated=no, start-type=ATG, RBS-motif=GGAGG
11:55:11.693 - INFO - CDS - contig=contig_4, start=1136749, stop=1137078, strand=+, frame=1, truncated=no, start-type=ATG, RBS-motif=AGGAGG
11:55:11.693 - INFO - CDS - contig=contig_4, start=1137203, stop=1137451, strand=-, frame=2, truncated=no, start-type=GTG, RBS-motif=GGAG/GAGG
11:55:11.693 - INFO - CDS - contig=contig_4, start=1137571, stop=1138467, strand=-, frame=3, truncated=no, start-type=ATG, RBS-motif=AGGA/GGAG/GAGG
11:55:11.693 - INFO - CDS - contig=contig_4, start=1138767, stop=1139879, strand=+, frame=3, truncated=no, start-type=GTG, RBS-motif=GGA/GAG/AGG
11:55:11.693 - INFO - CDS - contig=contig_4, start=1139961, stop=1140536, strand=+, frame=3, truncated=no, start-type=GTG, RBS-motif=AGGAGG
11:55:11.693 - INFO - CDS - contig=contig_4, start=1140536, stop=1141810, strand=+, frame=2, truncated=no, start-type=ATG, RBS-motif=AGGAG
11:55:11.693 - INFO - CDS - contig=contig_4, start=1141837, stop=1143015, strand=+, frame=1, truncated=no, start-type=ATG, RBS-motif=AGGAG
11:55:11.693 - INFO - CDS - contig=contig_4, start=1143068, stop=1144270, strand=+, frame=2, truncated=no, start-type=ATG, RBS-motif=AGGAGG
11:55:11.693 - INFO - CDS - contig=contig_4, start=1144376, stop=1145668, strand=+, frame=2, truncated=no, start-type=ATG, RBS-motif=GGAGG
11:55:11.693 - INFO - CDS - contig=contig_4, start=1145665, stop=1145979, strand=+, frame=1, truncated=no, start-type=ATG, RBS-motif=GGAG/GAGG
11:55:11.693 - INFO - CDS - contig=contig_4, start=1145980, stop=1147149, strand=+, frame=1, truncated=no, start-type=ATG, RBS-motif=AGGAG
11:55:11.693 - INFO - CDS - contig=contig_4, start=1147184, stop=1148146, strand=+, frame=2, truncated=no, start-type=GTG, RBS-motif=AGxAGG/AGGxGG
11:55:11.694 - INFO - CDS - contig=contig_4, start=1148337, stop=1149545, strand=+, frame=3, truncated=no, start-type=ATG, RBS-motif=AGGAG
11:55:11.694 - INFO - CDS - contig=contig_4, start=1150881, stop=1151975, strand=-, frame=1, truncated=no, start-type=ATG, RBS-motif=AGGAG/GGAGG
11:55:11.694 - INFO - CDS - contig=contig_4, start=1152386, stop=1152814, strand=-, frame=2, truncated=no, start-type=ATG, RBS-motif=GGA/GAG/AGG
11:55:11.694 - INFO - CDS - contig=contig_4, start=1152942, stop=1154084, strand=-, frame=1, truncated=no, start-type=ATG, RBS-motif=AGGA
11:55:11.694 - INFO - CDS - contig=contig_4, start=1154259, stop=1155617, strand=-, frame=1, truncated=no, start-type=ATG, RBS-motif=AGGAG/GGAGG
11:55:11.694 - INFO - CDS - contig=contig_4, start=1155701, stop=1157260, strand=-, frame=2, truncated=no, start-type=ATG, RBS-motif=AGGA
11:55:11.694 - INFO - CDS - contig=contig_4, start=1157300, stop=1158079, strand=-, frame=2, truncated=no, start-type=ATG, RBS-motif=AGGAGG
11:55:11.694 - INFO - CDS - contig=contig_4, start=1158349, stop=1159230, strand=-, frame=3, truncated=no, start-type=ATG, RBS-motif=AGGA
11:55:11.694 - INFO - CDS - contig=contig_4, start=1159281, stop=1159646, strand=-, frame=1, truncated=no, start-type=ATG, RBS-motif=AGGAGG
11:55:11.694 - INFO - CDS - contig=contig_4, start=1160281, stop=1160901, strand=+, frame=1, truncated=no, start-type=TTG, RBS-motif=GGAGG
11:55:11.694 - INFO - CDS - contig=contig_4, start=1160965, stop=1161234, strand=+, frame=1, truncated=no, start-type=ATG, RBS-motif=GGAGG
11:55:11.694 - INFO - CDS - contig=contig_4, start=1161420, stop=1162070, strand=+, frame=3, truncated=no, start-type=ATG, RBS-motif=AGGAG
11:55:11.694 - INFO - CDS - contig=contig_4, start=1162057, stop=1163169, strand=+, frame=1, truncated=no, start-type=ATG, RBS-motif=AGGAGG
11:55:11.694 - INFO - CDS - contig=contig_4, start=1163166, stop=1163807, strand=+, frame=3, truncated=no, start-type=ATG, RBS-motif=GGxGG
11:55:11.694 - INFO - CDS - contig=contig_4, start=1163804, stop=1165321, strand=+, frame=2, truncated=no, start-type=ATG, RBS-motif=AGxAGG/AGGxGG
11:55:11.694 - INFO - CDS - contig=contig_4, start=1165437, stop=1165646, strand=-, frame=1, truncated=no, start-type=ATG, RBS-motif=AGGAG
11:55:11.694 - INFO - CDS - contig=contig_4, start=1165688, stop=1165903, strand=-, frame=2, truncated=no, start-type=ATG, RBS-motif=AGGAG
11:55:11.694 - INFO - CDS - contig=contig_4, start=1165916, stop=1166698, strand=-, frame=2, truncated=no, start-type=GTG, RBS-motif=GGxGG
11:55:11.694 - INFO - CDS - contig=contig_4, start=1166691, stop=1169507, strand=-, frame=1, truncated=no, start-type=ATG, RBS-motif=AGGAG
11:55:11.694 - INFO - CDS - contig=contig_4, start=1169536, stop=1169730, strand=-, frame=3, truncated=no, start-type=ATG, RBS-motif=GGAGG
11:55:11.694 - INFO - CDS - contig=contig_4, start=1170376, stop=1170837, strand=-, frame=3, truncated=no, start-type=ATG, RBS-motif=GGAGG
11:55:11.694 - INFO - CDS - contig=contig_4, start=1171050, stop=1171607, strand=+, frame=3, truncated=no, start-type=TTG, RBS-motif=AGxAGG/AGGxGG
11:55:11.694 - INFO - CDS - contig=contig_4, start=1171611, stop=1172327, strand=+, frame=3, truncated=no, start-type=ATG, RBS-motif=AGGA/GGAG/GAGG
11:55:11.694 - INFO - CDS - contig=contig_4, start=1172315, stop=1173115, strand=+, frame=2, truncated=no, start-type=GTG, RBS-motif=AGGAG/GGAGG
11:55:11.694 - INFO - CDS - contig=contig_4, start=1173245, stop=1173991, strand=+, frame=2, truncated=no, start-type=TTG, RBS-motif=AGGAGG
11:55:11.694 - INFO - CDS - contig=contig_4, start=1174037, stop=1174312, strand=+, frame=2, truncated=no, start-type=ATG, RBS-motif=AGGA
11:55:11.694 - INFO - CDS - contig=contig_4, start=1174675, stop=1175598, strand=+, frame=1, truncated=no, start-type=ATG, RBS-motif=AGGA
11:55:11.694 - INFO - CDS - contig=contig_4, start=1175678, stop=1176514, strand=+, frame=2, truncated=no, start-type=ATG, RBS-motif=AGGAG
11:55:11.694 - INFO - CDS - contig=contig_4, start=1176516, stop=1177256, strand=+, frame=3, truncated=no, start-type=ATG, RBS-motif=AGGAGG
11:55:11.695 - INFO - CDS - contig=contig_4, start=1177508, stop=1178275, strand=-, frame=2, truncated=no, start-type=ATG, RBS-motif=AGGAGG
11:55:11.695 - INFO - CDS - contig=contig_4, start=1178467, stop=1179273, strand=-, frame=3, truncated=no, start-type=TTG, RBS-motif=AGGAGG
11:55:11.695 - INFO - CDS - contig=contig_4, start=1179288, stop=1179869, strand=-, frame=1, truncated=no, start-type=ATG, RBS-motif=AGGAG/GGAGG
11:55:11.695 - INFO - CDS - contig=contig_4, start=1180148, stop=1181059, strand=-, frame=2, truncated=no, start-type=ATG, RBS-motif=AGGAGG
11:55:11.695 - INFO - CDS - contig=contig_4, start=1181046, stop=1181516, strand=-, frame=1, truncated=no, start-type=ATG, RBS-motif=AGGA
11:55:11.695 - INFO - CDS - contig=contig_4, start=1181555, stop=1183303, strand=-, frame=2, truncated=no, start-type=ATG, RBS-motif=GGAGG
11:55:11.695 - INFO - CDS - contig=contig_4, start=1183857, stop=1184534, strand=-, frame=1, truncated=no, start-type=GTG, RBS-motif=GGAG/GAGG
11:55:11.695 - INFO - CDS - contig=contig_4, start=1184518, stop=1184832, strand=-, frame=3, truncated=no, start-type=GTG, RBS-motif=None
11:55:11.695 - INFO - CDS - contig=contig_4, start=1184832, stop=1185068, strand=-, frame=1, truncated=no, start-type=ATG, RBS-motif=3Base/5BMM
11:55:11.695 - INFO - CDS - contig=contig_4, start=1185156, stop=1186082, strand=+, frame=3, truncated=no, start-type=ATG, RBS-motif=GGA/GAG/AGG
11:55:11.695 - INFO - CDS - contig=contig_4, start=1186407, stop=1187576, strand=+, frame=3, truncated=no, start-type=ATG, RBS-motif=3Base/5BMM
11:55:11.695 - INFO - CDS - contig=contig_4, start=1187611, stop=1188531, strand=+, frame=1, truncated=no, start-type=ATG, RBS-motif=AGGAG/GGAGG
11:55:11.695 - INFO - CDS - contig=contig_4, start=1188586, stop=1189464, strand=+, frame=1, truncated=no, start-type=ATG, RBS-motif=AGGA
11:55:11.695 - INFO - CDS - contig=contig_4, start=1189755, stop=1190690, strand=+, frame=3, truncated=no, start-type=ATG, RBS-motif=GGAG/GAGG
11:55:11.695 - INFO - CDS - contig=contig_4, start=1190692, stop=1191996, strand=+, frame=1, truncated=no, start-type=ATG, RBS-motif=AGGAG
11:55:11.695 - INFO - CDS - contig=contig_4, start=1192016, stop=1193038, strand=+, frame=2, truncated=no, start-type=ATG, RBS-motif=AGGAGG
11:55:11.695 - INFO - CDS - contig=contig_4, start=1193031, stop=1194056, strand=+, frame=3, truncated=no, start-type=ATG, RBS-motif=AGxAGG/AGGxGG
11:55:11.695 - INFO - CDS - contig=contig_4, start=1194262, stop=1196040, strand=+, frame=1, truncated=no, start-type=ATG, RBS-motif=GGAGG
11:55:11.695 - INFO - CDS - contig=contig_4, start=1196245, stop=1196847, strand=+, frame=1, truncated=no, start-type=ATG, RBS-motif=AGGAG
11:55:11.695 - INFO - CDS - contig=contig_4, start=1196869, stop=1198041, strand=+, frame=1, truncated=no, start-type=TTG, RBS-motif=GGAGG
11:55:11.695 - INFO - CDS - contig=contig_4, start=1198026, stop=1198736, strand=+, frame=3, truncated=no, start-type=ATG, RBS-motif=AGGAGG
11:55:11.695 - INFO - CDS - contig=contig_4, start=1198870, stop=1199445, strand=+, frame=1, truncated=no, start-type=ATG, RBS-motif=AGGAG
11:55:11.695 - INFO - CDS - contig=contig_4, start=1199650, stop=1200540, strand=+, frame=1, truncated=no, start-type=ATG, RBS-motif=AGGAG
11:55:11.695 - INFO - CDS - contig=contig_4, start=1200634, stop=1201371, strand=+, frame=1, truncated=no, start-type=ATG, RBS-motif=AGGAG
11:55:11.695 - INFO - CDS - contig=contig_4, start=1201355, stop=1202101, strand=+, frame=2, truncated=no, start-type=GTG, RBS-motif=AGGAGG
11:55:11.695 - INFO - CDS - contig=contig_4, start=1202164, stop=1205181, strand=-, frame=3, truncated=no, start-type=ATG, RBS-motif=GGAGG
11:55:11.695 - INFO - CDS - contig=contig_4, start=1205229, stop=1206569, strand=-, frame=1, truncated=no, start-type=ATG, RBS-motif=AGGAGG
11:55:11.696 - INFO - CDS - contig=contig_4, start=1206965, stop=1207606, strand=+, frame=2, truncated=no, start-type=ATG, RBS-motif=AGGAGG
11:55:11.696 - INFO - CDS - contig=contig_4, start=1207676, stop=1209103, strand=-, frame=2, truncated=no, start-type=ATG, RBS-motif=GGAG/GAGG
11:55:11.696 - INFO - CDS - contig=contig_4, start=1209333, stop=1209707, strand=-, frame=1, truncated=no, start-type=ATG, RBS-motif=AGGAGG
11:55:11.696 - INFO - CDS - contig=contig_4, start=1209888, stop=1210865, strand=+, frame=3, truncated=no, start-type=ATG, RBS-motif=GGAGG
11:55:11.696 - INFO - CDS - contig=contig_4, start=1210935, stop=1212743, strand=-, frame=1, truncated=no, start-type=TTG, RBS-motif=AGGA
11:55:11.696 - INFO - CDS - contig=contig_4, start=1212970, stop=1214229, strand=-, frame=3, truncated=no, start-type=ATG, RBS-motif=AGGA
11:55:11.696 - INFO - CDS - contig=contig_4, start=1214313, stop=1215488, strand=-, frame=1, truncated=no, start-type=TTG, RBS-motif=GGAG/GAGG
11:55:11.696 - INFO - CDS - contig=contig_4, start=1215552, stop=1217069, strand=-, frame=1, truncated=no, start-type=ATG, RBS-motif=AGxAGG/AGGxGG
11:55:11.696 - INFO - CDS - contig=contig_4, start=1217224, stop=1217829, strand=-, frame=3, truncated=no, start-type=GTG, RBS-motif=GGAGG
11:55:11.696 - INFO - CDS - contig=contig_4, start=1218095, stop=1218991, strand=-, frame=2, truncated=no, start-type=ATG, RBS-motif=AGGAGG
11:55:11.696 - INFO - CDS - contig=contig_4, start=1219156, stop=1220379, strand=+, frame=1, truncated=no, start-type=ATG, RBS-motif=GGAGG
11:55:11.696 - INFO - CDS - contig=contig_4, start=1220389, stop=1221057, strand=+, frame=1, truncated=no, start-type=ATG, RBS-motif=AGGAG
11:55:11.696 - INFO - CDS - contig=contig_4, start=1221070, stop=1221981, strand=+, frame=1, truncated=no, start-type=ATG, RBS-motif=AGxAGG/AGGxGG
11:55:11.696 - INFO - CDS - contig=contig_4, start=1222270, stop=1222821, strand=+, frame=1, truncated=no, start-type=ATG, RBS-motif=GGAGG
11:55:11.696 - INFO - CDS - contig=contig_4, start=1222970, stop=1224175, strand=-, frame=2, truncated=no, start-type=ATG, RBS-motif=GGAG/GAGG
11:55:11.696 - INFO - CDS - contig=contig_4, start=1224469, stop=1225149, strand=+, frame=1, truncated=no, start-type=ATG, RBS-motif=AGGAGG
11:55:11.696 - INFO - CDS - contig=contig_4, start=1225152, stop=1225928, strand=+, frame=3, truncated=no, start-type=ATG, RBS-motif=GGAG/GAGG
11:55:11.696 - INFO - CDS - contig=contig_4, start=1226500, stop=1227312, strand=-, frame=3, truncated=no, start-type=GTG, RBS-motif=GGxGG
11:55:11.696 - INFO - CDS - contig=contig_4, start=1227474, stop=1228724, strand=-, frame=1, truncated=no, start-type=ATG, RBS-motif=AGGA
11:55:11.696 - INFO - CDS - contig=contig_4, start=1228870, stop=1230858, strand=+, frame=1, truncated=no, start-type=ATG, RBS-motif=GGAGG
11:55:11.696 - INFO - CDS - contig=contig_4, start=1230919, stop=1233018, strand=+, frame=1, truncated=no, start-type=ATG, RBS-motif=AGGAGG
11:55:11.696 - INFO - CDS - contig=contig_4, start=1233164, stop=1234723, strand=+, frame=2, truncated=no, start-type=ATG, RBS-motif=AGGAGG
11:55:11.696 - INFO - CDS - contig=contig_4, start=1234769, stop=1236355, strand=+, frame=2, truncated=no, start-type=ATG, RBS-motif=AGGA
11:55:11.696 - INFO - CDS - contig=contig_4, start=1236410, stop=1238659, strand=+, frame=2, truncated=no, start-type=ATG, RBS-motif=AGGA
11:55:11.696 - INFO - CDS - contig=contig_4, start=1238661, stop=1239530, strand=+, frame=3, truncated=no, start-type=ATG, RBS-motif=GGAGG
11:55:11.696 - INFO - CDS - contig=contig_4, start=1239564, stop=1240163, strand=+, frame=3, truncated=no, start-type=ATG, RBS-motif=GGAG/GAGG
11:55:11.696 - INFO - CDS - contig=contig_4, start=1240216, stop=1241274, strand=+, frame=1, truncated=no, start-type=GTG, RBS-motif=AGGAGG
11:55:11.697 - INFO - CDS - contig=contig_4, start=1241463, stop=1241729, strand=+, frame=3, truncated=no, start-type=ATG, RBS-motif=AGxAGG/AGGxGG
11:55:11.697 - INFO - CDS - contig=contig_4, start=1241914, stop=1244055, strand=+, frame=1, truncated=no, start-type=ATG, RBS-motif=AGGAGG
11:55:11.697 - INFO - CDS - contig=contig_4, start=1244133, stop=1244738, strand=-, frame=1, truncated=no, start-type=ATG, RBS-motif=AGGAG
11:55:11.697 - INFO - CDS - contig=contig_4, start=1244902, stop=1245132, strand=+, frame=1, truncated=no, start-type=ATG, RBS-motif=AGGAGG
11:55:11.697 - INFO - CDS - contig=contig_4, start=1245199, stop=1245609, strand=+, frame=1, truncated=no, start-type=ATG, RBS-motif=AGGAG
11:55:11.697 - INFO - CDS - contig=contig_4, start=1245613, stop=1246995, strand=+, frame=1, truncated=no, start-type=ATG, RBS-motif=GGxGG
11:55:11.697 - INFO - CDS - contig=contig_4, start=1246992, stop=1247849, strand=+, frame=3, truncated=no, start-type=ATG, RBS-motif=AGGAGG
11:55:11.697 - INFO - CDS - contig=contig_4, start=1247846, stop=1248664, strand=+, frame=2, truncated=no, start-type=ATG, RBS-motif=AGxAGG/AGGxGG
11:55:11.697 - INFO - CDS - contig=contig_4, start=1248661, stop=1249608, strand=+, frame=1, truncated=no, start-type=GTG, RBS-motif=GGAG/GAGG
11:55:11.697 - INFO - CDS - contig=contig_4, start=1249676, stop=1250605, strand=+, frame=2, truncated=no, start-type=ATG, RBS-motif=AGGAGG
11:55:11.697 - INFO - CDS - contig=contig_4, start=1250602, stop=1251537, strand=+, frame=1, truncated=no, start-type=ATG, RBS-motif=GGA/GAG/AGG
11:55:11.697 - INFO - CDS - contig=contig_4, start=1251534, stop=1252262, strand=+, frame=3, truncated=no, start-type=ATG, RBS-motif=GGA/GAG/AGG
11:55:11.697 - INFO - CDS - contig=contig_4, start=1252277, stop=1253527, strand=+, frame=2, truncated=no, start-type=ATG, RBS-motif=AGGAGG
11:55:11.697 - INFO - CDS - contig=contig_4, start=1253528, stop=1253968, strand=+, frame=2, truncated=no, start-type=ATG, RBS-motif=GGAGG
11:55:11.697 - INFO - CDS - contig=contig_4, start=1254014, stop=1254484, strand=+, frame=2, truncated=no, start-type=ATG, RBS-motif=AGGA
11:55:11.697 - INFO - CDS - contig=contig_4, start=1254608, stop=1257223, strand=+, frame=2, truncated=no, start-type=ATG, RBS-motif=AGGAG
11:55:11.697 - INFO - CDS - contig=contig_4, start=1257281, stop=1259608, strand=-, frame=2, truncated=no, start-type=ATG, RBS-motif=GGAGG
11:55:11.697 - INFO - CDS - contig=contig_4, start=1259718, stop=1260722, strand=-, frame=1, truncated=no, start-type=ATG, RBS-motif=AGGAGG
11:55:11.697 - INFO - CDS - contig=contig_4, start=1260723, stop=1261694, strand=-, frame=1, truncated=no, start-type=GTG, RBS-motif=AGGAGG
11:55:11.697 - INFO - CDS - contig=contig_4, start=1261894, stop=1262211, strand=+, frame=1, truncated=no, start-type=GTG, RBS-motif=AGGAGG
11:55:11.697 - INFO - CDS - contig=contig_4, start=1262213, stop=1264294, strand=+, frame=2, truncated=no, start-type=ATG, RBS-motif=AGxAGG/AGGxGG
11:55:11.697 - INFO - CDS - contig=contig_4, start=1264348, stop=1264806, strand=+, frame=1, truncated=no, start-type=ATG, RBS-motif=AGGA/GGAG/GAGG
11:55:11.697 - INFO - CDS - contig=contig_4, start=1264828, stop=1265418, strand=+, frame=1, truncated=no, start-type=ATG, RBS-motif=AGGA/GGAG/GAGG
11:55:11.697 - INFO - CDS - contig=contig_4, start=1265447, stop=1266301, strand=+, frame=2, truncated=no, start-type=GTG, RBS-motif=AGGAG
11:55:11.697 - INFO - CDS - contig=contig_4, start=1266326, stop=1266838, strand=+, frame=2, truncated=no, start-type=GTG, RBS-motif=AGGAGG
11:55:11.698 - INFO - CDS - contig=contig_4, start=1266854, stop=1268938, strand=+, frame=2, truncated=no, start-type=ATG, RBS-motif=AGGA/GGAG/GAGG
11:55:11.698 - INFO - CDS - contig=contig_4, start=1268972, stop=1270783, strand=+, frame=2, truncated=no, start-type=TTG, RBS-motif=GGAG/GAGG
11:55:11.698 - INFO - CDS - contig=contig_4, start=1270859, stop=1271479, strand=+, frame=2, truncated=no, start-type=ATG, RBS-motif=AGxAGG/AGGxGG
11:55:11.698 - INFO - CDS - contig=contig_4, start=1271601, stop=1272026, strand=+, frame=3, truncated=no, start-type=ATG, RBS-motif=GGA/GAG/AGG
11:55:11.698 - INFO - CDS - contig=contig_4, start=1272110, stop=1273207, strand=+, frame=2, truncated=no, start-type=GTG, RBS-motif=AGGAGG
11:55:11.698 - INFO - CDS - contig=contig_4, start=1273534, stop=1273848, strand=+, frame=1, truncated=no, start-type=ATG, RBS-motif=AGxAGG/AGGxGG
11:55:11.698 - INFO - CDS - contig=contig_4, start=1273850, stop=1275787, strand=+, frame=2, truncated=no, start-type=ATG, RBS-motif=None
11:55:11.698 - INFO - CDS - contig=contig_4, start=1275802, stop=1276287, strand=+, frame=1, truncated=no, start-type=ATG, RBS-motif=AGGAGG
11:55:11.698 - INFO - CDS - contig=contig_4, start=1276318, stop=1277010, strand=+, frame=1, truncated=no, start-type=ATG, RBS-motif=AGxAGG/AGGxGG
11:55:11.698 - INFO - CDS - contig=contig_4, start=1277038, stop=1278027, strand=+, frame=1, truncated=no, start-type=GTG, RBS-motif=AGGAGG
11:55:11.698 - INFO - CDS - contig=contig_4, start=1278020, stop=1278334, strand=+, frame=2, truncated=no, start-type=ATG, RBS-motif=AGGA/GGAG/GAGG
11:55:11.698 - INFO - CDS - contig=contig_4, start=1278366, stop=1278557, strand=+, frame=3, truncated=no, start-type=ATG, RBS-motif=GGAG/GAGG
11:55:11.698 - INFO - CDS - contig=contig_4, start=1278627, stop=1280399, strand=+, frame=3, truncated=no, start-type=TTG, RBS-motif=AGxAGG/AGGxGG
11:55:11.698 - INFO - CDS - contig=contig_4, start=1280396, stop=1281778, strand=+, frame=2, truncated=no, start-type=ATG, RBS-motif=GGAGG
11:55:11.698 - INFO - CDS - contig=contig_4, start=1281782, stop=1282495, strand=+, frame=2, truncated=no, start-type=ATG, RBS-motif=AGGAGG
11:55:11.698 - INFO - CDS - contig=contig_4, start=1282665, stop=1283879, strand=+, frame=3, truncated=no, start-type=ATG, RBS-motif=AGGAGG
11:55:11.698 - INFO - CDS - contig=contig_4, start=1283993, stop=1285327, strand=+, frame=2, truncated=no, start-type=ATG, RBS-motif=AGGAG
11:55:11.698 - INFO - CDS - contig=contig_4, start=1285405, stop=1286391, strand=-, frame=3, truncated=no, start-type=ATG, RBS-motif=AGGAGG
11:55:11.698 - INFO - CDS - contig=contig_4, start=1286552, stop=1287250, strand=-, frame=2, truncated=no, start-type=ATG, RBS-motif=AGGAGG
11:55:11.698 - INFO - CDS - contig=contig_4, start=1287398, stop=1288513, strand=-, frame=2, truncated=no, start-type=ATG, RBS-motif=AGGAGG
11:55:11.698 - INFO - CDS - contig=contig_4, start=1288551, stop=1289921, strand=-, frame=1, truncated=no, start-type=ATG, RBS-motif=AGGA/GGAG/GAGG
11:55:11.698 - INFO - CDS - contig=contig_4, start=1289945, stop=1290925, strand=-, frame=2, truncated=no, start-type=ATG, RBS-motif=GGAGG
11:55:11.698 - INFO - CDS - contig=contig_4, start=1290918, stop=1291889, strand=-, frame=1, truncated=no, start-type=ATG, RBS-motif=GGA/GAG/AGG
11:55:11.698 - INFO - CDS - contig=contig_4, start=1291894, stop=1292733, strand=-, frame=3, truncated=no, start-type=ATG, RBS-motif=AGxAGG/AGGxGG
11:55:11.698 - INFO - CDS - contig=contig_4, start=1292746, stop=1293675, strand=-, frame=3, truncated=no, start-type=TTG, RBS-motif=AGGAGG
11:55:11.698 - INFO - CDS - contig=contig_4, start=1293785, stop=1294849, strand=-, frame=2, truncated=no, start-type=ATG, RBS-motif=GGAG/GAGG
11:55:11.698 - INFO - CDS - contig=contig_4, start=1294855, stop=1296456, strand=-, frame=3, truncated=no, start-type=ATG, RBS-motif=GGAGG
11:55:11.698 - INFO - CDS - contig=contig_4, start=1296807, stop=1298147, strand=+, frame=3, truncated=no, start-type=GTG, RBS-motif=AGxAGG/AGGxGG
11:55:11.699 - INFO - CDS - contig=contig_4, start=1298235, stop=1298990, strand=+, frame=3, truncated=no, start-type=ATG, RBS-motif=AGGAGG
11:55:11.699 - INFO - CDS - contig=contig_4, start=1299051, stop=1300679, strand=-, frame=1, truncated=no, start-type=ATG, RBS-motif=AGGAG
11:55:11.699 - INFO - CDS - contig=contig_4, start=1300676, stop=1302271, strand=-, frame=2, truncated=no, start-type=ATG, RBS-motif=AGGAGG
11:55:11.699 - INFO - CDS - contig=contig_4, start=1302268, stop=1303260, strand=-, frame=3, truncated=no, start-type=ATG, RBS-motif=AGGAGG
11:55:11.699 - INFO - CDS - contig=contig_4, start=1303406, stop=1305010, strand=-, frame=2, truncated=no, start-type=ATG, RBS-motif=AGGAG
11:55:11.699 - INFO - CDS - contig=contig_4, start=1305079, stop=1305999, strand=-, frame=3, truncated=no, start-type=ATG, RBS-motif=AGGAGG
11:55:11.699 - INFO - CDS - contig=contig_4, start=1306014, stop=1306955, strand=-, frame=1, truncated=no, start-type=ATG, RBS-motif=GGAGG
11:55:11.699 - INFO - CDS - contig=contig_4, start=1307274, stop=1307732, strand=-, frame=1, truncated=no, start-type=ATG, RBS-motif=GGAG/GAGG
11:55:11.699 - INFO - CDS - contig=contig_4, start=1307977, stop=1308555, strand=+, frame=1, truncated=no, start-type=ATG, RBS-motif=GGAGG
11:55:11.699 - INFO - CDS - contig=contig_4, start=1308552, stop=1309100, strand=+, frame=3, truncated=no, start-type=ATG, RBS-motif=AGGAGG
11:55:11.699 - INFO - CDS - contig=contig_4, start=1309161, stop=1310204, strand=-, frame=1, truncated=no, start-type=ATG, RBS-motif=GGA/GAG/AGG
11:55:11.699 - INFO - CDS - contig=contig_4, start=1310209, stop=1311705, strand=-, frame=3, truncated=no, start-type=ATG, RBS-motif=GGAG/GAGG
11:55:11.699 - INFO - CDS - contig=contig_4, start=1311716, stop=1313011, strand=-, frame=2, truncated=no, start-type=ATG, RBS-motif=AGGA
11:55:11.699 - INFO - CDS - contig=contig_4, start=1313110, stop=1314171, strand=-, frame=3, truncated=no, start-type=ATG, RBS-motif=GGAGG
11:55:11.699 - INFO - CDS - contig=contig_4, start=1314187, stop=1315686, strand=-, frame=3, truncated=no, start-type=ATG, RBS-motif=AGGAGG
11:55:11.699 - INFO - CDS - contig=contig_4, start=1315879, stop=1317021, strand=-, frame=3, truncated=no, start-type=ATG, RBS-motif=AGGAGG
11:55:11.699 - INFO - CDS - contig=contig_4, start=1317182, stop=1318183, strand=-, frame=2, truncated=no, start-type=ATG, RBS-motif=GGxGG
11:55:11.699 - INFO - CDS - contig=contig_4, start=1318200, stop=1319096, strand=-, frame=1, truncated=no, start-type=ATG, RBS-motif=GGAGG
11:55:11.699 - INFO - CDS - contig=contig_4, start=1319096, stop=1320892, strand=-, frame=2, truncated=no, start-type=ATG, RBS-motif=AGGAGG
11:55:11.699 - INFO - CDS - contig=contig_4, start=1320920, stop=1322500, strand=-, frame=2, truncated=no, start-type=ATG, RBS-motif=GGAGG
11:55:11.699 - INFO - CDS - contig=contig_4, start=1322745, stop=1324340, strand=+, frame=3, truncated=no, start-type=ATG, RBS-motif=AGGAG
11:55:11.699 - INFO - CDS - contig=contig_4, start=1324587, stop=1325423, strand=+, frame=3, truncated=no, start-type=ATG, RBS-motif=GGAG/GAGG
11:55:11.699 - INFO - CDS - contig=contig_4, start=1325416, stop=1327383, strand=+, frame=1, truncated=no, start-type=ATG, RBS-motif=GGAGG
11:55:11.699 - INFO - CDS - contig=contig_4, start=1327517, stop=1327645, strand=+, frame=2, truncated=no, start-type=ATG, RBS-motif=AGGAG
11:55:11.699 - INFO - CDS - contig=contig_4, start=1327695, stop=1328747, strand=-, frame=1, truncated=no, start-type=ATG, RBS-motif=AGGAG
11:55:11.699 - INFO - CDS - contig=contig_4, start=317, stop=1369, strand=+, nt=[ATGAAAACGA..ATGGACTTGA]
11:55:11.699 - INFO - CDS - contig=contig_4, start=1523, stop=1807, strand=-, nt=[ATGAGCTGGC..CCCGGAATGA]
11:55:11.700 - INFO - CDS - contig=contig_4, start=1804, stop=2442, strand=-, nt=[ATGGGCGCGG..GGCAATATGA]
11:55:11.700 - INFO - CDS - contig=contig_4, start=2466, stop=3203, strand=-, nt=[ATGGACAACA..CTGCTGCTGA]
11:55:11.700 - INFO - CDS - contig=contig_4, start=3291, stop=5297, strand=-, nt=[ATGTGGGTGG..GGAGGGCTGA]
11:55:11.700 - INFO - CDS - contig=contig_4, start=5745, stop=7220, strand=+, nt=[ATGAGCGAAA..GCAGGCCTGA]
11:55:11.700 - INFO - CDS - contig=contig_4, start=7266, stop=8384, strand=+, nt=[ATGAGACAAT..CCTGTTTTGA]
11:55:11.700 - INFO - CDS - contig=contig_4, start=8824, stop=9783, strand=+, nt=[ATGAAATTCT..CCAGTGGTGA]
11:55:11.700 - INFO - CDS - contig=contig_4, start=9928, stop=11319, strand=-, nt=[ATGGCAGCTC..GATTGGCTGA]
11:55:11.700 - INFO - CDS - contig=contig_4, start=11553, stop=13202, strand=-, nt=[ATGGACAAAA..CAACAAGTAA]
11:55:11.700 - INFO - CDS - contig=contig_4, start=13573, stop=14268, strand=+, nt=[ATGAACCGCG..GGCCAAGTGA]
11:55:11.700 - INFO - CDS - contig=contig_4, start=14265, stop=15044, strand=+, nt=[GTGAAGCCGA..CTGCCGCTGA]
11:55:11.700 - INFO - CDS - contig=contig_4, start=15058, stop=15777, strand=+, nt=[GTGAGCTATC..CCCGGTCTGA]
11:55:11.700 - INFO - CDS - contig=contig_4, start=15861, stop=16778, strand=-, nt=[ATGAATGATT..AAAGCTGTAA]
11:55:11.700 - INFO - CDS - contig=contig_4, start=16792, stop=17970, strand=-, nt=[ATGACACATG..GCTGGCATAA]
11:55:11.700 - INFO - CDS - contig=contig_4, start=17986, stop=18840, strand=-, nt=[ATGTCCTACA..GATCCTGTGA]
11:55:11.700 - INFO - CDS - contig=contig_4, start=18886, stop=20109, strand=-, nt=[ATGAAAACAG..TCGGACATAA]
11:55:11.700 - INFO - CDS - contig=contig_4, start=20332, stop=21273, strand=-, nt=[ATGAGCAAAC..GCTTTCTTGA]
11:55:11.700 - INFO - CDS - contig=contig_4, start=21270, stop=22652, strand=-, nt=[ATGAAATTAT..CGGGCAATGA]
11:55:11.700 - INFO - CDS - contig=contig_4, start=22682, stop=23896, strand=-, nt=[ATGGCTGAGA..CAAGCTGTAA]
11:55:11.700 - INFO - CDS - contig=contig_4, start=24134, stop=24832, strand=-, nt=[ATGTCCTACT..TCATATGTAA]
11:55:11.700 - INFO - CDS - contig=contig_4, start=24837, stop=26123, strand=-, nt=[ATGGCAAAAA..AGAGGAGTGA]
11:55:11.700 - INFO - CDS - contig=contig_4, start=26261, stop=27220, strand=+, nt=[ATGGAAACGC..GGAACTGTAA]
11:55:11.700 - INFO - CDS - contig=contig_4, start=27305, stop=27475, strand=-, nt=[ATGGCTTATG..CCAGGGCTGA]
11:55:11.700 - INFO - CDS - contig=contig_4, start=27615, stop=27773, strand=+, nt=[ATGGCACGAC..GCGCCGTTGA]
11:55:11.700 - INFO - CDS - contig=contig_4, start=27760, stop=30216, strand=+, nt=[ATGAGCGCCG..GGCTGGTTAA]
11:55:11.700 - INFO - CDS - contig=contig_4, start=30786, stop=31292, strand=+, nt=[ATGGAATGGA..TGAGCCCTGA]
11:55:11.700 - INFO - CDS - contig=contig_4, start=31302, stop=31982, strand=-, nt=[ATGAAGCGGA..GTTTTCCTGA]
11:55:11.700 - INFO - CDS - contig=contig_4, start=32110, stop=32874, strand=-, nt=[ATGGAATCCA..GTACGAATAA]
11:55:11.700 - INFO - CDS - contig=contig_4, start=32970, stop=33650, strand=-, nt=[ATGGAGAAAA..GGAAAATTAA]
11:55:11.700 - INFO - CDS - contig=contig_4, start=33749, stop=35410, strand=+, nt=[ATGCGCAGCG..ACTGGAGTAA]
11:55:11.700 - INFO - CDS - contig=contig_4, start=35536, stop=35862, strand=+, nt=[GTGGCGCGCA..ATTCTCTTGA]
11:55:11.700 - INFO - CDS - contig=contig_4, start=35859, stop=37127, strand=+, nt=[TTGAAGGAGA..TGGTTTTTAA]
11:55:11.700 - INFO - CDS - contig=contig_4, start=37176, stop=38033, strand=-, nt=[ATGGGATTTA..ACCCTTCTGA]
11:55:11.700 - INFO - CDS - contig=contig_4, start=38071, stop=39057, strand=-, nt=[ATGAAAAAAA..GGGTCGCTGA]
11:55:11.700 - INFO - CDS - contig=contig_4, start=39069, stop=39614, strand=-, nt=[GTGAGCTTTT..CTACCGCTGA]
11:55:11.700 - INFO - CDS - contig=contig_4, start=39650, stop=40849, strand=-, nt=[ATGTCTGAGA..GAGAGGTTAA]
11:55:11.700 - INFO - CDS - contig=contig_4, start=40906, stop=41559, strand=-, nt=[GTGGCAAAGG..GGGCGGCTGA]
11:55:11.700 - INFO - CDS - contig=contig_4, start=41771, stop=42994, strand=+, nt=[ATGGTCCCCA..CGGTTTCTGA]
11:55:11.700 - INFO - CDS - contig=contig_4, start=43227, stop=43874, strand=+, nt=[ATGGTCAAGA..CCGGGGCTGA]
11:55:11.700 - INFO - CDS - contig=contig_4, start=43890, stop=44492, strand=+, nt=[ATGGAATACT..GGAAATGTGA]
11:55:11.700 - INFO - CDS - contig=contig_4, start=44622, stop=45095, strand=+, nt=[ATGACTTTGG..GGGATTTTGA]
11:55:11.700 - INFO - CDS - contig=contig_4, start=45095, stop=46528, strand=+, nt=[ATGGAACGCA..GCTGAAATGA]
11:55:11.700 - INFO - CDS - contig=contig_4, start=46777, stop=47631, strand=+, nt=[ATGGATTTTT..GCTTCCCTAA]
11:55:11.700 - INFO - CDS - contig=contig_4, start=47676, stop=48446, strand=-, nt=[TTGCAGGGGA..GAATATTTAA]
11:55:11.700 - INFO - CDS - contig=contig_4, start=48653, stop=51706, strand=-, nt=[ATGAAGCACT..ACTGCGATAA]
11:55:11.700 - INFO - CDS - contig=contig_4, start=51822, stop=53027, strand=-, nt=[GTGGGGGAAA..GGAAAAATAA]
11:55:11.700 - INFO - CDS - contig=contig_4, start=53294, stop=54124, strand=+, nt=[GTGGATGCCA..GCTGGCCTGA]
11:55:11.701 - INFO - CDS - contig=contig_4, start=54531, stop=56678, strand=-, nt=[ATGGGGCTGA..ATTTGCCTGA]
11:55:11.701 - INFO - CDS - contig=contig_4, start=56692, stop=56928, strand=-, nt=[ATGAGTCAGC..CGCGTCATAA]
11:55:11.701 - INFO - CDS - contig=contig_4, start=57012, stop=57437, strand=+, nt=[ATGAAGGAGA..AAAAAAATAA]
11:55:11.701 - INFO - CDS - contig=contig_4, start=57490, stop=57945, strand=-, nt=[ATGACAGATT..CTTTGACTGA]
11:55:11.701 - INFO - CDS - contig=contig_4, start=57960, stop=58391, strand=-, nt=[ATGAGAAAAC..CGGGGATTGA]
11:55:11.701 - INFO - CDS - contig=contig_4, start=58388, stop=58726, strand=-, nt=[ATGAGACTGT..GAAGGCATGA]
11:55:11.701 - INFO - CDS - contig=contig_4, start=58739, stop=59743, strand=-, nt=[ATGTCTGTGC..ACTCATTTAA]
11:55:11.701 - INFO - CDS - contig=contig_4, start=59722, stop=60033, strand=-, nt=[ATGAGTTCCA..TGGGATTTAA]
11:55:11.701 - INFO - CDS - contig=contig_4, start=60211, stop=60915, strand=-, nt=[ATGCGTACGC..GTGGAAGTAG]
11:55:11.701 - INFO - CDS - contig=contig_4, start=60890, stop=62317, strand=-, nt=[ATGAGCATCC..CGGCCTGTAA]
11:55:11.701 - INFO - CDS - contig=contig_4, start=62314, stop=63192, strand=-, nt=[ATGGAACATT..TTTCTCATGA]
11:55:11.701 - INFO - CDS - contig=contig_4, start=63194, stop=63811, strand=-, nt=[GTGAAAACAA..GGACGCATAA]
11:55:11.701 - INFO - CDS - contig=contig_4, start=64049, stop=64606, strand=-, nt=[ATGAGCGGCG..CCGGCGTTGA]
11:55:11.701 - INFO - CDS - contig=contig_4, start=64603, stop=65283, strand=-, nt=[ATGAGTGAGA..GCGCAGATGA]
11:55:11.701 - INFO - CDS - contig=contig_4, start=65398, stop=66807, strand=-, nt=[ATGGAAGAAA..GGCCCACTGA]
11:55:11.701 - INFO - CDS - contig=contig_4, start=66901, stop=67491, strand=-, nt=[ATGAAGATTC..GCTCCTGTGA]
11:55:11.701 - INFO - CDS - contig=contig_4, start=67488, stop=67970, strand=-, nt=[GTGCGGAAAA..GAAAGAATGA]
11:55:11.701 - INFO - CDS - contig=contig_4, start=67984, stop=68583, strand=-, nt=[ATGTCCGTAC..CAACACCTGA]
11:55:11.701 - INFO - CDS - contig=contig_4, start=68653, stop=69144, strand=-, nt=[GTGAGTCAAG..GACCTTTTGA]
11:55:11.701 - INFO - CDS - contig=contig_4, start=69141, stop=70157, strand=-, nt=[ATGGAAACCA..ACTGGGGTGA]
11:55:11.701 - INFO - CDS - contig=contig_4, start=70177, stop=70446, strand=-, nt=[ATGGAACTGC..CTACGAATAA]
11:55:11.701 - INFO - CDS - contig=contig_4, start=70509, stop=71570, strand=-, nt=[ATGCTGGATA..GACCCAGTGA]
11:55:11.701 - INFO - CDS - contig=contig_4, start=71582, stop=72211, strand=-, nt=[ATGAAAATGT..TGACCGATAA]
11:55:11.701 - INFO - CDS - contig=contig_4, start=72208, stop=74106, strand=-, nt=[ATGATCGACA..GAGGGGATGA]
11:55:11.701 - INFO - CDS - contig=contig_4, start=74162, stop=75553, strand=-, nt=[ATGGAAGCTC..AGAGCAGTGA]
11:55:11.701 - INFO - CDS - contig=contig_4, start=75570, stop=76622, strand=-, nt=[TTGAAAATCG..AAAACCCTGA]
11:55:11.701 - INFO - CDS - contig=contig_4, start=76871, stop=79393, strand=-, nt=[ATGACGGAAA..GCGGTCCTGA]
11:55:11.701 - INFO - CDS - contig=contig_4, start=79844, stop=81121, strand=+, nt=[ATGGTGAAAG..CCTGCACTGA]
11:55:11.701 - INFO - CDS - contig=contig_4, start=81290, stop=82483, strand=+, nt=[ATGAACCGGA..CACGGAGTGA]
11:55:11.701 - INFO - CDS - contig=contig_4, start=82491, stop=83723, strand=+, nt=[ATGAAGCAAC..GGTGGTCTGA]
11:55:11.701 - INFO - CDS - contig=contig_4, start=83788, stop=84273, strand=-, nt=[GTGTACACCA..GGAGGAGTAA]
11:55:11.701 - INFO - CDS - contig=contig_4, start=84409, stop=84585, strand=-, nt=[ATGAAGATGG..GGCATTTTGA]
11:55:11.701 - INFO - CDS - contig=contig_4, start=84593, stop=85018, strand=-, nt=[ATGGAAGAGG..TTTTTTATGA]
11:55:11.701 - INFO - CDS - contig=contig_4, start=85157, stop=85435, strand=-, nt=[ATGGAATTTC..ACGAGACTGA]
11:55:11.701 - INFO - CDS - contig=contig_4, start=85446, stop=86744, strand=-, nt=[ATGAATCGAC..TTTATTTTGA]
11:55:11.701 - INFO - CDS - contig=contig_4, start=86929, stop=87675, strand=+, nt=[ATGCTGCTGA..CCGCAGCTGA]
11:55:11.701 - INFO - CDS - contig=contig_4, start=87747, stop=88523, strand=-, nt=[ATGTTACTGG..CCCGCGATAA]
11:55:11.701 - INFO - CDS - contig=contig_4, start=88535, stop=89005, strand=-, nt=[ATGAAACTTT..AATCAAATGA]
11:55:11.701 - INFO - CDS - contig=contig_4, start=89075, stop=89353, strand=+, nt=[ATGAATCCAA..GCAAAAATAA]
11:55:11.701 - INFO - CDS - contig=contig_4, start=89384, stop=89860, strand=+, nt=[ATGGCGGATC..AGATGTATAA]
11:55:11.701 - INFO - CDS - contig=contig_4, start=89853, stop=90086, strand=+, nt=[ATGTATAATC..CCTGCTGTGA]
11:55:11.701 - INFO - CDS - contig=contig_4, start=90092, stop=90841, strand=-, nt=[TTGGAGCGCC..CGGGGGATAA]
11:55:11.701 - INFO - CDS - contig=contig_4, start=90890, stop=92041, strand=-, nt=[ATGAAGTCCA..AGTACAATAA]
11:55:11.701 - INFO - CDS - contig=contig_4, start=92038, stop=93111, strand=-, nt=[ATGCCTATTT..AGAGAAATGA]
11:55:11.701 - INFO - CDS - contig=contig_4, start=93188, stop=94186, strand=-, nt=[ATGAATAAAA..GCCCCGCTGA]
11:55:11.701 - INFO - CDS - contig=contig_4, start=94322, stop=95806, strand=+, nt=[ATGGATTTGG..GGGAGGCTGA]
11:55:11.702 - INFO - CDS - contig=contig_4, start=102138, stop=103055, strand=+, nt=[ATGCCCATCC..GCTCCTTTGA]
11:55:11.702 - INFO - CDS - contig=contig_4, start=103577, stop=103912, strand=+, nt=[ATGACCGTAA..GGGAACATGA]
11:55:11.702 - INFO - CDS - contig=contig_4, start=103912, stop=104649, strand=+, nt=[ATGAGACTCT..ACGCACTTGA]
11:55:11.702 - INFO - CDS - contig=contig_4, start=104754, stop=105248, strand=+, nt=[ATGCCCAATG..GTATAAATGA]
11:55:11.702 - INFO - CDS - contig=contig_4, start=105245, stop=105781, strand=+, nt=[ATGAAAGAGC..CAACATTTGA]
11:55:11.702 - INFO - CDS - contig=contig_4, start=105795, stop=106163, strand=+, nt=[TTGAAGAGCC..CGCAGAATGA]
11:55:11.702 - INFO - CDS - contig=contig_4, start=106177, stop=107979, strand=+, nt=[ATGAGTCGAA..GAAAATGTAA]
11:55:11.702 - INFO - CDS - contig=contig_4, start=107995, stop=109761, strand=+, nt=[ATGGAAAAGA..CAACATCTGA]
11:55:11.702 - INFO - CDS - contig=contig_4, start=109869, stop=110297, strand=-, nt=[ATGAGCAAAA..GGCCGGCTAA]
11:55:11.702 - INFO - CDS - contig=contig_4, start=110332, stop=110913, strand=-, nt=[ATGCAGCAGA..AACGGCCTGA]
11:55:11.702 - INFO - CDS - contig=contig_4, start=111174, stop=111896, strand=+, nt=[ATGTCCGAAA..CCTGCGGTAA]
11:55:11.702 - INFO - CDS - contig=contig_4, start=111971, stop=112207, strand=+, nt=[ATGAGCAATT..GACGCTGTAA]
11:55:11.702 - INFO - CDS - contig=contig_4, start=112213, stop=112869, strand=+, nt=[ATGATGGACA..TGGACTATGA]
11:55:11.702 - INFO - CDS - contig=contig_4, start=112859, stop=113929, strand=+, nt=[ATGGACTATG..TGGAGGCTGA]
11:55:11.702 - INFO - CDS - contig=contig_4, start=113910, stop=115106, strand=+, nt=[GTGATACTTA..CCGCTGCTGA]
11:55:11.702 - INFO - CDS - contig=contig_4, start=115182, stop=116615, strand=+, nt=[ATGGCACTGT..GGAGGGATAA]
11:55:11.702 - INFO - CDS - contig=contig_4, start=116617, stop=117744, strand=+, nt=[ATGATCGGCT..CTATCGCTGA]
11:55:11.702 - INFO - CDS - contig=contig_4, start=117870, stop=118274, strand=+, nt=[ATGAAAATTG..AAACCACTGA]
11:55:11.702 - INFO - CDS - contig=contig_4, start=118353, stop=118697, strand=-, nt=[ATGGCGCGTC..AGGGATCTGA]
11:55:11.702 - INFO - CDS - contig=contig_4, start=118820, stop=119263, strand=-, nt=[ATGGACATGA..CCTGACCTGA]
11:55:11.702 - INFO - CDS - contig=contig_4, start=119391, stop=120770, strand=-, nt=[ATGAAAACCA..GAATCGATAA]
11:55:11.702 - INFO - CDS - contig=contig_4, start=120970, stop=121119, strand=-, nt=[ATGAGCACAA..GACCGAGTAG]
11:55:11.702 - INFO - CDS - contig=contig_4, start=121269, stop=122471, strand=+, nt=[ATGGAACGGG..TTCCCCCTGA]
11:55:11.702 - INFO - CDS - contig=contig_4, start=122475, stop=122981, strand=-, nt=[ATGCCGATCC..GGAACTTTGA]
11:55:11.702 - INFO - CDS - contig=contig_4, start=122998, stop=124077, strand=-, nt=[ATGTCCCGGA..ATTTTCGTGA]
11:55:11.702 - INFO - CDS - contig=contig_4, start=124232, stop=128029, strand=-, nt=[ATGAGTTACG..CGAAGAATAA]
11:55:11.702 - INFO - CDS - contig=contig_4, start=128048, stop=131746, strand=-, nt=[ATGGTCAAGG..CGACGAATAA]
11:55:11.702 - INFO - CDS - contig=contig_4, start=132063, stop=133424, strand=+, nt=[ATGTTCGGGG..GGTCGATTAG]
11:55:11.702 - INFO - CDS - contig=contig_4, start=133480, stop=134760, strand=-, nt=[ATGACTTTTT..GGTGATGTAA]
11:55:11.702 - INFO - CDS - contig=contig_4, start=134921, stop=135214, strand=+, nt=[ATGGCTGACA..CGGGAAATAA]
11:55:11.702 - INFO - CDS - contig=contig_4, start=135261, stop=136172, strand=+, nt=[ATGCCTTTTT..GATCTTCTGA]
11:55:11.702 - INFO - CDS - contig=contig_4, start=136325, stop=136717, strand=-, nt=[ATGGCTTTTT..CCAGGCGTAA]
11:55:11.702 - INFO - CDS - contig=contig_4, start=136919, stop=137722, strand=+, nt=[ATGACCCCTG..CCTGGGCTAA]
11:55:11.702 - INFO - CDS - contig=contig_4, start=137753, stop=138640, strand=-, nt=[ATGGAGTATT..CGATATGTAG]
11:55:11.702 - INFO - CDS - contig=contig_4, start=138801, stop=140021, strand=+, nt=[ATGCAAAAAA..GAACACCTGA]
11:55:11.702 - INFO - CDS - contig=contig_4, start=140076, stop=141452, strand=-, nt=[ATGCAGGGCG..GGAAAGCTGA]
11:55:11.702 - INFO - CDS - contig=contig_4, start=141457, stop=142260, strand=-, nt=[ATGCCGGCTC..GGGAGTGTGA]
11:55:11.702 - INFO - CDS - contig=contig_4, start=142401, stop=142664, strand=-, nt=[ATGTACATGA..CGGAGATTGA]
11:55:11.702 - INFO - CDS - contig=contig_4, start=142833, stop=145205, strand=-, nt=[ATGCAGGACG..GCTGAAATGA]
11:55:11.702 - INFO - CDS - contig=contig_4, start=145231, stop=147288, strand=-, nt=[ATGGCAAAGC..GCTGCTGTAA]
11:55:11.702 - INFO - CDS - contig=contig_4, start=147290, stop=147505, strand=-, nt=[ATGACATTGG..GGTGGCGTGA]
11:55:11.702 - INFO - CDS - contig=contig_4, start=147567, stop=148325, strand=-, nt=[ATGCACGTTG..GCCGGGATGA]
11:55:11.702 - INFO - CDS - contig=contig_4, start=148340, stop=148447, strand=-, nt=[ATGACCTCGG..GAGCGCCTGA]
11:55:11.702 - INFO - CDS - contig=contig_4, start=148549, stop=149442, strand=-, nt=[ATGGAAAAGA..GGACGATTAA]
11:55:11.702 - INFO - CDS - contig=contig_4, start=149452, stop=149994, strand=-, nt=[ATGGCAAAGC..AGAAAGTTGA]
11:55:11.702 - INFO - CDS - contig=contig_4, start=149994, stop=150965, strand=-, nt=[TTGATCGAAC..GAAAAAGTGA]
11:55:11.702 - INFO - CDS - contig=contig_4, start=151004, stop=152203, strand=-, nt=[GTGGGACGAG..GGCGGGATAG]
11:55:11.702 - INFO - CDS - contig=contig_4, start=152216, stop=152494, strand=-, nt=[ATGGAGCGAA..GCTGACGTGA]
11:55:11.703 - INFO - CDS - contig=contig_4, start=152543, stop=153550, strand=-, nt=[ATGGCATGGA..CCACTCATGA]
11:55:11.703 - INFO - CDS - contig=contig_4, start=153670, stop=155046, strand=+, nt=[ATGACAAACA..CGGGGACTGA]
11:55:11.703 - INFO - CDS - contig=contig_4, start=155143, stop=155745, strand=-, nt=[ATGAAAGAGA..GCAGGGTTGA]
11:55:11.703 - INFO - CDS - contig=contig_4, start=155838, stop=156863, strand=-, nt=[ATGTTCAGTA..CAACGGATAA]
11:55:11.703 - INFO - CDS - contig=contig_4, start=156994, stop=157641, strand=-, nt=[ATGCCGGCGA..GGCCAGGTAA]
11:55:11.703 - INFO - CDS - contig=contig_4, start=157628, stop=157822, strand=-, nt=[ATGCCCAAAA..CGGCGATTGA]
11:55:11.703 - INFO - CDS - contig=contig_4, start=158095, stop=160308, strand=-, nt=[GTGGAAGAGA..GGGAGAGTGA]
11:55:11.703 - INFO - CDS - contig=contig_4, start=160379, stop=160726, strand=-, nt=[ATGCGGGCAA..CGGGCATTGA]
11:55:11.703 - INFO - CDS - contig=contig_4, start=160778, stop=161263, strand=-, nt=[TTGGATTTAC..CATGATCTGA]
11:55:11.703 - INFO - CDS - contig=contig_4, start=161341, stop=164178, strand=-, nt=[ATGCTCGACC..CGGGGGCTGA]
11:55:11.703 - INFO - CDS - contig=contig_4, start=164221, stop=165003, strand=-, nt=[ATGTCACAGT..CATCGCCTGA]
11:55:11.703 - INFO - CDS - contig=contig_4, start=165006, stop=166973, strand=-, nt=[ATGCCGGAAT..AGGAAGGTAA]
11:55:11.703 - INFO - CDS - contig=contig_4, start=167048, stop=167725, strand=-, nt=[ATGTCCATAC..TTCGGGGTGA]
11:55:11.703 - INFO - CDS - contig=contig_4, start=167752, stop=168423, strand=-, nt=[ATGACCTATC..CGGGAAATAA]
11:55:11.703 - INFO - CDS - contig=contig_4, start=168623, stop=169090, strand=-, nt=[ATGGAACATG..GCAGATCTGA]
11:55:11.703 - INFO - CDS - contig=contig_4, start=169110, stop=169562, strand=-, nt=[ATGTTTAACT..GCCGGTCTGA]
11:55:11.703 - INFO - CDS - contig=contig_4, start=170047, stop=170874, strand=-, nt=[ATGCCTGAAA..CTGCGGCTGA]
11:55:11.703 - INFO - CDS - contig=contig_4, start=170973, stop=171329, strand=-, nt=[ATGACCAGCT..TTCGGATTGA]
11:55:11.703 - INFO - CDS - contig=contig_4, start=171460, stop=171948, strand=+, nt=[ATGAAATTGT..GTTCGGCTGA]
11:55:11.703 - INFO - CDS - contig=contig_4, start=171997, stop=172518, strand=-, nt=[ATGACACTGA..CAGCGGATAA]
11:55:11.703 - INFO - CDS - contig=contig_4, start=172531, stop=174072, strand=-, nt=[ATGACGCTGA..TCTCATGTGA]
11:55:11.703 - INFO - CDS - contig=contig_4, start=174101, stop=177586, strand=-, nt=[ATGGCCTTTG..CGTCAAATGA]
11:55:11.703 - INFO - CDS - contig=contig_4, start=177751, stop=178077, strand=-, nt=[ATGTCGGTTG..GTTGGAGTGA]
11:55:11.703 - INFO - CDS - contig=contig_4, start=178093, stop=178989, strand=-, nt=[ATGTCTTTTT..AGAGGCGTGA]
11:55:11.703 - INFO - CDS - contig=contig_4, start=179054, stop=180064, strand=-, nt=[ATGGAGACCC..GATATTTTGA]
11:55:11.703 - INFO - CDS - contig=contig_4, start=180064, stop=180927, strand=-, nt=[ATGGAATTTA..GGCCCAGTGA]
11:55:11.703 - INFO - CDS - contig=contig_4, start=180912, stop=181856, strand=-, nt=[ATGGATCGCT..TTTATCGTGA]
11:55:11.703 - INFO - CDS - contig=contig_4, start=181943, stop=183643, strand=-, nt=[ATGCTTTCAG..GGCAAATTGA]
11:55:11.703 - INFO - CDS - contig=contig_4, start=183705, stop=184157, strand=-, nt=[ATGAAAAGCA..GCTGTCCTGA]
11:55:11.703 - INFO - CDS - contig=contig_4, start=184161, stop=185027, strand=-, nt=[GTGAAGATCG..GAGGATGTGA]
11:55:11.703 - INFO - CDS - contig=contig_4, start=185024, stop=185833, strand=-, nt=[ATGGAGAAAA..AATGCCGTGA]
11:55:11.703 - INFO - CDS - contig=contig_4, start=185799, stop=187670, strand=-, nt=[TTGAATCTTC..TGCTCTTTGA]
11:55:11.703 - INFO - CDS - contig=contig_4, start=187704, stop=188165, strand=-, nt=[ATGAATTTTG..TACCCGCTGA]
11:55:11.703 - INFO - CDS - contig=contig_4, start=188176, stop=189054, strand=-, nt=[GTGACTTACC..GATGAATTAG]
11:55:11.703 - INFO - CDS - contig=contig_4, start=189051, stop=189287, strand=-, nt=[ATGGCACAGA..GGAGCCGTGA]
11:55:11.703 - INFO - CDS - contig=contig_4, start=189336, stop=190523, strand=-, nt=[ATGGCCCAGA..AGTGTTATAA]
11:55:11.703 - INFO - CDS - contig=contig_4, start=190525, stop=191460, strand=-, nt=[ATGGTCACCC..GGGGGAGTGA]
11:55:11.703 - INFO - CDS - contig=contig_4, start=191463, stop=191957, strand=-, nt=[ATGACCAGAA..CGGGGAGTGA]
11:55:11.703 - INFO - CDS - contig=contig_4, start=192159, stop=192551, strand=-, nt=[ATGGCCGAAG..TCAGGTGTAA]
11:55:11.703 - INFO - CDS - contig=contig_4, start=192655, stop=193230, strand=-, nt=[ATGAAACTCT..AGAAGGGTGA]
11:55:11.703 - INFO - CDS - contig=contig_4, start=193241, stop=193753, strand=-, nt=[ATGAGCGGAA..GGGAAAGTGA]
11:55:11.703 - INFO - CDS - contig=contig_4, start=193750, stop=194229, strand=-, nt=[ATGACCTTTT..TGTGCCATGA]
11:55:11.703 - INFO - CDS - contig=contig_4, start=194226, stop=195317, strand=-, nt=[ATGATAAAGG..TGTGGGATGA]
11:55:11.703 - INFO - CDS - contig=contig_4, start=195371, stop=195754, strand=-, nt=[ATGGATATTT..TCTGCTGTGA]
11:55:11.704 - INFO - CDS - contig=contig_4, start=195761, stop=195955, strand=-, nt=[ATGGACGTGG..TGGGCTGTGA]
11:55:11.704 - INFO - CDS - contig=contig_4, start=195969, stop=196481, strand=-, nt=[ATGTTAAAAC..ACTGCTGTGA]
11:55:11.704 - INFO - CDS - contig=contig_4, start=196475, stop=197374, strand=-, nt=[ATGGAAGGTT..GCCATGTTAA]
11:55:11.704 - INFO - CDS - contig=contig_4, start=197521, stop=198522, strand=-, nt=[ATGAAGATCA..CTGGGTTTGA]
11:55:11.704 - INFO - CDS - contig=contig_4, start=198604, stop=199311, strand=-, nt=[ATGCTGGAAT..AAAGGAATAA]
11:55:11.704 - INFO - CDS - contig=contig_4, start=199316, stop=200644, strand=-, nt=[ATGGCGAGAC..GGAGGGGTAA]
11:55:11.704 - INFO - CDS - contig=contig_4, start=200836, stop=201030, strand=-, nt=[ATGGCAGTCC..CGCGAAGTAA]
11:55:11.704 - INFO - CDS - contig=contig_4, start=201070, stop=201591, strand=-, nt=[ATGCGTTTAG..AGAAACATGA]
11:55:11.704 - INFO - CDS - contig=contig_4, start=201760, stop=202734, strand=+, nt=[ATGAAGGAAT..TCGGCTGTGA]
11:55:11.704 - INFO - CDS - contig=contig_4, start=202865, stop=203989, strand=+, nt=[ATGTCCAAAG..TGAAGAATAA]
11:55:11.704 - INFO - CDS - contig=contig_4, start=203979, stop=204788, strand=+, nt=[ATGAAGAATA..GACCCTGTGA]
11:55:11.704 - INFO - CDS - contig=contig_4, start=204785, stop=205639, strand=+, nt=[GTGAAAAAGA..CGCCCAGTGA]
11:55:11.704 - INFO - CDS - contig=contig_4, start=205703, stop=206770, strand=+, nt=[TTGAAAAAGA..CGAATCCTGA]
11:55:11.704 - INFO - CDS - contig=contig_4, start=207055, stop=210408, strand=+, nt=[ATGAAGCGAA..CGCCGAATAA]
11:55:11.704 - INFO - CDS - contig=contig_4, start=210527, stop=210922, strand=+, nt=[ATGTCTATTT..GAACAACTGA]
11:55:11.704 - INFO - CDS - contig=contig_4, start=210922, stop=211395, strand=+, nt=[ATGTCCATCG..TTCTGGCTGA]
11:55:11.704 - INFO - CDS - contig=contig_4, start=211409, stop=211951, strand=+, nt=[ATGAAAGGGA..CCGGGACTGA]
11:55:11.704 - INFO - CDS - contig=contig_4, start=211977, stop=212654, strand=+, nt=[ATGGAATATC..CGGAAATTAA]
11:55:11.704 - INFO - CDS - contig=contig_4, start=213027, stop=213326, strand=-, nt=[ATGACGCCGG..GATCGCGTGA]
11:55:11.704 - INFO - CDS - contig=contig_4, start=213331, stop=213600, strand=-, nt=[ATGGATTTCG..GGGAGAGTGA]
11:55:11.704 - INFO - CDS - contig=contig_4, start=213617, stop=214978, strand=-, nt=[ATGAGCAAGC..GCTGATTTGA]
11:55:11.704 - INFO - CDS - contig=contig_4, start=214975, stop=215100, strand=-, nt=[ATGTTTGAGA..CAAGAAATGA]
11:55:11.704 - INFO - CDS - contig=contig_4, start=215093, stop=215458, strand=-, nt=[ATGAAGGTAT..GAATGTTTGA]
11:55:11.704 - INFO - CDS - contig=contig_4, start=215461, stop=216690, strand=-, nt=[ATGAAAGATA..GGGCAGCTAA]
11:55:11.704 - INFO - CDS - contig=contig_4, start=216693, stop=217082, strand=-, nt=[ATGAGCATCA..GGAGGTCTAA]
11:55:11.704 - INFO - CDS - contig=contig_4, start=217079, stop=218749, strand=-, nt=[ATGAGTACCA..GGTAACATGA]
11:55:11.704 - INFO - CDS - contig=contig_4, start=218746, stop=219123, strand=-, nt=[ATGGTCATCA..GAGCGCATGA]
11:55:11.704 - INFO - CDS - contig=contig_4, start=219138, stop=222029, strand=-, nt=[ATGGCAGCCG..GGATAAATGA]
11:55:11.704 - INFO - CDS - contig=contig_4, start=222216, stop=222830, strand=-, nt=[GTGAACATCC..TACCCATTGA]
11:55:11.704 - INFO - CDS - contig=contig_4, start=222827, stop=223198, strand=-, nt=[ATGCTTTTCC..CAAAGCGTGA]
11:55:11.704 - INFO - CDS - contig=contig_4, start=223213, stop=223719, strand=-, nt=[ATGAAACTTT..TGAGACGTAA]
11:55:11.704 - INFO - CDS - contig=contig_4, start=223723, stop=224148, strand=-, nt=[ATGACCATTA..AGATAAGTGA]
11:55:11.704 - INFO - CDS - contig=contig_4, start=224145, stop=224570, strand=-, nt=[ATGAAAGTGA..ACCCAAATGA]
11:55:11.704 - INFO - CDS - contig=contig_4, start=224567, stop=224908, strand=-, nt=[ATGCTGGCCT..GGGCCAATGA]
11:55:11.704 - INFO - CDS - contig=contig_4, start=224908, stop=225264, strand=-, nt=[GTGCTGACAG..GGTGAGGTGA]
11:55:11.704 - INFO - CDS - contig=contig_4, start=225283, stop=225450, strand=-, nt=[ATGGGTAAAA..GGAGCAGTAA]
11:55:11.704 - INFO - CDS - contig=contig_4, start=225462, stop=226334, strand=-, nt=[ATGCCTAATG..CAAGGCGTAA]
11:55:11.704 - INFO - CDS - contig=contig_4, start=226341, stop=226931, strand=-, nt=[ATGAAACGCG..GAAGGAGTAA]
11:55:11.704 - INFO - CDS - contig=contig_4, start=227097, stop=227300, strand=-, nt=[ATGAAAAAGC..AGATTATTAA]
11:55:11.704 - INFO - CDS - contig=contig_4, start=227284, stop=228813, strand=-, nt=[ATGCTCACCC..AGCACGGTGA]
11:55:11.704 - INFO - CDS - contig=contig_4, start=228817, stop=230229, strand=-, nt=[ATGCTACAAC..GGAGGAGTAA]
11:55:11.704 - INFO - CDS - contig=contig_4, start=230229, stop=231491, strand=-, nt=[ATGACATCCC..GGGGCAATAA]
11:55:11.704 - INFO - CDS - contig=contig_4, start=231466, stop=231960, strand=-, nt=[ATGACAAGAA..AACAGATTAA]
11:55:11.704 - INFO - CDS - contig=contig_4, start=232088, stop=232525, strand=-, nt=[ATGAACTGGA..GGAGACCTAA]
11:55:11.704 - INFO - CDS - contig=contig_4, start=232569, stop=232823, strand=-, nt=[ATGGAGGACA..GGAGGCGTAA]
11:55:11.704 - INFO - CDS - contig=contig_4, start=233300, stop=234406, strand=-, nt=[ATGAGCGGGG..GCGCCTATGA]
11:55:11.704 - INFO - CDS - contig=contig_4, start=234403, stop=234972, strand=-, nt=[ATGCCTGAAC..TTCGACATGA]
11:55:11.705 - INFO - CDS - contig=contig_4, start=234965, stop=235852, strand=-, nt=[ATGGCAAACG..CGATGCCTGA]
11:55:11.705 - INFO - CDS - contig=contig_4, start=235871, stop=236593, strand=-, nt=[ATGAAGTTTA..GAAACAATGA]
11:55:11.705 - INFO - CDS - contig=contig_4, start=236590, stop=237201, strand=-, nt=[ATGAAAATTA..CCCGATATGA]
11:55:11.705 - INFO - CDS - contig=contig_4, start=237191, stop=239128, strand=-, nt=[ATGAAACAAA..TGAAAATTAA]
11:55:11.705 - INFO - CDS - contig=contig_4, start=239153, stop=239632, strand=-, nt=[GTGGAAAAAG..GTACGCCTGA]
11:55:11.705 - INFO - CDS - contig=contig_4, start=239742, stop=240269, strand=-, nt=[ATGAGCAAAT..ATGGAGATGA]
11:55:11.705 - INFO - CDS - contig=contig_4, start=240281, stop=240553, strand=-, nt=[ATGCCCTACA..CAAAAGTTAG]
11:55:11.705 - INFO - CDS - contig=contig_4, start=240569, stop=241351, strand=-, nt=[GTGAACGAAC..CGCCGTGTGA]
11:55:11.705 - INFO - CDS - contig=contig_4, start=241348, stop=241665, strand=-, nt=[ATGAACGACA..GGGTCAGTGA]
11:55:11.705 - INFO - CDS - contig=contig_4, start=241964, stop=242122, strand=-, nt=[ATGGAGCAAG..CTCCCTTTAA]
11:55:11.705 - INFO - CDS - contig=contig_4, start=242927, stop=243412, strand=+, nt=[ATGGGTTTGT..AGATCTTTGA]
11:55:11.705 - INFO - CDS - contig=contig_4, start=243940, stop=244170, strand=-, nt=[ATGCCGGTTG..CAGCGCATAA]
11:55:11.705 - INFO - CDS - contig=contig_4, start=244339, stop=244770, strand=+, nt=[ATGGGCTTCG..AGTTCCTTGA]
11:55:11.705 - INFO - CDS - contig=contig_4, start=244742, stop=245350, strand=-, nt=[ATGAACTACA..TCGCCAATAA]
11:55:11.705 - INFO - CDS - contig=contig_4, start=245502, stop=246356, strand=+, nt=[ATGGACAAAA..CGATAAATAA]
11:55:11.705 - INFO - CDS - contig=contig_4, start=246475, stop=247548, strand=+, nt=[ATGAAAACCA..CGAGAAATAA]
11:55:11.705 - INFO - CDS - contig=contig_4, start=247822, stop=249585, strand=+, nt=[TTGAGTAACG..CGCTGAATGA]
11:55:11.705 - INFO - CDS - contig=contig_4, start=249766, stop=250284, strand=-, nt=[ATGATGGCGA..GGAGAAGTAA]
11:55:11.705 - INFO - CDS - contig=contig_4, start=250281, stop=250778, strand=-, nt=[ATGAAAACAG..GAATCGATGA]
11:55:11.705 - INFO - CDS - contig=contig_4, start=250811, stop=251362, strand=-, nt=[ATGAGGATCA..CTCACTGTGA]
11:55:11.705 - INFO - CDS - contig=contig_4, start=251359, stop=253215, strand=-, nt=[ATGACCTTTG..ATCACCATGA]
11:55:11.705 - INFO - CDS - contig=contig_4, start=253263, stop=253832, strand=-, nt=[ATGGCAAAGC..CCCGAAATAA]
11:55:11.705 - INFO - CDS - contig=contig_4, start=253861, stop=254895, strand=-, nt=[GTGAACGAAC..GGGACAGTAA]
11:55:11.705 - INFO - CDS - contig=contig_4, start=255077, stop=255835, strand=-, nt=[ATGGAAGGAA..GGGGGGCTGA]
11:55:11.705 - INFO - CDS - contig=contig_4, start=255847, stop=256653, strand=-, nt=[ATGAACGTAT..CAGCGACTGA]
11:55:11.705 - INFO - CDS - contig=contig_4, start=256650, stop=257402, strand=-, nt=[ATGAGTGAAT..AATGAGATGA]
11:55:11.705 - INFO - CDS - contig=contig_4, start=257841, stop=258986, strand=+, nt=[ATGTACTTTA..AAATCGGTGA]
11:55:11.705 - INFO - CDS - contig=contig_4, start=259088, stop=259300, strand=+, nt=[ATGAAACAGG..GCGGATTTAA]
11:55:11.705 - INFO - CDS - contig=contig_4, start=259343, stop=259819, strand=+, nt=[TTGCAGGAAG..GTCACGATGA]
11:55:11.705 - INFO - CDS - contig=contig_4, start=259816, stop=261621, strand=+, nt=[ATGAAGCCGG..CGCGGAATAA]
11:55:11.705 - INFO - CDS - contig=contig_4, start=261650, stop=261877, strand=+, nt=[ATGGGACACT..CGGCCAGTAA]
11:55:11.705 - INFO - CDS - contig=contig_4, start=261974, stop=262189, strand=+, nt=[ATGGAATTTT..GCTGGGATAA]
11:55:11.705 - INFO - CDS - contig=contig_4, start=262261, stop=263124, strand=+, nt=[ATGATCGGTG..TGCTCACTAA]
11:55:11.705 - INFO - CDS - contig=contig_4, start=263496, stop=265901, strand=+, nt=[TTGTCCAAAA..GACGGTATGA]
11:55:11.705 - INFO - CDS - contig=contig_4, start=265921, stop=267876, strand=+, nt=[ATGGAACCCT..TTTGCCTTAA]
11:55:11.705 - INFO - CDS - contig=contig_4, start=267900, stop=268157, strand=+, nt=[ATGGCAATGA..AGAAATCTAA]
11:55:11.705 - INFO - CDS - contig=contig_4, start=268144, stop=268905, strand=+, nt=[ATGAAGAAAT..CGAAGTATGA]
11:55:11.705 - INFO - CDS - contig=contig_4, start=268902, stop=270992, strand=+, nt=[ATGAGCTATC..CAAAAACTAA]
11:55:11.705 - INFO - CDS - contig=contig_4, start=271119, stop=275057, strand=+, nt=[ATGAGCGAAG..GGAGGTATGA]
11:55:11.705 - INFO - CDS - contig=contig_4, start=275061, stop=275261, strand=+, nt=[ATGTATTTCA..AGACGAGTGA]
11:55:11.705 - INFO - CDS - contig=contig_4, start=275334, stop=276080, strand=-, nt=[ATGAATCAAG..AATAGGCTAA]
11:55:11.705 - INFO - CDS - contig=contig_4, start=276103, stop=277026, strand=-, nt=[ATGAAGAAGA..CAATGAATAA]
11:55:11.705 - INFO - CDS - contig=contig_4, start=277252, stop=277623, strand=-, nt=[ATGAACATAC..AGGGCGGTAA]
11:55:11.705 - INFO - CDS - contig=contig_4, start=277620, stop=278954, strand=-, nt=[ATGGCAGTTA..GGAACGATGA]
11:55:11.705 - INFO - CDS - contig=contig_4, start=278915, stop=279244, strand=-, nt=[ATGGCAAACC..TCAACGCTGA]
11:55:11.705 - INFO - CDS - contig=contig_4, start=279622, stop=280458, strand=+, nt=[ATGAAACAAA..GATCTCATAG]
11:55:11.705 - INFO - CDS - contig=contig_4, start=281108, stop=282295, strand=+, nt=[ATGCAAATTA..AAGAGATTGA]
11:55:11.705 - INFO - CDS - contig=contig_4, start=282317, stop=283609, strand=+, nt=[ATGTACACAT..AGTTCCTTAA]
11:55:11.705 - INFO - CDS - contig=contig_4, start=283587, stop=284624, strand=+, nt=[ATGATAAAGT..TGCGAAATAA]
11:55:11.706 - INFO - CDS - contig=contig_4, start=285212, stop=285655, strand=+, nt=[ATGGAAACGA..ACGCGGATGA]
11:55:11.706 - INFO - CDS - contig=contig_4, start=285652, stop=285891, strand=+, nt=[ATGAAGGAAC..CTTGAAGTAA]
11:55:11.706 - INFO - CDS - contig=contig_4, start=286321, stop=286524, strand=+, nt=[ATGAGTAATA..CACAATCTAG]
11:55:11.706 - INFO - CDS - contig=contig_4, start=286604, stop=287881, strand=+, nt=[ATGTCAAAAA..AGCCGCATAG]
11:55:11.706 - INFO - CDS - contig=contig_4, start=288121, stop=288657, strand=-, nt=[ATGAAGTTCA..CGACACCTGA]
11:55:11.706 - INFO - CDS - contig=contig_4, start=288772, stop=289614, strand=-, nt=[ATGCGTGAAA..TCTTTTATAA]
11:55:11.706 - INFO - CDS - contig=contig_4, start=289813, stop=291144, strand=-, nt=[ATGCGCCGCA..GAGCCGGTGA]
11:55:11.706 - INFO - CDS - contig=contig_4, start=291171, stop=292619, strand=-, nt=[GTGAAGAGCA..CATTGCCTGA]
11:55:11.706 - INFO - CDS - contig=contig_4, start=292616, stop=293308, strand=-, nt=[GTGGCACAAA..CACGCCGTGA]
11:55:11.706 - INFO - CDS - contig=contig_4, start=293392, stop=294561, strand=-, nt=[TTGATCGAGT..CACGGAATAG]
11:55:11.706 - INFO - CDS - contig=contig_4, start=294730, stop=295500, strand=-, nt=[ATGGAGACGC..TGTGGAGTGA]
11:55:11.706 - INFO - CDS - contig=contig_4, start=295754, stop=296767, strand=+, nt=[ATGAGCATTA..CCACAAGTAA]
11:55:11.706 - INFO - CDS - contig=contig_4, start=296904, stop=298382, strand=-, nt=[ATGAAAACGC..GGAGGGCTGA]
11:55:11.706 - INFO - CDS - contig=contig_4, start=298591, stop=299718, strand=+, nt=[ATGTCCATCT..CCTGCTGTAA]
11:55:11.706 - INFO - CDS - contig=contig_4, start=299733, stop=301109, strand=+, nt=[GTGTTTTCCT..GGTAGACTGA]
11:55:11.706 - INFO - CDS - contig=contig_4, start=301331, stop=302377, strand=+, nt=[TTGGATCTGA..GGATCAGTGA]
11:55:11.706 - INFO - CDS - contig=contig_4, start=302412, stop=302972, strand=+, nt=[TTGAGTAAAA..GGCCAATTAG]
11:55:11.706 - INFO - CDS - contig=contig_4, start=303029, stop=304897, strand=+, nt=[ATGTCTAAAA..CAAGAAATAA]
11:55:11.706 - INFO - CDS - contig=contig_4, start=305175, stop=306326, strand=+, nt=[ATGGCTGAAC..AAAGAAATAA]
11:55:11.706 - INFO - CDS - contig=contig_4, start=306382, stop=308340, strand=+, nt=[ATGCAGTATA..GCCATTTTAA]
11:55:11.706 - INFO - CDS - contig=contig_4, start=308353, stop=309156, strand=+, nt=[ATGTTTCTCA..CCGGCTGTGA]
11:55:11.706 - INFO - CDS - contig=contig_4, start=309217, stop=309651, strand=+, nt=[ATGATCGCAC..GGAGGACTGA]
11:55:11.706 - INFO - CDS - contig=contig_4, start=309730, stop=310761, strand=-, nt=[ATGGCACGCC..CAGCTTCTGA]
11:55:11.706 - INFO - CDS - contig=contig_4, start=310887, stop=311624, strand=-, nt=[TTGCGTTTGG..TTATCCGTAA]
11:55:11.706 - INFO - CDS - contig=contig_4, start=311712, stop=312392, strand=-, nt=[ATGTTTCAAG..AGAGCCGTAA]
11:55:11.706 - INFO - CDS - contig=contig_4, start=312414, stop=314246, strand=-, nt=[ATGGAAGAAA..CGAAGCCTGA]
11:55:11.706 - INFO - CDS - contig=contig_4, start=314443, stop=315627, strand=+, nt=[ATGTCAAACA..CTTTTCTTAA]
11:55:11.706 - INFO - CDS - contig=contig_4, start=315681, stop=316292, strand=-, nt=[ATGAGGGGTT..GGAGCTTTGA]
11:55:11.706 - INFO - CDS - contig=contig_4, start=316289, stop=317137, strand=-, nt=[ATGGAATACG..CTTGGGATGA]
11:55:11.706 - INFO - CDS - contig=contig_4, start=317141, stop=317515, strand=-, nt=[ATGGACATCA..GGAGGAATAG]
11:55:11.706 - INFO - CDS - contig=contig_4, start=317657, stop=318574, strand=+, nt=[GTGCAGTTAC..GGACCACTGA]
11:55:11.706 - INFO - CDS - contig=contig_4, start=318781, stop=319947, strand=+, nt=[ATGATCCCTA..CCTGTTGTAA]
11:55:11.706 - INFO - CDS - contig=contig_4, start=319979, stop=321139, strand=+, nt=[ATGAAAACAT..TCGGCTGTAA]
11:55:11.706 - INFO - CDS - contig=contig_4, start=321176, stop=321823, strand=+, nt=[ATGCCTGACA..GGGAAAATAA]
11:55:11.706 - INFO - CDS - contig=contig_4, start=321825, stop=322337, strand=+, nt=[ATGGCCGACA..TATCTTCTGA]
11:55:11.706 - INFO - CDS - contig=contig_4, start=322507, stop=322803, strand=+, nt=[ATGATCCGAT..CCCCGACTGA]
11:55:11.706 - INFO - CDS - contig=contig_4, start=322934, stop=324103, strand=-, nt=[ATGTTCCGTA..CACCCACTGA]
11:55:11.706 - INFO - CDS - contig=contig_4, start=324186, stop=325271, strand=-, nt=[ATGGGAAACC..GAATCACTGA]
11:55:11.706 - INFO - CDS - contig=contig_4, start=325496, stop=325840, strand=+, nt=[ATGAATCTTT..AGAGGAATAA]
11:55:11.706 - INFO - CDS - contig=contig_4, start=325843, stop=326262, strand=+, nt=[ATGGAACCTG..CAAGATCTGA]
11:55:11.706 - INFO - CDS - contig=contig_4, start=326349, stop=327680, strand=+, nt=[TTGGAACACT..TCATACATAA]
11:55:11.706 - INFO - CDS - contig=contig_4, start=327735, stop=327974, strand=-, nt=[ATGGCTATGG..GACCGACTAA]
11:55:11.706 - INFO - CDS - contig=contig_4, start=328013, stop=328474, strand=-, nt=[ATGCTCAACC..GCCGTTTTGA]
11:55:11.706 - INFO - CDS - contig=contig_4, start=328489, stop=328788, strand=-, nt=[ATGGCAAAAC..CGAGAAATAA]
11:55:11.706 - INFO - CDS - contig=contig_4, start=329027, stop=329962, strand=-, nt=[ATGGACAACT..CAGGATCTGA]
11:55:11.706 - INFO - CDS - contig=contig_4, start=329973, stop=331229, strand=-, nt=[TTGGAAGGGC..CGAAGCATAG]
11:55:11.706 - INFO - CDS - contig=contig_4, start=331243, stop=332154, strand=-, nt=[ATGAACAATG..AACGCTGTGA]
11:55:11.706 - INFO - CDS - contig=contig_4, start=332164, stop=333135, strand=-, nt=[ATGGAGACTT..TTTGACCTAG]
11:55:11.706 - INFO - CDS - contig=contig_4, start=333138, stop=333902, strand=-, nt=[ATGAAGGTTG..GGTATGGTGA]
11:55:11.707 - INFO - CDS - contig=contig_4, start=333960, stop=334160, strand=-, nt=[ATGCAGATCA..TCGTCTTTAG]
11:55:11.707 - INFO - CDS - contig=contig_4, start=334437, stop=334979, strand=-, nt=[ATGAAAAAGT..CTTCGGCTAA]
11:55:11.707 - INFO - CDS - contig=contig_4, start=335170, stop=337002, strand=-, nt=[ATGTGCGGTA..TGTGGAATAA]
11:55:11.707 - INFO - CDS - contig=contig_4, start=337098, stop=337364, strand=-, nt=[ATGGATACCC..GCGGGGATAA]
11:55:11.707 - INFO - CDS - contig=contig_4, start=337481, stop=338221, strand=+, nt=[ATGCCCATCA..TCTGGTGTGA]
11:55:11.707 - INFO - CDS - contig=contig_4, start=338225, stop=339106, strand=+, nt=[ATGGTGATCC..CTGTCTATAA]
11:55:11.707 - INFO - CDS - contig=contig_4, start=339154, stop=339612, strand=-, nt=[ATGGATCGTA..AACCGAATAG]
11:55:11.707 - INFO - CDS - contig=contig_4, start=339626, stop=340999, strand=-, nt=[ATGAGTAAGT..GCTGATTTGA]
11:55:11.707 - INFO - CDS - contig=contig_4, start=341129, stop=341455, strand=-, nt=[ATGTACATTA..CGCGCTGTGA]
11:55:11.707 - INFO - CDS - contig=contig_4, start=341795, stop=342556, strand=-, nt=[TTGACGGAGA..GGTACGGTGA]
11:55:11.707 - INFO - CDS - contig=contig_4, start=342553, stop=343089, strand=-, nt=[ATGAGCCTGA..TCTGAATTGA]
11:55:11.707 - INFO - CDS - contig=contig_4, start=343086, stop=344132, strand=-, nt=[ATGTTTGAGG..GGTGACATGA]
11:55:11.707 - INFO - CDS - contig=contig_4, start=344125, stop=344559, strand=-, nt=[ATGAGCCGGG..GGATGTTTGA]
11:55:11.707 - INFO - CDS - contig=contig_4, start=344556, stop=344765, strand=-, nt=[ATGATCTTGG..GGCGGTATGA]
11:55:11.707 - INFO - CDS - contig=contig_4, start=344762, stop=345754, strand=-, nt=[TTGAGCGTGA..GAAGGTATGA]
11:55:11.707 - INFO - CDS - contig=contig_4, start=345751, stop=346518, strand=-, nt=[GTGAAACGGT..GGGGTTTTGA]
11:55:11.707 - INFO - CDS - contig=contig_4, start=346531, stop=348549, strand=-, nt=[ATGCCGGAGG..CCCGCAGTGA]
11:55:11.707 - INFO - CDS - contig=contig_4, start=348901, stop=349278, strand=-, nt=[ATGAGTAAAC..AAACGCCTAG]
11:55:11.707 - INFO - CDS - contig=contig_4, start=349654, stop=350097, strand=-, nt=[ATGAGTTTGA..AACGGTCTGA]
11:55:11.707 - INFO - CDS - contig=contig_4, start=350110, stop=351183, strand=-, nt=[ATGGGACTTC..GGATCTGTAA]
11:55:11.707 - INFO - CDS - contig=contig_4, start=351201, stop=351638, strand=-, nt=[ATGACCCTGA..CGCAGATTAA]
11:55:11.707 - INFO - CDS - contig=contig_4, start=351635, stop=352123, strand=-, nt=[ATGCAGCGCA..GGAGCAATGA]
11:55:11.707 - INFO - CDS - contig=contig_4, start=352123, stop=352677, strand=-, nt=[ATGAGCGATT..GGAGCTGTAA]
11:55:11.707 - INFO - CDS - contig=contig_4, start=352715, stop=353050, strand=-, nt=[ATGGCGCTGA..CGCCCCGTGA]
11:55:11.707 - INFO - CDS - contig=contig_4, start=353053, stop=354282, strand=-, nt=[ATGACACCGA..CGGCGGCTGA]
11:55:11.707 - INFO - CDS - contig=contig_4, start=354297, stop=355100, strand=-, nt=[ATGAGAGTGA..TTTTATCTGA]
11:55:11.707 - INFO - CDS - contig=contig_4, start=355097, stop=356380, strand=-, nt=[GTGAACCGAT..TACGCAATGA]
11:55:11.707 - INFO - CDS - contig=contig_4, start=356377, stop=356553, strand=-, nt=[ATGAACAAGC..TGGATCGTGA]
11:55:11.707 - INFO - CDS - contig=contig_4, start=356588, stop=358435, strand=-, nt=[ATGCCGCTGT..CAGTCTGTAA]
11:55:11.707 - INFO - CDS - contig=contig_4, start=358395, stop=358910, strand=-, nt=[ATGCCGACGG..CGGCGACTGA]
11:55:11.707 - INFO - CDS - contig=contig_4, start=359904, stop=360674, strand=-, nt=[ATGAAGCGGA..AAAAGAATAG]
11:55:11.707 - INFO - CDS - contig=contig_4, start=360843, stop=361205, strand=-, nt=[ATGGAACCGA..GGAGCCTTAA]
11:55:11.707 - INFO - CDS - contig=contig_4, start=361192, stop=361398, strand=-, nt=[ATGGCGAAAC..AACCGATTGA]
11:55:11.707 - INFO - CDS - contig=contig_4, start=361355, stop=361756, strand=-, nt=[ATGAACGAAT..CCTGCGCTGA]
11:55:11.707 - INFO - CDS - contig=contig_4, start=361753, stop=362064, strand=-, nt=[ATGAAGTGTA..CACCAAATGA]
11:55:11.707 - INFO - CDS - contig=contig_4, start=362061, stop=362423, strand=-, nt=[ATGACTGACG..CACAACATGA]
11:55:11.707 - INFO - CDS - contig=contig_4, start=362420, stop=362662, strand=-, nt=[ATGGAGGACA..TTATGAATGA]
11:55:11.707 - INFO - CDS - contig=contig_4, start=363132, stop=363449, strand=-, nt=[ATGAGCGGGG..TGAAATTTGA]
11:55:11.707 - INFO - CDS - contig=contig_4, start=363446, stop=364375, strand=-, nt=[GTGAACAGCG..TTCGACATGA]
11:55:11.707 - INFO - CDS - contig=contig_4, start=364372, stop=365751, strand=-, nt=[ATGGACTATA..AAGCGCGTGA]
11:55:11.707 - INFO - CDS - contig=contig_4, start=365755, stop=366318, strand=-, nt=[ATGCCTGAAC..GGAGAAATGA]
11:55:11.707 - INFO - CDS - contig=contig_4, start=366311, stop=366514, strand=-, nt=[ATGCGCAATA..CGATGCCTGA]
11:55:11.707 - INFO - CDS - contig=contig_4, start=366504, stop=366683, strand=-, nt=[ATGACGAATC..TGCGCAATAA]
11:55:11.707 - INFO - CDS - contig=contig_4, start=366680, stop=368017, strand=-, nt=[ATGGTAGATC..CGCAATATGA]
11:55:11.707 - INFO - CDS - contig=contig_4, start=368011, stop=368793, strand=-, nt=[ATGACAAAGG..GGTATGGTAG]
11:55:11.708 - INFO - CDS - contig=contig_4, start=368914, stop=369066, strand=-, nt=[ATGAGCCGCC..GCTCTGGTGA]
11:55:11.708 - INFO - CDS - contig=contig_4, start=369063, stop=369248, strand=-, nt=[GTGAAAAAAA..ATTATCATGA]
11:55:11.708 - INFO - CDS - contig=contig_4, start=369294, stop=369503, strand=-, nt=[ATGGCGTATG..AAATGCGTAG]
11:55:11.708 - INFO - CDS - contig=contig_4, start=369546, stop=370004, strand=-, nt=[ATGGACAAAA..GGAGGAATGA]
11:55:11.708 - INFO - CDS - contig=contig_4, start=369977, stop=370264, strand=-, nt=[ATGAACAAGA..AACGCGCTGA]
11:55:11.708 - INFO - CDS - contig=contig_4, start=370418, stop=370579, strand=-, nt=[ATGAAAATCA..GGTCATTTAA]
11:55:11.708 - INFO - CDS - contig=contig_4, start=370755, stop=371087, strand=+, nt=[ATGAAAACGT..GAGACAATAA]
11:55:11.708 - INFO - CDS - contig=contig_4, start=371556, stop=371768, strand=+, nt=[ATGGCCGACT..ACGGGAGTGA]
11:55:11.708 - INFO - CDS - contig=contig_4, start=371949, stop=372857, strand=+, nt=[ATGAGTAAAC..ATTTTATTAA]
11:55:11.708 - INFO - CDS - contig=contig_4, start=372873, stop=373415, strand=+, nt=[GTGGATGAGC..GGTTGAGTGA]
11:55:11.708 - INFO - CDS - contig=contig_4, start=373425, stop=375041, strand=+, nt=[ATGGCAGCAT..ATTGCCATAG]
11:55:11.708 - INFO - CDS - contig=contig_4, start=375073, stop=375492, strand=+, nt=[ATGGCTGTGG..CCCGTCCTGA]
11:55:11.708 - INFO - CDS - contig=contig_4, start=375785, stop=375955, strand=-, nt=[ATGAAGGAGC..GGGCTTTTAA]
11:55:11.708 - INFO - CDS - contig=contig_4, start=376135, stop=377418, strand=+, nt=[GTGAAACTAC..GGAAGCATAA]
11:55:11.708 - INFO - CDS - contig=contig_4, start=377419, stop=378342, strand=+, nt=[ATGTCCTTCG..GGTGCTGTAA]
11:55:11.708 - INFO - CDS - contig=contig_4, start=378373, stop=378804, strand=+, nt=[ATGACCGAGG..GGAGCTGTGA]
11:55:11.708 - INFO - CDS - contig=contig_4, start=378801, stop=379613, strand=+, nt=[GTGATCCCGG..GAATGGCTGA]
11:55:11.708 - INFO - CDS - contig=contig_4, start=379606, stop=380517, strand=+, nt=[ATGGCTGACA..GCCCTGGTAA]
11:55:11.708 - INFO - CDS - contig=contig_4, start=380557, stop=381693, strand=+, nt=[ATGACCCGAA..ATCAATCTGA]
11:55:11.708 - INFO - CDS - contig=contig_4, start=381926, stop=383722, strand=+, nt=[TTGGACAGTT..AGAGGGCTGA]
11:55:11.708 - INFO - CDS - contig=contig_4, start=384035, stop=385312, strand=+, nt=[ATGGGCTTTA..AGCTCACTGA]
11:55:11.708 - INFO - CDS - contig=contig_4, start=385278, stop=386153, strand=-, nt=[ATGAATCGGC..GGAACACTAG]
11:55:11.708 - INFO - CDS - contig=contig_4, start=386344, stop=386586, strand=-, nt=[ATGACCATTG..GTCCCGCTGA]
11:55:11.708 - INFO - CDS - contig=contig_4, start=386770, stop=388056, strand=+, nt=[ATGGATTCCT..GAAAAAATAA]
11:55:11.708 - INFO - CDS - contig=contig_4, start=388073, stop=389203, strand=-, nt=[ATGAATGAAA..GATCTCCTGA]
11:55:11.708 - INFO - CDS - contig=contig_4, start=389318, stop=390511, strand=-, nt=[ATGGGACGTC..TGTGCTATAA]
11:55:11.708 - INFO - CDS - contig=contig_4, start=390554, stop=391144, strand=-, nt=[ATGAATTATC..TCGGGCATAG]
11:55:11.708 - INFO - CDS - contig=contig_4, start=391253, stop=392131, strand=+, nt=[ATGGAGGAAT..TTTGGACTGA]
11:55:11.708 - INFO - CDS - contig=contig_4, start=392191, stop=394188, strand=-, nt=[ATGAAACACG..GATGAAATAG]
11:55:11.708 - INFO - CDS - contig=contig_4, start=394188, stop=394889, strand=-, nt=[ATGTATACCA..GAAGGTATGA]
11:55:11.708 - INFO - CDS - contig=contig_4, start=395471, stop=395683, strand=-, nt=[GTGGAGCAAA..CGGAAACTGA]
11:55:11.708 - INFO - CDS - contig=contig_4, start=395869, stop=396369, strand=+, nt=[ATGAATTGGC..CGGAGAATGA]
11:55:11.708 - INFO - CDS - contig=contig_4, start=396366, stop=397430, strand=+, nt=[ATGAATGGTG..TTACCGCTGA]
11:55:11.708 - INFO - CDS - contig=contig_4, start=397437, stop=397703, strand=-, nt=[TTGAAGCCGG..CCCCTGCTGA]
11:55:11.708 - INFO - CDS - contig=contig_4, start=397852, stop=398568, strand=+, nt=[ATGGGAGAAA..GCGGGACTGA]
11:55:11.708 - INFO - CDS - contig=contig_4, start=398641, stop=400011, strand=-, nt=[TTGAAAGAGC..CCCGGGATAA]
11:55:11.708 - INFO - CDS - contig=contig_4, start=400335, stop=401681, strand=+, nt=[ATGAGTACAC..CGCGTTTTAA]
11:55:11.708 - INFO - CDS - contig=contig_4, start=401776, stop=402516, strand=-, nt=[GTGAATCCGA..AGAGCATTGA]
11:55:11.708 - INFO - CDS - contig=contig_4, start=402648, stop=403289, strand=-, nt=[ATGAAGCAGA..TGGAGCCTGA]
11:55:11.708 - INFO - CDS - contig=contig_4, start=403629, stop=405008, strand=+, nt=[ATGTTAGACA..GCATATCTGA]
11:55:11.708 - INFO - CDS - contig=contig_4, start=405061, stop=405831, strand=-, nt=[ATGCTGTATC..CCTGACCTGA]
11:55:11.708 - INFO - CDS - contig=contig_4, start=405853, stop=406281, strand=-, nt=[ATGCGGGAAC..GGCCCAGTGA]
11:55:11.708 - INFO - CDS - contig=contig_4, start=407764, stop=408192, strand=+, nt=[ATGGATTGCA..ACCGAAGTAA]
11:55:11.708 - INFO - CDS - contig=contig_4, start=408205, stop=408807, strand=+, nt=[ATGGAGAATA..TCACCCGTGA]
11:55:11.708 - INFO - CDS - contig=contig_4, start=409005, stop=409244, strand=+, nt=[TTGTCAAAAG..CATCATGTAG]
11:55:11.708 - INFO - CDS - contig=contig_4, start=409256, stop=409384, strand=+, nt=[ATGCCTGAAA..CAAGCGATAA]
11:55:11.708 - INFO - CDS - contig=contig_4, start=409397, stop=409531, strand=+, nt=[ATGCCAAAGG..TGATGTATAA]
11:55:11.708 - INFO - CDS - contig=contig_4, start=409566, stop=410051, strand=-, nt=[ATGGGCCTGT..CACATATTGA]
11:55:11.708 - INFO - CDS - contig=contig_4, start=410156, stop=410698, strand=+, nt=[ATGGAGGAAC..ACATGAATGA]
11:55:11.708 - INFO - CDS - contig=contig_4, start=410691, stop=412187, strand=+, nt=[ATGAATGAAC..TTTGAACTGA]
11:55:11.708 - INFO - CDS - contig=contig_4, start=412309, stop=413907, strand=-, nt=[ATGATGGAAA..GATGGCATAA]
11:55:11.709 - INFO - CDS - contig=contig_4, start=413938, stop=414372, strand=-, nt=[ATGCTCCAAT..GAAGGACTAA]
11:55:11.709 - INFO - CDS - contig=contig_4, start=414426, stop=415118, strand=+, nt=[ATGGATCCTG..AAAGAAATGA]
11:55:11.709 - INFO - CDS - contig=contig_4, start=415217, stop=415681, strand=+, nt=[ATGAAAGAAA..AGGTACATGA]
11:55:11.709 - INFO - CDS - contig=contig_4, start=415681, stop=416130, strand=+, nt=[ATGAATACAA..TATGCAGTAG]
11:55:11.709 - INFO - CDS - contig=contig_4, start=416592, stop=417350, strand=-, nt=[ATGGATAAGA..GGAGCAGTGA]
11:55:11.709 - INFO - CDS - contig=contig_4, start=417496, stop=418566, strand=-, nt=[TTGAACAAGA..AAACTCCTAA]
11:55:11.709 - INFO - CDS - contig=contig_4, start=418856, stop=419368, strand=+, nt=[ATGAAACGCT..CCCTTATTGA]
11:55:11.709 - INFO - CDS - contig=contig_4, start=419429, stop=420361, strand=+, nt=[ATGGAAAAAA..GCCCGAGTGA]
11:55:11.709 - INFO - CDS - contig=contig_4, start=420640, stop=421455, strand=-, nt=[TTGGGAACCC..TTTGACATAA]
11:55:11.709 - INFO - CDS - contig=contig_4, start=421632, stop=423194, strand=-, nt=[GTGCTGTGTG..GAAGTTTTAA]
11:55:11.709 - INFO - CDS - contig=contig_4, start=423233, stop=423355, strand=-, nt=[ATGAAACGCA..GTGTCCGTAG]
11:55:11.709 - INFO - CDS - contig=contig_4, start=423598, stop=430929, strand=+, nt=[ATGAAGAAAA..CGACTGCTGA]
11:55:11.709 - INFO - CDS - contig=contig_4, start=430957, stop=432846, strand=+, nt=[GTGATTCCGG..GCATGGATGA]
11:55:11.709 - INFO - CDS - contig=contig_4, start=432843, stop=434303, strand=+, nt=[ATGAGAAAGA..GGTTTTTTAA]
11:55:11.709 - INFO - CDS - contig=contig_4, start=434305, stop=435981, strand=+, nt=[ATGAAAAAAT..TGTGAAATAG]
11:55:11.709 - INFO - CDS - contig=contig_4, start=435995, stop=436225, strand=+, nt=[GTGCTTGAGC..CCACCCTTGA]
11:55:11.709 - INFO - CDS - contig=contig_4, start=436222, stop=436755, strand=+, nt=[TTGAGCAGCG..CCGACTCTGA]
11:55:11.709 - INFO - CDS - contig=contig_4, start=436637, stop=437098, strand=-, nt=[ATGGAATCCA..AGCACGTTGA]
11:55:11.709 - INFO - CDS - contig=contig_4, start=437317, stop=438276, strand=+, nt=[TTGCTGAAAG..CCAGCCATGA]
11:55:11.709 - INFO - CDS - contig=contig_4, start=438331, stop=439401, strand=-, nt=[ATGGAAAGCA..AAATGCCTGA]
11:55:11.709 - INFO - CDS - contig=contig_4, start=439787, stop=441646, strand=-, nt=[GTGAGAGGGC..CGGGCCGTAA]
11:55:11.709 - INFO - CDS - contig=contig_4, start=441643, stop=443013, strand=-, nt=[ATGGACCCCG..GGGACTGTGA]
11:55:11.709 - INFO - CDS - contig=contig_4, start=443231, stop=444679, strand=+, nt=[ATGATGCGTA..AAAAGATTAA]
11:55:11.709 - INFO - CDS - contig=contig_4, start=444793, stop=445242, strand=+, nt=[ATGGGGCAAA..GCAGGTATAA]
11:55:11.709 - INFO - CDS - contig=contig_4, start=445293, stop=445505, strand=-, nt=[ATGCTGTTTC..CCTGGAGTGA]
11:55:11.709 - INFO - CDS - contig=contig_4, start=445565, stop=446092, strand=-, nt=[GTGAATACAG..CAACCTGTAA]
11:55:11.709 - INFO - CDS - contig=contig_4, start=446105, stop=447511, strand=-, nt=[ATGGCGCGGA..CGAAGCGTAA]
11:55:11.709 - INFO - CDS - contig=contig_4, start=447486, stop=448130, strand=-, nt=[ATGCGGATCA..AGAGGAGTGA]
11:55:11.709 - INFO - CDS - contig=contig_4, start=448117, stop=449271, strand=-, nt=[ATGGCAGAAA..GGATCAGTAA]
11:55:11.709 - INFO - CDS - contig=contig_4, start=449325, stop=450188, strand=-, nt=[GTGGCGACCA..CAACGAGTAA]
11:55:11.709 - INFO - CDS - contig=contig_4, start=450223, stop=451206, strand=-, nt=[ATGTTCAAAC..CCGCTGGTAA]
11:55:11.709 - INFO - CDS - contig=contig_4, start=451323, stop=452753, strand=-, nt=[ATGACAAAGT..TGGAACATAA]
11:55:11.709 - INFO - CDS - contig=contig_4, start=453023, stop=453712, strand=-, nt=[GTGAAAAAGG..GGGATTCTGA]
11:55:11.709 - INFO - CDS - contig=contig_4, start=453758, stop=455116, strand=-, nt=[ATGAAAAAAC..CGCGGGCTGA]
11:55:11.709 - INFO - CDS - contig=contig_4, start=455255, stop=455704, strand=-, nt=[ATGATTTATG..CAAGCTTTGA]
11:55:11.709 - INFO - CDS - contig=contig_4, start=455972, stop=456742, strand=+, nt=[ATGGAAAACG..CTATCACTGA]
11:55:11.709 - INFO - CDS - contig=contig_4, start=456820, stop=457890, strand=+, nt=[ATGAAAAACT..AATGGCCTGA]
11:55:11.709 - INFO - CDS - contig=contig_4, start=457967, stop=458590, strand=+, nt=[TTGGAGACAC..GGGAAAATGA]
11:55:11.709 - INFO - CDS - contig=contig_4, start=458592, stop=459932, strand=+, nt=[ATGCTGGAAC..CATGATGTGA]
11:55:11.709 - INFO - CDS - contig=contig_4, start=459991, stop=460920, strand=+, nt=[ATGCCTTTTT..GCCGTGCTGA]
11:55:11.709 - INFO - CDS - contig=contig_4, start=460914, stop=461909, strand=+, nt=[GTGCTGAAAA..GCTGAAATGA]
11:55:11.709 - INFO - CDS - contig=contig_4, start=461943, stop=462575, strand=+, nt=[ATGAACGCCG..GGAACGCTGA]
11:55:11.709 - INFO - CDS - contig=contig_4, start=462557, stop=462964, strand=+, nt=[ATGCTCACCG..CGTTGCATAA]
11:55:11.709 - INFO - CDS - contig=contig_4, start=463022, stop=463570, strand=-, nt=[ATGAAAAAAG..TACAAAATAA]
11:55:11.709 - INFO - CDS - contig=contig_4, start=463770, stop=464858, strand=-, nt=[ATGTCAATCG..CCGGAAGTAA]
11:55:11.709 - INFO - CDS - contig=contig_4, start=464993, stop=465607, strand=-, nt=[GTGGGAAAGA..GGCCCTTTGA]
11:55:11.709 - INFO - CDS - contig=contig_4, start=465822, stop=466238, strand=+, nt=[ATGCGTATTG..CGGCCGATGA]
11:55:11.709 - INFO - CDS - contig=contig_4, start=466235, stop=467329, strand=+, nt=[ATGAGTGCTC..CGCGCGATGA]
11:55:11.709 - INFO - CDS - contig=contig_4, start=467326, stop=467931, strand=+, nt=[ATGACAGAGC..GCATCCCTGA]
11:55:11.710 - INFO - CDS - contig=contig_4, start=468127, stop=468672, strand=+, nt=[ATGAAACGAT..CGCCGCGTGA]
11:55:11.710 - INFO - CDS - contig=contig_4, start=468736, stop=470595, strand=-, nt=[ATGACCCCGA..CAAGCAGTAA]
11:55:11.710 - INFO - CDS - contig=contig_4, start=470667, stop=470885, strand=-, nt=[ATGAAGAAGC..CGAACGGTAA]
11:55:11.710 - INFO - CDS - contig=contig_4, start=470900, stop=471268, strand=-, nt=[ATGGAAGACG..GGGAGAATAA]
11:55:11.710 - INFO - CDS - contig=contig_4, start=471480, stop=472424, strand=+, nt=[ATGGTCAACA..CAAGCTGTAA]
11:55:11.710 - INFO - CDS - contig=contig_4, start=472485, stop=473255, strand=-, nt=[ATGCAGGAGC..CGAAATTTGA]
11:55:11.710 - INFO - CDS - contig=contig_4, start=473428, stop=474096, strand=+, nt=[ATGAAAAAAA..GACCATCTGA]
11:55:11.710 - INFO - CDS - contig=contig_4, start=474372, stop=476510, strand=+, nt=[TTGCAAATTG..GATGGGCTGA]
11:55:11.710 - INFO - CDS - contig=contig_4, start=476670, stop=477818, strand=-, nt=[GTGACGCTGC..AAAGCCGTAA]
11:55:11.710 - INFO - CDS - contig=contig_4, start=478101, stop=479081, strand=+, nt=[ATGAAAAAAC..GATGGAGTGA]
11:55:11.710 - INFO - CDS - contig=contig_4, start=479078, stop=479845, strand=+, nt=[GTGAGCGTCC..GGAGGCATGA]
11:55:11.710 - INFO - CDS - contig=contig_4, start=479845, stop=480693, strand=+, nt=[ATGGACTGGT..AAGGCTGTAA]
11:55:11.710 - INFO - CDS - contig=contig_4, start=480765, stop=482324, strand=-, nt=[ATGAAAAAAT..GGCCGCGTGA]
11:55:11.710 - INFO - CDS - contig=contig_4, start=482547, stop=484778, strand=+, nt=[ATGATGGTAA..CGCCGGATAA]
11:55:11.710 - INFO - CDS - contig=contig_4, start=484858, stop=485475, strand=+, nt=[ATGCTTACAG..CAGATCCTAA]
11:55:11.710 - INFO - CDS - contig=contig_4, start=486001, stop=487347, strand=-, nt=[ATGGCGCAGA..AGATCTGTGA]
11:55:11.710 - INFO - CDS - contig=contig_4, start=487331, stop=488050, strand=-, nt=[ATGGAGGGAA..AGACAAATGA]
11:55:11.710 - INFO - CDS - contig=contig_4, start=488248, stop=490461, strand=+, nt=[TTGCTGGAAA..AAAACACTGA]
11:55:11.710 - INFO - CDS - contig=contig_4, start=490477, stop=492924, strand=+, nt=[ATGAAACACA..AAAAGATTAA]
11:55:11.710 - INFO - CDS - contig=contig_4, start=492990, stop=494870, strand=-, nt=[ATGTTTTGTG..GTTCCGGTAA]
11:55:11.710 - INFO - CDS - contig=contig_4, start=494860, stop=495627, strand=-, nt=[ATGAAAGCCA..TGTTTTGTGA]
11:55:11.710 - INFO - CDS - contig=contig_4, start=495843, stop=497687, strand=-, nt=[ATGTGCGGCA..GCATCTTTAA]
11:55:11.710 - INFO - CDS - contig=contig_4, start=497760, stop=498386, strand=-, nt=[TTGGAGACCA..AAAACGGTGA]
11:55:11.710 - INFO - CDS - contig=contig_4, start=498701, stop=499708, strand=-, nt=[ATGGCAAATA..GAGCCGGTGA]
11:55:11.710 - INFO - CDS - contig=contig_4, start=499953, stop=500822, strand=+, nt=[ATGTGGATCG..GATCCGATAA]
11:55:11.710 - INFO - CDS - contig=contig_4, start=500873, stop=503032, strand=+, nt=[ATGGGATCCA..GCCGAAATAG]
11:55:11.710 - INFO - CDS - contig=contig_4, start=503112, stop=504560, strand=+, nt=[ATGACCATCA..GGCCGCGTAG]
11:55:11.710 - INFO - CDS - contig=contig_4, start=504664, stop=506073, strand=-, nt=[ATGAAGGAAA..GCGGTATTAA]
11:55:11.710 - INFO - CDS - contig=contig_4, start=506094, stop=506216, strand=-, nt=[ATGCAGAACC..CGGTGTGTGA]
11:55:11.710 - INFO - CDS - contig=contig_4, start=506322, stop=506702, strand=+, nt=[ATGATCCTTT..GGGCAAATAG]
11:55:11.710 - INFO - CDS - contig=contig_4, start=506724, stop=508457, strand=-, nt=[TTGAAAAAAC..GGAGGAATAA]
11:55:11.710 - INFO - CDS - contig=contig_4, start=508573, stop=509241, strand=-, nt=[ATGGCGGACG..AATTCCCTGA]
11:55:11.710 - INFO - CDS - contig=contig_4, start=509264, stop=509911, strand=-, nt=[ATGAGAAAGA..GGTGGGGTAA]
11:55:11.710 - INFO - CDS - contig=contig_4, start=509924, stop=510688, strand=-, nt=[ATGGAAGTGC..GTTCGGATAA]
11:55:11.710 - INFO - CDS - contig=contig_4, start=510703, stop=511560, strand=-, nt=[ATGGAAATGA..ACGAAAGTAA]
11:55:11.710 - INFO - CDS - contig=contig_4, start=511588, stop=512511, strand=-, nt=[ATGACCCGCA..CAAAGGATAG]
11:55:11.710 - INFO - CDS - contig=contig_4, start=512619, stop=513491, strand=-, nt=[ATGAAAAAGA..CAACAGCTGA]
11:55:11.710 - INFO - CDS - contig=contig_4, start=513693, stop=514343, strand=-, nt=[ATGAAGTATC..CGGATTGTAA]
11:55:11.710 - INFO - CDS - contig=contig_4, start=514362, stop=515708, strand=-, nt=[ATGGAGCTCA..GAAAAAATAA]
11:55:11.710 - INFO - CDS - contig=contig_4, start=515866, stop=516345, strand=-, nt=[ATGATTAAGA..GAAGGTCTGA]
11:55:11.710 - INFO - CDS - contig=contig_4, start=516375, stop=518048, strand=-, nt=[ATGCTGCTGG..ATTCCTATAA]
11:55:11.710 - INFO - CDS - contig=contig_4, start=518064, stop=518714, strand=-, nt=[ATGGGATTTC..GGAGGGTTGA]
11:55:11.710 - INFO - CDS - contig=contig_4, start=518728, stop=519717, strand=-, nt=[ATGAAAAAAA..AGTGCTGTAA]
11:55:11.710 - INFO - CDS - contig=contig_4, start=519738, stop=520442, strand=-, nt=[ATGCTTAAGA..CGCCATGTAA]
11:55:11.710 - INFO - CDS - contig=contig_4, start=520435, stop=521205, strand=-, nt=[ATGGCATTTC..AGATGCTTAA]
11:55:11.710 - INFO - CDS - contig=contig_4, start=521221, stop=522279, strand=-, nt=[ATGACGAAAT..CAACGGTTGA]
11:55:11.711 - INFO - CDS - contig=contig_4, start=522283, stop=523170, strand=-, nt=[GTGGCGGAAG..AAAGGTGTAA]
11:55:11.711 - INFO - CDS - contig=contig_4, start=523363, stop=524604, strand=-, nt=[ATGGCCGCCT..CAATTTCTAA]
11:55:11.711 - INFO - CDS - contig=contig_4, start=524707, stop=525978, strand=-, nt=[ATGGACCAAA..GGTGGGCTGA]
11:55:11.711 - INFO - CDS - contig=contig_4, start=526458, stop=526787, strand=-, nt=[ATGAGCGGTA..GCCCCTGTAA]
11:55:11.711 - INFO - CDS - contig=contig_4, start=526768, stop=527046, strand=-, nt=[GTGCCCAAGC..CGCGATATAG]
11:55:11.711 - INFO - CDS - contig=contig_4, start=527725, stop=528003, strand=+, nt=[ATGAGCTTTC..TGAAAAATAA]
11:55:11.711 - INFO - CDS - contig=contig_4, start=527993, stop=528643, strand=+, nt=[ATGAAAAATA..GGAAAATTGA]
11:55:11.711 - INFO - CDS - contig=contig_4, start=528732, stop=529217, strand=-, nt=[ATGCGTTCGC..CCCGGAATGA]
11:55:11.711 - INFO - CDS - contig=contig_4, start=529367, stop=529891, strand=-, nt=[ATGAATTACG..GGACAAATAA]
11:55:11.711 - INFO - CDS - contig=contig_4, start=529888, stop=532050, strand=-, nt=[ATGAAGATCA..CCATCTATGA]
11:55:11.711 - INFO - CDS - contig=contig_4, start=532227, stop=533342, strand=-, nt=[ATGCGCCCGA..CGGAGACTGA]
11:55:11.711 - INFO - CDS - contig=contig_4, start=533447, stop=534337, strand=+, nt=[ATGGAAAACA..TCGGCAGTGA]
11:55:11.711 - INFO - CDS - contig=contig_4, start=534502, stop=535422, strand=-, nt=[ATGAAGCTCA..CGTCCTGTAA]
11:55:11.711 - INFO - CDS - contig=contig_4, start=535466, stop=536545, strand=-, nt=[ATGACCCAGC..GGGGCTGTGA]
11:55:11.711 - INFO - CDS - contig=contig_4, start=536688, stop=537449, strand=+, nt=[GTGAAACTTT..CGTCTCCTAG]
11:55:11.711 - INFO - CDS - contig=contig_4, start=537982, stop=539376, strand=+, nt=[ATGGAACGCA..GGACTTTTGA]
11:55:11.711 - INFO - CDS - contig=contig_4, start=539528, stop=540322, strand=+, nt=[ATGCTGTTTT..CCTGTCCTGA]
11:55:11.711 - INFO - CDS - contig=contig_4, start=540546, stop=541988, strand=+, nt=[ATGAAGCAGC..TCAGCGCTGA]
11:55:11.711 - INFO - CDS - contig=contig_4, start=542045, stop=542839, strand=-, nt=[ATGGAGAAAA..GAAGGCCTGA]
11:55:11.711 - INFO - CDS - contig=contig_4, start=543066, stop=543497, strand=+, nt=[ATGTCCACTT..GATGAATTGA]
11:55:11.711 - INFO - CDS - contig=contig_4, start=543517, stop=543921, strand=+, nt=[ATGTATAAGA..CAAGCGCTGA]
11:55:11.711 - INFO - CDS - contig=contig_4, start=544451, stop=545557, strand=+, nt=[ATGGAGGAAC..GACTGGTTGA]
11:55:11.711 - INFO - CDS - contig=contig_4, start=545538, stop=546188, strand=+, nt=[GTGTTCACGG..CGGTTTTTAA]
11:55:11.711 - INFO - CDS - contig=contig_4, start=546199, stop=547398, strand=+, nt=[ATGTTTCAAT..AGATTATTAA]
11:55:11.711 - INFO - CDS - contig=contig_4, start=547423, stop=547890, strand=+, nt=[ATGAAAAAAT..GGACAGTTGA]
11:55:11.711 - INFO - CDS - contig=contig_4, start=547890, stop=548540, strand=+, nt=[ATGACCAACC..CAGCCTGTGA]
11:55:11.711 - INFO - CDS - contig=contig_4, start=548746, stop=550191, strand=+, nt=[ATGAAAAAAT..CCTGGCTTAA]
11:55:11.711 - INFO - CDS - contig=contig_4, start=550286, stop=551857, strand=-, nt=[ATGTCAATAC..GCCATCATGA]
11:55:11.711 - INFO - CDS - contig=contig_4, start=551869, stop=553137, strand=-, nt=[ATGGAAGAGT..GCGCAAGTGA]
11:55:11.711 - INFO - CDS - contig=contig_4, start=553390, stop=554679, strand=+, nt=[GTGGGCGACC..GCACCCCTGA]
11:55:11.711 - INFO - CDS - contig=contig_4, start=554744, stop=556342, strand=+, nt=[ATGAAACTCA..GGACCGGTAA]
11:55:11.711 - INFO - CDS - contig=contig_4, start=556419, stop=556700, strand=-, nt=[ATGGAAGAGA..CTGCGCTTGA]
11:55:11.711 - INFO - CDS - contig=contig_4, start=556648, stop=557277, strand=-, nt=[ATGCGTAAGC..TGGCCAATGA]
11:55:11.711 - INFO - CDS - contig=contig_4, start=557270, stop=557479, strand=-, nt=[ATGGCTGCTG..CCATGCGTAA]
11:55:11.711 - INFO - CDS - contig=contig_4, start=557645, stop=558256, strand=+, nt=[ATGCAGACAA..CCCGGCCTGA]
11:55:11.711 - INFO - CDS - contig=contig_4, start=558322, stop=559038, strand=-, nt=[ATGAAAGAGC..GGCCCGTTAA]
11:55:11.711 - INFO - CDS - contig=contig_4, start=559057, stop=560469, strand=-, nt=[ATGGATCAAG..GTGCAAATGA]
11:55:11.711 - INFO - CDS - contig=contig_4, start=560476, stop=561120, strand=-, nt=[GTGACCAAGG..GAAAGAGTGA]
11:55:11.711 - INFO - CDS - contig=contig_4, start=561273, stop=561788, strand=+, nt=[ATGGACAGCA..TCTGGAGTGA]
11:55:11.711 - INFO - CDS - contig=contig_4, start=561898, stop=563550, strand=-, nt=[ATGGGCGCTT..CGCCAAATAA]
11:55:11.711 - INFO - CDS - contig=contig_4, start=563725, stop=565023, strand=-, nt=[ATGGATGTTT..CGTCGATTGA]
11:55:11.711 - INFO - CDS - contig=contig_4, start=565109, stop=565600, strand=-, nt=[ATGAAGCGGA..TCAGGAGTAA]
11:55:11.711 - INFO - CDS - contig=contig_4, start=565791, stop=566180, strand=+, nt=[ATGAACTGGC..AAAAACCTGA]
11:55:11.711 - INFO - CDS - contig=contig_4, start=566413, stop=568152, strand=+, nt=[TTGGCCTACG..GGTACACTGA]
11:55:11.711 - INFO - CDS - contig=contig_4, start=568154, stop=568945, strand=+, nt=[ATGGAGATCA..CGCCAACTGA]
11:55:11.711 - INFO - CDS - contig=contig_4, start=568993, stop=570336, strand=+, nt=[ATGAGTGAGA..CTGCGACTGA]
11:55:11.711 - INFO - CDS - contig=contig_4, start=570355, stop=571134, strand=+, nt=[ATGGCGCTTT..ATCCTTTTGA]
11:55:11.711 - INFO - CDS - contig=contig_4, start=571255, stop=571737, strand=+, nt=[ATGCCCACCG..GGAAGTCTAA]
11:55:11.711 - INFO - CDS - contig=contig_4, start=571827, stop=573200, strand=-, nt=[ATGGAGGGAG..GGGGAAATAA]
11:55:11.712 - INFO - CDS - contig=contig_4, start=573453, stop=574856, strand=-, nt=[ATGCGAGAAA..CAGCCGGTAA]
11:55:11.712 - INFO - CDS - contig=contig_4, start=574957, stop=575505, strand=+, nt=[ATGCTGATGT..GACCGTTTGA]
11:55:11.712 - INFO - CDS - contig=contig_4, start=575492, stop=576226, strand=+, nt=[ATGAGACCGT..GACGAACTAA]
11:55:11.712 - INFO - CDS - contig=contig_4, start=576351, stop=576722, strand=+, nt=[ATGAAGAAAC..GGACGGGTAA]
11:55:11.712 - INFO - CDS - contig=contig_4, start=577278, stop=577838, strand=+, nt=[ATGAAGTTGC..CCCGCTCTGA]
11:55:11.712 - INFO - CDS - contig=contig_4, start=578158, stop=578397, strand=+, nt=[ATGTCCACAA..AGCCGAATAA]
11:55:11.712 - INFO - CDS - contig=contig_4, start=578691, stop=579692, strand=+, nt=[ATGAAAAAGG..ACATTTTTGA]
11:55:11.712 - INFO - CDS - contig=contig_4, start=580768, stop=584334, strand=+, nt=[ATGGCGAGAC..GTACAAATAA]
11:55:11.712 - INFO - CDS - contig=contig_4, start=584483, stop=584767, strand=+, nt=[ATGGAAAAGC..TGCCGTATGA]
11:55:11.712 - INFO - CDS - contig=contig_4, start=584764, stop=585036, strand=+, nt=[ATGACCATGC..CCTGCGGTGA]
11:55:11.712 - INFO - CDS - contig=contig_4, start=585147, stop=585722, strand=+, nt=[ATGAAAGAAC..CGGCTCTTGA]
11:55:11.712 - INFO - CDS - contig=contig_4, start=586371, stop=587750, strand=+, nt=[GTGGGCAAGC..CAAAGAGTAA]
11:55:11.712 - INFO - CDS - contig=contig_4, start=588196, stop=588855, strand=+, nt=[TTGAAACGAC..ATCGGTTTGA]
11:55:11.712 - INFO - CDS - contig=contig_4, start=588879, stop=590042, strand=+, nt=[ATGGATAAGA..GTCCAAGTAA]
11:55:11.712 - INFO - CDS - contig=contig_4, start=590074, stop=591360, strand=+, nt=[ATGTTTTTCT..TCTGGTTTGA]
11:55:11.712 - INFO - CDS - contig=contig_4, start=591390, stop=592517, strand=+, nt=[ATGATCATTA..GCTGAAATAA]
11:55:11.712 - INFO - CDS - contig=contig_4, start=592542, stop=593327, strand=+, nt=[ATGCTCACAT..GGGAGTATGA]
11:55:11.712 - INFO - CDS - contig=contig_4, start=593329, stop=594564, strand=+, nt=[ATGAGCGAAA..CGACCAGTGA]
11:55:11.712 - INFO - CDS - contig=contig_4, start=594564, stop=595685, strand=+, nt=[ATGAAACGCA..AGCTTTGTAA]
11:55:11.712 - INFO - CDS - contig=contig_4, start=595709, stop=596947, strand=+, nt=[ATGAGTGAAC..GCAAAAGTAA]
11:55:11.712 - INFO - CDS - contig=contig_4, start=597012, stop=598703, strand=+, nt=[ATGGAGCTAT..ATATCTATGA]
11:55:11.712 - INFO - CDS - contig=contig_4, start=598700, stop=599503, strand=+, nt=[ATGAACATTC..CATCATCTAA]
11:55:11.712 - INFO - CDS - contig=contig_4, start=599520, stop=600527, strand=+, nt=[ATGGAAGCAA..TCGCGCCTGA]
11:55:11.712 - INFO - CDS - contig=contig_4, start=600735, stop=601877, strand=+, nt=[ATGGACTTTT..TGTGAAGTAA]
11:55:11.712 - INFO - CDS - contig=contig_4, start=602577, stop=603098, strand=+, nt=[ATGAACCTAA..GGTGCTGTAA]
11:55:11.712 - INFO - CDS - contig=contig_4, start=603261, stop=604151, strand=+, nt=[ATGGCAGTTT..AAGGAGGTAA]
11:55:11.712 - INFO - CDS - contig=contig_4, start=604155, stop=604631, strand=+, nt=[ATGCAGGAAG..GGAGCTATGA]
11:55:11.712 - INFO - CDS - contig=contig_4, start=604628, stop=605179, strand=+, nt=[ATGAAACAGG..GTCACTATAA]
11:55:11.712 - INFO - CDS - contig=contig_4, start=605225, stop=607585, strand=+, nt=[ATGAGGAAGC..AGTCAGCTAA]
11:55:11.712 - INFO - CDS - contig=contig_4, start=607637, stop=608581, strand=-, nt=[ATGGTGGAGC..ACGGCAGTAA]
11:55:11.712 - INFO - CDS - contig=contig_4, start=609021, stop=610958, strand=+, nt=[ATGAAAATCA..GGACTTATAA]
11:55:11.712 - INFO - CDS - contig=contig_4, start=611259, stop=611552, strand=+, nt=[ATGGACAAGT..AAGCGGATAA]
11:55:11.712 - INFO - CDS - contig=contig_4, start=611553, stop=613019, strand=+, nt=[TTGGCCCTGT..GGAGCGGTGA]
11:55:11.712 - INFO - CDS - contig=contig_4, start=613016, stop=613435, strand=+, nt=[GTGAACGGCA..GGGGGACTAA]
11:55:11.712 - INFO - CDS - contig=contig_4, start=613520, stop=613786, strand=+, nt=[ATGACCTACG..AACCTCATAA]
11:55:11.712 - INFO - CDS - contig=contig_4, start=613864, stop=615087, strand=+, nt=[GTGAGGGCCG..AAATGAATAG]
11:55:11.712 - INFO - CDS - contig=contig_4, start=615107, stop=615322, strand=+, nt=[ATGGAATTTT..CTTTGGATAA]
11:55:11.712 - INFO - CDS - contig=contig_4, start=615337, stop=616206, strand=+, nt=[ATGCAGAGCA..AACCCATTAA]
11:55:11.712 - INFO - CDS - contig=contig_4, start=616218, stop=616637, strand=+, nt=[ATGGCTTATG..CCGTGGATAA]
11:55:11.712 - INFO - CDS - contig=contig_4, start=616591, stop=618966, strand=+, nt=[ATGGAAAAGA..CAGCGTATGA]
11:55:11.712 - INFO - CDS - contig=contig_4, start=618963, stop=619988, strand=+, nt=[ATGACGAGGC..AACAGTATAA]
11:55:11.712 - INFO - CDS - contig=contig_4, start=619975, stop=621873, strand=+, nt=[ATGAAACAGT..GAACTGGTAA]
11:55:11.712 - INFO - CDS - contig=contig_4, start=621897, stop=622151, strand=+, nt=[ATGGCAGCGA..TGAAGAATAA]
11:55:11.712 - INFO - CDS - contig=contig_4, start=622141, stop=622857, strand=+, nt=[ATGAAGAATA..AATCAAATGA]
11:55:11.712 - INFO - CDS - contig=contig_4, start=622854, stop=624944, strand=+, nt=[ATGAAACTGA..AGGGCGCTAA]
11:55:11.712 - INFO - CDS - contig=contig_4, start=624944, stop=625654, strand=+, nt=[ATGCTTGACA..GGAGCGATAA]
11:55:11.712 - INFO - CDS - contig=contig_4, start=625667, stop=627745, strand=+, nt=[ATGGCATACA..GGAACTGTGA]
11:55:11.712 - INFO - CDS - contig=contig_4, start=628317, stop=629660, strand=-, nt=[ATGGCAGTTA..ACGGGGATAG]
11:55:11.712 - INFO - CDS - contig=contig_4, start=629621, stop=629950, strand=-, nt=[ATGGCGAACA..ACAACTCTGA]
11:55:11.712 - INFO - CDS - contig=contig_4, start=631018, stop=631809, strand=+, nt=[ATGGCTGGTT..TGAGGGGTGA]
11:55:11.712 - INFO - CDS - contig=contig_4, start=632487, stop=632597, strand=+, nt=[ATGTCCTTTT..CATTATATAA]
11:55:11.712 - INFO - CDS - contig=contig_4, start=632795, stop=633229, strand=+, nt=[ATGAAAGACT..CGAAATTTGA]
11:55:11.712 - INFO - CDS - contig=contig_4, start=633214, stop=633456, strand=+, nt=[ATGGCCCGAA..TCCGGTCTAA]
11:55:11.712 - INFO - CDS - contig=contig_4, start=633950, stop=634156, strand=+, nt=[ATGAGCCAGC..GGCGTTCTAA]
11:55:11.712 - INFO - CDS - contig=contig_4, start=634181, stop=635572, strand=+, nt=[ATGGCATCTA..AGCAGGCTAA]
11:55:11.712 - INFO - CDS - contig=contig_4, start=636197, stop=637018, strand=+, nt=[ATGAATACGC..CAGTAGATGA]
11:55:11.713 - INFO - CDS - contig=contig_4, start=636975, stop=637901, strand=+, nt=[TTGAAAAGCA..GGAACGATGA]
11:55:11.713 - INFO - CDS - contig=contig_4, start=637914, stop=638189, strand=+, nt=[ATGAGGGATA..TCACCCGTAA]
11:55:11.713 - INFO - CDS - contig=contig_4, start=638214, stop=638417, strand=+, nt=[ATGAATATGT..TCTTTTGTGA]
11:55:11.713 - INFO - CDS - contig=contig_4, start=638972, stop=639346, strand=+, nt=[ATGCCTGTCT..CGGCTGGTAA]
11:55:11.713 - INFO - CDS - contig=contig_4, start=639381, stop=640127, strand=+, nt=[ATGAGTCAGA..GATGATATGA]
11:55:11.713 - INFO - CDS - contig=contig_4, start=640214, stop=640714, strand=+, nt=[ATGCAGGAGG..GGAACGATGA]
11:55:11.713 - INFO - CDS - contig=contig_4, start=640711, stop=642540, strand=+, nt=[ATGAAAAAGC..GGGTTCGTAA]
11:55:11.713 - INFO - CDS - contig=contig_4, start=642757, stop=642975, strand=+, nt=[ATGGCATTTT..CACCGTCTGA]
11:55:11.713 - INFO - CDS - contig=contig_4, start=643059, stop=643928, strand=+, nt=[ATGGATTTCT..CGCACACTAA]
11:55:11.713 - INFO - CDS - contig=contig_4, start=643949, stop=644416, strand=+, nt=[TTGGCTTATG..AGCAGATTGA]
11:55:11.713 - INFO - CDS - contig=contig_4, start=644361, stop=646760, strand=+, nt=[GTGCAGCCGG..GGATGAATGA]
11:55:11.713 - INFO - CDS - contig=contig_4, start=646763, stop=647131, strand=+, nt=[ATGAAAACCA..GTTTGAATAA]
11:55:11.713 - INFO - CDS - contig=contig_4, start=647124, stop=648857, strand=+, nt=[TTGAATAAGG..GAACTGGTAA]
11:55:11.713 - INFO - CDS - contig=contig_4, start=648888, stop=649145, strand=+, nt=[ATGGCTAAGA..TGAAGAATAA]
11:55:11.713 - INFO - CDS - contig=contig_4, start=649135, stop=649908, strand=+, nt=[ATGAAGAATA..ACTGGAATGA]
11:55:11.713 - INFO - CDS - contig=contig_4, start=650114, stop=652213, strand=+, nt=[ATGAAGCTGG..CAAACGATGA]
11:55:11.713 - INFO - CDS - contig=contig_4, start=652210, stop=652491, strand=+, nt=[ATGAAGCTCT..CAATGAGTAA]
11:55:11.713 - INFO - CDS - contig=contig_4, start=652494, stop=655787, strand=+, nt=[ATGGCTGAAA..GGAGCTTTGA]
11:55:11.713 - INFO - CDS - contig=contig_4, start=655789, stop=656004, strand=+, nt=[ATGAACAACT..TGATGAATAA]
11:55:11.713 - INFO - CDS - contig=contig_4, start=656849, stop=657205, strand=+, nt=[ATGGAGAACA..TCACAGCTGA]
11:55:11.713 - INFO - CDS - contig=contig_4, start=657259, stop=665559, strand=+, nt=[GTGAAAACAT..GGTGCGATAA]
11:55:11.713 - INFO - CDS - contig=contig_4, start=665561, stop=666625, strand=+, nt=[ATGAATACCA..GGAGCGATGA]
11:55:11.713 - INFO - CDS - contig=contig_4, start=666622, stop=666966, strand=+, nt=[ATGAGTACCC..ACTTTCGTAA]
11:55:11.713 - INFO - CDS - contig=contig_4, start=667112, stop=667423, strand=+, nt=[ATGAAGATAG..TTATGGATAA]
11:55:11.713 - INFO - CDS - contig=contig_4, start=667934, stop=668767, strand=+, nt=[ATGAAAAGAA..GGATGACTGA]
11:55:11.713 - INFO - CDS - contig=contig_4, start=668857, stop=670272, strand=+, nt=[GTGGCAACAA..CCAGCGGTGA]
11:55:11.713 - INFO - CDS - contig=contig_4, start=670461, stop=670775, strand=-, nt=[ATGGATGAGG..GGAGAGCTAA]
11:55:11.713 - INFO - CDS - contig=contig_4, start=670817, stop=671473, strand=+, nt=[ATGTTGATAT..TCTCAGATGA]
11:55:11.713 - INFO - CDS - contig=contig_4, start=671771, stop=672886, strand=+, nt=[ATGAGTTTGA..GCAGACCTGA]
11:55:11.713 - INFO - CDS - contig=contig_4, start=672920, stop=673762, strand=+, nt=[ATGAAAAAAA..GCAGGGATAA]
11:55:11.713 - INFO - CDS - contig=contig_4, start=673781, stop=674005, strand=+, nt=[ATGAACAGTG..GGTACTGTAA]
11:55:11.713 - INFO - CDS - contig=contig_4, start=674018, stop=674608, strand=+, nt=[ATGACACAAG..ACTGCTGTAA]
11:55:11.713 - INFO - CDS - contig=contig_4, start=674623, stop=675462, strand=+, nt=[ATGTTTGAAG..TGAGGGGTAA]
11:55:11.713 - INFO - CDS - contig=contig_4, start=675476, stop=675979, strand=+, nt=[ATGAAACTGA..TGAGAGCTAA]
11:55:11.713 - INFO - CDS - contig=contig_4, start=676072, stop=676917, strand=+, nt=[ATGAACATGA..GTGTTATTAA]
11:55:11.713 - INFO - CDS - contig=contig_4, start=676930, stop=677664, strand=+, nt=[ATGATGCACC..GGAAAAATGA]
11:55:11.713 - INFO - CDS - contig=contig_4, start=677678, stop=678004, strand=+, nt=[ATGAAAACAT..GGACTGGTGA]
11:55:11.713 - INFO - CDS - contig=contig_4, start=678010, stop=678357, strand=+, nt=[ATGTCCATTG..AGAGAGCTGA]
11:55:11.713 - INFO - CDS - contig=contig_4, start=678394, stop=679125, strand=+, nt=[ATGCCGACAG..GCAGGCGTAA]
11:55:11.713 - INFO - CDS - contig=contig_4, start=679140, stop=680099, strand=+, nt=[ATGGATTGGC..GGGTTTGTGA]
11:55:11.713 - INFO - CDS - contig=contig_4, start=680108, stop=680344, strand=+, nt=[ATGGCTTGGG..GAACGGATGA]
11:55:11.713 - INFO - CDS - contig=contig_4, start=680360, stop=681841, strand=+, nt=[ATGAAAGCCA..AGATTTTTGA]
11:55:11.713 - INFO - CDS - contig=contig_4, start=681858, stop=682283, strand=+, nt=[ATGGATACAA..GAAACTATAG]
11:55:11.713 - INFO - CDS - contig=contig_4, start=682316, stop=683050, strand=+, nt=[ATGGAATCTA..GCTCGGATAG]
11:55:11.713 - INFO - CDS - contig=contig_4, start=683069, stop=684037, strand=+, nt=[ATGAACGAAA..GGCAATTTGA]
11:55:11.713 - INFO - CDS - contig=contig_4, start=684054, stop=684623, strand=+, nt=[ATGAGAGAAA..ACAGCATTGA]
11:55:11.713 - INFO - CDS - contig=contig_4, start=684676, stop=685044, strand=+, nt=[ATGAACAGCA..AAAAGACTGA]
11:55:11.713 - INFO - CDS - contig=contig_4, start=685058, stop=685906, strand=+, nt=[ATGGATGTCG..CCGAAAGTAA]
11:55:11.713 - INFO - CDS - contig=contig_4, start=685932, stop=686282, strand=+, nt=[ATGAGCAAGG..GCCGGAATAA]
11:55:11.713 - INFO - CDS - contig=contig_4, start=686298, stop=691898, strand=+, nt=[ATGTATATCA..GTGGGATTGA]
11:55:11.713 - INFO - CDS - contig=contig_4, start=691914, stop=692231, strand=+, nt=[ATGACAACAC..TGAGCGATGA]
11:55:11.713 - INFO - CDS - contig=contig_4, start=692209, stop=692610, strand=+, nt=[TTGGATTATG..GTGGGAGTGA]
11:55:11.713 - INFO - CDS - contig=contig_4, start=692723, stop=693337, strand=+, nt=[GTGCTGGCCC..ACAAGAATAA]
11:55:11.713 - INFO - CDS - contig=contig_4, start=693511, stop=694473, strand=+, nt=[ATGCAAAGCC..GTTTATTTGA]
11:55:11.713 - INFO - CDS - contig=contig_4, start=694619, stop=694978, strand=+, nt=[ATGACTTTCG..TCAGCATTAA]
11:55:11.713 - INFO - CDS - contig=contig_4, start=694993, stop=695607, strand=+, nt=[TTGTCTGTTC..TCTTATTTAA]
11:55:11.714 - INFO - CDS - contig=contig_4, start=695719, stop=696255, strand=+, nt=[ATGAGAAAAG..TTCCGACTGA]
11:55:11.714 - INFO - CDS - contig=contig_4, start=696560, stop=697102, strand=+, nt=[ATGACAAGAG..GTTTATATAA]
11:55:11.714 - INFO - CDS - contig=contig_4, start=697606, stop=697986, strand=+, nt=[ATGAACGAAG..GGCACCATGA]
11:55:11.714 - INFO - CDS - contig=contig_4, start=698018, stop=698242, strand=+, nt=[ATGTTTGAAG..AAAATCATAG]
11:55:11.714 - INFO - CDS - contig=contig_4, start=698354, stop=698767, strand=+, nt=[ATGCAACAAG..GAGTTGCTGA]
11:55:11.714 - INFO - CDS - contig=contig_4, start=698770, stop=700158, strand=+, nt=[ATGGCATCTA..TGCTCTGTAA]
11:55:11.714 - INFO - CDS - contig=contig_4, start=700893, stop=701099, strand=-, nt=[TTGGGGCGGC..CCCCAGTTGA]
11:55:11.714 - INFO - CDS - contig=contig_4, start=701194, stop=701826, strand=+, nt=[ATGTTTGACG..GCTGGGATAA]
11:55:11.714 - INFO - CDS - contig=contig_4, start=701891, stop=703405, strand=-, nt=[ATGGAACGTC..CGGAAGATGA]
11:55:11.714 - INFO - CDS - contig=contig_4, start=703558, stop=703767, strand=-, nt=[ATGGAAATAT..CCAGCGCTGA]
11:55:11.714 - INFO - CDS - contig=contig_4, start=703825, stop=704508, strand=-, nt=[GTGCTGGGGG..GAATGTGTAG]
11:55:11.714 - INFO - CDS - contig=contig_4, start=704542, stop=705753, strand=-, nt=[ATGGGACAGC..CAGGGACTGA]
11:55:11.714 - INFO - CDS - contig=contig_4, start=705753, stop=705932, strand=-, nt=[ATGGATGAAC..GTATTGCTGA]
11:55:11.714 - INFO - CDS - contig=contig_4, start=705971, stop=708208, strand=-, nt=[TTGGACCCTA..GGTGGGATAA]
11:55:11.714 - INFO - CDS - contig=contig_4, start=708225, stop=710291, strand=-, nt=[ATGAAATACA..AGAACCGTGA]
11:55:11.714 - INFO - CDS - contig=contig_4, start=710596, stop=711642, strand=-, nt=[ATGAAGTGGG..CTGCGAATAA]
11:55:11.714 - INFO - CDS - contig=contig_4, start=711713, stop=712189, strand=+, nt=[ATGGCAGAAG..CAGCAAGTGA]
11:55:11.714 - INFO - CDS - contig=contig_4, start=712305, stop=713150, strand=+, nt=[ATGATGAAAC..GGCGCAGTAA]
11:55:11.714 - INFO - CDS - contig=contig_4, start=713322, stop=715199, strand=+, nt=[ATGAGACAGA..GAGCCTGTAA]
11:55:11.714 - INFO - CDS - contig=contig_4, start=715355, stop=716569, strand=+, nt=[ATGTCTCATC..AAATGCTTGA]
11:55:11.714 - INFO - CDS - contig=contig_4, start=716647, stop=716856, strand=+, nt=[ATGCCGATTA..TTTGATCTGA]
11:55:11.714 - INFO - CDS - contig=contig_4, start=716872, stop=717093, strand=+, nt=[ATGAAAACGC..GGTGGAGTGA]
11:55:11.714 - INFO - CDS - contig=contig_4, start=717157, stop=719625, strand=+, nt=[ATGGAGTGGA..CGCCAAATAA]
11:55:11.714 - INFO - CDS - contig=contig_4, start=719638, stop=719799, strand=+, nt=[ATGAACGTTC..GGGAAAATAA]
11:55:11.714 - INFO - CDS - contig=contig_4, start=719959, stop=720462, strand=+, nt=[ATGACCATCC..ACATTTTTGA]
11:55:11.714 - INFO - CDS - contig=contig_4, start=720510, stop=720977, strand=+, nt=[ATGGACCGCA..CCGCTACTGA]
11:55:11.714 - INFO - CDS - contig=contig_4, start=721173, stop=721694, strand=+, nt=[ATGGCTCAAA..AAAGTCCTGA]
11:55:11.714 - INFO - CDS - contig=contig_4, start=722529, stop=723326, strand=-, nt=[ATGAAACTCA..ACTGGAGTAA]
11:55:11.714 - INFO - CDS - contig=contig_4, start=723401, stop=723985, strand=-, nt=[ATGGACATCA..GGCGGAGTAA]
11:55:11.714 - INFO - CDS - contig=contig_4, start=724168, stop=724926, strand=-, nt=[ATGGAATATA..AGAGCTCTGA]
11:55:11.714 - INFO - CDS - contig=contig_4, start=725007, stop=726347, strand=-, nt=[ATGAATTATC..CAAGCGGTAA]
11:55:11.714 - INFO - CDS - contig=contig_4, start=726556, stop=727419, strand=+, nt=[ATGCGGCAGC..GGGAGTGTGA]
11:55:11.714 - INFO - CDS - contig=contig_4, start=727422, stop=728021, strand=+, nt=[ATGGAGCAGC..CGGCTCATGA]
11:55:11.714 - INFO - CDS - contig=contig_4, start=728281, stop=729198, strand=+, nt=[TTGGTCAAAT..ATACGAATGA]
11:55:11.714 - INFO - CDS - contig=contig_4, start=729214, stop=730362, strand=+, nt=[ATGGAAGACA..GAAAAAGTGA]
11:55:11.714 - INFO - CDS - contig=contig_4, start=730371, stop=731390, strand=+, nt=[ATGGAACCCA..GGCGCGATGA]
11:55:11.714 - INFO - CDS - contig=contig_4, start=731387, stop=732343, strand=+, nt=[ATGAGCGGCC..CCTGTACTGA]
11:55:11.714 - INFO - CDS - contig=contig_4, start=732410, stop=734071, strand=+, nt=[ATGAAAAAGC..CAGCAAGTAA]
11:55:11.714 - INFO - CDS - contig=contig_4, start=734071, stop=734556, strand=+, nt=[ATGGAATGCC..CATGGAATAA]
11:55:11.714 - INFO - CDS - contig=contig_4, start=734710, stop=735534, strand=+, nt=[ATGAGCTATC..CAAAATGTGA]
11:55:11.714 - INFO - CDS - contig=contig_4, start=735697, stop=736998, strand=+, nt=[ATGGCAATTC..GCGGAACTGA]
11:55:11.714 - INFO - CDS - contig=contig_4, start=737022, stop=738650, strand=+, nt=[TTGTCAGAAT..TATCCATTGA]
11:55:11.714 - INFO - CDS - contig=contig_4, start=738688, stop=739476, strand=+, nt=[ATGATAGATT..ACGGACTTAA]
11:55:11.714 - INFO - CDS - contig=contig_4, start=739541, stop=739816, strand=+, nt=[ATGAACAAGG..TGCGAAATAA]
11:55:11.714 - INFO - CDS - contig=contig_4, start=739895, stop=740137, strand=+, nt=[ATGCGACTGG..GGTCCTCTGA]
11:55:11.714 - INFO - CDS - contig=contig_4, start=740317, stop=740691, strand=-, nt=[ATGAAATTTT..TGAGGCCTGA]
11:55:11.714 - INFO - CDS - contig=contig_4, start=741083, stop=743347, strand=+, nt=[ATGGAGCCAA..AAAGCCGTAA]
11:55:11.714 - INFO - CDS - contig=contig_4, start=743368, stop=744366, strand=-, nt=[ATGGATCTTA..CCTGGCATAA]
11:55:11.714 - INFO - CDS - contig=contig_4, start=744431, stop=745741, strand=+, nt=[ATGGATTTTT..GGGGCTTTGA]
11:55:11.714 - INFO - CDS - contig=contig_4, start=745722, stop=746555, strand=+, nt=[ATGTGGAAGC..CCGCGCCTGA]
11:55:11.714 - INFO - CDS - contig=contig_4, start=746611, stop=747480, strand=-, nt=[ATGAAGGTAC..GACATTATAA]
11:55:11.715 - INFO - CDS - contig=contig_4, start=747514, stop=748041, strand=-, nt=[ATGCGCAAAT..GGTCGTCTGA]
11:55:11.715 - INFO - CDS - contig=contig_4, start=748380, stop=749486, strand=-, nt=[ATGGCTGAAT..GTCCAAGTAA]
11:55:11.715 - INFO - CDS - contig=contig_4, start=749507, stop=750307, strand=-, nt=[ATGAAAGCAA..CATCATCTAA]
11:55:11.715 - INFO - CDS - contig=contig_4, start=750329, stop=751486, strand=-, nt=[ATGGATTTGC..CATTAAGTAA]
11:55:11.715 - INFO - CDS - contig=contig_4, start=751626, stop=752483, strand=-, nt=[ATGAGCATCA..CAAGAAGTAA]
11:55:11.715 - INFO - CDS - contig=contig_4, start=752541, stop=753317, strand=-, nt=[ATGGGATTTG..CGGAAAATAA]
11:55:11.715 - INFO - CDS - contig=contig_4, start=753651, stop=754361, strand=-, nt=[GTGGCCGCGG..GCTGAGCTGA]
11:55:11.715 - INFO - CDS - contig=contig_4, start=754598, stop=756133, strand=+, nt=[TTGAAAGCCA..GGTATCATGA]
11:55:11.715 - INFO - CDS - contig=contig_4, start=756154, stop=756912, strand=+, nt=[GTGAAAGCCC..ACGGCGCTGA]
11:55:11.715 - INFO - CDS - contig=contig_4, start=757382, stop=758563, strand=+, nt=[ATGGAATTTT..GATCTTCTGA]
11:55:11.715 - INFO - CDS - contig=contig_4, start=758639, stop=759823, strand=+, nt=[ATGACGAATT..CCATTCTTAA]
11:55:11.715 - INFO - CDS - contig=contig_4, start=759898, stop=761034, strand=-, nt=[ATGAAAAAAT..GGGCAAATAG]
11:55:11.715 - INFO - CDS - contig=contig_4, start=761244, stop=762092, strand=+, nt=[ATGAATCCCA..CGAGCAGTGA]
11:55:11.715 - INFO - CDS - contig=contig_4, start=762182, stop=762850, strand=+, nt=[ATGCTCGCAA..CTTTAAATAA]
11:55:11.715 - INFO - CDS - contig=contig_4, start=762863, stop=763624, strand=+, nt=[ATGGCACTTT..CGGGTCTTGA]
11:55:11.715 - INFO - CDS - contig=contig_4, start=763711, stop=763812, strand=+, nt=[ATGGTTTTTT..CGGCGAGTGA]
11:55:11.715 - INFO - CDS - contig=contig_4, start=763868, stop=766153, strand=-, nt=[ATGACTCTTA..CGTCCTCTGA]
11:55:11.715 - INFO - CDS - contig=contig_4, start=766263, stop=767111, strand=-, nt=[ATGCAAAAGA..CCGGAGCTGA]
11:55:11.715 - INFO - CDS - contig=contig_4, start=767493, stop=767867, strand=+, nt=[ATGAAAATTC..AAAAAAATGA]
11:55:11.715 - INFO - CDS - contig=contig_4, start=768113, stop=768613, strand=+, nt=[ATGCACAATG..CAAGTTTTGA]
11:55:11.715 - INFO - CDS - contig=contig_4, start=768692, stop=769033, strand=+, nt=[ATGGCTGAAC..CGAAGCATGA]
11:55:11.715 - INFO - CDS - contig=contig_4, start=769287, stop=771239, strand=+, nt=[ATGAGAGACA..ACATACCTGA]
11:55:11.715 - INFO - CDS - contig=contig_4, start=771294, stop=772478, strand=+, nt=[ATGCTCCTGG..GAAGATATGA]
11:55:11.715 - INFO - CDS - contig=contig_4, start=772475, stop=773590, strand=+, nt=[ATGAACGATC..GATCGTGTGA]
11:55:11.715 - INFO - CDS - contig=contig_4, start=773649, stop=775085, strand=+, nt=[ATGAACATTT..AGGAAAATAG]
11:55:11.715 - INFO - CDS - contig=contig_4, start=775261, stop=777690, strand=+, nt=[ATGGAACAAT..TCACCGCTGA]
11:55:11.715 - INFO - CDS - contig=contig_4, start=777752, stop=779410, strand=-, nt=[ATGGCAGAAA..GGAAGTGTGA]
11:55:11.715 - INFO - CDS - contig=contig_4, start=779710, stop=782019, strand=-, nt=[ATGAAAGCAG..AGAAAAATGA]
11:55:11.715 - INFO - CDS - contig=contig_4, start=782149, stop=782481, strand=+, nt=[ATGAACATTC..CTGGGAGTAA]
11:55:11.715 - INFO - CDS - contig=contig_4, start=782491, stop=783474, strand=-, nt=[ATGGCAAGAC..GGAAACGTGA]
11:55:11.715 - INFO - CDS - contig=contig_4, start=783708, stop=784796, strand=+, nt=[TTGATCATCC..CTGGCACTGA]
11:55:11.715 - INFO - CDS - contig=contig_4, start=784913, stop=786922, strand=+, nt=[ATGAAACATG..CGGACAATAA]
11:55:11.715 - INFO - CDS - contig=contig_4, start=787056, stop=788006, strand=+, nt=[ATGGCGAAAT..TGGGCGCTGA]
11:55:11.715 - INFO - CDS - contig=contig_4, start=788006, stop=789079, strand=+, nt=[ATGGCTCTCT..CGTCAACTGA]
11:55:11.715 - INFO - CDS - contig=contig_4, start=789279, stop=790325, strand=+, nt=[ATGCCAAACA..CCATGTCTGA]
11:55:11.715 - INFO - CDS - contig=contig_4, start=790318, stop=791253, strand=+, nt=[ATGTCTGATA..AATGCTGTAA]
11:55:11.715 - INFO - CDS - contig=contig_4, start=791381, stop=792295, strand=+, nt=[ATGCTGACCC..GACCGCATGA]
11:55:11.715 - INFO - CDS - contig=contig_4, start=792292, stop=793089, strand=+, nt=[ATGACTTTTT..GGAGGCCTGA]
11:55:11.715 - INFO - CDS - contig=contig_4, start=793093, stop=793902, strand=+, nt=[ATGAACGCAG..CCTGTTTTAA]
11:55:11.715 - INFO - CDS - contig=contig_4, start=793950, stop=794336, strand=-, nt=[ATGAGTCAGA..GGAGAAGTAA]
11:55:11.715 - INFO - CDS - contig=contig_4, start=794397, stop=796445, strand=-, nt=[ATGACGCCTG..CTTTAATTAA]
11:55:11.715 - INFO - CDS - contig=contig_4, start=796633, stop=800061, strand=+, nt=[TTGAGTGAGA..CATGAAATAA]
11:55:11.715 - INFO - CDS - contig=contig_4, start=800137, stop=801093, strand=+, nt=[GTGGAAACGA..GGTCCTCTGA]
11:55:11.715 - INFO - CDS - contig=contig_4, start=801158, stop=801658, strand=+, nt=[ATGCGCTCTT..CCGTTTTTGA]
11:55:11.715 - INFO - CDS - contig=contig_4, start=801673, stop=802239, strand=-, nt=[GTGAGCTGTG..GGTGCGATAG]
11:55:11.715 - INFO - CDS - contig=contig_4, start=802236, stop=803291, strand=-, nt=[ATGAAAACGG..GAGCGCGTGA]
11:55:11.715 - INFO - CDS - contig=contig_4, start=803288, stop=803641, strand=-, nt=[ATGGCGCTGA..GAGCCTATGA]
11:55:11.715 - INFO - CDS - contig=contig_4, start=803641, stop=804027, strand=-, nt=[ATGTTTCTAT..GGGCGTGTGA]
11:55:11.715 - INFO - CDS - contig=contig_4, start=804084, stop=805016, strand=-, nt=[ATGGAGGGAT..GCTGGGGTGA]
11:55:11.715 - INFO - CDS - contig=contig_4, start=805016, stop=805597, strand=-, nt=[ATGGAGCTTG..CGTCCGGTGA]
11:55:11.716 - INFO - CDS - contig=contig_4, start=805609, stop=806154, strand=-, nt=[TTGATCGATT..GCTGTACTGA]
11:55:11.716 - INFO - CDS - contig=contig_4, start=806151, stop=806351, strand=-, nt=[ATGACCCACC..TGGGATTTGA]
11:55:11.716 - INFO - CDS - contig=contig_4, start=806348, stop=806770, strand=-, nt=[ATGAGAGACA..CGGAAGATGA]
11:55:11.716 - INFO - CDS - contig=contig_4, start=806767, stop=807159, strand=-, nt=[ATGACGGTAT..GCTGAAATGA]
11:55:11.716 - INFO - CDS - contig=contig_4, start=807172, stop=808194, strand=-, nt=[GTGAATGTGA..GACGGTATAA]
11:55:11.716 - INFO - CDS - contig=contig_4, start=808191, stop=808682, strand=-, nt=[ATGACGGGAA..CAAGGTGTGA]
11:55:11.716 - INFO - CDS - contig=contig_4, start=808679, stop=809005, strand=-, nt=[ATGGACGGAT..CGGGGCATGA]
11:55:11.716 - INFO - CDS - contig=contig_4, start=809005, stop=809352, strand=-, nt=[TTGATCGAGA..GCGGGGCTGA]
11:55:11.716 - INFO - CDS - contig=contig_4, start=809446, stop=810477, strand=-, nt=[ATGGCTTATC..GACGGTGTGA]
11:55:11.716 - INFO - CDS - contig=contig_4, start=810493, stop=810846, strand=-, nt=[ATGAGCAGCA..GAAAATGTAA]
11:55:11.716 - INFO - CDS - contig=contig_4, start=810912, stop=811832, strand=-, nt=[TTGAAGATCA..TTTGGTGTGA]
11:55:11.716 - INFO - CDS - contig=contig_4, start=811876, stop=813021, strand=-, nt=[ATGAAGTGGT..AACGGTTTGA]
11:55:11.716 - INFO - CDS - contig=contig_4, start=813034, stop=814287, strand=-, nt=[ATGCAGGTGG..ATGGAGATGA]
11:55:11.716 - INFO - CDS - contig=contig_4, start=814288, stop=814581, strand=-, nt=[ATGGAGAGCC..GGAGAAATAA]
11:55:11.716 - INFO - CDS - contig=contig_4, start=814753, stop=815577, strand=-, nt=[ATGCGCTGGT..GGAAGAATAG]
11:55:11.716 - INFO - CDS - contig=contig_4, start=815590, stop=816912, strand=-, nt=[ATGGCAAGGC..GGAGAATTAA]
11:55:11.716 - INFO - CDS - contig=contig_4, start=816899, stop=818686, strand=-, nt=[TTGTTCCGCA..CAAGGCGTAA]
11:55:11.716 - INFO - CDS - contig=contig_4, start=818731, stop=819444, strand=-, nt=[ATGAGCAAGC..CGAGGGGTAA]
11:55:11.716 - INFO - CDS - contig=contig_4, start=819441, stop=819995, strand=-, nt=[TTGAAACTGA..GACGAAATGA]
11:55:11.716 - INFO - CDS - contig=contig_4, start=820313, stop=821611, strand=+, nt=[TTGACGAAAT..GGTGGGCTGA]
11:55:11.716 - INFO - CDS - contig=contig_4, start=821697, stop=822482, strand=+, nt=[TTGGAGATCC..CGAGGTATAA]
11:55:11.716 - INFO - CDS - contig=contig_4, start=822486, stop=822968, strand=+, nt=[ATGAGAAATA..CCACAAGTGA]
11:55:11.716 - INFO - CDS - contig=contig_4, start=822980, stop=823288, strand=+, nt=[ATGTCCGCGG..AGTGCTATGA]
11:55:11.716 - INFO - CDS - contig=contig_4, start=823285, stop=825012, strand=+, nt=[ATGACTTACC..AAAGGCCTGA]
11:55:11.716 - INFO - CDS - contig=contig_4, start=825257, stop=827167, strand=+, nt=[ATGACCGAAC..CTGGGGCTGA]
11:55:11.716 - INFO - CDS - contig=contig_4, start=827167, stop=827874, strand=+, nt=[ATGGTGGCCG..TGGACTGTGA]
11:55:11.716 - INFO - CDS - contig=contig_4, start=827871, stop=829079, strand=+, nt=[GTGAATCTGA..GGCGGAGTGA]
11:55:11.716 - INFO - CDS - contig=contig_4, start=829121, stop=831448, strand=+, nt=[ATGCGAATGA..AGTTGACTGA]
11:55:11.716 - INFO - CDS - contig=contig_4, start=831797, stop=832840, strand=-, nt=[TTGGACGAAG..CCGTGCATGA]
11:55:11.716 - INFO - CDS - contig=contig_4, start=832909, stop=833739, strand=-, nt=[ATGCCCAACA..GCGGGGATAA]
11:55:11.716 - INFO - CDS - contig=contig_4, start=833917, stop=834363, strand=-, nt=[ATGGAACATA..GCCCAAGTAG]
11:55:11.716 - INFO - CDS - contig=contig_4, start=834353, stop=835135, strand=-, nt=[ATGCGGGAGA..TGGAACATAA]
11:55:11.716 - INFO - CDS - contig=contig_4, start=835135, stop=835263, strand=-, nt=[GTGAGCGTAT..GGCGGGCTGA]
11:55:11.716 - INFO - CDS - contig=contig_4, start=835260, stop=835547, strand=-, nt=[ATGCTGACCA..GGATCTGTGA]
11:55:11.716 - INFO - CDS - contig=contig_4, start=835645, stop=836643, strand=+, nt=[GTGAAACACA..CTGTCCATAG]
11:55:11.716 - INFO - CDS - contig=contig_4, start=836695, stop=836931, strand=-, nt=[ATGGATCGTA..TGGGGAATAG]
11:55:11.716 - INFO - CDS - contig=contig_4, start=837192, stop=837464, strand=+, nt=[ATGAGGGAAC..CTGGCTTTAA]
11:55:11.716 - INFO - CDS - contig=contig_4, start=837518, stop=838531, strand=-, nt=[ATGACAAAAC..GAAGAAATAG]
11:55:11.716 - INFO - CDS - contig=contig_4, start=838543, stop=840087, strand=-, nt=[TTGAAGGTGC..ACAGTTTTAA]
11:55:11.716 - INFO - CDS - contig=contig_4, start=840103, stop=841107, strand=-, nt=[ATGGAATGGG..GGCCGAGTGA]
11:55:11.716 - INFO - CDS - contig=contig_4, start=841243, stop=843105, strand=+, nt=[TTGGAAGCCC..CGATGCGTAA]
11:55:11.716 - INFO - CDS - contig=contig_4, start=843098, stop=844468, strand=+, nt=[ATGCGTAAGA..CAACGGCTGA]
11:55:11.716 - INFO - CDS - contig=contig_4, start=844498, stop=845394, strand=+, nt=[ATGGGAAAAA..GTTTCTCTGA]
11:55:11.716 - INFO - CDS - contig=contig_4, start=845522, stop=846049, strand=+, nt=[ATGTTTTGGA..AGCCATCTGA]
11:55:11.716 - INFO - CDS - contig=contig_4, start=846107, stop=846709, strand=+, nt=[ATGTCCGTTT..GAAGCGCTGA]
11:55:11.716 - INFO - CDS - contig=contig_4, start=846767, stop=847582, strand=-, nt=[ATGAACATTC..GTATCTGTAA]
11:55:11.716 - INFO - CDS - contig=contig_4, start=847732, stop=849096, strand=+, nt=[GTGAACATCA..TGCGGACTGA]
11:55:11.716 - INFO - CDS - contig=contig_4, start=849122, stop=850576, strand=+, nt=[ATGAATCGAA..AGCCACCTGA]
11:55:11.716 - INFO - CDS - contig=contig_4, start=850730, stop=851479, strand=+, nt=[ATGGAATATA..GAGCAAATAG]
11:55:11.717 - INFO - CDS - contig=contig_4, start=851699, stop=852910, strand=-, nt=[ATGGAGAAAA..GAGACTCTGA]
11:55:11.717 - INFO - CDS - contig=contig_4, start=853057, stop=854016, strand=+, nt=[ATGGTCAAAA..GATCCCTTAA]
11:55:11.717 - INFO - CDS - contig=contig_4, start=854103, stop=855116, strand=+, nt=[ATGGCCACTA..CCTCTTGTGA]
11:55:11.717 - INFO - CDS - contig=contig_4, start=855242, stop=855928, strand=-, nt=[ATGGAAGAGA..GCAGGAGTAG]
11:55:11.717 - INFO - CDS - contig=contig_4, start=856033, stop=856245, strand=-, nt=[ATGAATCAGG..GGCGCTGTAA]
11:55:11.717 - INFO - CDS - contig=contig_4, start=856760, stop=857542, strand=+, nt=[GTGAGAAAAA..TCGGCAGTGA]
11:55:11.717 - INFO - CDS - contig=contig_4, start=857632, stop=857805, strand=+, nt=[ATGTGGACCA..CAGATATTGA]
11:55:11.717 - INFO - CDS - contig=contig_4, start=858169, stop=862449, strand=+, nt=[ATGAGAAAAC..GGGGAAATAA]
11:55:11.717 - INFO - CDS - contig=contig_4, start=862578, stop=864362, strand=+, nt=[ATGCTGCTGT..GCAAGAATGA]
11:55:11.717 - INFO - CDS - contig=contig_4, start=864359, stop=864943, strand=+, nt=[ATGAAAGAGA..CTCCCTCTGA]
11:55:11.717 - INFO - CDS - contig=contig_4, start=864943, stop=865194, strand=+, nt=[ATGGACTGGT..ACGACTGTGA]
11:55:11.717 - INFO - CDS - contig=contig_4, start=865181, stop=865663, strand=+, nt=[GTGAACGACT..GGTGCTCTGA]
11:55:11.717 - INFO - CDS - contig=contig_4, start=865708, stop=866631, strand=+, nt=[GTGACCACCT..CCATGGATGA]
11:55:11.717 - INFO - CDS - contig=contig_4, start=866624, stop=867358, strand=+, nt=[ATGGATGAGC..TCCATGTTAA]
11:55:11.717 - INFO - CDS - contig=contig_4, start=867449, stop=868762, strand=+, nt=[GTGAAGAAAA..GAAATGCTGA]
11:55:11.717 - INFO - CDS - contig=contig_4, start=868756, stop=868869, strand=+, nt=[ATGCTGATAT..TATGGTGTAG]
11:55:11.717 - INFO - CDS - contig=contig_4, start=868947, stop=869477, strand=+, nt=[ATGAAGAAAG..GCGGGCGTAA]
11:55:11.717 - INFO - CDS - contig=contig_4, start=869557, stop=870918, strand=-, nt=[GTGCAGAACG..GGAGCGCTGA]
11:55:11.717 - INFO - CDS - contig=contig_4, start=871061, stop=872101, strand=+, nt=[ATGGCAAAAC..GGAACAATAG]
11:55:11.717 - INFO - CDS - contig=contig_4, start=872200, stop=872595, strand=+, nt=[ATGGTACAGC..AAATGTCTGA]
11:55:11.717 - INFO - CDS - contig=contig_4, start=872588, stop=873280, strand=+, nt=[ATGTCTGATT..GCTGCTCTGA]
11:55:11.717 - INFO - CDS - contig=contig_4, start=873458, stop=877375, strand=+, nt=[ATGCCTGATT..CGAGCAGTAG]
11:55:11.717 - INFO - CDS - contig=contig_4, start=877416, stop=878117, strand=-, nt=[GTGGAAGAGA..GATGGGATAA]
11:55:11.717 - INFO - CDS - contig=contig_4, start=878280, stop=879422, strand=-, nt=[ATGAATTTCC..CGTCAAATAA]
11:55:11.717 - INFO - CDS - contig=contig_4, start=879456, stop=880460, strand=-, nt=[ATGGAAACCA..GCGCGGCTAA]
11:55:11.717 - INFO - CDS - contig=contig_4, start=880473, stop=881279, strand=-, nt=[ATGAACATTC..TGTGATTTGA]
11:55:11.717 - INFO - CDS - contig=contig_4, start=881329, stop=882750, strand=-, nt=[ATGCCGCAGT..TATTCAGTGA]
11:55:11.717 - INFO - CDS - contig=contig_4, start=882807, stop=884081, strand=-, nt=[ATGGCACTGA..GTGCCCGTAA]
11:55:11.717 - INFO - CDS - contig=contig_4, start=884419, stop=885975, strand=+, nt=[ATGTCTCTGC..GCCCCTGTGA]
11:55:11.717 - INFO - CDS - contig=contig_4, start=886313, stop=887143, strand=+, nt=[TTGGAGAGCT..AACTCCCTGA]
11:55:11.717 - INFO - CDS - contig=contig_4, start=887193, stop=887900, strand=-, nt=[GTGGCACTGT..GGGCGGCTAA]
11:55:11.717 - INFO - CDS - contig=contig_4, start=887904, stop=888752, strand=-, nt=[ATGAAAAAGT..GGAGGGCTGA]
11:55:11.717 - INFO - CDS - contig=contig_4, start=888749, stop=889789, strand=-, nt=[ATGAGTGTCA..GGCGAAATGA]
11:55:11.717 - INFO - CDS - contig=contig_4, start=889803, stop=890684, strand=-, nt=[TTGTTTTCCA..AAAAGTGTAA]
11:55:11.717 - INFO - CDS - contig=contig_4, start=890872, stop=892107, strand=-, nt=[ATGAAGAAAC..GATGTTCTAA]
11:55:11.717 - INFO - CDS - contig=contig_4, start=892217, stop=892933, strand=-, nt=[ATGAAAACTG..GGTGATTTGA]
11:55:11.717 - INFO - CDS - contig=contig_4, start=893074, stop=893811, strand=+, nt=[ATGTTAGAGA..GGACCGCTGA]
11:55:11.717 - INFO - CDS - contig=contig_4, start=893811, stop=894731, strand=+, nt=[ATGGACAAGA..CCTGAATTGA]
11:55:11.717 - INFO - CDS - contig=contig_4, start=895486, stop=895977, strand=+, nt=[ATGCCCACCA..AACGCCATGA]
11:55:11.717 - INFO - CDS - contig=contig_4, start=895974, stop=897002, strand=+, nt=[ATGAAGCTCA..GGGGTGGTGA]
11:55:11.717 - INFO - CDS - contig=contig_4, start=897005, stop=897496, strand=+, nt=[ATGCCTCTCA..GGAGGCCTGA]
11:55:11.717 - INFO - CDS - contig=contig_4, start=897496, stop=898461, strand=+, nt=[ATGACGGACG..CGGGGGATAG]
11:55:11.717 - INFO - CDS - contig=contig_4, start=898665, stop=899594, strand=+, nt=[ATGTCAAAGA..CGCCCGTTAA]
11:55:11.717 - INFO - CDS - contig=contig_4, start=899708, stop=900526, strand=+, nt=[ATGAAAAAGC..GGCGAACTGA]
11:55:11.717 - INFO - CDS - contig=contig_4, start=900594, stop=901283, strand=+, nt=[ATGGACTGGT..GGAGGTATAA]
11:55:11.717 - INFO - CDS - contig=contig_4, start=901283, stop=902326, strand=+, nt=[ATGATGGCGT..GCTGAAATGA]
11:55:11.717 - INFO - CDS - contig=contig_4, start=902352, stop=903497, strand=+, nt=[TTGGAGGCGG..TCCTCTGTAA]
11:55:11.717 - INFO - CDS - contig=contig_4, start=903544, stop=903957, strand=-, nt=[ATGGACAGTT..TCGAGCATAA]
11:55:11.717 - INFO - CDS - contig=contig_4, start=903961, stop=904377, strand=-, nt=[ATGATGAAAC..TAAGGAGTAG]
11:55:11.717 - INFO - CDS - contig=contig_4, start=904701, stop=907463, strand=+, nt=[ATGAACAACC..GAACGGCTAA]
11:55:11.717 - INFO - CDS - contig=contig_4, start=907548, stop=907952, strand=-, nt=[ATGTCAACCA..GATCCGGTGA]
11:55:11.718 - INFO - CDS - contig=contig_4, start=908187, stop=908600, strand=+, nt=[ATGTCAAGTC..CCTGTGCTGA]
11:55:11.718 - INFO - CDS - contig=contig_4, start=908831, stop=911824, strand=-, nt=[ATGAACAACC..CTCTGATTAG]
11:55:11.718 - INFO - CDS - contig=contig_4, start=912060, stop=912557, strand=-, nt=[ATGAAATATT..GATGTCCTGA]
11:55:11.718 - INFO - CDS - contig=contig_4, start=912554, stop=912997, strand=-, nt=[ATGGATCAGT..TGATCGATGA]
11:55:11.718 - INFO - CDS - contig=contig_4, start=913152, stop=913493, strand=-, nt=[ATGCCCGCGA..GCTGGTGTAA]
11:55:11.718 - INFO - CDS - contig=contig_4, start=913519, stop=914472, strand=-, nt=[ATGGTTGAAA..CAACAACTAA]
11:55:11.718 - INFO - CDS - contig=contig_4, start=914550, stop=915152, strand=-, nt=[ATGGCTAAGA..CTCCAAGTAA]
11:55:11.718 - INFO - CDS - contig=contig_4, start=915173, stop=915571, strand=-, nt=[ATGGCTGCGA..CAGAGTGTAA]
11:55:11.718 - INFO - CDS - contig=contig_4, start=915584, stop=915952, strand=-, nt=[ATGGCTCGTA..GAAGAAGTAA]
11:55:11.718 - INFO - CDS - contig=contig_4, start=915974, stop=916087, strand=-, nt=[ATGAAAGTAA..ACAAGGTTAA]
11:55:11.718 - INFO - CDS - contig=contig_4, start=916182, stop=916400, strand=-, nt=[TTGGCAAAGG..CACGAAATGA]
11:55:11.718 - INFO - CDS - contig=contig_4, start=916405, stop=916659, strand=-, nt=[ATGGAGTGGG..GAGGGTTTGA]
11:55:11.718 - INFO - CDS - contig=contig_4, start=916661, stop=917422, strand=-, nt=[GTGGACATGA..CGAGGGCTGA]
11:55:11.718 - INFO - CDS - contig=contig_4, start=917427, stop=918062, strand=-, nt=[ATGATGAAAC..GGGGAAGTGA]
11:55:11.718 - INFO - CDS - contig=contig_4, start=918083, stop=919432, strand=-, nt=[GTGATTCAGA..CCTTGAGTGA]
11:55:11.718 - INFO - CDS - contig=contig_4, start=919434, stop=919874, strand=-, nt=[ATGAATTTGC..GGTGATCTGA]
11:55:11.718 - INFO - CDS - contig=contig_4, start=919888, stop=920070, strand=-, nt=[ATGGCTAACC..GGACAAGTAA]
11:55:11.718 - INFO - CDS - contig=contig_4, start=920086, stop=920586, strand=-, nt=[TTGGCTAGAT..CGTCGGTTAA]
11:55:11.718 - INFO - CDS - contig=contig_4, start=920605, stop=920964, strand=-, nt=[ATGATCAAGA..GGAATTTTAA]
11:55:11.718 - INFO - CDS - contig=contig_4, start=920982, stop=921530, strand=-, nt=[ATGTCTAGAA..GAAGAAATAA]
11:55:11.718 - INFO - CDS - contig=contig_4, start=921546, stop=921947, strand=-, nt=[ATGCACATTA..CGTGTGGTAA]
11:55:11.718 - INFO - CDS - contig=contig_4, start=922126, stop=922311, strand=-, nt=[ATGGCTAAGA..TTCCTGGTAA]
11:55:11.718 - INFO - CDS - contig=contig_4, start=922326, stop=922886, strand=-, nt=[ATGGCTGAAA..CCGCGCCTAA]
11:55:11.718 - INFO - CDS - contig=contig_4, start=922904, stop=923221, strand=-, nt=[ATGAACACTA..CGAGATCTGA]
11:55:11.718 - INFO - CDS - contig=contig_4, start=923239, stop=923607, strand=-, nt=[ATGATTCAGC..AGTGCTGTAA]
11:55:11.718 - INFO - CDS - contig=contig_4, start=923620, stop=923883, strand=-, nt=[ATGAGCGAAG..AGCCAAATAA]
11:55:11.718 - INFO - CDS - contig=contig_4, start=923900, stop=924103, strand=-, nt=[ATGAAGATGA..AGGCCGATAA]
11:55:11.718 - INFO - CDS - contig=contig_4, start=924100, stop=924537, strand=-, nt=[ATGCTGCTGC..TGGTGAATGA]
11:55:11.718 - INFO - CDS - contig=contig_4, start=924538, stop=925395, strand=-, nt=[ATGGGACAGA..CCAGAATTAA]
11:55:11.718 - INFO - CDS - contig=contig_4, start=925411, stop=925743, strand=-, nt=[ATGGAAGCGA..CGAGCGCTAA]
11:55:11.718 - INFO - CDS - contig=contig_4, start=925758, stop=926030, strand=-, nt=[ATGTCTAGAA..CGGTAAGTAA]
11:55:11.718 - INFO - CDS - contig=contig_4, start=926044, stop=926877, strand=-, nt=[ATGGCGATCA..CGCGAAGTAA]
11:55:11.718 - INFO - CDS - contig=contig_4, start=926892, stop=927191, strand=-, nt=[ATGGCTACCA..CATGGTGTAA]
11:55:11.718 - INFO - CDS - contig=contig_4, start=927191, stop=927805, strand=-, nt=[ATGCCTAAGG..GTTCGCGTAA]
11:55:11.718 - INFO - CDS - contig=contig_4, start=927824, stop=928549, strand=-, nt=[ATGGAAAAGG..CAAAGCTTAA]
11:55:11.718 - INFO - CDS - contig=contig_4, start=928677, stop=928991, strand=-, nt=[ATGGCAGCTC..CAAGCTGTAA]
11:55:11.718 - INFO - CDS - contig=contig_4, start=929376, stop=930245, strand=-, nt=[ATGCGATACG..GGGGGTATAA]
11:55:11.718 - INFO - CDS - contig=contig_4, start=930267, stop=931670, strand=-, nt=[ATGACCAACC..GAATACCTGA]
11:55:11.718 - INFO - CDS - contig=contig_4, start=931706, stop=932137, strand=-, nt=[ATGAAATTTC..GGAGGGCTGA]
11:55:11.718 - INFO - CDS - contig=contig_4, start=932134, stop=932625, strand=-, nt=[ATGAAAAACA..ATTGGAATGA]
11:55:11.718 - INFO - CDS - contig=contig_4, start=932622, stop=933779, strand=-, nt=[ATGTCTCAGC..TCAGGAATGA]
11:55:11.718 - INFO - CDS - contig=contig_4, start=934065, stop=935108, strand=-, nt=[ATGAGATATA..GGGGATTTAG]
11:55:11.718 - INFO - CDS - contig=contig_4, start=935142, stop=936377, strand=-, nt=[ATGACCGTTA..CAAGGCGTGA]
11:55:11.718 - INFO - CDS - contig=contig_4, start=936409, stop=937470, strand=-, nt=[ATGAAAACCC..GCTTCTGTGA]
11:55:11.718 - INFO - CDS - contig=contig_4, start=937498, stop=938517, strand=-, nt=[ATGGTAGTAG..GATCAAATAA]
11:55:11.719 - INFO - CDS - contig=contig_4, start=938855, stop=940294, strand=-, nt=[ATGGCACAGG..GGCGTACTGA]
11:55:11.719 - INFO - CDS - contig=contig_4, start=940380, stop=941249, strand=-, nt=[ATGGAAAAGA..CCGCCGGTGA]
11:55:11.719 - INFO - CDS - contig=contig_4, start=941320, stop=942945, strand=-, nt=[ATGATAACTA..CGCGGAATGA]
11:55:11.719 - INFO - CDS - contig=contig_4, start=942965, stop=943315, strand=-, nt=[ATGAAGCTGC..CGTCGGCTGA]
11:55:11.719 - INFO - CDS - contig=contig_4, start=943511, stop=943696, strand=+, nt=[ATGAAAGTTG..GGACGAATAA]
11:55:11.719 - INFO - CDS - contig=contig_4, start=943846, stop=944682, strand=+, nt=[ATGCCCAATT..CGCCCGCTGA]
11:55:11.719 - INFO - CDS - contig=contig_4, start=944804, stop=945715, strand=-, nt=[ATGTATGACA..CGGGCTGTGA]
11:55:11.719 - INFO - CDS - contig=contig_4, start=945708, stop=948083, strand=-, nt=[ATGTATCAGG..CCATGTATGA]
11:55:11.719 - INFO - CDS - contig=contig_4, start=948200, stop=948892, strand=-, nt=[ATGAAGATCG..AGGTATATAA]
11:55:11.719 - INFO - CDS - contig=contig_4, start=948889, stop=949653, strand=-, nt=[ATGACACAGG..TCTGCCATGA]
11:55:11.719 - INFO - CDS - contig=contig_4, start=949695, stop=950969, strand=-, nt=[ATGGAGCTGA..CCTGACATGA]
11:55:11.719 - INFO - CDS - contig=contig_4, start=951047, stop=952423, strand=-, nt=[ATGACGGAAC..TCGGGACTGA]
11:55:11.719 - INFO - CDS - contig=contig_4, start=952539, stop=953051, strand=+, nt=[ATGAGAGAGA..GGCAGGATAA]
11:55:11.719 - INFO - CDS - contig=contig_4, start=953120, stop=953902, strand=+, nt=[ATGCGGCTCT..CCCGCTATGA]
11:55:11.719 - INFO - CDS - contig=contig_4, start=953899, stop=954516, strand=+, nt=[ATGATGACCA..TCCCGACTGA]
11:55:11.719 - INFO - CDS - contig=contig_4, start=954611, stop=955093, strand=-, nt=[GTGGATGATT..GAAAGAATAG]
11:55:11.719 - INFO - CDS - contig=contig_4, start=955259, stop=956383, strand=+, nt=[ATGCCCAGCC..GATGGGATGA]
11:55:11.719 - INFO - CDS - contig=contig_4, start=956380, stop=957648, strand=+, nt=[ATGATCTTCG..GGAAAATTAA]
11:55:11.719 - INFO - CDS - contig=contig_4, start=957749, stop=958624, strand=+, nt=[ATGGATTGGA..AAAGCAGTGA]
11:55:11.719 - INFO - CDS - contig=contig_4, start=958582, stop=958689, strand=-, nt=[ATGGTCCCGC..GCAGGTGTAG]
11:55:11.719 - INFO - CDS - contig=contig_4, start=958716, stop=959312, strand=-, nt=[ATGGAAGTAA..CGGCGTTTAA]
11:55:11.719 - INFO - CDS - contig=contig_4, start=959402, stop=961009, strand=-, nt=[TTGCCCAAAT..GGATGACTGA]
11:55:11.719 - INFO - CDS - contig=contig_4, start=961758, stop=963083, strand=-, nt=[TTGGAAAAAC..AATCGGCTAA]
11:55:11.719 - INFO - CDS - contig=contig_4, start=963778, stop=964836, strand=+, nt=[ATGAAAACAC..GGACACATGA]
11:55:11.719 - INFO - CDS - contig=contig_4, start=964833, stop=965537, strand=+, nt=[ATGAGCAATA..AGAGGAATGA]
11:55:11.719 - INFO - CDS - contig=contig_4, start=965610, stop=965942, strand=-, nt=[ATGAGCCGAT..ATTCGTGTGA]
11:55:11.719 - INFO - CDS - contig=contig_4, start=965939, stop=966649, strand=-, nt=[ATGGATCGCA..CGGGGTATGA]
11:55:11.719 - INFO - CDS - contig=contig_4, start=966852, stop=967748, strand=+, nt=[ATGGAAAAAC..CGGAACGTGA]
11:55:11.719 - INFO - CDS - contig=contig_4, start=967753, stop=969567, strand=+, nt=[ATGAATTTTG..TCAAAAGTAG]
11:55:11.719 - INFO - CDS - contig=contig_4, start=969625, stop=970818, strand=+, nt=[ATGAAACGAA..GCTGAAATGA]
11:55:11.719 - INFO - CDS - contig=contig_4, start=970828, stop=971853, strand=+, nt=[TTGAAGCCAA..CGCAAATTAA]
11:55:11.719 - INFO - CDS - contig=contig_4, start=971933, stop=973321, strand=-, nt=[ATGGAGGATC..AGCCGGCTGA]
11:55:11.719 - INFO - CDS - contig=contig_4, start=973321, stop=973911, strand=-, nt=[ATGAGCGGAA..TCGGGACTGA]
11:55:11.719 - INFO - CDS - contig=contig_4, start=974051, stop=974590, strand=+, nt=[ATGGACGTTC..GCTTGCTTGA]
11:55:11.719 - INFO - CDS - contig=contig_4, start=974643, stop=975893, strand=+, nt=[ATGATGTACC..TTTGAGCTGA]
11:55:11.719 - INFO - CDS - contig=contig_4, start=975964, stop=978138, strand=-, nt=[ATGAATATCC..CACCAAGTAA]
11:55:11.719 - INFO - CDS - contig=contig_4, start=978272, stop=980824, strand=-, nt=[ATGTACACTT..CCGAAAGTGA]
11:55:11.719 - INFO - CDS - contig=contig_4, start=981034, stop=982245, strand=+, nt=[ATGGAAACGA..CTGCTGCTGA]
11:55:11.719 - INFO - CDS - contig=contig_4, start=982302, stop=983684, strand=+, nt=[ATGGATTTTG..CATCAAATAA]
11:55:11.719 - INFO - CDS - contig=contig_4, start=983822, stop=985021, strand=+, nt=[ATGGATAAGA..CTCCAAATAA]
11:55:11.719 - INFO - CDS - contig=contig_4, start=985133, stop=986074, strand=+, nt=[ATGGGTAAAC..CCGCCGGTAA]
11:55:11.719 - INFO - CDS - contig=contig_4, start=986157, stop=986702, strand=-, nt=[ATGGCAAAGC..GCTGGGATAA]
11:55:11.719 - INFO - CDS - contig=contig_4, start=986812, stop=988023, strand=-, nt=[ATGAAATACG..CAACGCTTGA]
11:55:11.719 - INFO - CDS - contig=contig_4, start=988109, stop=989344, strand=-, nt=[TTGAGAGGAA..TGGGGTGTAA]
11:55:11.719 - INFO - CDS - contig=contig_4, start=989468, stop=990850, strand=-, nt=[ATGCAAGGTG..GGAAGCGTAA]
11:55:11.719 - INFO - CDS - contig=contig_4, start=991178, stop=991678, strand=-, nt=[ATGGGAGAGA..GAAGGACTGA]
11:55:11.719 - INFO - CDS - contig=contig_4, start=991823, stop=992626, strand=+, nt=[ATGACCCGTA..ATGGGAGTAA]
11:55:11.719 - INFO - CDS - contig=contig_4, start=992617, stop=993981, strand=+, nt=[ATGGGAGTAA..ACCGCTATGA]
11:55:11.719 - INFO - CDS - contig=contig_4, start=993978, stop=994856, strand=+, nt=[ATGACCCGCT..GATGCTCTGA]
11:55:11.720 - INFO - CDS - contig=contig_4, start=995033, stop=995344, strand=+, nt=[ATGCACGCGA..CTCTGTGTAA]
11:55:11.720 - INFO - CDS - contig=contig_4, start=995344, stop=995673, strand=+, nt=[ATGATCACCG..GGAGGTGTAA]
11:55:11.720 - INFO - CDS - contig=contig_4, start=995678, stop=995962, strand=+, nt=[ATGCTGAAGA..CGCCCAGTAA]
11:55:11.720 - INFO - CDS - contig=contig_4, start=996041, stop=997324, strand=+, nt=[ATGGCAAGCA..TCAGCGCTGA]
11:55:11.720 - INFO - CDS - contig=contig_4, start=997511, stop=997966, strand=-, nt=[ATGAAAAAAA..AAAGGGCTGA]
11:55:11.720 - INFO - CDS - contig=contig_4, start=997986, stop=998849, strand=-, nt=[TTGTCCCAAC..ACAAAATTGA]
11:55:11.720 - INFO - CDS - contig=contig_4, start=998918, stop=999610, strand=-, nt=[GTGACCGGAT..GGGGGTCTGA]
11:55:11.720 - INFO - CDS - contig=contig_4, start=999607, stop=1000086, strand=-, nt=[ATGGAGCTTG..ACGGCAGTGA]
11:55:11.720 - INFO - CDS - contig=contig_4, start=1000092, stop=1000859, strand=-, nt=[ATGGACTATG..GGGGGTGTGA]
11:55:11.720 - INFO - CDS - contig=contig_4, start=1000941, stop=1001318, strand=-, nt=[ATGCCGAAAC..GAAGGAATAA]
11:55:11.720 - INFO - CDS - contig=contig_4, start=1001430, stop=1002611, strand=-, nt=[ATGATGAATT..CGCTCGATAA]
11:55:11.720 - INFO - CDS - contig=contig_4, start=1002757, stop=1003881, strand=-, nt=[GTGAAGGCAA..GTCTGTGTGA]
11:55:11.720 - INFO - CDS - contig=contig_4, start=1003886, stop=1004845, strand=-, nt=[ATGGAGAACT..CCAGGGGTGA]
11:55:11.720 - INFO - CDS - contig=contig_4, start=1004993, stop=1005868, strand=-, nt=[ATGAGTGAGT..CGAGCGATAA]
11:55:11.720 - INFO - CDS - contig=contig_4, start=1005861, stop=1006412, strand=-, nt=[TTGAAGCAAC..ACATGAGTGA]
11:55:11.720 - INFO - CDS - contig=contig_4, start=1006928, stop=1007359, strand=+, nt=[ATGATGCATT..AGTTTTATAA]
11:55:11.720 - INFO - CDS - contig=contig_4, start=1007340, stop=1008410, strand=+, nt=[GTGACTATGA..AGATGAGTAA]
11:55:11.720 - INFO - CDS - contig=contig_4, start=1008890, stop=1011523, strand=-, nt=[ATGTCAAAGA..CCGCAAGTAA]
11:55:11.720 - INFO - CDS - contig=contig_4, start=1011673, stop=1012407, strand=-, nt=[ATGAATGAAA..ATCGGAATAA]
11:55:11.720 - INFO - CDS - contig=contig_4, start=1012774, stop=1013463, strand=-, nt=[ATGAGGGAAG..GACGCCGTGA]
11:55:11.720 - INFO - CDS - contig=contig_4, start=1020295, stop=1021386, strand=-, nt=[ATGAACGGAG..CAATGAGTAA]
11:55:11.720 - INFO - CDS - contig=contig_4, start=1021370, stop=1022332, strand=-, nt=[ATGAAGGGAA..GAGGAGCTGA]
11:55:11.720 - INFO - CDS - contig=contig_4, start=1022329, stop=1023846, strand=-, nt=[ATGGGATTTT..GCAGCAATGA]
11:55:11.720 - INFO - CDS - contig=contig_4, start=1024190, stop=1024894, strand=-, nt=[ATGGATTTTT..CAAGGAGTAA]
11:55:11.720 - INFO - CDS - contig=contig_4, start=1024977, stop=1027622, strand=-, nt=[ATGAGCGCCT..GGTGGGATAG]
11:55:11.720 - INFO - CDS - contig=contig_4, start=1027682, stop=1028371, strand=-, nt=[ATGGGGCCGA..TCCCTTGTAA]
11:55:11.720 - INFO - CDS - contig=contig_4, start=1028372, stop=1028743, strand=-, nt=[ATGAGACAGG..GGAATGTTAA]
11:55:11.720 - INFO - CDS - contig=contig_4, start=1028921, stop=1030129, strand=-, nt=[ATGAAGAAGA..CGGCAGCTGA]
11:55:11.720 - INFO - CDS - contig=contig_4, start=1030697, stop=1031956, strand=-, nt=[ATGAAGGAAG..GAAGTGCTGA]
11:55:11.720 - INFO - CDS - contig=contig_4, start=1032225, stop=1032407, strand=-, nt=[ATGGCAGGAG..GGGGCAGTGA]
11:55:11.720 - INFO - CDS - contig=contig_4, start=1032601, stop=1034511, strand=-, nt=[ATGCCGTCCG..CGACAACTGA]
11:55:11.720 - INFO - CDS - contig=contig_4, start=1034486, stop=1035388, strand=-, nt=[ATGATCGAGG..TATCCTCTAA]
11:55:11.720 - INFO - CDS - contig=contig_4, start=1035385, stop=1035765, strand=-, nt=[ATGATCAGCC..AGCGGAATGA]
11:55:11.720 - INFO - CDS - contig=contig_4, start=1035974, stop=1036459, strand=+, nt=[ATGGTCACGA..GGCGGCCTGA]
11:55:11.720 - INFO - CDS - contig=contig_4, start=1036635, stop=1037798, strand=+, nt=[GTGGAAGCAC..GGCGGACTGA]
11:55:11.720 - INFO - CDS - contig=contig_4, start=1037861, stop=1038820, strand=+, nt=[ATGATCGCGC..GTTCAACTGA]
11:55:11.720 - INFO - CDS - contig=contig_4, start=1038899, stop=1039492, strand=+, nt=[ATGTTTTTTT..TTTCAACTGA]
11:55:11.720 - INFO - CDS - contig=contig_4, start=1039547, stop=1040269, strand=-, nt=[ATGCTGACAC..GATCAAATAA]
11:55:11.720 - INFO - CDS - contig=contig_4, start=1040319, stop=1040828, strand=-, nt=[ATGGGATTTC..CTATTTCTAA]
11:55:11.720 - INFO - CDS - contig=contig_4, start=1040855, stop=1041565, strand=-, nt=[ATGTCACTGG..GGCAGAGTGA]
11:55:11.720 - INFO - CDS - contig=contig_4, start=1041653, stop=1042879, strand=-, nt=[ATGAAACAGG..CGTGACCTGA]
11:55:11.720 - INFO - CDS - contig=contig_4, start=1042917, stop=1043147, strand=-, nt=[ATGTCCAAAC..CGCTACATAA]
11:55:11.720 - INFO - CDS - contig=contig_4, start=1043241, stop=1045208, strand=-, nt=[ATGCCCCATA..GCGGGCCTGA]
11:55:11.720 - INFO - CDS - contig=contig_4, start=1045252, stop=1045944, strand=-, nt=[ATGTTCCGCC..CCTCCGCTGA]
11:55:11.720 - INFO - CDS - contig=contig_4, start=1045985, stop=1048576, strand=-, nt=[ATGGCGGAAG..GCTGGGATGA]
11:55:11.720 - INFO - CDS - contig=contig_4, start=1048625, stop=1050049, strand=-, nt=[TTGGACCGAC..CCGGGGGTAA]
11:55:11.720 - INFO - CDS - contig=contig_4, start=1050255, stop=1050698, strand=+, nt=[ATGCGGGCTG..CAGCCTGTAA]
11:55:11.721 - INFO - CDS - contig=contig_4, start=1050711, stop=1051319, strand=+, nt=[ATGGTGATCC..GGGCGAATAG]
11:55:11.721 - INFO - CDS - contig=contig_4, start=1051357, stop=1052826, strand=+, nt=[ATGAAACTGA..AGTGCAGTAA]
11:55:11.721 - INFO - CDS - contig=contig_4, start=1052826, stop=1053764, strand=+, nt=[ATGGCTTATC..CTACAAATAA]
11:55:11.721 - INFO - CDS - contig=contig_4, start=1053798, stop=1054613, strand=+, nt=[ATGGCAGAAT..AACCCTGTAA]
11:55:11.721 - INFO - CDS - contig=contig_4, start=1054756, stop=1055517, strand=-, nt=[ATGCAGAAAT..CCGGAACTGA]
11:55:11.721 - INFO - CDS - contig=contig_4, start=1055547, stop=1056905, strand=-, nt=[ATGGATTTCG..GGAAGATTGA]
11:55:11.721 - INFO - CDS - contig=contig_4, start=1056969, stop=1057187, strand=-, nt=[TTGAAGCGTA..TGTTCCATAA]
11:55:11.721 - INFO - CDS - contig=contig_4, start=1057184, stop=1057534, strand=-, nt=[ATGCTGCACA..GACCACTTGA]
11:55:11.721 - INFO - CDS - contig=contig_4, start=1057628, stop=1057762, strand=-, nt=[ATGGTTCGTA..GACTCACTGA]
11:55:11.721 - INFO - CDS - contig=contig_4, start=1058105, stop=1059418, strand=+, nt=[ATGAATTCCG..GTACGAGTGA]
11:55:11.721 - INFO - CDS - contig=contig_4, start=1059694, stop=1060809, strand=+, nt=[ATGAAATTCT..CGCGGGCTGA]
11:55:11.721 - INFO - CDS - contig=contig_4, start=1060847, stop=1061059, strand=+, nt=[ATGCGGGAAG..CATCCAATGA]
11:55:11.721 - INFO - CDS - contig=contig_4, start=1061056, stop=1062159, strand=+, nt=[ATGATCGTCA..AACGGAATAA]
11:55:11.721 - INFO - CDS - contig=contig_4, start=1062170, stop=1062481, strand=+, nt=[ATGCCCATCC..GCAAACGTAA]
11:55:11.721 - INFO - CDS - contig=contig_4, start=1062497, stop=1062760, strand=+, nt=[ATGTATCTCC..CTTCGAGTGA]
11:55:11.721 - INFO - CDS - contig=contig_4, start=1062869, stop=1064818, strand=+, nt=[ATGACAGAAG..GGACTACTGA]
11:55:11.721 - INFO - CDS - contig=contig_4, start=1064884, stop=1067403, strand=+, nt=[ATGAGTAAGA..GGGGGAGTAA]
11:55:11.721 - INFO - CDS - contig=contig_4, start=1067407, stop=1067691, strand=+, nt=[ATGGGATTCT..GCAGACATGA]
11:55:11.721 - INFO - CDS - contig=contig_4, start=1067688, stop=1068026, strand=+, nt=[ATGAGGCGGC..AGAGCTATGA]
11:55:11.721 - INFO - CDS - contig=contig_4, start=1068023, stop=1068463, strand=+, nt=[ATGAAAACTG..CAAAAAATAA]
11:55:11.721 - INFO - CDS - contig=contig_4, start=1068535, stop=1068807, strand=-, nt=[ATGATGGCAG..CAAGGGGTAA]
11:55:11.721 - INFO - CDS - contig=contig_4, start=1068825, stop=1069436, strand=-, nt=[ATGGCCGCAC..CCGCTACTGA]
11:55:11.721 - INFO - CDS - contig=contig_4, start=1069604, stop=1070089, strand=+, nt=[ATGTACTGCG..GGAATGGTAA]
11:55:11.721 - INFO - CDS - contig=contig_4, start=1070083, stop=1071822, strand=+, nt=[ATGGTAAAAA..GAGCGAATAA]
11:55:11.721 - INFO - CDS - contig=contig_4, start=1071822, stop=1073852, strand=+, nt=[ATGGCGGGAC..GCTGGACTGA]
11:55:11.721 - INFO - CDS - contig=contig_4, start=1073999, stop=1074502, strand=+, nt=[ATGCGCAACG..GCACTTTTAA]
11:55:11.721 - INFO - CDS - contig=contig_4, start=1074781, stop=1076601, strand=+, nt=[ATGACCTTTG..CGAGGATTAA]
11:55:11.721 - INFO - CDS - contig=contig_4, start=1076650, stop=1080147, strand=-, nt=[ATGAAGCTGC..CGGAACATGA]
11:55:11.721 - INFO - CDS - contig=contig_4, start=1080519, stop=1081019, strand=-, nt=[ATGATCATAG..GACGCCGTAA]
11:55:11.721 - INFO - CDS - contig=contig_4, start=1081150, stop=1081638, strand=-, nt=[ATGAGCATGG..GGGGAAATAA]
11:55:11.721 - INFO - CDS - contig=contig_4, start=1081635, stop=1082516, strand=-, nt=[GTGTACGATA..GCAGATATGA]
11:55:11.721 - INFO - CDS - contig=contig_4, start=1082572, stop=1084881, strand=-, nt=[ATGGAAGTTG..TCTCTCCTGA]
11:55:11.721 - INFO - CDS - contig=contig_4, start=1085039, stop=1086415, strand=+, nt=[ATGTCCATTC..CTGGCGATGA]
11:55:11.721 - INFO - CDS - contig=contig_4, start=1086412, stop=1086990, strand=+, nt=[ATGAGCGGGC..CGCTGAATGA]
11:55:11.721 - INFO - CDS - contig=contig_4, start=1087040, stop=1087708, strand=-, nt=[GTGAAGCAAA..ATTGACCTAA]
11:55:11.721 - INFO - CDS - contig=contig_4, start=1087756, stop=1088340, strand=-, nt=[ATGAGTAAAA..CAACATTTAG]
11:55:11.721 - INFO - CDS - contig=contig_4, start=1088951, stop=1089082, strand=-, nt=[ATGGCAAAGC..AGAAAACTAA]
11:55:11.721 - INFO - CDS - contig=contig_4, start=1089141, stop=1090490, strand=-, nt=[ATGGAACTGC..CAAAAAATAA]
11:55:11.721 - INFO - CDS - contig=contig_4, start=1090962, stop=1091945, strand=-, nt=[ATGAACGATC..AGAGCGCTGA]
11:55:11.721 - INFO - CDS - contig=contig_4, start=1091942, stop=1093036, strand=-, nt=[ATGAACGAGA..GGCAAAATGA]
11:55:11.721 - INFO - CDS - contig=contig_4, start=1093033, stop=1094616, strand=-, nt=[ATGATGTGTG..GGCAAAATGA]
11:55:11.721 - INFO - CDS - contig=contig_4, start=1094835, stop=1096082, strand=-, nt=[ATGAACAAGA..CCAGGAGTAA]
11:55:11.721 - INFO - CDS - contig=contig_4, start=1096279, stop=1096854, strand=-, nt=[ATGAAACTAC..CTTCTGCTGA]
11:55:11.721 - INFO - CDS - contig=contig_4, start=1097131, stop=1098756, strand=+, nt=[ATGGGCAAAC..CGCCCGTTGA]
11:55:11.721 - INFO - CDS - contig=contig_4, start=1098798, stop=1099655, strand=+, nt=[ATGAACACCA..CCGCGCCTGA]
11:55:11.721 - INFO - CDS - contig=contig_4, start=1099826, stop=1100623, strand=+, nt=[ATGGCGTTTC..TCCCCGCTGA]
11:55:11.721 - INFO - CDS - contig=contig_4, start=1100822, stop=1101580, strand=+, nt=[ATGGCAAAAC..GGGTACATAG]
11:55:11.721 - INFO - CDS - contig=contig_4, start=1101647, stop=1102540, strand=+, nt=[ATGGCATTGG..CGTCCGGTGA]
11:55:11.721 - INFO - CDS - contig=contig_4, start=1102537, stop=1103064, strand=+, nt=[GTGAACGAAC..GCTGTTCTAA]
11:55:11.721 - INFO - CDS - contig=contig_4, start=1103134, stop=1104447, strand=+, nt=[ATGCTGGATA..GGCAAAATAA]
11:55:11.721 - INFO - CDS - contig=contig_4, start=1104539, stop=1104958, strand=+, nt=[GTGTCTGCAA..GCAAGGCTGA]
11:55:11.722 - INFO - CDS - contig=contig_4, start=1104978, stop=1105298, strand=+, nt=[TTGAACGAAG..CCAACTGTGA]
11:55:11.722 - INFO - CDS - contig=contig_4, start=1105309, stop=1106031, strand=+, nt=[GTGAGAGAAA..GCCTCTTTGA]
11:55:11.722 - INFO - CDS - contig=contig_4, start=1106165, stop=1106902, strand=+, nt=[ATGGCAACCG..CATTCGGTAA]
11:55:11.722 - INFO - CDS - contig=contig_4, start=1106978, stop=1107394, strand=+, nt=[ATGAATATCG..TCCCACTTGA]
11:55:11.722 - INFO - CDS - contig=contig_4, start=1107709, stop=1109052, strand=+, nt=[ATGGAACGAA..CCGGGAGTGA]
11:55:11.722 - INFO - CDS - contig=contig_4, start=1109095, stop=1110075, strand=+, nt=[ATGAAACATC..GGCGGTGTAA]
11:55:11.722 - INFO - CDS - contig=contig_4, start=1110110, stop=1110664, strand=+, nt=[GTGAAAACGC..CGTACACTAA]
11:55:11.722 - INFO - CDS - contig=contig_4, start=1110707, stop=1112503, strand=+, nt=[GTGGAGAATA..ATCAATCTGA]
11:55:11.722 - INFO - CDS - contig=contig_4, start=1112606, stop=1112914, strand=-, nt=[ATGGAGATAG..ATCGGAATAA]
11:55:11.722 - INFO - CDS - contig=contig_4, start=1113030, stop=1113227, strand=+, nt=[ATGGATCAAG..GCAGAATTGA]
11:55:11.722 - INFO - CDS - contig=contig_4, start=1113273, stop=1115147, strand=-, nt=[TTGACGGGCC..AAACAGCTGA]
11:55:11.722 - INFO - CDS - contig=contig_4, start=1115144, stop=1116562, strand=-, nt=[ATGAAAAACA..CCGGTTTTGA]
11:55:11.722 - INFO - CDS - contig=contig_4, start=1116870, stop=1117406, strand=-, nt=[ATGGATAAGC..CAAAAGGTGA]
11:55:11.722 - INFO - CDS - contig=contig_4, start=1117399, stop=1118280, strand=-, nt=[TTGCGCAGGG..CCATGGATAA]
11:55:11.722 - INFO - CDS - contig=contig_4, start=1118370, stop=1118633, strand=-, nt=[TTGCCGAACA..GCTGGCTTAA]
11:55:11.722 - INFO - CDS - contig=contig_4, start=1118830, stop=1119726, strand=+, nt=[ATGCTGGAAC..GGTGGAGTGA]
11:55:11.722 - INFO - CDS - contig=contig_4, start=1119778, stop=1121262, strand=-, nt=[GTGGATGAGA..TCTTCCCTGA]
11:55:11.722 - INFO - CDS - contig=contig_4, start=1121751, stop=1122743, strand=-, nt=[ATGAAGGAAA..TCGTCCTTAA]
11:55:11.722 - INFO - CDS - contig=contig_4, start=1122730, stop=1123236, strand=-, nt=[GTGAATCAGA..AGGAAAATAA]
11:55:11.722 - INFO - CDS - contig=contig_4, start=1123507, stop=1124493, strand=-, nt=[ATGGAAAGTT..ACTGAGCTGA]
11:55:11.722 - INFO - CDS - contig=contig_4, start=1124672, stop=1125385, strand=+, nt=[ATGGAAACCG..GAAAAAGTAA]
11:55:11.722 - INFO - CDS - contig=contig_4, start=1125439, stop=1127250, strand=+, nt=[ATGACAGACC..GGAGAACTGA]
11:55:11.722 - INFO - CDS - contig=contig_4, start=1127365, stop=1127688, strand=+, nt=[ATGAAACTGA..GCGGGTCTGA]
11:55:11.722 - INFO - CDS - contig=contig_4, start=1127690, stop=1128676, strand=+, nt=[ATGCGGCTGG..AGGCGGGTGA]
11:55:11.722 - INFO - CDS - contig=contig_4, start=1128717, stop=1129982, strand=+, nt=[ATGACAGAGA..ACAGGAGTAA]
11:55:11.722 - INFO - CDS - contig=contig_4, start=1130155, stop=1131336, strand=+, nt=[ATGAAGGAAC..CAGGGATTGA]
11:55:11.722 - INFO - CDS - contig=contig_4, start=1131456, stop=1132781, strand=+, nt=[ATGTACTACA..CGGCTGGTAA]
11:55:11.722 - INFO - CDS - contig=contig_4, start=1133149, stop=1134306, strand=+, nt=[ATGAGAAAAA..GTCAGAGTGA]
11:55:11.722 - INFO - CDS - contig=contig_4, start=1134368, stop=1136503, strand=-, nt=[ATGAAATTGC..GAGGCGATGA]
11:55:11.722 - INFO - CDS - contig=contig_4, start=1136749, stop=1137078, strand=+, nt=[ATGGATACGG..TACTATATAA]
11:55:11.722 - INFO - CDS - contig=contig_4, start=1137203, stop=1137451, strand=-, nt=[GTGAAAGGGA..AGGCAGATAA]
11:55:11.722 - INFO - CDS - contig=contig_4, start=1137571, stop=1138467, strand=-, nt=[ATGAACTACC..TTGGGTATAA]
11:55:11.722 - INFO - CDS - contig=contig_4, start=1138767, stop=1139879, strand=+, nt=[GTGAACAAGA..CCACAAATAA]
11:55:11.722 - INFO - CDS - contig=contig_4, start=1139961, stop=1140536, strand=+, nt=[GTGAAGGATG..GAGTAAATAA]
11:55:11.722 - INFO - CDS - contig=contig_4, start=1140536, stop=1141810, strand=+, nt=[ATGGCAACCG..CCGCGGATAA]
11:55:11.722 - INFO - CDS - contig=contig_4, start=1141837, stop=1143015, strand=+, nt=[ATGAAAATCA..CATCCAGTAA]
11:55:11.722 - INFO - CDS - contig=contig_4, start=1143068, stop=1144270, strand=+, nt=[ATGAAGATTA..CGCACAGTAA]
11:55:11.722 - INFO - CDS - contig=contig_4, start=1144376, stop=1145668, strand=+, nt=[ATGAAAGAAA..ACACATATGA]
11:55:11.722 - INFO - CDS - contig=contig_4, start=1145665, stop=1145979, strand=+, nt=[ATGAATGAGA..AGAAAAATAA]
11:55:11.722 - INFO - CDS - contig=contig_4, start=1145980, stop=1147149, strand=+, nt=[ATGGGCTACG..GGTCATTTAG]
11:55:11.722 - INFO - CDS - contig=contig_4, start=1147184, stop=1148146, strand=+, nt=[GTGGATTCCG..CTTCATATGA]
11:55:11.722 - INFO - CDS - contig=contig_4, start=1148337, stop=1149545, strand=+, nt=[ATGGAAGTAT..GCTGCTTTAG]
11:55:11.722 - INFO - CDS - contig=contig_4, start=1150881, stop=1151975, strand=-, nt=[ATGAAACTCG..TAACGTGTAA]
11:55:11.722 - INFO - CDS - contig=contig_4, start=1152386, stop=1152814, strand=-, nt=[ATGCAACTGT..AGCGGAATGA]
11:55:11.722 - INFO - CDS - contig=contig_4, start=1152942, stop=1154084, strand=-, nt=[ATGAATTTCG..TTTCCGTTAA]
11:55:11.722 - INFO - CDS - contig=contig_4, start=1154259, stop=1155617, strand=-, nt=[ATGAACATGG..GGGCCTGTAA]
11:55:11.722 - INFO - CDS - contig=contig_4, start=1155701, stop=1157260, strand=-, nt=[ATGTCCCAAA..GAAAAAATGA]
11:55:11.722 - INFO - CDS - contig=contig_4, start=1157300, stop=1158079, strand=-, nt=[ATGAACAATC..CGGCAAATAA]
11:55:11.722 - INFO - CDS - contig=contig_4, start=1158349, stop=1159230, strand=-, nt=[ATGGAAAAGA..GTGGAAGTAA]
11:55:11.722 - INFO - CDS - contig=contig_4, start=1159281, stop=1159646, strand=-, nt=[ATGCATTTTA..GCTGAAGTGA]
11:55:11.722 - INFO - CDS - contig=contig_4, start=1160281, stop=1160901, strand=+, nt=[TTGAACAGCA..CCCGCTGTAA]
11:55:11.722 - INFO - CDS - contig=contig_4, start=1160965, stop=1161234, strand=+, nt=[ATGAAGTATC..CGGAAAATAA]
11:55:11.723 - INFO - CDS - contig=contig_4, start=1161420, stop=1162070, strand=+, nt=[ATGAGATCAA..TCCAATTTGA]
11:55:11.723 - INFO - CDS - contig=contig_4, start=1162057, stop=1163169, strand=+, nt=[ATGATCCAAT..CGGAGAATGA]
11:55:11.723 - INFO - CDS - contig=contig_4, start=1163166, stop=1163807, strand=+, nt=[ATGAGTACCA..GGGCAGATGA]
11:55:11.723 - INFO - CDS - contig=contig_4, start=1163804, stop=1165321, strand=+, nt=[ATGAGCTGGG..GCTGCTGTAA]
11:55:11.723 - INFO - CDS - contig=contig_4, start=1165437, stop=1165646, strand=-, nt=[ATGATTACGG..GAAGGATTGA]
11:55:11.723 - INFO - CDS - contig=contig_4, start=1165688, stop=1165903, strand=-, nt=[ATGTACGAGT..GGAAACTTGA]
11:55:11.723 - INFO - CDS - contig=contig_4, start=1165916, stop=1166698, strand=-, nt=[GTGAATAAGA..GTATCTGTGA]
11:55:11.723 - INFO - CDS - contig=contig_4, start=1166691, stop=1169507, strand=-, nt=[ATGGACTACA..CGGTGAATAA]
11:55:11.723 - INFO - CDS - contig=contig_4, start=1169536, stop=1169730, strand=-, nt=[ATGAAGTGCC..CAAGTATTAA]
11:55:11.723 - INFO - CDS - contig=contig_4, start=1170376, stop=1170837, strand=-, nt=[ATGACCGACG..AGAGGAGTAG]
11:55:11.723 - INFO - CDS - contig=contig_4, start=1171050, stop=1171607, strand=+, nt=[TTGGTCGAGA..AGCGGCGTGA]
11:55:11.723 - INFO - CDS - contig=contig_4, start=1171611, stop=1172327, strand=+, nt=[ATGGGGATGT..CTGGTTTTGA]
11:55:11.723 - INFO - CDS - contig=contig_4, start=1172315, stop=1173115, strand=+, nt=[GTGCTGGTTT..AAAGCTTTGA]
11:55:11.723 - INFO - CDS - contig=contig_4, start=1173245, stop=1173991, strand=+, nt=[TTGTCCCGTC..GCGCCAGTGA]
11:55:11.723 - INFO - CDS - contig=contig_4, start=1174037, stop=1174312, strand=+, nt=[ATGAAGGAAA..CAAAAGCTGA]
11:55:11.723 - INFO - CDS - contig=contig_4, start=1174675, stop=1175598, strand=+, nt=[ATGAAAAAGA..CGAGATTTAA]
11:55:11.723 - INFO - CDS - contig=contig_4, start=1175678, stop=1176514, strand=+, nt=[ATGGAGATCT..GAGGATGTGA]
11:55:11.723 - INFO - CDS - contig=contig_4, start=1176516, stop=1177256, strand=+, nt=[ATGGCCGAAC..GGAAAACTAA]
11:55:11.723 - INFO - CDS - contig=contig_4, start=1177508, stop=1178275, strand=-, nt=[ATGGAGACCA..GCGCCCCTGA]
11:55:11.723 - INFO - CDS - contig=contig_4, start=1178467, stop=1179273, strand=-, nt=[TTGGGAAAAT..AACTTATTAA]
11:55:11.723 - INFO - CDS - contig=contig_4, start=1179288, stop=1179869, strand=-, nt=[ATGGAAAACA..CCTCCGTTAA]
11:55:11.723 - INFO - CDS - contig=contig_4, start=1180148, stop=1181059, strand=-, nt=[ATGACGCCCC..GCGGAAATGA]
11:55:11.723 - INFO - CDS - contig=contig_4, start=1181046, stop=1181516, strand=-, nt=[ATGCTGTATT..CGCCCCTTGA]
11:55:11.723 - INFO - CDS - contig=contig_4, start=1181555, stop=1183303, strand=-, nt=[ATGACTGCCC..ACTGTCCTGA]
11:55:11.723 - INFO - CDS - contig=contig_4, start=1183857, stop=1184534, strand=-, nt=[GTGGATATTC..TCGGTCCTAA]
11:55:11.723 - INFO - CDS - contig=contig_4, start=1184518, stop=1184832, strand=-, nt=[GTGAAGAACG..TTCTAAGTAA]
11:55:11.723 - INFO - CDS - contig=contig_4, start=1184832, stop=1185068, strand=-, nt=[ATGCTGATGC..GTTAGGATAG]
11:55:11.723 - INFO - CDS - contig=contig_4, start=1185156, stop=1186082, strand=+, nt=[ATGCTGGAGC..GGGGGGGTAG]
11:55:11.723 - INFO - CDS - contig=contig_4, start=1186407, stop=1187576, strand=+, nt=[ATGGAAATCA..GATCCATTAA]
11:55:11.723 - INFO - CDS - contig=contig_4, start=1187611, stop=1188531, strand=+, nt=[ATGATCACAT..GGAGGCCTGA]
11:55:11.723 - INFO - CDS - contig=contig_4, start=1188586, stop=1189464, strand=+, nt=[ATGGTGGAAA..ATTCGACTAA]
11:55:11.723 - INFO - CDS - contig=contig_4, start=1189755, stop=1190690, strand=+, nt=[ATGGCAAAAT..GAACGGCTGA]
11:55:11.723 - INFO - CDS - contig=contig_4, start=1190692, stop=1191996, strand=+, nt=[ATGGATGAAA..GAAGAAATAA]
11:55:11.723 - INFO - CDS - contig=contig_4, start=1192016, stop=1193038, strand=+, nt=[ATGAGCGAAA..GAATGGCTGA]
11:55:11.723 - INFO - CDS - contig=contig_4, start=1193031, stop=1194056, strand=+, nt=[ATGGCTGAAA..GCTGGACTGA]
11:55:11.723 - INFO - CDS - contig=contig_4, start=1194262, stop=1196040, strand=+, nt=[ATGAAGAAAC..CAAGGGCTGA]
11:55:11.723 - INFO - CDS - contig=contig_4, start=1196245, stop=1196847, strand=+, nt=[ATGGAAAGGA..CCGGGGCTGA]
11:55:11.723 - INFO - CDS - contig=contig_4, start=1196869, stop=1198041, strand=+, nt=[TTGGGTAGCC..GCAGCCTTGA]
11:55:11.723 - INFO - CDS - contig=contig_4, start=1198026, stop=1198736, strand=+, nt=[ATGGACGCAG..AGAGGGGTAA]
11:55:11.723 - INFO - CDS - contig=contig_4, start=1198870, stop=1199445, strand=+, nt=[ATGGAAACCG..CGCAGCCTAA]
11:55:11.723 - INFO - CDS - contig=contig_4, start=1199650, stop=1200540, strand=+, nt=[ATGAAAAACT..CATGAGCTGA]
11:55:11.723 - INFO - CDS - contig=contig_4, start=1200634, stop=1201371, strand=+, nt=[ATGTTTGACG..CCAGAGATAA]
11:55:11.723 - INFO - CDS - contig=contig_4, start=1201355, stop=1202101, strand=+, nt=[GTGGAGACCA..AGTCCTGTAA]
11:55:11.723 - INFO - CDS - contig=contig_4, start=1202164, stop=1205181, strand=-, nt=[ATGAGCGATA..GATCCGCTGA]
11:55:11.723 - INFO - CDS - contig=contig_4, start=1205229, stop=1206569, strand=-, nt=[ATGCTTCTGC..CGCTTACTGA]
11:55:11.723 - INFO - CDS - contig=contig_4, start=1206965, stop=1207606, strand=+, nt=[ATGTCGGAAG..GGAGAACTGA]
11:55:11.723 - INFO - CDS - contig=contig_4, start=1207676, stop=1209103, strand=-, nt=[ATGTCTACTT..TCAGAAGTAA]
11:55:11.723 - INFO - CDS - contig=contig_4, start=1209333, stop=1209707, strand=-, nt=[ATGAACAAGA..AGTCAAGTAA]
11:55:11.723 - INFO - CDS - contig=contig_4, start=1209888, stop=1210865, strand=+, nt=[ATGGACAGTT..TTTTGCATAG]
11:55:11.723 - INFO - CDS - contig=contig_4, start=1210935, stop=1212743, strand=-, nt=[TTGAGAAACG..GAAAAAGTAA]
11:55:11.723 - INFO - CDS - contig=contig_4, start=1212970, stop=1214229, strand=-, nt=[ATGTCTCATA..GCCCCTGTGA]
11:55:11.724 - INFO - CDS - contig=contig_4, start=1214313, stop=1215488, strand=-, nt=[TTGAACGAGA..GGCAGAGTAA]
11:55:11.724 - INFO - CDS - contig=contig_4, start=1215552, stop=1217069, strand=-, nt=[ATGATGACCC..GACCCGATAA]
11:55:11.724 - INFO - CDS - contig=contig_4, start=1217224, stop=1217829, strand=-, nt=[GTGAAAAAAC..CCTTGGATAG]
11:55:11.724 - INFO - CDS - contig=contig_4, start=1218095, stop=1218991, strand=-, nt=[ATGGAGATCC..CGCCGTTTGA]
11:55:11.724 - INFO - CDS - contig=contig_4, start=1219156, stop=1220379, strand=+, nt=[ATGGAAAAGA..GGAGGCGTAA]
11:55:11.724 - INFO - CDS - contig=contig_4, start=1220389, stop=1221057, strand=+, nt=[ATGGCATTTA..GCAGCCGTAA]
11:55:11.724 - INFO - CDS - contig=contig_4, start=1221070, stop=1221981, strand=+, nt=[ATGGATTTCA..GAGCAAGTAA]
11:55:11.724 - INFO - CDS - contig=contig_4, start=1222270, stop=1222821, strand=+, nt=[ATGAAACTTT..AAGTGAATGA]
11:55:11.724 - INFO - CDS - contig=contig_4, start=1222970, stop=1224175, strand=-, nt=[ATGTTGAGCG..GGGTATGTAA]
11:55:11.724 - INFO - CDS - contig=contig_4, start=1224469, stop=1225149, strand=+, nt=[ATGAACCACG..CGAGGTCTGA]
11:55:11.724 - INFO - CDS - contig=contig_4, start=1225152, stop=1225928, strand=+, nt=[ATGATCCTCG..CGCTGTCTGA]
11:55:11.724 - INFO - CDS - contig=contig_4, start=1226500, stop=1227312, strand=-, nt=[GTGCTCTCTC..CGCCTCATGA]
11:55:11.724 - INFO - CDS - contig=contig_4, start=1227474, stop=1228724, strand=-, nt=[ATGCCGAAAC..AGACCTGTAA]
11:55:11.724 - INFO - CDS - contig=contig_4, start=1228870, stop=1230858, strand=+, nt=[ATGGCAAGGG..TATTTCGTAA]
11:55:11.724 - INFO - CDS - contig=contig_4, start=1230919, stop=1233018, strand=+, nt=[ATGAAACGCA..GGAGCTGTGA]
11:55:11.724 - INFO - CDS - contig=contig_4, start=1233164, stop=1234723, strand=+, nt=[ATGAGAAAGA..GGCCGAGTAA]
11:55:11.724 - INFO - CDS - contig=contig_4, start=1234769, stop=1236355, strand=+, nt=[ATGAAAAAGC..GCCCGACTGA]
11:55:11.724 - INFO - CDS - contig=contig_4, start=1236410, stop=1238659, strand=+, nt=[ATGGCTAAGA..GGAGGAGTAA]
11:55:11.724 - INFO - CDS - contig=contig_4, start=1238661, stop=1239530, strand=+, nt=[ATGAAGCGTT..CGAGCTGTAA]
11:55:11.724 - INFO - CDS - contig=contig_4, start=1239564, stop=1240163, strand=+, nt=[ATGATCCAAT..GGGCTATTGA]
11:55:11.724 - INFO - CDS - contig=contig_4, start=1240216, stop=1241274, strand=+, nt=[GTGAAACTGC..GGCGGGATGA]
11:55:11.724 - INFO - CDS - contig=contig_4, start=1241463, stop=1241729, strand=+, nt=[ATGATCCGCA..CCGTAAGTAA]
11:55:11.724 - INFO - CDS - contig=contig_4, start=1241914, stop=1244055, strand=+, nt=[ATGTCAACCG..GAAAAAGTAA]
11:55:11.724 - INFO - CDS - contig=contig_4, start=1244133, stop=1244738, strand=-, nt=[ATGACACAGC..TCTGCTGTGA]
11:55:11.724 - INFO - CDS - contig=contig_4, start=1244902, stop=1245132, strand=+, nt=[ATGGAATTTG..CGCCAACTGA]
11:55:11.724 - INFO - CDS - contig=contig_4, start=1245199, stop=1245609, strand=+, nt=[ATGACCAACG..GGCGGTGTAA]
11:55:11.724 - INFO - CDS - contig=contig_4, start=1245613, stop=1246995, strand=+, nt=[ATGTTTCAGC..CGGGGCATGA]
11:55:11.724 - INFO - CDS - contig=contig_4, start=1246992, stop=1247849, strand=+, nt=[ATGAACGGAG..AAAGCCATGA]
11:55:11.724 - INFO - CDS - contig=contig_4, start=1247846, stop=1248664, strand=+, nt=[ATGAGCGGGC..ACGCGCGTGA]
11:55:11.724 - INFO - CDS - contig=contig_4, start=1248661, stop=1249608, strand=+, nt=[GTGAGTGGAA..GCTTGCCTGA]
11:55:11.724 - INFO - CDS - contig=contig_4, start=1249676, stop=1250605, strand=+, nt=[ATGAATTTGA..GGCAGAATGA]
11:55:11.724 - INFO - CDS - contig=contig_4, start=1250602, stop=1251537, strand=+, nt=[ATGAAGCTTG..AGAGAGATGA]
11:55:11.724 - INFO - CDS - contig=contig_4, start=1251534, stop=1252262, strand=+, nt=[ATGACATTGG..GGCGGTCTGA]
11:55:11.724 - INFO - CDS - contig=contig_4, start=1252277, stop=1253527, strand=+, nt=[ATGGACAGAC..GGGGAAATGA]
11:55:11.724 - INFO - CDS - contig=contig_4, start=1253528, stop=1253968, strand=+, nt=[ATGGGTTTGC..CCCAAAATAA]
11:55:11.724 - INFO - CDS - contig=contig_4, start=1254014, stop=1254484, strand=+, nt=[ATGGCGGGGG..AAAGAATTGA]
11:55:11.724 - INFO - CDS - contig=contig_4, start=1254608, stop=1257223, strand=+, nt=[ATGGACAAGC..AGAGAAGTAG]
11:55:11.724 - INFO - CDS - contig=contig_4, start=1257281, stop=1259608, strand=-, nt=[ATGAAGCTGA..CAAGCAGTGA]
11:55:11.724 - INFO - CDS - contig=contig_4, start=1259718, stop=1260722, strand=-, nt=[ATGGCATACG..AAAGCTGTGA]
11:55:11.724 - INFO - CDS - contig=contig_4, start=1260723, stop=1261694, strand=-, nt=[GTGTCTGATC..GGGGAATTAA]
11:55:11.724 - INFO - CDS - contig=contig_4, start=1261894, stop=1262211, strand=+, nt=[GTGAAAAACA..GAAGGGCTGA]
11:55:11.724 - INFO - CDS - contig=contig_4, start=1262213, stop=1264294, strand=+, nt=[ATGTTGGAGC..CGTGGAATGA]
11:55:11.724 - INFO - CDS - contig=contig_4, start=1264348, stop=1264806, strand=+, nt=[ATGGAATTGA..CAAGGCGTAA]
11:55:11.724 - INFO - CDS - contig=contig_4, start=1264828, stop=1265418, strand=+, nt=[ATGGAGATCA..CCGGCGGTGA]
11:55:11.724 - INFO - CDS - contig=contig_4, start=1265447, stop=1266301, strand=+, nt=[GTGAAAGATT..GGTGGAATAA]
11:55:11.724 - INFO - CDS - contig=contig_4, start=1266326, stop=1266838, strand=+, nt=[GTGACGACCA..GGTCCTGTGA]
11:55:11.724 - INFO - CDS - contig=contig_4, start=1266854, stop=1268938, strand=+, nt=[ATGGATGGGA..GGCGCGGTAA]
11:55:11.724 - INFO - CDS - contig=contig_4, start=1268972, stop=1270783, strand=+, nt=[TTGACGCAGT..GTTTTTATAA]
11:55:11.724 - INFO - CDS - contig=contig_4, start=1270859, stop=1271479, strand=+, nt=[ATGCGGCTGA..GGCGGGATGA]
11:55:11.724 - INFO - CDS - contig=contig_4, start=1271601, stop=1272026, strand=+, nt=[ATGGACCACG..GGAGGAATAG]
11:55:11.724 - INFO - CDS - contig=contig_4, start=1272110, stop=1273207, strand=+, nt=[GTGCGAAGGA..CCCCGCGTAG]
11:55:11.724 - INFO - CDS - contig=contig_4, start=1273534, stop=1273848, strand=+, nt=[ATGTCGATGG..GAATACCTGA]
11:55:11.724 - INFO - CDS - contig=contig_4, start=1273850, stop=1275787, strand=+, nt=[ATGGCTATCG..ACAAGAATAA]
11:55:11.724 - INFO - CDS - contig=contig_4, start=1275802, stop=1276287, strand=+, nt=[ATGTTTTTGG..CAGTGCATAA]
11:55:11.725 - INFO - CDS - contig=contig_4, start=1276318, stop=1277010, strand=+, nt=[ATGAACGGAT..CCGGGAATGA]
11:55:11.725 - INFO - CDS - contig=contig_4, start=1277038, stop=1278027, strand=+, nt=[GTGAAAGATA..CTATGTCTGA]
11:55:11.725 - INFO - CDS - contig=contig_4, start=1278020, stop=1278334, strand=+, nt=[ATGTCTGAGT..CATTTTGTAA]
11:55:11.725 - INFO - CDS - contig=contig_4, start=1278366, stop=1278557, strand=+, nt=[ATGTTTTTTG..GCATCTGTAA]
11:55:11.725 - INFO - CDS - contig=contig_4, start=1278627, stop=1280399, strand=+, nt=[TTGAGCGGAA..GGACGTATGA]
11:55:11.725 - INFO - CDS - contig=contig_4, start=1280396, stop=1281778, strand=+, nt=[ATGATTCGAG..GGAGGGGTAA]
11:55:11.725 - INFO - CDS - contig=contig_4, start=1281782, stop=1282495, strand=+, nt=[ATGCCCGCGA..GCCCATCTGA]
11:55:11.725 - INFO - CDS - contig=contig_4, start=1282665, stop=1283879, strand=+, nt=[ATGTACTGTG..GCAGGGATAA]
11:55:11.725 - INFO - CDS - contig=contig_4, start=1283993, stop=1285327, strand=+, nt=[ATGACGAAAA..GTTGGAGTAA]
11:55:11.725 - INFO - CDS - contig=contig_4, start=1285405, stop=1286391, strand=-, nt=[ATGAAAACCA..CGGGAAGTAA]
11:55:11.725 - INFO - CDS - contig=contig_4, start=1286552, stop=1287250, strand=-, nt=[ATGATACGGA..GATTCTGTAA]
11:55:11.725 - INFO - CDS - contig=contig_4, start=1287398, stop=1288513, strand=-, nt=[ATGGAGTACA..TCTGTGCTGA]
11:55:11.725 - INFO - CDS - contig=contig_4, start=1288551, stop=1289921, strand=-, nt=[ATGTATGATA..TACAAACTGA]
11:55:11.725 - INFO - CDS - contig=contig_4, start=1289945, stop=1290925, strand=-, nt=[ATGTCTGAGA..AAACCGCTGA]
11:55:11.725 - INFO - CDS - contig=contig_4, start=1290918, stop=1291889, strand=-, nt=[ATGGAAGAGA..GCATGTCTGA]
11:55:11.725 - INFO - CDS - contig=contig_4, start=1291894, stop=1292733, strand=-, nt=[ATGAAATGGA..GAAGGTGTGA]
11:55:11.725 - INFO - CDS - contig=contig_4, start=1292746, stop=1293675, strand=-, nt=[TTGAGCGACG..TATGGAATAA]
11:55:11.725 - INFO - CDS - contig=contig_4, start=1293785, stop=1294849, strand=-, nt=[ATGGAGACAC..GCGCATTTAA]
11:55:11.725 - INFO - CDS - contig=contig_4, start=1294855, stop=1296456, strand=-, nt=[ATGAAATTTT..GCGGGAGTGA]
11:55:11.725 - INFO - CDS - contig=contig_4, start=1296807, stop=1298147, strand=+, nt=[GTGGAGCAGG..GCGGGTCTGA]
11:55:11.725 - INFO - CDS - contig=contig_4, start=1298235, stop=1298990, strand=+, nt=[ATGAAAATGA..TCCAGGCTGA]
11:55:11.725 - INFO - CDS - contig=contig_4, start=1299051, stop=1300679, strand=-, nt=[ATGAATACCG..CTGCTTCTGA]
11:55:11.725 - INFO - CDS - contig=contig_4, start=1300676, stop=1302271, strand=-, nt=[ATGAGCGGAG..CCACTCATGA]
11:55:11.725 - INFO - CDS - contig=contig_4, start=1302268, stop=1303260, strand=-, nt=[ATGGGGAAAA..TCACAGATGA]
11:55:11.725 - INFO - CDS - contig=contig_4, start=1303406, stop=1305010, strand=-, nt=[ATGAAATCCT..CGCGGCCTGA]
11:55:11.725 - INFO - CDS - contig=contig_4, start=1305079, stop=1305999, strand=-, nt=[ATGGATGAGA..GAAGGACTGA]
11:55:11.725 - INFO - CDS - contig=contig_4, start=1306014, stop=1306955, strand=-, nt=[ATGCGAAAAT..ATATGAATAA]
11:55:11.725 - INFO - CDS - contig=contig_4, start=1307274, stop=1307732, strand=-, nt=[ATGAAAAGCA..CCGCATCTGA]
11:55:11.725 - INFO - CDS - contig=contig_4, start=1307977, stop=1308555, strand=+, nt=[ATGAAGCGGC..GTCCAAATGA]
11:55:11.725 - INFO - CDS - contig=contig_4, start=1308552, stop=1309100, strand=+, nt=[ATGAATCTGC..GGGGGCCTGA]
11:55:11.725 - INFO - CDS - contig=contig_4, start=1309161, stop=1310204, strand=-, nt=[ATGGATCTGA..CACCTGCTGA]
11:55:11.725 - INFO - CDS - contig=contig_4, start=1310209, stop=1311705, strand=-, nt=[ATGACAGATC..GCAGGTGTGA]
11:55:11.725 - INFO - CDS - contig=contig_4, start=1311716, stop=1313011, strand=-, nt=[ATGACCACCT..GATCGGGTGA]
11:55:11.725 - INFO - CDS - contig=contig_4, start=1313110, stop=1314171, strand=-, nt=[ATGAGTCAGG..CAAGAAATAA]
11:55:11.725 - INFO - CDS - contig=contig_4, start=1314187, stop=1315686, strand=-, nt=[ATGGAAGGAA..ATATGTGTAA]
11:55:11.725 - INFO - CDS - contig=contig_4, start=1315879, stop=1317021, strand=-, nt=[ATGAATCTGA..CGCGGACTGA]
11:55:11.725 - INFO - CDS - contig=contig_4, start=1317182, stop=1318183, strand=-, nt=[ATGTCCATCA..CCGAAAATAA]
11:55:11.725 - INFO - CDS - contig=contig_4, start=1318200, stop=1319096, strand=-, nt=[ATGCGGAGGG..CAACTATTGA]
11:55:11.725 - INFO - CDS - contig=contig_4, start=1319096, stop=1320892, strand=-, nt=[ATGGGGAAAA..GGAGTCGTAA]
11:55:11.725 - INFO - CDS - contig=contig_4, start=1320920, stop=1322500, strand=-, nt=[ATGGGTTTCT..CCGGAAGTAG]
11:55:11.725 - INFO - CDS - contig=contig_4, start=1322745, stop=1324340, strand=+, nt=[ATGATCACAG..CCAGGGCTGA]
11:55:11.725 - INFO - CDS - contig=contig_4, start=1324587, stop=1325423, strand=+, nt=[ATGCGAAAAA..TCATGTCTGA]
11:55:11.725 - INFO - CDS - contig=contig_4, start=1325416, stop=1327383, strand=+, nt=[ATGTCTGAAA..GCTCTGCTGA]
11:55:11.725 - INFO - CDS - contig=contig_4, start=1327517, stop=1327645, strand=+, nt=[ATGACAGAAT..GGCGGCATAA]
11:55:11.725 - INFO - CDS - contig=contig_4, start=1327695, stop=1328747, strand=-, nt=[ATGAAAACGA..ATGGACTTGA]
11:55:11.725 - INFO - CDS - contig=contig_5, start=316, stop=1368, strand=+, frame=1, truncated=no, start-type=ATG, RBS-motif=AGGAG
11:55:11.726 - INFO - CDS - contig=contig_5, start=1383, stop=1736, strand=-, frame=2, truncated=no, start-type=ATG, RBS-motif=AGGAGG
11:55:11.726 - INFO - CDS - contig=contig_5, start=2141, stop=3367, strand=+, frame=2, truncated=no, start-type=ATG, RBS-motif=AGGAG
11:55:11.726 - INFO - CDS - contig=contig_5, start=3410, stop=4597, strand=+, frame=2, truncated=no, start-type=TTG, RBS-motif=AGxAGG/AGGxGG
11:55:11.726 - INFO - CDS - contig=contig_5, start=4650, stop=5411, strand=-, frame=2, truncated=no, start-type=ATG, RBS-motif=AGGA
11:55:11.726 - INFO - CDS - contig=contig_5, start=5438, stop=6328, strand=-, frame=3, truncated=no, start-type=ATG, RBS-motif=AGGA
11:55:11.726 - INFO - CDS - contig=contig_5, start=6344, stop=7429, strand=-, frame=3, truncated=no, start-type=ATG, RBS-motif=GGAGG
11:55:11.726 - INFO - CDS - contig=contig_5, start=7802, stop=9454, strand=+, frame=2, truncated=no, start-type=ATG, RBS-motif=AGGAG
11:55:11.726 - INFO - CDS - contig=contig_5, start=9475, stop=10503, strand=+, frame=1, truncated=no, start-type=ATG, RBS-motif=GGA/GAG/AGG
11:55:11.726 - INFO - CDS - contig=contig_5, start=10541, stop=11671, strand=+, frame=2, truncated=no, start-type=GTG, RBS-motif=AGGAG
11:55:11.726 - INFO - CDS - contig=contig_5, start=11758, stop=12042, strand=+, frame=1, truncated=no, start-type=TTG, RBS-motif=GGAGG
11:55:11.726 - INFO - CDS - contig=contig_5, start=12111, stop=12542, strand=+, frame=3, truncated=no, start-type=ATG, RBS-motif=GGAGG
11:55:11.726 - INFO - CDS - contig=contig_5, start=12946, stop=13572, strand=+, frame=1, truncated=no, start-type=ATG, RBS-motif=GGAGG
11:55:11.726 - INFO - CDS - contig=contig_5, start=13603, stop=14481, strand=+, frame=1, truncated=no, start-type=ATG, RBS-motif=AGxAGG/AGGxGG
11:55:11.726 - INFO - CDS - contig=contig_5, start=14607, stop=14813, strand=+, frame=3, truncated=no, start-type=ATG, RBS-motif=GGAGG
11:55:11.726 - INFO - CDS - contig=contig_5, start=14893, stop=15609, strand=+, frame=1, truncated=no, start-type=ATG, RBS-motif=GGAGG
11:55:11.726 - INFO - CDS - contig=contig_5, start=15597, stop=16391, strand=+, frame=3, truncated=no, start-type=GTG, RBS-motif=AGGAG
11:55:11.726 - INFO - CDS - contig=contig_5, start=16457, stop=17185, strand=+, frame=2, truncated=no, start-type=ATG, RBS-motif=GGA/GAG/AGG
11:55:11.726 - INFO - CDS - contig=contig_5, start=17278, stop=19098, strand=+, frame=1, truncated=no, start-type=GTG, RBS-motif=AGGAGG
11:55:11.726 - INFO - CDS - contig=contig_5, start=19098, stop=20939, strand=+, frame=3, truncated=no, start-type=ATG, RBS-motif=AGxAGG/AGGxGG
11:55:11.726 - INFO - CDS - contig=contig_5, start=21494, stop=22891, strand=+, frame=2, truncated=no, start-type=ATG, RBS-motif=AGGAGG
11:55:11.726 - INFO - CDS - contig=contig_5, start=22909, stop=23946, strand=+, frame=1, truncated=no, start-type=ATG, RBS-motif=AGGA
11:55:11.726 - INFO - CDS - contig=contig_5, start=23947, stop=24978, strand=+, frame=1, truncated=no, start-type=ATG, RBS-motif=AGGAGG
11:55:11.726 - INFO - CDS - contig=contig_5, start=24980, stop=25972, strand=+, frame=2, truncated=no, start-type=ATG, RBS-motif=GGAGG
11:55:11.726 - INFO - CDS - contig=contig_5, start=25991, stop=27241, strand=+, frame=2, truncated=no, start-type=ATG, RBS-motif=AGGAG/GGAGG
11:55:11.726 - INFO - CDS - contig=contig_5, start=27285, stop=27977, strand=+, frame=3, truncated=no, start-type=ATG, RBS-motif=AGxAGG/AGGxGG
11:55:11.726 - INFO - CDS - contig=contig_5, start=27994, stop=28596, strand=+, frame=1, truncated=no, start-type=TTG, RBS-motif=AGGAGG
11:55:11.726 - INFO - CDS - contig=contig_5, start=28613, stop=30601, strand=+, frame=2, truncated=no, start-type=ATG, RBS-motif=GGA/GAG/AGG
11:55:11.727 - INFO - CDS - contig=contig_5, start=30661, stop=31164, strand=-, frame=1, truncated=no, start-type=ATG, RBS-motif=AGGAGG
11:55:11.727 - INFO - CDS - contig=contig_5, start=31303, stop=31935, strand=+, frame=1, truncated=no, start-type=ATG, RBS-motif=GGA/GAG/AGG
11:55:11.727 - INFO - CDS - contig=contig_5, start=31932, stop=33023, strand=+, frame=3, truncated=no, start-type=ATG, RBS-motif=GGAGG
11:55:11.727 - INFO - CDS - contig=contig_5, start=33125, stop=33682, strand=+, frame=2, truncated=no, start-type=TTG, RBS-motif=AGGAGG
11:55:11.727 - INFO - CDS - contig=contig_5, start=33636, stop=34685, strand=-, frame=2, truncated=no, start-type=TTG, RBS-motif=GGxGG
11:55:11.727 - INFO - CDS - contig=contig_5, start=34809, stop=36182, strand=-, frame=2, truncated=no, start-type=ATG, RBS-motif=AGGAG
11:55:11.727 - INFO - CDS - contig=contig_5, start=36194, stop=36445, strand=-, frame=3, truncated=no, start-type=ATG, RBS-motif=AGGAG
11:55:11.727 - INFO - CDS - contig=contig_5, start=36522, stop=37244, strand=-, frame=2, truncated=no, start-type=GTG, RBS-motif=GGAGG
11:55:11.727 - INFO - CDS - contig=contig_5, start=37398, stop=37856, strand=+, frame=3, truncated=no, start-type=TTG, RBS-motif=AGGAGG
11:55:11.727 - INFO - CDS - contig=contig_5, start=37860, stop=38078, strand=+, frame=3, truncated=no, start-type=ATG, RBS-motif=AGGAG(G)/GGAGG
11:55:11.727 - INFO - CDS - contig=contig_5, start=38450, stop=39688, strand=-, frame=3, truncated=no, start-type=ATG, RBS-motif=GGA/GAG/AGG
11:55:11.727 - INFO - CDS - contig=contig_5, start=39685, stop=41442, strand=-, frame=1, truncated=no, start-type=ATG, RBS-motif=GGAGG
11:55:11.727 - INFO - CDS - contig=contig_5, start=41433, stop=43181, strand=-, frame=2, truncated=no, start-type=GTG, RBS-motif=GGAGG
11:55:11.727 - INFO - CDS - contig=contig_5, start=43871, stop=44050, strand=-, frame=3, truncated=no, start-type=ATG, RBS-motif=AGGAGG
11:55:11.727 - INFO - CDS - contig=contig_5, start=44667, stop=46277, strand=+, frame=3, truncated=no, start-type=ATG, RBS-motif=GGAG/GAGG
11:55:11.727 - INFO - CDS - contig=contig_5, start=46328, stop=46714, strand=+, frame=2, truncated=no, start-type=ATG, RBS-motif=None
11:55:11.727 - INFO - CDS - contig=contig_5, start=46684, stop=46941, strand=-, frame=1, truncated=no, start-type=ATG, RBS-motif=None
11:55:11.727 - INFO - CDS - contig=contig_5, start=47035, stop=47427, strand=+, frame=1, truncated=no, start-type=TTG, RBS-motif=AGGAGG
11:55:11.727 - INFO - CDS - contig=contig_5, start=47440, stop=48657, strand=+, frame=1, truncated=no, start-type=ATG, RBS-motif=AGGAGG
11:55:11.727 - INFO - CDS - contig=contig_5, start=48661, stop=49254, strand=+, frame=1, truncated=no, start-type=ATG, RBS-motif=AGGAGG
11:55:11.727 - INFO - CDS - contig=contig_5, start=49318, stop=50550, strand=-, frame=1, truncated=no, start-type=ATG, RBS-motif=AGxAGG/AGGxGG
11:55:11.727 - INFO - CDS - contig=contig_5, start=50608, stop=51825, strand=-, frame=1, truncated=no, start-type=ATG, RBS-motif=AGGAG
11:55:11.727 - INFO - CDS - contig=contig_5, start=51865, stop=52305, strand=-, frame=1, truncated=no, start-type=ATG, RBS-motif=AGGAG/GGAGG
11:55:11.727 - INFO - CDS - contig=contig_5, start=52508, stop=55189, strand=-, frame=3, truncated=no, start-type=GTG, RBS-motif=GGAGG
11:55:11.727 - INFO - CDS - contig=contig_5, start=55424, stop=55732, strand=+, frame=2, truncated=no, start-type=ATG, RBS-motif=GGAG/GAGG
11:55:11.727 - INFO - CDS - contig=contig_5, start=56127, stop=57890, strand=+, frame=3, truncated=no, start-type=ATG, RBS-motif=GGAG/GAGG
11:55:11.727 - INFO - CDS - contig=contig_5, start=57958, stop=58680, strand=+, frame=1, truncated=no, start-type=ATG, RBS-motif=AGGAGG
11:55:11.727 - INFO - CDS - contig=contig_5, start=58725, stop=59093, strand=+, frame=3, truncated=no, start-type=GTG, RBS-motif=GGAGG
11:55:11.727 - INFO - CDS - contig=contig_5, start=59093, stop=59497, strand=+, frame=2, truncated=no, start-type=ATG, RBS-motif=None
11:55:11.728 - INFO - CDS - contig=contig_5, start=59451, stop=59873, strand=-, frame=2, truncated=no, start-type=ATG, RBS-motif=3Base/5BMM
11:55:11.728 - INFO - CDS - contig=contig_5, start=59875, stop=60195, strand=-, frame=1, truncated=no, start-type=ATG, RBS-motif=AGGA
11:55:11.728 - INFO - CDS - contig=contig_5, start=60225, stop=61082, strand=-, frame=2, truncated=no, start-type=ATG, RBS-motif=AGGAGG
11:55:11.728 - INFO - CDS - contig=contig_5, start=61079, stop=61363, strand=-, frame=3, truncated=no, start-type=GTG, RBS-motif=GGAGG
11:55:11.728 - INFO - CDS - contig=contig_5, start=61519, stop=62373, strand=+, frame=1, truncated=no, start-type=ATG, RBS-motif=GGAG/GAGG
11:55:11.728 - INFO - CDS - contig=contig_5, start=62590, stop=63483, strand=+, frame=1, truncated=no, start-type=GTG, RBS-motif=AGGA
11:55:11.728 - INFO - CDS - contig=contig_5, start=63534, stop=64865, strand=-, frame=2, truncated=no, start-type=ATG, RBS-motif=GGAG/GAGG
11:55:11.728 - INFO - CDS - contig=contig_5, start=64995, stop=66473, strand=-, frame=2, truncated=no, start-type=ATG, RBS-motif=AGxAGG/AGGxGG
11:55:11.728 - INFO - CDS - contig=contig_5, start=66487, stop=68010, strand=-, frame=1, truncated=no, start-type=ATG, RBS-motif=AGGAG/GGAGG
11:55:11.728 - INFO - CDS - contig=contig_5, start=68211, stop=68381, strand=-, frame=2, truncated=no, start-type=TTG, RBS-motif=AGxAGG/AGGxGG
11:55:11.728 - INFO - CDS - contig=contig_5, start=68453, stop=69100, strand=-, frame=3, truncated=no, start-type=ATG, RBS-motif=AGGAGG
11:55:11.728 - INFO - CDS - contig=contig_5, start=69085, stop=69963, strand=-, frame=1, truncated=no, start-type=ATG, RBS-motif=GGA/GAG/AGG
11:55:11.728 - INFO - CDS - contig=contig_5, start=69963, stop=71990, strand=-, frame=2, truncated=no, start-type=ATG, RBS-motif=AGxAGG/AGGxGG
11:55:11.728 - INFO - CDS - contig=contig_5, start=72005, stop=72739, strand=-, frame=3, truncated=no, start-type=ATG, RBS-motif=GGAGG
11:55:11.728 - INFO - CDS - contig=contig_5, start=72736, stop=73764, strand=-, frame=1, truncated=no, start-type=GTG, RBS-motif=AGGAGG
11:55:11.728 - INFO - CDS - contig=contig_5, start=73781, stop=75097, strand=-, frame=3, truncated=no, start-type=ATG, RBS-motif=GGAG/GAGG
11:55:11.728 - INFO - CDS - contig=contig_5, start=75097, stop=76020, strand=-, frame=1, truncated=no, start-type=ATG, RBS-motif=AGGA/GGAG/GAGG
11:55:11.728 - INFO - CDS - contig=contig_5, start=76026, stop=76535, strand=-, frame=2, truncated=no, start-type=ATG, RBS-motif=AGGAGG
11:55:11.728 - INFO - CDS - contig=contig_5, start=76549, stop=79023, strand=-, frame=1, truncated=no, start-type=ATG, RBS-motif=GGAG/GAGG
11:55:11.728 - INFO - CDS - contig=contig_5, start=79090, stop=79290, strand=-, frame=1, truncated=no, start-type=ATG, RBS-motif=AGGAG
11:55:11.728 - INFO - CDS - contig=contig_5, start=79296, stop=79904, strand=-, frame=2, truncated=no, start-type=GTG, RBS-motif=AGGAGG
11:55:11.728 - INFO - CDS - contig=contig_5, start=79901, stop=80170, strand=-, frame=3, truncated=no, start-type=ATG, RBS-motif=GGxGG
11:55:11.728 - INFO - CDS - contig=contig_5, start=80192, stop=81070, strand=-, frame=3, truncated=no, start-type=GTG, RBS-motif=GGA/GAG/AGG
11:55:11.728 - INFO - CDS - contig=contig_5, start=81165, stop=81758, strand=-, frame=2, truncated=no, start-type=ATG, RBS-motif=AGGAG
11:55:11.728 - INFO - CDS - contig=contig_5, start=81755, stop=82630, strand=-, frame=3, truncated=no, start-type=GTG, RBS-motif=GGAG/GAGG
11:55:11.728 - INFO - CDS - contig=contig_5, start=82633, stop=83058, strand=-, frame=1, truncated=no, start-type=ATG, RBS-motif=AGGAG
11:55:11.728 - INFO - CDS - contig=contig_5, start=83073, stop=84308, strand=-, frame=2, truncated=no, start-type=ATG, RBS-motif=AGGAGG
11:55:11.728 - INFO - CDS - contig=contig_5, start=84286, stop=85176, strand=-, frame=1, truncated=no, start-type=ATG, RBS-motif=AGGAGG
11:55:11.729 - INFO - CDS - contig=contig_5, start=85429, stop=85734, strand=-, frame=1, truncated=no, start-type=GTG, RBS-motif=None
11:55:11.729 - INFO - CDS - contig=contig_5, start=85792, stop=86889, strand=-, frame=1, truncated=no, start-type=ATG, RBS-motif=AGGAGG
11:55:11.729 - INFO - CDS - contig=contig_5, start=86889, stop=91424, strand=-, frame=2, truncated=no, start-type=ATG, RBS-motif=GGA/GAG/AGG
11:55:11.729 - INFO - CDS - contig=contig_5, start=91482, stop=92699, strand=-, frame=2, truncated=no, start-type=ATG, RBS-motif=AGGAGG
11:55:11.729 - INFO - CDS - contig=contig_5, start=92713, stop=93516, strand=-, frame=1, truncated=no, start-type=ATG, RBS-motif=AGGAGG
11:55:11.729 - INFO - CDS - contig=contig_5, start=93657, stop=94199, strand=-, frame=2, truncated=no, start-type=ATG, RBS-motif=AGGAG
11:55:11.729 - INFO - CDS - contig=contig_5, start=94282, stop=95613, strand=-, frame=1, truncated=no, start-type=ATG, RBS-motif=GGAG/GAGG
11:55:11.729 - INFO - CDS - contig=contig_5, start=95963, stop=96520, strand=+, frame=2, truncated=no, start-type=ATG, RBS-motif=GGA/GAG/AGG
11:55:11.729 - INFO - CDS - contig=contig_5, start=96552, stop=96920, strand=+, frame=3, truncated=no, start-type=ATG, RBS-motif=AGGAGG
11:55:11.729 - INFO - CDS - contig=contig_5, start=96939, stop=97823, strand=+, frame=3, truncated=no, start-type=ATG, RBS-motif=GGAGG
11:55:11.729 - INFO - CDS - contig=contig_5, start=97918, stop=99870, strand=+, frame=1, truncated=no, start-type=ATG, RBS-motif=GGAGG
11:55:11.729 - INFO - CDS - contig=contig_5, start=100311, stop=101000, strand=+, frame=3, truncated=no, start-type=ATG, RBS-motif=AGGAGG
11:55:11.729 - INFO - CDS - contig=contig_5, start=100984, stop=102204, strand=-, frame=1, truncated=no, start-type=ATG, RBS-motif=GGAGG
11:55:11.729 - INFO - CDS - contig=contig_5, start=102391, stop=103590, strand=+, frame=1, truncated=no, start-type=ATG, RBS-motif=AGGAG
11:55:11.729 - INFO - CDS - contig=contig_5, start=103920, stop=105266, strand=-, frame=2, truncated=no, start-type=ATG, RBS-motif=AGGAG
11:55:11.729 - INFO - CDS - contig=contig_5, start=105465, stop=106823, strand=-, frame=2, truncated=no, start-type=ATG, RBS-motif=GGAG/GAGG
11:55:11.729 - INFO - CDS - contig=contig_5, start=107061, stop=108659, strand=+, frame=3, truncated=no, start-type=TTG, RBS-motif=None
11:55:11.729 - INFO - CDS - contig=contig_5, start=108790, stop=109923, strand=+, frame=1, truncated=no, start-type=ATG, RBS-motif=AGGA
11:55:11.729 - INFO - CDS - contig=contig_5, start=109970, stop=110344, strand=-, frame=3, truncated=no, start-type=ATG, RBS-motif=GGAG/GAGG
11:55:11.729 - INFO - CDS - contig=contig_5, start=110370, stop=111740, strand=-, frame=2, truncated=no, start-type=ATG, RBS-motif=AGGAGG
11:55:11.729 - INFO - CDS - contig=contig_5, start=111964, stop=112758, strand=-, frame=1, truncated=no, start-type=ATG, RBS-motif=AGGAGG
11:55:11.729 - INFO - CDS - contig=contig_5, start=112751, stop=113695, strand=-, frame=3, truncated=no, start-type=ATG, RBS-motif=GGxGG
11:55:11.729 - INFO - CDS - contig=contig_5, start=113792, stop=114793, strand=-, frame=3, truncated=no, start-type=ATG, RBS-motif=GGAGG
11:55:11.729 - INFO - CDS - contig=contig_5, start=114959, stop=115648, strand=+, frame=2, truncated=no, start-type=ATG, RBS-motif=AGGAGG
11:55:11.729 - INFO - CDS - contig=contig_5, start=115734, stop=116462, strand=+, frame=3, truncated=no, start-type=TTG, RBS-motif=AGGAGG
11:55:11.729 - INFO - CDS - contig=contig_5, start=116459, stop=117148, strand=+, frame=2, truncated=no, start-type=ATG, RBS-motif=AGGAGG
11:55:11.729 - INFO - CDS - contig=contig_5, start=117163, stop=117708, strand=+, frame=1, truncated=no, start-type=ATG, RBS-motif=AGGAGG
11:55:11.730 - INFO - CDS - contig=contig_5, start=118064, stop=119209, strand=+, frame=2, truncated=no, start-type=ATG, RBS-motif=AGGAG
11:55:11.730 - INFO - CDS - contig=contig_5, start=119202, stop=120416, strand=+, frame=3, truncated=no, start-type=ATG, RBS-motif=GGA/GAG/AGG
11:55:11.730 - INFO - CDS - contig=contig_5, start=120413, stop=121528, strand=+, frame=2, truncated=no, start-type=TTG, RBS-motif=GGAGG
11:55:11.730 - INFO - CDS - contig=contig_5, start=121823, stop=124501, strand=+, frame=2, truncated=no, start-type=ATG, RBS-motif=AGGAGG
11:55:11.730 - INFO - CDS - contig=contig_5, start=124515, stop=124844, strand=+, frame=3, truncated=no, start-type=ATG, RBS-motif=GGxGG
11:55:11.730 - INFO - CDS - contig=contig_5, start=124867, stop=125205, strand=+, frame=1, truncated=no, start-type=ATG, RBS-motif=AGGAG
11:55:11.730 - INFO - CDS - contig=contig_5, start=125213, stop=127225, strand=+, frame=2, truncated=no, start-type=ATG, RBS-motif=None
11:55:11.730 - INFO - CDS - contig=contig_5, start=127514, stop=127738, strand=-, frame=3, truncated=no, start-type=ATG, RBS-motif=GGAGG
11:55:11.730 - INFO - CDS - contig=contig_5, start=127832, stop=128071, strand=-, frame=3, truncated=no, start-type=ATG, RBS-motif=GGAG/GAGG
11:55:11.730 - INFO - CDS - contig=contig_5, start=128298, stop=130058, strand=-, frame=2, truncated=no, start-type=ATG, RBS-motif=AGGAG/GGAGG
11:55:11.730 - INFO - CDS - contig=contig_5, start=130052, stop=131890, strand=-, frame=3, truncated=no, start-type=ATG, RBS-motif=AGGAG
11:55:11.730 - INFO - CDS - contig=contig_5, start=132153, stop=133163, strand=-, frame=2, truncated=no, start-type=ATG, RBS-motif=GGAGG
11:55:11.730 - INFO - CDS - contig=contig_5, start=133160, stop=133747, strand=-, frame=3, truncated=no, start-type=ATG, RBS-motif=AGGAGG
11:55:11.730 - INFO - CDS - contig=contig_5, start=133740, stop=134207, strand=-, frame=2, truncated=no, start-type=ATG, RBS-motif=GGAG/GAGG
11:55:11.730 - INFO - CDS - contig=contig_5, start=134204, stop=136936, strand=-, frame=3, truncated=no, start-type=ATG, RBS-motif=AGGAGG
11:55:11.730 - INFO - CDS - contig=contig_5, start=137027, stop=138385, strand=-, frame=3, truncated=no, start-type=GTG, RBS-motif=AGxAGG/AGGxGG
11:55:11.730 - INFO - CDS - contig=contig_5, start=138478, stop=139650, strand=+, frame=1, truncated=no, start-type=ATG, RBS-motif=AGGA
11:55:11.730 - INFO - CDS - contig=contig_5, start=139717, stop=140478, strand=-, frame=1, truncated=no, start-type=ATG, RBS-motif=AGGAGG
11:55:11.730 - INFO - CDS - contig=contig_5, start=140608, stop=140964, strand=-, frame=1, truncated=no, start-type=ATG, RBS-motif=AGGAGG
11:55:11.730 - INFO - CDS - contig=contig_5, start=141003, stop=141206, strand=-, frame=2, truncated=no, start-type=ATG, RBS-motif=AGGAG
11:55:11.730 - INFO - CDS - contig=contig_5, start=141240, stop=141722, strand=-, frame=2, truncated=no, start-type=GTG, RBS-motif=GGA/GAG/AGG
11:55:11.730 - INFO - CDS - contig=contig_5, start=142063, stop=142302, strand=+, frame=1, truncated=no, start-type=ATG, RBS-motif=GGAG/GAGG
11:55:11.730 - INFO - CDS - contig=contig_5, start=142692, stop=143687, strand=+, frame=3, truncated=no, start-type=ATG, RBS-motif=AGxAGG/AGGxGG
11:55:11.730 - INFO - CDS - contig=contig_5, start=143906, stop=144019, strand=+, frame=2, truncated=no, start-type=ATG, RBS-motif=AGGAG
11:55:11.730 - INFO - CDS - contig=contig_5, start=144089, stop=144355, strand=-, frame=3, truncated=no, start-type=ATG, RBS-motif=AGGAG
11:55:11.730 - INFO - CDS - contig=contig_5, start=144470, stop=146953, strand=+, frame=2, truncated=no, start-type=ATG, RBS-motif=None
11:55:11.730 - INFO - CDS - contig=contig_5, start=147672, stop=147881, strand=+, frame=3, truncated=no, start-type=GTG, RBS-motif=AGGAGG
11:55:11.730 - INFO - CDS - contig=contig_5, start=147878, stop=148081, strand=+, frame=2, truncated=no, start-type=ATG, RBS-motif=AGGAG
11:55:11.731 - INFO - CDS - contig=contig_5, start=148078, stop=148227, strand=+, frame=1, truncated=no, start-type=ATG, RBS-motif=GGxGG
11:55:11.731 - INFO - CDS - contig=contig_5, start=148227, stop=148436, strand=+, frame=3, truncated=no, start-type=ATG, RBS-motif=AGxAGG/AGGxGG
11:55:11.731 - INFO - CDS - contig=contig_5, start=148483, stop=148656, strand=+, frame=1, truncated=no, start-type=ATG, RBS-motif=AGGA
11:55:11.731 - INFO - CDS - contig=contig_5, start=148720, stop=149412, strand=+, frame=1, truncated=no, start-type=ATG, RBS-motif=GGAG/GAGG
11:55:11.731 - INFO - CDS - contig=contig_5, start=316, stop=1368, strand=+, nt=[ATGAAAACGA..ATGGACTTGA]
11:55:11.731 - INFO - CDS - contig=contig_5, start=1383, stop=1736, strand=-, nt=[ATGCTGTTTA..CCCGTCATAA]
11:55:11.731 - INFO - CDS - contig=contig_5, start=2141, stop=3367, strand=+, nt=[ATGACTGTCT..GACAGAATAA]
11:55:11.731 - INFO - CDS - contig=contig_5, start=3410, stop=4597, strand=+, nt=[TTGCGCAAAC..GGAGGACTGA]
11:55:11.731 - INFO - CDS - contig=contig_5, start=4650, stop=5411, strand=-, nt=[ATGCTCAAGG..GATCATCTGA]
11:55:11.731 - INFO - CDS - contig=contig_5, start=5438, stop=6328, strand=-, nt=[ATGCGCGAAC..TTTACAGTAA]
11:55:11.731 - INFO - CDS - contig=contig_5, start=6344, stop=7429, strand=-, nt=[ATGGAGAAAT..CCACCAGTAA]
11:55:11.731 - INFO - CDS - contig=contig_5, start=7802, stop=9454, strand=+, nt=[ATGAGACAAA..AATTCGCTGA]
11:55:11.731 - INFO - CDS - contig=contig_5, start=9475, stop=10503, strand=+, nt=[ATGAAAACCT..CATCTCCTGA]
11:55:11.731 - INFO - CDS - contig=contig_5, start=10541, stop=11671, strand=+, nt=[GTGTTTGAAG..CAGGATTTAA]
11:55:11.731 - INFO - CDS - contig=contig_5, start=11758, stop=12042, strand=+, nt=[TTGGACCAGA..CACCAAGTAA]
11:55:11.731 - INFO - CDS - contig=contig_5, start=12111, stop=12542, strand=+, nt=[ATGCGAAAAA..GCGGCGCTGA]
11:55:11.731 - INFO - CDS - contig=contig_5, start=12946, stop=13572, strand=+, nt=[ATGCGCAGAG..GCTGTCTTGA]
11:55:11.731 - INFO - CDS - contig=contig_5, start=13603, stop=14481, strand=+, nt=[ATGGATCTGA..CCGTACATAA]
11:55:11.731 - INFO - CDS - contig=contig_5, start=14607, stop=14813, strand=+, nt=[ATGGCTCAGA..CGAGCAGTAA]
11:55:11.731 - INFO - CDS - contig=contig_5, start=14893, stop=15609, strand=+, nt=[ATGAAACGAC..GCAAGCGTAG]
11:55:11.731 - INFO - CDS - contig=contig_5, start=15597, stop=16391, strand=+, nt=[GTGGCAAGCG..TTCCCTTTGA]
11:55:11.731 - INFO - CDS - contig=contig_5, start=16457, stop=17185, strand=+, nt=[ATGTCGGGAC..ACAGGAGTGA]
11:55:11.731 - INFO - CDS - contig=contig_5, start=17278, stop=19098, strand=+, nt=[GTGAAACCCC..GGAGGCGTGA]
11:55:11.731 - INFO - CDS - contig=contig_5, start=19098, stop=20939, strand=+, nt=[ATGGCCACCG..CGAGGCGTAA]
11:55:11.731 - INFO - CDS - contig=contig_5, start=21494, stop=22891, strand=+, nt=[ATGCACCTCA..GGAAGCGTAA]
11:55:11.731 - INFO - CDS - contig=contig_5, start=22909, stop=23946, strand=+, nt=[ATGGATCTGT..GGGGGCGTAA]
11:55:11.731 - INFO - CDS - contig=contig_5, start=23947, stop=24978, strand=+, nt=[ATGCTGCTGG..GAGGATTTAA]
11:55:11.731 - INFO - CDS - contig=contig_5, start=24980, stop=25972, strand=+, nt=[ATGGAAACAT..TAAACTATAA]
11:55:11.731 - INFO - CDS - contig=contig_5, start=25991, stop=27241, strand=+, nt=[ATGCCTTTAC..GCGGTCCTAA]
11:55:11.731 - INFO - CDS - contig=contig_5, start=27285, stop=27977, strand=+, nt=[ATGCGCAGAC..AAATTCCTGA]
11:55:11.731 - INFO - CDS - contig=contig_5, start=27994, stop=28596, strand=+, nt=[TTGGTGACCG..CAAGCTGTAA]
11:55:11.731 - INFO - CDS - contig=contig_5, start=28613, stop=30601, strand=+, nt=[ATGAATGAAC..CCAGGGGTGA]
11:55:11.731 - INFO - CDS - contig=contig_5, start=30661, stop=31164, strand=-, nt=[ATGCTTCAGG..GAAGAGCTGA]
11:55:11.731 - INFO - CDS - contig=contig_5, start=31303, stop=31935, strand=+, nt=[ATGAAACGGG..GGCACCATGA]
11:55:11.731 - INFO - CDS - contig=contig_5, start=31932, stop=33023, strand=+, nt=[ATGAAACGAA..AAGACTGTAA]
11:55:11.731 - INFO - CDS - contig=contig_5, start=33125, stop=33682, strand=+, nt=[TTGAAATCTC..CGCCCCTTGA]
11:55:11.731 - INFO - CDS - contig=contig_5, start=33636, stop=34685, strand=-, nt=[TTGACCCGCT..GGAGGCGTGA]
11:55:11.731 - INFO - CDS - contig=contig_5, start=34809, stop=36182, strand=-, nt=[ATGGCCAAGG..GGTGCTGTGA]
11:55:11.731 - INFO - CDS - contig=contig_5, start=36194, stop=36445, strand=-, nt=[ATGCTGGAAT..CCAGGGCTGA]
11:55:11.731 - INFO - CDS - contig=contig_5, start=36522, stop=37244, strand=-, nt=[GTGAAAAATT..CGCCGGATAA]
11:55:11.731 - INFO - CDS - contig=contig_5, start=37398, stop=37856, strand=+, nt=[TTGTATCCCG..CAAAGCGTAA]
11:55:11.731 - INFO - CDS - contig=contig_5, start=37860, stop=38078, strand=+, nt=[ATGTTTGTCT..ATATCAATAA]
11:55:11.731 - INFO - CDS - contig=contig_5, start=38450, stop=39688, strand=-, nt=[ATGAGTAATG..ACTAGCATAA]
11:55:11.731 - INFO - CDS - contig=contig_5, start=39685, stop=41442, strand=-, nt=[ATGGCTTTAA..TTTACAATGA]
11:55:11.731 - INFO - CDS - contig=contig_5, start=41433, stop=43181, strand=-, nt=[GTGACCGGTT..ATGGCTTTAA]
11:55:11.731 - INFO - CDS - contig=contig_5, start=43871, stop=44050, strand=-, nt=[ATGATTGAGC..CAAGGTGTAA]
11:55:11.731 - INFO - CDS - contig=contig_5, start=44667, stop=46277, strand=+, nt=[ATGCCCTTTA..GCCGTATTAA]
11:55:11.731 - INFO - CDS - contig=contig_5, start=46328, stop=46714, strand=+, nt=[ATGATCGGAA..CGACAAGTAA]
11:55:11.732 - INFO - CDS - contig=contig_5, start=46684, stop=46941, strand=-, nt=[ATGGTGCGCC..GACGAAATAG]
11:55:11.732 - INFO - CDS - contig=contig_5, start=47035, stop=47427, strand=+, nt=[TTGTACCAGA..GCTCACATAA]
11:55:11.732 - INFO - CDS - contig=contig_5, start=47440, stop=48657, strand=+, nt=[ATGGCACCGA..AGGGTTTTAA]
11:55:11.732 - INFO - CDS - contig=contig_5, start=48661, stop=49254, strand=+, nt=[ATGGCGCTCG..CTCCCGGTGA]
11:55:11.732 - INFO - CDS - contig=contig_5, start=49318, stop=50550, strand=-, nt=[ATGGGACTCA..CGCCCTGTAA]
11:55:11.732 - INFO - CDS - contig=contig_5, start=50608, stop=51825, strand=-, nt=[ATGGCAAAGG..GACCGACTGA]
11:55:11.732 - INFO - CDS - contig=contig_5, start=51865, stop=52305, strand=-, nt=[ATGGGAAAAC..GGCTGGCTGA]
11:55:11.732 - INFO - CDS - contig=contig_5, start=52508, stop=55189, strand=-, nt=[GTGGCTGAAC..CGGGGCCTGA]
11:55:11.732 - INFO - CDS - contig=contig_5, start=55424, stop=55732, strand=+, nt=[ATGAGCGAGG..CGAGGAGTAA]
11:55:11.732 - INFO - CDS - contig=contig_5, start=56127, stop=57890, strand=+, nt=[ATGAGCGCAT..GGCGGCGTAA]
11:55:11.732 - INFO - CDS - contig=contig_5, start=57958, stop=58680, strand=+, nt=[ATGGGAGACG..ACACGGATAA]
11:55:11.732 - INFO - CDS - contig=contig_5, start=58725, stop=59093, strand=+, nt=[GTGTCAATAG..TTTCTCCTGA]
11:55:11.732 - INFO - CDS - contig=contig_5, start=59093, stop=59497, strand=+, nt=[ATGGCGGCCT..TCCAAAATGA]
11:55:11.732 - INFO - CDS - contig=contig_5, start=59451, stop=59873, strand=-, nt=[ATGCGGATCA..TCCGGACTGA]
11:55:11.732 - INFO - CDS - contig=contig_5, start=59875, stop=60195, strand=-, nt=[ATGGCACTGA..CAATCTGTAA]
11:55:11.732 - INFO - CDS - contig=contig_5, start=60225, stop=61082, strand=-, nt=[ATGAGTTACG..ACAAAAATAA]
11:55:11.732 - INFO - CDS - contig=contig_5, start=61079, stop=61363, strand=-, nt=[GTGGAGGAGG..AGAAAAATGA]
11:55:11.732 - INFO - CDS - contig=contig_5, start=61519, stop=62373, strand=+, nt=[ATGGGAGAAC..CATTCTGTGA]
11:55:11.732 - INFO - CDS - contig=contig_5, start=62590, stop=63483, strand=+, nt=[GTGAACTGGT..ACAGGAATAA]
11:55:11.732 - INFO - CDS - contig=contig_5, start=63534, stop=64865, strand=-, nt=[ATGTCCGACG..CGGTATCTGA]
11:55:11.732 - INFO - CDS - contig=contig_5, start=64995, stop=66473, strand=-, nt=[ATGGAAGAAA..CATACTGTGA]
11:55:11.732 - INFO - CDS - contig=contig_5, start=66487, stop=68010, strand=-, nt=[ATGGAATTAG..GAAACGGTAA]
11:55:11.732 - INFO - CDS - contig=contig_5, start=68211, stop=68381, strand=-, nt=[TTGCTGTCGG..GCGGCGTTGA]
11:55:11.732 - INFO - CDS - contig=contig_5, start=68453, stop=69100, strand=-, nt=[ATGGGAGCGG..CACAAACTGA]
11:55:11.732 - INFO - CDS - contig=contig_5, start=69085, stop=69963, strand=-, nt=[ATGGAGGGAA..GCGGAAATGA]
11:55:11.732 - INFO - CDS - contig=contig_5, start=69963, stop=71990, strand=-, nt=[ATGGATCAGT..TTCCGCGTGA]
11:55:11.732 - INFO - CDS - contig=contig_5, start=72005, stop=72739, strand=-, nt=[ATGATACGAG..AATTGCGTAA]
11:55:11.732 - INFO - CDS - contig=contig_5, start=72736, stop=73764, strand=-, nt=[GTGATCGATC..AGCGGAATGA]
11:55:11.732 - INFO - CDS - contig=contig_5, start=73781, stop=75097, strand=-, nt=[ATGGCCCCGT..CAGGGCGTAG]
11:55:11.732 - INFO - CDS - contig=contig_5, start=75097, stop=76020, strand=-, nt=[ATGCGGATCC..CGTCCTCTGA]
11:55:11.732 - INFO - CDS - contig=contig_5, start=76026, stop=76535, strand=-, nt=[ATGGCCATTC..GGACCGGTGA]
11:55:11.732 - INFO - CDS - contig=contig_5, start=76549, stop=79023, strand=-, nt=[ATGTCGGTTC..CATGAATTGA]
11:55:11.732 - INFO - CDS - contig=contig_5, start=79090, stop=79290, strand=-, nt=[ATGATGCTCG..AGAGACCTAA]
11:55:11.732 - INFO - CDS - contig=contig_5, start=79296, stop=79904, strand=-, nt=[GTGATACGAA..AGGAGTTTGA]
11:55:11.732 - INFO - CDS - contig=contig_5, start=79901, stop=80170, strand=-, nt=[ATGAAACTGA..GGCCACGTGA]
11:55:11.732 - INFO - CDS - contig=contig_5, start=80192, stop=81070, strand=-, nt=[GTGGTCAAGA..TCTGGAATGA]
11:55:11.732 - INFO - CDS - contig=contig_5, start=81165, stop=81758, strand=-, nt=[ATGAACGATC..CTGCTGCTGA]
11:55:11.732 - INFO - CDS - contig=contig_5, start=81755, stop=82630, strand=-, nt=[GTGTTCGGCT..CGGCCCATGA]
11:55:11.732 - INFO - CDS - contig=contig_5, start=82633, stop=83058, strand=-, nt=[ATGAAGCAAA..CGAGGATTGA]
11:55:11.732 - INFO - CDS - contig=contig_5, start=83073, stop=84308, strand=-, nt=[ATGGAGACAA..CAGCAGATAA]
11:55:11.732 - INFO - CDS - contig=contig_5, start=84286, stop=85176, strand=-, nt=[ATGGATCAGG..AAAAGGATAA]
11:55:11.732 - INFO - CDS - contig=contig_5, start=85429, stop=85734, strand=-, nt=[GTGAAGCTGG..ATTGAATTGA]
11:55:11.732 - INFO - CDS - contig=contig_5, start=85792, stop=86889, strand=-, nt=[ATGGGAAAGC..GATCTACTAA]
11:55:11.732 - INFO - CDS - contig=contig_5, start=86889, stop=91424, strand=-, nt=[ATGGCAGAGA..CGTCCGGTAA]
11:55:11.732 - INFO - CDS - contig=contig_5, start=91482, stop=92699, strand=-, nt=[ATGGCCCATA..CGTCCTGTAA]
11:55:11.732 - INFO - CDS - contig=contig_5, start=92713, stop=93516, strand=-, nt=[ATGAAATTCA..CGAGAAATAA]
11:55:11.732 - INFO - CDS - contig=contig_5, start=93657, stop=94199, strand=-, nt=[ATGGAAAAGG..GACTCTGTGA]
11:55:11.733 - INFO - CDS - contig=contig_5, start=94282, stop=95613, strand=-, nt=[ATGGCTTACA..CAACTATTGA]
11:55:11.733 - INFO - CDS - contig=contig_5, start=95963, stop=96520, strand=+, nt=[ATGAGTGAGC..AAGGGGCTGA]
11:55:11.733 - INFO - CDS - contig=contig_5, start=96552, stop=96920, strand=+, nt=[ATGAACTGGA..CTTATTTTGA]
11:55:11.733 - INFO - CDS - contig=contig_5, start=96939, stop=97823, strand=+, nt=[ATGACAAAAA..GAACGCATGA]
11:55:11.733 - INFO - CDS - contig=contig_5, start=97918, stop=99870, strand=+, nt=[ATGACAGATC..GGGCGAATAA]
11:55:11.733 - INFO - CDS - contig=contig_5, start=100311, stop=101000, strand=+, nt=[ATGCAGAAGA..AGAGAAGTAG]
11:55:11.733 - INFO - CDS - contig=contig_5, start=100984, stop=102204, strand=-, nt=[ATGAAAGCCG..TCTTTTTTGA]
11:55:11.733 - INFO - CDS - contig=contig_5, start=102391, stop=103590, strand=+, nt=[ATGAAAATCC..CAGCCTGTAA]
11:55:11.733 - INFO - CDS - contig=contig_5, start=103920, stop=105266, strand=-, nt=[ATGGCATTGA..CGTGATGTAA]
11:55:11.733 - INFO - CDS - contig=contig_5, start=105465, stop=106823, strand=-, nt=[ATGGGAGCTA..GCACAAGTGA]
11:55:11.733 - INFO - CDS - contig=contig_5, start=107061, stop=108659, strand=+, nt=[TTGATCAAAA..TGCCGTATAA]
11:55:11.733 - INFO - CDS - contig=contig_5, start=108790, stop=109923, strand=+, nt=[ATGGGCAGAA..CCTCAAATAG]
11:55:11.733 - INFO - CDS - contig=contig_5, start=109970, stop=110344, strand=-, nt=[ATGAAGTTCT..AGAGATTTGA]
11:55:11.733 - INFO - CDS - contig=contig_5, start=110370, stop=111740, strand=-, nt=[ATGGCAAGTA..CCGGTCTTAA]
11:55:11.733 - INFO - CDS - contig=contig_5, start=111964, stop=112758, strand=-, nt=[ATGCTTGAGA..GCTGTCGTAG]
11:55:11.733 - INFO - CDS - contig=contig_5, start=112751, stop=113695, strand=-, nt=[ATGGACTTTC..TCATGCTTGA]
11:55:11.733 - INFO - CDS - contig=contig_5, start=113792, stop=114793, strand=-, nt=[ATGGAAAAGA..GGCCAAGTAA]
11:55:11.733 - INFO - CDS - contig=contig_5, start=114959, stop=115648, strand=+, nt=[ATGAAAACCA..ACTGGGTTGA]
11:55:11.733 - INFO - CDS - contig=contig_5, start=115734, stop=116462, strand=+, nt=[TTGAAAACAG..ACGGGCATGA]
11:55:11.733 - INFO - CDS - contig=contig_5, start=116459, stop=117148, strand=+, nt=[ATGAAAGGAA..AACACATTAA]
11:55:11.733 - INFO - CDS - contig=contig_5, start=117163, stop=117708, strand=+, nt=[ATGGTTTGTA..CCACGGCTGA]
11:55:11.733 - INFO - CDS - contig=contig_5, start=118064, stop=119209, strand=+, nt=[ATGTCTCAGG..CAATGGATAA]
11:55:11.733 - INFO - CDS - contig=contig_5, start=119202, stop=120416, strand=+, nt=[ATGGATAAGA..GCAAGCTTGA]
11:55:11.733 - INFO - CDS - contig=contig_5, start=120413, stop=121528, strand=+, nt=[TTGAAGCGCC..CAACCCTTGA]
11:55:11.733 - INFO - CDS - contig=contig_5, start=121823, stop=124501, strand=+, nt=[ATGGAACCCA..GGGCCTGTAA]
11:55:11.733 - INFO - CDS - contig=contig_5, start=124515, stop=124844, strand=+, nt=[ATGATCCTGG..GGAGCAGTGA]
11:55:11.733 - INFO - CDS - contig=contig_5, start=124867, stop=125205, strand=+, nt=[ATGAGCGATT..TCCGGGCTGA]
11:55:11.733 - INFO - CDS - contig=contig_5, start=125213, stop=127225, strand=+, nt=[ATGACCCAAC..CGTGCCCTGA]
11:55:11.733 - INFO - CDS - contig=contig_5, start=127514, stop=127738, strand=-, nt=[ATGGAGCAAA..GATGATCTGA]
11:55:11.733 - INFO - CDS - contig=contig_5, start=127832, stop=128071, strand=-, nt=[ATGAAACGAA..TCTCAACTGA]
11:55:11.733 - INFO - CDS - contig=contig_5, start=128298, stop=130058, strand=-, nt=[ATGGTAACGA..AGAGAAGTAA]
11:55:11.733 - INFO - CDS - contig=contig_5, start=130052, stop=131890, strand=-, nt=[ATGAGTCGGT..GAAATGGTAA]
11:55:11.733 - INFO - CDS - contig=contig_5, start=132153, stop=133163, strand=-, nt=[ATGAATATCC..CCTGGGCTGA]
11:55:11.733 - INFO - CDS - contig=contig_5, start=133160, stop=133747, strand=-, nt=[ATGTCTGACA..GGAGGAATGA]
11:55:11.733 - INFO - CDS - contig=contig_5, start=133740, stop=134207, strand=-, nt=[ATGAAAAATT..AAATGTCTGA]
11:55:11.733 - INFO - CDS - contig=contig_5, start=134204, stop=136936, strand=-, nt=[ATGAAGCTCA..GAAGGAATGA]
11:55:11.733 - INFO - CDS - contig=contig_5, start=137027, stop=138385, strand=-, nt=[GTGGCGCAAA..CGGCACGTGA]
11:55:11.733 - INFO - CDS - contig=contig_5, start=138478, stop=139650, strand=+, nt=[ATGTCTTTTC..TCTCGAATAA]
11:55:11.733 - INFO - CDS - contig=contig_5, start=139717, stop=140478, strand=-, nt=[ATGGAATACA..CGGACGCTAG]
11:55:11.733 - INFO - CDS - contig=contig_5, start=140608, stop=140964, strand=-, nt=[ATGGCTAGAG..CCGGGCCTGA]
11:55:11.733 - INFO - CDS - contig=contig_5, start=141003, stop=141206, strand=-, nt=[ATGCCTAAAC..TTACAAATAA]
11:55:11.733 - INFO - CDS - contig=contig_5, start=141240, stop=141722, strand=-, nt=[GTGCGCCTGG..CAAAAAGTAA]
11:55:11.733 - INFO - CDS - contig=contig_5, start=142063, stop=142302, strand=+, nt=[ATGAAAATTA..TGTGCGGTGA]
11:55:11.733 - INFO - CDS - contig=contig_5, start=142692, stop=143687, strand=+, nt=[ATGGCTGACC..TCTTTTGTGA]
11:55:11.733 - INFO - CDS - contig=contig_5, start=143906, stop=144019, strand=+, nt=[ATGTATGAAT..CAAGCGCTAA]
11:55:11.733 - INFO - CDS - contig=contig_5, start=144089, stop=144355, strand=-, nt=[ATGAAATTTA..GGGGGAATAA]
11:55:11.733 - INFO - CDS - contig=contig_5, start=144470, stop=146953, strand=+, nt=[ATGGTTTTGG..ACGCCTTTGA]
11:55:11.733 - INFO - CDS - contig=contig_5, start=147672, stop=147881, strand=+, nt=[GTGCAAGTGT..CGACAAATGA]
11:55:11.733 - INFO - CDS - contig=contig_5, start=147878, stop=148081, strand=+, nt=[ATGAAAGAAC..GCTGAAATGA]
11:55:11.733 - INFO - CDS - contig=contig_5, start=148078, stop=148227, strand=+, nt=[ATGAATGATA..GTGTAAATAA]
11:55:11.733 - INFO - CDS - contig=contig_5, start=148227, stop=148436, strand=+, nt=[ATGGCCGCTT..CCGTGGCTAA]
11:55:11.734 - INFO - CDS - contig=contig_5, start=148483, stop=148656, strand=+, nt=[ATGACTGAAC..CCGGGGCTGA]
11:55:11.734 - INFO - CDS - contig=contig_5, start=148720, stop=149412, strand=+, nt=[ATGGGATGCG..TGGAAAATGA]
11:55:11.734 - INFO - CDS - predicted=2525
11:55:12.148 - INFO - ORF - discarded=0
11:56:15.560 - INFO - UPS - looked-up=200
11:56:17.592 - INFO - IPS - looked-up=200
11:56:17.593 - INFO - ORF - write internal aa seqs: # seqs=2325, path=/tmp/slurm-639422/tmpfnctm3tp/cds.psc.faa
12:06:15.854 - INFO - PSC - found: PSC=246, PSCC=1808
12:06:30.203 - INFO - PSC - looked-up=2254
12:06:42.403 - INFO - PSCC - looked-up=2175
12:06:42.404 - INFO - ORF - write internal aa seqs: # seqs=2525, path=/tmp/slurm-639422/tmpfnctm3tp/cds.expert.faa
12:06:50.136 - INFO - EXPERT-AMRFINDER - found=2
12:06:52.415 - INFO - EXPERT_AA_SEQ - found=0
12:06:52.416 - INFO - ANNOTATION - marked as hypothetical: contig=contig_1, start=1040, stop=1213, strand=-
12:06:52.416 - INFO - ANNOTATION - marked as hypothetical: contig=contig_1, start=1260, stop=1469, strand=-
12:06:52.416 - INFO - ANNOTATION - marked as hypothetical: contig=contig_1, start=1469, stop=1618, strand=-
12:06:52.416 - INFO - ANNOTATION - marked as hypothetical: contig=contig_1, start=1615, stop=1818, strand=-
12:06:52.416 - INFO - ANNOTATION - marked as hypothetical: contig=contig_1, start=1815, stop=2024, strand=-
12:06:52.416 - INFO - ANNOTATION - marked as hypothetical: contig=contig_1, start=2743, stop=5226, strand=-
12:06:52.416 - INFO - ANNOTATION - marked as hypothetical: contig=contig_1, start=5341, stop=5607, strand=+
12:06:52.416 - INFO - ANNOTATION - marked as hypothetical: contig=contig_1, start=5677, stop=5790, strand=-
12:06:52.416 - INFO - ANNOTATION - marked as hypothetical: contig=contig_1, start=7361, stop=8017, strand=+
12:06:52.416 - INFO - ANNOTATION - marked as hypothetical: contig=contig_1, start=11461, stop=11574, strand=-
12:06:52.416 - INFO - ANNOTATION - fix gene: extract symbol from protein name. symbol=ftsK
12:06:52.416 - INFO - ANNOTATION - marked as hypothetical: contig=contig_1, start=15113, stop=16201, strand=-
12:06:52.416 - INFO - ANNOTATION - marked as hypothetical: contig=contig_1, start=16455, stop=16673, strand=-
12:06:52.416 - INFO - ANNOTATION - marked as hypothetical: contig=contig_1, start=16852, stop=16977, strand=-
12:06:52.416 - INFO - ANNOTATION - marked as hypothetical: contig=contig_1, start=30498, stop=30737, strand=-
12:06:52.416 - INFO - ANNOTATION - fix gene: extract symbol from protein name. symbol=yccM
12:06:52.416 - INFO - ANNOTATION - marked as hypothetical: contig=contig_1, start=33326, stop=33868, strand=-
12:06:52.416 - INFO - ANNOTATION - fix gene: extract symbol from protein name. symbol=folD
12:06:52.416 - INFO - ANNOTATION - fix gene: extract symbol from protein name. symbol=nrdR
12:06:52.417 - INFO - ANNOTATION - fix product: revise DUF. new=DUF4363 domain-containing protein, old=DUF4363 family protein
12:06:52.417 - INFO - ANNOTATION - fix gene: lowercase first char. new=hipB, old=HipB
12:06:52.417 - INFO - ANNOTATION - fix gene: lowercase first char. new=hipB, old=HipB
12:06:52.417 - INFO - ANNOTATION - fix gene: extract symbol from protein name. symbol=xerC
12:06:52.417 - INFO - ANNOTATION - fix gene: lowercase first char. new=xerC, old=XerC
12:06:52.417 - INFO - ANNOTATION - fix gene: lowercase first char. new=xerC, old=XerC
12:06:52.417 - INFO - ANNOTATION - fix gene: lowercase first char. new=repA, old=RepA
12:06:52.417 - INFO - ANNOTATION - fix gene: lowercase first char. new=repA, old=RepA
12:06:52.417 - INFO - ANNOTATION - fix product: replace Homolog. new=Stage 0 sporulation  A-like protein, old=Stage 0 sporulation protein A homolog
12:06:52.417 - INFO - ANNOTATION - fix product: revise whitespaces. new=Stage 0 sporulation A-like protein, old=Stage 0 sporulation  A-like protein
12:06:52.417 - INFO - ANNOTATION - marked as hypothetical: contig=contig_1, start=67673, stop=67915, strand=+
12:06:52.417 - INFO - ANNOTATION - fix gene: extract symbol from protein name. symbol=csoR
12:06:52.417 - INFO - ANNOTATION - marked as hypothetical: contig=contig_2, start=402, stop=806, strand=-
12:06:52.418 - INFO - ANNOTATION - marked as hypothetical: contig=contig_2, start=811, stop=1044, strand=-
12:06:52.418 - INFO - ANNOTATION - marked as hypothetical: contig=contig_2, start=1203, stop=1301, strand=-
12:06:52.418 - INFO - ANNOTATION - marked as hypothetical: contig=contig_2, start=1446, stop=1649, strand=-
12:06:52.418 - INFO - ANNOTATION - marked as hypothetical: contig=contig_2, start=1646, stop=1855, strand=-
12:06:52.418 - INFO - ANNOTATION - marked as hypothetical: contig=contig_2, start=2574, stop=5012, strand=-
12:06:52.418 - INFO - ANNOTATION - marked as hypothetical: contig=contig_2, start=5127, stop=5354, strand=+
12:06:52.418 - INFO - ANNOTATION - marked as hypothetical: contig=contig_2, start=5617, stop=5811, strand=+
12:06:52.418 - INFO - ANNOTATION - fix gene: extract symbol from protein name. symbol=secA
12:06:52.418 - INFO - ANNOTATION - marked as hypothetical: contig=contig_2, start=14454, stop=14654, strand=+
12:06:52.418 - INFO - ANNOTATION - marked as hypothetical: contig=contig_2, start=14611, stop=14817, strand=+
12:06:52.418 - INFO - ANNOTATION - marked as hypothetical: contig=contig_2, start=15291, stop=15530, strand=+
12:06:52.418 - INFO - ANNOTATION - marked as hypothetical: contig=contig_2, start=17308, stop=17895, strand=+
12:06:52.418 - INFO - ANNOTATION - marked as hypothetical: contig=contig_2, start=23904, stop=24470, strand=+
12:06:52.418 - INFO - ANNOTATION - marked as hypothetical: contig=contig_2, start=24541, stop=25212, strand=+
12:06:52.418 - INFO - ANNOTATION - marked as hypothetical: contig=contig_2, start=25369, stop=26034, strand=+
12:06:52.418 - INFO - ANNOTATION - marked as hypothetical: contig=contig_2, start=26052, stop=29627, strand=+
12:06:52.418 - INFO - ANNOTATION - marked as hypothetical: contig=contig_2, start=29645, stop=30217, strand=+
12:06:52.418 - INFO - ANNOTATION - marked as hypothetical: contig=contig_2, start=30231, stop=31181, strand=+
12:06:52.418 - INFO - ANNOTATION - marked as hypothetical: contig=contig_2, start=31275, stop=31829, strand=+
12:06:52.418 - INFO - ANNOTATION - marked as hypothetical: contig=contig_2, start=33584, stop=34084, strand=+
12:06:52.418 - INFO - ANNOTATION - marked as hypothetical: contig=contig_2, start=51979, stop=52755, strand=-
12:06:52.418 - INFO - ANNOTATION - fix gene: extract symbol from protein name. symbol=kdgT
12:06:52.419 - INFO - ANNOTATION - marked as hypothetical: contig=contig_2, start=54091, stop=54378, strand=+
12:06:52.419 - INFO - ANNOTATION - marked as hypothetical: contig=contig_2, start=55576, stop=56448, strand=+
12:06:52.419 - INFO - ANNOTATION - fix gene: extract symbol from protein name. symbol=kdgR
12:06:52.419 - INFO - ANNOTATION - fix gene: extract symbol from protein name. symbol=ygbN
12:06:52.419 - INFO - ANNOTATION - marked as hypothetical: contig=contig_2, start=67373, stop=67927, strand=+
12:06:52.419 - INFO - ANNOTATION - marked as hypothetical: contig=contig_2, start=67924, stop=68322, strand=+
12:06:52.419 - INFO - ANNOTATION - fix gene: extract symbol from protein name. symbol=birA
12:06:52.419 - INFO - ANNOTATION - fix gene: extract symbol from protein name. symbol=yabP
12:06:52.419 - INFO - ANNOTATION - fix gene: extract symbol from protein name. symbol=mtaB
12:06:52.419 - INFO - ANNOTATION - fix gene: extract symbol from protein name. symbol=pilT
12:06:52.419 - INFO - ANNOTATION - fix gene: extract symbol from protein name. symbol=htpG
12:06:52.420 - INFO - ANNOTATION - marked as hypothetical: contig=contig_2, start=98326, stop=99762, strand=+
12:06:52.420 - INFO - ANNOTATION - marked as hypothetical: contig=contig_2, start=99759, stop=100682, strand=+
12:06:52.420 - INFO - ANNOTATION - marked as hypothetical: contig=contig_2, start=102208, stop=104709, strand=+
12:06:52.420 - INFO - ANNOTATION - fix product: replace putative synonyms. new=putative membrane transporter protein, old=Probable membrane transporter protein
12:06:52.420 - INFO - ANNOTATION - marked as hypothetical: contig=contig_2, start=109075, stop=109164, strand=-
12:06:52.420 - INFO - ANNOTATION - fix gene: extract symbol from protein name. symbol=secG
12:06:52.420 - INFO - ANNOTATION - fix product: replace Homolog. new=S-layer-like y domain-containing protein, old=S-layer homology domain-containing protein
12:06:52.420 - INFO - ANNOTATION - fix gene: extract symbol from protein name. symbol=copG
12:06:52.420 - INFO - ANNOTATION - fix gene: extract symbol from protein name. symbol=xerD
12:06:52.420 - INFO - ANNOTATION - marked as hypothetical: contig=contig_2, start=137505, stop=138131, strand=-
12:06:52.420 - INFO - ANNOTATION - fix gene: extract symbol from protein name. symbol=ugpC
12:06:52.420 - INFO - ANNOTATION - marked as hypothetical: contig=contig_2, start=145840, stop=146145, strand=+
12:06:52.420 - INFO - ANNOTATION - marked as hypothetical: contig=contig_2, start=146592, stop=146759, strand=+
12:06:52.421 - INFO - ANNOTATION - fix gene: extract symbol from protein name. symbol=rnfA
12:06:52.421 - INFO - ANNOTATION - fix gene: extract symbol from protein name. symbol=degV
12:06:52.421 - INFO - ANNOTATION - marked as hypothetical: contig=contig_2, start=157052, stop=157804, strand=-
12:06:52.421 - INFO - ANNOTATION - fix gene: extract symbol from protein name. symbol=rimM
12:06:52.421 - INFO - ANNOTATION - fix gene: extract symbol from protein name. symbol=khpA
12:06:52.421 - INFO - ANNOTATION - marked as hypothetical: contig=contig_2, start=160780, stop=161871, strand=-
12:06:52.421 - INFO - ANNOTATION - fix product: replace Homolog. new=S-layer-like y domain-containing protein, old=S-layer homology domain-containing protein
12:06:52.421 - INFO - ANNOTATION - fix gene: extract symbol from protein name. symbol=macB
12:06:52.421 - INFO - ANNOTATION - fix product: replace putative synonyms. new=putative ABC transporter, ATP binding protein, old=Possible ABC transporter, ATP binding protein
12:06:52.421 - INFO - ANNOTATION - fix gene: extract symbol from protein name. symbol=macA
12:06:52.421 - INFO - ANNOTATION - marked as hypothetical: contig=contig_2, start=170093, stop=170638, strand=-
12:06:52.421 - INFO - ANNOTATION - marked as hypothetical: contig=contig_2, start=170672, stop=170869, strand=-
12:06:52.421 - INFO - ANNOTATION - fix product: revise DUF. new=DUF401 domain-containing protein, old=DUF401 family protein
12:06:52.421 - INFO - ANNOTATION - fix gene: extract symbol from protein name. symbol=ftsH
12:06:52.421 - INFO - ANNOTATION - fix gene: extract symbol from protein name. symbol=rlmB
12:06:52.421 - INFO - ANNOTATION - marked as hypothetical: contig=contig_2, start=175529, stop=177748, strand=+
12:06:52.421 - INFO - ANNOTATION - marked as hypothetical: contig=contig_2, start=178299, stop=178544, strand=+
12:06:52.422 - INFO - ANNOTATION - fix gene: extract symbol from protein name. symbol=corB
12:06:52.422 - INFO - ANNOTATION - fix gene: extract symbol from protein name. symbol=epsH
12:06:52.422 - INFO - ANNOTATION - marked as hypothetical: contig=contig_2, start=192783, stop=193991, strand=+
12:06:52.422 - INFO - ANNOTATION - marked as hypothetical: contig=contig_2, start=203595, stop=203879, strand=-
12:06:52.422 - INFO - ANNOTATION - fix gene: extract symbol from protein name. symbol=nrnA
12:06:52.422 - INFO - ANNOTATION - fix gene: extract symbol from protein name. symbol=ylxR
12:06:52.422 - INFO - ANNOTATION - fix gene: extract symbol from protein name. symbol=nusA
12:06:52.422 - INFO - ANNOTATION - fix gene: extract symbol from protein name. symbol=rimP
12:06:52.423 - INFO - ANNOTATION - marked as hypothetical: contig=contig_2, start=222732, stop=223523, strand=-
12:06:52.423 - INFO - ANNOTATION - fix gene: extract symbol from protein name. symbol=nifU
12:06:52.423 - INFO - ANNOTATION - fix gene: lowercase first char. new=yoaI, old=YoaI
12:06:52.423 - INFO - ANNOTATION - fix gene: lowercase first char. new=yoaI, old=YoaI
12:06:52.423 - INFO - ANNOTATION - fix gene: extract symbol from protein name. symbol=fadR
12:06:52.423 - INFO - ANNOTATION - marked as hypothetical: contig=contig_2, start=238827, stop=239870, strand=+
12:06:52.423 - INFO - ANNOTATION - fix gene: extract symbol from protein name. symbol=dctP
12:06:52.423 - INFO - ANNOTATION - fix gene: extract symbol from protein name. symbol=siaQ
12:06:52.423 - INFO - ANNOTATION - marked as hypothetical: contig=contig_2, start=248305, stop=249264, strand=+
12:06:52.423 - INFO - ANNOTATION - marked as hypothetical: contig=contig_2, start=249961, stop=250638, strand=-
12:06:52.423 - INFO - ANNOTATION - fix product: replace Homolog. new=Stage 0 sporulation  A-like protein, old=Stage 0 sporulation protein A homolog
12:06:52.423 - INFO - ANNOTATION - fix product: revise whitespaces. new=Stage 0 sporulation A-like protein, old=Stage 0 sporulation  A-like protein
12:06:52.423 - INFO - ANNOTATION - fix gene: extract symbol from protein name. symbol=rnfG
12:06:52.424 - INFO - ANNOTATION - marked as hypothetical: contig=contig_2, start=262237, stop=262671, strand=+
12:06:52.424 - INFO - ANNOTATION - marked as hypothetical: contig=contig_2, start=264854, stop=265066, strand=-
12:06:52.424 - INFO - ANNOTATION - fix gene: extract symbol from protein name. symbol=tetR
12:06:52.424 - INFO - ANNOTATION - fix product: revise DUF. new=DUF5699 domain-containing protein, old=Family of unknown function (DUF5699)
12:06:52.424 - INFO - ANNOTATION - fix gene: extract symbol from protein name. symbol=mobC
12:06:52.424 - INFO - ANNOTATION - fix product: revise DUF. new=DUF4315 domain-containing protein, old=DUF4315 family protein
12:06:52.424 - INFO - ANNOTATION - fix gene: extract symbol from protein name. symbol=nlpC
12:06:52.424 - INFO - ANNOTATION - fix gene: extract symbol from protein name. symbol=herA
12:06:52.424 - INFO - ANNOTATION - fix gene: extract symbol from protein name. symbol=prgI
12:06:52.424 - INFO - ANNOTATION - fix gene: extract symbol from protein name. symbol=pcfB
12:06:52.425 - INFO - ANNOTATION - marked as hypothetical: contig=contig_2, start=293811, stop=294023, strand=-
12:06:52.425 - INFO - ANNOTATION - fix gene: lowercase first char. new=xRE, old=XRE
12:06:52.425 - INFO - ANNOTATION - fix gene: lowercase first char. new=xRE, old=XRE
12:06:52.425 - INFO - ANNOTATION - marked as hypothetical: contig=contig_2, start=299886, stop=300089, strand=+
12:06:52.425 - INFO - ANNOTATION - marked as hypothetical: contig=contig_2, start=301404, stop=301724, strand=-
12:06:52.425 - INFO - ANNOTATION - fix product: revise DUF. new=DUF4315 domain-containing protein, old=DUF4315 family protein
12:06:52.425 - INFO - ANNOTATION - fix gene: extract symbol from protein name. symbol=virB4
12:06:52.425 - INFO - ANNOTATION - fix gene: lowercase first char. new=virB4, old=VirB4
12:06:52.425 - INFO - ANNOTATION - fix gene: lowercase first char. new=virB4, old=VirB4
12:06:52.425 - INFO - ANNOTATION - fix gene: extract symbol from protein name. symbol=prgI
12:06:52.425 - INFO - ANNOTATION - marked as hypothetical: contig=contig_2, start=307777, stop=308289, strand=-
12:06:52.425 - INFO - ANNOTATION - fix gene: extract symbol from protein name. symbol=pcfB
12:06:52.425 - INFO - ANNOTATION - fix gene: extract symbol from protein name. symbol=ardA
12:06:52.426 - INFO - ANNOTATION - fix gene: extract symbol from protein name. symbol=mraZ
12:06:52.426 - INFO - ANNOTATION - fix gene: extract symbol from protein name. symbol=ftsL
12:06:52.426 - INFO - ANNOTATION - fix gene: extract symbol from protein name. symbol=ftsI
12:06:52.426 - INFO - ANNOTATION - fix gene: extract symbol from protein name. symbol=ftsW
12:06:52.426 - INFO - ANNOTATION - fix gene: extract symbol from protein name. symbol=ftsZ
12:06:52.426 - INFO - ANNOTATION - fix gene: extract symbol from protein name. symbol=nusG
12:06:52.426 - INFO - ANNOTATION - marked as hypothetical: contig=contig_2, start=334521, stop=335288, strand=+
12:06:52.426 - INFO - ANNOTATION - marked as hypothetical: contig=contig_2, start=338724, stop=339845, strand=-
12:06:52.426 - INFO - ANNOTATION - fix gene: extract symbol from protein name. symbol=ftsH
12:06:52.426 - INFO - ANNOTATION - fix product: replace Homolog. new=Membrane protease subunits, stomatin/prohibitin-like proteins, old=Membrane protease subunits, stomatin/prohibitin homologs
12:06:52.427 - INFO - ANNOTATION - fix gene: extract symbol from protein name. symbol=carD
12:06:52.427 - INFO - ANNOTATION - marked as hypothetical: contig=contig_2, start=367106, stop=368098, strand=+
12:06:52.427 - INFO - ANNOTATION - marked as hypothetical: contig=contig_2, start=368144, stop=368404, strand=+
12:06:52.427 - INFO - ANNOTATION - marked as hypothetical: contig=contig_2, start=368423, stop=368887, strand=+
12:06:52.427 - INFO - ANNOTATION - marked as hypothetical: contig=contig_2, start=368884, stop=369201, strand=+
12:06:52.427 - INFO - ANNOTATION - fix gene: extract symbol from protein name. symbol=pilX
12:06:52.427 - INFO - ANNOTATION - marked as hypothetical: contig=contig_2, start=370688, stop=371098, strand=+
12:06:52.427 - INFO - ANNOTATION - fix product: replace putative synonyms. new=putative 3-hydroxybutyryl-CoA dehydrogenase, old=Probable 3-hydroxybutyryl-CoA dehydrogenase
12:06:52.427 - INFO - ANNOTATION - fix gene: extract symbol from protein name. symbol=marR
12:06:52.427 - INFO - ANNOTATION - fix gene: extract symbol from protein name. symbol=carD
12:06:52.427 - INFO - ANNOTATION - fix gene: extract symbol from protein name. symbol=maoC
12:06:52.427 - INFO - ANNOTATION - fix gene: extract symbol from protein name. symbol=ydiF
12:06:52.427 - INFO - ANNOTATION - fix gene: extract symbol from protein name. symbol=marR
12:06:52.427 - INFO - ANNOTATION - marked as hypothetical: contig=contig_2, start=390038, stop=390160, strand=-
12:06:52.427 - INFO - ANNOTATION - marked as hypothetical: contig=contig_2, start=390157, stop=390549, strand=-
12:06:52.427 - INFO - ANNOTATION - marked as hypothetical: contig=contig_2, start=390521, stop=390856, strand=-
12:06:52.427 - INFO - ANNOTATION - marked as hypothetical: contig=contig_2, start=390981, stop=391502, strand=-
12:06:52.427 - INFO - ANNOTATION - marked as hypothetical: contig=contig_2, start=394610, stop=395194, strand=-
12:06:52.427 - INFO - ANNOTATION - marked as hypothetical: contig=contig_2, start=395433, stop=396335, strand=+
12:06:52.427 - INFO - ANNOTATION - marked as hypothetical: contig=contig_2, start=396409, stop=397146, strand=-
12:06:52.427 - INFO - ANNOTATION - marked as hypothetical: contig=contig_2, start=397629, stop=398090, strand=-
12:06:52.428 - INFO - ANNOTATION - marked as hypothetical: contig=contig_2, start=398131, stop=398442, strand=+
12:06:52.428 - INFO - ANNOTATION - fix gene: extract symbol from protein name. symbol=mnmA
12:06:52.428 - INFO - ANNOTATION - fix gene: extract symbol from protein name. symbol=iscS
12:06:52.428 - INFO - ANNOTATION - marked as hypothetical: contig=contig_2, start=413445, stop=414368, strand=-
12:06:52.428 - INFO - ANNOTATION - fix gene: extract symbol from protein name. symbol=yqjI
12:06:52.428 - INFO - ANNOTATION - marked as hypothetical: contig=contig_2, start=430567, stop=431310, strand=+
12:06:52.428 - INFO - ANNOTATION - marked as hypothetical: contig=contig_2, start=431310, stop=431960, strand=+
12:06:52.428 - INFO - ANNOTATION - marked as hypothetical: contig=contig_2, start=432017, stop=432739, strand=+
12:06:52.428 - INFO - ANNOTATION - marked as hypothetical: contig=contig_2, start=432736, stop=433404, strand=+
12:06:52.428 - INFO - ANNOTATION - fix gene: extract symbol from protein name. symbol=hflX
12:06:52.428 - INFO - ANNOTATION - fix gene: extract symbol from protein name. symbol=sigA
12:06:52.428 - INFO - ANNOTATION - marked as hypothetical: contig=contig_2, start=443717, stop=444268, strand=+
12:06:52.428 - INFO - ANNOTATION - marked as hypothetical: contig=contig_2, start=444470, stop=444874, strand=+
12:06:52.428 - INFO - ANNOTATION - marked as hypothetical: contig=contig_2, start=445015, stop=445131, strand=+
12:06:52.429 - INFO - ANNOTATION - marked as hypothetical: contig=contig_2, start=449540, stop=449800, strand=+
12:06:52.429 - INFO - ANNOTATION - marked as hypothetical: contig=contig_2, start=449784, stop=450485, strand=+
12:06:52.429 - INFO - ANNOTATION - fix gene: extract symbol from protein name. symbol=purH
12:06:52.429 - INFO - ANNOTATION - marked as hypothetical: contig=contig_2, start=456841, stop=457527, strand=-
12:06:52.429 - INFO - ANNOTATION - marked as hypothetical: contig=contig_2, start=461868, stop=462467, strand=-
12:06:52.429 - INFO - ANNOTATION - fix product: replace Homolog. new=NodB-like y domain-containing protein, old=NodB homology domain-containing protein
12:06:52.429 - INFO - ANNOTATION - marked as hypothetical: contig=contig_2, start=464692, stop=465477, strand=+
12:06:52.429 - INFO - ANNOTATION - fix product: revise DUF. new=DUF1273 domain-containing protein, old=DUF1273 family protein
12:06:52.429 - INFO - ANNOTATION - marked as hypothetical: contig=contig_2, start=467647, stop=470274, strand=+
12:06:52.429 - INFO - ANNOTATION - fix gene: extract symbol from protein name. symbol=clpC
12:06:52.429 - INFO - ANNOTATION - fix gene: extract symbol from protein name. symbol=cvpA
12:06:52.429 - INFO - ANNOTATION - fix product: revise DUF. new=DUF5711 domain-containing protein, old=DUF5711 family protein
12:06:52.429 - INFO - ANNOTATION - fix gene: extract symbol from protein name. symbol=ecfT
12:06:52.429 - INFO - ANNOTATION - fix gene: extract symbol from protein name. symbol=ecfA2
12:06:52.429 - INFO - ANNOTATION - fix gene: extract symbol from protein name. symbol=ecfA1
12:06:52.429 - INFO - ANNOTATION - marked as hypothetical: contig=contig_2, start=478854, stop=479264, strand=-
12:06:52.429 - INFO - ANNOTATION - fix gene: extract symbol from protein name. symbol=mepA
12:06:52.430 - INFO - ANNOTATION - fix gene: extract symbol from protein name. symbol=mgtE
12:06:52.430 - INFO - ANNOTATION - fix gene: extract symbol from protein name. symbol=yfiR
12:06:52.430 - INFO - ANNOTATION - fix gene: extract symbol from protein name. symbol=nusG
12:06:52.430 - INFO - ANNOTATION - fix gene: extract symbol from protein name. symbol=secE
12:06:52.430 - INFO - ANNOTATION - marked as hypothetical: contig=contig_2, start=493338, stop=494096, strand=+
12:06:52.430 - INFO - ANNOTATION - fix gene: extract symbol from protein name. symbol=mepA
12:06:52.430 - INFO - ANNOTATION - marked as hypothetical: contig=contig_2, start=497677, stop=497883, strand=-
12:06:52.430 - INFO - ANNOTATION - fix gene: extract symbol from protein name. symbol=clpB
12:06:52.430 - INFO - ANNOTATION - marked as hypothetical: contig=contig_2, start=501862, stop=502653, strand=-
12:06:52.430 - INFO - ANNOTATION - marked as hypothetical: contig=contig_2, start=503982, stop=504749, strand=-
12:06:52.430 - INFO - ANNOTATION - marked as hypothetical: contig=contig_2, start=504871, stop=505056, strand=-
12:06:52.430 - INFO - ANNOTATION - marked as hypothetical: contig=contig_2, start=505506, stop=506147, strand=-
12:06:52.430 - INFO - ANNOTATION - marked as hypothetical: contig=contig_2, start=506567, stop=507319, strand=+
12:06:52.430 - INFO - ANNOTATION - fix gene: extract symbol from protein name. symbol=alsT
12:06:52.430 - INFO - ANNOTATION - fix gene: extract symbol from protein name. symbol=csaB
12:06:52.431 - INFO - ANNOTATION - fix product: revise DUF. new=DUF4330 domain-containing protein, old=DUF4330 family protein
12:06:52.431 - INFO - ANNOTATION - fix gene: extract symbol from protein name. symbol=ybjG
12:06:52.431 - INFO - ANNOTATION - marked as hypothetical: contig=contig_2, start=517909, stop=518148, strand=-
12:06:52.431 - INFO - ANNOTATION - fix gene: extract symbol from protein name. symbol=dhaS
12:06:52.431 - INFO - ANNOTATION - marked as hypothetical: contig=contig_2, start=524842, stop=525186, strand=+
12:06:52.431 - INFO - ANNOTATION - fix gene: extract symbol from protein name. symbol=degV
12:06:52.431 - INFO - ANNOTATION - marked as hypothetical: contig=contig_2, start=527048, stop=527929, strand=-
12:06:52.431 - INFO - ANNOTATION - marked as hypothetical: contig=contig_2, start=533648, stop=534418, strand=+
12:06:52.431 - INFO - ANNOTATION - marked as hypothetical: contig=contig_2, start=537712, stop=537858, strand=+
12:06:52.431 - INFO - ANNOTATION - marked as hypothetical: contig=contig_2, start=538807, stop=539136, strand=+
12:06:52.431 - INFO - ANNOTATION - marked as hypothetical: contig=contig_2, start=540685, stop=544287, strand=-
12:06:52.431 - INFO - ANNOTATION - marked as hypothetical: contig=contig_2, start=548384, stop=548956, strand=-
12:06:52.431 - INFO - ANNOTATION - fix product: replace putative synonyms. new=putative transcriptional regulator, old=Predicted transcriptional regulator
12:06:52.431 - INFO - ANNOTATION - marked as hypothetical: contig=contig_2, start=551728, stop=551964, strand=+
12:06:52.431 - INFO - ANNOTATION - marked as hypothetical: contig=contig_2, start=553442, stop=554239, strand=+
12:06:52.432 - INFO - ANNOTATION - fix gene: extract symbol from protein name. symbol=ytlD
12:06:52.432 - INFO - ANNOTATION - fix gene: extract symbol from protein name. symbol=ssuB
12:06:52.432 - INFO - ANNOTATION - marked as hypothetical: contig=contig_2, start=564625, stop=564744, strand=+
12:06:52.432 - INFO - ANNOTATION - marked as hypothetical: contig=contig_2, start=567278, stop=567562, strand=-
12:06:52.432 - INFO - ANNOTATION - fix gene: lowercase first char. new=yotD, old=YotD
12:06:52.432 - INFO - ANNOTATION - fix gene: lowercase first char. new=yotD, old=YotD
12:06:52.432 - INFO - ANNOTATION - marked as hypothetical: contig=contig_2, start=568759, stop=569217, strand=+
12:06:52.432 - INFO - ANNOTATION - fix product: replace Homolog. new=Rqc2-like protein RqcH, old=Rqc2 homolog RqcH
12:06:52.432 - INFO - ANNOTATION - fix gene: extract symbol from protein name. symbol=rqcH
12:06:52.432 - INFO - ANNOTATION - fix product: replace Homolog. new=Stage 0 sporulation  A-like protein, old=Stage 0 sporulation protein A homolog
12:06:52.432 - INFO - ANNOTATION - fix product: revise whitespaces. new=Stage 0 sporulation A-like protein, old=Stage 0 sporulation  A-like protein
12:06:52.432 - INFO - ANNOTATION - marked as hypothetical: contig=contig_2, start=572151, stop=572315, strand=-
12:06:52.432 - INFO - ANNOTATION - fix gene: extract symbol from protein name. symbol=yxlF
12:06:52.432 - INFO - ANNOTATION - marked as hypothetical: contig=contig_2, start=574162, stop=574929, strand=+
12:06:52.432 - INFO - ANNOTATION - fix gene: extract symbol from protein name. symbol=sudB
12:06:52.432 - INFO - ANNOTATION - marked as hypothetical: contig=contig_2, start=579423, stop=579620, strand=-
12:06:52.432 - INFO - ANNOTATION - fix gene: extract symbol from protein name. symbol=mepA
12:06:52.432 - INFO - ANNOTATION - marked as hypothetical: contig=contig_2, start=587262, stop=587831, strand=+
12:06:52.433 - INFO - ANNOTATION - fix gene: extract symbol from protein name. symbol=iscS
12:06:52.433 - INFO - ANNOTATION - fix gene: extract symbol from protein name. symbol=iscU
12:06:52.433 - INFO - ANNOTATION - marked as hypothetical: contig=contig_2, start=594589, stop=595212, strand=+
12:06:52.433 - INFO - ANNOTATION - marked as hypothetical: contig=contig_2, start=596000, stop=596389, strand=-
12:06:52.433 - INFO - ANNOTATION - marked as hypothetical: contig=contig_2, start=596677, stop=597264, strand=-
12:06:52.433 - INFO - ANNOTATION - marked as hypothetical: contig=contig_2, start=599732, stop=600583, strand=-
12:06:52.433 - INFO - ANNOTATION - marked as hypothetical: contig=contig_2, start=601493, stop=601735, strand=-
12:06:52.433 - INFO - ANNOTATION - marked as hypothetical: contig=contig_2, start=602892, stop=603830, strand=-
12:06:52.433 - INFO - ANNOTATION - fix gene: extract symbol from protein name. symbol=tfoX
12:06:52.433 - INFO - ANNOTATION - fix gene: extract symbol from protein name. symbol=yafY
12:06:52.433 - INFO - ANNOTATION - marked as hypothetical: contig=contig_2, start=610695, stop=610907, strand=+
12:06:52.433 - INFO - ANNOTATION - marked as hypothetical: contig=contig_2, start=612702, stop=616439, strand=-
12:06:52.433 - INFO - ANNOTATION - fix gene: extract symbol from protein name. symbol=ltrA
12:06:52.434 - INFO - ANNOTATION - marked as hypothetical: contig=contig_2, start=619376, stop=620569, strand=-
12:06:52.434 - INFO - ANNOTATION - fix gene: extract symbol from protein name. symbol=abgT
12:06:52.434 - INFO - ANNOTATION - marked as hypothetical: contig=contig_2, start=632123, stop=632338, strand=+
12:06:52.434 - INFO - ANNOTATION - marked as hypothetical: contig=contig_2, start=632799, stop=633515, strand=-
12:06:52.434 - INFO - ANNOTATION - marked as hypothetical: contig=contig_2, start=633499, stop=634164, strand=-
12:06:52.434 - INFO - ANNOTATION - marked as hypothetical: contig=contig_2, start=634168, stop=634650, strand=-
12:06:52.434 - INFO - ANNOTATION - fix gene: extract symbol from protein name. symbol=acrR
12:06:52.434 - INFO - ANNOTATION - marked as hypothetical: contig=contig_2, start=640261, stop=640974, strand=-
12:06:52.434 - INFO - ANNOTATION - fix gene: extract symbol from protein name. symbol=zinT
12:06:52.434 - INFO - ANNOTATION - marked as hypothetical: contig=contig_2, start=642579, stop=642890, strand=-
12:06:52.434 - INFO - ANNOTATION - marked as hypothetical: contig=contig_2, start=642912, stop=643316, strand=-
12:06:52.434 - INFO - ANNOTATION - marked as hypothetical: contig=contig_2, start=643384, stop=644130, strand=-
12:06:52.434 - INFO - ANNOTATION - fix gene: lowercase first char. new=xRE, old=XRE
12:06:52.434 - INFO - ANNOTATION - fix gene: lowercase first char. new=xRE, old=XRE
12:06:52.434 - INFO - ANNOTATION - fix gene: extract symbol from protein name. symbol=merR
12:06:52.434 - INFO - ANNOTATION - fix gene: extract symbol from protein name. symbol=insH
12:06:52.434 - INFO - ANNOTATION - fix gene: extract symbol from protein name. symbol=rapA
12:06:52.435 - INFO - ANNOTATION - fix product: revise DUF. new=DUF6076 domain-containing protein, old=Family of unknown function (DUF6076)
12:06:52.435 - INFO - ANNOTATION - marked as hypothetical: contig=contig_2, start=667505, stop=667687, strand=+
12:06:52.435 - INFO - ANNOTATION - marked as hypothetical: contig=contig_2, start=668329, stop=668700, strand=+
12:06:52.435 - INFO - ANNOTATION - fix gene: extract symbol from protein name. symbol=copG
12:06:52.435 - INFO - ANNOTATION - marked as hypothetical: contig=contig_2, start=675188, stop=675376, strand=+
12:06:52.435 - INFO - ANNOTATION - fix gene: extract symbol from protein name. symbol=uvrD
12:06:52.435 - INFO - ANNOTATION - marked as hypothetical: contig=contig_2, start=680721, stop=680879, strand=+
12:06:52.435 - INFO - ANNOTATION - fix product: replace Homolog. new=Sugar fermentation stimulation -like protein, old=Sugar fermentation stimulation protein homolog
12:06:52.435 - INFO - ANNOTATION - marked as hypothetical: contig=contig_2, start=695136, stop=695705, strand=+
12:06:52.436 - INFO - ANNOTATION - fix gene: extract symbol from protein name. symbol=ftsE
12:06:52.436 - INFO - ANNOTATION - fix gene: extract symbol from protein name. symbol=ftsX
12:06:52.436 - INFO - ANNOTATION - marked as hypothetical: contig=contig_2, start=702831, stop=703559, strand=+
12:06:52.436 - INFO - ANNOTATION - fix gene: extract symbol from protein name. symbol=greA
12:06:52.436 - INFO - ANNOTATION - marked as hypothetical: contig=contig_2, start=711677, stop=712696, strand=+
12:06:52.436 - INFO - ANNOTATION - marked as hypothetical: contig=contig_2, start=714510, stop=714773, strand=+
12:06:52.436 - INFO - ANNOTATION - marked as hypothetical: contig=contig_2, start=718626, stop=719108, strand=+
12:06:52.436 - INFO - ANNOTATION - marked as hypothetical: contig=contig_2, start=719343, stop=719663, strand=+
12:06:52.436 - INFO - ANNOTATION - fix gene: extract symbol from protein name. symbol=ligA
12:06:52.436 - INFO - ANNOTATION - marked as hypothetical: contig=contig_2, start=721764, stop=721988, strand=+
12:06:52.436 - INFO - ANNOTATION - fix product: revise DUF. new=DUF4120 domain-containing protein, old=DUF4120 family protein
12:06:52.436 - INFO - ANNOTATION - fix gene: extract symbol from protein name. symbol=msbA
12:06:52.436 - INFO - ANNOTATION - fix gene: extract symbol from protein name. symbol=ttgW
12:06:52.436 - INFO - ANNOTATION - fix gene: extract symbol from protein name. symbol=yvdT
12:06:52.437 - INFO - ANNOTATION - fix gene: extract symbol from protein name. symbol=ecfT
12:06:52.437 - INFO - ANNOTATION - fix gene: extract symbol from protein name. symbol=ccmA
12:06:52.437 - INFO - ANNOTATION - fix gene: extract symbol from protein name. symbol=rhaS
12:06:52.437 - INFO - ANNOTATION - fix gene: extract symbol from protein name. symbol=ecfT
12:06:52.437 - INFO - ANNOTATION - fix gene: extract symbol from protein name. symbol=ccmA
12:06:52.437 - INFO - ANNOTATION - fix gene: extract symbol from protein name. symbol=msbA
12:06:52.437 - INFO - ANNOTATION - fix gene: extract symbol from protein name. symbol=abrB
12:06:52.437 - INFO - ANNOTATION - fix gene: extract symbol from protein name. symbol=ccmA
12:06:52.437 - INFO - ANNOTATION - fix gene: extract symbol from protein name. symbol=yfiR
12:06:52.438 - INFO - ANNOTATION - fix gene: extract symbol from protein name. symbol=msbA
12:06:52.438 - INFO - ANNOTATION - fix gene: extract symbol from protein name. symbol=nikB
12:06:52.438 - INFO - ANNOTATION - fix gene: extract symbol from protein name. symbol=nikC
12:06:52.438 - INFO - ANNOTATION - fix gene: extract symbol from protein name. symbol=gsiA
12:06:52.438 - INFO - ANNOTATION - fix gene: extract symbol from protein name. symbol=vbhA
12:06:52.438 - INFO - ANNOTATION - fix gene: extract symbol from protein name. symbol=cseB
12:06:52.438 - INFO - ANNOTATION - fix gene: extract symbol from protein name. symbol=ccmA
12:06:52.438 - INFO - ANNOTATION - fix gene: extract symbol from protein name. symbol=soxS
12:06:52.438 - INFO - ANNOTATION - marked as hypothetical: contig=contig_2, start=787302, stop=787481, strand=-
12:06:52.438 - INFO - ANNOTATION - marked as hypothetical: contig=contig_2, start=787441, stop=788103, strand=-
12:06:52.438 - INFO - ANNOTATION - fix product: revise DUF. new=DUF6809 domain-containing protein, old=Family of unknown function (DUF6809)
12:06:52.438 - INFO - ANNOTATION - marked as hypothetical: contig=contig_2, start=789125, stop=789598, strand=-
12:06:52.438 - INFO - ANNOTATION - marked as hypothetical: contig=contig_2, start=791503, stop=792348, strand=-
12:06:52.439 - INFO - ANNOTATION - fix gene: extract symbol from protein name. symbol=ftsK
12:06:52.439 - INFO - ANNOTATION - marked as hypothetical: contig=contig_2, start=798159, stop=798506, strand=-
12:06:52.439 - INFO - ANNOTATION - marked as hypothetical: contig=contig_2, start=798863, stop=799009, strand=-
12:06:52.439 - INFO - ANNOTATION - fix gene: extract symbol from protein name. symbol=tadB
12:06:52.439 - INFO - ANNOTATION - fix gene: lowercase first char. new=mrp, old=Mrp
12:06:52.439 - INFO - ANNOTATION - fix gene: lowercase first char. new=mrp, old=Mrp
12:06:52.439 - INFO - ANNOTATION - fix gene: extract symbol from protein name. symbol=cpaB
12:06:52.439 - INFO - ANNOTATION - fix product: revise DUF. new=DUF4320 domain-containing protein, old=DUF4320 family protein
12:06:52.439 - INFO - ANNOTATION - fix gene: extract symbol from protein name. symbol=virD4
12:06:52.439 - INFO - ANNOTATION - fix gene: lowercase first char. new=virD4, old=VirD4
12:06:52.439 - INFO - ANNOTATION - fix gene: lowercase first char. new=virD4, old=VirD4
12:06:52.439 - INFO - ANNOTATION - fix gene: extract symbol from protein name. symbol=sseB
12:06:52.439 - INFO - ANNOTATION - fix product: revise DUF. new=DUF6100 domain-containing protein, old=Family of unknown function (DUF6100)
12:06:52.439 - INFO - ANNOTATION - fix product: revise DUF. new=DUF5697 domain-containing protein, old=Family of unknown function (DUF5697)
12:06:52.440 - INFO - ANNOTATION - fix gene: extract symbol from protein name. symbol=virB4
12:06:52.440 - INFO - ANNOTATION - fix gene: lowercase first char. new=virB4, old=VirB4
12:06:52.440 - INFO - ANNOTATION - fix gene: lowercase first char. new=virB4, old=VirB4
12:06:52.440 - INFO - ANNOTATION - fix gene: extract symbol from protein name. symbol=traG
12:06:52.440 - INFO - ANNOTATION - fix gene: extract symbol from protein name. symbol=trbL
12:06:52.440 - INFO - ANNOTATION - marked as hypothetical: contig=contig_2, start=822972, stop=823523, strand=-
12:06:52.440 - INFO - ANNOTATION - fix gene: extract symbol from protein name. symbol=marR
12:06:52.440 - INFO - ANNOTATION - marked as hypothetical: contig=contig_2, start=825037, stop=825153, strand=+
12:06:52.440 - INFO - ANNOTATION - fix gene: extract symbol from protein name. symbol=trkA
12:06:52.440 - INFO - ANNOTATION - fix gene: extract symbol from protein name. symbol=rlmB
12:06:52.440 - INFO - ANNOTATION - fix gene: extract symbol from protein name. symbol=dprA
12:06:52.440 - INFO - ANNOTATION - fix product: replace putative synonyms. new=putative membrane protein, old=Predicted membrane protein
12:06:52.440 - INFO - ANNOTATION - marked as hypothetical: contig=contig_2, start=840445, stop=840690, strand=+
12:06:52.440 - INFO - ANNOTATION - fix gene: extract symbol from protein name. symbol=ftsY
12:06:52.440 - INFO - ANNOTATION - fix product: replace putative synonyms. new=putative nicotinate-nucleotide adenylyltransferase, old=Probable nicotinate-nucleotide adenylyltransferase
12:06:52.440 - INFO - ANNOTATION - fix gene: extract symbol from protein name. symbol=rsfS
12:06:52.440 - INFO - ANNOTATION - marked as hypothetical: contig=contig_2, start=849896, stop=853786, strand=+
12:06:52.441 - INFO - ANNOTATION - fix gene: extract symbol from protein name. symbol=eamA
12:06:52.441 - INFO - ANNOTATION - marked as hypothetical: contig=contig_2, start=865019, stop=865540, strand=+
12:06:52.441 - INFO - ANNOTATION - marked as hypothetical: contig=contig_2, start=868350, stop=869123, strand=+
12:06:52.441 - INFO - ANNOTATION - fix gene: lowercase first char. new=wcaA, old=WcaA
12:06:52.441 - INFO - ANNOTATION - fix gene: lowercase first char. new=wcaA, old=WcaA
12:06:52.441 - INFO - ANNOTATION - marked as hypothetical: contig=contig_2, start=874659, stop=875852, strand=-
12:06:52.441 - INFO - ANNOTATION - fix gene: extract symbol from protein name. symbol=tsaE
12:06:52.441 - INFO - ANNOTATION - marked as hypothetical: contig=contig_2, start=880478, stop=881425, strand=+
12:06:52.441 - INFO - ANNOTATION - marked as hypothetical: contig=contig_2, start=893884, stop=894036, strand=-
12:06:52.441 - INFO - ANNOTATION - fix gene: extract symbol from protein name. symbol=traX
12:06:52.441 - INFO - ANNOTATION - fix gene: extract symbol from protein name. symbol=ireB
12:06:52.442 - INFO - ANNOTATION - marked as hypothetical: contig=contig_2, start=900683, stop=901285, strand=+
12:06:52.442 - INFO - ANNOTATION - fix gene: extract symbol from protein name. symbol=pilP
12:06:52.442 - INFO - ANNOTATION - marked as hypothetical: contig=contig_2, start=903682, stop=904428, strand=-
12:06:52.442 - INFO - ANNOTATION - marked as hypothetical: contig=contig_2, start=907795, stop=908532, strand=+
12:06:52.442 - INFO - ANNOTATION - marked as hypothetical: contig=contig_2, start=920692, stop=921954, strand=+
12:06:52.442 - INFO - ANNOTATION - marked as hypothetical: contig=contig_2, start=924384, stop=924590, strand=-
12:06:52.442 - INFO - ANNOTATION - marked as hypothetical: contig=contig_2, start=932293, stop=932631, strand=-
12:06:52.442 - INFO - ANNOTATION - fix gene: extract symbol from protein name. symbol=bapA
12:06:52.443 - INFO - ANNOTATION - fix gene: extract symbol from protein name. symbol=folT
12:06:52.443 - INFO - ANNOTATION - fix gene: extract symbol from protein name. symbol=padR
12:06:52.443 - INFO - ANNOTATION - marked as hypothetical: contig=contig_2, start=948293, stop=948520, strand=-
12:06:52.443 - INFO - ANNOTATION - marked as hypothetical: contig=contig_2, start=948859, stop=949011, strand=-
12:06:52.443 - INFO - ANNOTATION - fix product: replace putative synonyms. new=putative zinc-binding domain-containing protein, old=Probable zinc-binding domain-containing protein
12:06:52.443 - INFO - ANNOTATION - fix gene: extract symbol from protein name. symbol=mepM
12:06:52.443 - INFO - ANNOTATION - fix gene: extract symbol from protein name. symbol=clpX
12:06:52.443 - INFO - ANNOTATION - fix product: replace putative synonyms. new=putative GTP-binding protein EngB, old=Probable GTP-binding protein EngB
12:06:52.443 - INFO - ANNOTATION - fix gene: extract symbol from protein name. symbol=engB
12:06:52.443 - INFO - ANNOTATION - marked as hypothetical: contig=contig_2, start=964373, stop=965125, strand=+
12:06:52.443 - INFO - ANNOTATION - fix gene: extract symbol from protein name. symbol=ytfJ
12:06:52.444 - INFO - ANNOTATION - fix gene: extract symbol from protein name. symbol=sufS
12:06:52.444 - INFO - ANNOTATION - fix gene: extract symbol from protein name. symbol=hisH
12:06:52.444 - INFO - ANNOTATION - fix gene: extract symbol from protein name. symbol=hisF
12:06:52.444 - INFO - ANNOTATION - fix gene: extract symbol from protein name. symbol=mepA
12:06:52.444 - INFO - ANNOTATION - fix gene: extract symbol from protein name. symbol=degV
12:06:52.444 - INFO - ANNOTATION - fix gene: extract symbol from protein name. symbol=rseP
12:06:52.444 - INFO - ANNOTATION - marked as hypothetical: contig=contig_2, start=998995, stop=999336, strand=+
12:06:52.444 - INFO - ANNOTATION - marked as hypothetical: contig=contig_2, start=999324, stop=999689, strand=+
12:06:52.444 - INFO - ANNOTATION - marked as hypothetical: contig=contig_2, start=999723, stop=999887, strand=+
12:06:52.444 - INFO - ANNOTATION - marked as hypothetical: contig=contig_2, start=999884, stop=1000384, strand=+
12:06:52.444 - INFO - ANNOTATION - fix gene: extract symbol from protein name. symbol=ruvC
12:06:52.444 - INFO - ANNOTATION - fix gene: extract symbol from protein name. symbol=ruvA
12:06:52.444 - INFO - ANNOTATION - fix gene: extract symbol from protein name. symbol=ruvB
12:06:52.444 - INFO - ANNOTATION - fix gene: extract symbol from protein name. symbol=sigS
12:06:52.445 - INFO - ANNOTATION - fix product: replace putative synonyms. new=putative zinc-binding domain-containing protein, old=Probable zinc-binding domain-containing protein
12:06:52.445 - INFO - ANNOTATION - marked as hypothetical: contig=contig_2, start=1014735, stop=1016171, strand=+
12:06:52.445 - INFO - ANNOTATION - fix gene: extract symbol from protein name. symbol=vanW
12:06:52.445 - INFO - ANNOTATION - marked as hypothetical: contig=contig_2, start=1024851, stop=1024964, strand=+
12:06:52.445 - INFO - ANNOTATION - marked as hypothetical: contig=contig_2, start=1025034, stop=1025300, strand=-
12:06:52.445 - INFO - ANNOTATION - marked as hypothetical: contig=contig_2, start=1025415, stop=1027898, strand=+
12:06:52.445 - INFO - ANNOTATION - marked as hypothetical: contig=contig_2, start=1028617, stop=1028826, strand=+
12:06:52.445 - INFO - ANNOTATION - marked as hypothetical: contig=contig_2, start=1028823, stop=1029026, strand=+
12:06:52.445 - INFO - ANNOTATION - marked as hypothetical: contig=contig_2, start=1029023, stop=1029172, strand=+
12:06:52.445 - INFO - ANNOTATION - marked as hypothetical: contig=contig_2, start=1029172, stop=1029381, strand=+
12:06:52.445 - INFO - ANNOTATION - marked as hypothetical: contig=contig_2, start=1029428, stop=1029601, strand=+
12:06:52.445 - INFO - ANNOTATION - marked as hypothetical: contig=contig_3, start=1255, stop=1449, strand=-
12:06:52.445 - INFO - ANNOTATION - marked as hypothetical: contig=contig_3, start=1712, stop=1939, strand=-
12:06:52.445 - INFO - ANNOTATION - marked as hypothetical: contig=contig_3, start=2054, stop=4492, strand=+
12:06:52.445 - INFO - ANNOTATION - marked as hypothetical: contig=contig_3, start=5211, stop=5420, strand=+
12:06:52.445 - INFO - ANNOTATION - marked as hypothetical: contig=contig_3, start=5417, stop=5620, strand=+
12:06:52.445 - INFO - ANNOTATION - marked as hypothetical: contig=contig_3, start=5617, stop=5766, strand=+
12:06:52.445 - INFO - ANNOTATION - marked as hypothetical: contig=contig_3, start=5766, stop=5975, strand=+
12:06:52.445 - INFO - ANNOTATION - marked as hypothetical: contig=contig_3, start=6022, stop=6195, strand=+
12:06:52.445 - INFO - ANNOTATION - fix gene: extract symbol from protein name. symbol=copB
12:06:52.445 - INFO - ANNOTATION - marked as hypothetical: contig=contig_3, start=7683, stop=7871, strand=+
12:06:52.445 - INFO - ANNOTATION - marked as hypothetical: contig=contig_4, start=1523, stop=1807, strand=-
12:06:52.445 - INFO - ANNOTATION - marked as hypothetical: contig=contig_4, start=1804, stop=2442, strand=-
12:06:52.445 - INFO - ANNOTATION - marked as hypothetical: contig=contig_4, start=2466, stop=3203, strand=-
12:06:52.445 - INFO - ANNOTATION - marked as hypothetical: contig=contig_4, start=3291, stop=5297, strand=-
12:06:52.446 - INFO - ANNOTATION - marked as hypothetical: contig=contig_4, start=14265, stop=15044, strand=+
12:06:52.446 - INFO - ANNOTATION - marked as hypothetical: contig=contig_4, start=15058, stop=15777, strand=+
12:06:52.446 - INFO - ANNOTATION - fix gene: extract symbol from protein name. symbol=argJ
12:06:52.446 - INFO - ANNOTATION - marked as hypothetical: contig=contig_4, start=27305, stop=27475, strand=-
12:06:52.446 - INFO - ANNOTATION - marked as hypothetical: contig=contig_4, start=27615, stop=27773, strand=+
12:06:52.446 - INFO - ANNOTATION - fix gene: extract symbol from protein name. symbol=yitT
12:06:52.446 - INFO - ANNOTATION - fix gene: extract symbol from protein name. symbol=padR
12:06:52.446 - INFO - ANNOTATION - marked as hypothetical: contig=contig_4, start=35859, stop=37127, strand=+
12:06:52.446 - INFO - ANNOTATION - fix product: revise DUF. new=DUF975 domain-containing protein, old=DUF975 family protein
12:06:52.446 - INFO - ANNOTATION - marked as hypothetical: contig=contig_4, start=38071, stop=39057, strand=-
12:06:52.446 - INFO - ANNOTATION - marked as hypothetical: contig=contig_4, start=39069, stop=39614, strand=-
12:06:52.446 - INFO - ANNOTATION - fix gene: extract symbol from protein name. symbol=tdcB
12:06:52.446 - INFO - ANNOTATION - fix gene: extract symbol from protein name. symbol=recR
12:06:52.446 - INFO - ANNOTATION - fix gene: extract symbol from protein name. symbol=sigV
12:06:52.446 - INFO - ANNOTATION - marked as hypothetical: contig=contig_4, start=45095, stop=46528, strand=+
12:06:52.446 - INFO - ANNOTATION - fix gene: extract symbol from protein name. symbol=sigG
12:06:52.447 - INFO - ANNOTATION - fix gene: extract symbol from protein name. symbol=feoA
12:06:52.447 - INFO - ANNOTATION - marked as hypothetical: contig=contig_4, start=57960, stop=58391, strand=-
12:06:52.447 - INFO - ANNOTATION - fix gene: extract symbol from protein name. symbol=ykoC
12:06:52.447 - INFO - ANNOTATION - fix gene: extract symbol from protein name. symbol=ykoE
12:06:52.447 - INFO - ANNOTATION - fix gene: extract symbol from protein name. symbol=tcyC
12:06:52.447 - INFO - ANNOTATION - marked as hypothetical: contig=contig_4, start=64603, stop=65283, strand=-
12:06:52.447 - INFO - ANNOTATION - marked as hypothetical: contig=contig_4, start=67488, stop=67970, strand=-
12:06:52.447 - INFO - ANNOTATION - marked as hypothetical: contig=contig_4, start=70177, stop=70446, strand=-
12:06:52.447 - INFO - ANNOTATION - marked as hypothetical: contig=contig_4, start=75570, stop=76622, strand=-
12:06:52.447 - INFO - ANNOTATION - marked as hypothetical: contig=contig_4, start=83788, stop=84273, strand=-
12:06:52.447 - INFO - ANNOTATION - marked as hypothetical: contig=contig_4, start=84409, stop=84585, strand=-
12:06:52.447 - INFO - ANNOTATION - marked as hypothetical: contig=contig_4, start=89075, stop=89353, strand=+
12:06:52.447 - INFO - ANNOTATION - marked as hypothetical: contig=contig_4, start=89384, stop=89860, strand=+
12:06:52.447 - INFO - ANNOTATION - marked as hypothetical: contig=contig_4, start=89853, stop=90086, strand=+
12:06:52.448 - INFO - ANNOTATION - fix gene: extract symbol from protein name. symbol=hydC
12:06:52.448 - INFO - ANNOTATION - fix gene: extract symbol from protein name. symbol=nuoF
12:06:52.448 - INFO - ANNOTATION - fix gene: extract symbol from protein name. symbol=hndC
12:06:52.448 - INFO - ANNOTATION - fix gene: extract symbol from protein name. symbol=fabZ
12:06:52.448 - INFO - ANNOTATION - fix gene: extract symbol from protein name. symbol=luxE
12:06:52.448 - INFO - ANNOTATION - marked as hypothetical: contig=contig_4, start=116617, stop=117744, strand=+
12:06:52.448 - INFO - ANNOTATION - marked as hypothetical: contig=contig_4, start=118820, stop=119263, strand=-
12:06:52.448 - INFO - ANNOTATION - marked as hypothetical: contig=contig_4, start=120970, stop=121119, strand=-
12:06:52.448 - INFO - ANNOTATION - fix gene: extract symbol from protein name. symbol=yerB
12:06:52.448 - INFO - ANNOTATION - fix gene: extract symbol from protein name. symbol=traL
12:06:52.448 - INFO - ANNOTATION - fix gene: extract symbol from protein name. symbol=rusA
12:06:52.448 - INFO - ANNOTATION - fix gene: extract symbol from protein name. symbol=cotA
12:06:52.449 - INFO - ANNOTATION - fix gene: lowercase first char. new=ptsH, old=PtsH
12:06:52.449 - INFO - ANNOTATION - fix gene: lowercase first char. new=ptsH, old=PtsH
12:06:52.449 - INFO - ANNOTATION - fix gene: extract symbol from protein name. symbol=mutS2
12:06:52.449 - INFO - ANNOTATION - fix gene: extract symbol from protein name. symbol=feoA
12:06:52.449 - INFO - ANNOTATION - fix gene: extract symbol from protein name. symbol=recO
12:06:52.449 - INFO - ANNOTATION - marked as hypothetical: contig=contig_4, start=148340, stop=148447, strand=-
12:06:52.449 - INFO - ANNOTATION - fix gene: extract symbol from protein name. symbol=ybeY
12:06:52.449 - INFO - ANNOTATION - marked as hypothetical: contig=contig_4, start=152216, stop=152494, strand=-
12:06:52.449 - INFO - ANNOTATION - marked as hypothetical: contig=contig_4, start=155143, stop=155745, strand=-
12:06:52.449 - INFO - ANNOTATION - fix gene: extract symbol from protein name. symbol=mreB
12:06:52.449 - INFO - ANNOTATION - marked as hypothetical: contig=contig_4, start=160379, stop=160726, strand=-
12:06:52.449 - INFO - ANNOTATION - marked as hypothetical: contig=contig_4, start=164221, stop=165003, strand=-
12:06:52.449 - INFO - ANNOTATION - fix gene: extract symbol from protein name. symbol=radC
12:06:52.449 - INFO - ANNOTATION - marked as hypothetical: contig=contig_4, start=168623, stop=169090, strand=-
12:06:52.449 - INFO - ANNOTATION - marked as hypothetical: contig=contig_4, start=169110, stop=169562, strand=-
12:06:52.449 - INFO - ANNOTATION - fix gene: extract symbol from protein name. symbol=sipL
12:06:52.449 - INFO - ANNOTATION - marked as hypothetical: contig=contig_4, start=177751, stop=178077, strand=-
12:06:52.450 - INFO - ANNOTATION - fix product: replace putative synonyms. new=putative cell division protein WhiA, old=Probable cell division protein WhiA
12:06:52.450 - INFO - ANNOTATION - fix gene: extract symbol from protein name. symbol=whiA
12:06:52.450 - INFO - ANNOTATION - fix gene: extract symbol from protein name. symbol=rapZ
12:06:52.450 - INFO - ANNOTATION - fix gene: extract symbol from protein name. symbol=recN
12:06:52.450 - INFO - ANNOTATION - fix gene: extract symbol from protein name. symbol=tlyA
12:06:52.450 - INFO - ANNOTATION - fix gene: extract symbol from protein name. symbol=nusB
12:06:52.450 - INFO - ANNOTATION - marked as hypothetical: contig=contig_4, start=193750, stop=194229, strand=-
12:06:52.450 - INFO - ANNOTATION - marked as hypothetical: contig=contig_4, start=195371, stop=195754, strand=-
12:06:52.450 - INFO - ANNOTATION - marked as hypothetical: contig=contig_4, start=195969, stop=196481, strand=-
12:06:52.450 - INFO - ANNOTATION - fix gene: lowercase first char. new=potA, old=PotA
12:06:52.450 - INFO - ANNOTATION - fix gene: lowercase first char. new=potA, old=PotA
12:06:52.450 - INFO - ANNOTATION - fix gene: lowercase first char. new=potB, old=PotB
12:06:52.450 - INFO - ANNOTATION - fix gene: lowercase first char. new=potB, old=PotB
12:06:52.450 - INFO - ANNOTATION - marked as hypothetical: contig=contig_4, start=207055, stop=210408, strand=+
12:06:52.451 - INFO - ANNOTATION - fix gene: extract symbol from protein name. symbol=xhlA
12:06:52.451 - INFO - ANNOTATION - marked as hypothetical: contig=contig_4, start=214975, stop=215100, strand=-
12:06:52.451 - INFO - ANNOTATION - marked as hypothetical: contig=contig_4, start=215093, stop=215458, strand=-
12:06:52.451 - INFO - ANNOTATION - marked as hypothetical: contig=contig_4, start=215461, stop=216690, strand=-
12:06:52.451 - INFO - ANNOTATION - marked as hypothetical: contig=contig_4, start=216693, stop=217082, strand=-
12:06:52.451 - INFO - ANNOTATION - marked as hypothetical: contig=contig_4, start=217079, stop=218749, strand=-
12:06:52.451 - INFO - ANNOTATION - marked as hypothetical: contig=contig_4, start=218746, stop=219123, strand=-
12:06:52.451 - INFO - ANNOTATION - marked as hypothetical: contig=contig_4, start=224567, stop=224908, strand=-
12:06:52.451 - INFO - ANNOTATION - marked as hypothetical: contig=contig_4, start=225283, stop=225450, strand=-
12:06:52.451 - INFO - ANNOTATION - fix gene: extract symbol from protein name. symbol=rinA
12:06:52.451 - INFO - ANNOTATION - marked as hypothetical: contig=contig_4, start=232569, stop=232823, strand=-
12:06:52.451 - INFO - ANNOTATION - marked as hypothetical: contig=contig_4, start=234403, stop=234972, strand=-
12:06:52.451 - INFO - ANNOTATION - marked as hypothetical: contig=contig_4, start=234965, stop=235852, strand=-
12:06:52.451 - INFO - ANNOTATION - marked as hypothetical: contig=contig_4, start=235871, stop=236593, strand=-
12:06:52.451 - INFO - ANNOTATION - marked as hypothetical: contig=contig_4, start=236590, stop=237201, strand=-
12:06:52.451 - INFO - ANNOTATION - marked as hypothetical: contig=contig_4, start=237191, stop=239128, strand=-
12:06:52.451 - INFO - ANNOTATION - marked as hypothetical: contig=contig_4, start=239742, stop=240269, strand=-
12:06:52.451 - INFO - ANNOTATION - marked as hypothetical: contig=contig_4, start=240281, stop=240553, strand=-
12:06:52.451 - INFO - ANNOTATION - marked as hypothetical: contig=contig_4, start=241348, stop=241665, strand=-
12:06:52.451 - INFO - ANNOTATION - marked as hypothetical: contig=contig_4, start=241964, stop=242122, strand=-
12:06:52.451 - INFO - ANNOTATION - marked as hypothetical: contig=contig_4, start=242927, stop=243412, strand=+
12:06:52.451 - INFO - ANNOTATION - marked as hypothetical: contig=contig_4, start=243940, stop=244170, strand=-
12:06:52.451 - INFO - ANNOTATION - marked as hypothetical: contig=contig_4, start=244339, stop=244770, strand=+
12:06:52.452 - INFO - ANNOTATION - fix gene: extract symbol from protein name. symbol=cvpA
12:06:52.452 - INFO - ANNOTATION - fix gene: extract symbol from protein name. symbol=rsmD
12:06:52.452 - INFO - ANNOTATION - fix product: revise DUF. new=DUF3801 domain-containing protein, old=Protein of uncharacterized function (DUF3801)
12:06:52.452 - INFO - ANNOTATION - fix gene: extract symbol from protein name. symbol=traG
12:06:52.452 - INFO - ANNOTATION - fix product: replace putative synonyms. new=putative endopeptidase p60, old=Probable endopeptidase p60
12:06:52.452 - INFO - ANNOTATION - fix product: revise DUF. new=DUF4315 domain-containing protein, old=DUF4315 family protein
12:06:52.452 - INFO - ANNOTATION - fix gene: extract symbol from protein name. symbol=ardA
12:06:52.452 - INFO - ANNOTATION - marked as hypothetical: contig=contig_4, start=275334, stop=276080, strand=-
12:06:52.452 - INFO - ANNOTATION - fix gene: extract symbol from protein name. symbol=xerD
12:06:52.452 - INFO - ANNOTATION - fix gene: lowercase first char. new=xerD, old=XerD
12:06:52.452 - INFO - ANNOTATION - fix gene: lowercase first char. new=xerD, old=XerD
12:06:52.453 - INFO - ANNOTATION - fix gene: lowercase first char. new=ugd, old=Ugd
12:06:52.453 - INFO - ANNOTATION - fix gene: lowercase first char. new=ugd, old=Ugd
12:06:52.453 - INFO - ANNOTATION - fix gene: lowercase first char. new=bcsA, old=BcsA
12:06:52.453 - INFO - ANNOTATION - fix gene: lowercase first char. new=bcsA, old=BcsA
12:06:52.453 - INFO - ANNOTATION - fix gene: lowercase first char. new=manB2, old=ManB2
12:06:52.453 - INFO - ANNOTATION - fix gene: lowercase first char. new=manB2, old=ManB2
12:06:52.453 - INFO - ANNOTATION - fix gene: extract symbol from protein name. symbol=xerD
12:06:52.453 - INFO - ANNOTATION - fix gene: lowercase first char. new=xerD, old=XerD
12:06:52.453 - INFO - ANNOTATION - fix gene: lowercase first char. new=xerD, old=XerD
12:06:52.453 - INFO - ANNOTATION - fix gene: extract symbol from protein name. symbol=iscS
12:06:52.453 - INFO - ANNOTATION - fix gene: extract symbol from protein name. symbol=hrcA
12:06:52.453 - INFO - ANNOTATION - fix gene: extract symbol from protein name. symbol=grpE
12:06:52.453 - INFO - ANNOTATION - fix gene: extract symbol from protein name. symbol=dnaK
12:06:52.453 - INFO - ANNOTATION - marked as hypothetical: contig=contig_4, start=305175, stop=306326, strand=+
12:06:52.453 - INFO - ANNOTATION - fix gene: extract symbol from protein name. symbol=hisJ
12:06:52.453 - INFO - ANNOTATION - fix gene: extract symbol from protein name. symbol=vanW
12:06:52.453 - INFO - ANNOTATION - marked as hypothetical: contig=contig_4, start=315681, stop=316292, strand=-
12:06:52.454 - INFO - ANNOTATION - marked as hypothetical: contig=contig_4, start=322507, stop=322803, strand=+
12:06:52.454 - INFO - ANNOTATION - fix gene: extract symbol from protein name. symbol=yfnD
12:06:52.454 - INFO - ANNOTATION - marked as hypothetical: contig=contig_4, start=329973, stop=331229, strand=-
12:06:52.454 - INFO - ANNOTATION - fix gene: extract symbol from protein name. symbol=yfnF
12:06:52.454 - INFO - ANNOTATION - marked as hypothetical: contig=contig_4, start=333960, stop=334160, strand=-
12:06:52.454 - INFO - ANNOTATION - fix gene: lowercase first char. new=yotD, old=YotD
12:06:52.454 - INFO - ANNOTATION - fix gene: lowercase first char. new=yotD, old=YotD
12:06:52.454 - INFO - ANNOTATION - fix gene: extract symbol from protein name. symbol=lysM
12:06:52.454 - INFO - ANNOTATION - marked as hypothetical: contig=contig_4, start=341129, stop=341455, strand=-
12:06:52.454 - INFO - ANNOTATION - marked as hypothetical: contig=contig_4, start=341795, stop=342556, strand=-
12:06:52.454 - INFO - ANNOTATION - marked as hypothetical: contig=contig_4, start=344556, stop=344765, strand=-
12:06:52.454 - INFO - ANNOTATION - fix gene: extract symbol from protein name. symbol=lysM
12:06:52.454 - INFO - ANNOTATION - marked as hypothetical: contig=contig_4, start=351201, stop=351638, strand=-
12:06:52.454 - INFO - ANNOTATION - marked as hypothetical: contig=contig_4, start=351635, stop=352123, strand=-
12:06:52.454 - INFO - ANNOTATION - marked as hypothetical: contig=contig_4, start=352123, stop=352677, strand=-
12:06:52.455 - INFO - ANNOTATION - marked as hypothetical: contig=contig_4, start=352715, stop=353050, strand=-
12:06:52.455 - INFO - ANNOTATION - marked as hypothetical: contig=contig_4, start=353053, stop=354282, strand=-
12:06:52.455 - INFO - ANNOTATION - marked as hypothetical: contig=contig_4, start=354297, stop=355100, strand=-
12:06:52.455 - INFO - ANNOTATION - marked as hypothetical: contig=contig_4, start=355097, stop=356380, strand=-
12:06:52.455 - INFO - ANNOTATION - marked as hypothetical: contig=contig_4, start=356377, stop=356553, strand=-
12:06:52.455 - INFO - ANNOTATION - marked as hypothetical: contig=contig_4, start=360843, stop=361205, strand=-
12:06:52.455 - INFO - ANNOTATION - marked as hypothetical: contig=contig_4, start=361192, stop=361398, strand=-
12:06:52.455 - INFO - ANNOTATION - marked as hypothetical: contig=contig_4, start=361355, stop=361756, strand=-
12:06:52.455 - INFO - ANNOTATION - marked as hypothetical: contig=contig_4, start=361753, stop=362064, strand=-
12:06:52.455 - INFO - ANNOTATION - marked as hypothetical: contig=contig_4, start=362061, stop=362423, strand=-
12:06:52.455 - INFO - ANNOTATION - marked as hypothetical: contig=contig_4, start=362420, stop=362662, strand=-
12:06:52.455 - INFO - ANNOTATION - marked as hypothetical: contig=contig_4, start=363132, stop=363449, strand=-
12:06:52.455 - INFO - ANNOTATION - marked as hypothetical: contig=contig_4, start=365755, stop=366318, strand=-
12:06:52.455 - INFO - ANNOTATION - marked as hypothetical: contig=contig_4, start=366311, stop=366514, strand=-
12:06:52.455 - INFO - ANNOTATION - marked as hypothetical: contig=contig_4, start=366504, stop=366683, strand=-
12:06:52.455 - INFO - ANNOTATION - marked as hypothetical: contig=contig_4, start=368914, stop=369066, strand=-
12:06:52.455 - INFO - ANNOTATION - marked as hypothetical: contig=contig_4, start=369063, stop=369248, strand=-
12:06:52.455 - INFO - ANNOTATION - marked as hypothetical: contig=contig_4, start=369294, stop=369503, strand=-
12:06:52.455 - INFO - ANNOTATION - marked as hypothetical: contig=contig_4, start=369546, stop=370004, strand=-
12:06:52.455 - INFO - ANNOTATION - marked as hypothetical: contig=contig_4, start=369977, stop=370264, strand=-
12:06:52.455 - INFO - ANNOTATION - marked as hypothetical: contig=contig_4, start=370418, stop=370579, strand=-
12:06:52.455 - INFO - ANNOTATION - marked as hypothetical: contig=contig_4, start=370755, stop=371087, strand=+
12:06:52.455 - INFO - ANNOTATION - marked as hypothetical: contig=contig_4, start=371556, stop=371768, strand=+
12:06:52.455 - INFO - ANNOTATION - marked as hypothetical: contig=contig_4, start=372873, stop=373415, strand=+
12:06:52.455 - INFO - ANNOTATION - marked as hypothetical: contig=contig_4, start=375785, stop=375955, strand=-
12:06:52.455 - INFO - ANNOTATION - marked as hypothetical: contig=contig_4, start=378373, stop=378804, strand=+
12:06:52.455 - INFO - ANNOTATION - fix gene: extract symbol from protein name. symbol=phoU
12:06:52.455 - INFO - ANNOTATION - fix gene: extract symbol from protein name. symbol=eamA
12:06:52.455 - INFO - ANNOTATION - marked as hypothetical: contig=contig_4, start=386770, stop=388056, strand=+
12:06:52.455 - INFO - ANNOTATION - fix gene: extract symbol from protein name. symbol=kstR2
12:06:52.456 - INFO - ANNOTATION - fix gene: extract symbol from protein name. symbol=degV
12:06:52.456 - INFO - ANNOTATION - fix product: replace Homolog. new=Stage 0 sporulation  A-like protein, old=Stage 0 sporulation protein A homolog
12:06:52.456 - INFO - ANNOTATION - fix product: revise whitespaces. new=Stage 0 sporulation A-like protein, old=Stage 0 sporulation  A-like protein
12:06:52.456 - INFO - ANNOTATION - marked as hypothetical: contig=contig_4, start=397437, stop=397703, strand=-
12:06:52.456 - INFO - ANNOTATION - fix gene: extract symbol from protein name. symbol=ybhL
12:06:52.456 - INFO - ANNOTATION - marked as hypothetical: contig=contig_4, start=401776, stop=402516, strand=-
12:06:52.456 - INFO - ANNOTATION - marked as hypothetical: contig=contig_4, start=402648, stop=403289, strand=-
12:06:52.456 - INFO - ANNOTATION - fix product: replace putative synonyms. new=putative membrane transporter protein, old=Probable membrane transporter protein
12:06:52.456 - INFO - ANNOTATION - marked as hypothetical: contig=contig_4, start=407764, stop=408192, strand=+
12:06:52.456 - INFO - ANNOTATION - marked as hypothetical: contig=contig_4, start=408205, stop=408807, strand=+
12:06:52.456 - INFO - ANNOTATION - marked as hypothetical: contig=contig_4, start=409256, stop=409384, strand=+
12:06:52.456 - INFO - ANNOTATION - marked as hypothetical: contig=contig_4, start=409566, stop=410051, strand=-
12:06:52.456 - INFO - ANNOTATION - marked as hypothetical: contig=contig_4, start=410691, stop=412187, strand=+
12:06:52.456 - INFO - ANNOTATION - fix product: replace Homolog. new=Stage 0 sporulation  A-like protein, old=Stage 0 sporulation protein A homolog
12:06:52.456 - INFO - ANNOTATION - fix product: revise whitespaces. new=Stage 0 sporulation A-like protein, old=Stage 0 sporulation  A-like protein
12:06:52.456 - INFO - ANNOTATION - marked as hypothetical: contig=contig_4, start=418856, stop=419368, strand=+
12:06:52.456 - INFO - ANNOTATION - marked as hypothetical: contig=contig_4, start=423233, stop=423355, strand=-
12:06:52.456 - INFO - ANNOTATION - fix product: replace Homolog. new=Stage 0 sporulation  A-like protein, old=Stage 0 sporulation protein A homolog
12:06:52.456 - INFO - ANNOTATION - fix product: revise whitespaces. new=Stage 0 sporulation A-like protein, old=Stage 0 sporulation  A-like protein
12:06:52.457 - INFO - ANNOTATION - marked as hypothetical: contig=contig_4, start=435995, stop=436225, strand=+
12:06:52.457 - INFO - ANNOTATION - marked as hypothetical: contig=contig_4, start=436222, stop=436755, strand=+
12:06:52.457 - INFO - ANNOTATION - marked as hypothetical: contig=contig_4, start=436637, stop=437098, strand=-
12:06:52.457 - INFO - ANNOTATION - marked as hypothetical: contig=contig_4, start=438331, stop=439401, strand=-
12:06:52.457 - INFO - ANNOTATION - marked as hypothetical: contig=contig_4, start=439787, stop=441646, strand=-
12:06:52.457 - INFO - ANNOTATION - marked as hypothetical: contig=contig_4, start=444793, stop=445242, strand=+
12:06:52.457 - INFO - ANNOTATION - fix gene: extract symbol from protein name. symbol=rimO
12:06:52.457 - INFO - ANNOTATION - fix gene: extract symbol from protein name. symbol=recX
12:06:52.457 - INFO - ANNOTATION - fix gene: extract symbol from protein name. symbol=recA
12:06:52.457 - INFO - ANNOTATION - fix gene: extract symbol from protein name. symbol=iclR
12:06:52.457 - INFO - ANNOTATION - fix gene: extract symbol from protein name. symbol=kdsD
12:06:52.457 - INFO - ANNOTATION - fix gene: extract symbol from protein name. symbol=gldA
12:06:52.457 - INFO - ANNOTATION - fix product: revise DUF. new=DUF3842 domain-containing protein, old=DUF3842 family protein
12:06:52.458 - INFO - ANNOTATION - marked as hypothetical: contig=contig_4, start=476670, stop=477818, strand=-
12:06:52.458 - INFO - ANNOTATION - fix gene: extract symbol from protein name. symbol=znuB
12:06:52.458 - INFO - ANNOTATION - marked as hypothetical: contig=contig_4, start=484858, stop=485475, strand=+
12:06:52.458 - INFO - ANNOTATION - fix product: replace Homolog. new=Stage 0 sporulation  A-like protein, old=Stage 0 sporulation protein A homolog
12:06:52.458 - INFO - ANNOTATION - fix product: revise whitespaces. new=Stage 0 sporulation A-like protein, old=Stage 0 sporulation  A-like protein
12:06:52.458 - INFO - ANNOTATION - fix gene: extract symbol from protein name. symbol=hrtA
12:06:52.458 - INFO - ANNOTATION - marked as hypothetical: contig=contig_4, start=497760, stop=498386, strand=-
12:06:52.458 - INFO - ANNOTATION - marked as hypothetical: contig=contig_4, start=498701, stop=499708, strand=-
12:06:52.458 - INFO - ANNOTATION - fix gene: extract symbol from protein name. symbol=eamA
12:06:52.458 - INFO - ANNOTATION - marked as hypothetical: contig=contig_4, start=503112, stop=504560, strand=+
12:06:52.458 - INFO - ANNOTATION - marked as hypothetical: contig=contig_4, start=506094, stop=506216, strand=-
12:06:52.458 - INFO - ANNOTATION - marked as hypothetical: contig=contig_4, start=506322, stop=506702, strand=+
12:06:52.458 - INFO - ANNOTATION - fix product: replace Homolog. new=Stage 0 sporulation  A-like protein, old=Stage 0 sporulation protein A homolog
12:06:52.458 - INFO - ANNOTATION - fix product: revise whitespaces. new=Stage 0 sporulation A-like protein, old=Stage 0 sporulation  A-like protein
12:06:52.458 - INFO - ANNOTATION - fix gene: extract symbol from protein name. symbol=phoU
12:06:52.458 - INFO - ANNOTATION - fix gene: extract symbol from protein name. symbol=pstB
12:06:52.458 - INFO - ANNOTATION - fix gene: extract symbol from protein name. symbol=pstA
12:06:52.458 - INFO - ANNOTATION - marked as hypothetical: contig=contig_4, start=516375, stop=518048, strand=-
12:06:52.459 - INFO - ANNOTATION - fix gene: extract symbol from protein name. symbol=dhaK
12:06:52.459 - INFO - ANNOTATION - fix gene: extract symbol from protein name. symbol=lptB
12:06:52.459 - INFO - ANNOTATION - fix product: revise DUF. new=DUF2508 domain-containing protein, old=DUF2508 family protein
12:06:52.459 - INFO - ANNOTATION - fix gene: extract symbol from protein name. symbol=sdpI
12:06:52.459 - INFO - ANNOTATION - marked as hypothetical: contig=contig_4, start=528732, stop=529217, strand=-
12:06:52.459 - INFO - ANNOTATION - marked as hypothetical: contig=contig_4, start=533447, stop=534337, strand=+
12:06:52.459 - INFO - ANNOTATION - fix gene: extract symbol from protein name. symbol=marR
12:06:52.459 - INFO - ANNOTATION - fix gene: extract symbol from protein name. symbol=ribD
12:06:52.459 - INFO - ANNOTATION - marked as hypothetical: contig=contig_4, start=558322, stop=559038, strand=-
12:06:52.459 - INFO - ANNOTATION - fix gene: extract symbol from protein name. symbol=nadR
12:06:52.460 - INFO - ANNOTATION - fix gene: extract symbol from protein name. symbol=mnmE
12:06:52.460 - INFO - ANNOTATION - marked as hypothetical: contig=contig_4, start=575492, stop=576226, strand=+
12:06:52.460 - INFO - ANNOTATION - marked as hypothetical: contig=contig_4, start=576351, stop=576722, strand=+
12:06:52.460 - INFO - ANNOTATION - marked as hypothetical: contig=contig_4, start=577278, stop=577838, strand=+
12:06:52.460 - INFO - ANNOTATION - marked as hypothetical: contig=contig_4, start=578158, stop=578397, strand=+
12:06:52.460 - INFO - ANNOTATION - marked as hypothetical: contig=contig_4, start=578691, stop=579692, strand=+
12:06:52.460 - INFO - ANNOTATION - fix gene: extract symbol from protein name. symbol=bofA
12:06:52.460 - INFO - ANNOTATION - fix product: revise DUF. new=DUF6198 domain-containing protein, old=DUF6198 family protein
12:06:52.460 - INFO - ANNOTATION - marked as hypothetical: contig=contig_4, start=588879, stop=590042, strand=+
12:06:52.460 - INFO - ANNOTATION - marked as hypothetical: contig=contig_4, start=595709, stop=596947, strand=+
12:06:52.460 - INFO - ANNOTATION - fix gene: extract symbol from protein name. symbol=carD
12:06:52.460 - INFO - ANNOTATION - fix product: revise DUF. new=DUF5720 domain-containing protein, old=DUF5720 family protein
12:06:52.460 - INFO - ANNOTATION - fix gene: extract symbol from protein name. symbol=pcfB
12:06:52.460 - INFO - ANNOTATION - fix gene: extract symbol from protein name. symbol=virD4
12:06:52.461 - INFO - ANNOTATION - fix gene: extract symbol from protein name. symbol=mobQ
12:06:52.461 - INFO - ANNOTATION - fix gene: extract symbol from protein name. symbol=prgI
12:06:52.461 - INFO - ANNOTATION - fix gene: extract symbol from protein name. symbol=traE
12:06:52.461 - INFO - ANNOTATION - fix product: revise DUF. new=DUF4315 domain-containing protein, old=DUF4315 family protein
12:06:52.461 - INFO - ANNOTATION - fix gene: extract symbol from protein name. symbol=ardA
12:06:52.461 - INFO - ANNOTATION - fix gene: extract symbol from protein name. symbol=ardA
12:06:52.461 - INFO - ANNOTATION - fix gene: extract symbol from protein name. symbol=mobC
12:06:52.461 - INFO - ANNOTATION - marked as hypothetical: contig=contig_4, start=632487, stop=632597, strand=+
12:06:52.461 - INFO - ANNOTATION - fix gene: extract symbol from protein name. symbol=alpA
12:06:52.461 - INFO - ANNOTATION - fix gene: extract symbol from protein name. symbol=bcsQ
12:06:52.461 - INFO - ANNOTATION - fix gene: lowercase first char. new=parA, old=ParA
12:06:52.461 - INFO - ANNOTATION - fix gene: lowercase first char. new=parA, old=ParA
12:06:52.461 - INFO - ANNOTATION - marked as hypothetical: contig=contig_4, start=638972, stop=639346, strand=+
12:06:52.462 - INFO - ANNOTATION - fix gene: extract symbol from protein name. symbol=pcfB
12:06:52.462 - INFO - ANNOTATION - fix gene: extract symbol from protein name. symbol=prgI
12:06:52.462 - INFO - ANNOTATION - fix gene: extract symbol from protein name. symbol=virB4
12:06:52.462 - INFO - ANNOTATION - fix gene: lowercase first char. new=virB4, old=VirB4
12:06:52.462 - INFO - ANNOTATION - fix gene: lowercase first char. new=virB4, old=VirB4
12:06:52.462 - INFO - ANNOTATION - fix product: revise DUF. new=DUF4315 domain-containing protein, old=DUF4315 family protein
12:06:52.462 - INFO - ANNOTATION - fix gene: extract symbol from protein name. symbol=tnpV
12:06:52.462 - INFO - ANNOTATION - marked as hypothetical: contig=contig_4, start=667934, stop=668767, strand=+
12:06:52.462 - INFO - ANNOTATION - fix product: revise DUF. new=DUF1273 domain-containing protein, old=DUF1273 family protein
12:06:52.462 - INFO - ANNOTATION - fix gene: extract symbol from protein name. symbol=mazG
12:06:52.462 - INFO - ANNOTATION - marked as hypothetical: contig=contig_4, start=678010, stop=678357, strand=+
12:06:52.462 - INFO - ANNOTATION - marked as hypothetical: contig=contig_4, start=680108, stop=680344, strand=+
12:06:52.463 - INFO - ANNOTATION - marked as hypothetical: contig=contig_4, start=681858, stop=682283, strand=+
12:06:52.463 - INFO - ANNOTATION - fix product: revise DUF. new=DUF6547 domain-containing protein, old=Family of unknown function (DUF6547)
12:06:52.463 - INFO - ANNOTATION - fix gene: extract symbol from protein name. symbol=ylbF
12:06:52.463 - INFO - ANNOTATION - marked as hypothetical: contig=contig_4, start=695719, stop=696255, strand=+
12:06:52.463 - INFO - ANNOTATION - marked as hypothetical: contig=contig_4, start=700893, stop=701099, strand=-
12:06:52.463 - INFO - ANNOTATION - marked as hypothetical: contig=contig_4, start=705753, stop=705932, strand=-
12:06:52.463 - INFO - ANNOTATION - fix gene: extract symbol from protein name. symbol=recJ
12:06:52.463 - INFO - ANNOTATION - marked as hypothetical: contig=contig_4, start=712305, stop=713150, strand=+
12:06:52.463 - INFO - ANNOTATION - fix gene: extract symbol from protein name. symbol=feoA
12:06:52.463 - INFO - ANNOTATION - fix gene: extract symbol from protein name. symbol=feoA
12:06:52.463 - INFO - ANNOTATION - marked as hypothetical: contig=contig_4, start=722529, stop=723326, strand=-
12:06:52.464 - INFO - ANNOTATION - marked as hypothetical: contig=contig_4, start=723401, stop=723985, strand=-
12:06:52.464 - INFO - ANNOTATION - marked as hypothetical: contig=contig_4, start=724168, stop=724926, strand=-
12:06:52.464 - INFO - ANNOTATION - marked as hypothetical: contig=contig_4, start=726556, stop=727419, strand=+
12:06:52.464 - INFO - ANNOTATION - fix gene: extract symbol from protein name. symbol=mazG
12:06:52.464 - INFO - ANNOTATION - marked as hypothetical: contig=contig_4, start=741083, stop=743347, strand=+
12:06:52.464 - INFO - ANNOTATION - fix gene: extract symbol from protein name. symbol=queT
12:06:52.464 - INFO - ANNOTATION - fix gene: extract symbol from protein name. symbol=carD
12:06:52.464 - INFO - ANNOTATION - fix gene: extract symbol from protein name. symbol=aidB
12:06:52.464 - INFO - ANNOTATION - fix gene: lowercase first char. new=caiA, old=CaiA
12:06:52.464 - INFO - ANNOTATION - fix gene: lowercase first char. new=caiA, old=CaiA
12:06:52.464 - INFO - ANNOTATION - fix product: replace putative synonyms. new=putative 3-hydroxybutyryl-CoA dehydrogenase, old=Probable 3-hydroxybutyryl-CoA dehydrogenase
12:06:52.464 - INFO - ANNOTATION - fix product: revise DUF. new=DUF819 domain-containing protein, old=DUF819 family protein
12:06:52.464 - INFO - ANNOTATION - fix gene: extract symbol from protein name. symbol=yxeP
12:06:52.465 - INFO - ANNOTATION - fix gene: extract symbol from protein name. symbol=tcyB
12:06:52.465 - INFO - ANNOTATION - fix gene: extract symbol from protein name. symbol=tcyC
12:06:52.465 - INFO - ANNOTATION - marked as hypothetical: contig=contig_4, start=763711, stop=763812, strand=+
12:06:52.465 - INFO - ANNOTATION - fix gene: extract symbol from protein name. symbol=greA
12:06:52.465 - INFO - ANNOTATION - marked as hypothetical: contig=contig_4, start=768692, stop=769033, strand=+
12:06:52.465 - INFO - ANNOTATION - fix gene: extract symbol from protein name. symbol=glgB
12:06:52.465 - INFO - ANNOTATION - fix gene: extract symbol from protein name. symbol=glgD
12:06:52.465 - INFO - ANNOTATION - fix gene: extract symbol from protein name. symbol=arsC
12:06:52.465 - INFO - ANNOTATION - fix gene: extract symbol from protein name. symbol=oppF
12:06:52.465 - INFO - ANNOTATION - fix gene: extract symbol from protein name. symbol=recG
12:06:52.465 - INFO - ANNOTATION - marked as hypothetical: contig=contig_4, start=804084, stop=805016, strand=-
12:06:52.465 - INFO - ANNOTATION - fix gene: extract symbol from protein name. symbol=lysM
12:06:52.465 - INFO - ANNOTATION - marked as hypothetical: contig=contig_4, start=805609, stop=806154, strand=-
12:06:52.465 - INFO - ANNOTATION - marked as hypothetical: contig=contig_4, start=806348, stop=806770, strand=-
12:06:52.466 - INFO - ANNOTATION - marked as hypothetical: contig=contig_4, start=808191, stop=808682, strand=-
12:06:52.466 - INFO - ANNOTATION - marked as hypothetical: contig=contig_4, start=808679, stop=809005, strand=-
12:06:52.466 - INFO - ANNOTATION - marked as hypothetical: contig=contig_4, start=809005, stop=809352, strand=-
12:06:52.466 - INFO - ANNOTATION - marked as hypothetical: contig=contig_4, start=810912, stop=811832, strand=-
12:06:52.466 - INFO - ANNOTATION - marked as hypothetical: contig=contig_4, start=814753, stop=815577, strand=-
12:06:52.466 - INFO - ANNOTATION - marked as hypothetical: contig=contig_4, start=815590, stop=816912, strand=-
12:06:52.466 - INFO - ANNOTATION - fix product: replace Homolog. new=Stage 0 sporulation  A-like protein, old=Stage 0 sporulation protein A homolog
12:06:52.466 - INFO - ANNOTATION - fix product: revise whitespaces. new=Stage 0 sporulation A-like protein, old=Stage 0 sporulation  A-like protein
12:06:52.466 - INFO - ANNOTATION - fix gene: extract symbol from protein name. symbol=yycJ
12:06:52.466 - INFO - ANNOTATION - marked as hypothetical: contig=contig_4, start=822980, stop=823288, strand=+
12:06:52.466 - INFO - ANNOTATION - fix gene: extract symbol from protein name. symbol=yvrO
12:06:52.466 - INFO - ANNOTATION - fix product: replace Homolog. new=S-layer-like y domain-containing protein, old=S-layer homology domain-containing protein
12:06:52.466 - INFO - ANNOTATION - fix gene: extract symbol from protein name. symbol=spoU
12:06:52.466 - INFO - ANNOTATION - fix gene: extract symbol from protein name. symbol=xkdX
12:06:52.466 - INFO - ANNOTATION - marked as hypothetical: contig=contig_4, start=836695, stop=836931, strand=-
12:06:52.467 - INFO - ANNOTATION - fix gene: extract symbol from protein name. symbol=ftsI
12:06:52.467 - INFO - ANNOTATION - fix gene: extract symbol from protein name. symbol=trkA
12:06:52.467 - INFO - ANNOTATION - fix gene: extract symbol from protein name. symbol=kefA
12:06:52.467 - INFO - ANNOTATION - marked as hypothetical: contig=contig_4, start=851699, stop=852910, strand=-
12:06:52.467 - INFO - ANNOTATION - marked as hypothetical: contig=contig_4, start=856033, stop=856245, strand=-
12:06:52.467 - INFO - ANNOTATION - marked as hypothetical: contig=contig_4, start=856760, stop=857542, strand=+
12:06:52.467 - INFO - ANNOTATION - marked as hypothetical: contig=contig_4, start=857632, stop=857805, strand=+
12:06:52.467 - INFO - ANNOTATION - marked as hypothetical: contig=contig_4, start=858169, stop=862449, strand=+
12:06:52.467 - INFO - ANNOTATION - fix gene: extract symbol from protein name. symbol=yedF
12:06:52.467 - INFO - ANNOTATION - marked as hypothetical: contig=contig_4, start=868756, stop=868869, strand=+
12:06:52.467 - INFO - ANNOTATION - marked as hypothetical: contig=contig_4, start=869557, stop=870918, strand=-
12:06:52.467 - INFO - ANNOTATION - marked as hypothetical: contig=contig_4, start=873458, stop=877375, strand=+
12:06:52.467 - INFO - ANNOTATION - marked as hypothetical: contig=contig_4, start=887193, stop=887900, strand=-
12:06:52.467 - INFO - ANNOTATION - fix gene: extract symbol from protein name. symbol=livG
12:06:52.468 - INFO - ANNOTATION - fix gene: extract symbol from protein name. symbol=fabG
12:06:52.468 - INFO - ANNOTATION - fix gene: extract symbol from protein name. symbol=sufB
12:06:52.468 - INFO - ANNOTATION - marked as hypothetical: contig=contig_4, start=902352, stop=903497, strand=+
12:06:52.468 - INFO - ANNOTATION - fix gene: extract symbol from protein name. symbol=pspE
12:06:52.468 - INFO - ANNOTATION - marked as hypothetical: contig=contig_4, start=904701, stop=907463, strand=+
12:06:52.468 - INFO - ANNOTATION - marked as hypothetical: contig=contig_4, start=907548, stop=907952, strand=-
12:06:52.468 - INFO - ANNOTATION - marked as hypothetical: contig=contig_4, start=908187, stop=908600, strand=+
12:06:52.468 - INFO - ANNOTATION - marked as hypothetical: contig=contig_4, start=908831, stop=911824, strand=-
12:06:52.468 - INFO - ANNOTATION - fix gene: lowercase first char. new=rpoA, old=RpoA
12:06:52.468 - INFO - ANNOTATION - fix gene: lowercase first char. new=rpoA, old=RpoA
12:06:52.468 - INFO - ANNOTATION - fix gene: extract symbol from protein name. symbol=secY
12:06:52.468 - INFO - ANNOTATION - marked as hypothetical: contig=contig_4, start=921546, stop=921947, strand=-
12:06:52.469 - INFO - ANNOTATION - marked as hypothetical: contig=contig_4, start=937498, stop=938517, strand=-
12:06:52.469 - INFO - ANNOTATION - fix gene: extract symbol from protein name. symbol=dhaL
12:06:52.469 - INFO - ANNOTATION - marked as hypothetical: contig=contig_4, start=953120, stop=953902, strand=+
12:06:52.469 - INFO - ANNOTATION - marked as hypothetical: contig=contig_4, start=954611, stop=955093, strand=-
12:06:52.469 - INFO - ANNOTATION - marked as hypothetical: contig=contig_4, start=958582, stop=958689, strand=-
12:06:52.469 - INFO - ANNOTATION - fix product: replace Homolog. new=Stage 0 sporulation  A-like protein, old=Stage 0 sporulation protein A homolog
12:06:52.470 - INFO - ANNOTATION - fix product: revise whitespaces. new=Stage 0 sporulation A-like protein, old=Stage 0 sporulation  A-like protein
12:06:52.470 - INFO - ANNOTATION - fix gene: extract symbol from protein name. symbol=azlD
12:06:52.470 - INFO - ANNOTATION - fix gene: extract symbol from protein name. symbol=azlC
12:06:52.470 - INFO - ANNOTATION - fix gene: extract symbol from protein name. symbol=mnmG
12:06:52.470 - INFO - ANNOTATION - marked as hypothetical: contig=contig_4, start=969625, stop=970818, strand=+
12:06:52.470 - INFO - ANNOTATION - fix gene: extract symbol from protein name. symbol=mnmA
12:06:52.470 - INFO - ANNOTATION - fix gene: extract symbol from protein name. symbol=mepA
12:06:52.470 - INFO - ANNOTATION - fix gene: extract symbol from protein name. symbol=ytaF
12:06:52.470 - INFO - ANNOTATION - fix gene: extract symbol from protein name. symbol=ygeY
12:06:52.470 - INFO - ANNOTATION - fix gene: extract symbol from protein name. symbol=ygeW
12:06:52.470 - INFO - ANNOTATION - fix gene: extract symbol from protein name. symbol=patB
12:06:52.470 - INFO - ANNOTATION - fix product: revise DUF. new=DUF401 domain-containing protein, old=DUF401 family protein
12:06:52.470 - INFO - ANNOTATION - fix gene: extract symbol from protein name. symbol=marR
12:06:52.470 - INFO - ANNOTATION - fix gene: extract symbol from protein name. symbol=rsiV
12:06:52.470 - INFO - ANNOTATION - fix gene: extract symbol from protein name. symbol=rlmD
12:06:52.470 - INFO - ANNOTATION - fix gene: extract symbol from protein name. symbol=corA
12:06:52.471 - INFO - ANNOTATION - fix product: replace putative synonyms. new=putative ribosomal protein, old=Predicted ribosomal protein
12:06:52.471 - INFO - ANNOTATION - fix gene: extract symbol from protein name. symbol=yjjG
12:06:52.471 - INFO - ANNOTATION - fix gene: extract symbol from protein name. symbol=thrE
12:06:52.471 - INFO - ANNOTATION - marked as hypothetical: contig=contig_4, start=1000941, stop=1001318, strand=-
12:06:52.471 - INFO - ANNOTATION - fix gene: extract symbol from protein name. symbol=degV
12:06:52.471 - INFO - ANNOTATION - marked as hypothetical: contig=contig_4, start=1008890, stop=1011523, strand=-
12:06:52.471 - INFO - ANNOTATION - fix gene: extract symbol from protein name. symbol=trmO
12:06:52.471 - INFO - ANNOTATION - marked as hypothetical: contig=contig_4, start=1020295, stop=1021386, strand=-
12:06:52.471 - INFO - ANNOTATION - marked as hypothetical: contig=contig_4, start=1021370, stop=1022332, strand=-
12:06:52.471 - INFO - ANNOTATION - marked as hypothetical: contig=contig_4, start=1027682, stop=1028371, strand=-
12:06:52.471 - INFO - ANNOTATION - marked as hypothetical: contig=contig_4, start=1032225, stop=1032407, strand=-
12:06:52.471 - INFO - ANNOTATION - marked as hypothetical: contig=contig_4, start=1032601, stop=1034511, strand=-
12:06:52.471 - INFO - ANNOTATION - fix gene: extract symbol from protein name. symbol=drrA
12:06:52.471 - INFO - ANNOTATION - fix gene: extract symbol from protein name. symbol=sepF
12:06:52.472 - INFO - ANNOTATION - fix gene: extract symbol from protein name. symbol=hlyD
12:06:52.472 - INFO - ANNOTATION - fix gene: extract symbol from protein name. symbol=mutL
12:06:52.472 - INFO - ANNOTATION - fix gene: extract symbol from protein name. symbol=mutS
12:06:52.472 - INFO - ANNOTATION - fix gene: extract symbol from protein name. symbol=hemZ
12:06:52.472 - INFO - ANNOTATION - fix gene: extract symbol from protein name. symbol=khpB
12:06:52.472 - INFO - ANNOTATION - fix gene: extract symbol from protein name. symbol=dnaA
12:06:52.472 - INFO - ANNOTATION - fix gene: extract symbol from protein name. symbol=recF
12:06:52.472 - INFO - ANNOTATION - marked as hypothetical: contig=contig_4, start=1067407, stop=1067691, strand=+
12:06:52.472 - INFO - ANNOTATION - marked as hypothetical: contig=contig_4, start=1068535, stop=1068807, strand=-
12:06:52.472 - INFO - ANNOTATION - fix gene: extract symbol from protein name. symbol=lexA
12:06:52.472 - INFO - ANNOTATION - fix gene: extract symbol from protein name. symbol=marR
12:06:52.472 - INFO - ANNOTATION - fix gene: extract symbol from protein name. symbol=msbA
12:06:52.472 - INFO - ANNOTATION - fix gene: extract symbol from protein name. symbol=rhlE
12:06:52.473 - INFO - ANNOTATION - fix gene: extract symbol from protein name. symbol=xdhC
12:06:52.473 - INFO - ANNOTATION - marked as hypothetical: contig=contig_4, start=1086412, stop=1086990, strand=+
12:06:52.473 - INFO - ANNOTATION - marked as hypothetical: contig=contig_4, start=1087040, stop=1087708, strand=-
12:06:52.473 - INFO - ANNOTATION - marked as hypothetical: contig=contig_4, start=1087756, stop=1088340, strand=-
12:06:52.473 - INFO - ANNOTATION - marked as hypothetical: contig=contig_4, start=1088951, stop=1089082, strand=-
12:06:52.473 - INFO - ANNOTATION - fix gene: extract symbol from protein name. symbol=mglA
12:06:52.473 - INFO - ANNOTATION - marked as hypothetical: contig=contig_4, start=1102537, stop=1103064, strand=+
12:06:52.473 - INFO - ANNOTATION - marked as hypothetical: contig=contig_4, start=1104978, stop=1105298, strand=+
12:06:52.473 - INFO - ANNOTATION - fix gene: extract symbol from protein name. symbol=minD
12:06:52.473 - INFO - ANNOTATION - marked as hypothetical: contig=contig_4, start=1110110, stop=1110664, strand=+
12:06:52.473 - INFO - ANNOTATION - marked as hypothetical: contig=contig_4, start=1113030, stop=1113227, strand=+
12:06:52.473 - INFO - ANNOTATION - fix gene: extract symbol from protein name. symbol=nlpD
12:06:52.473 - INFO - ANNOTATION - fix gene: extract symbol from protein name. symbol=rsiW
12:06:52.474 - INFO - ANNOTATION - fix gene: lowercase first char. new=darA, old=DarA
12:06:52.474 - INFO - ANNOTATION - fix gene: lowercase first char. new=darA, old=DarA
12:06:52.474 - INFO - ANNOTATION - marked as hypothetical: contig=contig_4, start=1128717, stop=1129982, strand=+
12:06:52.474 - INFO - ANNOTATION - fix gene: extract symbol from protein name. symbol=ytvI
12:06:52.474 - INFO - ANNOTATION - marked as hypothetical: contig=contig_4, start=1134368, stop=1136503, strand=-
12:06:52.474 - INFO - ANNOTATION - marked as hypothetical: contig=contig_4, start=1136749, stop=1137078, strand=+
12:06:52.474 - INFO - ANNOTATION - marked as hypothetical: contig=contig_4, start=1137571, stop=1138467, strand=-
12:06:52.474 - INFO - ANNOTATION - fix gene: extract symbol from protein name. symbol=dctP
12:06:52.474 - INFO - ANNOTATION - fix gene: extract symbol from protein name. symbol=dctM
12:06:52.474 - INFO - ANNOTATION - marked as hypothetical: contig=contig_4, start=1143068, stop=1144270, strand=+
12:06:52.474 - INFO - ANNOTATION - marked as hypothetical: contig=contig_4, start=1147184, stop=1148146, strand=+
12:06:52.474 - INFO - ANNOTATION - fix product: revise DUF. new=DUF401 domain-containing protein, old=DUF401 family protein
12:06:52.474 - INFO - ANNOTATION - fix gene: extract symbol from protein name. symbol=ychF
12:06:52.474 - INFO - ANNOTATION - fix gene: extract symbol from protein name. symbol=marR
12:06:52.474 - INFO - ANNOTATION - fix gene: extract symbol from protein name. symbol=ydiF
12:06:52.474 - INFO - ANNOTATION - fix gene: extract symbol from protein name. symbol=maoC
12:06:52.474 - INFO - ANNOTATION - marked as hypothetical: contig=contig_4, start=1159281, stop=1159646, strand=-
12:06:52.474 - INFO - ANNOTATION - marked as hypothetical: contig=contig_4, start=1160281, stop=1160901, strand=+
12:06:52.474 - INFO - ANNOTATION - fix gene: extract symbol from protein name. symbol=gntR
12:06:52.475 - INFO - ANNOTATION - fix gene: extract symbol from protein name. symbol=mntP
12:06:52.475 - INFO - ANNOTATION - fix gene: extract symbol from protein name. symbol=yqeC
12:06:52.475 - INFO - ANNOTATION - fix gene: extract symbol from protein name. symbol=glnP
12:06:52.475 - INFO - ANNOTATION - fix gene: extract symbol from protein name. symbol=artM
12:06:52.475 - INFO - ANNOTATION - fix gene: extract symbol from protein name. symbol=fabG
12:06:52.475 - INFO - ANNOTATION - fix gene: extract symbol from protein name. symbol=yuaJ
12:06:52.475 - INFO - ANNOTATION - marked as hypothetical: contig=contig_4, start=1183857, stop=1184534, strand=-
12:06:52.475 - INFO - ANNOTATION - marked as hypothetical: contig=contig_4, start=1184518, stop=1184832, strand=-
12:06:52.475 - INFO - ANNOTATION - marked as hypothetical: contig=contig_4, start=1184832, stop=1185068, strand=-
12:06:52.475 - INFO - ANNOTATION - fix gene: extract symbol from protein name. symbol=deaD
12:06:52.475 - INFO - ANNOTATION - fix gene: extract symbol from protein name. symbol=gsiA
12:06:52.475 - INFO - ANNOTATION - fix gene: extract symbol from protein name. symbol=ykfD
12:06:52.475 - INFO - ANNOTATION - fix product: replace Homolog. new=Stage 0 sporulation  A-like protein, old=Stage 0 sporulation protein A homolog
12:06:52.475 - INFO - ANNOTATION - fix product: revise whitespaces. new=Stage 0 sporulation A-like protein, old=Stage 0 sporulation  A-like protein
12:06:52.476 - INFO - ANNOTATION - marked as hypothetical: contig=contig_4, start=1198870, stop=1199445, strand=+
12:06:52.476 - INFO - ANNOTATION - fix gene: extract symbol from protein name. symbol=gluA
12:06:52.476 - INFO - ANNOTATION - fix gene: extract symbol from protein name. symbol=ssnA
12:06:52.476 - INFO - ANNOTATION - fix gene: extract symbol from protein name. symbol=typA
12:06:52.476 - INFO - ANNOTATION - fix product: replace putative synonyms. new=putative tRNA sulfurtransferase, old=Probable tRNA sulfurtransferase
12:06:52.476 - INFO - ANNOTATION - fix gene: extract symbol from protein name. symbol=lysM
12:06:52.476 - INFO - ANNOTATION - fix gene: extract symbol from protein name. symbol=queH
12:06:52.476 - INFO - ANNOTATION - marked as hypothetical: contig=contig_4, start=1230919, stop=1233018, strand=+
12:06:52.476 - INFO - ANNOTATION - marked as hypothetical: contig=contig_4, start=1234769, stop=1236355, strand=+
12:06:52.476 - INFO - ANNOTATION - marked as hypothetical: contig=contig_4, start=1240216, stop=1241274, strand=+
12:06:52.477 - INFO - ANNOTATION - fix gene: extract symbol from protein name. symbol=fabZ
12:06:52.477 - INFO - ANNOTATION - marked as hypothetical: contig=contig_4, start=1254014, stop=1254484, strand=+
12:06:52.477 - INFO - ANNOTATION - fix product: replace Homolog. new=S-layer-like y domain-containing protein, old=S-layer homology domain-containing protein
12:06:52.477 - INFO - ANNOTATION - fix gene: extract symbol from protein name. symbol=dnaD
12:06:52.477 - INFO - ANNOTATION - fix gene: extract symbol from protein name. symbol=zapA
12:06:52.477 - INFO - ANNOTATION - fix gene: extract symbol from protein name. symbol=mreC
12:06:52.477 - INFO - ANNOTATION - fix gene: extract symbol from protein name. symbol=mreD
12:06:52.477 - INFO - ANNOTATION - fix product: replace Homolog. new=S-layer-like y domain-containing protein, old=S-layer homology domain-containing protein
12:06:52.477 - INFO - ANNOTATION - marked as hypothetical: contig=contig_4, start=1273534, stop=1273848, strand=+
12:06:52.477 - INFO - ANNOTATION - marked as hypothetical: contig=contig_4, start=1278366, stop=1278557, strand=+
12:06:52.477 - INFO - ANNOTATION - fix gene: extract symbol from protein name. symbol=oppF
12:06:52.478 - INFO - ANNOTATION - fix product: replace Homolog. new=NodB-like y domain-containing protein, old=NodB homology domain-containing protein
12:06:52.478 - INFO - ANNOTATION - fix gene: extract symbol from protein name. symbol=gsiA
12:06:52.478 - INFO - ANNOTATION - fix gene: lowercase first char. new=mglA, old=MglA
12:06:52.478 - INFO - ANNOTATION - fix gene: lowercase first char. new=mglA, old=MglA
12:06:52.478 - INFO - ANNOTATION - fix gene: extract symbol from protein name. symbol=mglB
12:06:52.478 - INFO - ANNOTATION - fix gene: extract symbol from protein name. symbol=mglB
12:06:52.478 - INFO - ANNOTATION - fix product: replace Homolog. new=Stage 0 sporulation  A-like protein, old=Stage 0 sporulation protein A homolog
12:06:52.478 - INFO - ANNOTATION - fix product: revise whitespaces. new=Stage 0 sporulation A-like protein, old=Stage 0 sporulation  A-like protein
12:06:52.478 - INFO - ANNOTATION - marked as hypothetical: contig=contig_4, start=1324587, stop=1325423, strand=+
12:06:52.478 - INFO - ANNOTATION - marked as hypothetical: contig=contig_4, start=1327517, stop=1327645, strand=+
12:06:52.478 - INFO - ANNOTATION - marked as hypothetical: contig=contig_5, start=3410, stop=4597, strand=+
12:06:52.479 - INFO - ANNOTATION - fix gene: extract symbol from protein name. symbol=yajC
12:06:52.479 - INFO - ANNOTATION - fix gene: extract symbol from protein name. symbol=xerC
12:06:52.479 - INFO - ANNOTATION - fix product: replace Homolog. new=GTP cyclohydrolase 1 type 2-like protein, old=GTP cyclohydrolase 1 type 2 homolog
12:06:52.479 - INFO - ANNOTATION - fix product: replace putative synonyms. new=putative transcriptional regulatory protein SAMEA3545403_02262, old=Probable transcriptional regulatory protein SAMEA3545403_02262
12:06:52.479 - INFO - ANNOTATION - fix gene: extract symbol from protein name. symbol=yheH
12:06:52.479 - INFO - ANNOTATION - fix gene: extract symbol from protein name. symbol=ysdC
12:06:52.479 - INFO - ANNOTATION - fix gene: extract symbol from protein name. symbol=ysdC
12:06:52.479 - INFO - ANNOTATION - marked as hypothetical: contig=contig_5, start=27285, stop=27977, strand=+
12:06:52.479 - INFO - ANNOTATION - fix gene: extract symbol from protein name. symbol=vanZ
12:06:52.479 - INFO - ANNOTATION - marked as hypothetical: contig=contig_5, start=31932, stop=33023, strand=+
12:06:52.479 - INFO - ANNOTATION - fix gene: extract symbol from protein name. symbol=xerC
12:06:52.479 - INFO - ANNOTATION - fix gene: extract symbol from protein name. symbol=radA
12:06:52.479 - INFO - ANNOTATION - marked as hypothetical: contig=contig_5, start=43871, stop=44050, strand=-
12:06:52.479 - INFO - ANNOTATION - marked as hypothetical: contig=contig_5, start=46684, stop=46941, strand=-
12:06:52.480 - INFO - ANNOTATION - fix product: replace domain name underscores. new=UPF0735 ACT domain-containing protein BN469-01312, old=UPF0735 ACT domain-containing protein BN469_01312
12:06:52.480 - INFO - ANNOTATION - fix product: replace putative synonyms. new=putative membrane transporter protein, old=Probable membrane transporter protein
12:06:52.480 - INFO - ANNOTATION - fix product: replace putative synonyms. new=putative membrane transporter protein, old=Probable membrane transporter protein
12:06:52.480 - INFO - ANNOTATION - fix gene: extract symbol from protein name. symbol=epsJ
12:06:52.480 - INFO - ANNOTATION - fix gene: extract symbol from protein name. symbol=eamA
12:06:52.480 - INFO - ANNOTATION - marked as hypothetical: contig=contig_5, start=68211, stop=68381, strand=-
12:06:52.480 - INFO - ANNOTATION - fix gene: extract symbol from protein name. symbol=rsgA
12:06:52.480 - INFO - ANNOTATION - fix product: replace putative synonyms. new=putative dual-specificity RNA methyltransferase RlmN, old=Probable dual-specificity RNA methyltransferase RlmN
12:06:52.480 - INFO - ANNOTATION - fix gene: extract symbol from protein name. symbol=rlmN
12:06:52.480 - INFO - ANNOTATION - fix gene: extract symbol from protein name. symbol=yicC
12:06:52.480 - INFO - ANNOTATION - fix gene: extract symbol from protein name. symbol=dnaJ
12:06:52.480 - INFO - ANNOTATION - fix product: revise DUF. new=DUF5685 domain-containing protein, old=DUF5685 family protein
12:06:52.480 - INFO - ANNOTATION - fix gene: extract symbol from protein name. symbol=soxR
12:06:52.481 - INFO - ANNOTATION - fix gene: extract symbol from protein name. symbol=rseC
12:06:52.481 - INFO - ANNOTATION - fix gene: extract symbol from protein name. symbol=cdaR
12:06:52.481 - INFO - ANNOTATION - marked as hypothetical: contig=contig_5, start=85792, stop=86889, strand=-
12:06:52.481 - INFO - ANNOTATION - marked as hypothetical: contig=contig_5, start=93657, stop=94199, strand=-
12:06:52.481 - INFO - ANNOTATION - marked as hypothetical: contig=contig_5, start=102391, stop=103590, strand=+
12:06:52.481 - INFO - ANNOTATION - fix gene: extract symbol from protein name. symbol=metN
12:06:52.481 - INFO - ANNOTATION - marked as hypothetical: contig=contig_5, start=117163, stop=117708, strand=+
12:06:52.481 - INFO - ANNOTATION - fix gene: extract symbol from protein name. symbol=yhbU
12:06:52.481 - INFO - ANNOTATION - marked as hypothetical: contig=contig_5, start=125213, stop=127225, strand=+
12:06:52.481 - INFO - ANNOTATION - marked as hypothetical: contig=contig_5, start=127514, stop=127738, strand=-
12:06:52.481 - INFO - ANNOTATION - marked as hypothetical: contig=contig_5, start=127832, stop=128071, strand=-
12:06:52.482 - INFO - ANNOTATION - fix gene: extract symbol from protein name. symbol=mepA
12:06:52.482 - INFO - ANNOTATION - fix gene: extract symbol from protein name. symbol=yxeP
12:06:52.482 - INFO - ANNOTATION - marked as hypothetical: contig=contig_5, start=143906, stop=144019, strand=+
12:06:52.482 - INFO - ANNOTATION - marked as hypothetical: contig=contig_5, start=144089, stop=144355, strand=-
12:06:52.482 - INFO - ANNOTATION - marked as hypothetical: contig=contig_5, start=144470, stop=146953, strand=+
12:06:52.482 - INFO - ANNOTATION - marked as hypothetical: contig=contig_5, start=147672, stop=147881, strand=+
12:06:52.482 - INFO - ANNOTATION - marked as hypothetical: contig=contig_5, start=147878, stop=148081, strand=+
12:06:52.482 - INFO - ANNOTATION - marked as hypothetical: contig=contig_5, start=148078, stop=148227, strand=+
12:06:52.482 - INFO - ANNOTATION - marked as hypothetical: contig=contig_5, start=148227, stop=148436, strand=+
12:06:52.482 - INFO - ANNOTATION - marked as hypothetical: contig=contig_5, start=148483, stop=148656, strand=+
12:06:52.482 - INFO - ORF - write internal aa seqs: # seqs=432, path=/tmp/slurm-639422/tmpfnctm3tp/cds.pseudo.candidates.faa
12:10:29.064 - INFO - CDS - found: pseudogene-candidates=6
12:10:29.575 - INFO - CDS - pseudogene observation: contig=contig_1, start=16455, stop=16673, strand=-, effect=stop, cause=mutation, position=16457
12:10:29.576 - INFO - CDS - pseudogene: contig=contig_1, start=16455, stop=16673, strand=-, insertions=[], deletions=[], mutations=[16457], effect=Internal stop codon at 16457
12:10:29.576 - INFO - CDS - pseudogene observation: contig=contig_2, start=402, stop=806, strand=-, cause=insertion, position=446
12:10:29.576 - INFO - CDS - pseudogene observation: contig=contig_2, start=402, stop=806, strand=-, cause=insertion, position=313
12:10:29.576 - INFO - CDS - pseudogene observation: contig=contig_2, start=402, stop=806, strand=-, cause=deletion, position=276
12:10:29.576 - INFO - CDS - pseudogene observation: contig=contig_2, start=402, stop=806, strand=-, cause=insertion, position=255
12:10:29.576 - INFO - CDS - pseudogene observation: contig=contig_2, start=402, stop=806, strand=-, cause=insertion, position=242
12:10:29.576 - INFO - CDS - pseudogene observation: contig=contig_2, start=402, stop=806, strand=-, cause=insertion, position=217
12:10:29.576 - INFO - CDS - pseudogene observation: contig=contig_2, start=402, stop=806, strand=-, cause=insertion, position=183
12:10:29.576 - INFO - CDS - pseudogene: contig=contig_2, start=402, stop=806, strand=-, insertions=[183, 217, 242, 255, 313, 446], deletions=[276], mutations=[], effect=
12:10:29.576 - INFO - CDS - pseudogene observation: contig=contig_2, start=390038, stop=390160, strand=-, cause=deletion, position=390183
12:10:29.576 - INFO - CDS - pseudogene: contig=contig_2, start=390038, stop=390160, strand=-, insertions=[], deletions=[390183], mutations=[], effect=
12:10:29.577 - INFO - CDS - pseudogene observation: contig=contig_5, start=85792, stop=86889, strand=-, effect=stop, cause=mutation, position=85794
12:10:29.577 - INFO - CDS - pseudogene: contig=contig_5, start=85792, stop=86889, strand=-, insertions=[], deletions=[], mutations=[85794], effect=Internal stop codon at 85794
12:10:29.577 - INFO - CDS - found: pseudogenes=4
12:10:29.594 - INFO - PSC - looked-up=4
12:10:29.610 - INFO - PSCC - looked-up=4
12:10:29.610 - INFO - ANNOTATION - marked as hypothetical: contig=contig_1, start=16455, stop=16673, strand=-
12:10:29.610 - INFO - ANNOTATION - marked as hypothetical: contig=contig_2, start=390038, stop=390160, strand=-
12:10:29.719 - INFO - CDS - pfam detected: contig=contig_2, start=907795, stop=908532, strand=+, pfam-id=PF13279.10, length=113, aa-start=14, aa-stop=123, aa-cov=0.4, hmm-cov=1.0, evalue=3.6e-14, bitscore=48.0, name=4HBT_2
12:10:29.734 - INFO - CDS - pfam detected: contig=contig_4, start=3291, stop=5297, strand=-, pfam-id=PF00004.33, length=147, aa-start=361, aa-stop=491, aa-cov=0.2, hmm-cov=0.8, evalue=5.7e-06, bitscore=21.6, name=AAA
12:10:29.752 - INFO - CDS - pfam detected: contig=contig_2, start=640261, stop=640974, strand=-, pfam-id=PF13304.10, length=70, aa-start=128, aa-stop=194, aa-cov=0.3, hmm-cov=1.0, evalue=5.8e-15, bitscore=50.7, name=AAA_21
12:10:29.753 - INFO - CDS - pfam detected: contig=contig_4, start=887193, stop=887900, strand=-, pfam-id=PF13304.10, length=67, aa-start=127, aa-stop=190, aa-cov=0.3, hmm-cov=1.0, evalue=4.6e-13, bitscore=44.4, name=AAA_21
12:10:29.753 - INFO - CDS - pfam detected: contig=contig_4, start=237191, stop=239128, strand=-, pfam-id=PF13476.10, length=348, aa-start=8, aa-stop=288, aa-cov=0.4, hmm-cov=0.6, evalue=6.8e-13, bitscore=44.4, name=AAA_23
12:10:29.756 - INFO - CDS - pfam detected: contig=contig_4, start=3291, stop=5297, strand=-, pfam-id=PF07728.18, length=148, aa-start=360, aa-stop=498, aa-cov=0.2, hmm-cov=0.9, evalue=1.5e-09, bitscore=32.7, name=AAA_5
12:10:29.756 - INFO - CDS - pfam detected: contig=contig_4, start=436637, stop=437098, strand=-, pfam-id=PF07728.18, length=36, aa-start=35, aa-stop=70, aa-cov=0.2, hmm-cov=0.9, evalue=1.2e-06, bitscore=23.3, name=AAA_5
12:10:29.761 - INFO - CDS - pfam detected: contig=contig_2, start=574162, stop=574929, strand=+, pfam-id=PF12679.11, length=216, aa-start=53, aa-stop=253, aa-cov=0.8, hmm-cov=1.0, evalue=1.8e-12, bitscore=41.8, name=ABC2_membrane_2
12:10:29.762 - INFO - CDS - pfam detected: contig=contig_4, start=887193, stop=887900, strand=-, pfam-id=PF00005.31, length=148, aa-start=20, aa-stop=163, aa-cov=0.6, hmm-cov=0.9, evalue=4.7e-32, bitscore=106.2, name=ABC_tran
12:10:29.762 - INFO - CDS - pfam detected: contig=contig_2, start=640261, stop=640974, strand=-, pfam-id=PF00005.31, length=155, aa-start=20, aa-stop=162, aa-cov=0.6, hmm-cov=0.9, evalue=5.3e-27, bitscore=89.9, name=ABC_tran
12:10:29.764 - INFO - CDS - pfam detected: contig=contig_2, start=102208, stop=104709, strand=+, pfam-id=PF00561.24, length=110, aa-start=249, aa-stop=357, aa-cov=0.1, hmm-cov=0.9, evalue=4.0e-20, bitscore=67.2, name=Abhydrolase_1
12:10:29.764 - INFO - CDS - pfam detected: contig=contig_2, start=102208, stop=104709, strand=+, pfam-id=PF20408.2, length=108, aa-start=250, aa-stop=354, aa-cov=0.1, hmm-cov=0.9, evalue=1.7e-11, bitscore=38.9, name=Abhydrolase_11
12:10:29.765 - INFO - CDS - pfam detected: contig=contig_2, start=102208, stop=104709, strand=+, pfam-id=PF12697.11, length=220, aa-start=269, aa-stop=475, aa-cov=0.2, hmm-cov=0.9, evalue=1.3e-14, bitscore=50.0, name=Abhydrolase_6
12:10:29.779 - INFO - CDS - pfam detected: contig=contig_2, start=594589, stop=595212, strand=+, pfam-id=PF13508.11, length=85, aa-start=55, aa-stop=136, aa-cov=0.4, hmm-cov=0.9, evalue=1.9e-10, bitscore=35.7, name=Acetyltransf_7
12:10:29.779 - INFO - CDS - pfam detected: contig=contig_4, start=14265, stop=15044, strand=+, pfam-id=PF13508.11, length=78, aa-start=174, aa-stop=246, aa-cov=0.3, hmm-cov=0.9, evalue=2.4e-08, bitscore=29.0, name=Acetyltransf_7
12:10:29.779 - INFO - CDS - pfam detected: contig=contig_2, start=594589, stop=595212, strand=+, pfam-id=PF13527.11, length=131, aa-start=7, aa-stop=136, aa-cov=0.6, hmm-cov=0.9, evalue=7.4e-10, bitscore=33.7, name=Acetyltransf_9
12:10:29.779 - INFO - CDS - pfam detected: contig=contig_4, start=436222, stop=436755, strand=+, pfam-id=PF01648.24, length=90, aa-start=75, aa-stop=155, aa-cov=0.5, hmm-cov=1.0, evalue=1.8e-15, bitscore=51.7, name=ACPS
12:10:29.786 - INFO - CDS - pfam detected: contig=contig_2, start=907795, stop=908532, strand=+, pfam-id=PF01643.21, length=122, aa-start=5, aa-stop=125, aa-cov=0.5, hmm-cov=1.0, evalue=8.3e-19, bitscore=62.4, name=Acyl-ACP_TE
12:10:29.787 - INFO - CDS - pfam detected: contig=contig_2, start=907795, stop=908532, strand=+, pfam-id=PF20791.1, length=57, aa-start=157, aa-stop=213, aa-cov=0.2, hmm-cov=1.0, evalue=6.6e-13, bitscore=43.5, name=Acyl-ACP_TE_C
12:10:29.795 - INFO - CDS - pfam detected: contig=contig_4, start=1159281, stop=1159646, strand=-, pfam-id=PF00441.28, length=77, aa-start=44, aa-stop=120, aa-cov=0.6, hmm-cov=1.0, evalue=8.0e-31, bitscore=102.0, name=Acyl-CoA_dh_1
12:10:29.795 - INFO - CDS - pfam detected: contig=contig_4, start=1159281, stop=1159646, strand=-, pfam-id=PF08028.15, length=73, aa-start=42, aa-stop=108, aa-cov=0.6, hmm-cov=1.0, evalue=3.5e-14, bitscore=47.9, name=Acyl-CoA_dh_2
12:10:29.798 - INFO - CDS - pfam detected: contig=contig_4, start=1159281, stop=1159646, strand=-, pfam-id=PF02771.20, length=41, aa-start=5, aa-stop=45, aa-cov=0.3, hmm-cov=1.0, evalue=2.8e-09, bitscore=32.1, name=Acyl-CoA_dh_N
12:10:29.804 - INFO - CDS - pfam detected: contig=contig_2, start=334521, stop=335288, strand=+, pfam-id=PF00106.29, length=190, aa-start=5, aa-stop=189, aa-cov=0.7, hmm-cov=1.0, evalue=5.1e-39, bitscore=128.5, name=adh_short
12:10:29.804 - INFO - CDS - pfam detected: contig=contig_2, start=334521, stop=335288, strand=+, pfam-id=PF13561.10, length=220, aa-start=8, aa-stop=216, aa-cov=0.8, hmm-cov=1.0, evalue=3.6e-30, bitscore=100.0, name=adh_short_C2
12:10:29.806 - INFO - CDS - pfam detected: contig=contig_2, start=1014735, stop=1016171, strand=+, pfam-id=PF10397.13, length=84, aa-start=371, aa-stop=453, aa-cov=0.2, hmm-cov=0.9, evalue=2.9e-24, bitscore=80.0, name=ADSL_C
12:10:29.839 - INFO - CDS - pfam detected: contig=contig_1, start=33326, stop=33868, strand=-, pfam-id=PF00578.25, length=125, aa-start=32, aa-stop=151, aa-cov=0.7, hmm-cov=0.9, evalue=5.5e-12, bitscore=40.5, name=AhpC-TSA
12:10:29.883 - INFO - CDS - pfam detected: contig=contig_2, start=67924, stop=68322, strand=+, pfam-id=PF01979.24, length=119, aa-start=7, aa-stop=121, aa-cov=0.9, hmm-cov=0.9, evalue=7.4e-12, bitscore=39.8, name=Amidohydro_1
12:10:29.883 - INFO - CDS - pfam detected: contig=contig_2, start=67924, stop=68322, strand=+, pfam-id=PF07969.15, length=72, aa-start=50, aa-stop=121, aa-cov=0.5, hmm-cov=0.9, evalue=4.8e-11, bitscore=37.4, name=Amidohydro_3
12:10:29.895 - INFO - CDS - pfam detected: contig=contig_5, start=93657, stop=94199, strand=-, pfam-id=PF03861.18, length=51, aa-start=124, aa-stop=174, aa-cov=0.3, hmm-cov=1.0, evalue=1.9e-20, bitscore=67.2, name=ANTAR
12:10:30.115 - INFO - CDS - pfam detected: contig=contig_2, start=633499, stop=634164, strand=-, pfam-id=PF12733.11, length=94, aa-start=104, aa-stop=187, aa-cov=0.4, hmm-cov=0.9, evalue=1.4e-16, bitscore=55.4, name=Cadherin-like
12:10:30.268 - INFO - CDS - pfam detected: contig=contig_4, start=869557, stop=870918, strand=-, pfam-id=PF00285.25, length=398, aa-start=45, aa-stop=437, aa-cov=0.9, hmm-cov=0.9, evalue=5.6e-112, bitscore=369.0, name=Citrate_synt
12:10:30.273 - INFO - CDS - pfam detected: contig=contig_4, start=354297, stop=355100, strand=-, pfam-id=PF00574.27, length=142, aa-start=37, aa-stop=176, aa-cov=0.5, hmm-cov=1.0, evalue=1.3e-26, bitscore=88.3, name=CLP_protease
12:10:30.314 - INFO - CDS - pfam detected: contig=contig_4, start=75570, stop=76622, strand=-, pfam-id=PF02786.21, length=171, aa-start=153, aa-stop=311, aa-cov=0.5, hmm-cov=1.0, evalue=8.2e-10, bitscore=33.2, name=CPSase_L_D2
12:10:30.331 - INFO - CDS - pfam detected: contig=contig_4, start=856033, stop=856245, strand=-, pfam-id=PF00313.26, length=67, aa-start=3, aa-stop=69, aa-cov=1.0, hmm-cov=1.0, evalue=4.4e-29, bitscore=94.9, name=CSD
12:10:30.364 - INFO - CDS - pfam detected: contig=contig_2, start=394610, stop=395194, strand=-, pfam-id=PF07883.15, length=57, aa-start=116, aa-stop=172, aa-cov=0.3, hmm-cov=1.0, evalue=2.8e-15, bitscore=50.6, name=Cupin_2
12:10:30.364 - INFO - CDS - pfam detected: contig=contig_2, start=394610, stop=395194, strand=-, pfam-id=PF05899.16, length=37, aa-start=120, aa-stop=155, aa-cov=0.2, hmm-cov=1.0, evalue=9.9e-08, bitscore=26.4, name=Cupin_3
12:10:30.366 - INFO - CDS - pfam detected: contig=contig_4, start=1234769, stop=1236355, strand=+, pfam-id=PF07833.15, length=88, aa-start=245, aa-stop=331, aa-cov=0.2, hmm-cov=1.0, evalue=1.3e-29, bitscore=97.1, name=Cu_amine_oxidN1
12:10:30.366 - INFO - CDS - pfam detected: contig=contig_2, start=503982, stop=504749, strand=-, pfam-id=PF07833.15, length=91, aa-start=42, aa-stop=129, aa-cov=0.3, hmm-cov=1.0, evalue=3.3e-19, bitscore=63.7, name=Cu_amine_oxidN1
12:10:30.396 - INFO - CDS - pfam detected: contig=contig_4, start=937498, stop=938517, strand=-, pfam-id=PF18152.5, length=67, aa-start=1, aa-stop=67, aa-cov=0.2, hmm-cov=1.0, evalue=1.6e-21, bitscore=70.7, name=DAHP_snth_FXD
12:10:30.396 - INFO - CDS - pfam detected: contig=contig_4, start=937498, stop=938517, strand=-, pfam-id=PF00793.24, length=254, aa-start=87, aa-stop=324, aa-cov=0.7, hmm-cov=1.0, evalue=1.4e-82, bitscore=271.3, name=DAHP_synth_1
12:10:30.408 - INFO - CDS - pfam detected: contig=contig_2, start=643384, stop=644130, strand=-, pfam-id=PF01609.25, length=108, aa-start=57, aa-stop=162, aa-cov=0.4, hmm-cov=1.0, evalue=1.6e-19, bitscore=65.2, name=DDE_Tnp_1
12:10:30.439 - INFO - CDS - pfam detected: contig=contig_5, start=117163, stop=117708, strand=+, pfam-id=PF01965.28, length=162, aa-start=2, aa-stop=162, aa-cov=0.9, hmm-cov=1.0, evalue=7.4e-41, bitscore=134.4, name=DJ-1_PfpI
12:10:30.441 - INFO - CDS - pfam detected: contig=contig_2, start=102208, stop=104709, strand=+, pfam-id=PF01738.22, length=130, aa-start=236, aa-stop=352, aa-cov=0.1, hmm-cov=1.0, evalue=1.6e-12, bitscore=42.1, name=DLH
12:10:30.471 - INFO - CDS - pfam detected: contig=contig_4, start=305175, stop=306326, strand=+, pfam-id=PF00226.35, length=63, aa-start=7, aa-stop=69, aa-cov=0.2, hmm-cov=1.0, evalue=3.9e-31, bitscore=101.8, name=DnaJ
12:10:30.472 - INFO - CDS - pfam detected: contig=contig_4, start=305175, stop=306326, strand=+, pfam-id=PF01556.22, length=217, aa-start=129, aa-stop=345, aa-cov=0.6, hmm-cov=0.7, evalue=1.6e-53, bitscore=175.6, name=DnaJ_C
12:10:30.472 - INFO - CDS - pfam detected: contig=contig_4, start=305175, stop=306326, strand=+, pfam-id=PF00684.23, length=65, aa-start=155, aa-stop=219, aa-cov=0.2, hmm-cov=1.0, evalue=1.6e-15, bitscore=51.9, name=DnaJ_CXXCXGXG
12:10:30.488 - INFO - CDS - pfam detected: contig=contig_4, start=726556, stop=727419, strand=+, pfam-id=PF16924.9, length=116, aa-start=6, aa-stop=117, aa-cov=0.4, hmm-cov=1.0, evalue=1.7e-25, bitscore=84.1, name=DpaA_N
12:10:30.593 - INFO - CDS - pfam detected: contig=contig_4, start=497760, stop=498386, strand=-, pfam-id=PF04015.16, length=101, aa-start=99, aa-stop=196, aa-cov=0.5, hmm-cov=1.0, evalue=2.0e-13, bitscore=45.5, name=DUF362
12:10:30.604 - INFO - CDS - pfam detected: contig=contig_4, start=1000941, stop=1001318, strand=-, pfam-id=PF12646.11, length=56, aa-start=65, aa-stop=120, aa-cov=0.4, hmm-cov=1.0, evalue=4.9e-21, bitscore=69.2, name=DUF3783
12:10:30.691 - INFO - CDS - pfam detected: contig=contig_4, start=498701, stop=499708, strand=-, pfam-id=PF13660.10, length=56, aa-start=268, aa-stop=323, aa-cov=0.2, hmm-cov=1.0, evalue=6.8e-19, bitscore=62.9, name=DUF4147
12:10:30.705 - INFO - CDS - pfam detected: contig=contig_4, start=575492, stop=576226, strand=+, pfam-id=PF14285.10, length=113, aa-start=132, aa-stop=240, aa-cov=0.4, hmm-cov=1.0, evalue=2.8e-12, bitscore=41.8, name=DUF4367
12:10:30.721 - INFO - CDS - pfam detected: contig=contig_4, start=1134368, stop=1136503, strand=-, pfam-id=PF16244.9, length=99, aa-start=352, aa-stop=450, aa-cov=0.1, hmm-cov=1.0, evalue=2.5e-15, bitscore=51.6, name=DUF4901
12:10:30.749 - INFO - CDS - pfam detected: contig=contig_4, start=45095, stop=46528, strand=+, pfam-id=PF18705.5, length=112, aa-start=246, aa-stop=354, aa-cov=0.2, hmm-cov=0.9, evalue=3.8e-16, bitscore=53.8, name=DUF5643
12:10:30.763 - INFO - CDS - pfam detected: contig=contig_4, start=638972, stop=639346, strand=+, pfam-id=PF19481.3, length=122, aa-start=1, aa-stop=122, aa-cov=1.0, hmm-cov=1.0, evalue=3.5e-72, bitscore=236.1, name=DUF6017
12:10:30.800 - INFO - CDS - pfam detected: contig=contig_4, start=351201, stop=351638, strand=-, pfam-id=PF20765.1, length=95, aa-start=5, aa-stop=99, aa-cov=0.7, hmm-cov=0.9, evalue=1.4e-12, bitscore=42.7, name=DUF6838
12:10:30.831 - INFO - CDS - pfam detected: contig=contig_4, start=741083, stop=743347, strand=+, pfam-id=PF00563.24, length=233, aa-start=507, aa-stop=738, aa-cov=0.3, hmm-cov=1.0, evalue=8.5e-72, bitscore=236.0, name=EAL
12:10:30.943 - INFO - CDS - pfam detected: contig=contig_4, start=402648, stop=403289, strand=-, pfam-id=PF07729.16, length=123, aa-start=78, aa-stop=198, aa-cov=0.6, hmm-cov=1.0, evalue=2.5e-19, bitscore=64.7, name=FCD
12:10:30.943 - INFO - CDS - pfam detected: contig=contig_2, start=170093, stop=170638, strand=-, pfam-id=PF07729.16, length=137, aa-start=34, aa-stop=168, aa-cov=0.7, hmm-cov=0.9, evalue=6.7e-14, bitscore=47.1, name=FCD
12:10:30.948 - INFO - CDS - pfam detected: contig=contig_4, start=27305, stop=27475, strand=-, pfam-id=PF00037.31, length=24, aa-start=31, aa-stop=54, aa-cov=0.4, hmm-cov=1.0, evalue=3.9e-19, bitscore=62.5, name=Fer4
12:10:30.948 - INFO - CDS - pfam detected: contig=contig_4, start=27305, stop=27475, strand=-, pfam-id=PF13237.10, length=54, aa-start=3, aa-stop=49, aa-cov=0.8, hmm-cov=1.0, evalue=1.5e-13, bitscore=45.3, name=Fer4_10
12:10:30.950 - INFO - CDS - pfam detected: contig=contig_4, start=27305, stop=27475, strand=-, pfam-id=PF13484.10, length=31, aa-start=9, aa-stop=39, aa-cov=0.6, hmm-cov=1.0, evalue=2.5e-13, bitscore=45.4, name=Fer4_16
12:10:30.950 - INFO - CDS - pfam detected: contig=contig_4, start=27305, stop=27475, strand=-, pfam-id=PF13534.10, length=19, aa-start=33, aa-stop=51, aa-cov=0.3, hmm-cov=1.0, evalue=7.5e-07, bitscore=24.4, name=Fer4_17
12:10:30.951 - INFO - CDS - pfam detected: contig=contig_4, start=27305, stop=27475, strand=-, pfam-id=PF12797.11, length=19, aa-start=32, aa-stop=50, aa-cov=0.3, hmm-cov=1.0, evalue=7.6e-14, bitscore=45.5, name=Fer4_2
12:10:30.954 - INFO - CDS - pfam detected: contig=contig_4, start=27305, stop=27475, strand=-, pfam-id=PF12800.11, length=15, aa-start=7, aa-stop=21, aa-cov=0.3, hmm-cov=1.0, evalue=6.2e-10, bitscore=33.5, name=Fer4_4
12:10:30.954 - INFO - CDS - pfam detected: contig=contig_4, start=27305, stop=27475, strand=-, pfam-id=PF12837.11, length=22, aa-start=32, aa-stop=53, aa-cov=0.4, hmm-cov=1.0, evalue=1.1e-13, bitscore=45.2, name=Fer4_6
12:10:30.967 - INFO - CDS - pfam detected: contig=contig_4, start=27305, stop=27475, strand=-, pfam-id=PF12838.11, length=52, aa-start=8, aa-stop=52, aa-cov=0.8, hmm-cov=1.0, evalue=1.1e-12, bitscore=43.0, name=Fer4_7
12:10:30.967 - INFO - CDS - pfam detected: contig=contig_4, start=27305, stop=27475, strand=-, pfam-id=PF13183.10, length=22, aa-start=7, aa-stop=28, aa-cov=0.4, hmm-cov=1.0, evalue=1.0e-08, bitscore=30.4, name=Fer4_8
12:10:30.984 - INFO - CDS - pfam detected: contig=contig_4, start=858169, stop=862449, strand=+, pfam-id=PF07554.17, length=70, aa-start=1158, aa-stop=1220, aa-cov=0.0, hmm-cov=1.0, evalue=3.7e-10, bitscore=35.1, name=FIVAR
12:10:30.993 - INFO - CDS - pfam detected: contig=contig_4, start=858169, stop=862449, strand=+, pfam-id=PF18998.4, length=78, aa-start=1231, aa-stop=1308, aa-cov=0.1, hmm-cov=0.9, evalue=2.6e-11, bitscore=38.1, name=Flg_new_2
12:10:31.027 - INFO - CDS - pfam detected: contig=contig_2, start=413445, stop=414368, strand=-, pfam-id=PF08867.15, length=42, aa-start=36, aa-stop=77, aa-cov=0.1, hmm-cov=0.9, evalue=9.1e-11, bitscore=37.3, name=FRG
12:10:31.050 - INFO - CDS - pfam detected: contig=contig_4, start=516375, stop=518048, strand=-, pfam-id=PF01590.30, length=137, aa-start=10, aa-stop=135, aa-cov=0.2, hmm-cov=0.9, evalue=2.5e-08, bitscore=29.3, name=GAF
12:10:31.050 - INFO - CDS - pfam detected: contig=contig_4, start=3291, stop=5297, strand=-, pfam-id=PF01590.30, length=99, aa-start=116, aa-stop=199, aa-cov=0.1, hmm-cov=1.0, evalue=2.4e-06, bitscore=22.9, name=GAF
12:10:31.088 - INFO - CDS - pfam detected: contig=contig_2, start=99759, stop=100682, strand=+, pfam-id=PF10646.13, length=112, aa-start=41, aa-stop=149, aa-cov=0.4, hmm-cov=0.9, evalue=1.9e-35, bitscore=116.6, name=Germane
12:10:31.102 - INFO - CDS - pfam detected: contig=contig_4, start=476670, stop=477818, strand=-, pfam-id=PF00990.25, length=156, aa-start=226, aa-stop=376, aa-cov=0.4, hmm-cov=1.0, evalue=9.6e-38, bitscore=124.2, name=GGDEF
12:10:31.102 - INFO - CDS - pfam detected: contig=contig_2, start=493338, stop=494096, strand=+, pfam-id=PF00990.25, length=160, aa-start=102, aa-stop=248, aa-cov=0.6, hmm-cov=1.0, evalue=4.9e-36, bitscore=118.7, name=GGDEF
12:10:31.102 - INFO - CDS - pfam detected: contig=contig_2, start=461868, stop=462467, strand=-, pfam-id=PF00990.25, length=158, aa-start=45, aa-stop=195, aa-cov=0.8, hmm-cov=1.0, evalue=3.5e-30, bitscore=99.6, name=GGDEF
12:10:31.102 - INFO - CDS - pfam detected: contig=contig_4, start=741083, stop=743347, strand=+, pfam-id=PF00990.25, length=127, aa-start=332, aa-stop=449, aa-cov=0.2, hmm-cov=1.0, evalue=1.3e-25, bitscore=84.8, name=GGDEF
12:10:31.102 - INFO - CDS - pfam detected: contig=contig_1, start=15113, stop=16201, strand=-, pfam-id=PF00990.25, length=158, aa-start=205, aa-stop=354, aa-cov=0.4, hmm-cov=1.0, evalue=9.2e-23, bitscore=75.5, name=GGDEF
12:10:31.109 - INFO - CDS - pfam detected: contig=contig_2, start=533648, stop=534418, strand=+, pfam-id=PF01541.28, length=71, aa-start=3, aa-stop=70, aa-cov=0.3, hmm-cov=1.0, evalue=4.6e-18, bitscore=60.1, name=GIY-YIG
12:10:31.222 - INFO - CDS - pfam detected: contig=contig_4, start=329973, stop=331229, strand=-, pfam-id=PF13641.10, length=109, aa-start=10, aa-stop=112, aa-cov=0.2, hmm-cov=1.0, evalue=1.4e-15, bitscore=52.5, name=Glyco_tranf_2_3
12:10:31.251 - INFO - CDS - pfam detected: contig=contig_4, start=402648, stop=403289, strand=-, pfam-id=PF00392.25, length=64, aa-start=5, aa-stop=67, aa-cov=0.3, hmm-cov=1.0, evalue=6.0e-17, bitscore=55.9, name=GntR
12:10:31.251 - INFO - CDS - pfam detected: contig=contig_2, start=170672, stop=170869, strand=-, pfam-id=PF00392.25, length=43, aa-start=23, aa-stop=65, aa-cov=0.7, hmm-cov=1.0, evalue=4.9e-14, bitscore=46.5, name=GntR
12:10:31.275 - INFO - CDS - pfam detected: contig=contig_4, start=439787, stop=441646, strand=-, pfam-id=PF00009.31, length=182, aa-start=4, aa-stop=165, aa-cov=0.3, hmm-cov=1.0, evalue=4.9e-29, bitscore=96.0, name=GTP_EFTU
12:10:31.275 - INFO - CDS - pfam detected: contig=contig_4, start=439787, stop=441646, strand=-, pfam-id=PF03144.29, length=72, aa-start=193, aa-stop=259, aa-cov=0.1, hmm-cov=1.0, evalue=2.2e-13, bitscore=45.2, name=GTP_EFTU_D2
12:10:31.289 - INFO - CDS - pfam detected: contig=contig_2, start=98326, stop=99762, strand=+, pfam-id=PF00672.29, length=51, aa-start=195, aa-stop=245, aa-cov=0.1, hmm-cov=1.0, evalue=4.5e-11, bitscore=37.7, name=HAMP
12:10:31.294 - INFO - CDS - pfam detected: contig=contig_2, start=98326, stop=99762, strand=+, pfam-id=PF02518.30, length=110, aa-start=363, aa-stop=472, aa-cov=0.2, hmm-cov=1.0, evalue=1.3e-30, bitscore=100.9, name=HATPase_c
12:10:31.295 - INFO - CDS - pfam detected: contig=contig_2, start=540685, stop=544287, strand=-, pfam-id=PF02518.30, length=113, aa-start=928, aa-stop=1040, aa-cov=0.1, hmm-cov=0.9, evalue=4.8e-30, bitscore=99.0, name=HATPase_c
12:10:31.295 - INFO - CDS - pfam detected: contig=contig_4, start=873458, stop=877375, strand=+, pfam-id=PF02518.30, length=116, aa-start=903, aa-stop=1018, aa-cov=0.1, hmm-cov=0.9, evalue=2.2e-29, bitscore=96.9, name=HATPase_c
12:10:31.295 - INFO - CDS - pfam detected: contig=contig_2, start=849896, stop=853786, strand=+, pfam-id=PF02518.30, length=117, aa-start=894, aa-stop=1010, aa-cov=0.1, hmm-cov=0.9, evalue=6.3e-28, bitscore=92.2, name=HATPase_c
12:10:31.654 - INFO - CDS - pfam detected: contig=contig_2, start=540685, stop=544287, strand=-, pfam-id=PF00512.29, length=69, aa-start=812, aa-stop=880, aa-cov=0.1, hmm-cov=0.9, evalue=5.5e-20, bitscore=66.0, name=HisKA
12:10:31.654 - INFO - CDS - pfam detected: contig=contig_2, start=98326, stop=99762, strand=+, pfam-id=PF00512.29, length=66, aa-start=251, aa-stop=316, aa-cov=0.1, hmm-cov=1.0, evalue=6.7e-18, bitscore=59.3, name=HisKA
12:10:31.654 - INFO - CDS - pfam detected: contig=contig_2, start=849896, stop=853786, strand=+, pfam-id=PF00512.29, length=67, aa-start=781, aa-stop=847, aa-cov=0.1, hmm-cov=1.0, evalue=3.3e-17, bitscore=57.1, name=HisKA
12:10:31.654 - INFO - CDS - pfam detected: contig=contig_4, start=873458, stop=877375, strand=+, pfam-id=PF00512.29, length=67, aa-start=790, aa-stop=856, aa-cov=0.1, hmm-cov=1.0, evalue=3.2e-16, bitscore=53.9, name=HisKA
12:10:31.654 - INFO - CDS - pfam detected: contig=contig_2, start=396409, stop=397146, strand=-, pfam-id=PF00512.29, length=54, aa-start=1, aa-stop=54, aa-cov=0.2, hmm-cov=1.0, evalue=3.4e-10, bitscore=34.6, name=HisKA
12:10:31.711 - INFO - CDS - pfam detected: contig=contig_4, start=1137571, stop=1138467, strand=-, pfam-id=PF00126.31, length=58, aa-start=4, aa-stop=61, aa-cov=0.2, hmm-cov=1.0, evalue=1.2e-21, bitscore=71.2, name=HTH_1
12:10:31.712 - INFO - CDS - pfam detected: contig=contig_4, start=497760, stop=498386, strand=-, pfam-id=PF00126.31, length=59, aa-start=4, aa-stop=62, aa-cov=0.3, hmm-cov=1.0, evalue=1.3e-18, bitscore=61.5, name=HTH_1
12:10:31.713 - INFO - CDS - pfam detected: contig=contig_4, start=365755, stop=366318, strand=-, pfam-id=PF13384.10, length=31, aa-start=141, aa-stop=171, aa-cov=0.2, hmm-cov=1.0, evalue=1.1e-11, bitscore=39.0, name=HTH_23
12:10:31.714 - INFO - CDS - pfam detected: contig=contig_4, start=234403, stop=234972, strand=-, pfam-id=PF13384.10, length=32, aa-start=140, aa-stop=171, aa-cov=0.2, hmm-cov=1.0, evalue=1.3e-11, bitscore=38.8, name=HTH_23
12:10:31.714 - INFO - CDS - pfam detected: contig=contig_4, start=516375, stop=518048, strand=-, pfam-id=PF13384.10, length=40, aa-start=515, aa-stop=554, aa-cov=0.1, hmm-cov=1.0, evalue=2.4e-08, bitscore=28.4, name=HTH_23
12:10:31.714 - INFO - CDS - pfam detected: contig=contig_4, start=369977, stop=370264, strand=-, pfam-id=PF13412.10, length=23, aa-start=9, aa-stop=31, aa-cov=0.2, hmm-cov=1.0, evalue=1.4e-06, bitscore=22.5, name=HTH_24
12:10:31.715 - INFO - CDS - pfam detected: contig=contig_4, start=369977, stop=370264, strand=-, pfam-id=PF13443.10, length=60, aa-start=3, aa-stop=61, aa-cov=0.6, hmm-cov=1.0, evalue=3.4e-13, bitscore=44.4, name=HTH_26
12:10:31.715 - INFO - CDS - pfam detected: contig=contig_4, start=244339, stop=244770, strand=+, pfam-id=PF13443.10, length=55, aa-start=7, aa-stop=61, aa-cov=0.4, hmm-cov=1.0, evalue=4.1e-13, bitscore=44.2, name=HTH_26
12:10:31.715 - INFO - CDS - pfam detected: contig=contig_2, start=394610, stop=395194, strand=-, pfam-id=PF13443.10, length=54, aa-start=12, aa-stop=64, aa-cov=0.3, hmm-cov=1.0, evalue=8.7e-11, bitscore=36.7, name=HTH_26
12:10:31.716 - INFO - CDS - pfam detected: contig=contig_4, start=1254014, stop=1254484, strand=+, pfam-id=PF13463.10, length=67, aa-start=38, aa-stop=103, aa-cov=0.4, hmm-cov=1.0, evalue=2.2e-08, bitscore=29.1, name=HTH_27
12:10:31.716 - INFO - CDS - pfam detected: contig=contig_2, start=568759, stop=569217, strand=+, pfam-id=PF13463.10, length=64, aa-start=40, aa-stop=99, aa-cov=0.4, hmm-cov=1.0, evalue=8.3e-08, bitscore=27.2, name=HTH_27
12:10:31.716 - INFO - CDS - pfam detected: contig=contig_4, start=365755, stop=366318, strand=-, pfam-id=PF13518.10, length=28, aa-start=143, aa-stop=170, aa-cov=0.1, hmm-cov=1.0, evalue=1.1e-07, bitscore=26.6, name=HTH_28
12:10:31.717 - INFO - CDS - pfam detected: contig=contig_4, start=369977, stop=370264, strand=-, pfam-id=PF01381.26, length=55, aa-start=4, aa-stop=58, aa-cov=0.6, hmm-cov=1.0, evalue=1.1e-16, bitscore=55.4, name=HTH_3
12:10:31.717 - INFO - CDS - pfam detected: contig=contig_2, start=394610, stop=395194, strand=-, pfam-id=PF01381.26, length=55, aa-start=9, aa-stop=63, aa-cov=0.3, hmm-cov=1.0, evalue=2.9e-15, bitscore=50.8, name=HTH_3
12:10:31.717 - INFO - CDS - pfam detected: contig=contig_4, start=244339, stop=244770, strand=+, pfam-id=PF01381.26, length=54, aa-start=8, aa-stop=61, aa-cov=0.4, hmm-cov=1.0, evalue=5.0e-15, bitscore=50.1, name=HTH_3
12:10:31.717 - INFO - CDS - pfam detected: contig=contig_4, start=369546, stop=370004, strand=-, pfam-id=PF01381.26, length=44, aa-start=9, aa-stop=52, aa-cov=0.3, hmm-cov=1.0, evalue=5.0e-12, bitscore=40.5, name=HTH_3
12:10:31.717 - INFO - CDS - pfam detected: contig=contig_4, start=360843, stop=361205, strand=-, pfam-id=PF13556.10, length=40, aa-start=34, aa-stop=73, aa-cov=0.3, hmm-cov=1.0, evalue=6.3e-11, bitscore=36.7, name=HTH_30
12:10:31.717 - INFO - CDS - pfam detected: contig=contig_4, start=369977, stop=370264, strand=-, pfam-id=PF13560.10, length=58, aa-start=4, aa-stop=60, aa-cov=0.6, hmm-cov=1.0, evalue=2.8e-13, bitscore=44.8, name=HTH_31
12:10:31.717 - INFO - CDS - pfam detected: contig=contig_2, start=394610, stop=395194, strand=-, pfam-id=PF13560.10, length=57, aa-start=4, aa-stop=59, aa-cov=0.3, hmm-cov=1.0, evalue=3.3e-09, bitscore=31.7, name=HTH_31
12:10:31.718 - INFO - CDS - pfam detected: contig=contig_4, start=244339, stop=244770, strand=+, pfam-id=PF13560.10, length=51, aa-start=9, aa-stop=59, aa-cov=0.4, hmm-cov=1.0, evalue=1.4e-08, bitscore=29.7, name=HTH_31
12:10:31.720 - INFO - CDS - pfam detected: contig=contig_4, start=365755, stop=366318, strand=-, pfam-id=PF13936.10, length=25, aa-start=142, aa-stop=166, aa-cov=0.1, hmm-cov=1.0, evalue=1.1e-08, bitscore=29.5, name=HTH_38
12:10:31.722 - INFO - CDS - pfam detected: contig=contig_4, start=516375, stop=518048, strand=-, pfam-id=PF18024.5, length=41, aa-start=515, aa-stop=555, aa-cov=0.1, hmm-cov=1.0, evalue=1.4e-08, bitscore=29.1, name=HTH_50
12:10:31.726 - INFO - CDS - pfam detected: contig=contig_4, start=516375, stop=518048, strand=-, pfam-id=PF02796.19, length=32, aa-start=519, aa-stop=550, aa-cov=0.1, hmm-cov=1.0, evalue=7.9e-09, bitscore=30.3, name=HTH_7
12:10:31.726 - INFO - CDS - pfam detected: contig=contig_4, start=3291, stop=5297, strand=-, pfam-id=PF02954.23, length=42, aa-start=616, aa-stop=657, aa-cov=0.1, hmm-cov=1.0, evalue=4.0e-13, bitscore=43.7, name=HTH_8
12:10:31.726 - INFO - CDS - pfam detected: contig=contig_4, start=516375, stop=518048, strand=-, pfam-id=PF02954.23, length=41, aa-start=515, aa-stop=554, aa-cov=0.1, hmm-cov=1.0, evalue=1.2e-10, bitscore=35.8, name=HTH_8
12:10:31.728 - INFO - CDS - pfam detected: contig=contig_2, start=51979, stop=52755, strand=-, pfam-id=PF09339.14, length=47, aa-start=10, aa-stop=56, aa-cov=0.2, hmm-cov=1.0, evalue=3.1e-14, bitscore=47.3, name=HTH_IclR
12:10:31.728 - INFO - CDS - pfam detected: contig=contig_2, start=501862, stop=502653, strand=-, pfam-id=PF09339.14, length=48, aa-start=13, aa-stop=60, aa-cov=0.2, hmm-cov=1.0, evalue=2.3e-13, bitscore=44.5, name=HTH_IclR
12:10:31.763 - INFO - CDS - pfam detected: contig=contig_2, start=449784, stop=450485, strand=+, pfam-id=PF07826.15, length=210, aa-start=13, aa-stop=218, aa-cov=0.9, hmm-cov=0.9, evalue=1.1e-64, bitscore=212.3, name=IMP_cyclohyd
12:10:31.801 - INFO - CDS - pfam detected: contig=contig_4, start=851699, stop=852910, strand=-, pfam-id=PF00180.24, length=378, aa-start=7, aa-stop=377, aa-cov=0.9, hmm-cov=0.9, evalue=6.4e-55, bitscore=181.4, name=Iso_dh
12:10:31.833 - INFO - CDS - pfam detected: contig=contig_2, start=238827, stop=239870, strand=+, pfam-id=PF00356.25, length=47, aa-start=12, aa-stop=58, aa-cov=0.1, hmm-cov=1.0, evalue=1.1e-19, bitscore=64.8, name=LacI
12:10:31.834 - INFO - CDS - pfam detected: contig=contig_4, start=235871, stop=236593, strand=-, pfam-id=PF12706.11, length=181, aa-start=46, aa-stop=202, aa-cov=0.7, hmm-cov=0.9, evalue=4.6e-12, bitscore=40.7, name=Lactamase_B_2
12:10:31.839 - INFO - CDS - pfam detected: contig=contig_4, start=858169, stop=862449, strand=+, pfam-id=PF02210.28, length=78, aa-start=1001, aa-stop=1076, aa-cov=0.1, hmm-cov=0.9, evalue=1.0e-09, bitscore=33.7, name=Laminin_G_2
12:10:31.840 - INFO - CDS - pfam detected: contig=contig_4, start=858169, stop=862449, strand=+, pfam-id=PF13385.10, length=180, aa-start=910, aa-stop=1087, aa-cov=0.1, hmm-cov=0.8, evalue=2.5e-23, bitscore=77.7, name=Laminin_G_3
12:10:31.863 - INFO - CDS - pfam detected: contig=contig_4, start=234965, stop=235852, strand=-, pfam-id=PF14297.10, length=74, aa-start=11, aa-stop=84, aa-cov=0.3, hmm-cov=1.0, evalue=5.1e-14, bitscore=47.6, name=Lin1244_N
12:10:31.865 - INFO - CDS - pfam detected: contig=contig_2, start=548384, stop=548956, strand=-, pfam-id=PF13472.10, length=182, aa-start=5, aa-stop=174, aa-cov=0.9, hmm-cov=1.0, evalue=1.4e-20, bitscore=69.2, name=Lipase_GDSL_2
12:10:31.872 - INFO - CDS - pfam detected: contig=contig_4, start=57960, stop=58391, strand=-, pfam-id=PF01451.25, length=139, aa-start=6, aa-stop=123, aa-cov=0.8, hmm-cov=1.0, evalue=9.4e-16, bitscore=53.2, name=LMWPc
12:10:31.895 - INFO - CDS - pfam detected: contig=contig_2, start=1014735, stop=1016171, strand=+, pfam-id=PF00206.24, length=219, aa-start=91, aa-stop=305, aa-cov=0.4, hmm-cov=1.0, evalue=2.0e-23, bitscore=78.0, name=Lyase_1
12:10:31.918 - INFO - CDS - pfam detected: contig=contig_2, start=568759, stop=569217, strand=+, pfam-id=PF01047.26, length=52, aa-start=39, aa-stop=88, aa-cov=0.3, hmm-cov=1.0, evalue=6.2e-12, bitscore=40.0, name=MarR
12:10:31.919 - INFO - CDS - pfam detected: contig=contig_4, start=1254014, stop=1254484, strand=+, pfam-id=PF01047.26, length=58, aa-start=38, aa-stop=95, aa-cov=0.4, hmm-cov=1.0, evalue=2.3e-11, bitscore=38.2, name=MarR
12:10:31.952 - INFO - CDS - pfam detected: contig=contig_2, start=634168, stop=634650, strand=-, pfam-id=PF00149.32, length=137, aa-start=27, aa-stop=152, aa-cov=0.8, hmm-cov=0.9, evalue=6.4e-09, bitscore=31.2, name=Metallophos
12:10:31.958 - INFO - CDS - pfam detected: contig=contig_2, start=506567, stop=507319, strand=+, pfam-id=PF08241.16, length=100, aa-start=42, aa-stop=140, aa-cov=0.4, hmm-cov=0.9, evalue=4.6e-15, bitscore=50.8, name=Methyltransf_11
12:10:31.959 - INFO - CDS - pfam detected: contig=contig_2, start=506567, stop=507319, strand=+, pfam-id=PF08242.16, length=102, aa-start=42, aa-stop=138, aa-cov=0.4, hmm-cov=1.0, evalue=8.1e-13, bitscore=43.7, name=Methyltransf_12
12:10:31.959 - INFO - CDS - pfam detected: contig=contig_2, start=506567, stop=507319, strand=+, pfam-id=PF13489.10, length=131, aa-start=22, aa-stop=146, aa-cov=0.5, hmm-cov=0.9, evalue=2.9e-13, bitscore=44.5, name=Methyltransf_23
12:10:31.960 - INFO - CDS - pfam detected: contig=contig_2, start=506567, stop=507319, strand=+, pfam-id=PF13649.10, length=99, aa-start=41, aa-stop=136, aa-cov=0.4, hmm-cov=1.0, evalue=2.0e-20, bitscore=68.1, name=Methyltransf_25
12:10:31.961 - INFO - CDS - pfam detected: contig=contig_2, start=506567, stop=507319, strand=+, pfam-id=PF13847.10, length=115, aa-start=40, aa-stop=143, aa-cov=0.4, hmm-cov=0.9, evalue=6.2e-12, bitscore=40.2, name=Methyltransf_31
12:10:31.968 - INFO - CDS - pfam detected: contig=contig_4, start=3291, stop=5297, strand=-, pfam-id=PF01078.25, length=38, aa-start=343, aa-stop=380, aa-cov=0.1, hmm-cov=0.9, evalue=2.3e-08, bitscore=28.4, name=Mg_chelatase
12:10:31.988 - INFO - CDS - pfam detected: contig=contig_4, start=902352, stop=903497, strand=+, pfam-id=PF00994.28, length=152, aa-start=162, aa-stop=301, aa-cov=0.4, hmm-cov=0.9, evalue=8.8e-26, bitscore=85.1, name=MoCF_biosynth
12:10:32.002 - INFO - CDS - pfam detected: contig=contig_4, start=1143068, stop=1144270, strand=+, pfam-id=PF13378.10, length=233, aa-start=150, aa-stop=379, aa-cov=0.6, hmm-cov=0.9, evalue=5.7e-54, bitscore=177.8, name=MR_MLE_C
12:10:32.002 - INFO - CDS - pfam detected: contig=contig_4, start=1143068, stop=1144270, strand=+, pfam-id=PF02746.20, length=95, aa-start=24, aa-stop=118, aa-cov=0.2, hmm-cov=0.9, evalue=8.4e-17, bitscore=56.2, name=MR_MLE_N
12:10:32.068 - INFO - CDS - pfam detected: contig=contig_4, start=937498, stop=938517, strand=-, pfam-id=PF03102.18, length=181, aa-start=158, aa-stop=335, aa-cov=0.5, hmm-cov=0.9, evalue=1.0e-08, bitscore=29.7, name=NeuB
12:10:32.104 - INFO - CDS - pfam detected: contig=contig_4, start=1086412, stop=1086990, strand=+, pfam-id=PF12804.11, length=158, aa-start=8, aa-stop=165, aa-cov=0.8, hmm-cov=1.0, evalue=2.3e-39, bitscore=129.8, name=NTP_transf_3
12:10:32.169 - INFO - CDS - pfam detected: contig=contig_4, start=873458, stop=877375, strand=+, pfam-id=PF00989.29, length=95, aa-start=278, aa-stop=369, aa-cov=0.1, hmm-cov=0.9, evalue=1.1e-16, bitscore=55.6, name=PAS
12:10:32.169 - INFO - CDS - pfam detected: contig=contig_2, start=540685, stop=544287, strand=-, pfam-id=PF00989.29, length=101, aa-start=168, aa-stop=264, aa-cov=0.1, hmm-cov=0.9, evalue=3.5e-09, bitscore=31.4, name=PAS
12:10:32.171 - INFO - CDS - pfam detected: contig=contig_2, start=540685, stop=544287, strand=-, pfam-id=PF08447.16, length=86, aa-start=175, aa-stop=259, aa-cov=0.1, hmm-cov=1.0, evalue=3.2e-30, bitscore=99.0, name=PAS_3
12:10:32.171 - INFO - CDS - pfam detected: contig=contig_4, start=873458, stop=877375, strand=+, pfam-id=PF08447.16, length=86, aa-start=278, aa-stop=363, aa-cov=0.1, hmm-cov=1.0, evalue=9.9e-29, bitscore=94.3, name=PAS_3
12:10:32.171 - INFO - CDS - pfam detected: contig=contig_2, start=849896, stop=853786, strand=+, pfam-id=PF08447.16, length=83, aa-start=144, aa-stop=225, aa-cov=0.1, hmm-cov=1.0, evalue=8.3e-14, bitscore=46.4, name=PAS_3
12:10:32.172 - INFO - CDS - pfam detected: contig=contig_4, start=873458, stop=877375, strand=+, pfam-id=PF08448.14, length=65, aa-start=439, aa-stop=503, aa-cov=0.0, hmm-cov=1.0, evalue=9.5e-15, bitscore=49.6, name=PAS_4
12:10:32.172 - INFO - CDS - pfam detected: contig=contig_2, start=849896, stop=853786, strand=+, pfam-id=PF08448.14, length=69, aa-start=426, aa-stop=494, aa-cov=0.1, hmm-cov=1.0, evalue=3.4e-10, bitscore=34.9, name=PAS_4
12:10:32.172 - INFO - CDS - pfam detected: contig=contig_2, start=540685, stop=544287, strand=-, pfam-id=PF08448.14, length=111, aa-start=289, aa-stop=398, aa-cov=0.1, hmm-cov=0.9, evalue=1.2e-07, bitscore=26.6, name=PAS_4
12:10:32.172 - INFO - CDS - pfam detected: contig=contig_4, start=3291, stop=5297, strand=-, pfam-id=PF08448.14, length=44, aa-start=226, aa-stop=269, aa-cov=0.1, hmm-cov=1.0, evalue=2.8e-07, bitscore=25.5, name=PAS_4
12:10:32.172 - INFO - CDS - pfam detected: contig=contig_4, start=873458, stop=877375, strand=+, pfam-id=PF13188.11, length=50, aa-start=134, aa-stop=183, aa-cov=0.0, hmm-cov=0.9, evalue=2.9e-08, bitscore=28.2, name=PAS_8
12:10:32.173 - INFO - CDS - pfam detected: contig=contig_4, start=873458, stop=877375, strand=+, pfam-id=PF13426.11, length=97, aa-start=151, aa-stop=239, aa-cov=0.1, hmm-cov=1.0, evalue=9.8e-23, bitscore=75.2, name=PAS_9
12:10:32.173 - INFO - CDS - pfam detected: contig=contig_2, start=540685, stop=544287, strand=-, pfam-id=PF13426.11, length=103, aa-start=166, aa-stop=265, aa-cov=0.1, hmm-cov=0.9, evalue=5.9e-19, bitscore=63.0, name=PAS_9
12:10:32.173 - INFO - CDS - pfam detected: contig=contig_2, start=849896, stop=853786, strand=+, pfam-id=PF13426.11, length=98, aa-start=142, aa-stop=234, aa-cov=0.1, hmm-cov=0.9, evalue=2.4e-12, bitscore=41.8, name=PAS_9
12:10:32.226 - INFO - CDS - pfam detected: contig=contig_4, start=1008890, stop=1011523, strand=-, pfam-id=PF00391.27, length=82, aa-start=423, aa-stop=504, aa-cov=0.1, hmm-cov=0.9, evalue=7.2e-25, bitscore=81.3, name=PEP-utilizers
12:10:32.226 - INFO - CDS - pfam detected: contig=contig_4, start=1008890, stop=1011523, strand=-, pfam-id=PF02896.22, length=354, aa-start=520, aa-stop=870, aa-cov=0.4, hmm-cov=0.8, evalue=5.4e-83, bitscore=273.2, name=PEP-utilizers_C
12:10:32.239 - INFO - CDS - pfam detected: contig=contig_2, start=467647, stop=470274, strand=+, pfam-id=PF05569.15, length=314, aa-start=8, aa-stop=302, aa-cov=0.3, hmm-cov=0.9, evalue=1.5e-36, bitscore=120.7, name=Peptidase_M56
12:10:32.243 - INFO - CDS - pfam detected: contig=contig_2, start=102208, stop=104709, strand=+, pfam-id=PF00326.25, length=213, aa-start=273, aa-stop=475, aa-cov=0.2, hmm-cov=0.9, evalue=6.4e-14, bitscore=46.6, name=Peptidase_S9
12:10:32.247 - INFO - CDS - pfam detected: contig=contig_2, start=238827, stop=239870, strand=+, pfam-id=PF00532.25, length=148, aa-start=72, aa-stop=217, aa-cov=0.4, hmm-cov=1.0, evalue=1.0e-19, bitscore=65.7, name=Peripla_BP_1
12:10:32.248 - INFO - CDS - pfam detected: contig=contig_2, start=238827, stop=239870, strand=+, pfam-id=PF13377.10, length=174, aa-start=179, aa-stop=344, aa-cov=0.5, hmm-cov=1.0, evalue=1.5e-19, bitscore=65.5, name=Peripla_BP_3
12:10:32.256 - INFO - CDS - pfam detected: contig=contig_2, start=248305, stop=249264, strand=+, pfam-id=PF00294.28, length=301, aa-start=11, aa-stop=303, aa-cov=0.9, hmm-cov=1.0, evalue=6.0e-64, bitscore=210.9, name=PfkB
12:10:32.340 - INFO - CDS - pfam detected: contig=contig_4, start=435995, stop=436225, strand=+, pfam-id=PF00550.29, length=67, aa-start=4, aa-stop=68, aa-cov=0.9, hmm-cov=1.0, evalue=3.2e-13, bitscore=44.5, name=PP-binding
12:10:32.420 - INFO - CDS - pfam detected: contig=contig_1, start=33326, stop=33868, strand=-, pfam-id=PF08534.14, length=137, aa-start=32, aa-stop=158, aa-cov=0.7, hmm-cov=0.9, evalue=3.1e-10, bitscore=34.8, name=Redoxin
12:10:32.428 - INFO - CDS - pfam detected: contig=contig_4, start=873458, stop=877375, strand=+, pfam-id=PF00072.28, length=117, aa-start=1180, aa-stop=1296, aa-cov=0.1, hmm-cov=0.9, evalue=1.1e-49, bitscore=162.0, name=Response_reg
12:10:32.429 - INFO - CDS - pfam detected: contig=contig_2, start=849896, stop=853786, strand=+, pfam-id=PF00072.28, length=117, aa-start=1174, aa-stop=1290, aa-cov=0.1, hmm-cov=0.9, evalue=1.1e-44, bitscore=145.9, name=Response_reg
12:10:32.429 - INFO - CDS - pfam detected: contig=contig_4, start=741083, stop=743347, strand=+, pfam-id=PF00072.28, length=112, aa-start=201, aa-stop=311, aa-cov=0.1, hmm-cov=1.0, evalue=8.7e-25, bitscore=81.8, name=Response_reg
12:10:32.429 - INFO - CDS - pfam detected: contig=contig_2, start=540685, stop=544287, strand=-, pfam-id=PF00072.28, length=117, aa-start=1071, aa-stop=1187, aa-cov=0.1, hmm-cov=0.9, evalue=4.6e-24, bitscore=79.5, name=Response_reg
12:10:32.429 - INFO - CDS - pfam detected: contig=contig_4, start=1027682, stop=1028371, strand=-, pfam-id=PF00072.28, length=112, aa-start=6, aa-stop=117, aa-cov=0.5, hmm-cov=1.0, evalue=1.2e-23, bitscore=78.2, name=Response_reg
12:10:32.429 - INFO - CDS - pfam detected: contig=contig_2, start=396409, stop=397146, strand=-, pfam-id=PF00072.28, length=81, aa-start=117, aa-stop=197, aa-cov=0.3, hmm-cov=0.9, evalue=2.2e-13, bitscore=45.1, name=Response_reg
12:10:32.450 - INFO - CDS - pfam detected: contig=contig_4, start=723401, stop=723985, strand=-, pfam-id=PF01386.23, length=87, aa-start=4, aa-stop=89, aa-cov=0.4, hmm-cov=0.9, evalue=2.1e-17, bitscore=58.1, name=Ribosomal_L25p
12:10:32.459 - INFO - CDS - pfam detected: contig=contig_4, start=921546, stop=921947, strand=-, pfam-id=PF00410.23, length=129, aa-start=5, aa-stop=133, aa-cov=1.0, hmm-cov=1.0, evalue=1.4e-54, bitscore=178.2, name=Ribosomal_S8
12:10:32.462 - INFO - CDS - pfam detected: contig=contig_4, start=723401, stop=723985, strand=-, pfam-id=PF14693.10, length=66, aa-start=111, aa-stop=176, aa-cov=0.3, hmm-cov=1.0, evalue=1.4e-10, bitscore=36.2, name=Ribosomal_TL5_C
12:10:32.519 - INFO - CDS - pfam detected: contig=contig_2, start=964373, stop=965125, strand=+, pfam-id=PF10370.13, length=50, aa-start=1, aa-stop=50, aa-cov=0.2, hmm-cov=1.0, evalue=1.7e-12, bitscore=42.8, name=Rv2993c-like_N
12:10:32.519 - INFO - CDS - pfam detected: contig=contig_2, start=55576, stop=56448, strand=+, pfam-id=PF10370.13, length=74, aa-start=1, aa-stop=73, aa-cov=0.3, hmm-cov=0.7, evalue=6.5e-07, bitscore=24.9, name=Rv2993c-like_N
12:10:32.530 - INFO - CDS - pfam detected: contig=contig_2, start=54091, stop=54378, strand=+, pfam-id=PF08666.16, length=76, aa-start=11, aa-stop=85, aa-cov=0.8, hmm-cov=0.8, evalue=5.6e-12, bitscore=40.8, name=SAF
12:10:32.566 - INFO - CDS - pfam detected: contig=contig_4, start=439787, stop=441646, strand=-, pfam-id=PF09106.15, length=29, aa-start=440, aa-stop=468, aa-cov=0.0, hmm-cov=1.0, evalue=2.2e-08, bitscore=28.9, name=SelB-wing_2
12:10:32.566 - INFO - CDS - pfam detected: contig=contig_4, start=439787, stop=441646, strand=-, pfam-id=PF09107.15, length=45, aa-start=571, aa-stop=615, aa-cov=0.1, hmm-cov=1.0, evalue=3.0e-16, bitscore=53.5, name=SelB-wing_3
12:10:32.570 - INFO - CDS - pfam detected: contig=contig_4, start=969625, stop=970818, strand=+, pfam-id=PF00079.24, length=363, aa-start=59, aa-stop=394, aa-cov=0.8, hmm-cov=1.0, evalue=3.6e-57, bitscore=188.9, name=Serpin
12:10:32.589 - INFO - CDS - pfam detected: contig=contig_4, start=1067407, stop=1067691, strand=+, pfam-id=PF09851.13, length=28, aa-start=63, aa-stop=90, aa-cov=0.3, hmm-cov=1.0, evalue=5.6e-08, bitscore=27.1, name=SHOCT
12:10:32.599 - INFO - CDS - pfam detected: contig=contig_4, start=3291, stop=5297, strand=-, pfam-id=PF00158.30, length=168, aa-start=337, aa-stop=504, aa-cov=0.3, hmm-cov=1.0, evalue=3.9e-72, bitscore=236.1, name=Sigma54_activat
12:10:32.599 - INFO - CDS - pfam detected: contig=contig_4, start=516375, stop=518048, strand=-, pfam-id=PF00158.30, length=158, aa-start=283, aa-stop=426, aa-cov=0.3, hmm-cov=1.0, evalue=4.5e-24, bitscore=79.7, name=Sigma54_activat
12:10:32.600 - INFO - CDS - pfam detected: contig=contig_4, start=3291, stop=5297, strand=-, pfam-id=PF14532.10, length=158, aa-start=352, aa-stop=509, aa-cov=0.2, hmm-cov=0.8, evalue=1.4e-21, bitscore=71.9, name=Sigma54_activ_2
12:10:32.600 - INFO - CDS - pfam detected: contig=contig_4, start=516375, stop=518048, strand=-, pfam-id=PF14532.10, length=143, aa-start=290, aa-stop=431, aa-cov=0.3, hmm-cov=0.9, evalue=5.0e-15, bitscore=50.7, name=Sigma54_activ_2
12:10:32.601 - INFO - CDS - pfam detected: contig=contig_4, start=1184832, stop=1185068, strand=-, pfam-id=PF04542.18, length=41, aa-start=22, aa-stop=62, aa-cov=0.5, hmm-cov=1.0, evalue=3.2e-09, bitscore=31.3, name=Sigma70_r2
12:10:32.603 - INFO - CDS - pfam detected: contig=contig_4, start=1184518, stop=1184832, strand=-, pfam-id=PF08281.16, length=50, aa-start=38, aa-stop=87, aa-cov=0.5, hmm-cov=1.0, evalue=1.7e-08, bitscore=28.8, name=Sigma70_r4_2
12:10:32.615 - INFO - CDS - pfam detected: contig=contig_2, start=632799, stop=633515, strand=-, pfam-id=PF00395.24, length=43, aa-start=121, aa-stop=162, aa-cov=0.2, hmm-cov=1.0, evalue=4.1e-28, bitscore=91.9, name=SLH
12:10:32.615 - INFO - CDS - pfam detected: contig=contig_4, start=207055, stop=210408, strand=+, pfam-id=PF00395.24, length=45, aa-start=146, aa-stop=189, aa-cov=0.0, hmm-cov=1.0, evalue=2.9e-26, bitscore=86.0, name=SLH
12:10:32.615 - INFO - CDS - pfam detected: contig=contig_4, start=904701, stop=907463, strand=+, pfam-id=PF00395.24, length=44, aa-start=29, aa-stop=71, aa-cov=0.0, hmm-cov=1.0, evalue=1.1e-23, bitscore=77.6, name=SLH
12:10:32.616 - INFO - CDS - pfam detected: contig=contig_4, start=908831, stop=911824, strand=-, pfam-id=PF00395.24, length=44, aa-start=94, aa-stop=135, aa-cov=0.0, hmm-cov=1.0, evalue=1.6e-23, bitscore=77.2, name=SLH
12:10:32.616 - INFO - CDS - pfam detected: contig=contig_4, start=858169, stop=862449, strand=+, pfam-id=PF00395.24, length=43, aa-start=1315, aa-stop=1356, aa-cov=0.0, hmm-cov=1.0, evalue=9.4e-20, bitscore=65.1, name=SLH
12:10:32.616 - INFO - CDS - pfam detected: contig=contig_2, start=102208, stop=104709, strand=+, pfam-id=PF00395.24, length=33, aa-start=33, aa-stop=64, aa-cov=0.0, hmm-cov=1.0, evalue=1.3e-16, bitscore=55.1, name=SLH
12:10:32.616 - INFO - CDS - pfam detected: contig=contig_2, start=15291, stop=15530, strand=+, pfam-id=PF00395.24, length=44, aa-start=21, aa-stop=63, aa-cov=0.5, hmm-cov=1.0, evalue=7.4e-10, bitscore=33.4, name=SLH
12:10:32.616 - INFO - CDS - pfam detected: contig=contig_4, start=1134368, stop=1136503, strand=-, pfam-id=PF00395.24, length=42, aa-start=659, aa-stop=700, aa-cov=0.1, hmm-cov=1.0, evalue=6.6e-09, bitscore=30.4, name=SLH
12:10:32.619 - INFO - CDS - pfam detected: contig=contig_4, start=239742, stop=240269, strand=-, pfam-id=PF01464.24, length=98, aa-start=81, aa-stop=166, aa-cov=0.5, hmm-cov=1.0, evalue=4.6e-19, bitscore=62.9, name=SLT
12:10:32.628 - INFO - CDS - pfam detected: contig=contig_2, start=540685, stop=544287, strand=-, pfam-id=PF12680.11, length=105, aa-start=16, aa-stop=116, aa-cov=0.1, hmm-cov=0.9, evalue=6.6e-08, bitscore=27.9, name=SnoaL_2
12:10:32.628 - INFO - CDS - pfam detected: contig=contig_2, start=540685, stop=544287, strand=-, pfam-id=PF13474.10, length=120, aa-start=12, aa-stop=127, aa-cov=0.1, hmm-cov=1.0, evalue=1.8e-10, bitscore=35.9, name=SnoaL_3
12:10:32.639 - INFO - CDS - pfam detected: contig=contig_2, start=619376, stop=620569, strand=-, pfam-id=PF17802.5, length=62, aa-start=162, aa-stop=222, aa-cov=0.2, hmm-cov=1.0, evalue=4.7e-17, bitscore=56.6, name=SpaA
12:10:32.645 - INFO - CDS - pfam detected: contig=contig_4, start=1027682, stop=1028371, strand=-, pfam-id=PF08769.15, length=99, aa-start=130, aa-stop=222, aa-cov=0.4, hmm-cov=1.0, evalue=2.6e-12, bitscore=41.6, name=Spo0A_C
12:10:32.696 - INFO - CDS - pfam detected: contig=contig_2, start=367106, stop=368098, strand=+, pfam-id=PF00482.27, length=120, aa-start=17, aa-stop=134, aa-cov=0.4, hmm-cov=1.0, evalue=2.0e-36, bitscore=119.5, name=T2SSF
12:10:32.716 - INFO - CDS - pfam detected: contig=contig_4, start=953120, stop=953902, strand=+, pfam-id=PF01026.25, length=254, aa-start=4, aa-stop=254, aa-cov=1.0, hmm-cov=1.0, evalue=7.3e-78, bitscore=256.1, name=TatD_DNase
12:10:32.750 - INFO - CDS - pfam detected: contig=contig_2, start=632123, stop=632338, strand=+, pfam-id=PF00440.27, length=45, aa-start=14, aa-stop=58, aa-cov=0.6, hmm-cov=1.0, evalue=5.7e-13, bitscore=43.2, name=TetR_N
12:10:32.817 - INFO - CDS - pfam detected: contig=contig_4, start=38071, stop=39057, strand=-, pfam-id=PF04536.18, length=124, aa-start=33, aa-stop=156, aa-cov=0.4, hmm-cov=1.0, evalue=3.4e-32, bitscore=105.8, name=TPM_phosphatase
12:10:32.834 - INFO - CDS - pfam detected: contig=contig_2, start=880478, stop=881425, strand=+, pfam-id=PF02780.24, length=125, aa-start=183, aa-stop=303, aa-cov=0.4, hmm-cov=1.0, evalue=1.7e-39, bitscore=129.3, name=Transketolase_C
12:10:32.834 - INFO - CDS - pfam detected: contig=contig_2, start=880478, stop=881425, strand=+, pfam-id=PF02779.28, length=172, aa-start=4, aa-stop=168, aa-cov=0.5, hmm-cov=1.0, evalue=2.9e-47, bitscore=155.2, name=Transket_pyr
12:10:32.923 - INFO - CDS - pfam detected: contig=contig_2, start=999324, stop=999689, strand=+, pfam-id=PF09359.14, length=99, aa-start=18, aa-stop=114, aa-cov=0.8, hmm-cov=1.0, evalue=1.5e-12, bitscore=42.3, name=VTC
12:10:32.923 - INFO - CDS - pfam detected: contig=contig_2, start=998995, stop=999336, strand=+, pfam-id=PF09359.14, length=95, aa-start=12, aa-stop=101, aa-cov=0.8, hmm-cov=1.0, evalue=5.3e-11, bitscore=37.2, name=VTC
12:10:32.923 - INFO - CDS - pfam detected: contig=contig_2, start=26052, stop=29627, strand=+, pfam-id=PF00092.32, length=105, aa-start=502, aa-stop=604, aa-cov=0.1, hmm-cov=0.8, evalue=8.8e-10, bitscore=33.8, name=VWA
12:10:32.924 - INFO - CDS - pfam detected: contig=contig_2, start=26052, stop=29627, strand=+, pfam-id=PF13519.10, length=62, aa-start=498, aa-stop=558, aa-cov=0.1, hmm-cov=0.9, evalue=1.3e-13, bitscore=46.2, name=VWA_2
12:10:32.952 - INFO - CDS - pfam detected: contig=contig_2, start=865019, stop=865540, strand=+, pfam-id=PF14317.10, length=58, aa-start=100, aa-stop=156, aa-cov=0.3, hmm-cov=1.0, evalue=1.4e-10, bitscore=35.4, name=YcxB
12:10:32.971 - INFO - CDS - pfam detected: contig=contig_2, start=102208, stop=104709, strand=+, pfam-id=PF13350.10, length=227, aa-start=622, aa-stop=831, aa-cov=0.3, hmm-cov=1.0, evalue=6.7e-19, bitscore=63.5, name=Y_phosphatase3
12:10:32.974 - INFO - CDS - pfam detected: contig=contig_4, start=225283, stop=225450, strand=-, pfam-id=PF00096.30, length=24, aa-start=15, aa-stop=38, aa-cov=0.4, hmm-cov=1.0, evalue=3.2e-08, bitscore=28.5, name=zf-C2H2
12:10:32.986 - INFO - CDS - pfam detected: contig=contig_2, start=222732, stop=223523, strand=-, pfam-id=PF13490.10, length=35, aa-start=4, aa-stop=38, aa-cov=0.1, hmm-cov=1.0, evalue=2.3e-15, bitscore=51.2, name=zf-HC2
12:10:32.986 - INFO - CDS - pfam detected: contig=contig_4, start=506322, stop=506702, strand=+, pfam-id=PF06262.15, length=54, aa-start=58, aa-stop=111, aa-cov=0.4, hmm-cov=0.9, evalue=2.0e-06, bitscore=22.5, name=Zincin_1
12:10:32.986 - INFO - CDS - pfam detected: contig=contig_2, start=390521, stop=390856, strand=-, pfam-id=PF13408.10, length=67, aa-start=38, aa-stop=104, aa-cov=0.6, hmm-cov=0.8, evalue=1.0e-10, bitscore=36.7, name=Zn_ribbon_recom
12:10:32.991 - INFO - CDS - predicted-pfams=218, CDS-w/-pfams=116
12:10:34.908 - INFO - S_ORF - predicted=24000
12:10:36.163 - INFO - S_ORF - sORF filter: # valid=3641, # discarded=20359
12:10:36.259 - INFO - ORF - discarded=0
12:11:43.580 - INFO - UPS - looked-up=0
12:11:43.584 - INFO - IPS - looked-up=0
12:11:43.584 - INFO - ORF - write internal aa seqs: # seqs=3641, path=/tmp/slurm-639422/tmpfnctm3tp/sorf.faa
12:11:43.815 - INFO - S_ORF - found=0
12:11:43.816 - INFO - PSC - looked-up=0
12:11:43.816 - INFO - PSCC - looked-up=0
12:11:45.115 - INFO - ORI - predicted=0
12:11:45.520 - INFO - ORI - predicted=0
12:11:45.521 - INFO - ANNOTATION - overlap: CDS (None/hypothetical protein) [31275, 31829] overlapping tRNA (trnfM) [31808, 31884], [31808,31829], contig=contig_2
12:11:45.525 - INFO - ANNOTATION - overlap: tRNA (tRNA-Xxx) [722036, 722220] overlapping with tmRNA (transfer-messenger RNA, SsrA) [721875, 722220] at [722036,722220] on contig=contig_4
12:11:45.533 - INFO - UTILS - generated sequence tag prefix: prefix=AMJKIGFCMH, length=10, MD5=A63420FC61C9D34F1D69292B3316AC69
12:11:45.535 - INFO - MAIN - selected features=2618
12:11:45.539 - INFO - UTILS - generated sequence tag prefix: prefix=AMJKIG, length=6, MD5=A63420FC61C9D34F1D69292B3316AC69
12:11:45.539 - INFO - MAIN - locus tag prefix=AMJKIG
12:11:45.542 - INFO - UTILS - genome-size=2598449
12:11:45.558 - INFO - UTILS - GC=0.596
12:11:45.558 - INFO - UTILS - N=0.000
12:11:45.558 - INFO - UTILS - N50=1329062
12:11:45.559 - INFO - UTILS - coding-ratio=0.893
12:11:45.561 - INFO - TSV - write tsv: path=/mount/britton/Jose/Jobs/Jason/2025-12-15-In-silico-filtering-last-effort-in-closing-genome-bash-run/workflow-output/bakta/clean_assembly.tsv
12:11:45.587 - INFO - GFF - write GFF3: path=/mount/britton/Jose/Jobs/Jason/2025-12-15-In-silico-filtering-last-effort-in-closing-genome-bash-run/workflow-output/bakta/clean_assembly.gff3
12:11:45.659 - INFO - INSDC - write GenBank: path=/mount/britton/Jose/Jobs/Jason/2025-12-15-In-silico-filtering-last-effort-in-closing-genome-bash-run/workflow-output/bakta/clean_assembly.gbff
12:11:45.864 - INFO - INSDC - write EMBL: path=/mount/britton/Jose/Jobs/Jason/2025-12-15-In-silico-filtering-last-effort-in-closing-genome-bash-run/workflow-output/bakta/clean_assembly.embl
12:11:46.114 - INFO - FASTA - write genome sequences: path=/mount/britton/Jose/Jobs/Jason/2025-12-15-In-silico-filtering-last-effort-in-closing-genome-bash-run/workflow-output/bakta/clean_assembly.fna, description=True, wrap=True
12:11:46.148 - INFO - FASTA - write feature nucleotide sequences: path=/mount/britton/Jose/Jobs/Jason/2025-12-15-In-silico-filtering-last-effort-in-closing-genome-bash-run/workflow-output/bakta/clean_assembly.ffn
12:11:46.164 - INFO - FASTA - write translated CDS/sORF: path=/mount/britton/Jose/Jobs/Jason/2025-12-15-In-silico-filtering-last-effort-in-closing-genome-bash-run/workflow-output/bakta/clean_assembly.faa
12:11:46.442 - INFO - PLOT - write circular genome plot: file-name=clean_assembly, output-dir=/mount/britton/Jose/Jobs/Jason/2025-12-15-In-silico-filtering-last-effort-in-closing-genome-bash-run/workflow-output/bakta
12:11:59.062 - INFO - TSV - write hypothetical tsv: path=/mount/britton/Jose/Jobs/Jason/2025-12-15-In-silico-filtering-last-effort-in-closing-genome-bash-run/workflow-output/bakta/clean_assembly.hypotheticals.tsv
12:11:59.073 - INFO - FASTA - write translated CDS/sORF: path=/mount/britton/Jose/Jobs/Jason/2025-12-15-In-silico-filtering-last-effort-in-closing-genome-bash-run/workflow-output/bakta/clean_assembly.hypotheticals.faa
12:11:59.091 - INFO - JSON - write JSON: path=/mount/britton/Jose/Jobs/Jason/2025-12-15-In-silico-filtering-last-effort-in-closing-genome-bash-run/workflow-output/bakta/clean_assembly.json
12:11:59.261 - INFO - MAIN - removed tmp dir: /tmp/slurm-639422/tmpfnctm3tp
